#pool	name	limit	peak_reserved	refusals	events_dropped
pool	fair	134217728	120776397	3514	1361
#class	class	consumers	can_spill	w_sum_of_peaks	w_largest_peak	w_class_peak	refusals	refused_bytes	w_refusals_then_release	w_consumers_ending_refused
class	DataFusion-Cli	1	0	5575	5575	5575	0	0	0	0
class	OrderedFinalAggregateStream	2	2	115949568	57974784	90059169	24	116865724	24	0
class	OrderedPartialAggregateStream	1196	1196	159963241	821026	2917575	941	301205363	4	4
class	RepartitionExec	2	2	4618331	2439821	4548613	2549	154499197	19	0
class	RepartitionExec[Merge]	2	0	104307183	52267999	104148883	0	0	0	0
class	SortPreservingMergeExec	1	0	13978934	13978934	13978934	0	0	0	0
#event	micros	kind	consumer	can_spill	bytes	w_held	reserved	w_registered_spillable	w_registered_unspillable	w_unspillable_bytes	w_fair_quota	w_top_classes
event	44207	refusal	OrderedPartialAggregateStream[8]	1	500072	0	0	1200	4	0	111848	
event	44321	refusal	OrderedPartialAggregateStream[25]	1	475601	0	0	1200	4	0	111848	
event	44337	refusal	OrderedPartialAggregateStream[44]	1	505679	0	0	1200	4	0	111848	
event	44370	refusal	OrderedPartialAggregateStream[8]	1	131272	0	0	1200	4	0	111848	
event	44399	refusal	OrderedPartialAggregateStream[147]	1	441977	0	824	1200	4	0	111848	OrderedPartialAggregateStream=824
event	44450	refusal	RepartitionExec[0]	1	113031	0	824	1200	4	0	111848	OrderedPartialAggregateStream=824
event	44464	refusal	OrderedPartialAggregateStream[25]	1	131272	0	824	1200	4	0	111848	OrderedPartialAggregateStream=824
event	44486	refusal	OrderedPartialAggregateStream[3]	1	469094	0	1648	1200	4	0	111848	OrderedPartialAggregateStream=824
event	44507	refusal	OrderedPartialAggregateStream[44]	1	131272	0	1648	1200	4	0	111848	OrderedPartialAggregateStream=1648
event	44532	refusal	OrderedPartialAggregateStream[147]	1	131272	0	106177	1200	4	0	111848	RepartitionExec=103705;OrderedPartialAggregateStream=2472
event	44546	refusal	RepartitionExec[0]	1	115165	103705	107001	1200	4	0	111848	RepartitionExec=103705;OrderedPartialAggregateStream=2472
event	44573	refusal	OrderedPartialAggregateStream[12]	1	1092014	0	107001	1200	4	0	111848	RepartitionExec=103705;OrderedPartialAggregateStream=3296
event	44583	refusal	RepartitionExec[0]	1	91007	103705	107001	1200	4	0	111848	RepartitionExec=103705;OrderedPartialAggregateStream=3296
event	44615	refusal	OrderedPartialAggregateStream[3]	1	131272	0	210706	1200	4	0	111848	RepartitionExec=103705;OrderedPartialAggregateStream=3296
event	44646	refusal	OrderedPartialAggregateStream[20]	1	538717	0	211530	1200	4	0	111848	RepartitionExec=207410;OrderedPartialAggregateStream=4120
event	44673	refusal	RepartitionExec[0]	1	101232	103705	211530	1200	4	0	111848	RepartitionExec=207410;OrderedPartialAggregateStream=4120
event	44705	refusal	OrderedPartialAggregateStream[30]	1	501125	0	211530	1200	4	0	111848	RepartitionExec=207410;OrderedPartialAggregateStream=4120
event	44875	refusal	OrderedPartialAggregateStream[20]	1	131272	0	211530	1200	4	0	111848	RepartitionExec=207410;OrderedPartialAggregateStream=4120
event	44888	refusal	OrderedPartialAggregateStream[12]	1	260680	0	212354	1200	4	0	111848	RepartitionExec=207410;OrderedPartialAggregateStream=4944
event	44895	refusal	OrderedPartialAggregateStream[30]	1	131272	0	213178	1200	4	0	111848	RepartitionExec=207410;OrderedPartialAggregateStream=5768
event	44923	refusal	RepartitionExec[0]	1	122245	103705	214002	1200	4	0	111848	RepartitionExec=207410;OrderedPartialAggregateStream=6592
event	44942	refusal	RepartitionExec[0]	1	249183	103705	214002	1200	4	0	111848	RepartitionExec=207410;OrderedPartialAggregateStream=6592
event	45023	refusal	RepartitionExec[0]	1	113367	103705	214002	1200	4	0	111848	RepartitionExec=207410;OrderedPartialAggregateStream=6592
event	47745	refusal	OrderedPartialAggregateStream[139]	1	415607	0	214002	1200	4	0	111848	RepartitionExec=207410;OrderedPartialAggregateStream=6592
event	47898	refusal	OrderedPartialAggregateStream[139]	1	131272	0	214002	1200	4	0	111848	RepartitionExec=207410;OrderedPartialAggregateStream=6592
event	47943	refusal	RepartitionExec[0]	1	81003	103705	214826	1200	4	0	111848	RepartitionExec=207410;OrderedPartialAggregateStream=7416
event	48037	refusal	OrderedPartialAggregateStream[156]	1	453317	0	214826	1200	4	0	111848	RepartitionExec=207410;OrderedPartialAggregateStream=7416
event	48159	refusal	OrderedPartialAggregateStream[156]	1	131272	0	214826	1200	4	0	111848	RepartitionExec=207410;OrderedPartialAggregateStream=7416
event	48197	refusal	RepartitionExec[0]	1	95275	103705	215650	1200	4	0	111848	RepartitionExec=207410;OrderedPartialAggregateStream=8240
event	48938	refusal	OrderedPartialAggregateStream[74]	1	838387	0	215650	1200	4	0	111848	RepartitionExec=207410;OrderedPartialAggregateStream=8240
event	49117	refusal	OrderedPartialAggregateStream[74]	1	260552	0	215650	1200	4	0	111848	RepartitionExec=207410;OrderedPartialAggregateStream=8240
event	49161	refusal	RepartitionExec[0]	1	164002	103705	216474	1200	4	0	111848	RepartitionExec=207410;OrderedPartialAggregateStream=9064
event	53685	refusal	OrderedPartialAggregateStream[183]	1	265979	0	216474	1200	4	0	111848	RepartitionExec=207410;OrderedPartialAggregateStream=9064
event	53800	refusal	RepartitionExec[0]	1	60238	103705	217298	1200	4	0	111848	RepartitionExec=207410;OrderedPartialAggregateStream=9888
event	56414	refusal	OrderedPartialAggregateStream[9]	1	466088	0	217298	1200	4	0	111848	RepartitionExec=207410;OrderedPartialAggregateStream=9888
event	56539	refusal	OrderedPartialAggregateStream[9]	1	131272	0	217298	1200	4	0	111848	RepartitionExec=207410;OrderedPartialAggregateStream=9888
event	56576	refusal	RepartitionExec[0]	1	100109	103705	218122	1200	4	0	111848	RepartitionExec=207410;OrderedPartialAggregateStream=10712
event	58534	refusal	OrderedPartialAggregateStream[471]	1	229255	0	218122	1200	4	0	111848	RepartitionExec=207410;OrderedPartialAggregateStream=10712
event	58640	refusal	RepartitionExec[0]	1	49002	103705	218946	1200	4	0	111848	RepartitionExec=207410;OrderedPartialAggregateStream=11536
event	59667	refusal	OrderedPartialAggregateStream[279]	1	249973	0	218946	1200	4	0	111848	RepartitionExec=207410;OrderedPartialAggregateStream=11536
event	59849	refusal	RepartitionExec[0]	1	56869	103705	219770	1200	4	0	111848	RepartitionExec=207410;OrderedPartialAggregateStream=12360
event	60740	refusal	OrderedPartialAggregateStream[77]	1	825598	0	219770	1200	4	0	111848	RepartitionExec=207410;OrderedPartialAggregateStream=12360
event	60937	refusal	OrderedPartialAggregateStream[77]	1	260552	0	219770	1200	4	0	111848	RepartitionExec=207410;OrderedPartialAggregateStream=12360
event	60984	refusal	RepartitionExec[0]	1	159168	103705	220594	1200	4	0	111848	RepartitionExec=207410;OrderedPartialAggregateStream=13184
event	72018	refusal	RepartitionExec[1]	1	113031	103705	219770	1199	4	0	111941	RepartitionExec=207410;OrderedPartialAggregateStream=12360
event	72556	refusal	OrderedPartialAggregateStream[31]	1	791029	0	219770	1199	4	0	111941	RepartitionExec=207410;OrderedPartialAggregateStream=12360
event	72722	refusal	OrderedPartialAggregateStream[31]	1	260552	0	219770	1199	4	0	111941	RepartitionExec=207410;OrderedPartialAggregateStream=12360
event	72774	refusal	RepartitionExec[0]	1	146022	103705	220594	1199	4	0	111941	RepartitionExec=207410;OrderedPartialAggregateStream=13184
event	85415	refusal	RepartitionExec[1]	1	115165	103705	220594	1199	4	0	111941	RepartitionExec=207410;OrderedPartialAggregateStream=13184
event	85565	refusal	RepartitionExec[1]	1	101232	103705	220594	1199	4	0	111941	RepartitionExec=207410;OrderedPartialAggregateStream=13184
event	85595	refusal	RepartitionExec[1]	1	91007	103705	220594	1199	4	0	111941	RepartitionExec=207410;OrderedPartialAggregateStream=13184
event	85866	refusal	RepartitionExec[1]	1	113367	103705	218122	1198	4	0	112034	RepartitionExec=207410;OrderedPartialAggregateStream=10712
event	85894	refusal	RepartitionExec[1]	1	249183	103705	218122	1196	4	0	112222	RepartitionExec=207410;OrderedPartialAggregateStream=10712
event	85999	refusal	RepartitionExec[1]	1	122245	103705	218122	1196	4	0	112222	RepartitionExec=207410;OrderedPartialAggregateStream=10712
event	86026	refusal	RepartitionExec[1]	1	60238	103705	218122	1196	4	0	112222	RepartitionExec=207410;OrderedPartialAggregateStream=10712
event	86056	refusal	RepartitionExec[1]	1	100109	103705	218122	1196	4	0	112222	RepartitionExec=207410;OrderedPartialAggregateStream=10712
event	86124	refusal	RepartitionExec[1]	1	56869	103705	218122	1196	4	0	112222	RepartitionExec=207410;OrderedPartialAggregateStream=10712
event	86199	refusal	RepartitionExec[1]	1	159168	103705	217298	1196	4	0	112222	RepartitionExec=207410;OrderedPartialAggregateStream=10712
event	86214	refusal	RepartitionExec[1]	1	146022	103705	216474	1194	4	0	112410	RepartitionExec=207410;OrderedPartialAggregateStream=9064
event	86324	refusal	RepartitionExec[1]	1	164002	103705	215650	1193	4	0	112504	RepartitionExec=207410;OrderedPartialAggregateStream=8240
event	86437	refusal	OrderedPartialAggregateStream[148]	1	403439	0	214826	1192	4	0	112598	RepartitionExec=207410;OrderedPartialAggregateStream=7416
event	86544	refusal	RepartitionExec[1]	1	95275	103705	212354	1191	4	0	112693	RepartitionExec=207410;OrderedPartialAggregateStream=5768
event	86828	refusal	OrderedPartialAggregateStream[148]	1	131272	0	210706	1190	4	0	112788	RepartitionExec=207410;OrderedPartialAggregateStream=4944
event	86920	refusal	RepartitionExec[1]	1	49002	103705	210706	1190	4	0	112788	RepartitionExec=207410;OrderedPartialAggregateStream=4944
event	86943	refusal	OrderedPartialAggregateStream[281]	1	249676	0	210706	1189	4	0	112882	RepartitionExec=207410;OrderedPartialAggregateStream=4120
event	86962	refusal	OrderedPartialAggregateStream[1]	1	542920	0	210706	1188	4	0	112977	RepartitionExec=207410;OrderedPartialAggregateStream=4944
event	87028	refusal	RepartitionExec[0]	1	76396	103705	211530	1188	4	0	112977	RepartitionExec=207410;OrderedPartialAggregateStream=5768
event	87058	refusal	OrderedPartialAggregateStream[10]	1	472505	0	210706	1187	4	0	113073	RepartitionExec=207410;OrderedPartialAggregateStream=4944
event	87066	refusal	OrderedPartialAggregateStream[15]	1	534298	0	210706	1187	4	0	113073	RepartitionExec=207410;OrderedPartialAggregateStream=4944
event	87312	refusal	OrderedPartialAggregateStream[50]	1	486221	0	210706	1187	4	0	113073	RepartitionExec=207410;OrderedPartialAggregateStream=4944
event	87334	refusal	OrderedPartialAggregateStream[1]	1	131272	0	210706	1187	4	0	113073	RepartitionExec=207410;OrderedPartialAggregateStream=4944
event	87355	refusal	RepartitionExec[1]	1	76396	103705	211530	1187	4	0	113073	RepartitionExec=207410;OrderedPartialAggregateStream=4944
event	87373	refusal	OrderedPartialAggregateStream[83]	1	415598	0	211530	1187	4	0	113073	RepartitionExec=207410;OrderedPartialAggregateStream=4944
event	87404	refusal	OrderedPartialAggregateStream[45]	1	909739	0	211530	1187	4	0	113073	RepartitionExec=207410;OrderedPartialAggregateStream=4944
event	87450	refusal	OrderedPartialAggregateStream[50]	1	131272	0	210706	1187	4	0	113073	RepartitionExec=207410;OrderedPartialAggregateStream=4944
event	87487	refusal	OrderedPartialAggregateStream[10]	1	131272	0	211530	1187	4	0	113073	RepartitionExec=207410;OrderedPartialAggregateStream=5768
event	87506	refusal	OrderedPartialAggregateStream[377]	1	236671	0	212354	1186	4	0	113168	RepartitionExec=207410;OrderedPartialAggregateStream=6592
event	87537	refusal	OrderedPartialAggregateStream[83]	1	131272	0	212354	1186	4	0	113168	RepartitionExec=207410;OrderedPartialAggregateStream=6592
event	87553	refusal	OrderedPartialAggregateStream[26]	1	801316	0	213178	1186	4	0	113168	RepartitionExec=207410;OrderedPartialAggregateStream=7416
event	87567	refusal	RepartitionExec[0]	1	107749	103705	279746	1186	4	0	113168	RepartitionExec=207410;OrderedPartialAggregateStream=7416
event	87589	refusal	RepartitionExec[0]	1	81003	103705	279746	1186	4	0	113168	RepartitionExec=207410;OrderedPartialAggregateStream=7416
event	87610	refusal	OrderedPartialAggregateStream[15]	1	131272	0	279746	1186	4	0	113168	RepartitionExec=207410;OrderedPartialAggregateStream=7416
event	87623	refusal	RepartitionExec[0]	1	123819	103705	280570	1186	4	0	113168	RepartitionExec=207410;OrderedPartialAggregateStream=7416
event	87647	refusal	RepartitionExec[0]	1	102579	103705	214826	1186	4	0	113168	RepartitionExec=207410;OrderedPartialAggregateStream=8240
event	87669	refusal	RepartitionExec[0]	1	56754	103705	214826	1186	4	0	113168	RepartitionExec=207410;OrderedPartialAggregateStream=8240
event	87685	refusal	RepartitionExec[0]	1	51811	103705	214826	1186	4	0	113168	RepartitionExec=207410;OrderedPartialAggregateStream=8240
event	87699	refusal	RepartitionExec[1]	1	107749	103705	214826	1186	4	0	113168	RepartitionExec=207410;OrderedPartialAggregateStream=8240
event	87748	refusal	RepartitionExec[1]	1	81003	103705	214826	1186	4	0	113168	RepartitionExec=207410;OrderedPartialAggregateStream=8240
event	87775	refusal	OrderedPartialAggregateStream[26]	1	260552	0	214826	1186	4	0	113168	RepartitionExec=207410;OrderedPartialAggregateStream=8240
event	87786	refusal	RepartitionExec[1]	1	56754	103705	215650	1186	4	0	113168	RepartitionExec=207410;OrderedPartialAggregateStream=8240
event	87809	refusal	RepartitionExec[1]	1	102579	103705	215650	1186	4	0	113168	RepartitionExec=207410;OrderedPartialAggregateStream=8240
event	87834	refusal	RepartitionExec[1]	1	123819	103705	214826	1186	4	0	113168	RepartitionExec=207410;OrderedPartialAggregateStream=8240
event	87857	refusal	OrderedPartialAggregateStream[192]	1	276716	0	214826	1186	4	0	113168	RepartitionExec=207410;OrderedPartialAggregateStream=8240
event	87869	refusal	RepartitionExec[1]	1	51811	103705	214826	1186	4	0	113168	RepartitionExec=207410;OrderedPartialAggregateStream=9064
event	87913	refusal	RepartitionExec[1]	1	81003	103705	213178	1185	4	0	113263	RepartitionExec=207410;OrderedPartialAggregateStream=9064
event	87926	refusal	OrderedPartialAggregateStream[45]	1	260552	0	213178	1185	4	0	113263	RepartitionExec=207410;OrderedPartialAggregateStream=8240
event	87935	refusal	RepartitionExec[0]	1	149954	103705	213178	1183	4	0	113455	RepartitionExec=207410;OrderedPartialAggregateStream=8240
event	88027	refusal	RepartitionExec[0]	1	64285	103705	212354	1181	4	0	113647	RepartitionExec=207410;OrderedPartialAggregateStream=7416
event	88051	refusal	OrderedPartialAggregateStream[149]	1	428270	0	212354	1181	4	0	113647	RepartitionExec=207410;OrderedPartialAggregateStream=7416
event	88067	refusal	RepartitionExec[1]	1	149954	103705	211530	1180	4	0	113743	RepartitionExec=207410;OrderedPartialAggregateStream=6592
event	88158	refusal	OrderedPartialAggregateStream[12]	1	1082496	824	211530	1180	4	0	113743	RepartitionExec=207410;OrderedPartialAggregateStream=6592
event	88190	refusal	OrderedPartialAggregateStream[22]	1	929512	0	211530	1180	4	0	113743	RepartitionExec=207410;OrderedPartialAggregateStream=6592
event	88216	refusal	RepartitionExec[1]	1	64285	103705	211530	1180	4	0	113743	RepartitionExec=207410;OrderedPartialAggregateStream=6592
event	88236	refusal	OrderedPartialAggregateStream[149]	1	131272	0	211530	1180	4	0	113743	RepartitionExec=207410;OrderedPartialAggregateStream=6592
event	88286	refusal	RepartitionExec[0]	1	85837	103705	212354	1180	4	0	113743	RepartitionExec=207410;OrderedPartialAggregateStream=7416
event	88442	refusal	RepartitionExec[1]	1	85837	103705	211530	1179	4	0	113840	RepartitionExec=207410;OrderedPartialAggregateStream=6592
event	88490	refusal	OrderedPartialAggregateStream[12]	1	259856	824	211530	1179	4	0	113840	RepartitionExec=207410;OrderedPartialAggregateStream=6592
event	88550	refusal	RepartitionExec[0]	1	245923	103705	211530	1179	4	0	113840	RepartitionExec=207410;OrderedPartialAggregateStream=6592
event	88589	refusal	OrderedPartialAggregateStream[85]	1	406148	0	210706	1178	4	0	113936	RepartitionExec=207410;OrderedPartialAggregateStream=5768
event	88629	refusal	OrderedPartialAggregateStream[22]	1	260552	0	210706	1178	4	0	113936	RepartitionExec=207410;OrderedPartialAggregateStream=5768
event	88682	refusal	OrderedPartialAggregateStream[51]	1	817768	0	211530	1178	4	0	113936	RepartitionExec=207410;OrderedPartialAggregateStream=6592
event	88710	refusal	RepartitionExec[0]	1	198500	103705	211530	1178	4	0	113936	RepartitionExec=207410;OrderedPartialAggregateStream=6592
event	88736	refusal	OrderedPartialAggregateStream[85]	1	131272	0	211530	1178	4	0	113936	RepartitionExec=207410;OrderedPartialAggregateStream=6592
event	88805	refusal	RepartitionExec[0]	1	77407	103705	212354	1178	4	0	113936	RepartitionExec=207410;OrderedPartialAggregateStream=7416
event	88833	refusal	OrderedPartialAggregateStream[140]	1	431942	0	212354	1178	4	0	113936	RepartitionExec=207410;OrderedPartialAggregateStream=7416
event	88855	refusal	RepartitionExec[0]	1	120559	103705	212354	1178	4	0	113936	RepartitionExec=207410;OrderedPartialAggregateStream=7416
event	88869	refusal	OrderedPartialAggregateStream[29]	1	461048	0	212354	1177	4	0	114033	RepartitionExec=207410;OrderedPartialAggregateStream=6592
event	88906	refusal	RepartitionExec[1]	1	198500	103705	212354	1177	4	0	114033	RepartitionExec=207410;OrderedPartialAggregateStream=6592
event	88928	refusal	OrderedPartialAggregateStream[155]	1	413204	0	212354	1177	4	0	114033	RepartitionExec=207410;OrderedPartialAggregateStream=6592
event	88946	refusal	OrderedPartialAggregateStream[11]	1	463991	0	212354	1177	4	0	114033	RepartitionExec=207410;OrderedPartialAggregateStream=6592
event	88956	refusal	OrderedPartialAggregateStream[150]	1	413861	0	212354	1177	4	0	114033	RepartitionExec=207410;OrderedPartialAggregateStream=6592
event	88984	refusal	RepartitionExec[1]	1	77407	103705	212354	1177	4	0	114033	RepartitionExec=207410;OrderedPartialAggregateStream=6592
event	89011	refusal	OrderedPartialAggregateStream[140]	1	131272	0	212354	1177	4	0	114033	RepartitionExec=207410;OrderedPartialAggregateStream=6592
event	89028	refusal	OrderedPartialAggregateStream[201]	1	273170	0	213178	1177	4	0	114033	RepartitionExec=207410;OrderedPartialAggregateStream=6592
event	89036	refusal	RepartitionExec[0]	1	190972	103705	213178	1177	4	0	114033	RepartitionExec=207410;OrderedPartialAggregateStream=6592
event	89055	refusal	OrderedPartialAggregateStream[29]	1	131272	0	213178	1177	4	0	114033	RepartitionExec=207410;OrderedPartialAggregateStream=6592
event	89073	refusal	RepartitionExec[0]	1	87184	103705	213178	1176	4	0	114130	RepartitionExec=207410;OrderedPartialAggregateStream=6592
event	89083	refusal	OrderedPartialAggregateStream[150]	1	131272	0	213178	1175	4	0	114227	RepartitionExec=207410;OrderedPartialAggregateStream=6592
event	89113	refusal	OrderedPartialAggregateStream[155]	1	131272	0	213178	1175	4	0	114227	RepartitionExec=207410;OrderedPartialAggregateStream=6592
event	89124	refusal	OrderedPartialAggregateStream[51]	1	260552	0	214002	1175	4	0	114227	RepartitionExec=207410;OrderedPartialAggregateStream=7416
event	89133	refusal	RepartitionExec[0]	1	98199	103705	215650	1175	4	0	114227	RepartitionExec=207410;OrderedPartialAggregateStream=8240
event	89146	refusal	OrderedPartialAggregateStream[11]	1	131272	0	215650	1175	4	0	114227	RepartitionExec=207410;OrderedPartialAggregateStream=8240
event	89166	refusal	RepartitionExec[0]	1	80331	103705	216474	1175	4	0	114227	RepartitionExec=207410;OrderedPartialAggregateStream=9064
event	89179	refusal	OrderedPartialAggregateStream[13]	1	470822	0	216474	1175	4	0	114227	RepartitionExec=207410;OrderedPartialAggregateStream=9064
event	89196	refusal	RepartitionExec[0]	1	99322	103705	216474	1175	4	0	114227	RepartitionExec=207410;OrderedPartialAggregateStream=10712
event	89224	refusal	RepartitionExec[1]	1	87184	103705	216474	1175	4	0	114227	RepartitionExec=207410;OrderedPartialAggregateStream=10712
event	89235	refusal	RepartitionExec[0]	1	156135	103705	216474	1175	4	0	114227	RepartitionExec=207410;OrderedPartialAggregateStream=10712
event	89248	refusal	RepartitionExec[1]	1	120559	103705	216474	1175	4	0	114227	RepartitionExec=207410;OrderedPartialAggregateStream=10712
event	89274	refusal	OrderedPartialAggregateStream[2]	1	527134	0	216474	1174	4	0	114325	RepartitionExec=207410;OrderedPartialAggregateStream=9888
event	89288	refusal	RepartitionExec[1]	1	190972	103705	216474	1174	4	0	114325	RepartitionExec=207410;OrderedPartialAggregateStream=9888
event	89317	refusal	RepartitionExec[0]	1	62935	103705	216474	1174	4	0	114325	RepartitionExec=207410;OrderedPartialAggregateStream=9888
event	89339	refusal	RepartitionExec[1]	1	98199	103705	216474	1174	4	0	114325	RepartitionExec=207410;OrderedPartialAggregateStream=9888
event	89368	refusal	OrderedPartialAggregateStream[13]	1	131272	0	215650	1173	4	0	114422	RepartitionExec=207410;OrderedPartialAggregateStream=9064
event	89383	refusal	RepartitionExec[1]	1	99322	103705	216474	1173	4	0	114422	RepartitionExec=207410;OrderedPartialAggregateStream=9888
event	89399	refusal	OrderedPartialAggregateStream[282]	1	252088	0	216474	1173	4	0	114422	RepartitionExec=207410;OrderedPartialAggregateStream=9888
event	89410	refusal	RepartitionExec[0]	1	101907	103705	216474	1173	4	0	114422	RepartitionExec=207410;OrderedPartialAggregateStream=9888
event	89428	refusal	RepartitionExec[0]	1	80104	103705	215650	1172	4	0	114520	RepartitionExec=207410;OrderedPartialAggregateStream=9064
event	89476	refusal	RepartitionExec[1]	1	62935	103705	282218	1172	4	0	114520	RepartitionExec=207410;OrderedPartialAggregateStream=9064
event	89494	refusal	OrderedPartialAggregateStream[2]	1	131272	0	280570	1172	4	0	114520	RepartitionExec=207410;OrderedPartialAggregateStream=9064
event	89511	refusal	OrderedPartialAggregateStream[590]	1	229849	0	215650	1172	4	0	114520	RepartitionExec=207410;OrderedPartialAggregateStream=9888
event	89542	refusal	RepartitionExec[1]	1	101907	103705	215650	1171	4	0	114618	RepartitionExec=207410;OrderedPartialAggregateStream=9064
event	89557	refusal	RepartitionExec[0]	1	57653	103705	215650	1171	4	0	114618	RepartitionExec=207410;OrderedPartialAggregateStream=9064
event	89571	refusal	RepartitionExec[1]	1	156135	103705	216474	1170	4	0	114716	RepartitionExec=207410;OrderedPartialAggregateStream=75632
event	89606	refusal	RepartitionExec[0]	1	117862	103705	215650	1170	4	0	114716	RepartitionExec=207410;OrderedPartialAggregateStream=9888
event	89628	refusal	RepartitionExec[0]	1	49226	103705	215650	1169	4	0	114814	RepartitionExec=207410;OrderedPartialAggregateStream=9064
event	89664	refusal	RepartitionExec[1]	1	57653	103705	215650	1169	4	0	114814	RepartitionExec=207410;OrderedPartialAggregateStream=9064
event	89694	refusal	RepartitionExec[1]	1	80104	103705	214826	1168	4	0	114912	RepartitionExec=207410;OrderedPartialAggregateStream=8240
event	89725	refusal	OrderedPartialAggregateStream[141]	1	273188	0	214826	1168	4	0	114912	RepartitionExec=207410;OrderedPartialAggregateStream=8240
event	89738	refusal	RepartitionExec[1]	1	49226	103705	214826	1168	4	0	114912	RepartitionExec=207410;OrderedPartialAggregateStream=8240
event	89766	refusal	RepartitionExec[1]	1	117862	103705	214002	1167	4	0	115010	RepartitionExec=207410;OrderedPartialAggregateStream=7416
event	89828	refusal	OrderedPartialAggregateStream[87]	1	433490	0	280570	1166	4	0	115109	RepartitionExec=207410;OrderedPartialAggregateStream=6592
event	89847	refusal	OrderedPartialAggregateStream[23]	1	805537	0	213178	1164	4	0	115307	RepartitionExec=207410;OrderedPartialAggregateStream=5768
event	89867	refusal	RepartitionExec[0]	1	62935	103705	213178	1164	4	0	115307	RepartitionExec=207410;OrderedPartialAggregateStream=5768
event	89921	refusal	OrderedPartialAggregateStream[14]	1	448790	0	212354	1163	4	0	115406	RepartitionExec=207410;OrderedPartialAggregateStream=4944
event	89976	refusal	OrderedPartialAggregateStream[87]	1	131272	0	211530	1162	4	0	115505	RepartitionExec=207410;OrderedPartialAggregateStream=4120
event	90023	refusal	RepartitionExec[1]	1	62935	103705	212354	1162	4	0	115505	RepartitionExec=207410;OrderedPartialAggregateStream=4944
event	90041	refusal	RepartitionExec[1]	1	80331	103705	212354	1162	4	0	115505	RepartitionExec=207410;OrderedPartialAggregateStream=4944
event	90083	refusal	OrderedPartialAggregateStream[14]	1	131272	0	212354	1162	4	0	115505	RepartitionExec=207410;OrderedPartialAggregateStream=4944
event	90098	refusal	OrderedPartialAggregateStream[23]	1	260552	0	213178	1162	4	0	115505	RepartitionExec=207410;OrderedPartialAggregateStream=5768
event	90137	refusal	RepartitionExec[0]	1	93589	103705	214002	1162	4	0	115505	RepartitionExec=207410;OrderedPartialAggregateStream=6592
event	90167	refusal	RepartitionExec[0]	1	151528	103705	214002	1162	4	0	115505	RepartitionExec=207410;OrderedPartialAggregateStream=6592
event	90303	refusal	RepartitionExec[1]	1	93589	103705	212354	1160	4	0	115704	RepartitionExec=207410;OrderedPartialAggregateStream=4944
event	90315	refusal	OrderedPartialAggregateStream[539]	1	223369	0	212354	1160	4	0	115704	RepartitionExec=207410;OrderedPartialAggregateStream=4944
event	90371	refusal	RepartitionExec[1]	1	151528	103705	212354	1160	4	0	115704	RepartitionExec=207410;OrderedPartialAggregateStream=4944
event	90419	refusal	OrderedPartialAggregateStream[637]	1	239281	0	278922	1160	4	0	115704	RepartitionExec=207410;OrderedPartialAggregateStream=4944
event	90436	refusal	OrderedPartialAggregateStream[392]	1	238750	0	213178	1160	4	0	115704	RepartitionExec=207410;OrderedPartialAggregateStream=71512
event	90459	refusal	OrderedPartialAggregateStream[32]	1	456539	0	212354	1160	4	0	115704	RepartitionExec=207410;OrderedPartialAggregateStream=5768
event	90482	refusal	OrderedPartialAggregateStream[4]	1	457133	0	212354	1160	4	0	115704	RepartitionExec=207410;OrderedPartialAggregateStream=5768
event	90505	refusal	OrderedPartialAggregateStream[383]	1	242917	0	278922	1160	4	0	115704	RepartitionExec=207410;OrderedPartialAggregateStream=5768
event	90526	refusal	RepartitionExec[0]	1	46753	103705	213178	1158	4	0	115904	RepartitionExec=207410;OrderedPartialAggregateStream=5768
event	90565	refusal	RepartitionExec[0]	1	52822	103705	213178	1158	4	0	115904	RepartitionExec=207410;OrderedPartialAggregateStream=5768
event	90590	refusal	RepartitionExec[0]	1	52598	103705	279746	1158	4	0	115904	RepartitionExec=207410;OrderedPartialAggregateStream=72336
event	90639	refusal	OrderedPartialAggregateStream[32]	1	131272	0	214002	1158	4	0	115904	RepartitionExec=207410;OrderedPartialAggregateStream=6592
event	90655	refusal	OrderedPartialAggregateStream[4]	1	131272	0	214826	1158	4	0	115904	RepartitionExec=207410;OrderedPartialAggregateStream=6592
event	90686	refusal	RepartitionExec[0]	1	54172	103705	215650	1158	4	0	115904	RepartitionExec=207410;OrderedPartialAggregateStream=6592
event	90705	refusal	RepartitionExec[1]	1	52822	103705	215650	1158	4	0	115904	RepartitionExec=207410;OrderedPartialAggregateStream=7416
event	90721	refusal	RepartitionExec[1]	1	46753	103705	215650	1158	4	0	115904	RepartitionExec=207410;OrderedPartialAggregateStream=8240
event	90743	refusal	OrderedPartialAggregateStream[142]	1	418352	0	215650	1158	4	0	115904	RepartitionExec=207410;OrderedPartialAggregateStream=8240
event	90748	refusal	RepartitionExec[0]	1	96513	103705	215650	1158	4	0	115904	RepartitionExec=207410;OrderedPartialAggregateStream=8240
event	90763	refusal	RepartitionExec[0]	1	96737	103705	215650	1158	4	0	115904	RepartitionExec=207410;OrderedPartialAggregateStream=8240
event	90785	refusal	RepartitionExec[0]	1	87747	103705	215650	1158	4	0	115904	RepartitionExec=207410;OrderedPartialAggregateStream=8240
event	90817	refusal	OrderedPartialAggregateStream[157]	1	427226	0	215650	1158	4	0	115904	RepartitionExec=207410;OrderedPartialAggregateStream=8240
event	90909	refusal	OrderedPartialAggregateStream[142]	1	131272	0	215650	1158	4	0	115904	RepartitionExec=207410;OrderedPartialAggregateStream=8240
event	90933	refusal	OrderedPartialAggregateStream[151]	1	421448	0	216474	1158	4	0	115904	RepartitionExec=207410;OrderedPartialAggregateStream=9064
event	90937	refusal	OrderedPartialAggregateStream[157]	1	131272	0	216474	1158	4	0	115904	RepartitionExec=207410;OrderedPartialAggregateStream=9064
event	90969	refusal	RepartitionExec[0]	1	82017	103705	217298	1158	4	0	115904	RepartitionExec=207410;OrderedPartialAggregateStream=9888
event	90978	refusal	OrderedPartialAggregateStream[7]	1	494816	0	217298	1158	4	0	115904	RepartitionExec=207410;OrderedPartialAggregateStream=9888
event	91005	refusal	RepartitionExec[0]	1	85386	103705	217298	1158	4	0	115904	RepartitionExec=207410;OrderedPartialAggregateStream=9888
event	91044	refusal	OrderedPartialAggregateStream[52]	1	470156	0	217298	1158	4	0	115904	RepartitionExec=207410;OrderedPartialAggregateStream=9888
event	91095	refusal	OrderedPartialAggregateStream[151]	1	131272	0	217298	1158	4	0	115904	RepartitionExec=207410;OrderedPartialAggregateStream=9888
event	156324	refusal	RepartitionExec[1]	1	84826	160267	11852493	719	4	11516418	170655	RepartitionExec[Merge]=11516418;RepartitionExec=327835;OrderedPartialAggregateStream=8240
event	156332	refusal	OrderedPartialAggregateStream[663]	1	236437	0	11852493	719	4	11516418	170655	RepartitionExec[Merge]=11516418;RepartitionExec=327835;OrderedPartialAggregateStream=8240
event	156403	refusal	RepartitionExec[1]	1	50912	160267	11851669	717	4	11516418	171131	RepartitionExec[Merge]=11516418;RepartitionExec=327835;OrderedPartialAggregateStream=7416
event	156427	refusal	OrderedPartialAggregateStream[772]	1	236383	0	11850845	716	4	11516418	171370	RepartitionExec[Merge]=11516418;RepartitionExec=327835;OrderedPartialAggregateStream=6592
event	156435	refusal	RepartitionExec[0]	1	51699	167568	11850845	716	4	11516418	171370	RepartitionExec[Merge]=11516418;RepartitionExec=327835;OrderedPartialAggregateStream=6592
event	156470	refusal	RepartitionExec[1]	1	159731	160267	11850021	715	4	11516418	171610	RepartitionExec[Merge]=11516418;RepartitionExec=327835;OrderedPartialAggregateStream=5768
event	156500	refusal	RepartitionExec[1]	1	49450	160267	11850021	715	4	11516418	171610	RepartitionExec[Merge]=11516418;RepartitionExec=327835;OrderedPartialAggregateStream=5768
event	156525	refusal	OrderedPartialAggregateStream[378]	1	241099	0	11916589	715	4	11516418	171610	RepartitionExec[Merge]=11516418;RepartitionExec=327835;OrderedPartialAggregateStream=5768
event	156539	refusal	OrderedPartialAggregateStream[206]	1	273251	0	11850021	715	4	11516418	171610	RepartitionExec[Merge]=11516418;RepartitionExec=327835;OrderedPartialAggregateStream=5768
event	156574	refusal	RepartitionExec[0]	1	51699	167568	11849197	713	4	11516418	172091	RepartitionExec[Merge]=11516418;RepartitionExec=327835;OrderedPartialAggregateStream=4944
event	156594	refusal	OrderedPartialAggregateStream[398]	1	235204	0	11849197	713	4	11516418	172091	RepartitionExec[Merge]=11516418;RepartitionExec=327835;OrderedPartialAggregateStream=4944
event	156630	refusal	RepartitionExec[1]	1	51699	160267	11849197	712	4	11516418	172333	RepartitionExec[Merge]=11516418;RepartitionExec=327835;OrderedPartialAggregateStream=4944
event	156639	refusal	RepartitionExec[0]	1	53497	167568	11849197	712	4	11516418	172333	RepartitionExec[Merge]=11516418;RepartitionExec=327835;OrderedPartialAggregateStream=4944
event	156674	refusal	OrderedPartialAggregateStream[899]	1	247012	0	11850021	712	4	11516418	172333	RepartitionExec[Merge]=11516418;RepartitionExec=327835;OrderedPartialAggregateStream=5768
event	156692	refusal	RepartitionExec[0]	1	62935	167568	11914941	712	4	11516418	172333	RepartitionExec[Merge]=11516418;RepartitionExec=327835;OrderedPartialAggregateStream=5768
event	156706	refusal	OrderedPartialAggregateStream[758]	1	226303	0	11849197	710	4	11516418	172818	RepartitionExec[Merge]=11516418;RepartitionExec=327835;OrderedPartialAggregateStream=4944
event	156714	refusal	OrderedPartialAggregateStream[550]	1	228337	0	11849197	710	4	11516418	172818	RepartitionExec[Merge]=11516418;RepartitionExec=327835;OrderedPartialAggregateStream=4944
event	156736	refusal	RepartitionExec[1]	1	51699	160267	11848373	709	4	11516418	173062	RepartitionExec[Merge]=11516418;RepartitionExec=327835;OrderedPartialAggregateStream=4120
event	156749	refusal	RepartitionExec[0]	1	51248	167568	11848373	709	4	11516418	173062	RepartitionExec[Merge]=11516418;RepartitionExec=327835;OrderedPartialAggregateStream=4120
event	156786	refusal	OrderedPartialAggregateStream[395]	1	245788	0	11849197	709	4	11516418	173062	RepartitionExec[Merge]=11516418;RepartitionExec=327835;OrderedPartialAggregateStream=4944
event	156795	refusal	OrderedPartialAggregateStream[1062]	1	410513	0	11849197	709	4	11516418	173062	RepartitionExec[Merge]=11516418;RepartitionExec=327835;OrderedPartialAggregateStream=4944
event	156812	refusal	RepartitionExec[0]	1	55743	167568	11916589	709	4	11516418	173062	RepartitionExec[Merge]=11516418;RepartitionExec=327835;OrderedPartialAggregateStream=5768
event	156828	refusal	RepartitionExec[1]	1	53497	160267	11916589	709	4	11516418	173062	RepartitionExec[Merge]=11516418;RepartitionExec=327835;OrderedPartialAggregateStream=5768
event	156841	refusal	RepartitionExec[0]	1	48663	167568	11916589	709	4	11516418	173062	RepartitionExec[Merge]=11516418;RepartitionExec=327835;OrderedPartialAggregateStream=5768
event	156855	refusal	RepartitionExec[1]	1	62935	160267	11916589	709	4	11516418	173062	RepartitionExec[Merge]=11516418;RepartitionExec=327835;OrderedPartialAggregateStream=5768
event	156867	refusal	OrderedPartialAggregateStream[745]	1	229210	0	11917413	709	4	11516418	173062	RepartitionExec[Merge]=11516418;RepartitionExec=327835;OrderedPartialAggregateStream=6592
event	156885	refusal	OrderedPartialAggregateStream[957]	1	241351	0	11850845	709	4	11516418	173062	RepartitionExec[Merge]=11516418;RepartitionExec=327835;OrderedPartialAggregateStream=72336
event	156900	refusal	RepartitionExec[0]	1	55295	167568	11850845	708	4	11516418	173306	RepartitionExec[Merge]=11516418;RepartitionExec=327835;OrderedPartialAggregateStream=6592
event	156918	refusal	RepartitionExec[1]	1	51248	160267	11982117	708	4	11516418	173306	RepartitionExec[Merge]=11516418;RepartitionExec=327835;OrderedPartialAggregateStream=6592
event	156928	refusal	RepartitionExec[0]	1	47879	167568	11982117	708	4	11516418	173306	RepartitionExec[Merge]=11516418;RepartitionExec=327835;OrderedPartialAggregateStream=6592
event	156940	refusal	OrderedPartialAggregateStream[581]	1	225079	0	11982117	708	4	11516418	173306	RepartitionExec[Merge]=11516418;RepartitionExec=327835;OrderedPartialAggregateStream=6592
event	156960	refusal	RepartitionExec[1]	1	55743	160267	11851669	707	4	11516418	173552	RepartitionExec[Merge]=11516418;RepartitionExec=327835;OrderedPartialAggregateStream=7416
event	156988	refusal	RepartitionExec[0]	1	49002	167568	11918237	707	4	11516418	173552	RepartitionExec[Merge]=11516418;RepartitionExec=327835;OrderedPartialAggregateStream=7416
event	156997	refusal	RepartitionExec[0]	1	79093	167568	11918237	707	4	11516418	173552	RepartitionExec[Merge]=11516418;RepartitionExec=327835;OrderedPartialAggregateStream=7416
event	157016	refusal	RepartitionExec[1]	1	48663	160267	11919061	707	4	11516418	173552	RepartitionExec[Merge]=11516418;RepartitionExec=327835;OrderedPartialAggregateStream=8240
event	157028	refusal	OrderedPartialAggregateStream[561]	1	220102	0	11919061	707	4	11516418	173552	RepartitionExec[Merge]=11516418;RepartitionExec=327835;OrderedPartialAggregateStream=8240
event	157032	refusal	RepartitionExec[1]	1	55295	160267	11919061	707	4	11516418	173552	RepartitionExec[Merge]=11516418;RepartitionExec=327835;OrderedPartialAggregateStream=8240
event	157042	refusal	RepartitionExec[0]	1	53609	167568	11853317	707	4	11516418	173552	RepartitionExec[Merge]=11516418;RepartitionExec=327835;OrderedPartialAggregateStream=9064
event	157064	refusal	OrderedPartialAggregateStream[1052]	1	407579	0	11851669	706	4	11516418	173797	RepartitionExec[Merge]=11516418;RepartitionExec=327835;OrderedPartialAggregateStream=8240
event	157081	refusal	OrderedPartialAggregateStream[502]	1	220372	0	11851669	705	4	11516418	174044	RepartitionExec[Merge]=11516418;RepartitionExec=327835;OrderedPartialAggregateStream=7416
event	157084	refusal	RepartitionExec[0]	1	47428	167568	11851669	705	4	11516418	174044	RepartitionExec[Merge]=11516418;RepartitionExec=327835;OrderedPartialAggregateStream=7416
event	157099	refusal	RepartitionExec[1]	1	47879	160267	11851669	705	4	11516418	174044	RepartitionExec[Merge]=11516418;RepartitionExec=327835;OrderedPartialAggregateStream=7416
event	157114	refusal	OrderedPartialAggregateStream[813]	1	247354	0	11852493	705	4	11516418	174044	RepartitionExec[Merge]=11516418;RepartitionExec=327835;OrderedPartialAggregateStream=8240
event	157149	refusal	RepartitionExec[0]	1	45518	167568	11851669	705	4	11516418	174044	RepartitionExec[Merge]=11516418;RepartitionExec=327835;OrderedPartialAggregateStream=7416
event	157158	refusal	RepartitionExec[1]	1	49002	160267	11851669	705	4	11516418	174044	RepartitionExec[Merge]=11516418;RepartitionExec=327835;OrderedPartialAggregateStream=7416
event	157173	refusal	OrderedPartialAggregateStream[618]	1	220102	0	11852493	704	4	11516418	174291	RepartitionExec[Merge]=11516418;RepartitionExec=327835;OrderedPartialAggregateStream=8240
event	157213	refusal	RepartitionExec[0]	1	45630	167568	11853317	703	4	11516418	174539	RepartitionExec[Merge]=11516418;RepartitionExec=327835;OrderedPartialAggregateStream=9064
event	157226	refusal	RepartitionExec[0]	1	77970	167568	11852493	703	4	11516418	174539	RepartitionExec[Merge]=11516418;RepartitionExec=327835;OrderedPartialAggregateStream=9064
event	157241	refusal	RepartitionExec[1]	1	79093	160267	11919061	703	4	11516418	174539	RepartitionExec[Merge]=11516418;RepartitionExec=327835;OrderedPartialAggregateStream=9064
event	157254	refusal	RepartitionExec[0]	1	55855	167568	11919061	702	4	11516418	174788	RepartitionExec[Merge]=11516418;RepartitionExec=327835;OrderedPartialAggregateStream=8240
event	157267	refusal	RepartitionExec[1]	1	53609	160267	11919061	702	4	11516418	174788	RepartitionExec[Merge]=11516418;RepartitionExec=327835;OrderedPartialAggregateStream=8240
event	157298	refusal	RepartitionExec[1]	1	47428	160267	11853317	702	4	11516418	174788	RepartitionExec[Merge]=11516418;RepartitionExec=327835;OrderedPartialAggregateStream=9064
event	157313	refusal	RepartitionExec[0]	1	45518	167568	11852493	701	4	11516418	175037	RepartitionExec[Merge]=11516418;RepartitionExec=327835;OrderedPartialAggregateStream=8240
event	157348	refusal	RepartitionExec[1]	1	45518	160267	11852493	701	4	11516418	175037	RepartitionExec[Merge]=11516418;RepartitionExec=327835;OrderedPartialAggregateStream=8240
event	157383	refusal	RepartitionExec[1]	1	55855	160267	11852493	701	4	11516418	175037	RepartitionExec[Merge]=11516418;RepartitionExec=327835;OrderedPartialAggregateStream=8240
event	157398	refusal	RepartitionExec[1]	1	45630	160267	11852493	701	4	11516418	175037	RepartitionExec[Merge]=11516418;RepartitionExec=327835;OrderedPartialAggregateStream=8240
event	157424	refusal	RepartitionExec[1]	1	77970	160267	11852493	701	4	11516418	175037	RepartitionExec[Merge]=11516418;RepartitionExec=327835;OrderedPartialAggregateStream=8240
event	157553	refusal	RepartitionExec[1]	1	45518	160267	11849197	698	4	11516418	175789	RepartitionExec[Merge]=11516418;RepartitionExec=327835;OrderedPartialAggregateStream=4944
event	157565	refusal	OrderedPartialAggregateStream[243]	1	244654	0	11849197	697	4	11516418	176042	RepartitionExec[Merge]=11516418;RepartitionExec=327835;OrderedPartialAggregateStream=4944
event	157607	refusal	OrderedPartialAggregateStream[489]	1	221533	0	11848373	696	4	11516418	176294	RepartitionExec[Merge]=11516418;RepartitionExec=327835;OrderedPartialAggregateStream=4120
event	157643	refusal	OrderedPartialAggregateStream[517]	1	240235	0	11847549	696	4	11516418	176294	RepartitionExec[Merge]=11516418;RepartitionExec=327835;OrderedPartialAggregateStream=4120
event	157658	refusal	OrderedPartialAggregateStream[551]	1	231631	0	11914117	695	4	11516418	176548	RepartitionExec[Merge]=11516418;RepartitionExec=327835;OrderedPartialAggregateStream=3296
event	157681	refusal	OrderedPartialAggregateStream[759]	1	238084	0	11847549	694	4	11516418	176803	RepartitionExec[Merge]=11516418;RepartitionExec=327835;OrderedPartialAggregateStream=3296
event	157729	refusal	RepartitionExec[0]	1	46081	167568	11847549	694	4	11516418	176803	RepartitionExec[Merge]=11516418;RepartitionExec=327835;OrderedPartialAggregateStream=4944
event	157733	refusal	OrderedPartialAggregateStream[400]	1	242305	0	11847549	694	4	11516418	176803	RepartitionExec[Merge]=11516418;RepartitionExec=327835;OrderedPartialAggregateStream=4944
event	157739	refusal	OrderedPartialAggregateStream[115]	1	419774	0	11914117	694	4	11516418	176803	RepartitionExec[Merge]=11516418;RepartitionExec=327835;OrderedPartialAggregateStream=4944
event	157757	refusal	RepartitionExec[0]	1	54844	167568	11914117	694	4	11516418	176803	RepartitionExec[Merge]=11516418;RepartitionExec=327835;OrderedPartialAggregateStream=4944
event	157771	refusal	RepartitionExec[0]	1	53158	167568	11849197	692	4	11516418	177314	RepartitionExec[Merge]=11516418;RepartitionExec=327835;OrderedPartialAggregateStream=70688
event	157805	refusal	RepartitionExec[0]	1	49901	167568	11849197	692	4	11516418	177314	RepartitionExec[Merge]=11516418;RepartitionExec=327835;OrderedPartialAggregateStream=4944
event	157814	refusal	RepartitionExec[0]	1	52374	167568	11849197	692	4	11516418	177314	RepartitionExec[Merge]=11516418;RepartitionExec=327835;OrderedPartialAggregateStream=4944
event	157839	refusal	OrderedPartialAggregateStream[925]	1	252628	0	11850021	692	4	11516418	177314	RepartitionExec[Merge]=11516418;RepartitionExec=327835;OrderedPartialAggregateStream=5768
event	157867	refusal	RepartitionExec[1]	1	46081	160267	11850021	692	4	11516418	177314	RepartitionExec[Merge]=11516418;RepartitionExec=327835;OrderedPartialAggregateStream=5768
event	157880	refusal	RepartitionExec[0]	1	53945	167568	11850845	692	4	11516418	177314	RepartitionExec[Merge]=11516418;RepartitionExec=327835;OrderedPartialAggregateStream=6592
event	157910	refusal	RepartitionExec[1]	1	54844	160267	11850845	692	4	11516418	177314	RepartitionExec[Merge]=11516418;RepartitionExec=327835;OrderedPartialAggregateStream=6592
event	157917	refusal	RepartitionExec[0]	1	82577	167568	11850845	692	4	11516418	177314	RepartitionExec[Merge]=11516418;RepartitionExec=327835;OrderedPartialAggregateStream=6592
event	157934	refusal	OrderedPartialAggregateStream[1063]	1	408281	0	11917413	692	4	11516418	177314	RepartitionExec[Merge]=11516418;RepartitionExec=327835;OrderedPartialAggregateStream=6592
event	157948	refusal	RepartitionExec[1]	1	49901	160267	11851669	692	4	11516418	177314	RepartitionExec[Merge]=11516418;RepartitionExec=327835;OrderedPartialAggregateStream=7416
event	157965	refusal	RepartitionExec[1]	1	52374	160267	11851669	692	4	11516418	177314	RepartitionExec[Merge]=11516418;RepartitionExec=327835;OrderedPartialAggregateStream=7416
event	157979	refusal	RepartitionExec[0]	1	57880	167568	11851669	692	4	11516418	177314	RepartitionExec[Merge]=11516418;RepartitionExec=327835;OrderedPartialAggregateStream=7416
event	157994	refusal	OrderedPartialAggregateStream[773]	1	241729	0	11850845	691	4	11516418	177570	RepartitionExec[Merge]=11516418;RepartitionExec=327835;OrderedPartialAggregateStream=6592
event	158038	refusal	OrderedPartialAggregateStream[664]	1	236680	0	11982117	691	4	11516418	177570	RepartitionExec[Merge]=11516418;RepartitionExec=327835;OrderedPartialAggregateStream=6592
event	158040	refusal	OrderedPartialAggregateStream[775]	1	229588	0	11982117	691	4	11516418	177570	RepartitionExec[Merge]=11516418;RepartitionExec=327835;OrderedPartialAggregateStream=6592
event	158052	refusal	RepartitionExec[1]	1	53945	160267	11982117	691	4	11516418	177570	RepartitionExec[Merge]=11516418;RepartitionExec=327835;OrderedPartialAggregateStream=6592
event	158070	refusal	OrderedPartialAggregateStream[582]	1	233422	0	12048685	691	4	11516418	177570	RepartitionExec[Merge]=11516418;RepartitionExec=327835;OrderedPartialAggregateStream=6592
event	158077	refusal	RepartitionExec[1]	1	82577	160267	11852493	691	4	11516418	177570	RepartitionExec[Merge]=11516418;RepartitionExec=327835;OrderedPartialAggregateStream=138688
event	158095	refusal	RepartitionExec[1]	1	53158	160267	11852493	691	4	11516418	177570	RepartitionExec[Merge]=11516418;RepartitionExec=327835;OrderedPartialAggregateStream=8240
event	158097	refusal	RepartitionExec[0]	1	53721	167568	11852493	691	4	11516418	177570	RepartitionExec[Merge]=11516418;RepartitionExec=327835;OrderedPartialAggregateStream=8240
event	158123	refusal	RepartitionExec[0]	1	78194	167568	11853317	690	4	11516418	177827	RepartitionExec[Merge]=11516418;RepartitionExec=327835;OrderedPartialAggregateStream=9064
event	158153	refusal	RepartitionExec[0]	1	51811	167568	11919061	690	4	11516418	177827	RepartitionExec[Merge]=11516418;RepartitionExec=327835;OrderedPartialAggregateStream=8240
event	158165	refusal	RepartitionExec[0]	1	49114	167568	11853317	689	4	11516418	178086	RepartitionExec[Merge]=11516418;RepartitionExec=327835;OrderedPartialAggregateStream=9064
event	158196	refusal	RepartitionExec[0]	1	50576	167568	11852493	689	4	11516418	178086	RepartitionExec[Merge]=11516418;RepartitionExec=327835;OrderedPartialAggregateStream=9064
event	158205	refusal	RepartitionExec[1]	1	53721	160267	11852493	688	4	11516418	178344	RepartitionExec[Merge]=11516418;RepartitionExec=327835;OrderedPartialAggregateStream=8240
event	158244	refusal	OrderedPartialAggregateStream[1142]	1	788680	0	11851669	688	4	11516418	178344	RepartitionExec[Merge]=11516418;RepartitionExec=327835;OrderedPartialAggregateStream=7416
event	158260	refusal	OrderedPartialAggregateStream[1190]	1	488957	0	11851669	687	4	11516418	178604	RepartitionExec[Merge]=11516418;RepartitionExec=327835;OrderedPartialAggregateStream=7416
event	158303	refusal	OrderedPartialAggregateStream[379]	1	229579	0	11850845	686	4	11516418	178864	RepartitionExec[Merge]=11516418;RepartitionExec=327835;OrderedPartialAggregateStream=6592
event	158308	refusal	RepartitionExec[1]	1	57880	160267	11850021	685	4	11516418	179126	RepartitionExec[Merge]=11516418;RepartitionExec=327835;OrderedPartialAggregateStream=5768
event	158342	refusal	RepartitionExec[1]	1	78194	160267	11850021	685	4	11516418	179126	RepartitionExec[Merge]=11516418;RepartitionExec=327835;OrderedPartialAggregateStream=5768
event	158348	refusal	OrderedPartialAggregateStream[401]	1	229291	0	11850021	685	4	11516418	179126	RepartitionExec[Merge]=11516418;RepartitionExec=327835;OrderedPartialAggregateStream=5768
event	158394	refusal	OrderedPartialAggregateStream[72]	1	470237	0	11850845	685	4	11516418	179126	RepartitionExec[Merge]=11516418;RepartitionExec=327835;OrderedPartialAggregateStream=6592
event	158416	refusal	RepartitionExec[1]	1	51811	160267	11850845	685	4	11516418	179126	RepartitionExec[Merge]=11516418;RepartitionExec=327835;OrderedPartialAggregateStream=6592
event	158424	refusal	RepartitionExec[0]	1	49114	167568	11851669	685	4	11516418	179126	RepartitionExec[Merge]=11516418;RepartitionExec=327835;OrderedPartialAggregateStream=7416
event	158458	refusal	RepartitionExec[0]	1	49002	167568	11851669	684	4	11516418	179387	RepartitionExec[Merge]=11516418;RepartitionExec=327835;OrderedPartialAggregateStream=7416
event	158483	refusal	RepartitionExec[1]	1	50576	160267	11851669	684	4	11516418	179387	RepartitionExec[Merge]=11516418;RepartitionExec=327835;OrderedPartialAggregateStream=7416
event	158504	refusal	RepartitionExec[0]	1	108760	167568	11850845	683	4	11516418	179650	RepartitionExec[Merge]=11516418;RepartitionExec=327835;OrderedPartialAggregateStream=6592
event	158511	refusal	OrderedPartialAggregateStream[552]	1	228706	0	11850845	683	4	11516418	179650	RepartitionExec[Merge]=11516418;RepartitionExec=327835;OrderedPartialAggregateStream=6592
event	158526	refusal	OrderedPartialAggregateStream[704]	1	226339	0	11850845	683	4	11516418	179650	RepartitionExec[Merge]=11516418;RepartitionExec=327835;OrderedPartialAggregateStream=6592
event	158539	refusal	OrderedPartialAggregateStream[1142]	1	260552	0	11850845	682	4	11516418	179913	RepartitionExec[Merge]=11516418;RepartitionExec=327835;OrderedPartialAggregateStream=6592
event	158566	refusal	RepartitionExec[0]	1	101680	167568	11851669	682	4	11516418	179913	RepartitionExec[Merge]=11516418;RepartitionExec=327835;OrderedPartialAggregateStream=7416
event	158590	refusal	RepartitionExec[0]	1	145123	167568	11918237	682	4	11516418	179913	RepartitionExec[Merge]=11516418;RepartitionExec=327835;OrderedPartialAggregateStream=7416
event	158602	refusal	OrderedPartialAggregateStream[397]	1	230407	0	11918237	682	4	11516418	179913	RepartitionExec[Merge]=11516418;RepartitionExec=327835;OrderedPartialAggregateStream=7416
event	158611	refusal	RepartitionExec[1]	1	49114	160267	11852493	682	4	11516418	179913	RepartitionExec[Merge]=11516418;RepartitionExec=327835;OrderedPartialAggregateStream=140552
event	158626	refusal	RepartitionExec[1]	1	49114	160267	11852493	681	4	11516418	180178	RepartitionExec[Merge]=11516418;RepartitionExec=327835;OrderedPartialAggregateStream=73984
event	158641	refusal	OrderedPartialAggregateStream[852]	1	231964	0	11852493	681	4	11516418	180178	RepartitionExec[Merge]=11516418;RepartitionExec=327835;OrderedPartialAggregateStream=73984
event	158653	refusal	RepartitionExec[0]	1	48778	167568	11852493	681	4	11516418	180178	RepartitionExec[Merge]=11516418;RepartitionExec=327835;OrderedPartialAggregateStream=8240
event	158676	refusal	RepartitionExec[1]	1	49002	160267	11852493	681	4	11516418	180178	RepartitionExec[Merge]=11516418;RepartitionExec=327835;OrderedPartialAggregateStream=8240
event	158687	refusal	RepartitionExec[0]	1	47879	167568	11919061	681	4	11516418	180178	RepartitionExec[Merge]=11516418;RepartitionExec=327835;OrderedPartialAggregateStream=8240
event	158701	refusal	RepartitionExec[1]	1	101680	160267	11853317	681	4	11516418	180178	RepartitionExec[Merge]=11516418;RepartitionExec=327835;OrderedPartialAggregateStream=9064
event	158712	refusal	RepartitionExec[1]	1	145123	160267	11853317	681	4	11516418	180178	RepartitionExec[Merge]=11516418;RepartitionExec=327835;OrderedPartialAggregateStream=9064
event	158731	refusal	RepartitionExec[0]	1	49450	167568	11854141	681	4	11516418	180178	RepartitionExec[Merge]=11516418;RepartitionExec=327835;OrderedPartialAggregateStream=9888
event	158747	refusal	RepartitionExec[0]	1	50013	167568	11853317	680	4	11516418	180443	RepartitionExec[Merge]=11516418;RepartitionExec=327835;OrderedPartialAggregateStream=9064
event	158794	refusal	OrderedPartialAggregateStream[958]	1	236941	0	11853317	680	4	11516418	180443	RepartitionExec[Merge]=11516418;RepartitionExec=327835;OrderedPartialAggregateStream=9064
event	158802	refusal	RepartitionExec[1]	1	108760	160267	11852493	679	4	11516418	180708	RepartitionExec[Merge]=11516418;RepartitionExec=327835;OrderedPartialAggregateStream=8240
event	158834	refusal	OrderedPartialAggregateStream[746]	1	228103	0	11851669	678	4	11516418	180975	RepartitionExec[Merge]=11516418;RepartitionExec=327835;OrderedPartialAggregateStream=7416
event	158878	refusal	RepartitionExec[1]	1	49450	160267	11851669	678	4	11516418	180975	RepartitionExec[Merge]=11516418;RepartitionExec=327835;OrderedPartialAggregateStream=7416
event	158888	refusal	OrderedPartialAggregateStream[1155]	1	482972	0	11851669	677	4	11516418	181242	RepartitionExec[Merge]=11516418;RepartitionExec=327835;OrderedPartialAggregateStream=7416
event	158924	refusal	RepartitionExec[0]	1	51923	167568	11852493	677	4	11516418	181242	RepartitionExec[Merge]=11516418;RepartitionExec=327835;OrderedPartialAggregateStream=8240
event	158961	refusal	OrderedPartialAggregateStream[815]	1	229840	0	11850845	677	4	11516418	181242	RepartitionExec[Merge]=11516418;RepartitionExec=327835;OrderedPartialAggregateStream=7416
event	158966	refusal	RepartitionExec[0]	1	48551	167568	11850845	675	4	11516418	181779	RepartitionExec[Merge]=11516418;RepartitionExec=327835;OrderedPartialAggregateStream=6592
event	159024	refusal	OrderedPartialAggregateStream[1064]	1	427739	0	11850021	674	4	11516418	182049	RepartitionExec[Merge]=11516418;RepartitionExec=327835;OrderedPartialAggregateStream=5768
event	159041	refusal	RepartitionExec[1]	1	48778	160267	11850845	674	4	11516418	182049	RepartitionExec[Merge]=11516418;RepartitionExec=327835;OrderedPartialAggregateStream=6592
event	159072	refusal	RepartitionExec[1]	1	50013	160267	11850845	674	4	11516418	182049	RepartitionExec[Merge]=11516418;RepartitionExec=327835;OrderedPartialAggregateStream=6592
event	159076	refusal	RepartitionExec[0]	1	49226	167568	11850845	674	4	11516418	182049	RepartitionExec[Merge]=11516418;RepartitionExec=327835;OrderedPartialAggregateStream=6592
event	159103	refusal	RepartitionExec[1]	1	47879	160267	11850845	674	4	11516418	182049	RepartitionExec[Merge]=11516418;RepartitionExec=327835;OrderedPartialAggregateStream=6592
event	159123	refusal	OrderedPartialAggregateStream[493]	1	230191	0	11850021	673	4	11516418	182319	RepartitionExec[Merge]=11516418;RepartitionExec=327835;OrderedPartialAggregateStream=5768
event	159158	refusal	OrderedPartialAggregateStream[619]	1	214684	0	12112565	673	4	11516418	182319	RepartitionExec[Merge]=11516418;RepartitionExec=327835;OrderedPartialAggregateStream=5768
event	159171	refusal	RepartitionExec[1]	1	51923	160267	11982117	673	4	11516418	182319	RepartitionExec[Merge]=11516418;RepartitionExec=327835;OrderedPartialAggregateStream=137040
event	159194	refusal	OrderedPartialAggregateStream[244]	1	251764	0	11851669	673	4	11516418	182319	RepartitionExec[Merge]=11516418;RepartitionExec=327835;OrderedPartialAggregateStream=137864
event	159211	refusal	RepartitionExec[1]	1	48551	160267	11851669	672	4	11516418	182591	RepartitionExec[Merge]=11516418;RepartitionExec=327835;OrderedPartialAggregateStream=7416
event	159240	refusal	RepartitionExec[0]	1	106514	167568	11852493	672	4	11516418	182591	RepartitionExec[Merge]=11516418;RepartitionExec=327835;OrderedPartialAggregateStream=8240
event	159243	refusal	RepartitionExec[0]	1	49338	167568	11852493	672	4	11516418	182591	RepartitionExec[Merge]=11516418;RepartitionExec=327835;OrderedPartialAggregateStream=8240
event	159261	refusal	RepartitionExec[0]	1	43496	167568	11851669	671	4	11516418	182863	RepartitionExec[Merge]=11516418;RepartitionExec=327835;OrderedPartialAggregateStream=7416
event	159319	refusal	OrderedPartialAggregateStream[84]	1	411377	0	11852493	671	4	11516418	182863	RepartitionExec[Merge]=11516418;RepartitionExec=327835;OrderedPartialAggregateStream=8240
event	159323	refusal	OrderedPartialAggregateStream[114]	1	397796	0	11852493	671	4	11516418	182863	RepartitionExec[Merge]=11516418;RepartitionExec=327835;OrderedPartialAggregateStream=8240
event	159337	refusal	RepartitionExec[0]	1	57541	167568	11852493	671	4	11516418	182863	RepartitionExec[Merge]=11516418;RepartitionExec=327835;OrderedPartialAggregateStream=8240
event	159345	refusal	RepartitionExec[1]	1	49226	160267	11852493	671	4	11516418	182863	RepartitionExec[Merge]=11516418;RepartitionExec=327835;OrderedPartialAggregateStream=8240
event	159363	refusal	RepartitionExec[0]	1	85613	167568	11851669	670	4	11516418	183136	RepartitionExec[Merge]=11516418;RepartitionExec=327835;OrderedPartialAggregateStream=7416
event	159395	refusal	RepartitionExec[1]	1	43496	160267	11850845	669	4	11516418	183410	RepartitionExec[Merge]=11516418;RepartitionExec=327835;OrderedPartialAggregateStream=6592
event	159431	refusal	OrderedPartialAggregateStream[553]	1	225709	0	11851669	669	4	11516418	183410	RepartitionExec[Merge]=11516418;RepartitionExec=327835;OrderedPartialAggregateStream=7416
event	159438	refusal	RepartitionExec[0]	1	74262	167568	11982941	669	4	11516418	183410	RepartitionExec[Merge]=11516418;RepartitionExec=327835;OrderedPartialAggregateStream=7416
event	159452	refusal	OrderedPartialAggregateStream[399]	1	227635	0	11852493	669	4	11516418	183410	RepartitionExec[Merge]=11516418;RepartitionExec=327835;OrderedPartialAggregateStream=8240
event	159477	refusal	RepartitionExec[1]	1	106514	160267	11852493	669	4	11516418	183410	RepartitionExec[Merge]=11516418;RepartitionExec=327835;OrderedPartialAggregateStream=8240
event	159489	refusal	RepartitionExec[0]	1	79432	167568	11919061	669	4	11516418	183410	RepartitionExec[Merge]=11516418;RepartitionExec=327835;OrderedPartialAggregateStream=8240
event	159504	refusal	RepartitionExec[1]	1	49338	160267	11852493	668	4	11516418	183684	RepartitionExec[Merge]=11516418;RepartitionExec=327835;OrderedPartialAggregateStream=8240
event	159533	refusal	RepartitionExec[0]	1	47652	167568	11853317	668	4	11516418	183684	RepartitionExec[Merge]=11516418;RepartitionExec=327835;OrderedPartialAggregateStream=9064
event	159538	refusal	RepartitionExec[1]	1	74262	160267	11853317	668	4	11516418	183684	RepartitionExec[Merge]=11516418;RepartitionExec=327835;OrderedPartialAggregateStream=9064
event	159545	refusal	OrderedPartialAggregateStream[901]	1	242026	0	11853317	668	4	11516418	183684	RepartitionExec[Merge]=11516418;RepartitionExec=327835;OrderedPartialAggregateStream=9064
event	159563	refusal	RepartitionExec[1]	1	57541	160267	11853317	668	4	11516418	183684	RepartitionExec[Merge]=11516418;RepartitionExec=327835;OrderedPartialAggregateStream=9064
event	159572	refusal	RepartitionExec[0]	1	48439	167568	11853317	668	4	11516418	183684	RepartitionExec[Merge]=11516418;RepartitionExec=327835;OrderedPartialAggregateStream=9064
event	159590	refusal	OrderedPartialAggregateStream[1081]	1	437243	0	11853317	668	4	11516418	183684	RepartitionExec[Merge]=11516418;RepartitionExec=327835;OrderedPartialAggregateStream=9064
event	159616	refusal	RepartitionExec[1]	1	85613	160267	11854141	668	4	11516418	183684	RepartitionExec[Merge]=11516418;RepartitionExec=327835;OrderedPartialAggregateStream=75632
event	159632	refusal	OrderedPartialAggregateStream[1191]	1	487022	0	11853317	668	4	11516418	183684	RepartitionExec[Merge]=11516418;RepartitionExec=327835;OrderedPartialAggregateStream=9888
event	159644	refusal	OrderedPartialAggregateStream[760]	1	224845	0	11853317	667	4	11516418	183959	RepartitionExec[Merge]=11516418;RepartitionExec=327835;OrderedPartialAggregateStream=9064
event	159646	refusal	RepartitionExec[1]	1	47652	160267	11853317	667	4	11516418	183959	RepartitionExec[Merge]=11516418;RepartitionExec=327835;OrderedPartialAggregateStream=9064
event	159659	refusal	RepartitionExec[0]	1	53833	167568	11853317	667	4	11516418	183959	RepartitionExec[Merge]=11516418;RepartitionExec=327835;OrderedPartialAggregateStream=9064
event	159677	refusal	OrderedPartialAggregateStream[776]	1	217618	0	11852493	666	4	11516418	184236	RepartitionExec[Merge]=11516418;RepartitionExec=327835;OrderedPartialAggregateStream=8240
event	159743	refusal	RepartitionExec[1]	1	79432	160267	11854141	666	4	11516418	184236	RepartitionExec[Merge]=11516418;RepartitionExec=327835;OrderedPartialAggregateStream=9888
event	159772	refusal	RepartitionExec[0]	1	47316	167568	11854965	666	4	11516418	184236	RepartitionExec[Merge]=11516418;RepartitionExec=327835;OrderedPartialAggregateStream=76456
event	159792	refusal	RepartitionExec[0]	1	89209	167568	11854965	666	4	11516418	184236	RepartitionExec[Merge]=11516418;RepartitionExec=327835;OrderedPartialAggregateStream=10712
event	159820	refusal	RepartitionExec[0]	1	44619	167568	11983765	665	4	11516418	184513	RepartitionExec[Merge]=11516418;RepartitionExec=327835;OrderedPartialAggregateStream=9888
event	159832	refusal	OrderedPartialAggregateStream[959]	1	274592	0	11853317	663	4	11516418	185069	RepartitionExec[Merge]=11516418;RepartitionExec=327835;OrderedPartialAggregateStream=9064
event	159868	refusal	RepartitionExec[0]	1	108088	167568	11852493	662	4	11516418	185349	RepartitionExec[Merge]=11516418;RepartitionExec=327835;OrderedPartialAggregateStream=8240
event	159888	refusal	RepartitionExec[1]	1	48439	160267	11852493	662	4	11516418	185349	RepartitionExec[Merge]=11516418;RepartitionExec=327835;OrderedPartialAggregateStream=8240
event	159924	refusal	RepartitionExec[1]	1	89209	160267	11851669	661	4	11516418	185629	RepartitionExec[Merge]=11516418;RepartitionExec=327835;OrderedPartialAggregateStream=7416
event	159953	refusal	OrderedPartialAggregateStream[380]	1	244348	0	11852493	661	4	11516418	185629	RepartitionExec[Merge]=11516418;RepartitionExec=327835;OrderedPartialAggregateStream=8240
event	159970	refusal	RepartitionExec[0]	1	63498	167568	11852493	661	4	11516418	185629	RepartitionExec[Merge]=11516418;RepartitionExec=327835;OrderedPartialAggregateStream=8240
event	159973	refusal	OrderedPartialAggregateStream[402]	1	224476	0	11852493	661	4	11516418	185629	RepartitionExec[Merge]=11516418;RepartitionExec=327835;OrderedPartialAggregateStream=8240
event	160030	refusal	RepartitionExec[1]	1	53833	160267	11852493	661	4	11516418	185629	RepartitionExec[Merge]=11516418;RepartitionExec=327835;OrderedPartialAggregateStream=8240
event	160124	refusal	RepartitionExec[1]	1	47316	160267	11851669	660	4	11516418	185911	RepartitionExec[Merge]=11516418;RepartitionExec=327835;OrderedPartialAggregateStream=7416
event	160362	refusal	RepartitionExec[1]	1	63498	160267	11852493	660	4	11516418	185911	RepartitionExec[Merge]=11516418;RepartitionExec=327835;OrderedPartialAggregateStream=8240
event	160418	refusal	RepartitionExec[0]	1	54732	167568	11852493	660	4	11516418	185911	RepartitionExec[Merge]=11516418;RepartitionExec=327835;OrderedPartialAggregateStream=8240
event	160441	refusal	RepartitionExec[1]	1	108088	160267	11852493	660	4	11516418	185911	RepartitionExec[Merge]=11516418;RepartitionExec=327835;OrderedPartialAggregateStream=8240
event	160501	refusal	RepartitionExec[0]	1	47204	167568	11852493	659	4	11516418	186193	RepartitionExec[Merge]=11516418;RepartitionExec=327835;OrderedPartialAggregateStream=8240
event	160551	refusal	RepartitionExec[1]	1	44619	160267	11852493	659	4	11516418	186193	RepartitionExec[Merge]=11516418;RepartitionExec=327835;OrderedPartialAggregateStream=8240
event	160578	refusal	RepartitionExec[1]	1	54732	160267	11851669	658	4	11516418	186476	RepartitionExec[Merge]=11516418;RepartitionExec=327835;OrderedPartialAggregateStream=7416
event	160728	refusal	OrderedPartialAggregateStream[665]	1	223342	0	11848373	654	4	11516418	187616	RepartitionExec[Merge]=11516418;RepartitionExec=327835;OrderedPartialAggregateStream=4120
event	160757	refusal	OrderedPartialAggregateStream[403]	1	233332	0	11848373	654	4	11516418	187616	RepartitionExec[Merge]=11516418;RepartitionExec=327835;OrderedPartialAggregateStream=4120
event	160921	refusal	RepartitionExec[0]	1	50576	167568	11847549	651	4	11516418	188481	RepartitionExec[Merge]=11516418;RepartitionExec=327835;OrderedPartialAggregateStream=3296
event	160945	refusal	RepartitionExec[0]	1	46753	167568	11847549	651	4	11516418	188481	RepartitionExec[Merge]=11516418;RepartitionExec=327835;OrderedPartialAggregateStream=3296
event	160977	refusal	OrderedPartialAggregateStream[208]	1	270542	0	11847549	651	4	11516418	188481	RepartitionExec[Merge]=11516418;RepartitionExec=327835;OrderedPartialAggregateStream=3296
event	161139	refusal	OrderedPartialAggregateStream[554]	1	218131	0	11847549	651	4	11516418	188481	RepartitionExec[Merge]=11516418;RepartitionExec=327835;OrderedPartialAggregateStream=3296
event	161227	refusal	RepartitionExec[1]	1	50576	160267	11848373	651	4	11516418	188481	RepartitionExec[Merge]=11516418;RepartitionExec=327835;OrderedPartialAggregateStream=4120
event	161234	refusal	RepartitionExec[1]	1	46753	160267	11848373	651	4	11516418	188481	RepartitionExec[Merge]=11516418;RepartitionExec=327835;OrderedPartialAggregateStream=4120
event	161251	refusal	RepartitionExec[0]	1	61924	167568	11914941	651	4	11516418	188481	RepartitionExec[Merge]=11516418;RepartitionExec=327835;OrderedPartialAggregateStream=4120
event	161261	refusal	OrderedPartialAggregateStream[1053]	1	396905	0	11914941	651	4	11516418	188481	RepartitionExec[Merge]=11516418;RepartitionExec=327835;OrderedPartialAggregateStream=4120
event	161279	refusal	OrderedPartialAggregateStream[68]	1	548275	0	11849197	651	4	11516418	188481	RepartitionExec[Merge]=11516418;RepartitionExec=327835;OrderedPartialAggregateStream=4944
event	161310	refusal	RepartitionExec[0]	1	44843	167568	11849197	651	4	11516418	188481	RepartitionExec[Merge]=11516418;RepartitionExec=327835;OrderedPartialAggregateStream=4944
event	161331	refusal	OrderedPartialAggregateStream[71]	1	455702	0	11849197	651	4	11516418	188481	RepartitionExec[Merge]=11516418;RepartitionExec=327835;OrderedPartialAggregateStream=4944
event	161403	refusal	OrderedPartialAggregateStream[777]	1	228085	0	11848373	650	4	11516418	188771	RepartitionExec[Merge]=11516418;RepartitionExec=327835;OrderedPartialAggregateStream=4120
event	161413	refusal	RepartitionExec[0]	1	73926	167568	11848373	649	4	11516418	189062	RepartitionExec[Merge]=11516418;RepartitionExec=327835;OrderedPartialAggregateStream=4120
event	161438	refusal	OrderedPartialAggregateStream[1065]	1	408137	0	11848373	649	4	11516418	189062	RepartitionExec[Merge]=11516418;RepartitionExec=327835;OrderedPartialAggregateStream=4120
event	161453	refusal	RepartitionExec[1]	1	61924	160267	11848373	649	4	11516418	189062	RepartitionExec[Merge]=11516418;RepartitionExec=327835;OrderedPartialAggregateStream=4120
event	161463	refusal	RepartitionExec[1]	1	44843	160267	11849197	649	4	11516418	189062	RepartitionExec[Merge]=11516418;RepartitionExec=327835;OrderedPartialAggregateStream=4944
event	161496	refusal	OrderedPartialAggregateStream[1037]	1	272333	0	11850021	649	4	11516418	189062	RepartitionExec[Merge]=11516418;RepartitionExec=327835;OrderedPartialAggregateStream=5768
event	161506	refusal	RepartitionExec[0]	1	125841	167568	11850021	649	4	11516418	189062	RepartitionExec[Merge]=11516418;RepartitionExec=327835;OrderedPartialAggregateStream=5768
event	161524	refusal	RepartitionExec[1]	1	73926	160267	11850021	649	4	11516418	189062	RepartitionExec[Merge]=11516418;RepartitionExec=327835;OrderedPartialAggregateStream=5768
event	161540	refusal	OrderedPartialAggregateStream[497]	1	221533	0	11850021	649	4	11516418	189062	RepartitionExec[Merge]=11516418;RepartitionExec=327835;OrderedPartialAggregateStream=5768
event	161551	refusal	RepartitionExec[0]	1	96174	167568	11981293	649	4	11516418	189062	RepartitionExec[Merge]=11516418;RepartitionExec=327835;OrderedPartialAggregateStream=5768
event	161568	refusal	OrderedPartialAggregateStream[853]	1	245221	0	11981293	649	4	11516418	189062	RepartitionExec[Merge]=11516418;RepartitionExec=327835;OrderedPartialAggregateStream=5768
event	161578	refusal	RepartitionExec[1]	1	47204	160267	11980469	649	4	11516418	189062	RepartitionExec[Merge]=11516418;RepartitionExec=327835;OrderedPartialAggregateStream=5768
event	161591	refusal	OrderedPartialAggregateStream[926]	1	253843	0	11851669	648	4	11516418	189353	RepartitionExec[Merge]=11516418;RepartitionExec=327835;OrderedPartialAggregateStream=7416
event	161613	refusal	OrderedPartialAggregateStream[26]	1	839327	824	11852493	648	4	11516418	189353	RepartitionExec[Merge]=11516418;RepartitionExec=327835;OrderedPartialAggregateStream=8240
event	161622	refusal	RepartitionExec[0]	1	48551	167568	11851669	648	4	11516418	189353	RepartitionExec[Merge]=11516418;RepartitionExec=327835;OrderedPartialAggregateStream=7416
event	161633	refusal	RepartitionExec[0]	1	78194	167568	11851669	648	4	11516418	189353	RepartitionExec[Merge]=11516418;RepartitionExec=327835;OrderedPartialAggregateStream=7416
event	161649	refusal	RepartitionExec[0]	1	46081	167568	11851669	647	4	11516418	189646	RepartitionExec[Merge]=11516418;RepartitionExec=327835;OrderedPartialAggregateStream=7416
event	161666	refusal	RepartitionExec[0]	1	62599	167568	11852493	647	4	11516418	189646	RepartitionExec[Merge]=11516418;RepartitionExec=327835;OrderedPartialAggregateStream=73984
event	161674	refusal	RepartitionExec[1]	1	125841	160267	11852493	647	4	11516418	189646	RepartitionExec[Merge]=11516418;RepartitionExec=327835;OrderedPartialAggregateStream=8240
event	161707	refusal	RepartitionExec[1]	1	96174	160267	11853317	647	4	11516418	189646	RepartitionExec[Merge]=11516418;RepartitionExec=327835;OrderedPartialAggregateStream=9064
event	161716	refusal	OrderedPartialAggregateStream[245]	1	249721	0	11852493	647	4	11516418	189646	RepartitionExec[Merge]=11516418;RepartitionExec=327835;OrderedPartialAggregateStream=9064
event	161735	refusal	RepartitionExec[0]	1	55071	167568	11852493	647	4	11516418	189646	RepartitionExec[Merge]=11516418;RepartitionExec=327835;OrderedPartialAggregateStream=9064
event	161759	refusal	RepartitionExec[0]	1	58328	167568	11852493	647	4	11516418	189646	RepartitionExec[Merge]=11516418;RepartitionExec=327835;OrderedPartialAggregateStream=9064
event	161764	refusal	OrderedPartialAggregateStream[1192]	1	469607	0	11852493	647	4	11516418	189646	RepartitionExec[Merge]=11516418;RepartitionExec=327835;OrderedPartialAggregateStream=8240
event	161780	refusal	OrderedPartialAggregateStream[816]	1	234952	0	11852493	647	4	11516418	189646	RepartitionExec[Merge]=11516418;RepartitionExec=327835;OrderedPartialAggregateStream=8240
event	161806	refusal	RepartitionExec[1]	1	48551	160267	11853317	646	4	11516418	189940	RepartitionExec[Merge]=11516418;RepartitionExec=327835;OrderedPartialAggregateStream=9064
event	161829	refusal	RepartitionExec[0]	1	56754	167568	11852493	645	4	11516418	190234	RepartitionExec[Merge]=11516418;RepartitionExec=327835;OrderedPartialAggregateStream=8240
event	161866	refusal	RepartitionExec[1]	1	78194	160267	11852493	645	4	11516418	190234	RepartitionExec[Merge]=11516418;RepartitionExec=327835;OrderedPartialAggregateStream=8240
event	161870	refusal	RepartitionExec[1]	1	55071	160267	11853317	645	4	11516418	190234	RepartitionExec[Merge]=11516418;RepartitionExec=327835;OrderedPartialAggregateStream=9064
event	161895	refusal	RepartitionExec[1]	1	62599	160267	11854141	645	4	11516418	190234	RepartitionExec[Merge]=11516418;RepartitionExec=327835;OrderedPartialAggregateStream=9888
event	161915	refusal	RepartitionExec[0]	1	51136	167568	11854141	645	4	11516418	190234	RepartitionExec[Merge]=11516418;RepartitionExec=327835;OrderedPartialAggregateStream=9888
event	161926	refusal	RepartitionExec[0]	1	101456	167568	11854141	645	4	11516418	190234	RepartitionExec[Merge]=11516418;RepartitionExec=327835;OrderedPartialAggregateStream=9888
event	161933	refusal	RepartitionExec[1]	1	56754	160267	11854141	645	4	11516418	190234	RepartitionExec[Merge]=11516418;RepartitionExec=327835;OrderedPartialAggregateStream=9888
event	161945	refusal	OrderedPartialAggregateStream[556]	1	223594	0	11854141	645	4	11516418	190234	RepartitionExec[Merge]=11516418;RepartitionExec=327835;OrderedPartialAggregateStream=9888
event	161994	refusal	OrderedPartialAggregateStream[26]	1	259728	824	11853317	644	4	11516418	190529	RepartitionExec[Merge]=11516418;RepartitionExec=327835;OrderedPartialAggregateStream=9064
event	162006	refusal	RepartitionExec[1]	1	46081	160267	11854141	644	4	11516418	190529	RepartitionExec[Merge]=11516418;RepartitionExec=327835;OrderedPartialAggregateStream=9888
event	162040	refusal	RepartitionExec[0]	1	46865	167568	11853317	644	4	11516418	190529	RepartitionExec[Merge]=11516418;RepartitionExec=327835;OrderedPartialAggregateStream=9064
event	162054	refusal	RepartitionExec[0]	1	164677	167568	11853317	644	4	11516418	190529	RepartitionExec[Merge]=11516418;RepartitionExec=327835;OrderedPartialAggregateStream=9064
event	162062	refusal	OrderedPartialAggregateStream[209]	1	272891	0	11853317	644	4	11516418	190529	RepartitionExec[Merge]=11516418;RepartitionExec=327835;OrderedPartialAggregateStream=9064
event	162071	refusal	RepartitionExec[1]	1	101456	160267	11853317	643	4	11516418	190826	RepartitionExec[Merge]=11516418;RepartitionExec=327835;OrderedPartialAggregateStream=9064
event	162148	refusal	RepartitionExec[1]	1	58328	160267	11851669	640	4	11516418	191720	RepartitionExec[Merge]=11516418;RepartitionExec=327835;OrderedPartialAggregateStream=7416
event	162178	refusal	RepartitionExec[1]	1	164677	160267	11850845	640	4	11516418	191720	RepartitionExec[Merge]=11516418;RepartitionExec=327835;OrderedPartialAggregateStream=7416
event	162190	refusal	RepartitionExec[0]	1	62823	167568	11850845	639	4	11516418	192020	RepartitionExec[Merge]=11516418;RepartitionExec=327835;OrderedPartialAggregateStream=6592
event	162258	refusal	OrderedPartialAggregateStream[1185]	1	449240	0	11849197	637	4	11516418	192623	RepartitionExec[Merge]=11516418;RepartitionExec=327835;OrderedPartialAggregateStream=4944
event	162282	refusal	OrderedPartialAggregateStream[584]	1	230119	0	11849197	637	4	11516418	192623	RepartitionExec[Merge]=11516418;RepartitionExec=327835;OrderedPartialAggregateStream=4944
event	162288	release_after_refusal	OrderedPartialAggregateStream[26]	1	824	0	11847549	636	4	11516418		RepartitionExec[Merge]=11516418;RepartitionExec=327835;OrderedPartialAggregateStream=3296
event	162336	refusal	RepartitionExec[1]	1	46865	160267	11847549	635	4	11516418	193230	RepartitionExec[Merge]=11516418;RepartitionExec=327835;OrderedPartialAggregateStream=3296
event	162377	refusal	RepartitionExec[1]	1	51136	160267	11848373	635	4	11516418	193230	RepartitionExec[Merge]=11516418;RepartitionExec=327835;OrderedPartialAggregateStream=4120
event	162397	refusal	OrderedPartialAggregateStream[705]	1	220390	0	11848373	634	4	11516418	193535	RepartitionExec[Merge]=11516418;RepartitionExec=327835;OrderedPartialAggregateStream=4120
event	162405	refusal	RepartitionExec[0]	1	49338	167568	11848373	634	4	11516418	193535	RepartitionExec[Merge]=11516418;RepartitionExec=327835;OrderedPartialAggregateStream=4120
event	162423	refusal	RepartitionExec[1]	1	62823	160267	11848373	634	4	11516418	193535	RepartitionExec[Merge]=11516418;RepartitionExec=327835;OrderedPartialAggregateStream=4120
event	162432	refusal	OrderedPartialAggregateStream[335]	1	246166	0	11848373	634	4	11516418	193535	RepartitionExec[Merge]=11516418;RepartitionExec=327835;OrderedPartialAggregateStream=4120
event	162441	refusal	RepartitionExec[0]	1	93704	167568	11848373	634	4	11516418	193535	RepartitionExec[Merge]=11516418;RepartitionExec=327835;OrderedPartialAggregateStream=4120
event	162450	refusal	OrderedPartialAggregateStream[1158]	1	473702	0	11847549	633	4	11516418	193840	RepartitionExec[Merge]=11516418;RepartitionExec=327835;OrderedPartialAggregateStream=3296
event	162502	refusal	RepartitionExec[0]	1	45630	167568	11847549	632	4	11516418	194147	RepartitionExec[Merge]=11516418;RepartitionExec=327835;OrderedPartialAggregateStream=3296
event	162522	refusal	OrderedPartialAggregateStream[747]	1	226024	0	11914117	632	4	11516418	194147	RepartitionExec[Merge]=11516418;RepartitionExec=327835;OrderedPartialAggregateStream=3296
event	162542	refusal	OrderedPartialAggregateStream[1066]	1	409694	0	11914117	632	4	11516418	194147	RepartitionExec[Merge]=11516418;RepartitionExec=327835;OrderedPartialAggregateStream=3296
event	162555	refusal	OrderedPartialAggregateStream[902]	1	265214	0	11848373	632	4	11516418	194147	RepartitionExec[Merge]=11516418;RepartitionExec=327835;OrderedPartialAggregateStream=69864
event	162571	refusal	RepartitionExec[1]	1	49338	160267	11847549	631	4	11516418	194455	RepartitionExec[Merge]=11516418;RepartitionExec=327835;OrderedPartialAggregateStream=69040
event	162590	refusal	OrderedPartialAggregateStream[405]	1	239848	0	11847549	631	4	11516418	194455	RepartitionExec[Merge]=11516418;RepartitionExec=327835;OrderedPartialAggregateStream=3296
event	162617	refusal	RepartitionExec[1]	1	93704	160267	12045389	631	4	11516418	194455	RepartitionExec[Merge]=11516418;RepartitionExec=327835;OrderedPartialAggregateStream=3296
event	162628	refusal	RepartitionExec[1]	1	45630	160267	11849197	631	4	11516418	194455	RepartitionExec[Merge]=11516418;RepartitionExec=327835;OrderedPartialAggregateStream=201136
event	162637	refusal	OrderedPartialAggregateStream[778]	1	229291	0	11849197	631	4	11516418	194455	RepartitionExec[Merge]=11516418;RepartitionExec=327835;OrderedPartialAggregateStream=201136
event	162651	refusal	RepartitionExec[0]	1	55407	167568	11915765	631	4	11516418	194455	RepartitionExec[Merge]=11516418;RepartitionExec=327835;OrderedPartialAggregateStream=201136
event	162667	refusal	OrderedPartialAggregateStream[381]	1	248596	0	11850845	631	4	11516418	194455	RepartitionExec[Merge]=11516418;RepartitionExec=327835;OrderedPartialAggregateStream=6592
event	162700	refusal	RepartitionExec[0]	1	47764	167568	11850845	631	4	11516418	194455	RepartitionExec[Merge]=11516418;RepartitionExec=327835;OrderedPartialAggregateStream=7416
event	162709	refusal	RepartitionExec[0]	1	53046	167568	11850845	631	4	11516418	194455	RepartitionExec[Merge]=11516418;RepartitionExec=327835;OrderedPartialAggregateStream=7416
event	162725	refusal	RepartitionExec[0]	1	103030	167568	11851669	630	4	11516418	194763	RepartitionExec[Merge]=11516418;RepartitionExec=327835;OrderedPartialAggregateStream=7416
event	162745	refusal	RepartitionExec[0]	1	59902	167568	11851669	630	4	11516418	194763	RepartitionExec[Merge]=11516418;RepartitionExec=327835;OrderedPartialAggregateStream=7416
event	162751	refusal	RepartitionExec[0]	1	49002	167568	11851669	630	4	11516418	194763	RepartitionExec[Merge]=11516418;RepartitionExec=327835;OrderedPartialAggregateStream=7416
event	162772	refusal	OrderedPartialAggregateStream[557]	1	232594	0	11917413	630	4	11516418	194763	RepartitionExec[Merge]=11516418;RepartitionExec=327835;OrderedPartialAggregateStream=6592
event	162777	refusal	OrderedPartialAggregateStream[1193]	1	464306	0	11917413	629	4	11516418	195073	RepartitionExec[Merge]=11516418;RepartitionExec=327835;OrderedPartialAggregateStream=6592
event	162796	refusal	RepartitionExec[0]	1	78757	167568	11917413	629	4	11516418	195073	RepartitionExec[Merge]=11516418;RepartitionExec=327835;OrderedPartialAggregateStream=6592
event	162806	refusal	OrderedPartialAggregateStream[962]	1	272279	0	11851669	629	4	11516418	195073	RepartitionExec[Merge]=11516418;RepartitionExec=327835;OrderedPartialAggregateStream=7416
event	162814	refusal	OrderedPartialAggregateStream[666]	1	230146	0	11850845	628	4	11516418	195384	RepartitionExec[Merge]=11516418;RepartitionExec=327835;OrderedPartialAggregateStream=6592
event	162825	refusal	RepartitionExec[1]	1	55407	160267	11850845	628	4	11516418	195384	RepartitionExec[Merge]=11516418;RepartitionExec=327835;OrderedPartialAggregateStream=6592
event	162846	refusal	RepartitionExec[0]	1	56306	167568	11917413	628	4	11516418	195384	RepartitionExec[Merge]=11516418;RepartitionExec=327835;OrderedPartialAggregateStream=6592
event	162857	refusal	RepartitionExec[1]	1	53046	160267	11917413	628	4	11516418	195384	RepartitionExec[Merge]=11516418;RepartitionExec=327835;OrderedPartialAggregateStream=6592
event	162868	refusal	OrderedPartialAggregateStream[831]	1	232504	0	11851669	628	4	11516418	195384	RepartitionExec[Merge]=11516418;RepartitionExec=327835;OrderedPartialAggregateStream=7416
event	162874	refusal	RepartitionExec[1]	1	59902	160267	11851669	628	4	11516418	195384	RepartitionExec[Merge]=11516418;RepartitionExec=327835;OrderedPartialAggregateStream=7416
event	162886	refusal	RepartitionExec[0]	1	50237	167568	11851669	628	4	11516418	195384	RepartitionExec[Merge]=11516418;RepartitionExec=327835;OrderedPartialAggregateStream=7416
event	162923	refusal	RepartitionExec[1]	1	103030	160267	11854141	628	4	11516418	195384	RepartitionExec[Merge]=11516418;RepartitionExec=327835;OrderedPartialAggregateStream=9888
event	162931	refusal	RepartitionExec[0]	1	99434	167568	11854141	628	4	11516418	195384	RepartitionExec[Merge]=11516418;RepartitionExec=327835;OrderedPartialAggregateStream=9888
event	162938	refusal	RepartitionExec[0]	1	62599	167568	11854141	628	4	11516418	195384	RepartitionExec[Merge]=11516418;RepartitionExec=327835;OrderedPartialAggregateStream=9888
event	162957	refusal	RepartitionExec[0]	1	49338	167568	11920709	628	4	11516418	195384	RepartitionExec[Merge]=11516418;RepartitionExec=327835;OrderedPartialAggregateStream=9888
event	162967	refusal	RepartitionExec[1]	1	49002	160267	11854965	628	4	11516418	195384	RepartitionExec[Merge]=11516418;RepartitionExec=327835;OrderedPartialAggregateStream=76456
event	162984	refusal	RepartitionExec[1]	1	47764	160267	11854141	627	4	11516418	195695	RepartitionExec[Merge]=11516418;RepartitionExec=327835;OrderedPartialAggregateStream=9888
event	162999	refusal	RepartitionExec[0]	1	50237	167568	11854141	627	4	11516418	195695	RepartitionExec[Merge]=11516418;RepartitionExec=327835;OrderedPartialAggregateStream=9888
event	163083	refusal	OrderedPartialAggregateStream[284]	1	248281	0	11851669	624	4	11516418	196636	RepartitionExec[Merge]=11516418;RepartitionExec=327835;OrderedPartialAggregateStream=7416
event	163098	refusal	RepartitionExec[1]	1	78757	160267	11851669	624	4	11516418	196636	RepartitionExec[Merge]=11516418;RepartitionExec=327835;OrderedPartialAggregateStream=7416
event	163111	refusal	OrderedPartialAggregateStream[343]	1	238408	0	11851669	624	4	11516418	196636	RepartitionExec[Merge]=11516418;RepartitionExec=327835;OrderedPartialAggregateStream=7416
event	163137	refusal	OrderedPartialAggregateStream[706]	1	230641	0	11851669	624	4	11516418	196636	RepartitionExec[Merge]=11516418;RepartitionExec=327835;OrderedPartialAggregateStream=7416
event	163154	refusal	RepartitionExec[1]	1	50237	160267	11851669	624	4	11516418	196636	RepartitionExec[Merge]=11516418;RepartitionExec=327835;OrderedPartialAggregateStream=7416
event	163198	refusal	RepartitionExec[1]	1	56306	160267	11852493	624	4	11516418	196636	RepartitionExec[Merge]=11516418;RepartitionExec=327835;OrderedPartialAggregateStream=8240
event	163224	refusal	RepartitionExec[1]	1	99434	160267	11854141	624	4	11516418	196636	RepartitionExec[Merge]=11516418;RepartitionExec=327835;OrderedPartialAggregateStream=75632
event	163236	refusal	RepartitionExec[0]	1	56194	167568	11854141	624	4	11516418	196636	RepartitionExec[Merge]=11516418;RepartitionExec=327835;OrderedPartialAggregateStream=75632
event	163254	refusal	RepartitionExec[0]	1	52486	167568	11854141	624	4	11516418	196636	RepartitionExec[Merge]=11516418;RepartitionExec=327835;OrderedPartialAggregateStream=9888
event	163270	refusal	RepartitionExec[1]	1	62599	160267	11854141	624	4	11516418	196636	RepartitionExec[Merge]=11516418;RepartitionExec=327835;OrderedPartialAggregateStream=9888
event	163271	refusal	RepartitionExec[0]	1	49562	167568	11854141	624	4	11516418	196636	RepartitionExec[Merge]=11516418;RepartitionExec=327835;OrderedPartialAggregateStream=9888
event	163284	refusal	OrderedPartialAggregateStream[635]	1	221002	0	11853317	623	4	11516418	196952	RepartitionExec[Merge]=11516418;RepartitionExec=327835;OrderedPartialAggregateStream=9064
event	163339	refusal	OrderedPartialAggregateStream[854]	1	246436	0	11852493	622	4	11516418	197268	RepartitionExec[Merge]=11516418;RepartitionExec=327835;OrderedPartialAggregateStream=8240
event	163351	refusal	RepartitionExec[1]	1	50237	160267	11851669	621	4	11516418	197586	RepartitionExec[Merge]=11516418;RepartitionExec=327835;OrderedPartialAggregateStream=7416
event	163379	refusal	OrderedPartialAggregateStream[246]	1	251818	0	11852493	621	4	11516418	197586	RepartitionExec[Merge]=11516418;RepartitionExec=327835;OrderedPartialAggregateStream=8240
event	163389	refusal	RepartitionExec[0]	1	45854	167568	11852493	621	4	11516418	197586	RepartitionExec[Merge]=11516418;RepartitionExec=327835;OrderedPartialAggregateStream=8240
event	163406	refusal	RepartitionExec[1]	1	49338	160267	11852493	621	4	11516418	197586	RepartitionExec[Merge]=11516418;RepartitionExec=327835;OrderedPartialAggregateStream=8240
event	163472	refusal	RepartitionExec[0]	1	55519	167568	11852493	620	4	11516418	197905	RepartitionExec[Merge]=11516418;RepartitionExec=327835;OrderedPartialAggregateStream=9064
event	163480	refusal	RepartitionExec[0]	1	57541	167568	11852493	619	4	11516418	198225	RepartitionExec[Merge]=11516418;RepartitionExec=327835;OrderedPartialAggregateStream=8240
event	163495	refusal	RepartitionExec[1]	1	56194	160267	11852493	619	4	11516418	198225	RepartitionExec[Merge]=11516418;RepartitionExec=327835;OrderedPartialAggregateStream=8240
event	163501	refusal	OrderedPartialAggregateStream[1082]	1	417758	0	11851669	619	4	11516418	198225	RepartitionExec[Merge]=11516418;RepartitionExec=327835;OrderedPartialAggregateStream=7416
event	163520	refusal	OrderedPartialAggregateStream[558]	1	222118	0	11851669	618	4	11516418	198545	RepartitionExec[Merge]=11516418;RepartitionExec=327835;OrderedPartialAggregateStream=7416
event	163560	refusal	RepartitionExec[1]	1	52486	160267	11851669	618	4	11516418	198545	RepartitionExec[Merge]=11516418;RepartitionExec=327835;OrderedPartialAggregateStream=7416
event	163588	refusal	RepartitionExec[1]	1	49562	160267	12048685	617	4	11516418	198867	RepartitionExec[Merge]=11516418;RepartitionExec=327835;OrderedPartialAggregateStream=6592
event	163605	refusal	OrderedPartialAggregateStream[620]	1	222748	0	12048685	617	4	11516418	198867	RepartitionExec[Merge]=11516418;RepartitionExec=327835;OrderedPartialAggregateStream=6592
event	163620	refusal	OrderedPartialAggregateStream[780]	1	228661	0	11852493	617	4	11516418	198867	RepartitionExec[Merge]=11516418;RepartitionExec=327835;OrderedPartialAggregateStream=8240
event	163636	refusal	RepartitionExec[0]	1	46305	167568	11851669	617	4	11516418	198867	RepartitionExec[Merge]=11516418;RepartitionExec=327835;OrderedPartialAggregateStream=7416
event	163651	refusal	RepartitionExec[0]	1	81790	167568	11851669	616	4	11516418	199190	RepartitionExec[Merge]=11516418;RepartitionExec=327835;OrderedPartialAggregateStream=7416
event	163684	refusal	RepartitionExec[1]	1	45854	160267	11852493	616	4	11516418	199190	RepartitionExec[Merge]=11516418;RepartitionExec=327835;OrderedPartialAggregateStream=8240
event	163722	refusal	RepartitionExec[0]	1	46529	167568	11852493	616	4	11516418	199190	RepartitionExec[Merge]=11516418;RepartitionExec=327835;OrderedPartialAggregateStream=9064
event	163725	refusal	RepartitionExec[0]	1	48778	167568	11852493	615	4	11516418	199514	RepartitionExec[Merge]=11516418;RepartitionExec=327835;OrderedPartialAggregateStream=8240
event	163750	refusal	RepartitionExec[1]	1	55519	160267	11852493	615	4	11516418	199514	RepartitionExec[Merge]=11516418;RepartitionExec=327835;OrderedPartialAggregateStream=8240
event	163781	refusal	RepartitionExec[1]	1	81790	160267	11852493	615	4	11516418	199514	RepartitionExec[Merge]=11516418;RepartitionExec=327835;OrderedPartialAggregateStream=8240
event	163844	refusal	RepartitionExec[1]	1	48778	160267	11850845	614	4	11516418	199839	RepartitionExec[Merge]=11516418;RepartitionExec=327835;OrderedPartialAggregateStream=6592
event	163859	refusal	OrderedPartialAggregateStream[500]	1	231019	0	11850845	613	4	11516418	200165	RepartitionExec[Merge]=11516418;RepartitionExec=327835;OrderedPartialAggregateStream=6592
event	163879	refusal	OrderedPartialAggregateStream[927]	1	262469	0	11850845	613	4	11516418	200165	RepartitionExec[Merge]=11516418;RepartitionExec=327835;OrderedPartialAggregateStream=6592
event	163888	refusal	RepartitionExec[1]	1	46305	160267	11850845	613	4	11516418	200165	RepartitionExec[Merge]=11516418;RepartitionExec=327835;OrderedPartialAggregateStream=6592
event	163935	refusal	RepartitionExec[1]	1	57541	160267	11916589	612	4	11516418	200492	RepartitionExec[Merge]=11516418;RepartitionExec=327835;OrderedPartialAggregateStream=5768
event	163953	refusal	OrderedPartialAggregateStream[406]	1	225718	0	11916589	612	4	11516418	200492	RepartitionExec[Merge]=11516418;RepartitionExec=327835;OrderedPartialAggregateStream=5768
event	163997	refusal	RepartitionExec[1]	1	46529	160267	11850845	611	4	11516418	200820	RepartitionExec[Merge]=11516418;RepartitionExec=327835;OrderedPartialAggregateStream=6592
event	164003	refusal	RepartitionExec[0]	1	58891	167568	11850845	611	4	11516418	200820	RepartitionExec[Merge]=11516418;RepartitionExec=327835;OrderedPartialAggregateStream=6592
event	164019	refusal	RepartitionExec[0]	1	49677	167568	11850845	611	4	11516418	200820	RepartitionExec[Merge]=11516418;RepartitionExec=327835;OrderedPartialAggregateStream=6592
event	164065	refusal	RepartitionExec[0]	1	47652	167568	11850845	610	4	11516418	201149	RepartitionExec[Merge]=11516418;RepartitionExec=327835;OrderedPartialAggregateStream=6592
event	164096	refusal	OrderedPartialAggregateStream[334]	1	237940	0	11850021	609	4	11516418	201479	RepartitionExec[Merge]=11516418;RepartitionExec=327835;OrderedPartialAggregateStream=5768
event	164103	refusal	OrderedPartialAggregateStream[817]	1	246175	0	11850021	609	4	11516418	201479	RepartitionExec[Merge]=11516418;RepartitionExec=327835;OrderedPartialAggregateStream=5768
event	164156	refusal	RepartitionExec[1]	1	49677	160267	11849197	608	4	11516418	201811	RepartitionExec[Merge]=11516418;RepartitionExec=327835;OrderedPartialAggregateStream=4944
event	164185	refusal	RepartitionExec[0]	1	55407	167568	11850021	607	4	11516418	202143	RepartitionExec[Merge]=11516418;RepartitionExec=327835;OrderedPartialAggregateStream=5768
event	164214	refusal	RepartitionExec[0]	1	52259	167568	11850021	607	4	11516418	202143	RepartitionExec[Merge]=11516418;RepartitionExec=327835;OrderedPartialAggregateStream=5768
event	164239	refusal	OrderedPartialAggregateStream[762]	1	238462	0	11849197	606	4	11516418	202477	RepartitionExec[Merge]=11516418;RepartitionExec=327835;OrderedPartialAggregateStream=4944
event	164250	refusal	RepartitionExec[1]	1	58891	160267	11849197	606	4	11516418	202477	RepartitionExec[Merge]=11516418;RepartitionExec=327835;OrderedPartialAggregateStream=4944
event	164261	refusal	OrderedPartialAggregateStream[820]	1	230146	0	11849197	606	4	11516418	202477	RepartitionExec[Merge]=11516418;RepartitionExec=327835;OrderedPartialAggregateStream=4944
event	164286	refusal	OrderedPartialAggregateStream[1054]	1	445946	0	11848373	605	4	11516418	202812	RepartitionExec[Merge]=11516418;RepartitionExec=327835;OrderedPartialAggregateStream=4120
event	164312	refusal	RepartitionExec[1]	1	55407	160267	11849197	605	4	11516418	202812	RepartitionExec[Merge]=11516418;RepartitionExec=327835;OrderedPartialAggregateStream=4944
event	164323	refusal	RepartitionExec[0]	1	52486	167568	11849197	605	4	11516418	202812	RepartitionExec[Merge]=11516418;RepartitionExec=327835;OrderedPartialAggregateStream=4944
event	164349	refusal	RepartitionExec[1]	1	52259	160267	11915765	605	4	11516418	202812	RepartitionExec[Merge]=11516418;RepartitionExec=327835;OrderedPartialAggregateStream=4944
event	164361	refusal	RepartitionExec[1]	1	47652	160267	11915765	605	4	11516418	202812	RepartitionExec[Merge]=11516418;RepartitionExec=327835;OrderedPartialAggregateStream=4944
event	164379	refusal	OrderedPartialAggregateStream[1067]	1	404393	0	11850021	605	4	11516418	202812	RepartitionExec[Merge]=11516418;RepartitionExec=327835;OrderedPartialAggregateStream=5768
event	164407	refusal	RepartitionExec[0]	1	49338	167568	11849197	604	4	11516418	203147	RepartitionExec[Merge]=11516418;RepartitionExec=327835;OrderedPartialAggregateStream=4944
event	164534	refusal	OrderedPartialAggregateStream[748]	1	231541	0	11978821	604	4	11516418	203147	RepartitionExec[Merge]=11516418;RepartitionExec=327835;OrderedPartialAggregateStream=5768
event	164562	refusal	OrderedPartialAggregateStream[903]	1	261929	0	11977997	603	4	11516418	203484	RepartitionExec[Merge]=11516418;RepartitionExec=327835;OrderedPartialAggregateStream=4120
event	164571	refusal	OrderedPartialAggregateStream[407]	1	226330	0	11977997	602	4	11516418	203822	RepartitionExec[Merge]=11516418;RepartitionExec=327835;OrderedPartialAggregateStream=3296
event	164591	refusal	RepartitionExec[1]	1	52486	160267	11977997	601	4	11516418	204161	RepartitionExec[Merge]=11516418;RepartitionExec=327835;OrderedPartialAggregateStream=2472
event	164602	refusal	OrderedPartialAggregateStream[560]	1	222991	0	11977997	601	4	11516418	204161	RepartitionExec[Merge]=11516418;RepartitionExec=327835;OrderedPartialAggregateStream=2472
event	164615	refusal	RepartitionExec[1]	1	49338	160267	11978821	600	4	11516418	204502	RepartitionExec[Merge]=11516418;RepartitionExec=327835;OrderedPartialAggregateStream=134568
event	164642	refusal	OrderedPartialAggregateStream[779]	1	223027	0	11914941	600	4	11516418	204502	RepartitionExec[Merge]=11516418;RepartitionExec=327835;OrderedPartialAggregateStream=4120
event	164649	refusal	RepartitionExec[0]	1	49901	167568	11914941	600	4	11516418	204502	RepartitionExec[Merge]=11516418;RepartitionExec=327835;OrderedPartialAggregateStream=4120
event	164662	refusal	RepartitionExec[0]	1	76735	167568	12048077	600	4	11516418	204502	RepartitionExec[Merge]=11516418;RepartitionExec=327835;OrderedPartialAggregateStream=4120
event	164680	refusal	OrderedPartialAggregateStream[1194]	1	951274	0	12048077	600	4	11516418	204502	RepartitionExec[Merge]=11516418;RepartitionExec=327835;OrderedPartialAggregateStream=4120
event	164692	refusal	RepartitionExec[0]	1	92466	167568	11850845	600	4	11516418	204502	RepartitionExec[Merge]=11516418;RepartitionExec=327835;OrderedPartialAggregateStream=138080
event	164708	refusal	OrderedPartialAggregateStream[382]	1	241441	0	11851669	600	4	11516418	204502	RepartitionExec[Merge]=11516418;RepartitionExec=327835;OrderedPartialAggregateStream=7416
event	164711	refusal	RepartitionExec[0]	1	46641	167568	11851669	600	4	11516418	204502	RepartitionExec[Merge]=11516418;RepartitionExec=327835;OrderedPartialAggregateStream=7416
event	164743	refusal	RepartitionExec[0]	1	46641	167568	11850845	599	4	11516418	204843	RepartitionExec[Merge]=11516418;RepartitionExec=327835;OrderedPartialAggregateStream=6592
event	164755	refusal	RepartitionExec[0]	1	58667	167568	11850845	599	4	11516418	204843	RepartitionExec[Merge]=11516418;RepartitionExec=327835;OrderedPartialAggregateStream=6592
event	164765	refusal	RepartitionExec[0]	1	47879	167568	11850845	599	4	11516418	204843	RepartitionExec[Merge]=11516418;RepartitionExec=327835;OrderedPartialAggregateStream=6592
event	164790	refusal	RepartitionExec[1]	1	49901	160267	11850845	599	4	11516418	204843	RepartitionExec[Merge]=11516418;RepartitionExec=327835;OrderedPartialAggregateStream=6592
event	164827	refusal	RepartitionExec[1]	1	76735	160267	11850845	598	4	11516418	205186	RepartitionExec[Merge]=11516418;RepartitionExec=327835;OrderedPartialAggregateStream=6592
event	164838	refusal	RepartitionExec[0]	1	53609	167568	11850845	598	4	11516418	205186	RepartitionExec[Merge]=11516418;RepartitionExec=327835;OrderedPartialAggregateStream=6592
event	164855	refusal	RepartitionExec[1]	1	92466	160267	11850845	598	4	11516418	205186	RepartitionExec[Merge]=11516418;RepartitionExec=327835;OrderedPartialAggregateStream=6592
event	164890	refusal	RepartitionExec[1]	1	47879	160267	11850845	598	4	11516418	205186	RepartitionExec[Merge]=11516418;RepartitionExec=327835;OrderedPartialAggregateStream=6592
event	164903	refusal	RepartitionExec[1]	1	46641	160267	11850845	598	4	11516418	205186	RepartitionExec[Merge]=11516418;RepartitionExec=327835;OrderedPartialAggregateStream=6592
event	164916	refusal	OrderedPartialAggregateStream[585]	1	223000	0	11850845	598	4	11516418	205186	RepartitionExec[Merge]=11516418;RepartitionExec=327835;OrderedPartialAggregateStream=6592
event	164954	refusal	OrderedPartialAggregateStream[818]	1	239614	0	11850845	598	4	11516418	205186	RepartitionExec[Merge]=11516418;RepartitionExec=327835;OrderedPartialAggregateStream=6592
event	164970	refusal	OrderedPartialAggregateStream[1194]	1	260680	0	11850845	598	4	11516418	205186	RepartitionExec[Merge]=11516418;RepartitionExec=327835;OrderedPartialAggregateStream=6592
event	164980	refusal	RepartitionExec[1]	1	58667	160267	11851669	598	4	11516418	205186	RepartitionExec[Merge]=11516418;RepartitionExec=327835;OrderedPartialAggregateStream=6592
event	164986	refusal	OrderedPartialAggregateStream[964]	1	272846	0	11851669	598	4	11516418	205186	RepartitionExec[Merge]=11516418;RepartitionExec=327835;OrderedPartialAggregateStream=6592
event	165002	refusal	RepartitionExec[1]	1	46641	160267	11852493	598	4	11516418	205186	RepartitionExec[Merge]=11516418;RepartitionExec=327835;OrderedPartialAggregateStream=7416
event	165019	refusal	OrderedPartialAggregateStream[210]	1	276788	0	11851669	598	4	11516418	205186	RepartitionExec[Merge]=11516418;RepartitionExec=327835;OrderedPartialAggregateStream=7416
event	165028	refusal	RepartitionExec[0]	1	46641	167568	11851669	598	4	11516418	205186	RepartitionExec[Merge]=11516418;RepartitionExec=327835;OrderedPartialAggregateStream=7416
event	165034	refusal	OrderedPartialAggregateStream[707]	1	223612	0	11850845	598	4	11516418	205186	RepartitionExec[Merge]=11516418;RepartitionExec=327835;OrderedPartialAggregateStream=7416
event	165046	refusal	OrderedPartialAggregateStream[346]	1	237553	0	11851669	598	4	11516418	205186	RepartitionExec[Merge]=11516418;RepartitionExec=327835;OrderedPartialAggregateStream=9064
event	165066	refusal	OrderedPartialAggregateStream[79]	1	825463	0	11918237	596	4	11516418	205874	RepartitionExec[Merge]=11516418;RepartitionExec=327835;OrderedPartialAggregateStream=7416
event	165079	refusal	RepartitionExec[0]	1	52934	167568	11918237	596	4	11516418	205874	RepartitionExec[Merge]=11516418;RepartitionExec=327835;OrderedPartialAggregateStream=7416
event	165091	refusal	RepartitionExec[1]	1	53609	160267	11984805	596	4	11516418	205874	RepartitionExec[Merge]=11516418;RepartitionExec=327835;OrderedPartialAggregateStream=7416
event	165102	refusal	RepartitionExec[0]	1	206703	167568	11854141	596	4	11516418	205874	RepartitionExec[Merge]=11516418;RepartitionExec=327835;OrderedPartialAggregateStream=9888
event	165117	refusal	RepartitionExec[0]	1	46865	167568	11919885	595	4	11516418	206220	RepartitionExec[Merge]=11516418;RepartitionExec=327835;OrderedPartialAggregateStream=9064
event	165131	refusal	RepartitionExec[0]	1	62823	167568	11919885	595	4	11516418	206220	RepartitionExec[Merge]=11516418;RepartitionExec=327835;OrderedPartialAggregateStream=9064
event	165138	refusal	RepartitionExec[0]	1	64285	167568	11854141	595	4	11516418	206220	RepartitionExec[Merge]=11516418;RepartitionExec=327835;OrderedPartialAggregateStream=9888
event	165169	refusal	RepartitionExec[0]	1	52147	167568	11853317	595	4	11516418	206220	RepartitionExec[Merge]=11516418;RepartitionExec=327835;OrderedPartialAggregateStream=9064
event	165228	refusal	RepartitionExec[1]	1	206703	160267	11852493	593	4	11516418	206916	RepartitionExec[Merge]=11516418;RepartitionExec=327835;OrderedPartialAggregateStream=8240
event	165255	refusal	RepartitionExec[1]	1	62823	160267	11852493	593	4	11516418	206916	RepartitionExec[Merge]=11516418;RepartitionExec=327835;OrderedPartialAggregateStream=8240
event	165306	refusal	RepartitionExec[1]	1	52934	206908	11898310	592	4	11516418	207265	RepartitionExec[Merge]=11516418;RepartitionExec=374476;OrderedPartialAggregateStream=7416
event	165316	refusal	OrderedPartialAggregateStream[79]	1	260552	0	11898310	592	4	11516418	207265	RepartitionExec[Merge]=11516418;RepartitionExec=374476;OrderedPartialAggregateStream=7416
event	165371	refusal	OrderedPartialAggregateStream[509]	1	225052	0	11897486	591	4	11516418	207616	RepartitionExec[Merge]=11516418;RepartitionExec=374476;OrderedPartialAggregateStream=7416
event	165387	refusal	RepartitionExec[0]	1	159056	167568	11897486	591	4	11516418	207616	RepartitionExec[Merge]=11516418;RepartitionExec=374476;OrderedPartialAggregateStream=7416
event	165394	refusal	RepartitionExec[1]	1	46865	206908	11897486	590	4	11516418	207968	RepartitionExec[Merge]=11516418;RepartitionExec=374476;OrderedPartialAggregateStream=6592
event	165410	refusal	OrderedPartialAggregateStream[621]	1	224764	0	11897486	590	4	11516418	207968	RepartitionExec[Merge]=11516418;RepartitionExec=374476;OrderedPartialAggregateStream=6592
event	165479	refusal	OrderedPartialAggregateStream[782]	1	223594	0	11964054	589	4	11516418	208321	RepartitionExec[Merge]=11516418;RepartitionExec=374476;OrderedPartialAggregateStream=6592
event	165485	refusal	OrderedPartialAggregateStream[247]	1	249703	0	11964054	589	4	11516418	208321	RepartitionExec[Merge]=11516418;RepartitionExec=374476;OrderedPartialAggregateStream=6592
event	165502	refusal	RepartitionExec[1]	1	64285	206908	11898310	589	4	11516418	208321	RepartitionExec[Merge]=11516418;RepartitionExec=374476;OrderedPartialAggregateStream=73160
event	165516	refusal	OrderedPartialAggregateStream[1068]	1	416237	0	11898310	589	4	11516418	208321	RepartitionExec[Merge]=11516418;RepartitionExec=374476;OrderedPartialAggregateStream=7416
event	165530	refusal	RepartitionExec[0]	1	47428	167568	11898310	589	4	11516418	208321	RepartitionExec[Merge]=11516418;RepartitionExec=374476;OrderedPartialAggregateStream=7416
event	165544	refusal	RepartitionExec[1]	1	52147	206908	11898310	589	4	11516418	208321	RepartitionExec[Merge]=11516418;RepartitionExec=374476;OrderedPartialAggregateStream=7416
event	165555	refusal	RepartitionExec[0]	1	47316	167568	11898310	588	4	11516418	208675	RepartitionExec[Merge]=11516418;RepartitionExec=374476;OrderedPartialAggregateStream=7416
event	165572	refusal	RepartitionExec[0]	1	46865	167568	11899134	588	4	11516418	208675	RepartitionExec[Merge]=11516418;RepartitionExec=374476;OrderedPartialAggregateStream=8240
event	165605	refusal	OrderedPartialAggregateStream[296]	1	241045	0	11897486	586	4	11516418	209387	RepartitionExec[Merge]=11516418;RepartitionExec=374476;OrderedPartialAggregateStream=6592
event	165616	refusal	RepartitionExec[0]	1	56754	167568	11897486	586	4	11516418	209387	RepartitionExec[Merge]=11516418;RepartitionExec=374476;OrderedPartialAggregateStream=6592
event	165671	refusal	RepartitionExec[1]	1	47316	206908	11898310	586	4	11516418	209387	RepartitionExec[Merge]=11516418;RepartitionExec=374476;OrderedPartialAggregateStream=7416
event	165683	refusal	OrderedPartialAggregateStream[855]	1	231559	0	11898310	586	4	11516418	209387	RepartitionExec[Merge]=11516418;RepartitionExec=374476;OrderedPartialAggregateStream=7416
event	165688	refusal	RepartitionExec[1]	1	159056	206908	11964878	586	4	11516418	209387	RepartitionExec[Merge]=11516418;RepartitionExec=374476;OrderedPartialAggregateStream=7416
event	165700	refusal	RepartitionExec[0]	1	81230	167568	11964878	586	4	11516418	209387	RepartitionExec[Merge]=11516418;RepartitionExec=374476;OrderedPartialAggregateStream=7416
event	165711	refusal	OrderedPartialAggregateStream[562]	1	225997	0	11899134	586	4	11516418	209387	RepartitionExec[Merge]=11516418;RepartitionExec=374476;OrderedPartialAggregateStream=8240
event	165730	refusal	RepartitionExec[0]	1	53497	167568	11899134	586	4	11516418	209387	RepartitionExec[Merge]=11516418;RepartitionExec=374476;OrderedPartialAggregateStream=8240
event	165748	refusal	RepartitionExec[1]	1	56754	206908	11898310	585	4	11516418	209745	RepartitionExec[Merge]=11516418;RepartitionExec=374476;OrderedPartialAggregateStream=7416
event	165799	refusal	RepartitionExec[0]	1	49901	167568	11899134	584	4	11516418	210104	RepartitionExec[Merge]=11516418;RepartitionExec=374476;OrderedPartialAggregateStream=8240
event	165816	refusal	RepartitionExec[1]	1	46865	206908	11898310	584	4	11516418	210104	RepartitionExec[Merge]=11516418;RepartitionExec=374476;OrderedPartialAggregateStream=8240
event	165827	refusal	RepartitionExec[0]	1	47764	167568	11898310	583	4	11516418	210465	RepartitionExec[Merge]=11516418;RepartitionExec=374476;OrderedPartialAggregateStream=7416
event	165857	refusal	OrderedPartialAggregateStream[667]	1	228985	0	11898310	583	4	11516418	210465	RepartitionExec[Merge]=11516418;RepartitionExec=374476;OrderedPartialAggregateStream=7416
event	165869	refusal	RepartitionExec[1]	1	47428	206908	11898310	583	4	11516418	210465	RepartitionExec[Merge]=11516418;RepartitionExec=374476;OrderedPartialAggregateStream=7416
event	165907	refusal	OrderedPartialAggregateStream[504]	1	228922	0	11898310	583	4	11516418	210465	RepartitionExec[Merge]=11516418;RepartitionExec=374476;OrderedPartialAggregateStream=7416
event	165933	refusal	RepartitionExec[0]	1	48890	167568	11898310	582	4	11516418	210826	RepartitionExec[Merge]=11516418;RepartitionExec=374476;OrderedPartialAggregateStream=7416
event	165956	refusal	RepartitionExec[1]	1	81230	206908	11898310	582	4	11516418	210826	RepartitionExec[Merge]=11516418;RepartitionExec=374476;OrderedPartialAggregateStream=7416
event	166013	refusal	RepartitionExec[0]	1	48890	167568	11898310	581	4	11516418	211189	RepartitionExec[Merge]=11516418;RepartitionExec=374476;OrderedPartialAggregateStream=7416
event	166024	refusal	RepartitionExec[1]	1	53497	206908	11897486	581	4	11516418	211189	RepartitionExec[Merge]=11516418;RepartitionExec=374476;OrderedPartialAggregateStream=7416
event	166036	refusal	OrderedPartialAggregateStream[408]	1	235780	0	11897486	580	4	11516418	211553	RepartitionExec[Merge]=11516418;RepartitionExec=374476;OrderedPartialAggregateStream=6592
event	166235	refusal	OrderedPartialAggregateStream[968]	1	396401	0	11962406	580	4	11516418	211553	RepartitionExec[Merge]=11516418;RepartitionExec=374476;OrderedPartialAggregateStream=6592
event	166245	refusal	RepartitionExec[1]	1	49901	206908	11962406	579	4	11516418	211919	RepartitionExec[Merge]=11516418;RepartitionExec=374476;OrderedPartialAggregateStream=5768
event	166354	refusal	OrderedPartialAggregateStream[763]	1	226294	0	12091206	579	4	11516418	211919	RepartitionExec[Merge]=11516418;RepartitionExec=374476;OrderedPartialAggregateStream=5768
event	166366	refusal	OrderedPartialAggregateStream[337]	1	239632	0	12025462	579	4	11516418	211919	RepartitionExec[Merge]=11516418;RepartitionExec=374476;OrderedPartialAggregateStream=72336
event	166380	refusal	OrderedPartialAggregateStream[1195]	1	859321	0	12025462	579	4	11516418	211919	RepartitionExec[Merge]=11516418;RepartitionExec=374476;OrderedPartialAggregateStream=71512
event	166393	refusal	RepartitionExec[1]	1	48890	206908	12025462	579	4	11516418	211919	RepartitionExec[Merge]=11516418;RepartitionExec=374476;OrderedPartialAggregateStream=71512
event	166404	refusal	RepartitionExec[1]	1	47764	206908	12025462	578	4	11516418	212286	RepartitionExec[Merge]=11516418;RepartitionExec=374476;OrderedPartialAggregateStream=70688
event	166424	refusal	RepartitionExec[1]	1	48890	206908	12158598	578	4	11516418	212286	RepartitionExec[Merge]=11516418;RepartitionExec=374476;OrderedPartialAggregateStream=70688
event	166440	refusal	OrderedPartialAggregateStream[781]	1	233971	0	12028150	576	4	11516418	213023	RepartitionExec[Merge]=11516418;RepartitionExec=374476;OrderedPartialAggregateStream=69864
event	166460	refusal	OrderedPartialAggregateStream[299]	1	245275	0	11896662	576	4	11516418	213023	RepartitionExec[Merge]=11516418;RepartitionExec=374476;OrderedPartialAggregateStream=71512
event	166470	refusal	RepartitionExec[0]	1	73699	167568	11896662	575	4	11516418	213393	RepartitionExec[Merge]=11516418;RepartitionExec=374476;OrderedPartialAggregateStream=71512
event	166493	refusal	RepartitionExec[0]	1	47879	167568	11896662	575	4	11516418	213393	RepartitionExec[Merge]=11516418;RepartitionExec=374476;OrderedPartialAggregateStream=71512
event	166500	refusal	OrderedPartialAggregateStream[409]	1	226285	0	11896662	575	4	11516418	213393	RepartitionExec[Merge]=11516418;RepartitionExec=374476;OrderedPartialAggregateStream=71512
event	166514	refusal	RepartitionExec[0]	1	51475	167568	11895838	575	4	11516418	213393	RepartitionExec[Merge]=11516418;RepartitionExec=374476;OrderedPartialAggregateStream=71512
event	166650	refusal	OrderedPartialAggregateStream[749]	1	229894	0	12028974	575	4	11516418	213393	RepartitionExec[Merge]=11516418;RepartitionExec=374476;OrderedPartialAggregateStream=5768
event	166665	refusal	OrderedPartialAggregateStream[1195]	1	260552	0	12028150	575	4	11516418	213393	RepartitionExec[Merge]=11516418;RepartitionExec=374476;OrderedPartialAggregateStream=5768
event	166675	refusal	RepartitionExec[0]	1	52934	167568	11897486	573	4	11516418	214138	RepartitionExec[Merge]=11516418;RepartitionExec=374476;OrderedPartialAggregateStream=73160
event	166695	refusal	RepartitionExec[1]	1	73699	206908	11897486	573	4	11516418	214138	RepartitionExec[Merge]=11516418;RepartitionExec=374476;OrderedPartialAggregateStream=73160
event	166708	refusal	RepartitionExec[0]	1	55071	167568	11897486	573	4	11516418	214138	RepartitionExec[Merge]=11516418;RepartitionExec=374476;OrderedPartialAggregateStream=73160
event	166716	refusal	RepartitionExec[0]	1	171869	167568	11964054	573	4	11516418	214138	RepartitionExec[Merge]=11516418;RepartitionExec=374476;OrderedPartialAggregateStream=73160
event	166736	refusal	RepartitionExec[1]	1	51475	206908	11964054	573	4	11516418	214138	RepartitionExec[Merge]=11516418;RepartitionExec=374476;OrderedPartialAggregateStream=73160
event	166754	refusal	RepartitionExec[1]	1	47879	206908	11964054	572	4	11516418	214512	RepartitionExec[Merge]=11516418;RepartitionExec=374476;OrderedPartialAggregateStream=6592
event	166764	refusal	RepartitionExec[0]	1	50800	167568	11898310	572	4	11516418	214512	RepartitionExec[Merge]=11516418;RepartitionExec=374476;OrderedPartialAggregateStream=73160
event	166773	refusal	OrderedPartialAggregateStream[904]	1	247678	0	11898310	572	4	11516418	214512	RepartitionExec[Merge]=11516418;RepartitionExec=374476;OrderedPartialAggregateStream=73160
event	166782	refusal	RepartitionExec[0]	1	47879	167568	11898310	572	4	11516418	214512	RepartitionExec[Merge]=11516418;RepartitionExec=374476;OrderedPartialAggregateStream=7416
event	166800	refusal	OrderedPartialAggregateStream[996]	1	268724	0	11898310	572	4	11516418	214512	RepartitionExec[Merge]=11516418;RepartitionExec=374476;OrderedPartialAggregateStream=7416
event	166815	refusal	RepartitionExec[0]	1	49226	167568	11898310	572	4	11516418	214512	RepartitionExec[Merge]=11516418;RepartitionExec=374476;OrderedPartialAggregateStream=7416
event	166824	refusal	RepartitionExec[1]	1	52934	206908	11898310	572	4	11516418	214512	RepartitionExec[Merge]=11516418;RepartitionExec=374476;OrderedPartialAggregateStream=7416
event	166844	refusal	OrderedPartialAggregateStream[1069]	1	431249	0	11898310	572	4	11516418	214512	RepartitionExec[Merge]=11516418;RepartitionExec=374476;OrderedPartialAggregateStream=7416
event	166856	refusal	RepartitionExec[1]	1	55071	206908	11899134	572	4	11516418	214512	RepartitionExec[Merge]=11516418;RepartitionExec=374476;OrderedPartialAggregateStream=8240
event	166887	refusal	RepartitionExec[0]	1	55970	167568	11964878	571	4	11516418	214888	RepartitionExec[Merge]=11516418;RepartitionExec=374476;OrderedPartialAggregateStream=73984
event	166907	refusal	RepartitionExec[1]	1	171869	206908	11899134	571	4	11516418	214888	RepartitionExec[Merge]=11516418;RepartitionExec=374476;OrderedPartialAggregateStream=8240
event	166925	refusal	RepartitionExec[0]	1	61249	167568	11899134	571	4	11516418	214888	RepartitionExec[Merge]=11516418;RepartitionExec=374476;OrderedPartialAggregateStream=8240
event	167018	refusal	OrderedPartialAggregateStream[1056]	1	440204	0	12028758	569	4	11516418	215643	RepartitionExec[Merge]=11516418;RepartitionExec=374476;OrderedPartialAggregateStream=6592
event	167032	refusal	RepartitionExec[1]	1	55970	206908	12028758	569	4	11516418	215643	RepartitionExec[Merge]=11516418;RepartitionExec=374476;OrderedPartialAggregateStream=6592
event	167046	refusal	OrderedPartialAggregateStream[384]	1	239101	0	12028758	569	4	11516418	215643	RepartitionExec[Merge]=11516418;RepartitionExec=374476;OrderedPartialAggregateStream=6592
event	167062	refusal	OrderedPartialAggregateStream[819]	1	236941	0	11898310	569	4	11516418	215643	RepartitionExec[Merge]=11516418;RepartitionExec=374476;OrderedPartialAggregateStream=7416
event	167078	refusal	RepartitionExec[1]	1	61249	206908	11898310	569	4	11516418	215643	RepartitionExec[Merge]=11516418;RepartitionExec=374476;OrderedPartialAggregateStream=7416
event	167080	refusal	RepartitionExec[0]	1	86960	167568	11898310	569	4	11516418	215643	RepartitionExec[Merge]=11516418;RepartitionExec=374476;OrderedPartialAggregateStream=7416
event	167107	refusal	RepartitionExec[1]	1	49226	206908	11898310	569	4	11516418	215643	RepartitionExec[Merge]=11516418;RepartitionExec=374476;OrderedPartialAggregateStream=7416
event	167150	refusal	RepartitionExec[0]	1	52710	167568	11965702	568	4	11516418	216023	RepartitionExec[Merge]=11516418;RepartitionExec=374476;OrderedPartialAggregateStream=74808
event	167164	refusal	RepartitionExec[1]	1	50800	206908	11899958	568	4	11516418	216023	RepartitionExec[Merge]=11516418;RepartitionExec=374476;OrderedPartialAggregateStream=9064
event	167182	refusal	OrderedPartialAggregateStream[28]	1	479426	0	11899134	568	4	11516418	216023	RepartitionExec[Merge]=11516418;RepartitionExec=374476;OrderedPartialAggregateStream=9064
event	167192	refusal	RepartitionExec[0]	1	90332	167568	11899134	568	4	11516418	216023	RepartitionExec[Merge]=11516418;RepartitionExec=374476;OrderedPartialAggregateStream=9064
event	167205	refusal	RepartitionExec[0]	1	51923	167568	11899134	568	4	11516418	216023	RepartitionExec[Merge]=11516418;RepartitionExec=374476;OrderedPartialAggregateStream=8240
event	167224	refusal	OrderedPartialAggregateStream[929]	1	262460	0	11899134	567	4	11516418	216404	RepartitionExec[Merge]=11516418;RepartitionExec=374476;OrderedPartialAggregateStream=8240
event	167226	refusal	OrderedPartialAggregateStream[708]	1	218905	0	11899134	567	4	11516418	216404	RepartitionExec[Merge]=11516418;RepartitionExec=374476;OrderedPartialAggregateStream=8240
event	167242	refusal	RepartitionExec[1]	1	47879	206908	11899134	567	4	11516418	216404	RepartitionExec[Merge]=11516418;RepartitionExec=374476;OrderedPartialAggregateStream=8240
event	167255	refusal	OrderedPartialAggregateStream[211]	1	245608	0	11898310	566	4	11516418	216786	RepartitionExec[Merge]=11516418;RepartitionExec=374476;OrderedPartialAggregateStream=7416
event	167296	refusal	RepartitionExec[1]	1	45067	206908	11944201	566	4	11516418	216786	RepartitionExec[Merge]=11516418;RepartitionExec=419543;OrderedPartialAggregateStream=8240
event	167320	refusal	RepartitionExec[1]	1	90332	206908	11943377	565	4	11516418	217170	RepartitionExec[Merge]=11516418;RepartitionExec=419543;OrderedPartialAggregateStream=7416
event	167351	refusal	RepartitionExec[1]	1	86960	206908	11945849	565	4	11516418	217170	RepartitionExec[Merge]=11516418;RepartitionExec=419543;OrderedPartialAggregateStream=9888
event	167358	refusal	RepartitionExec[0]	1	58891	212635	11945849	565	4	11516418	217170	RepartitionExec[Merge]=11516418;RepartitionExec=419543;OrderedPartialAggregateStream=9888
event	167385	refusal	RepartitionExec[0]	1	55183	212635	11945025	564	4	11516418	217555	RepartitionExec[Merge]=11516418;RepartitionExec=419543;OrderedPartialAggregateStream=9064
event	167396	refusal	RepartitionExec[0]	1	105164	212635	11945025	564	4	11516418	217555	RepartitionExec[Merge]=11516418;RepartitionExec=419543;OrderedPartialAggregateStream=9064
event	167398	refusal	RepartitionExec[1]	1	52710	206908	11945025	564	4	11516418	217555	RepartitionExec[Merge]=11516418;RepartitionExec=419543;OrderedPartialAggregateStream=9064
event	167452	refusal	OrderedPartialAggregateStream[278]	1	251512	0	11944201	563	4	11516418	217941	RepartitionExec[Merge]=11516418;RepartitionExec=419543;OrderedPartialAggregateStream=8240
event	167477	refusal	RepartitionExec[1]	1	51923	206908	11943377	562	4	11516418	218329	RepartitionExec[Merge]=11516418;RepartitionExec=419543;OrderedPartialAggregateStream=7416
event	167491	refusal	OrderedPartialAggregateStream[563]	1	231883	0	11943377	562	4	11516418	218329	RepartitionExec[Merge]=11516418;RepartitionExec=419543;OrderedPartialAggregateStream=7416
event	167543	refusal	RepartitionExec[0]	1	57429	212635	11943377	562	4	11516418	218329	RepartitionExec[Merge]=11516418;RepartitionExec=419543;OrderedPartialAggregateStream=8240
event	167554	refusal	OrderedPartialAggregateStream[856]	1	233980	0	11943377	561	4	11516418	218718	RepartitionExec[Merge]=11516418;RepartitionExec=419543;OrderedPartialAggregateStream=7416
event	167600	refusal	RepartitionExec[0]	1	50013	212635	11942553	559	4	11516418	219501	RepartitionExec[Merge]=11516418;RepartitionExec=419543;OrderedPartialAggregateStream=6592
event	167649	refusal	RepartitionExec[1]	1	58891	206908	11942553	558	4	11516418	219894	RepartitionExec[Merge]=11516418;RepartitionExec=419543;OrderedPartialAggregateStream=6592
event	167661	refusal	RepartitionExec[0]	1	50800	212635	11942553	558	4	11516418	219894	RepartitionExec[Merge]=11516418;RepartitionExec=419543;OrderedPartialAggregateStream=6592
event	167696	refusal	RepartitionExec[1]	1	55183	206908	11942553	558	4	11516418	219894	RepartitionExec[Merge]=11516418;RepartitionExec=419543;OrderedPartialAggregateStream=6592
event	167732	refusal	OrderedPartialAggregateStream[784]	1	235780	0	11942553	558	4	11516418	219894	RepartitionExec[Merge]=11516418;RepartitionExec=419543;OrderedPartialAggregateStream=6592
event	167765	refusal	RepartitionExec[1]	1	105164	206908	12159968	557	4	11516418	220289	RepartitionExec[Merge]=11516418;RepartitionExec=419543;OrderedPartialAggregateStream=224007
event	167796	refusal	OrderedPartialAggregateStream[532]	1	231010	0	12159968	557	4	11516418	220289	RepartitionExec[Merge]=11516418;RepartitionExec=419543;OrderedPartialAggregateStream=224007
event	167801	refusal	OrderedPartialAggregateStream[1090]	1	442490	0	12159968	557	4	11516418	220289	RepartitionExec[Merge]=11516418;RepartitionExec=419543;OrderedPartialAggregateStream=224007
event	167848	refusal	RepartitionExec[1]	1	57429	206908	12046110	556	4	11516418	220685	RepartitionExec[Merge]=11516418;RepartitionExec=419543;OrderedPartialAggregateStream=224007
event	167857	refusal	OrderedPartialAggregateStream[668]	1	227176	0	12046110	556	4	11516418	220685	RepartitionExec[Merge]=11516418;RepartitionExec=419543;OrderedPartialAggregateStream=224007
event	167866	refusal	RepartitionExec[0]	1	51475	212635	12046110	556	4	11516418	220685	RepartitionExec[Merge]=11516418;RepartitionExec=419543;OrderedPartialAggregateStream=224007
event	167880	refusal	OrderedPartialAggregateStream[248]	1	244681	0	12049552	556	4	11516418	220685	RepartitionExec[Merge]=11516418;RepartitionExec=419543;OrderedPartialAggregateStream=47023
event	167893	refusal	RepartitionExec[1]	1	50013	206908	11983808	556	4	11516418	220685	RepartitionExec[Merge]=11516418;RepartitionExec=419543;OrderedPartialAggregateStream=113591
event	167902	refusal	OrderedPartialAggregateStream[765]	1	229849	0	11984632	556	4	11516418	220685	RepartitionExec[Merge]=11516418;RepartitionExec=419543;OrderedPartialAggregateStream=114415
event	167911	refusal	RepartitionExec[0]	1	42113	212635	11984632	556	4	11516418	220685	RepartitionExec[Merge]=11516418;RepartitionExec=419543;OrderedPartialAggregateStream=48671
event	167930	refusal	RepartitionExec[0]	1	91231	212635	11984632	556	4	11516418	220685	RepartitionExec[Merge]=11516418;RepartitionExec=419543;OrderedPartialAggregateStream=48671
event	167949	refusal	RepartitionExec[0]	1	49677	212635	11985456	556	4	11516418	220685	RepartitionExec[Merge]=11516418;RepartitionExec=419543;OrderedPartialAggregateStream=115239
event	167961	refusal	OrderedPartialAggregateStream[1070]	1	417731	0	11986280	556	4	11516418	220685	RepartitionExec[Merge]=11516418;RepartitionExec=419543;OrderedPartialAggregateStream=50319
event	167974	refusal	RepartitionExec[1]	1	50800	206908	11985456	556	4	11516418	220685	RepartitionExec[Merge]=11516418;RepartitionExec=419543;OrderedPartialAggregateStream=49495
event	167975	refusal	RepartitionExec[0]	1	54844	212635	12052024	556	4	11516418	220685	RepartitionExec[Merge]=11516418;RepartitionExec=419543;OrderedPartialAggregateStream=49495
event	167991	refusal	RepartitionExec[0]	1	48215	212635	11986280	555	4	11516418	221083	RepartitionExec[Merge]=11516418;RepartitionExec=419543;OrderedPartialAggregateStream=50319
event	168013	refusal	RepartitionExec[0]	1	49226	212635	11985456	554	4	11516418	221482	RepartitionExec[Merge]=11516418;RepartitionExec=419543;OrderedPartialAggregateStream=49495
event	168074	refusal	OrderedPartialAggregateStream[971]	1	271442	0	11984632	553	4	11516418	221883	RepartitionExec[Merge]=11516418;RepartitionExec=419543;OrderedPartialAggregateStream=48671
event	168107	refusal	OrderedPartialAggregateStream[294]	1	250891	0	11984632	552	4	11516418	222284	RepartitionExec[Merge]=11516418;RepartitionExec=419543;OrderedPartialAggregateStream=48671
event	168121	refusal	RepartitionExec[1]	1	51475	206908	11983808	552	4	11516418	222284	RepartitionExec[Merge]=11516418;RepartitionExec=419543;OrderedPartialAggregateStream=47847
event	168131	refusal	RepartitionExec[0]	1	81790	212635	11983808	551	4	11516418	222688	RepartitionExec[Merge]=11516418;RepartitionExec=419543;OrderedPartialAggregateStream=47847
event	168156	refusal	RepartitionExec[1]	1	42113	206908	11983808	551	4	11516418	222688	RepartitionExec[Merge]=11516418;RepartitionExec=419543;OrderedPartialAggregateStream=47847
event	168192	refusal	RepartitionExec[0]	1	57205	212635	11985456	551	4	11516418	222688	RepartitionExec[Merge]=11516418;RepartitionExec=419543;OrderedPartialAggregateStream=49495
event	168207	refusal	RepartitionExec[0]	1	62263	212635	11985456	551	4	11516418	222688	RepartitionExec[Merge]=11516418;RepartitionExec=419543;OrderedPartialAggregateStream=49495
event	168224	refusal	RepartitionExec[1]	1	91231	206908	11985456	551	4	11516418	222688	RepartitionExec[Merge]=11516418;RepartitionExec=419543;OrderedPartialAggregateStream=49495
event	168256	refusal	RepartitionExec[1]	1	49677	206908	11985456	551	4	11516418	222688	RepartitionExec[Merge]=11516418;RepartitionExec=419543;OrderedPartialAggregateStream=49495
event	168264	refusal	OrderedPartialAggregateStream[410]	1	226591	0	11985456	551	4	11516418	222688	RepartitionExec[Merge]=11516418;RepartitionExec=419543;OrderedPartialAggregateStream=49495
event	168271	refusal	OrderedPartialAggregateStream[510]	1	231064	0	11985456	551	4	11516418	222688	RepartitionExec[Merge]=11516418;RepartitionExec=419543;OrderedPartialAggregateStream=49495
event	168307	refusal	RepartitionExec[1]	1	54844	206908	11984632	550	4	11516418	223093	RepartitionExec[Merge]=11516418;RepartitionExec=419543;OrderedPartialAggregateStream=48671
event	168313	refusal	RepartitionExec[1]	1	48215	206908	11984632	550	4	11516418	223093	RepartitionExec[Merge]=11516418;RepartitionExec=419543;OrderedPartialAggregateStream=48671
event	168342	refusal	RepartitionExec[0]	1	47991	212635	12199731	550	4	11516418	223093	RepartitionExec[Merge]=11516418;RepartitionExec=419543;OrderedPartialAggregateStream=50319
event	168349	refusal	RepartitionExec[0]	1	49677	212635	12199731	550	4	11516418	223093	RepartitionExec[Merge]=11516418;RepartitionExec=419543;OrderedPartialAggregateStream=263770
event	168391	refusal	RepartitionExec[1]	1	49226	206908	12199731	550	4	11516418	223093	RepartitionExec[Merge]=11516418;RepartitionExec=419543;OrderedPartialAggregateStream=263770
event	168434	refusal	RepartitionExec[0]	1	40091	212635	12025631	548	4	11516418	223907	RepartitionExec[Merge]=11516418;RepartitionExec=419543;OrderedPartialAggregateStream=89670
event	168479	refusal	OrderedPartialAggregateStream[1083]	1	433778	0	11992896	548	4	11516418	223907	RepartitionExec[Merge]=11516418;RepartitionExec=428063;OrderedPartialAggregateStream=48415
event	168507	refusal	RepartitionExec[1]	1	57205	206908	11992896	548	4	11516418	223907	RepartitionExec[Merge]=11516418;RepartitionExec=428063;OrderedPartialAggregateStream=48415
event	168513	refusal	OrderedPartialAggregateStream[905]	1	244636	0	11992896	548	4	11516418	223907	RepartitionExec[Merge]=11516418;RepartitionExec=428063;OrderedPartialAggregateStream=48415
event	168533	refusal	RepartitionExec[1]	1	62263	206908	11992896	548	4	11516418	223907	RepartitionExec[Merge]=11516418;RepartitionExec=428063;OrderedPartialAggregateStream=48415
event	168547	refusal	OrderedPartialAggregateStream[73]	1	474152	0	11992896	548	4	11516418	223907	RepartitionExec[Merge]=11516418;RepartitionExec=428063;OrderedPartialAggregateStream=48415
event	168595	refusal	RepartitionExec[0]	1	54844	221155	11992896	546	4	11516418	224727	RepartitionExec[Merge]=11516418;RepartitionExec=428063;OrderedPartialAggregateStream=48415
event	168615	refusal	RepartitionExec[0]	1	87859	221155	11992896	546	4	11516418	224727	RepartitionExec[Merge]=11516418;RepartitionExec=428063;OrderedPartialAggregateStream=48415
event	168665	refusal	RepartitionExec[1]	1	81790	206908	11992072	545	4	11516418	225140	RepartitionExec[Merge]=11516418;RepartitionExec=428063;OrderedPartialAggregateStream=47591
event	168709	refusal	RepartitionExec[1]	1	49677	206908	12123344	545	4	11516418	225140	RepartitionExec[Merge]=11516418;RepartitionExec=428063;OrderedPartialAggregateStream=47591
event	168709	refusal	RepartitionExec[1]	1	47991	206908	12123344	545	4	11516418	225140	RepartitionExec[Merge]=11516418;RepartitionExec=428063;OrderedPartialAggregateStream=47591
event	168725	refusal	OrderedPartialAggregateStream[750]	1	228949	0	12123344	545	4	11516418	225140	RepartitionExec[Merge]=11516418;RepartitionExec=428063;OrderedPartialAggregateStream=47591
event	168781	refusal	OrderedPartialAggregateStream[822]	1	242053	0	12212147	545	4	11516418	225140	RepartitionExec[Merge]=11516418;RepartitionExec=428063;OrderedPartialAggregateStream=268490
event	168787	refusal	RepartitionExec[1]	1	40091	206908	12212147	545	4	11516418	225140	RepartitionExec[Merge]=11516418;RepartitionExec=428063;OrderedPartialAggregateStream=268490
event	168798	refusal	RepartitionExec[0]	1	103142	221155	12212147	544	4	11516418	225553	RepartitionExec[Merge]=11516418;RepartitionExec=428063;OrderedPartialAggregateStream=267666
event	168854	refusal	RepartitionExec[0]	1	48890	221155	12211323	542	4	11516418	226386	RepartitionExec[Merge]=11516418;RepartitionExec=428063;OrderedPartialAggregateStream=266842
event	168883	refusal	RepartitionExec[0]	1	42872	221155	12099158	542	4	11516418	226386	RepartitionExec[Merge]=11516418;RepartitionExec=428063;OrderedPartialAggregateStream=88109
event	168897	refusal	RepartitionExec[1]	1	54844	206908	12033414	542	4	11516418	226386	RepartitionExec[Merge]=11516418;RepartitionExec=428063;OrderedPartialAggregateStream=88933
event	168917	refusal	OrderedPartialAggregateStream[1005]	1	273467	0	12033414	542	4	11516418	226386	RepartitionExec[Merge]=11516418;RepartitionExec=428063;OrderedPartialAggregateStream=88933
event	168928	refusal	OrderedPartialAggregateStream[505]	1	227509	0	12033414	542	4	11516418	226386	RepartitionExec[Merge]=11516418;RepartitionExec=428063;OrderedPartialAggregateStream=88933
event	168939	refusal	RepartitionExec[0]	1	53833	221155	12033414	542	4	11516418	226386	RepartitionExec[Merge]=11516418;RepartitionExec=428063;OrderedPartialAggregateStream=88933
event	168952	refusal	RepartitionExec[1]	1	103142	206908	12033414	542	4	11516418	226386	RepartitionExec[Merge]=11516418;RepartitionExec=428063;OrderedPartialAggregateStream=88933
event	169007	refusal	RepartitionExec[0]	1	63047	221155	12033414	540	4	11516418	227224	RepartitionExec[Merge]=11516418;RepartitionExec=428063;OrderedPartialAggregateStream=88933
event	169022	refusal	RepartitionExec[0]	1	48327	221155	12033414	540	4	11516418	227224	RepartitionExec[Merge]=11516418;RepartitionExec=428063;OrderedPartialAggregateStream=88933
event	169068	refusal	OrderedPartialAggregateStream[1057]	1	426308	0	12226360	539	4	11516418	227646	RepartitionExec[Merge]=11516418;RepartitionExec=428063;OrderedPartialAggregateStream=314358
event	169121	refusal	RepartitionExec[1]	1	87859	215428	12263061	539	4	11516418	227646	RepartitionExec[Merge]=11516418;RepartitionExec=436583;OrderedPartialAggregateStream=88797
event	169132	refusal	RepartitionExec[0]	1	45524	221155	12263061	539	4	11516418	227646	RepartitionExec[Merge]=11516418;RepartitionExec=436583;OrderedPartialAggregateStream=310060
event	169141	refusal	RepartitionExec[1]	1	48890	215428	12263061	539	4	11516418	227646	RepartitionExec[Merge]=11516418;RepartitionExec=436583;OrderedPartialAggregateStream=310060
event	169152	refusal	OrderedPartialAggregateStream[930]	1	251215	0	12263061	539	4	11516418	227646	RepartitionExec[Merge]=11516418;RepartitionExec=436583;OrderedPartialAggregateStream=310060
event	169186	refusal	RepartitionExec[0]	1	85050	221155	12263885	539	4	11516418	227646	RepartitionExec[Merge]=11516418;RepartitionExec=436583;OrderedPartialAggregateStream=310884
event	169201	refusal	RepartitionExec[1]	1	42872	215428	12084037	539	4	11516418	227646	RepartitionExec[Merge]=11516418;RepartitionExec=436583;OrderedPartialAggregateStream=131036
event	169228	refusal	RepartitionExec[0]	1	43376	221155	12084037	538	4	11516418	228069	RepartitionExec[Merge]=11516418;RepartitionExec=436583;OrderedPartialAggregateStream=131036
event	169241	refusal	RepartitionExec[0]	1	57317	221155	12084037	538	4	11516418	228069	RepartitionExec[Merge]=11516418;RepartitionExec=436583;OrderedPartialAggregateStream=131036
event	169249	refusal	RepartitionExec[1]	1	53833	215428	12084037	538	4	11516418	228069	RepartitionExec[Merge]=11516418;RepartitionExec=436583;OrderedPartialAggregateStream=131036
event	169314	refusal	OrderedPartialAggregateStream[385]	1	244744	0	12083213	537	4	11516418	228494	RepartitionExec[Merge]=11516418;RepartitionExec=436583;OrderedPartialAggregateStream=130212
event	169335	refusal	OrderedPartialAggregateStream[565]	1	228616	0	12083213	537	4	11516418	228494	RepartitionExec[Merge]=11516418;RepartitionExec=436583;OrderedPartialAggregateStream=130212
event	169339	refusal	OrderedPartialAggregateStream[857]	1	239632	0	12083213	537	4	11516418	228494	RepartitionExec[Merge]=11516418;RepartitionExec=436583;OrderedPartialAggregateStream=130212
event	169352	refusal	RepartitionExec[1]	1	63047	215428	12083213	537	4	11516418	228494	RepartitionExec[Merge]=11516418;RepartitionExec=436583;OrderedPartialAggregateStream=130212
event	169363	refusal	RepartitionExec[1]	1	57317	215428	12083213	537	4	11516418	228494	RepartitionExec[Merge]=11516418;RepartitionExec=436583;OrderedPartialAggregateStream=130212
event	169415	refusal	RepartitionExec[0]	1	52934	221155	12084861	536	4	11516418	228920	RepartitionExec[Merge]=11516418;RepartitionExec=436583;OrderedPartialAggregateStream=131860
event	169438	refusal	RepartitionExec[0]	1	54844	221155	12084861	536	4	11516418	228920	RepartitionExec[Merge]=11516418;RepartitionExec=436583;OrderedPartialAggregateStream=131860
event	169447	refusal	RepartitionExec[1]	1	45524	215428	12084037	536	4	11516418	228920	RepartitionExec[Merge]=11516418;RepartitionExec=436583;OrderedPartialAggregateStream=131860
event	169457	refusal	RepartitionExec[0]	1	48778	221155	12084037	535	4	11516418	229348	RepartitionExec[Merge]=11516418;RepartitionExec=436583;OrderedPartialAggregateStream=131036
event	169466	refusal	OrderedPartialAggregateStream[1071]	1	429296	0	12084037	535	4	11516418	229348	RepartitionExec[Merge]=11516418;RepartitionExec=436583;OrderedPartialAggregateStream=131036
event	169498	refusal	OrderedPartialAggregateStream[212]	1	250657	0	12084037	535	4	11516418	229348	RepartitionExec[Merge]=11516418;RepartitionExec=436583;OrderedPartialAggregateStream=131036
event	169515	refusal	RepartitionExec[1]	1	85050	215428	12084037	535	4	11516418	229348	RepartitionExec[Merge]=11516418;RepartitionExec=436583;OrderedPartialAggregateStream=131036
event	169528	refusal	RepartitionExec[1]	1	43376	224012	12051279	535	4	11516418	229348	RepartitionExec[Merge]=11516418;RepartitionExec=445167;OrderedPartialAggregateStream=89694
event	169549	refusal	RepartitionExec[1]	1	48778	224012	12051279	535	4	11516418	229348	RepartitionExec[Merge]=11516418;RepartitionExec=445167;OrderedPartialAggregateStream=89694
event	169575	refusal	RepartitionExec[0]	1	86173	221155	12051279	534	4	11516418	229777	RepartitionExec[Merge]=11516418;RepartitionExec=445167;OrderedPartialAggregateStream=89694
event	169614	refusal	RepartitionExec[0]	1	57093	221155	12052103	534	4	11516418	229777	RepartitionExec[Merge]=11516418;RepartitionExec=445167;OrderedPartialAggregateStream=90518
event	169631	refusal	OrderedPartialAggregateStream[341]	1	235168	0	12052103	534	4	11516418	229777	RepartitionExec[Merge]=11516418;RepartitionExec=445167;OrderedPartialAggregateStream=90518
event	169675	refusal	RepartitionExec[1]	1	52934	224012	12051279	533	4	11516418	230208	RepartitionExec[Merge]=11516418;RepartitionExec=445167;OrderedPartialAggregateStream=89694
event	169716	refusal	RepartitionExec[1]	1	54844	224012	12051279	532	4	11516418	230641	RepartitionExec[Merge]=11516418;RepartitionExec=445167;OrderedPartialAggregateStream=89694
event	169756	refusal	RepartitionExec[0]	1	51248	221155	12051279	532	4	11516418	230641	RepartitionExec[Merge]=11516418;RepartitionExec=445167;OrderedPartialAggregateStream=89694
event	169800	refusal	OrderedPartialAggregateStream[786]	1	232738	0	12017288	532	4	11516418	230641	RepartitionExec[Merge]=11516418;RepartitionExec=453687;OrderedPartialAggregateStream=48007
event	169808	refusal	OrderedPartialAggregateStream[669]	1	232513	0	12017288	531	4	11516418	231075	RepartitionExec[Merge]=11516418;RepartitionExec=453687;OrderedPartialAggregateStream=47183
event	169851	refusal	OrderedPartialAggregateStream[66]	1	508208	0	12247231	530	4	11516418	231511	RepartitionExec[Merge]=11516418;RepartitionExec=453687;OrderedPartialAggregateStream=277126
event	169886	refusal	RepartitionExec[0]	1	8520	229675	12207464	530	4	11516418	231511	RepartitionExec[Merge]=11516418;RepartitionExec=453687;OrderedPartialAggregateStream=237359
event	169887	refusal	RepartitionExec[0]	1	50237	229675	12207464	530	4	11516418	231511	RepartitionExec[Merge]=11516418;RepartitionExec=453687;OrderedPartialAggregateStream=237359
event	169920	refusal	RepartitionExec[0]	1	50349	229675	12206640	529	4	11516418	231949	RepartitionExec[Merge]=11516418;RepartitionExec=453687;OrderedPartialAggregateStream=236535
event	169928	refusal	RepartitionExec[1]	1	86173	224012	12206640	529	4	11516418	231949	RepartitionExec[Merge]=11516418;RepartitionExec=453687;OrderedPartialAggregateStream=236535
event	169958	refusal	OrderedPartialAggregateStream[973]	1	266393	0	12017800	529	4	11516418	231949	RepartitionExec[Merge]=11516418;RepartitionExec=453687;OrderedPartialAggregateStream=47695
event	169965	refusal	RepartitionExec[1]	1	57093	224012	12017800	529	4	11516418	231949	RepartitionExec[Merge]=11516418;RepartitionExec=453687;OrderedPartialAggregateStream=47695
event	169968	refusal	RepartitionExec[0]	1	47420	229675	12017800	529	4	11516418	231949	RepartitionExec[Merge]=11516418;RepartitionExec=453687;OrderedPartialAggregateStream=47695
event	169981	refusal	RepartitionExec[1]	1	48327	224012	12017800	529	4	11516418	231949	RepartitionExec[Merge]=11516418;RepartitionExec=453687;OrderedPartialAggregateStream=47695
event	170072	refusal	RepartitionExec[0]	1	116064	229675	12245188	528	4	11516418	232388	RepartitionExec[Merge]=11516418;RepartitionExec=453687;OrderedPartialAggregateStream=48519
event	170083	refusal	RepartitionExec[1]	1	51248	224012	12245188	528	4	11516418	232388	RepartitionExec[Merge]=11516418;RepartitionExec=453687;OrderedPartialAggregateStream=275083
event	170095	refusal	RepartitionExec[0]	1	60350	229675	12245188	528	4	11516418	232388	RepartitionExec[Merge]=11516418;RepartitionExec=453687;OrderedPartialAggregateStream=275083
event	170113	refusal	RepartitionExec[1]	1	50237	224012	12245188	528	4	11516418	232388	RepartitionExec[Merge]=11516418;RepartitionExec=453687;OrderedPartialAggregateStream=275083
event	170118	refusal	RepartitionExec[1]	1	50349	224012	12245188	528	4	11516418	232388	RepartitionExec[Merge]=11516418;RepartitionExec=453687;OrderedPartialAggregateStream=275083
event	170159	refusal	OrderedPartialAggregateStream[906]	1	245302	0	12060327	528	4	11516418	232388	RepartitionExec[Merge]=11516418;RepartitionExec=453687;OrderedPartialAggregateStream=90222
event	170186	refusal	RepartitionExec[0]	1	45653	229675	12282899	527	4	11516418	232829	RepartitionExec[Merge]=11516418;RepartitionExec=453687;OrderedPartialAggregateStream=312794
event	170228	refusal	RepartitionExec[1]	1	116064	224012	12282899	527	4	11516418	232829	RepartitionExec[Merge]=11516418;RepartitionExec=453687;OrderedPartialAggregateStream=312794
event	170261	refusal	RepartitionExec[0]	1	44261	229675	12101030	526	4	11516418	233272	RepartitionExec[Merge]=11516418;RepartitionExec=453687;OrderedPartialAggregateStream=130925
event	170273	refusal	RepartitionExec[0]	1	55071	229675	12100206	525	4	11516418	233716	RepartitionExec[Merge]=11516418;RepartitionExec=453687;OrderedPartialAggregateStream=130101
event	170325	refusal	OrderedPartialAggregateStream[90]	1	423887	0	12099382	524	4	11516418	234162	RepartitionExec[Merge]=11516418;RepartitionExec=453687;OrderedPartialAggregateStream=129277
event	170340	refusal	OrderedPartialAggregateStream[249]	1	266654	0	12329510	524	4	11516418	234162	RepartitionExec[Merge]=11516418;RepartitionExec=453687;OrderedPartialAggregateStream=359405
event	170365	refusal	RepartitionExec[1]	1	60350	224012	12328686	523	4	11516418	234610	RepartitionExec[Merge]=11516418;RepartitionExec=453687;OrderedPartialAggregateStream=358581
event	170383	refusal	OrderedPartialAggregateStream[78]	1	878023	0	12328686	523	4	11516418	234610	RepartitionExec[Merge]=11516418;RepartitionExec=453687;OrderedPartialAggregateStream=358581
event	170404	refusal	RepartitionExec[1]	1	55071	224012	12327862	522	4	11516418	235059	RepartitionExec[Merge]=11516418;RepartitionExec=453687;OrderedPartialAggregateStream=357757
event	170442	refusal	RepartitionExec[0]	1	84151	229675	12141277	522	4	11516418	235059	RepartitionExec[Merge]=11516418;RepartitionExec=453687;OrderedPartialAggregateStream=236916
event	170459	refusal	RepartitionExec[0]	1	47168	229675	12141277	522	4	11516418	235059	RepartitionExec[Merge]=11516418;RepartitionExec=453687;OrderedPartialAggregateStream=171172
event	170470	refusal	RepartitionExec[1]	1	45653	224012	12141277	522	4	11516418	235059	RepartitionExec[Merge]=11516418;RepartitionExec=453687;OrderedPartialAggregateStream=171172
event	170475	refusal	RepartitionExec[0]	1	60465	229675	12141277	522	4	11516418	235059	RepartitionExec[Merge]=11516418;RepartitionExec=453687;OrderedPartialAggregateStream=171172
event	170524	refusal	RepartitionExec[1]	1	44261	224012	12140453	521	4	11516418	235511	RepartitionExec[Merge]=11516418;RepartitionExec=453687;OrderedPartialAggregateStream=170348
event	170560	refusal	RepartitionExec[1]	1	47420	224012	12374793	521	4	11516418	235511	RepartitionExec[Merge]=11516418;RepartitionExec=453687;OrderedPartialAggregateStream=404688
event	170609	refusal	OrderedPartialAggregateStream[1072]	1	409118	0	12180924	519	4	11516418	236418	RepartitionExec[Merge]=11516418;RepartitionExec=453687;OrderedPartialAggregateStream=210819
event	170620	refusal	RepartitionExec[0]	1	48938	229675	12180924	519	4	11516418	236418	RepartitionExec[Merge]=11516418;RepartitionExec=453687;OrderedPartialAggregateStream=210819
event	170662	refusal	OrderedPartialAggregateStream[78]	1	260552	0	12407263	519	4	11516418	236418	RepartitionExec[Merge]=11516418;RepartitionExec=453687;OrderedPartialAggregateStream=437158
event	170674	refusal	RepartitionExec[1]	1	84151	224012	12408087	519	4	11516418	236418	RepartitionExec[Merge]=11516418;RepartitionExec=453687;OrderedPartialAggregateStream=437982
event	170725	refusal	RepartitionExec[0]	1	178946	229675	12556654	519	4	11516418	236418	RepartitionExec[Merge]=11516418;OrderedPartialAggregateStream=576425;RepartitionExec=453687
event	170737	refusal	OrderedPartialAggregateStream[1095]	1	413240	0	12556654	519	4	11516418	236418	RepartitionExec[Merge]=11516418;OrderedPartialAggregateStream=576425;RepartitionExec=453687
event	170769	refusal	RepartitionExec[0]	1	8520	229675	12182092	519	4	11516418	236418	RepartitionExec[Merge]=11516418;RepartitionExec=453687;OrderedPartialAggregateStream=275295
event	170782	refusal	RepartitionExec[1]	1	60465	224012	12182092	519	4	11516418	236418	RepartitionExec[Merge]=11516418;RepartitionExec=453687;OrderedPartialAggregateStream=211987
event	170794	refusal	RepartitionExec[0]	1	45524	229675	12182092	519	4	11516418	236418	RepartitionExec[Merge]=11516418;RepartitionExec=453687;OrderedPartialAggregateStream=211987
event	170753	refusal	RepartitionExec[0]	1	8520	229675	12439352	519	4	11516418	236418	RepartitionExec[Merge]=11516418;RepartitionExec=453687;OrderedPartialAggregateStream=178980
event	170807	refusal	RepartitionExec[0]	1	78533	229675	12140565	519	4	11516418	236418	RepartitionExec[Merge]=11516418;RepartitionExec=453687;OrderedPartialAggregateStream=178980
event	170820	refusal	OrderedPartialAggregateStream[1084]	1	406445	0	12140565	519	4	11516418	236418	RepartitionExec[Merge]=11516418;RepartitionExec=453687;OrderedPartialAggregateStream=178980
event	170834	refusal	RepartitionExec[0]	1	43757	229675	12140565	519	4	11516418	236418	RepartitionExec[Merge]=11516418;RepartitionExec=453687;OrderedPartialAggregateStream=178980
event	170847	refusal	RepartitionExec[1]	1	47168	232532	12149085	519	4	11516418	236418	RepartitionExec[Merge]=11516418;RepartitionExec=462207;OrderedPartialAggregateStream=170460
event	170870	refusal	RepartitionExec[1]	1	48938	232532	12149909	519	4	11516418	236418	RepartitionExec[Merge]=11516418;RepartitionExec=462207;OrderedPartialAggregateStream=171284
event	170881	refusal	OrderedPartialAggregateStream[931]	1	240235	0	12149085	518	4	11516418	236875	RepartitionExec[Merge]=11516418;RepartitionExec=462207;OrderedPartialAggregateStream=170460
event	170885	refusal	RepartitionExec[0]	1	80104	229675	12149085	518	4	11516418	236875	RepartitionExec[Merge]=11516418;RepartitionExec=462207;OrderedPartialAggregateStream=170460
event	170942	refusal	OrderedPartialAggregateStream[858]	1	247948	0	12386544	518	4	11516418	236875	RepartitionExec[Merge]=11516418;RepartitionExec=462207;OrderedPartialAggregateStream=407919
event	170973	refusal	RepartitionExec[1]	1	178946	232532	12258724	518	4	11516418	236875	RepartitionExec[Merge]=11516418;RepartitionExec=462207;OrderedPartialAggregateStream=213531
event	170977	refusal	RepartitionExec[0]	1	49949	229675	12257900	518	4	11516418	236875	RepartitionExec[Merge]=11516418;RepartitionExec=462207;OrderedPartialAggregateStream=213531
event	170990	refusal	RepartitionExec[0]	1	77522	229675	12192156	517	4	11516418	237333	RepartitionExec[Merge]=11516418;RepartitionExec=462207;OrderedPartialAggregateStream=213531
event	171020	refusal	RepartitionExec[0]	1	8520	229675	12150037	517	4	11516418	237333	RepartitionExec[Merge]=11516418;RepartitionExec=462207;OrderedPartialAggregateStream=171412
event	171026	refusal	RepartitionExec[0]	1	53158	229675	12150037	517	4	11516418	237333	RepartitionExec[Merge]=11516418;RepartitionExec=462207;OrderedPartialAggregateStream=171412
event	171043	refusal	RepartitionExec[1]	1	78533	232532	12150861	517	4	11516418	237333	RepartitionExec[Merge]=11516418;RepartitionExec=462207;OrderedPartialAggregateStream=172236
event	171070	refusal	RepartitionExec[0]	1	56082	229675	12380647	517	4	11516418	237333	RepartitionExec[Merge]=11516418;RepartitionExec=462207;OrderedPartialAggregateStream=402022
event	171082	refusal	RepartitionExec[1]	1	43757	232532	12380647	517	4	11516418	237333	RepartitionExec[Merge]=11516418;RepartitionExec=462207;OrderedPartialAggregateStream=402022
event	171087	refusal	RepartitionExec[1]	1	49949	232532	12380647	517	4	11516418	237333	RepartitionExec[Merge]=11516418;RepartitionExec=462207;OrderedPartialAggregateStream=402022
event	171110	refusal	RepartitionExec[1]	1	80104	232532	12380647	517	4	11516418	237333	RepartitionExec[Merge]=11516418;RepartitionExec=462207;OrderedPartialAggregateStream=402022
event	171148	refusal	RepartitionExec[0]	1	47042	229675	12637858	517	4	11516418	237333	RepartitionExec[Merge]=11516418;OrderedPartialAggregateStream=659233;RepartitionExec=462207
event	171185	refusal	OrderedPartialAggregateStream[1089]	1	408209	0	12637858	517	4	11516418	237333	RepartitionExec[Merge]=11516418;OrderedPartialAggregateStream=659233;RepartitionExec=462207
event	171205	refusal	RepartitionExec[1]	1	56082	232532	12637034	516	4	11516418	237793	RepartitionExec[Merge]=11516418;OrderedPartialAggregateStream=658409;RepartitionExec=462207
event	171236	refusal	RepartitionExec[1]	1	77522	232532	12274890	516	4	11516418	237793	RepartitionExec[Merge]=11516418;RepartitionExec=462207;OrderedPartialAggregateStream=296265
event	171250	refusal	RepartitionExec[0]	1	43250	229675	12274890	516	4	11516418	237793	RepartitionExec[Merge]=11516418;RepartitionExec=462207;OrderedPartialAggregateStream=296265
event	171253	refusal	RepartitionExec[1]	1	53158	232532	12274890	516	4	11516418	237793	RepartitionExec[Merge]=11516418;RepartitionExec=462207;OrderedPartialAggregateStream=296265
event	171267	refusal	RepartitionExec[0]	1	44642	229675	12274890	516	4	11516418	237793	RepartitionExec[Merge]=11516418;RepartitionExec=462207;OrderedPartialAggregateStream=296265
event	171279	refusal	OrderedPartialAggregateStream[414]	1	239866	0	12274890	515	4	11516418	238254	RepartitionExec[Merge]=11516418;RepartitionExec=462207;OrderedPartialAggregateStream=296265
event	171298	refusal	RepartitionExec[0]	1	78194	229675	12274890	515	4	11516418	238254	RepartitionExec[Merge]=11516418;RepartitionExec=462207;OrderedPartialAggregateStream=296265
event	171338	refusal	RepartitionExec[0]	1	8520	238195	12420055	515	4	11516418	238254	RepartitionExec[Merge]=11516418;RepartitionExec=470727;OrderedPartialAggregateStream=432910
event	171372	refusal	RepartitionExec[0]	1	53046	238195	12378632	515	4	11516418	238254	RepartitionExec[Merge]=11516418;RepartitionExec=470727;OrderedPartialAggregateStream=391487
event	171386	refusal	RepartitionExec[0]	1	8520	238195	12409345	515	4	11516418	238254	RepartitionExec[Merge]=11516418;RepartitionExec=470727;OrderedPartialAggregateStream=422200
event	171405	refusal	RepartitionExec[0]	1	42872	238195	12409345	515	4	11516418	238254	RepartitionExec[Merge]=11516418;RepartitionExec=470727;OrderedPartialAggregateStream=422200
event	171435	refusal	RepartitionExec[1]	1	47042	232532	12239931	514	4	11516418	238718	RepartitionExec[Merge]=11516418;RepartitionExec=470727;OrderedPartialAggregateStream=252786
event	171450	refusal	RepartitionExec[0]	1	38321	238195	12239931	514	4	11516418	238718	RepartitionExec[Merge]=11516418;RepartitionExec=470727;OrderedPartialAggregateStream=252786
event	171535	refusal	RepartitionExec[1]	1	42872	232532	12238283	512	4	11516418	239650	RepartitionExec[Merge]=11516418;RepartitionExec=470727;OrderedPartialAggregateStream=251138
event	171578	refusal	RepartitionExec[1]	1	8520	232532	12196404	512	4	11516418	239650	RepartitionExec[Merge]=11516418;RepartitionExec=470727;OrderedPartialAggregateStream=209259
event	171590	refusal	RepartitionExec[1]	1	45524	232532	12196404	512	4	11516418	239650	RepartitionExec[Merge]=11516418;RepartitionExec=470727;OrderedPartialAggregateStream=209259
event	171599	refusal	RepartitionExec[1]	1	44642	232532	12196404	512	4	11516418	239650	RepartitionExec[Merge]=11516418;RepartitionExec=470727;OrderedPartialAggregateStream=209259
event	171652	refusal	OrderedPartialAggregateStream[386]	1	245824	0	12196404	512	4	11516418	239650	RepartitionExec[Merge]=11516418;RepartitionExec=470727;OrderedPartialAggregateStream=209259
event	171657	refusal	RepartitionExec[1]	1	78194	232532	12196404	512	4	11516418	239650	RepartitionExec[Merge]=11516418;RepartitionExec=470727;OrderedPartialAggregateStream=209259
event	171692	refusal	RepartitionExec[1]	1	53046	232532	12422986	512	4	11516418	239650	RepartitionExec[Merge]=11516418;RepartitionExec=470727;OrderedPartialAggregateStream=435841
event	171724	refusal	RepartitionExec[0]	1	8520	238195	12611872	512	4	11516418	239650	RepartitionExec[Merge]=11516418;OrderedPartialAggregateStream=624727;RepartitionExec=470727
event	171737	refusal	OrderedPartialAggregateStream[907]	1	241459	0	12611872	512	4	11516418	239650	RepartitionExec[Merge]=11516418;OrderedPartialAggregateStream=624727;RepartitionExec=470727
event	171766	refusal	OrderedPartialAggregateStream[1073]	1	418217	0	12611872	512	4	11516418	239650	RepartitionExec[Merge]=11516418;OrderedPartialAggregateStream=691295;RepartitionExec=470727
event	171775	refusal	RepartitionExec[1]	1	38321	232532	12663961	511	4	11516418	240119	RepartitionExec[Merge]=11516418;OrderedPartialAggregateStream=676816;RepartitionExec=470727
event	171806	refusal	RepartitionExec[0]	1	55295	238195	12663961	511	4	11516418	240119	RepartitionExec[Merge]=11516418;OrderedPartialAggregateStream=676816;RepartitionExec=470727
event	171815	refusal	RepartitionExec[0]	1	45653	238195	12476235	511	4	11516418	240119	RepartitionExec[Merge]=11516418;OrderedPartialAggregateStream=489090;RepartitionExec=470727
event	171845	refusal	RepartitionExec[0]	1	8520	238195	12271011	511	4	11516418	240119	RepartitionExec[Merge]=11516418;RepartitionExec=470727;OrderedPartialAggregateStream=447739
event	171854	refusal	RepartitionExec[0]	1	53609	238195	12271011	511	4	11516418	240119	RepartitionExec[Merge]=11516418;RepartitionExec=470727;OrderedPartialAggregateStream=447739
event	171871	refusal	OrderedPartialAggregateStream[93]	1	414068	0	12198483	511	4	11516418	240119	RepartitionExec[Merge]=11516418;RepartitionExec=470727;OrderedPartialAggregateStream=283866
event	171879	refusal	RepartitionExec[1]	1	43250	232532	12329755	511	4	11516418	240119	RepartitionExec[Merge]=11516418;RepartitionExec=470727;OrderedPartialAggregateStream=283866
event	171900	refusal	RepartitionExec[0]	1	47294	238195	12422298	511	4	11516418	240119	RepartitionExec[Merge]=11516418;RepartitionExec=470727;OrderedPartialAggregateStream=435153
event	171914	refusal	RepartitionExec[1]	1	8520	232532	12422298	511	4	11516418	240119	RepartitionExec[Merge]=11516418;RepartitionExec=470727;OrderedPartialAggregateStream=435153
event	171924	refusal	RepartitionExec[0]	1	50075	238195	12422298	511	4	11516418	240119	RepartitionExec[Merge]=11516418;RepartitionExec=470727;OrderedPartialAggregateStream=435153
event	171927	refusal	RepartitionExec[0]	1	82017	238195	12421474	511	4	11516418	240119	RepartitionExec[Merge]=11516418;RepartitionExec=470727;OrderedPartialAggregateStream=434329
event	171975	refusal	RepartitionExec[1]	1	53609	232532	12239161	509	4	11516418	241063	RepartitionExec[Merge]=11516418;RepartitionExec=470727;OrderedPartialAggregateStream=252016
event	171977	refusal	RepartitionExec[0]	1	44135	238195	12239161	509	4	11516418	241063	RepartitionExec[Merge]=11516418;RepartitionExec=470727;OrderedPartialAggregateStream=252016
event	172020	refusal	RepartitionExec[1]	1	55295	232532	12239985	509	4	11516418	241063	RepartitionExec[Merge]=11516418;RepartitionExec=470727;OrderedPartialAggregateStream=252840
event	172030	refusal	RepartitionExec[0]	1	80443	238195	12239985	509	4	11516418	241063	RepartitionExec[Merge]=11516418;RepartitionExec=470727;OrderedPartialAggregateStream=252840
event	172035	refusal	RepartitionExec[1]	1	50075	232532	12239985	509	4	11516418	241063	RepartitionExec[Merge]=11516418;RepartitionExec=470727;OrderedPartialAggregateStream=252840
event	172117	refusal	RepartitionExec[1]	1	47294	241052	12206906	508	4	11516418	241538	RepartitionExec[Merge]=11516418;RepartitionExec=479247;OrderedPartialAggregateStream=211241
event	172126	refusal	OrderedPartialAggregateStream[932]	1	247327	0	12206906	508	4	11516418	241538	RepartitionExec[Merge]=11516418;RepartitionExec=479247;OrderedPartialAggregateStream=211241
event	172143	refusal	RepartitionExec[0]	1	8520	238195	12164643	508	4	11516418	241538	RepartitionExec[Merge]=11516418;RepartitionExec=479247;OrderedPartialAggregateStream=168978
event	172170	refusal	OrderedPartialAggregateStream[266]	1	252385	0	12164643	508	4	11516418	241538	RepartitionExec[Merge]=11516418;RepartitionExec=479247;OrderedPartialAggregateStream=168978
event	172191	refusal	RepartitionExec[1]	1	45653	241052	12397359	508	4	11516418	241538	RepartitionExec[Merge]=11516418;RepartitionExec=479247;OrderedPartialAggregateStream=401694
event	172197	refusal	RepartitionExec[1]	1	44135	241052	12397359	508	4	11516418	241538	RepartitionExec[Merge]=11516418;RepartitionExec=479247;OrderedPartialAggregateStream=401694
event	172221	refusal	RepartitionExec[0]	1	55855	238195	12355448	508	4	11516418	241538	RepartitionExec[Merge]=11516418;RepartitionExec=479247;OrderedPartialAggregateStream=359783
event	172233	refusal	RepartitionExec[0]	1	8520	238195	12355448	508	4	11516418	241538	RepartitionExec[Merge]=11516418;RepartitionExec=479247;OrderedPartialAggregateStream=359783
event	172304	refusal	RepartitionExec[0]	1	47927	238195	12623769	507	4	11516418	242014	RepartitionExec[Merge]=11516418;OrderedPartialAggregateStream=628104;RepartitionExec=479247
event	172315	refusal	RepartitionExec[0]	1	57768	238195	12623769	507	4	11516418	242014	RepartitionExec[Merge]=11516418;OrderedPartialAggregateStream=628104;RepartitionExec=479247
event	172330	refusal	OrderedPartialAggregateStream[213]	1	262793	0	12444719	507	4	11516418	242014	RepartitionExec[Merge]=11516418;RepartitionExec=479247;OrderedPartialAggregateStream=449054
event	172334	refusal	RepartitionExec[1]	1	80443	241052	12444719	507	4	11516418	242014	RepartitionExec[Merge]=11516418;RepartitionExec=479247;OrderedPartialAggregateStream=449054
event	172355	refusal	RepartitionExec[0]	1	42998	238195	12249225	507	4	11516418	242014	RepartitionExec[Merge]=11516418;RepartitionExec=479247;OrderedPartialAggregateStream=253560
event	172365	refusal	RepartitionExec[1]	1	82017	241052	12249225	507	4	11516418	242014	RepartitionExec[Merge]=11516418;RepartitionExec=479247;OrderedPartialAggregateStream=253560
event	172393	refusal	RepartitionExec[0]	1	50453	238195	12166132	507	4	11516418	242014	RepartitionExec[Merge]=11516418;RepartitionExec=479247;OrderedPartialAggregateStream=170467
event	172403	refusal	OrderedPartialAggregateStream[1040]	1	417128	0	12407222	507	4	11516418	242014	RepartitionExec[Merge]=11516418;RepartitionExec=479247;OrderedPartialAggregateStream=170467
event	172417	refusal	RepartitionExec[0]	1	8520	238195	12408046	507	4	11516418	242014	RepartitionExec[Merge]=11516418;RepartitionExec=479247;OrderedPartialAggregateStream=171291
event	172429	refusal	RepartitionExec[0]	1	8584	238195	12408046	507	4	11516418	242014	RepartitionExec[Merge]=11516418;RepartitionExec=479247;OrderedPartialAggregateStream=412381
event	172436	refusal	RepartitionExec[0]	1	59003	238195	12408046	507	4	11516418	242014	RepartitionExec[Merge]=11516418;RepartitionExec=479247;OrderedPartialAggregateStream=412381
event	172452	refusal	RepartitionExec[1]	1	55855	241052	12408046	507	4	11516418	242014	RepartitionExec[Merge]=11516418;RepartitionExec=479247;OrderedPartialAggregateStream=412381
event	172460	refusal	RepartitionExec[1]	1	57768	241052	12408046	507	4	11516418	242014	RepartitionExec[Merge]=11516418;RepartitionExec=479247;OrderedPartialAggregateStream=412381
event	172485	refusal	RepartitionExec[1]	1	47927	241052	12408046	507	4	11516418	242014	RepartitionExec[Merge]=11516418;RepartitionExec=479247;OrderedPartialAggregateStream=412381
event	172508	refusal	RepartitionExec[0]	1	51845	238195	12209443	507	4	11516418	242014	RepartitionExec[Merge]=11516418;RepartitionExec=479247;OrderedPartialAggregateStream=213778
event	172529	refusal	OrderedPartialAggregateStream[897]	1	245878	0	12210267	507	4	11516418	242014	RepartitionExec[Merge]=11516418;RepartitionExec=479247;OrderedPartialAggregateStream=214602
event	172555	refusal	RepartitionExec[0]	1	8584	238195	12168765	507	4	11516418	242014	RepartitionExec[Merge]=11516418;RepartitionExec=479247;OrderedPartialAggregateStream=173100
event	172564	refusal	RepartitionExec[0]	1	81566	238195	12167941	506	4	11516418	242492	RepartitionExec[Merge]=11516418;RepartitionExec=479247;OrderedPartialAggregateStream=172276
event	172584	refusal	RepartitionExec[1]	1	42998	241052	12399536	506	4	11516418	242492	RepartitionExec[Merge]=11516418;RepartitionExec=479247;OrderedPartialAggregateStream=403871
event	172629	refusal	RepartitionExec[1]	1	51845	241052	12400360	506	4	11516418	242492	RepartitionExec[Merge]=11516418;RepartitionExec=479247;OrderedPartialAggregateStream=404695
event	172633	refusal	OrderedPartialAggregateStream[1096]	1	442922	0	12400360	506	4	11516418	242492	RepartitionExec[Merge]=11516418;RepartitionExec=479247;OrderedPartialAggregateStream=404695
event	172657	refusal	RepartitionExec[0]	1	55295	238195	12210731	506	4	11516418	242492	RepartitionExec[Merge]=11516418;RepartitionExec=479247;OrderedPartialAggregateStream=215066
event	172660	refusal	RepartitionExec[1]	1	50453	241052	12210731	506	4	11516418	242492	RepartitionExec[Merge]=11516418;RepartitionExec=479247;OrderedPartialAggregateStream=215066
event	172675	refusal	RepartitionExec[1]	1	59003	241052	12210731	506	4	11516418	242492	RepartitionExec[Merge]=11516418;RepartitionExec=479247;OrderedPartialAggregateStream=215066
event	172682	refusal	RepartitionExec[0]	1	47801	238195	12210731	506	4	11516418	242492	RepartitionExec[Merge]=11516418;RepartitionExec=479247;OrderedPartialAggregateStream=215066
event	172788	refusal	RepartitionExec[0]	1	44894	238195	12476575	504	4	11516418	243454	RepartitionExec[Merge]=11516418;OrderedPartialAggregateStream=480910;RepartitionExec=479247
event	172796	refusal	RepartitionExec[0]	1	91343	238195	12476575	504	4	11516418	243454	RepartitionExec[Merge]=11516418;OrderedPartialAggregateStream=480910;RepartitionExec=479247
event	172822	refusal	RepartitionExec[0]	1	8520	238195	12434584	504	4	11516418	243454	RepartitionExec[Merge]=11516418;RepartitionExec=479247;OrderedPartialAggregateStream=438919
event	172892	refusal	RepartitionExec[0]	1	45020	238195	12250313	503	4	11516418	243938	RepartitionExec[Merge]=11516418;RepartitionExec=479247;OrderedPartialAggregateStream=254648
event	172905	refusal	RepartitionExec[1]	1	81566	241052	12250313	503	4	11516418	243938	RepartitionExec[Merge]=11516418;RepartitionExec=479247;OrderedPartialAggregateStream=254648
event	172910	refusal	RepartitionExec[1]	1	44894	241052	12250313	503	4	11516418	243938	RepartitionExec[Merge]=11516418;RepartitionExec=479247;OrderedPartialAggregateStream=254648
event	172958	refusal	RepartitionExec[0]	1	8520	238195	12445415	503	4	11516418	243938	RepartitionExec[Merge]=11516418;RepartitionExec=479247;OrderedPartialAggregateStream=449750
event	173000	refusal	OrderedPartialAggregateStream[1085]	1	406427	0	12207810	503	4	11516418	243938	RepartitionExec[Merge]=11516418;RepartitionExec=479247;OrderedPartialAggregateStream=212145
event	173004	refusal	RepartitionExec[1]	1	55295	241052	12206986	503	4	11516418	243938	RepartitionExec[Merge]=11516418;RepartitionExec=479247;OrderedPartialAggregateStream=212145
event	173015	refusal	RepartitionExec[0]	1	8520	238195	12206986	503	4	11516418	243938	RepartitionExec[Merge]=11516418;RepartitionExec=479247;OrderedPartialAggregateStream=211321
event	173024	refusal	RepartitionExec[0]	1	50327	238195	12206986	502	4	11516418	244424	RepartitionExec[Merge]=11516418;RepartitionExec=479247;OrderedPartialAggregateStream=211321
event	173036	refusal	RepartitionExec[1]	1	47801	241052	12206986	502	4	11516418	244424	RepartitionExec[Merge]=11516418;RepartitionExec=479247;OrderedPartialAggregateStream=211321
event	173075	refusal	RepartitionExec[0]	1	8520	238195	12165619	502	4	11516418	244424	RepartitionExec[Merge]=11516418;RepartitionExec=479247;OrderedPartialAggregateStream=169954
event	173130	refusal	OrderedPartialAggregateStream[933]	1	254482	0	12296891	502	4	11516418	244424	RepartitionExec[Merge]=11516418;RepartitionExec=479247;OrderedPartialAggregateStream=169954
event	173141	refusal	OrderedPartialAggregateStream[250]	1	246985	0	12296891	502	4	11516418	244424	RepartitionExec[Merge]=11516418;RepartitionExec=479247;OrderedPartialAggregateStream=169954
event	173153	refusal	RepartitionExec[1]	1	91343	241052	12296891	502	4	11516418	244424	RepartitionExec[Merge]=11516418;RepartitionExec=479247;OrderedPartialAggregateStream=169954
event	173163	refusal	RepartitionExec[1]	1	50327	241052	12166443	502	4	11516418	244424	RepartitionExec[Merge]=11516418;RepartitionExec=479247;OrderedPartialAggregateStream=170778
event	173197	refusal	OrderedPartialAggregateStream[1074]	1	412385	0	12397871	501	4	11516418	244912	RepartitionExec[Merge]=11516418;RepartitionExec=479247;OrderedPartialAggregateStream=402206
event	173210	refusal	RepartitionExec[0]	1	77522	238195	12397871	501	4	11516418	244912	RepartitionExec[Merge]=11516418;RepartitionExec=479247;OrderedPartialAggregateStream=402206
event	173249	refusal	RepartitionExec[0]	1	8584	238195	12422841	501	4	11516418	244912	RepartitionExec[Merge]=11516418;RepartitionExec=479247;OrderedPartialAggregateStream=361432
event	173258	refusal	RepartitionExec[0]	1	58552	238195	12422841	500	4	11516418	245402	RepartitionExec[Merge]=11516418;RepartitionExec=479247;OrderedPartialAggregateStream=360608
event	173297	refusal	RepartitionExec[0]	1	55743	238195	12166028	499	4	11516418	245894	RepartitionExec[Merge]=11516418;RepartitionExec=479247;OrderedPartialAggregateStream=170363
event	173305	refusal	RepartitionExec[0]	1	48053	238195	12166028	499	4	11516418	245894	RepartitionExec[Merge]=11516418;RepartitionExec=479247;OrderedPartialAggregateStream=170363
event	173346	refusal	RepartitionExec[0]	1	8584	238195	12364509	499	4	11516418	245894	RepartitionExec[Merge]=11516418;RepartitionExec=479247;OrderedPartialAggregateStream=368844
event	173361	refusal	RepartitionExec[1]	1	45020	241052	12364509	499	4	11516418	245894	RepartitionExec[Merge]=11516418;RepartitionExec=479247;OrderedPartialAggregateStream=368844
event	173378	refusal	RepartitionExec[0]	1	79768	238195	12364509	499	4	11516418	245894	RepartitionExec[Merge]=11516418;RepartitionExec=479247;OrderedPartialAggregateStream=368844
event	173408	refusal	RepartitionExec[1]	1	55743	241052	12368698	499	4	11516418	245894	RepartitionExec[Merge]=11516418;RepartitionExec=479247;OrderedPartialAggregateStream=373033
event	173419	refusal	RepartitionExec[0]	1	8520	238195	12368698	499	4	11516418	245894	RepartitionExec[Merge]=11516418;RepartitionExec=479247;OrderedPartialAggregateStream=373033
event	173432	refusal	RepartitionExec[0]	1	51212	238195	12368698	499	4	11516418	245894	RepartitionExec[Merge]=11516418;RepartitionExec=479247;OrderedPartialAggregateStream=373033
event	173447	refusal	RepartitionExec[1]	1	58552	241052	12368698	499	4	11516418	245894	RepartitionExec[Merge]=11516418;RepartitionExec=479247;OrderedPartialAggregateStream=373033
event	173488	refusal	OrderedPartialAggregateStream[1105]	1	394556	0	12362863	499	4	11516418	245894	RepartitionExec[Merge]=11516418;RepartitionExec=479247;OrderedPartialAggregateStream=400301
event	173496	refusal	RepartitionExec[1]	1	48053	241052	12354343	499	4	11516418	245894	RepartitionExec[Merge]=11516418;RepartitionExec=479247;OrderedPartialAggregateStream=367198
event	173509	refusal	RepartitionExec[0]	1	52982	238195	12354343	499	4	11516418	245894	RepartitionExec[Merge]=11516418;RepartitionExec=479247;OrderedPartialAggregateStream=358678
event	173523	refusal	RepartitionExec[1]	1	8520	241052	12354343	499	4	11516418	245894	RepartitionExec[Merge]=11516418;RepartitionExec=479247;OrderedPartialAggregateStream=358678
event	173530	refusal	RepartitionExec[1]	1	77522	241052	12354343	499	4	11516418	245894	RepartitionExec[Merge]=11516418;RepartitionExec=479247;OrderedPartialAggregateStream=358678
event	173566	refusal	RepartitionExec[0]	1	46409	238195	12167796	499	4	11516418	245894	RepartitionExec[Merge]=11516418;RepartitionExec=479247;OrderedPartialAggregateStream=172131
event	173603	refusal	RepartitionExec[1]	1	79768	241052	12580044	499	4	11516418	245894	RepartitionExec[Merge]=11516418;RepartitionExec=479247;OrderedPartialAggregateStream=399600
event	173616	refusal	RepartitionExec[0]	1	73027	238195	12804946	499	4	11516418	245894	RepartitionExec[Merge]=11516418;OrderedPartialAggregateStream=575859;RepartitionExec=479247
event	173626	refusal	RepartitionExec[1]	1	8520	241052	12804946	499	4	11516418	245894	RepartitionExec[Merge]=11516418;OrderedPartialAggregateStream=809281;RepartitionExec=479247
event	173658	refusal	RepartitionExec[1]	1	51212	241052	12804946	499	4	11516418	245894	RepartitionExec[Merge]=11516418;OrderedPartialAggregateStream=809281;RepartitionExec=479247
event	173688	refusal	RepartitionExec[1]	1	46409	241052	12842122	499	4	11516418	245894	RepartitionExec[Merge]=11516418;OrderedPartialAggregateStream=846457;RepartitionExec=479247
event	173710	refusal	RepartitionExec[0]	1	45653	238195	12473760	499	4	11516418	245894	RepartitionExec[Merge]=11516418;OrderedPartialAggregateStream=541935;RepartitionExec=479247
event	173724	refusal	RepartitionExec[0]	1	42113	238195	12688813	499	4	11516418	245894	RepartitionExec[Merge]=11516418;OrderedPartialAggregateStream=693148;RepartitionExec=479247
event	173740	refusal	OrderedPartialAggregateStream[1179]	1	560065	0	12508158	499	4	11516418	245894	RepartitionExec[Merge]=11516418;OrderedPartialAggregateStream=512493;RepartitionExec=479247
event	173763	refusal	RepartitionExec[0]	1	48557	238195	12507334	498	4	11516418	246388	RepartitionExec[Merge]=11516418;OrderedPartialAggregateStream=511669;RepartitionExec=479247
event	173763	refusal	RepartitionExec[0]	1	43757	238195	12507334	498	4	11516418	246388	RepartitionExec[Merge]=11516418;OrderedPartialAggregateStream=511669;RepartitionExec=479247
event	173783	refusal	RepartitionExec[1]	1	52982	241052	12507334	498	4	11516418	246388	RepartitionExec[Merge]=11516418;OrderedPartialAggregateStream=511669;RepartitionExec=479247
event	173806	refusal	RepartitionExec[0]	1	40724	238195	12559721	497	4	11516418	246883	RepartitionExec[Merge]=11516418;OrderedPartialAggregateStream=564056;RepartitionExec=479247
event	173884	refusal	RepartitionExec[0]	1	45905	238195	12373447	495	4	11516418	247881	RepartitionExec[Merge]=11516418;RepartitionExec=479247;OrderedPartialAggregateStream=377782
event	173893	refusal	RepartitionExec[1]	1	73027	241052	12373447	495	4	11516418	247881	RepartitionExec[Merge]=11516418;RepartitionExec=479247;OrderedPartialAggregateStream=377782
event	173917	refusal	RepartitionExec[0]	1	130336	238195	12607733	495	4	11516418	247881	RepartitionExec[Merge]=11516418;RepartitionExec=479247;OrderedPartialAggregateStream=377782
event	173925	refusal	RepartitionExec[1]	1	40724	241052	12607733	495	4	11516418	247881	RepartitionExec[Merge]=11516418;OrderedPartialAggregateStream=612068;RepartitionExec=479247
event	173977	refusal	RepartitionExec[1]	1	8584	241052	12629983	495	4	11580458	247752	RepartitionExec[Merge]=11580458;OrderedPartialAggregateStream=570278;RepartitionExec=479247
event	173986	refusal	RepartitionExec[1]	1	45653	241052	12629983	495	4	11580458	247752	RepartitionExec[Merge]=11580458;OrderedPartialAggregateStream=570278;RepartitionExec=479247
event	174002	refusal	RepartitionExec[1]	1	42113	241052	12629983	495	4	11580458	247752	RepartitionExec[Merge]=11580458;OrderedPartialAggregateStream=570278;RepartitionExec=479247
event	174031	refusal	RepartitionExec[1]	1	48557	241052	12500548	495	4	11643190	247625	RepartitionExec[Merge]=11643190;RepartitionExec=479247;OrderedPartialAggregateStream=378111
event	174040	refusal	RepartitionExec[0]	1	48938	238195	12500548	495	4	11643190	247625	RepartitionExec[Merge]=11643190;RepartitionExec=479247;OrderedPartialAggregateStream=378111
event	174047	refusal	RepartitionExec[1]	1	43757	241052	12500548	495	4	11643190	247625	RepartitionExec[Merge]=11643190;RepartitionExec=479247;OrderedPartialAggregateStream=378111
event	174161	refusal	RepartitionExec[1]	1	8520	241052	12764157	495	4	11703642	247503	RepartitionExec[Merge]=11703642;OrderedPartialAggregateStream=581268;RepartitionExec=479247
event	174172	refusal	RepartitionExec[1]	1	48938	241052	12764157	495	4	11703642	247503	RepartitionExec[Merge]=11703642;OrderedPartialAggregateStream=581268;RepartitionExec=479247
event	174222	refusal	RepartitionExec[1]	1	45905	241052	12992867	494	4	11703642	248004	RepartitionExec[Merge]=11703642;OrderedPartialAggregateStream=809978;RepartitionExec=479247
event	174247	refusal	RepartitionExec[1]	1	130336	241052	12789822	494	4	11703642	248004	RepartitionExec[Merge]=11703642;OrderedPartialAggregateStream=606933;RepartitionExec=479247
event	174266	refusal	RepartitionExec[0]	1	53867	238195	12602151	494	4	11703642	248004	RepartitionExec[Merge]=11703642;RepartitionExec=479247;OrderedPartialAggregateStream=419262
event	174300	refusal	RepartitionExec[0]	1	46916	238195	12574508	494	4	11703642	248004	RepartitionExec[Merge]=11703642;RepartitionExec=479247;OrderedPartialAggregateStream=378183
event	174311	refusal	RepartitionExec[1]	1	8520	241052	12574508	494	4	11703642	248004	RepartitionExec[Merge]=11703642;RepartitionExec=479247;OrderedPartialAggregateStream=378183
event	174321	refusal	OrderedPartialAggregateStream[82]	1	421907	0	12588669	494	4	11764422	247881	RepartitionExec[Merge]=11764422;RepartitionExec=487767;OrderedPartialAggregateStream=336480
event	174351	refusal	RepartitionExec[0]	1	8520	246715	12547414	494	4	11764422	247881	RepartitionExec[Merge]=11764422;RepartitionExec=487767;OrderedPartialAggregateStream=295225
event	174394	refusal	OrderedPartialAggregateStream[214]	1	268355	0	12547414	494	4	11764422	247881	RepartitionExec[Merge]=11764422;RepartitionExec=487767;OrderedPartialAggregateStream=295225
event	174446	refusal	RepartitionExec[1]	1	8520	241052	12636615	494	4	11764422	247881	RepartitionExec[Merge]=11764422;RepartitionExec=487767;OrderedPartialAggregateStream=253154
event	174486	refusal	RepartitionExec[0]	1	83364	246715	12464584	494	4	11764422	247881	RepartitionExec[Merge]=11764422;RepartitionExec=487767;OrderedPartialAggregateStream=212395
event	174488	refusal	RepartitionExec[1]	1	8520	241052	12464584	494	4	11764422	247881	RepartitionExec[Merge]=11764422;RepartitionExec=487767;OrderedPartialAggregateStream=212395
event	174515	refusal	RepartitionExec[0]	1	61137	246715	12689447	494	4	11764422	247881	RepartitionExec[Merge]=11764422;RepartitionExec=487767;OrderedPartialAggregateStream=437258
event	174595	refusal	RepartitionExec[0]	1	44894	246715	12620135	494	4	11878366	247650	RepartitionExec[Merge]=11878366;RepartitionExec=487767;OrderedPartialAggregateStream=254002
event	174610	refusal	OrderedPartialAggregateStream[290]	1	253213	0	12620135	494	4	11878366	247650	RepartitionExec[Merge]=11878366;RepartitionExec=487767;OrderedPartialAggregateStream=254002
event	174742	refusal	RepartitionExec[0]	1	58104	246715	13623484	494	4	12174982	247050	RepartitionExec[Merge]=12174982;OrderedPartialAggregateStream=960735;RepartitionExec=487767
event	174793	refusal	RepartitionExec[0]	1	49949	246715	13472619	494	4	12218586	246961	RepartitionExec[Merge]=12218586;OrderedPartialAggregateStream=766266;RepartitionExec=487767
event	174797	release_after_refusal	RepartitionExec[0]	1	61812	184903	13410807	494	4	12218586		RepartitionExec[Merge]=12218586;OrderedPartialAggregateStream=766266;RepartitionExec=425955
event	174798	refusal	OrderedPartialAggregateStream[861]	1	251161	0	13410807	494	4	12218586	246961	RepartitionExec[Merge]=12218586;OrderedPartialAggregateStream=766266;RepartitionExec=425955
event	174836	refusal	RepartitionExec[1]	1	48053	241052	13183973	494	4	12328622	246739	RepartitionExec[Merge]=12328622;RepartitionExec=474008;OrderedPartialAggregateStream=381343
event	174859	refusal	RepartitionExec[0]	1	50075	232956	13225269	494	4	12369918	246655	RepartitionExec[Merge]=12369918;RepartitionExec=474008;OrderedPartialAggregateStream=381343
event	174883	refusal	RepartitionExec[0]	1	57317	232956	13265305	494	4	12409130	246576	RepartitionExec[Merge]=12409130;RepartitionExec=474008;OrderedPartialAggregateStream=382167
event	174899	refusal	OrderedPartialAggregateStream[1109]	1	424499	0	13265305	494	4	12409130	246576	RepartitionExec[Merge]=12409130;RepartitionExec=474008;OrderedPartialAggregateStream=382167
event	175038	release_after_refusal	RepartitionExec[0]	1	61588	171368	13366325	494	4	12571738		RepartitionExec[Merge]=12571738;RepartitionExec=412420;OrderedPartialAggregateStream=382167
event	175182	refusal	RepartitionExec[0]	1	84375	171368	13520457	494	4	12725046	245936	RepartitionExec[Merge]=12725046;RepartitionExec=412420;OrderedPartialAggregateStream=382991
event	176185	release_after_refusal	RepartitionExec[0]	1	44168	127200	14338221	494	4	13586978		RepartitionExec[Merge]=13586978;OrderedPartialAggregateStream=382991;RepartitionExec=368252
event	178736	release_after_refusal	RepartitionExec[1]	1	63498	177554	16257339	494	4	15662714		RepartitionExec[Merge]=15662714;OrderedPartialAggregateStream=382991;RepartitionExec=211634
event	183930	refusal	OrderedPartialAggregateStream[131]	1	407561	0	17440141	494	4	16988926	237305	RepartitionExec[Merge]=16988926;OrderedPartialAggregateStream=382991;RepartitionExec=68224
event	184346	refusal	OrderedPartialAggregateStream[293]	1	247345	0	17596081	493	4	16988926	237786	RepartitionExec[Merge]=16988926;OrderedPartialAggregateStream=382991;RepartitionExec=224164
event	184861	refusal	RepartitionExec[1]	1	83364	167969	17707791	492	4	16988926	238269	RepartitionExec[Merge]=16988926;OrderedPartialAggregateStream=382991;RepartitionExec=335874
event	184943	refusal	OrderedPartialAggregateStream[125]	1	425174	0	17640977	490	4	16988926	239242	RepartitionExec[Merge]=16988926;RepartitionExec=352914;OrderedPartialAggregateStream=299137
event	185003	refusal	RepartitionExec[1]	1	53867	223405	17687069	489	4	16988926	239731	RepartitionExec[Merge]=16988926;RepartitionExec=399830;OrderedPartialAggregateStream=298313
event	185065	refusal	RepartitionExec[1]	1	61137	223405	17653726	489	4	16988926	239731	RepartitionExec[Merge]=16988926;RepartitionExec=408350;OrderedPartialAggregateStream=256450
event	185088	refusal	RepartitionExec[1]	1	44894	223405	17784998	489	4	16988926	239731	RepartitionExec[Merge]=16988926;RepartitionExec=408350;OrderedPartialAggregateStream=256450
event	185108	refusal	RepartitionExec[1]	1	58104	223405	17784998	489	4	16988926	239731	RepartitionExec[Merge]=16988926;RepartitionExec=408350;OrderedPartialAggregateStream=256450
event	185150	refusal	RepartitionExec[1]	1	49949	223405	17620327	489	4	16988926	239731	RepartitionExec[Merge]=16988926;RepartitionExec=408350;OrderedPartialAggregateStream=257274
event	185159	refusal	RepartitionExec[0]	1	84599	184945	17611807	489	4	16988926	239731	RepartitionExec[Merge]=16988926;RepartitionExec=408350;OrderedPartialAggregateStream=214531
event	185249	refusal	RepartitionExec[1]	1	50075	223405	17807491	488	4	16988926	240222	RepartitionExec[Merge]=16988926;RepartitionExec=425390;OrderedPartialAggregateStream=393175
event	185279	refusal	RepartitionExec[1]	1	84375	223405	17868116	488	4	16988926	240222	RepartitionExec[Merge]=16988926;OrderedPartialAggregateStream=453800;RepartitionExec=425390
event	185304	refusal	RepartitionExec[1]	1	57317	223405	17868116	488	4	16988926	240222	RepartitionExec[Merge]=16988926;OrderedPartialAggregateStream=453800;RepartitionExec=425390
event	185321	refusal	RepartitionExec[0]	1	43124	201985	17868116	488	4	16988926	240222	RepartitionExec[Merge]=16988926;OrderedPartialAggregateStream=453800;RepartitionExec=425390
event	185376	refusal	OrderedPartialAggregateStream[251]	1	253834	0	17636879	487	4	16988926	240716	RepartitionExec[Merge]=16988926;RepartitionExec=425390;OrderedPartialAggregateStream=255506
event	185416	refusal	RepartitionExec[0]	1	51338	201985	17636055	485	4	16988926	241708	RepartitionExec[Merge]=16988926;RepartitionExec=433910;OrderedPartialAggregateStream=213219
event	185460	refusal	OrderedPartialAggregateStream[1092]	1	442562	0	17828052	485	4	16988926	241708	RepartitionExec[Merge]=16988926;RepartitionExec=442430;OrderedPartialAggregateStream=396696
event	185484	refusal	RepartitionExec[0]	1	58328	201985	17827228	484	4	16988926	242208	RepartitionExec[Merge]=16988926;RepartitionExec=442430;OrderedPartialAggregateStream=395872
event	185559	refusal	RepartitionExec[1]	1	84599	240445	17610816	484	4	16988926	242208	RepartitionExec[Merge]=16988926;RepartitionExec=450950;OrderedPartialAggregateStream=170940
event	185576	refusal	RepartitionExec[0]	1	44642	210505	17610816	484	4	16988926	242208	RepartitionExec[Merge]=16988926;RepartitionExec=450950;OrderedPartialAggregateStream=170940
event	185649	refusal	RepartitionExec[0]	1	91231	219025	17576249	482	4	16988926	243213	RepartitionExec[Merge]=16988926;RepartitionExec=459470;OrderedPartialAggregateStream=127853
event	185712	refusal	RepartitionExec[1]	1	43124	240445	17802489	482	4	16988926	243213	RepartitionExec[Merge]=16988926;RepartitionExec=459470;OrderedPartialAggregateStream=354093
event	185730	refusal	OrderedPartialAggregateStream[1086]	1	453209	0	17802489	482	4	16988926	243213	RepartitionExec[Merge]=16988926;RepartitionExec=459470;OrderedPartialAggregateStream=354093
event	185757	refusal	RepartitionExec[1]	1	51338	240445	17802489	482	4	16988926	243213	RepartitionExec[Merge]=16988926;RepartitionExec=459470;OrderedPartialAggregateStream=354093
event	185767	refusal	RepartitionExec[1]	1	58328	240445	17617936	482	4	16988926	243213	RepartitionExec[Merge]=16988926;RepartitionExec=459470;OrderedPartialAggregateStream=169540
event	185788	refusal	RepartitionExec[1]	1	91231	240445	17617936	482	4	16988926	243213	RepartitionExec[Merge]=16988926;RepartitionExec=459470;OrderedPartialAggregateStream=169540
event	185797	refusal	RepartitionExec[0]	1	45524	219025	17617936	482	4	16988926	243213	RepartitionExec[Merge]=16988926;RepartitionExec=459470;OrderedPartialAggregateStream=169540
event	185810	refusal	RepartitionExec[1]	1	44642	240445	17834141	482	4	16988926	243213	RepartitionExec[Merge]=16988926;RepartitionExec=459470;OrderedPartialAggregateStream=385745
event	185893	refusal	RepartitionExec[1]	1	8520	240445	18074748	481	4	16988926	243718	RepartitionExec[Merge]=16988926;OrderedPartialAggregateStream=626352;RepartitionExec=459470
event	185926	refusal	RepartitionExec[0]	1	41228	227545	18040845	481	4	16988926	243718	RepartitionExec[Merge]=16988926;OrderedPartialAggregateStream=583929;RepartitionExec=467990
event	185931	refusal	RepartitionExec[0]	1	95275	227545	18040845	481	4	16988926	243718	RepartitionExec[Merge]=16988926;OrderedPartialAggregateStream=583929;RepartitionExec=467990
event	185960	refusal	OrderedPartialAggregateStream[110]	1	432230	0	17666583	480	4	16988926	244226	RepartitionExec[Merge]=16988926;RepartitionExec=467990;OrderedPartialAggregateStream=209667
event	185973	refusal	RepartitionExec[0]	1	43502	227545	17666583	480	4	16988926	244226	RepartitionExec[Merge]=16988926;RepartitionExec=467990;OrderedPartialAggregateStream=209667
event	185991	refusal	RepartitionExec[0]	1	49442	227545	17897557	479	4	16988926	244736	RepartitionExec[Merge]=16988926;RepartitionExec=467990;OrderedPartialAggregateStream=440641
event	186016	refusal	OrderedPartialAggregateStream[940]	1	247660	0	18135816	478	4	16988926	245248	RepartitionExec[Merge]=16988926;RepartitionExec=467990;OrderedPartialAggregateStream=439817
event	186035	refusal	OrderedPartialAggregateStream[1112]	1	405644	0	18135816	478	4	16988926	245248	RepartitionExec[Merge]=16988926;OrderedPartialAggregateStream=678900;RepartitionExec=467990
event	186047	refusal	RepartitionExec[1]	1	45524	240445	18135816	478	4	16988926	245248	RepartitionExec[Merge]=16988926;OrderedPartialAggregateStream=678900;RepartitionExec=467990
event	186075	refusal	RepartitionExec[1]	1	8520	240445	17905201	478	4	16988926	245248	RepartitionExec[Merge]=16988926;RepartitionExec=467990;OrderedPartialAggregateStream=448285
event	186103	refusal	RepartitionExec[1]	1	41228	240445	17906025	478	4	16988926	245248	RepartitionExec[Merge]=16988926;RepartitionExec=467990;OrderedPartialAggregateStream=449109
event	186114	refusal	RepartitionExec[0]	1	47546	227545	17775885	478	4	16988926	245248	RepartitionExec[Merge]=16988926;RepartitionExec=467990;OrderedPartialAggregateStream=318969
event	186120	refusal	RepartitionExec[0]	1	87296	227545	17710141	478	4	16988926	245248	RepartitionExec[Merge]=16988926;RepartitionExec=467990;OrderedPartialAggregateStream=253225
event	186141	refusal	RepartitionExec[0]	1	50960	227545	17710141	478	4	16988926	245248	RepartitionExec[Merge]=16988926;RepartitionExec=467990;OrderedPartialAggregateStream=253225
event	186155	refusal	RepartitionExec[0]	1	55970	227545	17710965	478	4	16988926	245248	RepartitionExec[Merge]=16988926;RepartitionExec=467990;OrderedPartialAggregateStream=254049
event	186158	refusal	RepartitionExec[1]	1	95275	240445	17710965	478	4	16988926	245248	RepartitionExec[Merge]=16988926;RepartitionExec=467990;OrderedPartialAggregateStream=254049
event	186194	refusal	RepartitionExec[0]	1	77295	236065	17918123	478	4	16988926	245248	RepartitionExec[Merge]=16988926;RepartitionExec=476510;OrderedPartialAggregateStream=452687
event	186215	refusal	RepartitionExec[1]	1	49442	240445	18155703	478	4	16988926	245248	RepartitionExec[Merge]=16988926;OrderedPartialAggregateStream=690267;RepartitionExec=476510
event	186240	refusal	RepartitionExec[1]	1	47546	240445	18155703	478	4	16988926	245248	RepartitionExec[Merge]=16988926;OrderedPartialAggregateStream=690267;RepartitionExec=476510
event	186267	refusal	RepartitionExec[0]	1	51464	244585	18160704	478	4	16988926	245248	RepartitionExec[Merge]=16988926;OrderedPartialAggregateStream=686748;RepartitionExec=485030
event	186280	refusal	RepartitionExec[1]	1	87296	240445	18160704	478	4	16988926	245248	RepartitionExec[Merge]=16988926;OrderedPartialAggregateStream=686748;RepartitionExec=485030
event	186325	refusal	RepartitionExec[0]	1	50327	244585	18428384	478	4	16988926	245248	RepartitionExec[Merge]=16988926;OrderedPartialAggregateStream=954428;RepartitionExec=485030
event	186336	refusal	RepartitionExec[1]	1	43502	240445	18428384	478	4	16988926	245248	RepartitionExec[Merge]=16988926;OrderedPartialAggregateStream=954428;RepartitionExec=485030
event	186365	refusal	RepartitionExec[1]	1	50960	240445	18203599	478	4	16988926	245248	RepartitionExec[Merge]=16988926;OrderedPartialAggregateStream=981176;RepartitionExec=485030
event	186378	refusal	RepartitionExec[0]	1	49442	244585	18076101	478	4	16988926	245248	RepartitionExec[Merge]=16988926;OrderedPartialAggregateStream=602145;RepartitionExec=485030
event	186396	refusal	RepartitionExec[0]	1	46409	244585	18076101	478	4	16988926	245248	RepartitionExec[Merge]=16988926;OrderedPartialAggregateStream=602145;RepartitionExec=485030
event	186406	refusal	RepartitionExec[0]	1	49064	244585	18076101	478	4	16988926	245248	RepartitionExec[Merge]=16988926;OrderedPartialAggregateStream=602145;RepartitionExec=485030
event	186414	refusal	RepartitionExec[1]	1	55970	240445	17896553	477	4	16988926	245762	RepartitionExec[Merge]=16988926;RepartitionExec=485030;OrderedPartialAggregateStream=422597
event	186443	refusal	RepartitionExec[0]	1	42872	244585	17896553	477	4	16988926	245762	RepartitionExec[Merge]=16988926;RepartitionExec=485030;OrderedPartialAggregateStream=422597
event	186470	refusal	RepartitionExec[1]	1	77295	240445	17896553	477	4	16988926	245762	RepartitionExec[Merge]=16988926;RepartitionExec=485030;OrderedPartialAggregateStream=422597
event	186505	refusal	RepartitionExec[0]	1	8520	244585	18273601	477	4	16988926	245762	RepartitionExec[Merge]=16988926;OrderedPartialAggregateStream=799645;RepartitionExec=485030
event	186517	refusal	RepartitionExec[1]	1	8584	240445	18273601	477	4	16988926	245762	RepartitionExec[Merge]=16988926;OrderedPartialAggregateStream=799645;RepartitionExec=485030
event	186528	refusal	RepartitionExec[1]	1	51464	240445	18273601	477	4	16988926	245762	RepartitionExec[Merge]=16988926;OrderedPartialAggregateStream=799645;RepartitionExec=485030
event	186554	refusal	RepartitionExec[0]	1	53360	244585	17896274	477	4	16988926	245762	RepartitionExec[Merge]=16988926;RepartitionExec=485030;OrderedPartialAggregateStream=422318
event	186564	refusal	RepartitionExec[0]	1	41354	244585	17896274	477	4	16988926	245762	RepartitionExec[Merge]=16988926;RepartitionExec=485030;OrderedPartialAggregateStream=422318
event	186621	refusal	RepartitionExec[1]	1	50327	240445	17895450	475	4	16988926	246797	RepartitionExec[Merge]=16988926;RepartitionExec=485030;OrderedPartialAggregateStream=421494
event	186662	refusal	RepartitionExec[1]	1	8520	240445	17854019	475	4	16988926	246797	RepartitionExec[Merge]=16988926;RepartitionExec=485030;OrderedPartialAggregateStream=380063
event	186685	refusal	RepartitionExec[1]	1	53360	240445	17854019	475	4	16988926	246797	RepartitionExec[Merge]=16988926;RepartitionExec=485030;OrderedPartialAggregateStream=380063
event	186708	refusal	RepartitionExec[1]	1	49442	240445	17854019	475	4	16988926	246797	RepartitionExec[Merge]=16988926;RepartitionExec=485030;OrderedPartialAggregateStream=380063
event	186783	refusal	RepartitionExec[0]	1	8520	244585	18051959	475	4	16988926	246797	RepartitionExec[Merge]=16988926;OrderedPartialAggregateStream=578003;RepartitionExec=485030
event	186807	refusal	RepartitionExec[1]	1	49064	240445	18051959	475	4	16988926	246797	RepartitionExec[Merge]=16988926;OrderedPartialAggregateStream=578003;RepartitionExec=485030
event	186851	refusal	RepartitionExec[0]	1	51464	244585	18334286	474	4	16988926	247318	RepartitionExec[Merge]=16988926;OrderedPartialAggregateStream=860330;RepartitionExec=485030
event	186864	refusal	RepartitionExec[1]	1	42872	240445	18334286	474	4	16988926	247318	RepartitionExec[Merge]=16988926;OrderedPartialAggregateStream=860330;RepartitionExec=485030
event	186894	refusal	RepartitionExec[0]	1	52730	244585	18133734	474	4	16988926	247318	RepartitionExec[Merge]=16988926;OrderedPartialAggregateStream=659778;RepartitionExec=485030
event	186962	refusal	RepartitionExec[0]	1	50453	244585	17895290	472	4	16988926	248366	RepartitionExec[Merge]=16988926;RepartitionExec=485030;OrderedPartialAggregateStream=421334
event	186974	refusal	RepartitionExec[0]	1	8520	244585	17895290	472	4	16988926	248366	RepartitionExec[Merge]=16988926;RepartitionExec=485030;OrderedPartialAggregateStream=421334
event	186996	refusal	RepartitionExec[1]	1	41354	240445	17852915	472	4	16988926	248366	RepartitionExec[Merge]=16988926;RepartitionExec=485030;OrderedPartialAggregateStream=378959
event	187006	refusal	RepartitionExec[1]	1	8520	240445	17852915	472	4	16988926	248366	RepartitionExec[Merge]=16988926;RepartitionExec=485030;OrderedPartialAggregateStream=378959
event	187011	refusal	RepartitionExec[1]	1	46409	240445	17852915	472	4	16988926	248366	RepartitionExec[Merge]=16988926;RepartitionExec=485030;OrderedPartialAggregateStream=378959
event	187063	refusal	RepartitionExec[1]	1	8520	240445	18039887	472	4	16988926	248366	RepartitionExec[Merge]=16988926;OrderedPartialAggregateStream=565931;RepartitionExec=485030
event	187136	refusal	RepartitionExec[1]	1	8520	240445	17776637	472	4	16988926	248366	RepartitionExec[Merge]=16988926;RepartitionExec=485030;OrderedPartialAggregateStream=335960
event	187139	refusal	OrderedPartialAggregateStream[291]	1	251197	0	17776637	472	4	16988926	248366	RepartitionExec[Merge]=16988926;RepartitionExec=485030;OrderedPartialAggregateStream=335960
event	187150	refusal	RepartitionExec[0]	1	46916	244585	17776637	472	4	16988926	248366	RepartitionExec[Merge]=16988926;RepartitionExec=485030;OrderedPartialAggregateStream=335960
event	187172	refusal	RepartitionExec[1]	1	51464	240445	18002466	472	4	16988926	248366	RepartitionExec[Merge]=16988926;OrderedPartialAggregateStream=528510;RepartitionExec=485030
event	187186	refusal	RepartitionExec[0]	1	8520	244585	18243259	472	4	16988926	248366	RepartitionExec[Merge]=16988926;OrderedPartialAggregateStream=769303;RepartitionExec=485030
event	187216	refusal	OrderedPartialAggregateStream[1180]	1	498362	0	18201908	472	4	16988926	248366	RepartitionExec[Merge]=16988926;OrderedPartialAggregateStream=727952;RepartitionExec=485030
event	187231	refusal	RepartitionExec[0]	1	8520	244585	18233538	472	4	16988926	248366	RepartitionExec[Merge]=16988926;OrderedPartialAggregateStream=759582;RepartitionExec=485030
event	187250	refusal	RepartitionExec[1]	1	52730	240445	18233538	472	4	16988926	248366	RepartitionExec[Merge]=16988926;OrderedPartialAggregateStream=759582;RepartitionExec=485030
event	187264	refusal	RepartitionExec[0]	1	57317	244585	18233538	472	4	16988926	248366	RepartitionExec[Merge]=16988926;OrderedPartialAggregateStream=759582;RepartitionExec=485030
event	187271	refusal	RepartitionExec[0]	1	48938	244585	18099406	472	4	16988926	248366	RepartitionExec[Merge]=16988926;OrderedPartialAggregateStream=759582;RepartitionExec=485030
event	187281	refusal	RepartitionExec[1]	1	50453	240445	18035216	472	4	16988926	248366	RepartitionExec[Merge]=16988926;OrderedPartialAggregateStream=561260;RepartitionExec=485030
event	187305	refusal	RepartitionExec[0]	1	51719	244585	17853691	472	4	16988926	248366	RepartitionExec[Merge]=16988926;RepartitionExec=485030;OrderedPartialAggregateStream=379735
event	187319	refusal	RepartitionExec[0]	1	44135	244585	17853691	472	4	16988926	248366	RepartitionExec[Merge]=16988926;RepartitionExec=485030;OrderedPartialAggregateStream=379735
event	187341	refusal	RepartitionExec[0]	1	8520	244585	17813356	472	4	16988926	248366	RepartitionExec[Merge]=16988926;RepartitionExec=485030;OrderedPartialAggregateStream=339400
event	187363	refusal	RepartitionExec[0]	1	8520	244585	17770917	472	4	16988926	248366	RepartitionExec[Merge]=16988926;RepartitionExec=485030;OrderedPartialAggregateStream=296961
event	187381	refusal	RepartitionExec[0]	1	112356	244585	17770917	472	4	16988926	248366	RepartitionExec[Merge]=16988926;RepartitionExec=485030;OrderedPartialAggregateStream=296961
event	187398	refusal	RepartitionExec[1]	1	57317	240445	17770917	472	4	16988926	248366	RepartitionExec[Merge]=16988926;RepartitionExec=485030;OrderedPartialAggregateStream=296961
event	187440	refusal	RepartitionExec[1]	1	8520	240445	17728478	472	4	16988926	248366	RepartitionExec[Merge]=16988926;RepartitionExec=485030;OrderedPartialAggregateStream=254522
event	187468	refusal	OrderedPartialAggregateStream[215]	1	398696	0	17959551	472	4	16988926	248366	RepartitionExec[Merge]=16988926;OrderedPartialAggregateStream=485595;RepartitionExec=485030
event	187495	refusal	RepartitionExec[0]	1	8520	244585	18134597	472	4	16988926	248366	RepartitionExec[Merge]=16988926;RepartitionExec=485030;OrderedPartialAggregateStream=442996
event	187506	refusal	OrderedPartialAggregateStream[98]	1	435551	0	18134597	471	4	16988926	248893	RepartitionExec[Merge]=16988926;OrderedPartialAggregateStream=660641;RepartitionExec=485030
event	187523	refusal	RepartitionExec[1]	1	46916	240445	17945467	471	4	16988926	248893	RepartitionExec[Merge]=16988926;RepartitionExec=485030;OrderedPartialAggregateStream=471511
event	187546	refusal	RepartitionExec[0]	1	47546	244585	18188051	471	4	16988926	248893	RepartitionExec[Merge]=16988926;OrderedPartialAggregateStream=714095;RepartitionExec=485030
event	187606	refusal	RepartitionExec[1]	1	8520	240445	17970142	471	4	16988926	248893	RepartitionExec[Merge]=16988926;OrderedPartialAggregateStream=496186;RepartitionExec=485030
event	187616	refusal	RepartitionExec[0]	1	74598	244585	17770125	471	4	16988926	248893	RepartitionExec[Merge]=16988926;RepartitionExec=485030;OrderedPartialAggregateStream=296169
event	187628	refusal	RepartitionExec[0]	1	41861	244585	17901397	471	4	16988926	248893	RepartitionExec[Merge]=16988926;RepartitionExec=485030;OrderedPartialAggregateStream=296169
event	187630	refusal	RepartitionExec[1]	1	48938	240445	17901397	471	4	16988926	248893	RepartitionExec[Merge]=16988926;RepartitionExec=485030;OrderedPartialAggregateStream=296169
event	187636	refusal	RepartitionExec[1]	1	51719	240445	18127952	471	4	16988926	248893	RepartitionExec[Merge]=16988926;RepartitionExec=485030;OrderedPartialAggregateStream=296169
event	187650	refusal	RepartitionExec[0]	1	52475	244585	17997504	471	4	16988926	248893	RepartitionExec[Merge]=16988926;OrderedPartialAggregateStream=523548;RepartitionExec=485030
event	187671	refusal	RepartitionExec[0]	1	88534	244585	17955641	471	4	16988926	248893	RepartitionExec[Merge]=16988926;RepartitionExec=485030;OrderedPartialAggregateStream=481685
event	187680	refusal	RepartitionExec[0]	1	8520	244585	17955641	471	4	16988926	248893	RepartitionExec[Merge]=16988926;RepartitionExec=485030;OrderedPartialAggregateStream=481685
event	187719	refusal	RepartitionExec[1]	1	112356	240445	18019313	471	4	16988926	248893	RepartitionExec[Merge]=16988926;OrderedPartialAggregateStream=545357;RepartitionExec=485030
event	187724	refusal	RepartitionExec[0]	1	45653	244585	18018489	470	4	16988926	249422	RepartitionExec[Merge]=16988926;OrderedPartialAggregateStream=544533;RepartitionExec=485030
event	187765	refusal	RepartitionExec[0]	1	8520	244585	17976018	470	4	16988926	249422	RepartitionExec[Merge]=16988926;OrderedPartialAggregateStream=502062;RepartitionExec=485030
event	187801	refusal	RepartitionExec[1]	1	47546	240445	17976018	470	4	16988926	249422	RepartitionExec[Merge]=16988926;OrderedPartialAggregateStream=502062;RepartitionExec=485030
event	187836	refusal	RepartitionExec[1]	1	74598	240445	17770381	470	4	16988926	249422	RepartitionExec[Merge]=16988926;RepartitionExec=485030;OrderedPartialAggregateStream=296425
event	187871	refusal	RepartitionExec[0]	1	55004	244585	17770381	470	4	16988926	249422	RepartitionExec[Merge]=16988926;RepartitionExec=485030;OrderedPartialAggregateStream=296425
event	187878	refusal	RepartitionExec[1]	1	41861	240445	17770381	470	4	16988926	249422	RepartitionExec[Merge]=16988926;RepartitionExec=485030;OrderedPartialAggregateStream=296425
event	187896	refusal	OrderedPartialAggregateStream[978]	1	273521	0	17728262	470	4	16988926	249422	RepartitionExec[Merge]=16988926;RepartitionExec=485030;OrderedPartialAggregateStream=254306
event	187904	refusal	RepartitionExec[0]	1	8520	244585	17728262	470	4	16988926	249422	RepartitionExec[Merge]=16988926;RepartitionExec=485030;OrderedPartialAggregateStream=254306
event	187926	refusal	RepartitionExec[1]	1	44135	240445	17728262	470	4	16988926	249422	RepartitionExec[Merge]=16988926;RepartitionExec=485030;OrderedPartialAggregateStream=254306
event	187933	refusal	OrderedPartialAggregateStream[1097]	1	435182	0	17728262	470	4	16988926	249422	RepartitionExec[Merge]=16988926;RepartitionExec=485030;OrderedPartialAggregateStream=254306
event	187986	refusal	RepartitionExec[0]	1	63047	244585	18199786	469	4	16988926	249954	RepartitionExec[Merge]=16988926;OrderedPartialAggregateStream=725830;RepartitionExec=485030
event	188003	refusal	RepartitionExec[1]	1	88534	240445	18199786	469	4	16988926	249954	RepartitionExec[Merge]=16988926;OrderedPartialAggregateStream=725830;RepartitionExec=485030
event	188057	refusal	RepartitionExec[0]	1	45146	244585	18242244	468	4	16988926	250488	RepartitionExec[Merge]=16988926;OrderedPartialAggregateStream=768288;RepartitionExec=485030
event	188071	refusal	RepartitionExec[1]	1	45653	240445	18242244	468	4	16988926	250488	RepartitionExec[Merge]=16988926;OrderedPartialAggregateStream=768288;RepartitionExec=485030
event	188089	refusal	RepartitionExec[0]	1	88422	244585	18057691	468	4	16988926	250488	RepartitionExec[Merge]=16988926;OrderedPartialAggregateStream=583735;RepartitionExec=485030
event	188123	refusal	RepartitionExec[1]	1	52475	240445	17812404	468	4	16988926	250488	RepartitionExec[Merge]=16988926;RepartitionExec=485030;OrderedPartialAggregateStream=338448
event	188130	refusal	RepartitionExec[0]	1	8520	244585	17812404	468	4	16988926	250488	RepartitionExec[Merge]=16988926;RepartitionExec=485030;OrderedPartialAggregateStream=338448
event	188147	refusal	RepartitionExec[0]	1	53993	244585	17812404	468	4	16988926	250488	RepartitionExec[Merge]=16988926;RepartitionExec=485030;OrderedPartialAggregateStream=338448
event	188155	refusal	OrderedPartialAggregateStream[1116]	1	416228	0	18055609	468	4	16988926	250488	RepartitionExec[Merge]=16988926;RepartitionExec=485030;OrderedPartialAggregateStream=338448
event	188171	refusal	RepartitionExec[0]	1	45524	244585	18055609	468	4	16988926	250488	RepartitionExec[Merge]=16988926;OrderedPartialAggregateStream=581653;RepartitionExec=485030
event	188181	refusal	RepartitionExec[1]	1	55004	240445	18055609	468	4	16988926	250488	RepartitionExec[Merge]=16988926;OrderedPartialAggregateStream=581653;RepartitionExec=485030
event	188236	refusal	RepartitionExec[1]	1	88422	240445	18087219	468	4	16988926	250488	RepartitionExec[Merge]=16988926;OrderedPartialAggregateStream=613263;RepartitionExec=485030
event	188256	refusal	RepartitionExec[0]	1	52730	244585	18053996	468	4	16988926	250488	RepartitionExec[Merge]=16988926;OrderedPartialAggregateStream=571520;RepartitionExec=493550
event	188266	refusal	RepartitionExec[0]	1	81230	244585	18053996	468	4	16988926	250488	RepartitionExec[Merge]=16988926;OrderedPartialAggregateStream=571520;RepartitionExec=493550
event	188277	refusal	RepartitionExec[1]	1	63047	248965	18053996	468	4	16988926	250488	RepartitionExec[Merge]=16988926;OrderedPartialAggregateStream=571520;RepartitionExec=493550
event	188298	refusal	RepartitionExec[0]	1	8520	244585	17820900	468	4	16988926	250488	RepartitionExec[Merge]=16988926;RepartitionExec=493550;OrderedPartialAggregateStream=338424
event	188318	refusal	RepartitionExec[0]	1	48053	244585	17820900	468	4	16988926	250488	RepartitionExec[Merge]=16988926;RepartitionExec=493550;OrderedPartialAggregateStream=338424
event	188343	refusal	RepartitionExec[1]	1	45146	248965	17820900	468	4	16988926	250488	RepartitionExec[Merge]=16988926;RepartitionExec=493550;OrderedPartialAggregateStream=338424
event	188364	refusal	RepartitionExec[1]	1	8520	248965	17779197	468	4	16988926	250488	RepartitionExec[Merge]=16988926;RepartitionExec=493550;OrderedPartialAggregateStream=296721
event	188412	refusal	OrderedPartialAggregateStream[104]	1	423293	0	17779197	468	4	16988926	250488	RepartitionExec[Merge]=16988926;RepartitionExec=493550;OrderedPartialAggregateStream=296721
event	188434	refusal	RepartitionExec[0]	1	8520	244585	17736862	467	4	16988926	251025	RepartitionExec[Merge]=16988926;RepartitionExec=493550;OrderedPartialAggregateStream=254386
event	188487	refusal	RepartitionExec[1]	1	8520	248965	17927115	467	4	16988926	251025	RepartitionExec[Merge]=16988926;RepartitionExec=493550;OrderedPartialAggregateStream=444639
event	188490	refusal	RepartitionExec[1]	1	45524	248965	17927115	467	4	16988926	251025	RepartitionExec[Merge]=16988926;RepartitionExec=493550;OrderedPartialAggregateStream=444639
event	188543	refusal	RepartitionExec[0]	1	47927	244585	17968557	467	4	16988926	251025	RepartitionExec[Merge]=16988926;RepartitionExec=493550;OrderedPartialAggregateStream=486905
event	188555	refusal	RepartitionExec[0]	1	83927	244585	17968557	466	4	16988926	251563	RepartitionExec[Merge]=16988926;RepartitionExec=493550;OrderedPartialAggregateStream=486081
event	188598	refusal	RepartitionExec[1]	1	52730	248965	17778349	465	4	16988926	252104	RepartitionExec[Merge]=16988926;RepartitionExec=493550;OrderedPartialAggregateStream=295873
event	188623	refusal	RepartitionExec[0]	1	47675	244585	17778349	465	4	16988926	252104	RepartitionExec[Merge]=16988926;RepartitionExec=493550;OrderedPartialAggregateStream=295873
event	188625	refusal	RepartitionExec[1]	1	81230	248965	17778349	465	4	16988926	252104	RepartitionExec[Merge]=16988926;RepartitionExec=493550;OrderedPartialAggregateStream=295873
event	188648	refusal	RepartitionExec[1]	1	8520	248965	17737126	465	4	16988926	252104	RepartitionExec[Merge]=16988926;RepartitionExec=493550;OrderedPartialAggregateStream=254650
event	188665	refusal	OrderedPartialAggregateStream[102]	1	430214	0	17737126	465	4	16988926	252104	RepartitionExec[Merge]=16988926;RepartitionExec=493550;OrderedPartialAggregateStream=254650
event	188718	refusal	RepartitionExec[1]	1	53993	248965	18190848	465	4	16988926	252104	RepartitionExec[Merge]=16988926;OrderedPartialAggregateStream=708372;RepartitionExec=493550
event	188727	refusal	RepartitionExec[1]	1	83927	248965	18190848	465	4	16988926	252104	RepartitionExec[Merge]=16988926;OrderedPartialAggregateStream=708372;RepartitionExec=493550
event	188749	refusal	RepartitionExec[1]	1	47675	248965	17820564	465	4	16988926	252104	RepartitionExec[Merge]=16988926;RepartitionExec=493550;OrderedPartialAggregateStream=338088
event	188781	refusal	RepartitionExec[0]	1	43250	244585	17820564	465	4	16988926	252104	RepartitionExec[Merge]=16988926;RepartitionExec=493550;OrderedPartialAggregateStream=338088
event	188791	refusal	RepartitionExec[0]	1	48305	244585	17821388	465	4	16988926	252104	RepartitionExec[Merge]=16988926;RepartitionExec=493550;OrderedPartialAggregateStream=338912
event	188804	refusal	RepartitionExec[1]	1	47927	248965	17821388	465	4	16988926	252104	RepartitionExec[Merge]=16988926;RepartitionExec=493550;OrderedPartialAggregateStream=338912
event	188810	refusal	RepartitionExec[0]	1	86512	244585	17821388	465	4	16988926	252104	RepartitionExec[Merge]=16988926;RepartitionExec=493550;OrderedPartialAggregateStream=338912
event	188828	refusal	RepartitionExec[1]	1	48053	248965	18069876	465	4	16988926	252104	RepartitionExec[Merge]=16988926;OrderedPartialAggregateStream=587400;RepartitionExec=493550
event	188844	refusal	OrderedPartialAggregateStream[81]	1	426002	0	18069876	465	4	16988926	252104	RepartitionExec[Merge]=16988926;OrderedPartialAggregateStream=587400;RepartitionExec=493550
event	188893	refusal	RepartitionExec[1]	1	8520	248965	18026453	465	4	16988926	252104	RepartitionExec[Merge]=16988926;OrderedPartialAggregateStream=543977;RepartitionExec=493550
event	188942	refusal	RepartitionExec[0]	1	55004	244585	17997415	464	4	16988926	252648	RepartitionExec[Merge]=16988926;OrderedPartialAggregateStream=514939;RepartitionExec=493550
event	188950	refusal	RepartitionExec[0]	1	8520	244585	18085928	464	4	16988926	252648	RepartitionExec[Merge]=16988926;RepartitionExec=493550;OrderedPartialAggregateStream=472180
event	188960	refusal	RepartitionExec[1]	1	8520	248965	17955480	464	4	16988926	252648	RepartitionExec[Merge]=16988926;RepartitionExec=493550;OrderedPartialAggregateStream=473004
event	188985	refusal	RepartitionExec[0]	1	42239	244585	17778197	464	4	16988926	252648	RepartitionExec[Merge]=16988926;RepartitionExec=493550;OrderedPartialAggregateStream=295721
event	188997	refusal	RepartitionExec[0]	1	84938	244585	17778197	464	4	16988926	252648	RepartitionExec[Merge]=16988926;RepartitionExec=493550;OrderedPartialAggregateStream=295721
event	189074	refusal	RepartitionExec[1]	1	43250	248965	17743934	463	4	16988926	253193	RepartitionExec[Merge]=16988926;RepartitionExec=502070;OrderedPartialAggregateStream=252938
event	189082	refusal	OrderedPartialAggregateStream[1118]	1	459113	0	17743934	463	4	16988926	253193	RepartitionExec[Merge]=16988926;RepartitionExec=502070;OrderedPartialAggregateStream=252938
event	189096	refusal	OrderedPartialAggregateStream[92]	1	428990	0	17743934	463	4	16988926	253193	RepartitionExec[Merge]=16988926;RepartitionExec=502070;OrderedPartialAggregateStream=252938
event	189104	refusal	RepartitionExec[1]	1	48305	248965	17743934	463	4	16988926	253193	RepartitionExec[Merge]=16988926;RepartitionExec=502070;OrderedPartialAggregateStream=252938
event	189135	refusal	RepartitionExec[0]	1	8520	253105	17702247	463	4	16988926	253193	RepartitionExec[Merge]=16988926;RepartitionExec=502070;OrderedPartialAggregateStream=211251
event	189182	refusal	RepartitionExec[1]	1	86512	248965	17936794	463	4	16988926	253193	RepartitionExec[Merge]=16988926;RepartitionExec=502070;OrderedPartialAggregateStream=445798
event	189209	refusal	RepartitionExec[0]	1	97524	253105	17895611	463	4	16988926	253193	RepartitionExec[Merge]=16988926;RepartitionExec=502070;OrderedPartialAggregateStream=404615
event	189217	refusal	RepartitionExec[0]	1	8520	253105	17895611	463	4	16988926	253193	RepartitionExec[Merge]=16988926;RepartitionExec=502070;OrderedPartialAggregateStream=404615
event	189252	refusal	RepartitionExec[1]	1	55004	248965	18012312	463	4	16988926	253193	RepartitionExec[Merge]=16988926;RepartitionExec=502070;OrderedPartialAggregateStream=405439
event	189260	refusal	RepartitionExec[0]	1	86061	253105	17948416	463	4	16988926	253193	RepartitionExec[Merge]=16988926;RepartitionExec=502070;OrderedPartialAggregateStream=457420
event	189284	refusal	RepartitionExec[1]	1	42239	248965	18172244	463	4	16988926	253193	RepartitionExec[Merge]=16988926;OrderedPartialAggregateStream=681248;RepartitionExec=502070
event	189292	refusal	RepartitionExec[0]	1	49064	253105	18172244	463	4	16988926	253193	RepartitionExec[Merge]=16988926;OrderedPartialAggregateStream=681248;RepartitionExec=502070
event	189337	refusal	RepartitionExec[1]	1	84938	248965	18307805	463	4	16988926	253193	RepartitionExec[Merge]=16988926;OrderedPartialAggregateStream=608553;RepartitionExec=502070
event	189342	refusal	RepartitionExec[0]	1	53234	253105	18482578	463	4	16988926	253193	RepartitionExec[Merge]=16988926;OrderedPartialAggregateStream=783326;RepartitionExec=502070
event	189360	refusal	RepartitionExec[0]	1	44513	253105	18474058	463	4	16988926	253193	RepartitionExec[Merge]=16988926;OrderedPartialAggregateStream=983062;RepartitionExec=502070
event	189365	refusal	RepartitionExec[1]	1	8520	248965	18474058	463	4	16988926	253193	RepartitionExec[Merge]=16988926;OrderedPartialAggregateStream=983062;RepartitionExec=502070
event	189409	refusal	RepartitionExec[1]	1	86061	248965	18134557	463	4	16988926	253193	RepartitionExec[Merge]=16988926;OrderedPartialAggregateStream=778005;RepartitionExec=502070
event	189423	refusal	RepartitionExec[0]	1	54752	253105	17874515	463	4	16988926	253193	RepartitionExec[Merge]=16988926;RepartitionExec=502070;OrderedPartialAggregateStream=383519
event	189446	refusal	RepartitionExec[0]	1	50579	253105	17874515	463	4	16988926	253193	RepartitionExec[Merge]=16988926;RepartitionExec=502070;OrderedPartialAggregateStream=383519
event	189456	refusal	RepartitionExec[0]	1	51845	253105	17873691	463	4	16988926	253193	RepartitionExec[Merge]=16988926;RepartitionExec=502070;OrderedPartialAggregateStream=383519
event	189465	refusal	RepartitionExec[1]	1	53234	248965	17873691	462	4	16988926	253741	RepartitionExec[Merge]=16988926;RepartitionExec=502070;OrderedPartialAggregateStream=382695
event	189505	refusal	RepartitionExec[1]	1	8520	248965	17830804	462	4	16988926	253741	RepartitionExec[Merge]=16988926;RepartitionExec=502070;OrderedPartialAggregateStream=339808
event	189558	refusal	RepartitionExec[0]	1	8520	253105	17788765	462	4	16988926	253741	RepartitionExec[Merge]=16988926;RepartitionExec=502070;OrderedPartialAggregateStream=297769
event	189576	refusal	OrderedPartialAggregateStream[216]	1	263387	0	17747494	462	4	16988926	253741	RepartitionExec[Merge]=16988926;RepartitionExec=502070;OrderedPartialAggregateStream=256498
event	189590	refusal	RepartitionExec[1]	1	49064	248965	17747494	462	4	16988926	253741	RepartitionExec[Merge]=16988926;RepartitionExec=502070;OrderedPartialAggregateStream=256498
event	189601	refusal	RepartitionExec[0]	1	8520	253105	17747494	462	4	16988926	253741	RepartitionExec[Merge]=16988926;RepartitionExec=502070;OrderedPartialAggregateStream=256498
event	189679	refusal	RepartitionExec[1]	1	97524	248965	18039226	461	4	16988926	254292	RepartitionExec[Merge]=16988926;RepartitionExec=502070;OrderedPartialAggregateStream=255674
event	189684	refusal	RepartitionExec[1]	1	44513	248965	18039226	461	4	16988926	254292	RepartitionExec[Merge]=16988926;OrderedPartialAggregateStream=548230;RepartitionExec=502070
event	189719	refusal	RepartitionExec[0]	1	59227	253105	18215274	461	4	16988926	254292	RepartitionExec[Merge]=16988926;OrderedPartialAggregateStream=724278;RepartitionExec=502070
event	189781	refusal	RepartitionExec[1]	1	54752	248965	18266543	460	4	16988926	254845	RepartitionExec[Merge]=16988926;OrderedPartialAggregateStream=775547;RepartitionExec=502070
event	189789	refusal	RepartitionExec[0]	1	45398	253105	18266543	460	4	16988926	254845	RepartitionExec[Merge]=16988926;OrderedPartialAggregateStream=775547;RepartitionExec=502070
event	189800	refusal	OrderedPartialAggregateStream[1153]	1	488930	0	18266543	460	4	16988926	254845	RepartitionExec[Merge]=16988926;OrderedPartialAggregateStream=775547;RepartitionExec=502070
event	189816	refusal	RepartitionExec[1]	1	50579	248965	18067270	460	4	16988926	254845	RepartitionExec[Merge]=16988926;OrderedPartialAggregateStream=576274;RepartitionExec=502070
event	189844	refusal	RepartitionExec[0]	1	52097	253105	18115990	460	4	16988926	254845	RepartitionExec[Merge]=16988926;RepartitionExec=502070;OrderedPartialAggregateStream=382095
event	189853	refusal	RepartitionExec[0]	1	49823	253105	18115990	460	4	16988926	254845	RepartitionExec[Merge]=16988926;OrderedPartialAggregateStream=624994;RepartitionExec=502070
event	189857	refusal	RepartitionExec[1]	1	51845	248965	18115990	460	4	16988926	254845	RepartitionExec[Merge]=16988926;OrderedPartialAggregateStream=624994;RepartitionExec=502070
event	189906	refusal	RepartitionExec[1]	1	8520	248965	18073327	460	4	16988926	254845	RepartitionExec[Merge]=16988926;OrderedPartialAggregateStream=582331;RepartitionExec=502070
event	189923	refusal	RepartitionExec[0]	1	8520	253105	17830147	460	4	16988926	254845	RepartitionExec[Merge]=16988926;RepartitionExec=502070;OrderedPartialAggregateStream=339151
event	189943	refusal	RepartitionExec[0]	1	52601	253105	17830147	460	4	16988926	254845	RepartitionExec[Merge]=16988926;RepartitionExec=502070;OrderedPartialAggregateStream=339151
event	189966	refusal	RepartitionExec[0]	1	8520	253105	18011635	460	4	16988926	254845	RepartitionExec[Merge]=16988926;OrderedPartialAggregateStream=520639;RepartitionExec=502070
event	189974	refusal	RepartitionExec[1]	1	49823	248965	18011635	460	4	16988926	254845	RepartitionExec[Merge]=16988926;OrderedPartialAggregateStream=520639;RepartitionExec=502070
event	190002	refusal	RepartitionExec[0]	1	108760	253105	18011635	460	4	16988926	254845	RepartitionExec[Merge]=16988926;OrderedPartialAggregateStream=520639;RepartitionExec=502070
event	190014	refusal	OrderedPartialAggregateStream[1100]	1	406490	0	18011635	460	4	16988926	254845	RepartitionExec[Merge]=16988926;OrderedPartialAggregateStream=520639;RepartitionExec=502070
event	190032	refusal	RepartitionExec[1]	1	59227	248965	18066466	459	4	16988926	255400	RepartitionExec[Merge]=16988926;OrderedPartialAggregateStream=575470;RepartitionExec=502070
event	190047	refusal	RepartitionExec[0]	1	44135	253105	18066466	459	4	16988926	255400	RepartitionExec[Merge]=16988926;OrderedPartialAggregateStream=575470;RepartitionExec=502070
event	190061	refusal	RepartitionExec[1]	1	45398	248965	18024331	459	4	16988926	255400	RepartitionExec[Merge]=16988926;OrderedPartialAggregateStream=533335;RepartitionExec=502070
event	190080	refusal	RepartitionExec[0]	1	8520	253105	18024331	459	4	16988926	255400	RepartitionExec[Merge]=16988926;OrderedPartialAggregateStream=533335;RepartitionExec=502070
event	190137	refusal	RepartitionExec[0]	1	49823	253105	17960699	457	4	16988926	256518	RepartitionExec[Merge]=16988926;RepartitionExec=502070;OrderedPartialAggregateStream=338431
event	190162	refusal	RepartitionExec[1]	1	52097	248965	17830251	457	4	16988926	256518	RepartitionExec[Merge]=16988926;RepartitionExec=502070;OrderedPartialAggregateStream=339255
event	190181	refusal	RepartitionExec[0]	1	8520	253105	17788580	457	4	16988926	256518	RepartitionExec[Merge]=16988926;RepartitionExec=502070;OrderedPartialAggregateStream=297584
event	190194	refusal	RepartitionExec[0]	1	77522	253105	18031758	457	4	16988926	256518	RepartitionExec[Merge]=16988926;OrderedPartialAggregateStream=540762;RepartitionExec=502070
event	190221	refusal	RepartitionExec[1]	1	52601	248965	18031758	457	4	16988926	256518	RepartitionExec[Merge]=16988926;OrderedPartialAggregateStream=540762;RepartitionExec=502070
event	190298	refusal	RepartitionExec[0]	1	52730	253105	17936373	457	4	16988926	256518	RepartitionExec[Merge]=16988926;OrderedPartialAggregateStream=560660;RepartitionExec=502070
event	190309	refusal	RepartitionExec[0]	1	8520	253105	17873177	457	4	16988926	256518	RepartitionExec[Merge]=16988926;RepartitionExec=502070;OrderedPartialAggregateStream=445377
event	190320	refusal	RepartitionExec[0]	1	55130	253105	17873177	457	4	16988926	256518	RepartitionExec[Merge]=16988926;RepartitionExec=502070;OrderedPartialAggregateStream=382181
event	190334	refusal	RepartitionExec[1]	1	108760	248965	17873177	457	4	16988926	256518	RepartitionExec[Merge]=16988926;RepartitionExec=502070;OrderedPartialAggregateStream=382181
event	190346	refusal	RepartitionExec[0]	1	42746	253105	17872353	456	4	16988926	257080	RepartitionExec[Merge]=16988926;RepartitionExec=502070;OrderedPartialAggregateStream=381357
event	190364	refusal	RepartitionExec[1]	1	44135	248965	18100105	455	4	16988926	257645	RepartitionExec[Merge]=16988926;OrderedPartialAggregateStream=609109;RepartitionExec=502070
event	190399	refusal	RepartitionExec[0]	1	8520	253105	18244999	455	4	16988926	257645	RepartitionExec[Merge]=16988926;OrderedPartialAggregateStream=754003;RepartitionExec=502070
event	190404	refusal	RepartitionExec[0]	1	8520	253105	18244999	455	4	16988926	257645	RepartitionExec[Merge]=16988926;OrderedPartialAggregateStream=754003;RepartitionExec=502070
event	190428	refusal	RepartitionExec[1]	1	49823	248965	18059014	455	4	16988926	257645	RepartitionExec[Merge]=16988926;OrderedPartialAggregateStream=568018;RepartitionExec=502070
event	190454	refusal	RepartitionExec[0]	1	46157	253105	18059014	455	4	16988926	257645	RepartitionExec[Merge]=16988926;OrderedPartialAggregateStream=568018;RepartitionExec=502070
event	190503	refusal	RepartitionExec[0]	1	46664	253105	17837906	455	4	16988926	257645	RepartitionExec[Merge]=16988926;RepartitionExec=510590;OrderedPartialAggregateStream=338390
event	190535	refusal	RepartitionExec[1]	1	77522	257485	17795675	455	4	16988926	257645	RepartitionExec[Merge]=16988926;RepartitionExec=510590;OrderedPartialAggregateStream=296159
event	190544	refusal	RepartitionExec[0]	1	8520	253105	17795675	455	4	16988926	257645	RepartitionExec[Merge]=16988926;RepartitionExec=510590;OrderedPartialAggregateStream=296159
event	190574	refusal	RepartitionExec[1]	1	46157	257485	17795675	455	4	16988926	257645	RepartitionExec[Merge]=16988926;RepartitionExec=510590;OrderedPartialAggregateStream=296159
event	190614	refusal	RepartitionExec[1]	1	55130	257485	18023697	455	4	16988926	257645	RepartitionExec[Merge]=16988926;OrderedPartialAggregateStream=524181;RepartitionExec=510590
event	190677	refusal	RepartitionExec[1]	1	42746	257485	18062892	454	4	16988926	258213	RepartitionExec[Merge]=16988926;OrderedPartialAggregateStream=563376;RepartitionExec=510590
event	190690	refusal	RepartitionExec[0]	1	46283	253105	18291544	454	4	16988926	258213	RepartitionExec[Merge]=16988926;OrderedPartialAggregateStream=792028;RepartitionExec=510590
event	190742	refusal	RepartitionExec[0]	1	8520	253105	18063196	454	4	16988926	258213	RepartitionExec[Merge]=16988926;OrderedPartialAggregateStream=563680;RepartitionExec=510590
event	190765	refusal	RepartitionExec[1]	1	52730	257485	17878625	454	4	16988926	258213	RepartitionExec[Merge]=16988926;RepartitionExec=510590;OrderedPartialAggregateStream=379109
event	190775	refusal	RepartitionExec[0]	1	46535	253105	17844635	454	4	16988926	258213	RepartitionExec[Merge]=16988926;RepartitionExec=510590;OrderedPartialAggregateStream=379109
event	190787	refusal	RepartitionExec[0]	1	45524	253105	17836051	454	4	16988926	258213	RepartitionExec[Merge]=16988926;RepartitionExec=510590;OrderedPartialAggregateStream=336535
event	190796	refusal	RepartitionExec[1]	1	8584	257485	17836051	454	4	16988926	258213	RepartitionExec[Merge]=16988926;RepartitionExec=510590;OrderedPartialAggregateStream=336535
event	190804	refusal	RepartitionExec[1]	1	46664	257485	17836051	454	4	16988926	258213	RepartitionExec[Merge]=16988926;RepartitionExec=510590;OrderedPartialAggregateStream=336535
event	190934	refusal	RepartitionExec[0]	1	51971	253105	17877730	453	4	16988926	258783	RepartitionExec[Merge]=16988926;RepartitionExec=510590;OrderedPartialAggregateStream=378214
event	190940	refusal	RepartitionExec[1]	1	46535	257485	17877730	453	4	16988926	258783	RepartitionExec[Merge]=16988926;RepartitionExec=510590;OrderedPartialAggregateStream=378214
event	190991	refusal	RepartitionExec[1]	1	8520	257485	17834827	453	4	16988926	258783	RepartitionExec[Merge]=16988926;RepartitionExec=510590;OrderedPartialAggregateStream=335311
event	191001	refusal	OrderedPartialAggregateStream[1108]	1	436721	0	17834827	453	4	16988926	258783	RepartitionExec[Merge]=16988926;RepartitionExec=510590;OrderedPartialAggregateStream=335311
event	191010	refusal	RepartitionExec[1]	1	46283	257485	17834827	453	4	16988926	258783	RepartitionExec[Merge]=16988926;RepartitionExec=510590;OrderedPartialAggregateStream=335311
event	191017	refusal	OrderedPartialAggregateStream[1129]	1	845650	0	17834827	453	4	16988926	258783	RepartitionExec[Merge]=16988926;RepartitionExec=510590;OrderedPartialAggregateStream=335311
event	191039	refusal	RepartitionExec[1]	1	8520	257485	17793492	453	4	16988926	258783	RepartitionExec[Merge]=16988926;RepartitionExec=510590;OrderedPartialAggregateStream=293976
event	191074	refusal	RepartitionExec[1]	1	8520	257485	17709910	453	4	16988926	258783	RepartitionExec[Merge]=16988926;RepartitionExec=510590;OrderedPartialAggregateStream=210394
event	191085	refusal	RepartitionExec[0]	1	8520	253105	17709910	453	4	16988926	258783	RepartitionExec[Merge]=16988926;RepartitionExec=510590;OrderedPartialAggregateStream=210394
event	191133	refusal	RepartitionExec[1]	1	45524	257485	18161180	452	4	16988926	259355	RepartitionExec[Merge]=16988926;OrderedPartialAggregateStream=661664;RepartitionExec=510590
event	191166	refusal	RepartitionExec[0]	1	88982	253105	18119349	452	4	16988926	259355	RepartitionExec[Merge]=16988926;OrderedPartialAggregateStream=619833;RepartitionExec=510590
event	191176	refusal	RepartitionExec[1]	1	8520	257485	17752165	452	4	16988926	259355	RepartitionExec[Merge]=16988926;RepartitionExec=510590;OrderedPartialAggregateStream=252649
event	191200	refusal	RepartitionExec[0]	1	48305	253105	17752165	452	4	16988926	259355	RepartitionExec[Merge]=16988926;RepartitionExec=510590;OrderedPartialAggregateStream=252649
event	191210	refusal	RepartitionExec[0]	1	41861	253105	17752165	452	4	16988926	259355	RepartitionExec[Merge]=16988926;RepartitionExec=510590;OrderedPartialAggregateStream=252649
event	191225	refusal	RepartitionExec[1]	1	51971	257485	17752165	452	4	16988926	259355	RepartitionExec[Merge]=16988926;RepartitionExec=510590;OrderedPartialAggregateStream=252649
event	191272	refusal	OrderedPartialAggregateStream[1186]	1	922204	0	17709575	452	4	16988926	259355	RepartitionExec[Merge]=16988926;RepartitionExec=510590;OrderedPartialAggregateStream=210059
event	191280	refusal	RepartitionExec[0]	1	8584	253105	17709575	452	4	16988926	259355	RepartitionExec[Merge]=16988926;RepartitionExec=510590;OrderedPartialAggregateStream=210059
event	191303	refusal	RepartitionExec[0]	1	8520	253105	17667792	452	4	16988926	259355	RepartitionExec[Merge]=16988926;RepartitionExec=510590;OrderedPartialAggregateStream=168276
event	191320	refusal	OrderedPartialAggregateStream[103]	1	430232	0	17626105	452	4	16988926	259355	RepartitionExec[Merge]=16988926;RepartitionExec=510590;OrderedPartialAggregateStream=126589
event	191329	refusal	RepartitionExec[1]	1	8520	257485	17626105	452	4	16988926	259355	RepartitionExec[Merge]=16988926;RepartitionExec=510590;OrderedPartialAggregateStream=126589
event	191356	refusal	OrderedPartialAggregateStream[1129]	1	260552	0	17626105	451	4	16988926	259930	RepartitionExec[Merge]=16988926;RepartitionExec=510590;OrderedPartialAggregateStream=126589
event	191380	refusal	RepartitionExec[1]	1	48305	257485	17584426	451	4	16988926	259930	RepartitionExec[Merge]=16988926;RepartitionExec=510590;OrderedPartialAggregateStream=84910
event	191389	refusal	RepartitionExec[0]	1	8520	253105	17584426	451	4	16988926	259930	RepartitionExec[Merge]=16988926;RepartitionExec=510590;OrderedPartialAggregateStream=84910
event	191404	refusal	RepartitionExec[0]	1	166699	253105	18079143	451	4	16988926	259930	RepartitionExec[Merge]=16988926;RepartitionExec=510590;OrderedPartialAggregateStream=333164
event	191418	refusal	RepartitionExec[1]	1	41861	257485	18079143	451	4	16988926	259930	RepartitionExec[Merge]=16988926;OrderedPartialAggregateStream=579627;RepartitionExec=510590
event	191479	refusal	RepartitionExec[1]	1	88982	257485	18324351	451	4	16988926	259930	RepartitionExec[Merge]=16988926;OrderedPartialAggregateStream=580451;RepartitionExec=510590
event	191488	refusal	RepartitionExec[0]	1	86512	253105	18118968	451	4	16988926	259930	RepartitionExec[Merge]=16988926;OrderedPartialAggregateStream=619452;RepartitionExec=510590
event	191514	refusal	OrderedPartialAggregateStream[254]	1	273503	0	17881761	451	4	16988926	259930	RepartitionExec[Merge]=16988926;RepartitionExec=510590;OrderedPartialAggregateStream=415764
event	191524	refusal	RepartitionExec[0]	1	54878	253105	17881761	451	4	16988926	259930	RepartitionExec[Merge]=16988926;RepartitionExec=510590;OrderedPartialAggregateStream=415764
event	191538	refusal	OrderedPartialAggregateStream[69]	1	855757	0	17873241	451	4	16988926	259930	RepartitionExec[Merge]=16988926;RepartitionExec=510590;OrderedPartialAggregateStream=373725
event	191553	refusal	RepartitionExec[0]	1	54119	253105	17873241	451	4	16988926	259930	RepartitionExec[Merge]=16988926;RepartitionExec=510590;OrderedPartialAggregateStream=373725
event	191560	refusal	RepartitionExec[0]	1	8520	253105	17873241	451	4	16988926	259930	RepartitionExec[Merge]=16988926;RepartitionExec=510590;OrderedPartialAggregateStream=373725
event	191573	refusal	OrderedPartialAggregateStream[1186]	1	260552	0	17694655	451	4	16988926	259930	RepartitionExec[Merge]=16988926;RepartitionExec=510590;OrderedPartialAggregateStream=195139
event	191581	refusal	RepartitionExec[1]	1	166699	257485	17631121	451	4	16988926	259930	RepartitionExec[Merge]=16988926;RepartitionExec=510590;OrderedPartialAggregateStream=131605
event	191593	refusal	RepartitionExec[0]	1	8520	253105	17631121	451	4	16988926	259930	RepartitionExec[Merge]=16988926;RepartitionExec=510590;OrderedPartialAggregateStream=131605
event	191608	refusal	RepartitionExec[0]	1	53234	253105	17631121	451	4	16988926	259930	RepartitionExec[Merge]=16988926;RepartitionExec=510590;OrderedPartialAggregateStream=132429
event	191624	refusal	RepartitionExec[0]	1	195691	253105	17631121	450	4	16988926	260508	RepartitionExec[Merge]=16988926;RepartitionExec=510590;OrderedPartialAggregateStream=131605
event	191638	refusal	RepartitionExec[0]	1	63047	253105	17631121	449	4	16988926	261088	RepartitionExec[Merge]=16988926;RepartitionExec=510590;OrderedPartialAggregateStream=131605
event	191676	refusal	RepartitionExec[1]	1	86512	257485	17878169	449	4	16988926	261088	RepartitionExec[Merge]=16988926;RepartitionExec=510590;OrderedPartialAggregateStream=378653
event	191688	refusal	RepartitionExec[1]	1	54878	257485	17878169	449	4	16988926	261088	RepartitionExec[Merge]=16988926;RepartitionExec=510590;OrderedPartialAggregateStream=378653
event	191736	refusal	RepartitionExec[1]	1	54119	257485	18118683	449	4	16988926	261088	RepartitionExec[Merge]=16988926;OrderedPartialAggregateStream=619167;RepartitionExec=510590
event	191781	refusal	RepartitionExec[0]	1	54371	253105	17914433	449	4	16988926	261088	RepartitionExec[Merge]=16988926;RepartitionExec=510590;OrderedPartialAggregateStream=414917
event	191811	refusal	RepartitionExec[1]	1	195691	257485	17716374	449	4	16988926	261088	RepartitionExec[Merge]=16988926;RepartitionExec=510590;OrderedPartialAggregateStream=216858
event	191817	refusal	RepartitionExec[1]	1	53234	257485	17716374	449	4	16988926	261088	RepartitionExec[Merge]=16988926;RepartitionExec=510590;OrderedPartialAggregateStream=216858
event	191832	refusal	RepartitionExec[0]	1	51590	253105	17716374	449	4	16988926	261088	RepartitionExec[Merge]=16988926;RepartitionExec=510590;OrderedPartialAggregateStream=216858
event	191842	refusal	OrderedPartialAggregateStream[1039]	1	409658	0	17716374	449	4	16988926	261088	RepartitionExec[Merge]=16988926;RepartitionExec=510590;OrderedPartialAggregateStream=216858
event	191859	refusal	OrderedPartialAggregateStream[217]	1	400289	0	17716374	449	4	16988926	261088	RepartitionExec[Merge]=16988926;RepartitionExec=510590;OrderedPartialAggregateStream=216858
event	191920	refusal	RepartitionExec[1]	1	63047	257485	17716374	449	4	16988926	261088	RepartitionExec[Merge]=16988926;RepartitionExec=510590;OrderedPartialAggregateStream=216858
event	192008	refusal	RepartitionExec[0]	1	170519	253105	17715550	448	4	16988926	261671	RepartitionExec[Merge]=16988926;RepartitionExec=510590;OrderedPartialAggregateStream=216858
event	192095	refusal	RepartitionExec[1]	1	54371	257485	17862666	446	4	16988926	262844	RepartitionExec[Merge]=16988926;RepartitionExec=519110;OrderedPartialAggregateStream=354630
event	192112	refusal	RepartitionExec[0]	1	8520	261625	17862666	446	4	16988926	262844	RepartitionExec[Merge]=16988926;RepartitionExec=519110;OrderedPartialAggregateStream=354630
event	192119	refusal	OrderedPartialAggregateStream[100]	1	424454	0	17863490	446	4	16988926	262844	RepartitionExec[Merge]=16988926;RepartitionExec=519110;OrderedPartialAggregateStream=355454
event	192142	refusal	RepartitionExec[0]	1	8520	261625	17821651	446	4	16988926	262844	RepartitionExec[Merge]=16988926;RepartitionExec=519110;OrderedPartialAggregateStream=313615
event	192148	refusal	OrderedPartialAggregateStream[75]	1	468716	0	17820827	446	4	16988926	262844	RepartitionExec[Merge]=16988926;RepartitionExec=519110;OrderedPartialAggregateStream=313615
event	192162	refusal	RepartitionExec[0]	1	75161	261625	17638160	446	4	16988926	262844	RepartitionExec[Merge]=16988926;RepartitionExec=519110;OrderedPartialAggregateStream=130948
event	192181	refusal	RepartitionExec[0]	1	78757	261625	17638160	446	4	16988926	262844	RepartitionExec[Merge]=16988926;RepartitionExec=519110;OrderedPartialAggregateStream=130948
event	192417	refusal	RepartitionExec[0]	1	44642	261625	17833871	446	4	16988926	262844	RepartitionExec[Merge]=16988926;RepartitionExec=519110;OrderedPartialAggregateStream=130948
event	192434	refusal	RepartitionExec[1]	1	78757	257485	17833871	446	4	16988926	262844	RepartitionExec[Merge]=16988926;RepartitionExec=519110;OrderedPartialAggregateStream=130124
event	192446	refusal	OrderedPartialAggregateStream[1126]	1	824806	0	17956559	446	4	16988926	262844	RepartitionExec[Merge]=16988926;RepartitionExec=519110;OrderedPartialAggregateStream=87326
event	192459	refusal	RepartitionExec[1]	1	170519	257485	17956559	446	4	16988926	262844	RepartitionExec[Merge]=16988926;RepartitionExec=519110;OrderedPartialAggregateStream=87326
event	192470	refusal	RepartitionExec[1]	1	51590	257485	17957383	446	4	16988926	262844	RepartitionExec[Merge]=16988926;RepartitionExec=519110;OrderedPartialAggregateStream=88150
event	192485	refusal	RepartitionExec[1]	1	75161	257485	17957383	445	4	16988926	263435	RepartitionExec[Merge]=16988926;RepartitionExec=519110;OrderedPartialAggregateStream=318899
event	192501	refusal	RepartitionExec[0]	1	84375	261625	17826935	445	4	16988926	263435	RepartitionExec[Merge]=16988926;RepartitionExec=519110;OrderedPartialAggregateStream=319723
event	192514	refusal	RepartitionExec[0]	1	8584	261625	17826935	445	4	16988926	263435	RepartitionExec[Merge]=16988926;RepartitionExec=519110;OrderedPartialAggregateStream=319723
event	192526	refusal	OrderedPartialAggregateStream[106]	1	420620	0	17826935	443	4	16988926	264624	RepartitionExec[Merge]=16988926;RepartitionExec=519110;OrderedPartialAggregateStream=318899
event	192527	refusal	RepartitionExec[0]	1	101120	261625	18058278	443	4	16988926	264624	RepartitionExec[Merge]=16988926;RepartitionExec=519110;OrderedPartialAggregateStream=318899
event	192542	refusal	RepartitionExec[1]	1	44642	257485	18058278	443	4	16988926	264624	RepartitionExec[Merge]=16988926;OrderedPartialAggregateStream=550242;RepartitionExec=519110
event	192577	refusal	RepartitionExec[0]	1	47420	261625	17869456	442	4	16988926	265223	RepartitionExec[Merge]=16988926;RepartitionExec=519110;OrderedPartialAggregateStream=361420
event	192616	refusal	OrderedPartialAggregateStream[1178]	1	439664	0	17678424	441	4	16988926	265824	RepartitionExec[Merge]=16988926;RepartitionExec=519110;OrderedPartialAggregateStream=171212
event	192630	refusal	RepartitionExec[0]	1	47675	261625	17678424	440	4	16988926	266429	RepartitionExec[Merge]=16988926;RepartitionExec=519110;OrderedPartialAggregateStream=170388
event	192685	refusal	RepartitionExec[0]	1	82916	261625	17646137	437	4	16988926	268258	RepartitionExec[Merge]=16988926;RepartitionExec=527630;OrderedPartialAggregateStream=129581
event	192707	refusal	RepartitionExec[0]	1	158832	261625	17645313	435	4	16988926	269491	RepartitionExec[Merge]=16988926;RepartitionExec=527630;OrderedPartialAggregateStream=128757
event	192724	refusal	RepartitionExec[1]	1	84375	266005	17645313	434	4	16988926	270112	RepartitionExec[Merge]=16988926;RepartitionExec=527630;OrderedPartialAggregateStream=128757
event	192777	refusal	RepartitionExec[1]	1	101120	266005	17871864	433	4	16988926	270736	RepartitionExec[Merge]=16988926;RepartitionExec=527630;OrderedPartialAggregateStream=355308
event	192803	refusal	RepartitionExec[0]	1	90108	261625	17871864	431	4	16988926	271992	RepartitionExec[Merge]=16988926;RepartitionExec=527630;OrderedPartialAggregateStream=355308
event	192825	refusal	RepartitionExec[1]	1	82916	266005	17871864	431	4	16988926	271992	RepartitionExec[Merge]=16988926;RepartitionExec=527630;OrderedPartialAggregateStream=355308
event	193112	refusal	RepartitionExec[1]	1	47420	266005	18167735	431	4	16988926	271992	RepartitionExec[Merge]=16988926;RepartitionExec=527630;OrderedPartialAggregateStream=234712
event	193359	refusal	RepartitionExec[1]	1	47675	266005	18412811	431	4	16988926	271992	RepartitionExec[Merge]=16988926;OrderedPartialAggregateStream=715479;RepartitionExec=527630
event	193370	refusal	OrderedPartialAggregateStream[80]	1	438755	0	18412811	431	4	16988926	271992	RepartitionExec[Merge]=16988926;OrderedPartialAggregateStream=962203;RepartitionExec=527630
event	193386	refusal	RepartitionExec[1]	1	90108	266005	18412811	431	4	16988926	271992	RepartitionExec[Merge]=16988926;OrderedPartialAggregateStream=962203;RepartitionExec=527630
event	193401	refusal	OrderedPartialAggregateStream[1127]	1	543829	0	18379404	431	4	16988926	271992	RepartitionExec[Merge]=16988926;OrderedPartialAggregateStream=962203;RepartitionExec=527630
event	193418	refusal	RepartitionExec[1]	1	158832	266005	18337829	431	4	16988926	271992	RepartitionExec[Merge]=16988926;OrderedPartialAggregateStream=928324;RepartitionExec=527630
event	193437	refusal	OrderedPartialAggregateStream[1114]	1	440249	0	18193539	428	4	16988926	273899	RepartitionExec[Merge]=16988926;OrderedPartialAggregateStream=821273;RepartitionExec=527630
event	193451	refusal	RepartitionExec[1]	1	8520	266005	18193539	428	4	16988926	273899	RepartitionExec[Merge]=16988926;OrderedPartialAggregateStream=821273;RepartitionExec=527630
event	193460	refusal	RepartitionExec[0]	1	45272	261625	17793777	428	4	16988926	273899	RepartitionExec[Merge]=16988926;RepartitionExec=527630;OrderedPartialAggregateStream=412991
event	193480	refusal	RepartitionExec[1]	1	8520	266005	17793777	428	4	16988926	273899	RepartitionExec[Merge]=16988926;RepartitionExec=527630;OrderedPartialAggregateStream=412991
event	193491	refusal	RepartitionExec[0]	1	54245	261625	17760338	428	4	16988926	273899	RepartitionExec[Merge]=16988926;RepartitionExec=527630;OrderedPartialAggregateStream=412991
event	193507	refusal	RepartitionExec[0]	1	50579	270145	17761162	428	4	16988926	273899	RepartitionExec[Merge]=16988926;RepartitionExec=536150;OrderedPartialAggregateStream=371856
event	193542	refusal	RepartitionExec[0]	1	89769	270145	17774602	427	4	16988926	274540	RepartitionExec[Merge]=16988926;RepartitionExec=536150;OrderedPartialAggregateStream=371032
event	193600	refusal	RepartitionExec[1]	1	45272	266005	17825018	427	4	17053606	274389	RepartitionExec[Merge]=17053606;RepartitionExec=536150;OrderedPartialAggregateStream=371032
event	193680	refusal	RepartitionExec[0]	1	52475	270145	17759920	426	4	17053606	275033	RepartitionExec[Merge]=17053606;RepartitionExec=536150;OrderedPartialAggregateStream=170164
event	193732	refusal	RepartitionExec[1]	1	50579	266005	17759920	426	4	17053606	275033	RepartitionExec[Merge]=17053606;RepartitionExec=536150;OrderedPartialAggregateStream=170164
event	193767	refusal	RepartitionExec[1]	1	54245	266005	17759920	426	4	17053606	275033	RepartitionExec[Merge]=17053606;RepartitionExec=536150;OrderedPartialAggregateStream=170164
event	193865	refusal	RepartitionExec[1]	1	89769	266005	17967990	426	4	17053606	275033	RepartitionExec[Merge]=17053606;RepartitionExec=536150;OrderedPartialAggregateStream=378234
event	193873	refusal	RepartitionExec[0]	1	90332	270145	17967990	426	4	17053606	275033	RepartitionExec[Merge]=17053606;RepartitionExec=536150;OrderedPartialAggregateStream=378234
event	193885	refusal	RepartitionExec[0]	1	124155	270145	17967990	426	4	17053606	275033	RepartitionExec[Merge]=17053606;RepartitionExec=536150;OrderedPartialAggregateStream=378234
event	193889	refusal	OrderedPartialAggregateStream[1106]	1	409388	0	17967990	426	4	17053606	275033	RepartitionExec[Merge]=17053606;RepartitionExec=536150;OrderedPartialAggregateStream=378234
event	193922	refusal	RepartitionExec[0]	1	37058	270145	18069397	426	4	17119762	274877	RepartitionExec[Merge]=17119762;RepartitionExec=536150;OrderedPartialAggregateStream=413485
event	193929	refusal	RepartitionExec[0]	1	8520	270145	18069397	426	4	17119762	274877	RepartitionExec[Merge]=17119762;RepartitionExec=536150;OrderedPartialAggregateStream=413485
event	194019	refusal	RepartitionExec[1]	1	52475	274525	18057568	426	4	17119762	274877	RepartitionExec[Merge]=17119762;RepartitionExec=544670;OrderedPartialAggregateStream=393136
event	194034	refusal	RepartitionExec[0]	1	78645	270145	18057568	426	4	17119762	274877	RepartitionExec[Merge]=17119762;RepartitionExec=544670;OrderedPartialAggregateStream=393136
event	194061	refusal	OrderedPartialAggregateStream[121]	1	407696	0	18185292	426	4	17119762	274877	RepartitionExec[Merge]=17119762;RepartitionExec=544670;OrderedPartialAggregateStream=393136
event	194086	refusal	RepartitionExec[0]	1	52856	270145	18121970	426	4	17119762	274877	RepartitionExec[Merge]=17119762;RepartitionExec=544670;OrderedPartialAggregateStream=457538
event	194119	refusal	RepartitionExec[0]	1	43883	270145	18121970	426	4	17119762	274877	RepartitionExec[Merge]=17119762;RepartitionExec=544670;OrderedPartialAggregateStream=457538
event	194173	refusal	RepartitionExec[1]	1	90332	274525	18121970	426	4	17119762	274877	RepartitionExec[Merge]=17119762;RepartitionExec=544670;OrderedPartialAggregateStream=457538
event	194190	refusal	OrderedPartialAggregateStream[91]	1	408452	0	18121970	426	4	17119762	274877	RepartitionExec[Merge]=17119762;RepartitionExec=544670;OrderedPartialAggregateStream=457538
event	194197	refusal	RepartitionExec[1]	1	124155	274525	18121970	426	4	17119762	274877	RepartitionExec[Merge]=17119762;RepartitionExec=544670;OrderedPartialAggregateStream=457538
event	194232	refusal	RepartitionExec[1]	1	37058	274525	17920185	426	4	17119762	274877	RepartitionExec[Merge]=17119762;RepartitionExec=544670;OrderedPartialAggregateStream=255753
event	194260	refusal	RepartitionExec[0]	1	53612	270145	17920185	426	4	17119762	274877	RepartitionExec[Merge]=17119762;RepartitionExec=544670;OrderedPartialAggregateStream=255753
event	194266	refusal	RepartitionExec[1]	1	78645	274525	17920185	426	4	17119762	274877	RepartitionExec[Merge]=17119762;RepartitionExec=544670;OrderedPartialAggregateStream=255753
event	194282	refusal	RepartitionExec[0]	1	77970	270145	17943506	426	4	17177130	274743	RepartitionExec[Merge]=17177130;RepartitionExec=544670;OrderedPartialAggregateStream=255753
event	194289	refusal	OrderedPartialAggregateStream[127]	1	434930	0	17943506	426	4	17177130	274743	RepartitionExec[Merge]=17177130;RepartitionExec=544670;OrderedPartialAggregateStream=255753
event	194310	refusal	RepartitionExec[1]	1	52856	274525	18303542	425	4	17177130	275389	RepartitionExec[Merge]=17177130;OrderedPartialAggregateStream=615789;RepartitionExec=544670
event	194340	refusal	RepartitionExec[1]	1	43883	274525	18378846	425	4	17177130	275389	RepartitionExec[Merge]=17177130;OrderedPartialAggregateStream=674417;RepartitionExec=544670
event	194347	refusal	RepartitionExec[1]	1	8520	274525	18370326	425	4	17177130	275389	RepartitionExec[Merge]=17177130;OrderedPartialAggregateStream=631850;RepartitionExec=544670
event	194350	refusal	RepartitionExec[0]	1	78306	270145	18370326	425	4	17177130	275389	RepartitionExec[Merge]=17177130;OrderedPartialAggregateStream=631850;RepartitionExec=544670
event	194357	refusal	RepartitionExec[1]	1	8520	274525	18370326	425	4	17177130	275389	RepartitionExec[Merge]=17177130;OrderedPartialAggregateStream=631850;RepartitionExec=544670
event	194402	refusal	RepartitionExec[0]	1	46916	270145	17992973	424	4	17177130	276039	RepartitionExec[Merge]=17177130;RepartitionExec=544670;OrderedPartialAggregateStream=254497
event	194413	refusal	RepartitionExec[0]	1	47420	270145	18124245	424	4	17177130	276039	RepartitionExec[Merge]=17177130;RepartitionExec=544670;OrderedPartialAggregateStream=254497
event	194421	refusal	RepartitionExec[1]	1	77970	274525	17993797	424	4	17177130	276039	RepartitionExec[Merge]=17177130;RepartitionExec=544670;OrderedPartialAggregateStream=255321
event	194445	refusal	RepartitionExec[0]	1	88310	270145	17953182	424	4	17177130	276039	RepartitionExec[Merge]=17177130;RepartitionExec=544670;OrderedPartialAggregateStream=214706
event	194459	refusal	RepartitionExec[0]	1	8520	270145	17953182	424	4	17177130	276039	RepartitionExec[Merge]=17177130;RepartitionExec=544670;OrderedPartialAggregateStream=214706
event	194485	refusal	RepartitionExec[1]	1	53612	274525	17953182	424	4	17177130	276039	RepartitionExec[Merge]=17177130;RepartitionExec=544670;OrderedPartialAggregateStream=214706
event	194603	refusal	RepartitionExec[1]	1	8584	274525	18175384	422	4	17177130	277347	RepartitionExec[Merge]=17177130;RepartitionExec=544670;OrderedPartialAggregateStream=436908
event	194652	refusal	RepartitionExec[1]	1	78306	274525	18610992	422	4	17177130	277347	RepartitionExec[Merge]=17177130;OrderedPartialAggregateStream=881036;RepartitionExec=544670
event	194663	refusal	RepartitionExec[1]	1	46916	274525	18610992	422	4	17177130	277347	RepartitionExec[Merge]=17177130;OrderedPartialAggregateStream=872516;RepartitionExec=544670
event	194676	refusal	RepartitionExec[0]	1	8520	270145	18610992	422	4	17177130	277347	RepartitionExec[Merge]=17177130;OrderedPartialAggregateStream=872516;RepartitionExec=544670
event	194707	refusal	RepartitionExec[0]	1	47294	270145	18565453	422	4	17193806	277307	RepartitionExec[Merge]=17193806;OrderedPartialAggregateStream=684029;RepartitionExec=544670
event	194718	refusal	RepartitionExec[1]	1	47420	274525	18359855	422	4	17252686	277168	RepartitionExec[Merge]=17252686;OrderedPartialAggregateStream=562499;RepartitionExec=544670
event	194755	refusal	RepartitionExec[0]	1	59552	270145	18294505	422	4	17252686	277168	RepartitionExec[Merge]=17252686;RepartitionExec=544670;OrderedPartialAggregateStream=497973
event	194767	refusal	RepartitionExec[0]	1	54752	270145	18349593	421	4	17307774	277695	RepartitionExec[Merge]=17307774;RepartitionExec=544670;OrderedPartialAggregateStream=497149
event	194779	refusal	RepartitionExec[1]	1	88310	274525	18349593	421	4	17307774	277695	RepartitionExec[Merge]=17307774;RepartitionExec=544670;OrderedPartialAggregateStream=497149
event	194822	refusal	RepartitionExec[0]	1	49190	270145	18178994	421	4	17371338	277544	RepartitionExec[Merge]=17371338;RepartitionExec=544670;OrderedPartialAggregateStream=262986
event	194834	refusal	RepartitionExec[0]	1	8520	270145	18178994	421	4	17371338	277544	RepartitionExec[Merge]=17371338;RepartitionExec=544670;OrderedPartialAggregateStream=262986
event	194868	refusal	RepartitionExec[1]	1	8520	274525	18479299	421	4	17451110	277355	RepartitionExec[Merge]=17451110;RepartitionExec=544670;OrderedPartialAggregateStream=483519
event	194883	refusal	RepartitionExec[1]	1	8520	274525	18437436	421	4	17451110	277355	RepartitionExec[Merge]=17451110;RepartitionExec=544670;OrderedPartialAggregateStream=441656
event	194915	refusal	RepartitionExec[1]	1	47294	274525	18924719	421	4	17451110	277355	RepartitionExec[Merge]=17451110;OrderedPartialAggregateStream=928939;RepartitionExec=544670
event	194974	refusal	RepartitionExec[0]	1	57911	270145	19133245	419	4	17643242	278220	RepartitionExec[Merge]=17643242;OrderedPartialAggregateStream=945333;RepartitionExec=544670
event	195007	refusal	RepartitionExec[0]	1	49316	270145	18731208	418	4	17643242	278886	RepartitionExec[Merge]=17643242;RepartitionExec=544670;OrderedPartialAggregateStream=543296
event	195013	refusal	OrderedPartialAggregateStream[95]	1	439070	0	18731208	418	4	17643242	278886	RepartitionExec[Merge]=17643242;RepartitionExec=544670;OrderedPartialAggregateStream=543296
event	195021	refusal	RepartitionExec[1]	1	59552	274525	18731208	418	4	17643242	278886	RepartitionExec[Merge]=17643242;RepartitionExec=544670;OrderedPartialAggregateStream=543296
event	195038	refusal	RepartitionExec[0]	1	56519	270145	18731208	418	4	17643242	278886	RepartitionExec[Merge]=17643242;RepartitionExec=544670;OrderedPartialAggregateStream=543296
event	195292	refusal	RepartitionExec[1]	1	49190	274525	19038074	418	4	17655814	278856	RepartitionExec[Merge]=17655814;RepartitionExec=544670;OrderedPartialAggregateStream=542472
event	195052	refusal	RepartitionExec[1]	1	54752	274525	18743780	417	4	17700134	279418	RepartitionExec[Merge]=17700134;RepartitionExec=544670;OrderedPartialAggregateStream=418708
event	195196	refusal	RepartitionExec[1]	1	57911	274525	19072289	417	4	17700134	279418	RepartitionExec[Merge]=17700134;RepartitionExec=544670;OrderedPartialAggregateStream=355064
event	195244	refusal	RepartitionExec[1]	1	49316	274525	19038898	417	4	17700134	279418	RepartitionExec[Merge]=17700134;RepartitionExec=544670;OrderedPartialAggregateStream=321673
event	195336	refusal	RepartitionExec[0]	1	46790	270145	19010230	416	4	17700134	280090	RepartitionExec[Merge]=17700134;OrderedPartialAggregateStream=765426;RepartitionExec=544670
event	195348	refusal	RepartitionExec[1]	1	8520	274525	19010230	416	4	17700134	280090	RepartitionExec[Merge]=17700134;OrderedPartialAggregateStream=765426;RepartitionExec=544670
event	195362	refusal	OrderedPartialAggregateStream[218]	1	394916	0	19010230	416	4	17700134	280090	RepartitionExec[Merge]=17700134;OrderedPartialAggregateStream=765426;RepartitionExec=544670
event	195371	refusal	OrderedPartialAggregateStream[1124]	1	530851	0	19010230	416	4	17700134	280090	RepartitionExec[Merge]=17700134;OrderedPartialAggregateStream=765426;RepartitionExec=544670
event	195425	refusal	RepartitionExec[0]	1	46409	278665	18730476	415	4	17700134	280765	RepartitionExec[Merge]=17700134;RepartitionExec=553190;OrderedPartialAggregateStream=345880
event	195431	refusal	RepartitionExec[0]	1	44513	278665	18730476	415	4	17700134	280765	RepartitionExec[Merge]=17700134;RepartitionExec=553190;OrderedPartialAggregateStream=345880
event	195436	refusal	RepartitionExec[1]	1	56519	274525	18730476	415	4	17700134	280765	RepartitionExec[Merge]=17700134;RepartitionExec=553190;OrderedPartialAggregateStream=345880
event	195487	refusal	RepartitionExec[1]	1	46790	274525	18731300	415	4	17700134	280765	RepartitionExec[Merge]=17700134;RepartitionExec=553190;OrderedPartialAggregateStream=346704
event	195526	refusal	RepartitionExec[0]	1	73139	278665	18828112	415	4	17796946	280532	RepartitionExec[Merge]=17796946;RepartitionExec=553190;OrderedPartialAggregateStream=346704
event	195599	refusal	RepartitionExec[0]	1	119212	278665	18828936	415	4	17796946	280532	RepartitionExec[Merge]=17796946;RepartitionExec=553190;OrderedPartialAggregateStream=347528
event	195624	refusal	RepartitionExec[1]	1	8520	274525	19007362	415	4	17796946	280532	RepartitionExec[Merge]=17796946;RepartitionExec=553190;OrderedPartialAggregateStream=525954
event	195667	refusal	RepartitionExec[0]	1	8520	278665	18784324	415	4	17796946	280532	RepartitionExec[Merge]=17796946;RepartitionExec=553190;OrderedPartialAggregateStream=434188
event	195673	refusal	RepartitionExec[0]	1	89881	278665	18784324	415	4	17796946	280532	RepartitionExec[Merge]=17796946;RepartitionExec=553190;OrderedPartialAggregateStream=434188
event	195684	refusal	RepartitionExec[1]	1	8520	274525	18784324	415	4	17796946	280532	RepartitionExec[Merge]=17796946;RepartitionExec=553190;OrderedPartialAggregateStream=434188
event	195691	refusal	RepartitionExec[1]	1	46409	274525	18784324	415	4	17796946	280532	RepartitionExec[Merge]=17796946;RepartitionExec=553190;OrderedPartialAggregateStream=434188
event	195721	refusal	RepartitionExec[1]	1	8520	274525	18625573	415	4	17796946	280532	RepartitionExec[Merge]=17796946;RepartitionExec=553190;OrderedPartialAggregateStream=392037
event	195812	refusal	RepartitionExec[1]	1	89881	274525	18855143	415	4	17796946	280532	RepartitionExec[Merge]=17796946;OrderedPartialAggregateStream=621607;RepartitionExec=553190
event	195829	refusal	RepartitionExec[1]	1	44513	274525	18855143	415	4	17796946	280532	RepartitionExec[Merge]=17796946;OrderedPartialAggregateStream=621607;RepartitionExec=553190
event	195954	refusal	OrderedPartialAggregateStream[146]	1	431384	0	18634100	415	4	17796946	280532	RepartitionExec[Merge]=17796946;RepartitionExec=553190;OrderedPartialAggregateStream=433891
event	195968	refusal	RepartitionExec[0]	1	46916	278665	18634100	415	4	17796946	280532	RepartitionExec[Merge]=17796946;RepartitionExec=553190;OrderedPartialAggregateStream=433891
event	195987	refusal	OrderedPartialAggregateStream[1132]	1	870184	0	18562314	415	4	17796946	280532	RepartitionExec[Merge]=17796946;RepartitionExec=553190;OrderedPartialAggregateStream=275444
event	196003	refusal	RepartitionExec[1]	1	8520	274525	18562314	415	4	17796946	280532	RepartitionExec[Merge]=17796946;RepartitionExec=553190;OrderedPartialAggregateStream=212178
event	196020	refusal	RepartitionExec[1]	1	119212	274525	18562314	415	4	17796946	280532	RepartitionExec[Merge]=17796946;RepartitionExec=553190;OrderedPartialAggregateStream=212178
event	196030	refusal	RepartitionExec[0]	1	43376	278665	18561490	414	4	17796946	281209	RepartitionExec[Merge]=17796946;RepartitionExec=553190;OrderedPartialAggregateStream=211354
event	196086	refusal	RepartitionExec[1]	1	8520	274525	18518411	414	4	17796946	281209	RepartitionExec[Merge]=17796946;RepartitionExec=553190;OrderedPartialAggregateStream=168275
event	196129	refusal	RepartitionExec[1]	1	46916	274525	18519235	414	4	17796946	281209	RepartitionExec[Merge]=17796946;RepartitionExec=553190;OrderedPartialAggregateStream=169099
event	196136	refusal	RepartitionExec[0]	1	86960	278665	18519235	414	4	17796946	281209	RepartitionExec[Merge]=17796946;RepartitionExec=553190;OrderedPartialAggregateStream=169099
event	196169	release_after_refusal	RepartitionExec[0]	1	77970	200695	18490381	414	4	17846062		RepartitionExec[Merge]=17846062;RepartitionExec=475220;OrderedPartialAggregateStream=169099
event	196202	refusal	RepartitionExec[1]	1	43376	274525	18772472	414	4	17932828	280881	RepartitionExec[Merge]=17932828;RepartitionExec=483740;OrderedPartialAggregateStream=355904
event	196285	refusal	RepartitionExec[1]	1	46409	274525	19197381	413	4	18032460	281320	RepartitionExec[Merge]=18032460;OrderedPartialAggregateStream=626188;RepartitionExec=538733
event	196327	refusal	RepartitionExec[0]	1	47801	264208	18831180	413	4	18073100	281221	RepartitionExec[Merge]=18073100;RepartitionExec=538733;OrderedPartialAggregateStream=219347
event	196347	refusal	RepartitionExec[1]	1	86960	274525	18831180	413	4	18073100	281221	RepartitionExec[Merge]=18073100;RepartitionExec=538733;OrderedPartialAggregateStream=219347
event	196357	refusal	RepartitionExec[0]	1	60185	264208	18831180	413	4	18073100	281221	RepartitionExec[Merge]=18073100;RepartitionExec=538733;OrderedPartialAggregateStream=219347
event	196387	refusal	RepartitionExec[1]	1	73139	274525	18879316	413	4	18120412	281107	RepartitionExec[Merge]=18120412;RepartitionExec=538733;OrderedPartialAggregateStream=220171
event	196409	refusal	OrderedPartialAggregateStream[67]	1	458411	0	18846421	413	4	18120412	281107	RepartitionExec[Merge]=18120412;RepartitionExec=547253;OrderedPartialAggregateStream=178756
event	196412	refusal	RepartitionExec[0]	1	176025	272728	18846421	412	4	18120412	281789	RepartitionExec[Merge]=18120412;RepartitionExec=547253;OrderedPartialAggregateStream=178756
event	196494	refusal	RepartitionExec[1]	1	47801	274525	19291254	412	4	18120412	281789	RepartitionExec[Merge]=18120412;OrderedPartialAggregateStream=615069;RepartitionExec=555773
event	196572	refusal	RepartitionExec[0]	1	53612	281248	19135193	410	4	18120412	283164	RepartitionExec[Merge]=18120412;RepartitionExec=555773;OrderedPartialAggregateStream=459008
event	196593	refusal	RepartitionExec[0]	1	97185	281248	19135193	410	4	18120412	283164	RepartitionExec[Merge]=18120412;RepartitionExec=555773;OrderedPartialAggregateStream=459008
event	196622	refusal	RepartitionExec[1]	1	176025	274525	18940171	410	4	18120412	283164	RepartitionExec[Merge]=18120412;RepartitionExec=555773;OrderedPartialAggregateStream=263986
event	196658	refusal	RepartitionExec[0]	1	50201	281248	18940171	410	4	18120412	283164	RepartitionExec[Merge]=18120412;RepartitionExec=555773;OrderedPartialAggregateStream=263986
event	196741	refusal	RepartitionExec[0]	1	48305	281248	18940171	410	4	18120412	283164	RepartitionExec[Merge]=18120412;RepartitionExec=555773;OrderedPartialAggregateStream=263986
event	196817	refusal	OrderedPartialAggregateStream[96]	1	419747	0	18940171	410	4	18120412	283164	RepartitionExec[Merge]=18120412;RepartitionExec=555773;OrderedPartialAggregateStream=263986
event	196826	refusal	OrderedPartialAggregateStream[105]	1	406463	0	18940171	410	4	18120412	283164	RepartitionExec[Merge]=18120412;RepartitionExec=555773;OrderedPartialAggregateStream=263986
event	196841	refusal	RepartitionExec[1]	1	60185	274525	18939347	409	4	18120412	283856	RepartitionExec[Merge]=18120412;RepartitionExec=555773;OrderedPartialAggregateStream=263162
event	196878	refusal	OrderedPartialAggregateStream[1117]	1	553045	0	19168926	409	4	18120412	283856	RepartitionExec[Merge]=18120412;RepartitionExec=555773;OrderedPartialAggregateStream=492741
event	196978	refusal	RepartitionExec[0]	1	77522	281248	19413428	409	4	18120412	283856	RepartitionExec[Merge]=18120412;OrderedPartialAggregateStream=737243;RepartitionExec=555773
event	197009	refusal	RepartitionExec[0]	1	46916	281248	19183737	409	4	18120412	283856	RepartitionExec[Merge]=18120412;RepartitionExec=555773;OrderedPartialAggregateStream=516072
event	197023	refusal	RepartitionExec[0]	1	82577	281248	19407034	409	4	18120412	283856	RepartitionExec[Merge]=18120412;OrderedPartialAggregateStream=730849;RepartitionExec=555773
event	197039	refusal	RepartitionExec[0]	1	8520	281248	19407034	409	4	18120412	283856	RepartitionExec[Merge]=18120412;OrderedPartialAggregateStream=730849;RepartitionExec=555773
event	197068	refusal	RepartitionExec[0]	1	52601	281248	19206763	409	4	18120412	283856	RepartitionExec[Merge]=18120412;RepartitionExec=555773;OrderedPartialAggregateStream=530578
event	197130	refusal	RepartitionExec[0]	1	44261	281248	19079257	409	4	18165312	283746	RepartitionExec[Merge]=18165312;RepartitionExec=555773;OrderedPartialAggregateStream=349632
event	197134	refusal	RepartitionExec[1]	1	53612	274525	19079257	409	4	18165312	283746	RepartitionExec[Merge]=18165312;RepartitionExec=555773;OrderedPartialAggregateStream=349632
event	197156	refusal	RepartitionExec[0]	1	127639	281248	19079257	409	4	18165312	283746	RepartitionExec[Merge]=18165312;RepartitionExec=555773;OrderedPartialAggregateStream=349632
event	197176	refusal	RepartitionExec[1]	1	50201	274525	19109273	409	4	18203868	283652	RepartitionExec[Merge]=18203868;RepartitionExec=555773;OrderedPartialAggregateStream=349632
event	197259	refusal	RepartitionExec[1]	1	48305	274525	19108449	408	4	18203868	284347	RepartitionExec[Merge]=18203868;RepartitionExec=555773;OrderedPartialAggregateStream=348808
event	197278	refusal	OrderedPartialAggregateStream[123]	1	402251	0	19108449	408	4	18203868	284347	RepartitionExec[Merge]=18203868;RepartitionExec=555773;OrderedPartialAggregateStream=348808
event	197633	refusal	RepartitionExec[0]	1	75948	281248	19067082	408	4	18203868	284347	RepartitionExec[Merge]=18203868;RepartitionExec=564293;OrderedPartialAggregateStream=298921
event	197663	refusal	RepartitionExec[1]	1	97185	283045	19025283	408	4	18203868	284347	RepartitionExec[Merge]=18203868;RepartitionExec=564293;OrderedPartialAggregateStream=257122
event	197696	refusal	RepartitionExec[1]	1	8520	283045	19025283	408	4	18203868	284347	RepartitionExec[Merge]=18203868;RepartitionExec=564293;OrderedPartialAggregateStream=257122
event	197797	refusal	RepartitionExec[1]	1	75948	283045	19025283	408	4	18203868	284347	RepartitionExec[Merge]=18203868;RepartitionExec=564293;OrderedPartialAggregateStream=257122
event	197809	refusal	RepartitionExec[1]	1	46916	283045	19025283	408	4	18203868	284347	RepartitionExec[Merge]=18203868;RepartitionExec=564293;OrderedPartialAggregateStream=257122
event	197915	refusal	RepartitionExec[1]	1	82577	283045	19265545	408	4	18203868	284347	RepartitionExec[Merge]=18203868;RepartitionExec=564293;OrderedPartialAggregateStream=497384
event	197950	refusal	OrderedPartialAggregateStream[1091]	1	443804	0	19265545	408	4	18203868	284347	RepartitionExec[Merge]=18203868;RepartitionExec=564293;OrderedPartialAggregateStream=497384
event	197973	refusal	RepartitionExec[1]	1	44261	283045	19265545	408	4	18203868	284347	RepartitionExec[Merge]=18203868;RepartitionExec=564293;OrderedPartialAggregateStream=497384
event	198045	refusal	RepartitionExec[1]	1	52601	283045	19367009	408	4	18250392	284233	RepartitionExec[Merge]=18250392;RepartitionExec=564293;OrderedPartialAggregateStream=552324
event	198080	refusal	RepartitionExec[0]	1	51464	281248	19324298	408	4	18250392	284233	RepartitionExec[Merge]=18250392;RepartitionExec=564293;OrderedPartialAggregateStream=509613
event	198086	refusal	RepartitionExec[1]	1	8520	283045	19324298	408	4	18250392	284233	RepartitionExec[Merge]=18250392;RepartitionExec=564293;OrderedPartialAggregateStream=509613
event	198190	refusal	RepartitionExec[0]	1	56774	281248	19116907	408	4	18293356	284128	RepartitionExec[Merge]=18293356;RepartitionExec=564293;OrderedPartialAggregateStream=259258
event	198198	refusal	RepartitionExec[1]	1	127639	283045	19083388	408	4	18293356	284128	RepartitionExec[Merge]=18293356;RepartitionExec=564293;OrderedPartialAggregateStream=259258
event	198215	refusal	RepartitionExec[0]	1	8520	281248	19074868	408	4	18293356	284128	RepartitionExec[Merge]=18293356;RepartitionExec=564293;OrderedPartialAggregateStream=217219
event	198228	refusal	RepartitionExec[0]	1	8520	281248	19074868	408	4	18293356	284128	RepartitionExec[Merge]=18293356;RepartitionExec=564293;OrderedPartialAggregateStream=217219
event	198248	refusal	RepartitionExec[1]	1	77522	283045	19310108	408	4	18293356	284128	RepartitionExec[Merge]=18293356;RepartitionExec=564293;OrderedPartialAggregateStream=452459
event	198361	refusal	RepartitionExec[1]	1	56774	283045	19309284	407	4	18293356	284826	RepartitionExec[Merge]=18293356;RepartitionExec=564293;OrderedPartialAggregateStream=451635
event	198434	refusal	RepartitionExec[0]	1	8520	281248	19074339	407	4	18293356	284826	RepartitionExec[Merge]=18293356;RepartitionExec=564293;OrderedPartialAggregateStream=216690
event	198477	refusal	RepartitionExec[0]	1	49316	281248	19074339	407	4	18293356	284826	RepartitionExec[Merge]=18293356;RepartitionExec=564293;OrderedPartialAggregateStream=216690
event	198545	refusal	RepartitionExec[0]	1	8520	281248	18996581	406	4	18293356	285528	RepartitionExec[Merge]=18293356;RepartitionExec=564293;OrderedPartialAggregateStream=131004
event	198557	refusal	RepartitionExec[1]	1	8520	283045	18996581	406	4	18293356	285528	RepartitionExec[Merge]=18293356;RepartitionExec=564293;OrderedPartialAggregateStream=131004
event	198569	refusal	RepartitionExec[1]	1	51464	283045	18996581	406	4	18293356	285528	RepartitionExec[Merge]=18293356;RepartitionExec=564293;OrderedPartialAggregateStream=131004
event	198605	refusal	RepartitionExec[1]	1	49316	283045	18996581	406	4	18293356	285528	RepartitionExec[Merge]=18293356;RepartitionExec=564293;OrderedPartialAggregateStream=131004
event	198619	refusal	OrderedPartialAggregateStream[1139]	1	453965	0	18996581	405	4	18293356	286233	RepartitionExec[Merge]=18293356;RepartitionExec=564293;OrderedPartialAggregateStream=131004
event	198714	refusal	RepartitionExec[0]	1	8584	281248	19056766	402	4	18293356	288369	RepartitionExec[Merge]=18293356;RepartitionExec=564293;OrderedPartialAggregateStream=301612
event	198742	refusal	RepartitionExec[0]	1	95502	281248	18994646	401	4	18293356	289088	RepartitionExec[Merge]=18293356;RepartitionExec=564293;OrderedPartialAggregateStream=129069
event	198757	refusal	RepartitionExec[0]	1	40469	281248	18994646	401	4	18293356	289088	RepartitionExec[Merge]=18293356;RepartitionExec=564293;OrderedPartialAggregateStream=129069
event	198764	refusal	OrderedPartialAggregateStream[219]	1	405518	0	18994646	401	4	18293356	289088	RepartitionExec[Merge]=18293356;RepartitionExec=564293;OrderedPartialAggregateStream=129069
event	198777	refusal	RepartitionExec[0]	1	91679	281248	18993822	400	4	18293356	289810	RepartitionExec[Merge]=18293356;RepartitionExec=564293;OrderedPartialAggregateStream=128245
event	198859	refusal	OrderedPartialAggregateStream[76]	1	465242	0	19263122	400	4	18293356	289810	RepartitionExec[Merge]=18293356;RepartitionExec=564293;OrderedPartialAggregateStream=397545
event	198881	refusal	RepartitionExec[1]	1	95502	283045	19263122	400	4	18293356	289810	RepartitionExec[Merge]=18293356;RepartitionExec=564293;OrderedPartialAggregateStream=397545
event	198929	refusal	RepartitionExec[1]	1	91679	283045	19494510	400	4	18293356	289810	RepartitionExec[Merge]=18293356;OrderedPartialAggregateStream=628933;RepartitionExec=564293
event	198953	refusal	RepartitionExec[0]	1	60818	281248	19494510	400	4	18293356	289810	RepartitionExec[Merge]=18293356;OrderedPartialAggregateStream=628933;RepartitionExec=564293
event	198994	refusal	RepartitionExec[1]	1	40469	283045	19127843	399	4	18293356	290537	RepartitionExec[Merge]=18293356;RepartitionExec=564293;OrderedPartialAggregateStream=262266
event	199020	refusal	RepartitionExec[0]	1	77183	281248	19367507	399	4	18293356	290537	RepartitionExec[Merge]=18293356;RepartitionExec=564293;OrderedPartialAggregateStream=501930
event	199030	refusal	RepartitionExec[0]	1	41861	281248	19367507	399	4	18293356	290537	RepartitionExec[Merge]=18293356;RepartitionExec=564293;OrderedPartialAggregateStream=501930
event	199039	refusal	RepartitionExec[0]	1	99770	281248	19367507	399	4	18293356	290537	RepartitionExec[Merge]=18293356;RepartitionExec=564293;OrderedPartialAggregateStream=501930
event	199046	refusal	RepartitionExec[0]	1	48053	281248	19324396	399	4	18293356	290537	RepartitionExec[Merge]=18293356;RepartitionExec=564293;OrderedPartialAggregateStream=458819
event	199056	refusal	RepartitionExec[1]	1	8520	283045	19352252	399	4	18301284	290517	RepartitionExec[Merge]=18301284;RepartitionExec=564293;OrderedPartialAggregateStream=458819
event	199066	refusal	RepartitionExec[1]	1	60818	283045	19154947	398	4	18329140	291177	RepartitionExec[Merge]=18329140;RepartitionExec=564293;OrderedPartialAggregateStream=261514
event	199083	refusal	RepartitionExec[0]	1	50834	281248	19154947	398	4	18329140	291177	RepartitionExec[Merge]=18329140;RepartitionExec=564293;OrderedPartialAggregateStream=261514
event	199179	refusal	RepartitionExec[1]	1	77183	283045	19359424	398	4	18329140	291177	RepartitionExec[Merge]=18329140;RepartitionExec=564293;OrderedPartialAggregateStream=498518
event	199212	refusal	OrderedPartialAggregateStream[1130]	1	523669	0	19359424	398	4	18329140	291177	RepartitionExec[Merge]=18329140;RepartitionExec=572813;OrderedPartialAggregateStream=457471
event	199320	refusal	RepartitionExec[1]	1	41861	283045	19164683	398	4	18329140	291177	RepartitionExec[Merge]=18329140;RepartitionExec=572813;OrderedPartialAggregateStream=262730
event	199391	refusal	RepartitionExec[0]	1	50075	289768	19164683	398	4	18329140	291177	RepartitionExec[Merge]=18329140;RepartitionExec=572813;OrderedPartialAggregateStream=262730
event	199459	refusal	RepartitionExec[1]	1	48053	283045	19164683	398	4	18329140	291177	RepartitionExec[Merge]=18329140;RepartitionExec=572813;OrderedPartialAggregateStream=262730
event	199465	refusal	RepartitionExec[1]	1	99770	283045	19164683	398	4	18329140	291177	RepartitionExec[Merge]=18329140;RepartitionExec=572813;OrderedPartialAggregateStream=262730
event	199502	refusal	RepartitionExec[0]	1	8520	289768	19124284	398	4	18329140	291177	RepartitionExec[Merge]=18329140;RepartitionExec=572813;OrderedPartialAggregateStream=222331
event	199528	refusal	RepartitionExec[0]	1	8520	289768	19090565	398	4	18329140	291177	RepartitionExec[Merge]=18329140;RepartitionExec=572813;OrderedPartialAggregateStream=179892
event	199537	refusal	RepartitionExec[0]	1	116515	289768	19121189	398	4	18368484	291078	RepartitionExec[Merge]=18368484;RepartitionExec=572813;OrderedPartialAggregateStream=179892
event	199569	refusal	OrderedPartialAggregateStream[1187]	1	524371	0	19121189	398	4	18368484	291078	RepartitionExec[Merge]=18368484;RepartitionExec=572813;OrderedPartialAggregateStream=179892
event	199651	refusal	OrderedPartialAggregateStream[133]	1	448205	0	19078358	397	4	18368484	291811	RepartitionExec[Merge]=18368484;RepartitionExec=572813;OrderedPartialAggregateStream=137061
event	199771	refusal	RepartitionExec[0]	1	8520	289768	19548667	397	4	18368484	291811	RepartitionExec[Merge]=18368484;RepartitionExec=572813;OrderedPartialAggregateStream=359449
event	199776	refusal	RepartitionExec[1]	1	50075	283045	19548667	397	4	18368484	291811	RepartitionExec[Merge]=18368484;RepartitionExec=572813;OrderedPartialAggregateStream=359449
event	199894	refusal	OrderedPartialAggregateStream[86]	1	453812	0	19326311	396	4	18368484	292548	RepartitionExec[Merge]=18368484;RepartitionExec=581333;OrderedPartialAggregateStream=376494
event	199936	refusal	RepartitionExec[0]	1	43883	289768	19326311	395	4	18368484	293289	RepartitionExec[Merge]=18368484;RepartitionExec=581333;OrderedPartialAggregateStream=376494
event	199941	refusal	RepartitionExec[0]	1	93365	289768	19326311	395	4	18368484	293289	RepartitionExec[Merge]=18368484;RepartitionExec=581333;OrderedPartialAggregateStream=376494
event	199992	refusal	RepartitionExec[0]	1	54752	289768	19122069	395	4	18368484	293289	RepartitionExec[Merge]=18368484;RepartitionExec=581333;OrderedPartialAggregateStream=172252
event	200022	refusal	RepartitionExec[0]	1	116739	289768	19122069	395	4	18368484	293289	RepartitionExec[Merge]=18368484;RepartitionExec=581333;OrderedPartialAggregateStream=172252
event	200049	refusal	RepartitionExec[1]	1	8520	291565	19079806	395	4	18368484	293289	RepartitionExec[Merge]=18368484;RepartitionExec=581333;OrderedPartialAggregateStream=129989
event	200091	refusal	RepartitionExec[1]	1	43883	291565	19309048	395	4	18368484	293289	RepartitionExec[Merge]=18368484;RepartitionExec=581333;OrderedPartialAggregateStream=130813
event	200097	refusal	OrderedPartialAggregateStream[129]	1	421538	0	19309048	395	4	18368484	293289	RepartitionExec[Merge]=18368484;RepartitionExec=581333;OrderedPartialAggregateStream=130813
event	200102	refusal	RepartitionExec[0]	1	95502	289768	19309048	395	4	18368484	293289	RepartitionExec[Merge]=18368484;RepartitionExec=581333;OrderedPartialAggregateStream=130813
event	200227	refusal	RepartitionExec[1]	1	93365	291565	19620185	395	4	18368484	293289	RepartitionExec[Merge]=18368484;OrderedPartialAggregateStream=670368;RepartitionExec=581333
event	200270	refusal	RepartitionExec[0]	1	44009	289768	19708054	394	4	18368484	294033	RepartitionExec[Merge]=18368484;OrderedPartialAggregateStream=758237;RepartitionExec=581333
event	200306	refusal	RepartitionExec[0]	1	46409	289768	19490043	394	4	18368484	294033	RepartitionExec[Merge]=18368484;RepartitionExec=581333;OrderedPartialAggregateStream=540226
event	200329	refusal	RepartitionExec[1]	1	54752	291565	19490043	394	4	18368484	294033	RepartitionExec[Merge]=18368484;RepartitionExec=581333;OrderedPartialAggregateStream=540226
event	200344	refusal	RepartitionExec[0]	1	60944	289768	19490043	394	4	18368484	294033	RepartitionExec[Merge]=18368484;RepartitionExec=581333;OrderedPartialAggregateStream=540226
event	200351	refusal	RepartitionExec[1]	1	95502	291565	19490043	394	4	18368484	294033	RepartitionExec[Merge]=18368484;RepartitionExec=581333;OrderedPartialAggregateStream=540226
event	200365	refusal	RepartitionExec[0]	1	83252	289768	19331320	394	4	18368484	294033	RepartitionExec[Merge]=18368484;RepartitionExec=581333;OrderedPartialAggregateStream=540226
event	200369	refusal	RepartitionExec[1]	1	116515	291565	19302462	394	4	18405104	293940	RepartitionExec[Merge]=18405104;RepartitionExec=581333;OrderedPartialAggregateStream=316025
event	200395	refusal	RepartitionExec[1]	1	44009	291565	19302462	392	4	18405104	295440	RepartitionExec[Merge]=18405104;RepartitionExec=581333;OrderedPartialAggregateStream=316025
event	200412	refusal	RepartitionExec[0]	1	63344	289768	19302462	392	4	18405104	295440	RepartitionExec[Merge]=18405104;RepartitionExec=581333;OrderedPartialAggregateStream=316025
event	200473	refusal	RepartitionExec[1]	1	8520	291565	19260159	389	4	18405104	297718	RepartitionExec[Merge]=18405104;RepartitionExec=581333;OrderedPartialAggregateStream=273722
event	200480	refusal	RepartitionExec[1]	1	60944	291565	19260159	388	4	18405104	298486	RepartitionExec[Merge]=18405104;RepartitionExec=581333;OrderedPartialAggregateStream=273722
event	200513	refusal	RepartitionExec[1]	1	46409	291565	19260159	387	4	18405104	299257	RepartitionExec[Merge]=18405104;RepartitionExec=581333;OrderedPartialAggregateStream=273722
event	200553	refusal	RepartitionExec[1]	1	50834	291565	19260159	387	4	18405104	299257	RepartitionExec[Merge]=18405104;RepartitionExec=581333;OrderedPartialAggregateStream=273722
event	200739	refusal	RepartitionExec[1]	1	8520	291565	19217304	387	4	18405104	299257	RepartitionExec[Merge]=18405104;RepartitionExec=581333;OrderedPartialAggregateStream=230867
event	200790	refusal	RepartitionExec[1]	1	8520	291565	19166497	387	4	18405104	299257	RepartitionExec[Merge]=18405104;RepartitionExec=581333;OrderedPartialAggregateStream=180060
event	200807	refusal	OrderedPartialAggregateStream[88]	1	440195	0	19166497	387	4	18405104	299257	RepartitionExec[Merge]=18405104;RepartitionExec=581333;OrderedPartialAggregateStream=180060
event	200816	refusal	RepartitionExec[1]	1	83252	291565	19133218	387	4	18405104	299257	RepartitionExec[Merge]=18405104;RepartitionExec=589853;OrderedPartialAggregateStream=138261
event	200913	refusal	RepartitionExec[0]	1	8520	298288	19132906	385	4	18405104	300812	RepartitionExec[Merge]=18405104;RepartitionExec=589853;OrderedPartialAggregateStream=137949
event	200916	release_after_refusal	RepartitionExec[0]	1	55855	242433	19296775	385	4	18405104		RepartitionExec[Merge]=18405104;RepartitionExec=533998;OrderedPartialAggregateStream=137949
event	200924	refusal	RepartitionExec[1]	1	63344	291565	19344828	385	4	18405104	300812	RepartitionExec[Merge]=18405104;RepartitionExec=582051;OrderedPartialAggregateStream=137949
event	200946	refusal	RepartitionExec[1]	1	48053	291565	19483812	385	4	18405104	300812	RepartitionExec[Merge]=18405104;RepartitionExec=582051;OrderedPartialAggregateStream=488945
event	200985	refusal	RepartitionExec[0]	1	90332	290486	19852442	385	4	18467631	300649	RepartitionExec[Merge]=18467631;RepartitionExec=582051;OrderedPartialAggregateStream=579715
event	201091	refusal	RepartitionExec[0]	1	42746	290486	19492602	383	4	18467631	302219	RepartitionExec[Merge]=18467631;RepartitionExec=582051;OrderedPartialAggregateStream=442920
event	201137	refusal	RepartitionExec[0]	1	43376	290486	19311068	383	4	18467631	302219	RepartitionExec[Merge]=18467631;RepartitionExec=582051;OrderedPartialAggregateStream=324736
event	201194	refusal	RepartitionExec[0]	1	44135	290486	19537020	383	4	18467631	302219	RepartitionExec[Merge]=18467631;RepartitionExec=582051;OrderedPartialAggregateStream=487338
event	201255	refusal	RepartitionExec[1]	1	90332	291565	19554235	383	4	18467631	302219	RepartitionExec[Merge]=18467631;RepartitionExec=590571;OrderedPartialAggregateStream=496033
event	201287	refusal	RepartitionExec[0]	1	45398	299006	19614751	383	4	18467631	302219	RepartitionExec[Merge]=18467631;RepartitionExec=590571;OrderedPartialAggregateStream=556549
event	201304	refusal	RepartitionExec[0]	1	53108	299006	19614751	383	4	18467631	302219	RepartitionExec[Merge]=18467631;RepartitionExec=590571;OrderedPartialAggregateStream=556549
event	201385	refusal	RepartitionExec[0]	1	57656	299006	19403186	383	4	18467631	302219	RepartitionExec[Merge]=18467631;RepartitionExec=590571;OrderedPartialAggregateStream=344984
event	201633	refusal	OrderedPartialAggregateStream[1136]	1	445883	0	19637526	383	4	18467631	302219	RepartitionExec[Merge]=18467631;RepartitionExec=590571;OrderedPartialAggregateStream=311497
event	201674	refusal	RepartitionExec[1]	1	45398	300085	19646046	383	4	18467631	302219	RepartitionExec[Merge]=18467631;OrderedPartialAggregateStream=802108;RepartitionExec=599091
event	201759	refusal	RepartitionExec[1]	1	43376	300085	20099597	383	4	18467631	302219	RepartitionExec[Merge]=18467631;OrderedPartialAggregateStream=1032875;RepartitionExec=599091
event	201779	refusal	RepartitionExec[1]	1	42746	300085	20099597	383	4	18467631	302219	RepartitionExec[Merge]=18467631;OrderedPartialAggregateStream=1032875;RepartitionExec=599091
event	201822	refusal	RepartitionExec[0]	1	44009	299006	19729468	383	4	18467631	302219	RepartitionExec[Merge]=18467631;OrderedPartialAggregateStream=662746;RepartitionExec=599091
event	201840	refusal	RepartitionExec[0]	1	47420	299006	19729468	383	4	18467631	302219	RepartitionExec[Merge]=18467631;OrderedPartialAggregateStream=662746;RepartitionExec=599091
event	201848	refusal	RepartitionExec[1]	1	44135	300085	19504296	383	4	18467631	302219	RepartitionExec[Merge]=18467631;RepartitionExec=599091;OrderedPartialAggregateStream=437574
event	201870	release_after_refusal	RepartitionExec[0]	1	48053	250953	19456243	383	4	18467631		RepartitionExec[Merge]=18467631;RepartitionExec=551038;OrderedPartialAggregateStream=438398
event	201875	refusal	RepartitionExec[0]	1	63851	250953	19456243	383	4	18467631	302219	RepartitionExec[Merge]=18467631;RepartitionExec=551038;OrderedPartialAggregateStream=437574
event	201890	refusal	RepartitionExec[0]	1	92466	250953	19509564	382	4	18520952	302871	RepartitionExec[Merge]=18520952;RepartitionExec=551038;OrderedPartialAggregateStream=437574
event	201906	refusal	RepartitionExec[1]	1	53108	300085	19509564	382	4	18520952	302871	RepartitionExec[Merge]=18520952;RepartitionExec=551038;OrderedPartialAggregateStream=437574
event	201929	refusal	RepartitionExec[1]	1	116739	300085	19509564	382	4	18520952	302871	RepartitionExec[Merge]=18520952;RepartitionExec=551038;OrderedPartialAggregateStream=437574
event	201948	refusal	RepartitionExec[1]	1	57656	300085	19509564	382	4	18520952	302871	RepartitionExec[Merge]=18520952;RepartitionExec=551038;OrderedPartialAggregateStream=437574
event	201961	refusal	OrderedPartialAggregateStream[1128]	1	541435	0	19509564	382	4	18520952	302871	RepartitionExec[Merge]=18520952;RepartitionExec=551038;OrderedPartialAggregateStream=437574
event	202063	refusal	RepartitionExec[1]	1	8520	300085	19392639	382	4	18520952	302871	RepartitionExec[Merge]=18520952;RepartitionExec=551038;OrderedPartialAggregateStream=353800
event	202080	refusal	RepartitionExec[1]	1	8520	300085	19392639	382	4	18520952	302871	RepartitionExec[Merge]=18520952;RepartitionExec=551038;OrderedPartialAggregateStream=353800
event	202109	refusal	RepartitionExec[1]	1	44009	300085	19359824	382	4	18520952	302871	RepartitionExec[Merge]=18520952;RepartitionExec=559558;OrderedPartialAggregateStream=312465
event	202196	refusal	RepartitionExec[0]	1	123256	267993	19392724	382	4	18553028	302787	RepartitionExec[Merge]=18553028;RepartitionExec=568078;OrderedPartialAggregateStream=271618
event	202221	refusal	RepartitionExec[1]	1	47420	300085	19392724	382	4	18553028	302787	RepartitionExec[Merge]=18553028;RepartitionExec=568078;OrderedPartialAggregateStream=271618
event	202234	refusal	RepartitionExec[1]	1	63851	300085	19392724	382	4	18553028	302787	RepartitionExec[Merge]=18553028;RepartitionExec=568078;OrderedPartialAggregateStream=271618
event	202273	refusal	OrderedPartialAggregateStream[89]	1	416786	0	19351213	382	4	18553028	302787	RepartitionExec[Merge]=18553028;RepartitionExec=568078;OrderedPartialAggregateStream=230107
event	202287	refusal	RepartitionExec[1]	1	8520	300085	19351213	382	4	18553028	302787	RepartitionExec[Merge]=18553028;RepartitionExec=568078;OrderedPartialAggregateStream=230107
event	202293	refusal	RepartitionExec[1]	1	92466	300085	19351213	382	4	18553028	302787	RepartitionExec[Merge]=18553028;RepartitionExec=568078;OrderedPartialAggregateStream=230107
event	202381	refusal	RepartitionExec[1]	1	123256	300085	19308566	382	4	18553028	302787	RepartitionExec[Merge]=18553028;RepartitionExec=568078;OrderedPartialAggregateStream=187460
event	202390	refusal	RepartitionExec[1]	1	8520	300085	19308566	382	4	18553028	302787	RepartitionExec[Merge]=18553028;RepartitionExec=568078;OrderedPartialAggregateStream=187460
event	202411	refusal	OrderedPartialAggregateStream[145]	1	405266	0	19308566	382	4	18553028	302787	RepartitionExec[Merge]=18553028;RepartitionExec=568078;OrderedPartialAggregateStream=187460
event	202452	refusal	RepartitionExec[0]	1	81454	276513	19497629	382	4	18553028	302787	RepartitionExec[Merge]=18553028;RepartitionExec=576598;OrderedPartialAggregateStream=368003
event	202500	refusal	RepartitionExec[1]	1	8520	300085	19630591	381	4	18553028	303581	RepartitionExec[Merge]=18553028;RepartitionExec=576598;OrderedPartialAggregateStream=500965
event	202512	refusal	RepartitionExec[1]	1	8520	300085	19442376	381	4	18553028	303581	RepartitionExec[Merge]=18553028;RepartitionExec=576598;OrderedPartialAggregateStream=312750
event	202581	refusal	RepartitionExec[0]	1	47168	276513	19401705	381	4	18553028	303581	RepartitionExec[Merge]=18553028;RepartitionExec=576598;OrderedPartialAggregateStream=402527
event	202779	refusal	RepartitionExec[1]	1	8520	300085	19526304	381	4	18553028	303581	RepartitionExec[Merge]=18553028;RepartitionExec=576598;OrderedPartialAggregateStream=272079
event	202794	refusal	OrderedPartialAggregateStream[101]	1	403115	0	19554656	380	4	18588696	304286	RepartitionExec[Merge]=18588696;RepartitionExec=576598;OrderedPartialAggregateStream=271255
event	202815	refusal	RepartitionExec[1]	1	47168	300085	19554656	379	4	18588696	305089	RepartitionExec[Merge]=18588696;RepartitionExec=576598;OrderedPartialAggregateStream=510999
event	202828	refusal	OrderedPartialAggregateStream[1170]	1	475601	0	19554656	379	4	18588696	305089	RepartitionExec[Merge]=18588696;RepartitionExec=576598;OrderedPartialAggregateStream=510999
event	202844	refusal	OrderedPartialAggregateStream[130]	1	416390	0	19554656	379	4	18588696	305089	RepartitionExec[Merge]=18588696;RepartitionExec=576598;OrderedPartialAggregateStream=510999
event	202938	refusal	RepartitionExec[0]	1	51590	276513	20026600	379	4	18588696	305089	RepartitionExec[Merge]=18588696;OrderedPartialAggregateStream=861306;RepartitionExec=576598
event	202941	refusal	RepartitionExec[0]	1	76284	276513	20026600	379	4	18588696	305089	RepartitionExec[Merge]=18588696;OrderedPartialAggregateStream=861306;RepartitionExec=576598
event	202971	refusal	RepartitionExec[0]	1	45779	276513	19629947	379	4	18588696	305089	RepartitionExec[Merge]=18588696;RepartitionExec=576598;OrderedPartialAggregateStream=464653
event	202989	refusal	OrderedPartialAggregateStream[117]	1	412682	0	19750288	379	4	18595364	305072	RepartitionExec[Merge]=18595364;RepartitionExec=576598;OrderedPartialAggregateStream=554030
event	203057	refusal	RepartitionExec[0]	1	47546	276513	19476381	379	4	18618836	305010	RepartitionExec[Merge]=18618836;OrderedPartialAggregateStream=685302;RepartitionExec=576598
event	203071	refusal	RepartitionExec[1]	1	81454	300085	19476381	379	4	18618836	305010	RepartitionExec[Merge]=18618836;OrderedPartialAggregateStream=685302;RepartitionExec=576598
event	203084	refusal	RepartitionExec[1]	1	8520	300085	19476381	379	4	18618836	305010	RepartitionExec[Merge]=18618836;OrderedPartialAggregateStream=685302;RepartitionExec=576598
event	203109	refusal	RepartitionExec[0]	1	55889	276513	19476381	379	4	18618836	305010	RepartitionExec[Merge]=18618836;OrderedPartialAggregateStream=685302;RepartitionExec=576598
event	203121	refusal	RepartitionExec[0]	1	77071	276513	19411701	379	4	18618836	305010	RepartitionExec[Merge]=18618836;RepartitionExec=576598;OrderedPartialAggregateStream=216267
event	203125	refusal	RepartitionExec[1]	1	51590	300085	19411701	379	4	18618836	305010	RepartitionExec[Merge]=18618836;RepartitionExec=576598;OrderedPartialAggregateStream=216267
event	203156	refusal	RepartitionExec[1]	1	76284	300085	19412525	379	4	18618836	305010	RepartitionExec[Merge]=18618836;RepartitionExec=576598;OrderedPartialAggregateStream=217091
event	203163	refusal	RepartitionExec[0]	1	56141	276513	19412525	379	4	18618836	305010	RepartitionExec[Merge]=18618836;RepartitionExec=576598;OrderedPartialAggregateStream=217091
event	203174	refusal	RepartitionExec[0]	1	103705	276513	19412525	379	4	18618836	305010	RepartitionExec[Merge]=18618836;RepartitionExec=576598;OrderedPartialAggregateStream=217091
event	203185	refusal	RepartitionExec[0]	1	81342	276513	19412525	379	4	18618836	305010	RepartitionExec[Merge]=18618836;RepartitionExec=576598;OrderedPartialAggregateStream=217091
event	203192	refusal	RepartitionExec[0]	1	79880	276513	19412525	379	4	18618836	305010	RepartitionExec[Merge]=18618836;RepartitionExec=576598;OrderedPartialAggregateStream=217091
event	203204	refusal	RepartitionExec[1]	1	45779	300085	19412525	379	4	18618836	305010	RepartitionExec[Merge]=18618836;RepartitionExec=576598;OrderedPartialAggregateStream=217091
event	203309	refusal	RepartitionExec[1]	1	47546	300085	19411701	378	4	18618836	305817	RepartitionExec[Merge]=18618836;RepartitionExec=576598;OrderedPartialAggregateStream=216267
event	203325	refusal	RepartitionExec[1]	1	103705	300085	19411701	378	4	18618836	305817	RepartitionExec[Merge]=18618836;RepartitionExec=576598;OrderedPartialAggregateStream=216267
event	203355	refusal	RepartitionExec[1]	1	77071	300085	19411701	378	4	18618836	305817	RepartitionExec[Merge]=18618836;RepartitionExec=576598;OrderedPartialAggregateStream=216267
event	203391	refusal	OrderedPartialAggregateStream[122]	1	428999	0	19377766	378	4	18618836	305817	RepartitionExec[Merge]=18618836;RepartitionExec=585118;OrderedPartialAggregateStream=173812
event	203398	refusal	OrderedPartialAggregateStream[124]	1	432293	0	19377766	378	4	18618836	305817	RepartitionExec[Merge]=18618836;RepartitionExec=585118;OrderedPartialAggregateStream=173812
event	203450	refusal	RepartitionExec[1]	1	56141	300085	19376942	377	4	18618836	306628	RepartitionExec[Merge]=18618836;RepartitionExec=585118;OrderedPartialAggregateStream=172988
event	203486	refusal	RepartitionExec[1]	1	55889	300085	19611521	377	4	18618836	306628	RepartitionExec[Merge]=18618836;RepartitionExec=585118;OrderedPartialAggregateStream=407567
event	203487	refusal	RepartitionExec[1]	1	81342	300085	19611521	377	4	18618836	306628	RepartitionExec[Merge]=18618836;RepartitionExec=585118;OrderedPartialAggregateStream=407567
event	203507	refusal	RepartitionExec[0]	1	86061	285033	19742793	377	4	18618836	306628	RepartitionExec[Merge]=18618836;RepartitionExec=585118;OrderedPartialAggregateStream=407567
event	203544	refusal	RepartitionExec[1]	1	79880	300085	19670101	377	4	18618836	306628	RepartitionExec[Merge]=18618836;RepartitionExec=585118;OrderedPartialAggregateStream=216723
event	203548	refusal	RepartitionExec[0]	1	48686	285033	19670101	377	4	18618836	306628	RepartitionExec[Merge]=18618836;RepartitionExec=585118;OrderedPartialAggregateStream=216723
event	203563	refusal	RepartitionExec[0]	1	87296	285033	19670101	377	4	18618836	306628	RepartitionExec[Merge]=18618836;RepartitionExec=585118;OrderedPartialAggregateStream=466147
event	203607	refusal	RepartitionExec[1]	1	8520	300085	19837331	376	4	18618836	307443	RepartitionExec[Merge]=18618836;OrderedPartialAggregateStream=624857;RepartitionExec=593638
event	203643	refusal	RepartitionExec[1]	1	48686	300085	20081112	376	4	18618836	307443	RepartitionExec[Merge]=18618836;OrderedPartialAggregateStream=868638;RepartitionExec=593638
event	203678	refusal	RepartitionExec[0]	1	55382	293553	19873799	375	4	18618836	308263	RepartitionExec[Merge]=18618836;OrderedPartialAggregateStream=661325;RepartitionExec=593638
event	203720	refusal	RepartitionExec[0]	1	52730	293553	19652089	375	4	18618836	308263	RepartitionExec[Merge]=18618836;RepartitionExec=593638;OrderedPartialAggregateStream=439615
event	203747	refusal	RepartitionExec[0]	1	52982	302073	19659785	375	4	18618836	308263	RepartitionExec[Merge]=18618836;RepartitionExec=602158;OrderedPartialAggregateStream=439615
event	203753	refusal	RepartitionExec[1]	1	86061	300085	19659785	375	4	18618836	308263	RepartitionExec[Merge]=18618836;RepartitionExec=602158;OrderedPartialAggregateStream=439615
event	203815	refusal	RepartitionExec[0]	1	44135	302073	19514552	374	4	18655128	308990	RepartitionExec[Merge]=18655128;RepartitionExec=602158;OrderedPartialAggregateStream=257266
event	203870	refusal	RepartitionExec[0]	1	8520	302073	19693688	373	4	18655128	309819	RepartitionExec[Merge]=18655128;RepartitionExec=602158;OrderedPartialAggregateStream=436402
event	203902	refusal	RepartitionExec[1]	1	87296	300085	19693688	373	4	18655128	309819	RepartitionExec[Merge]=18655128;RepartitionExec=602158;OrderedPartialAggregateStream=436402
event	203974	refusal	RepartitionExec[1]	1	55382	308605	19996595	373	4	18655128	309819	RepartitionExec[Merge]=18655128;OrderedPartialAggregateStream=848919;RepartitionExec=610678
event	204034	refusal	RepartitionExec[0]	1	44135	302073	19962121	373	4	18684004	309741	RepartitionExec[Merge]=18684004;OrderedPartialAggregateStream=667439;RepartitionExec=610678
event	204071	refusal	RepartitionExec[0]	1	45905	302073	20023512	373	4	18684004	309741	RepartitionExec[Merge]=18684004;OrderedPartialAggregateStream=728830;RepartitionExec=610678
event	204113	refusal	RepartitionExec[1]	1	52982	308605	19836966	372	4	18684004	310574	RepartitionExec[Merge]=18684004;RepartitionExec=610678;OrderedPartialAggregateStream=542284
event	204123	refusal	OrderedPartialAggregateStream[99]	1	433400	0	19836966	372	4	18684004	310574	RepartitionExec[Merge]=18684004;RepartitionExec=610678;OrderedPartialAggregateStream=542284
event	204132	refusal	RepartitionExec[0]	1	46031	302073	19836966	372	4	18684004	310574	RepartitionExec[Merge]=18684004;RepartitionExec=610678;OrderedPartialAggregateStream=542284
event	204162	refusal	RepartitionExec[1]	1	52730	308605	19836966	372	4	18684004	310574	RepartitionExec[Merge]=18684004;RepartitionExec=610678;OrderedPartialAggregateStream=542284
event	204166	refusal	RepartitionExec[1]	1	44135	308605	19836966	372	4	18684004	310574	RepartitionExec[Merge]=18684004;RepartitionExec=610678;OrderedPartialAggregateStream=542284
event	204203	refusal	RepartitionExec[1]	1	45905	308605	19632970	372	4	18684004	310574	RepartitionExec[Merge]=18684004;RepartitionExec=610678;OrderedPartialAggregateStream=338288
event	204237	refusal	RepartitionExec[0]	1	54245	302073	19863989	372	4	18684004	310574	RepartitionExec[Merge]=18684004;RepartitionExec=610678;OrderedPartialAggregateStream=569307
event	204281	refusal	RepartitionExec[1]	1	8520	308605	19822182	372	4	18684004	310574	RepartitionExec[Merge]=18684004;RepartitionExec=610678;OrderedPartialAggregateStream=527500
event	204306	refusal	RepartitionExec[0]	1	8520	302073	19779247	372	4	18684004	310574	RepartitionExec[Merge]=18684004;RepartitionExec=610678;OrderedPartialAggregateStream=484565
event	204317	refusal	RepartitionExec[1]	1	46031	308605	19779247	372	4	18684004	310574	RepartitionExec[Merge]=18684004;RepartitionExec=610678;OrderedPartialAggregateStream=484565
event	204394	refusal	RepartitionExec[0]	1	87747	302073	20529786	372	4	18684004	310574	RepartitionExec[Merge]=18684004;OrderedPartialAggregateStream=1235104;RepartitionExec=610678
event	204407	refusal	OrderedPartialAggregateStream[1044]	1	416183	0	20529786	372	4	18684004	310574	RepartitionExec[Merge]=18684004;OrderedPartialAggregateStream=1235104;RepartitionExec=610678
event	204461	refusal	RepartitionExec[1]	1	44135	308605	20528962	371	4	18684004	311411	RepartitionExec[Merge]=18684004;OrderedPartialAggregateStream=1234280;RepartitionExec=610678
event	204504	refusal	RepartitionExec[0]	1	45524	302073	19920908	371	4	18684004	311411	RepartitionExec[Merge]=18684004;OrderedPartialAggregateStream=626226;RepartitionExec=610678
event	204516	refusal	RepartitionExec[0]	1	57785	302073	19920908	371	4	18684004	311411	RepartitionExec[Merge]=18684004;OrderedPartialAggregateStream=626226;RepartitionExec=610678
event	204527	refusal	RepartitionExec[0]	1	57656	302073	19920908	371	4	18684004	311411	RepartitionExec[Merge]=18684004;OrderedPartialAggregateStream=626226;RepartitionExec=610678
event	204552	refusal	RepartitionExec[1]	1	87747	308605	19886829	371	4	18684004	311411	RepartitionExec[Merge]=18684004;RepartitionExec=619198;OrderedPartialAggregateStream=583627
event	204591	refusal	RepartitionExec[0]	1	81230	310593	19887653	371	4	18684004	311411	RepartitionExec[Merge]=18684004;RepartitionExec=619198;OrderedPartialAggregateStream=584451
event	204603	refusal	RepartitionExec[1]	1	54245	308605	19887653	371	4	18684004	311411	RepartitionExec[Merge]=18684004;RepartitionExec=619198;OrderedPartialAggregateStream=584451
event	204643	refusal	RepartitionExec[1]	1	8520	308605	19845918	371	4	18684004	311411	RepartitionExec[Merge]=18684004;RepartitionExec=619198;OrderedPartialAggregateStream=542716
event	204646	refusal	RepartitionExec[1]	1	45524	308605	19845918	371	4	18684004	311411	RepartitionExec[Merge]=18684004;RepartitionExec=619198;OrderedPartialAggregateStream=542716
event	204707	release_after_refusal	RepartitionExec[0]	1	46409	264184	19609609	370	4	18684004		RepartitionExec[Merge]=18684004;RepartitionExec=572789;OrderedPartialAggregateStream=352816
event	204712	refusal	RepartitionExec[1]	1	57785	308605	19609609	370	4	18684004	312253	RepartitionExec[Merge]=18684004;RepartitionExec=572789;OrderedPartialAggregateStream=352816
event	204729	refusal	RepartitionExec[0]	1	47546	272704	19862737	370	4	18736329	312111	RepartitionExec[Merge]=18736329;RepartitionExec=581309;OrderedPartialAggregateStream=545099
event	204756	refusal	RepartitionExec[1]	1	57656	308605	19862737	370	4	18736329	312111	RepartitionExec[Merge]=18736329;RepartitionExec=581309;OrderedPartialAggregateStream=545099
event	204863	refusal	RepartitionExec[0]	1	48812	272704	20166175	370	4	18736329	312111	RepartitionExec[Merge]=18736329;OrderedPartialAggregateStream=848537;RepartitionExec=581309
event	204991	refusal	RepartitionExec[1]	1	47546	308605	19785289	370	4	18736329	312111	RepartitionExec[Merge]=18736329;OrderedPartialAggregateStream=589315;RepartitionExec=581309
event	205068	refusal	RepartitionExec[1]	1	8520	308605	19721757	370	4	18736329	312111	RepartitionExec[Merge]=18736329;RepartitionExec=581309;OrderedPartialAggregateStream=467651
event	205117	refusal	RepartitionExec[0]	1	60437	272704	19958995	370	4	18736329	312111	RepartitionExec[Merge]=18736329;RepartitionExec=581309;OrderedPartialAggregateStream=467651
event	205162	refusal	OrderedPartialAggregateStream[1047]	1	411665	0	19924724	370	4	18736329	312111	RepartitionExec[Merge]=18736329;OrderedPartialAggregateStream=641357;RepartitionExec=581309
event	205238	refusal	RepartitionExec[0]	1	45779	272704	19924724	369	4	18736329	312957	RepartitionExec[Merge]=18736329;OrderedPartialAggregateStream=641357;RepartitionExec=581309
event	205261	refusal	RepartitionExec[1]	1	48812	308605	19924724	369	4	18736329	312957	RepartitionExec[Merge]=18736329;OrderedPartialAggregateStream=641357;RepartitionExec=581309
event	205337	refusal	RepartitionExec[0]	1	50201	272704	19729765	369	4	18736329	312957	RepartitionExec[Merge]=18736329;RepartitionExec=581309;OrderedPartialAggregateStream=446398
event	205354	refusal	RepartitionExec[1]	1	60437	308605	19729765	369	4	18736329	312957	RepartitionExec[Merge]=18736329;RepartitionExec=581309;OrderedPartialAggregateStream=446398
event	205381	refusal	RepartitionExec[1]	1	45779	308605	19696598	369	4	18736329	312957	RepartitionExec[Merge]=18736329;RepartitionExec=581309;OrderedPartialAggregateStream=413231
event	205403	refusal	RepartitionExec[1]	1	8520	308605	19688902	369	4	18736329	312957	RepartitionExec[Merge]=18736329;RepartitionExec=581309;OrderedPartialAggregateStream=405535
event	205430	refusal	RepartitionExec[0]	1	79544	272704	19688902	369	4	18736329	312957	RepartitionExec[Merge]=18736329;RepartitionExec=581309;OrderedPartialAggregateStream=405535
event	205502	refusal	RepartitionExec[1]	1	8520	308605	19837952	368	4	18736329	313808	RepartitionExec[Merge]=18736329;RepartitionExec=589829;OrderedPartialAggregateStream=546065
event	205521	refusal	OrderedPartialAggregateStream[128]	1	446522	0	19804961	368	4	18736329	313808	RepartitionExec[Merge]=18736329;RepartitionExec=598349;OrderedPartialAggregateStream=504554
event	205552	refusal	RepartitionExec[0]	1	48305	289744	19614136	368	4	18736329	313808	RepartitionExec[Merge]=18736329;RepartitionExec=598349;OrderedPartialAggregateStream=313729
event	205566	refusal	RepartitionExec[1]	1	81230	308605	19813087	368	4	18736329	313808	RepartitionExec[Merge]=18736329;RepartitionExec=606869;OrderedPartialAggregateStream=504160
event	205641	refusal	RepartitionExec[0]	1	51719	306784	19712409	368	4	18736329	313808	RepartitionExec[Merge]=18736329;RepartitionExec=615389;OrderedPartialAggregateStream=263690
event	205651	refusal	RepartitionExec[1]	1	50201	308605	19712409	368	4	18736329	313808	RepartitionExec[Merge]=18736329;RepartitionExec=615389;OrderedPartialAggregateStream=263690
event	205652	refusal	RepartitionExec[1]	1	48305	308605	19712409	368	4	18736329	313808	RepartitionExec[Merge]=18736329;RepartitionExec=615389;OrderedPartialAggregateStream=263690
event	205673	refusal	RepartitionExec[1]	1	8520	308605	19703889	368	4	18736329	313808	RepartitionExec[Merge]=18736329;RepartitionExec=615389;OrderedPartialAggregateStream=220899
event	205731	refusal	RepartitionExec[1]	1	8520	308605	19662170	368	4	18736329	313808	RepartitionExec[Merge]=18736329;RepartitionExec=615389;OrderedPartialAggregateStream=179180
event	205747	refusal	RepartitionExec[1]	1	79544	308605	19662170	368	4	18736329	313808	RepartitionExec[Merge]=18736329;RepartitionExec=615389;OrderedPartialAggregateStream=179180
event	205823	refusal	RepartitionExec[1]	1	8520	308605	19611427	368	4	18736329	313808	RepartitionExec[Merge]=18736329;RepartitionExec=615389;OrderedPartialAggregateStream=128437
event	205903	refusal	RepartitionExec[0]	1	92690	306784	20448191	367	4	18736329	314663	RepartitionExec[Merge]=18736329;OrderedPartialAggregateStream=1096473;RepartitionExec=615389
event	205977	refusal	RepartitionExec[0]	1	55508	306784	20166965	367	4	18736329	314663	RepartitionExec[Merge]=18736329;OrderedPartialAggregateStream=815247;RepartitionExec=615389
event	205985	refusal	RepartitionExec[0]	1	43502	306784	20166965	367	4	18736329	314663	RepartitionExec[Merge]=18736329;OrderedPartialAggregateStream=815247;RepartitionExec=615389
event	206100	refusal	RepartitionExec[0]	1	59174	306784	20040567	367	4	18736329	314663	RepartitionExec[Merge]=18736329;OrderedPartialAggregateStream=815247;RepartitionExec=615389
event	206331	refusal	RepartitionExec[1]	1	55508	308605	20078360	367	4	18736329	314663	RepartitionExec[Merge]=18736329;OrderedPartialAggregateStream=853040;RepartitionExec=615389
event	206415	refusal	RepartitionExec[0]	1	64355	306784	19865804	367	4	18736329	314663	RepartitionExec[Merge]=18736329;OrderedPartialAggregateStream=662858;RepartitionExec=615389
event	206417	refusal	RepartitionExec[0]	1	47675	306784	19865804	367	4	18736329	314663	RepartitionExec[Merge]=18736329;RepartitionExec=615389;OrderedPartialAggregateStream=514086
event	206450	refusal	RepartitionExec[1]	1	92690	308605	19800844	367	4	18736329	314663	RepartitionExec[Merge]=18736329;RepartitionExec=615389;OrderedPartialAggregateStream=449126
event	206464	refusal	RepartitionExec[0]	1	48053	306784	19767085	367	4	18736329	314663	RepartitionExec[Merge]=18736329;RepartitionExec=615389;OrderedPartialAggregateStream=449126
event	206465	refusal	RepartitionExec[1]	1	59174	308605	19767085	367	4	18736329	314663	RepartitionExec[Merge]=18736329;RepartitionExec=615389;OrderedPartialAggregateStream=449126
event	206472	refusal	RepartitionExec[1]	1	43502	308605	19767085	367	4	18736329	314663	RepartitionExec[Merge]=18736329;RepartitionExec=615389;OrderedPartialAggregateStream=449126
event	206480	refusal	RepartitionExec[0]	1	58667	306784	19767085	367	4	18736329	314663	RepartitionExec[Merge]=18736329;RepartitionExec=615389;OrderedPartialAggregateStream=449126
event	206515	refusal	RepartitionExec[0]	1	8520	306784	19725046	367	4	18736329	314663	RepartitionExec[Merge]=18736329;RepartitionExec=615389;OrderedPartialAggregateStream=407087
event	206533	refusal	RepartitionExec[1]	1	51719	308605	19682095	367	4	18736329	314663	RepartitionExec[Merge]=18736329;RepartitionExec=615389;OrderedPartialAggregateStream=364136
event	206542	refusal	RepartitionExec[0]	1	8520	306784	19682095	367	4	18736329	314663	RepartitionExec[Merge]=18736329;RepartitionExec=615389;OrderedPartialAggregateStream=364136
event	206553	refusal	RepartitionExec[1]	1	64355	308605	19682095	367	4	18736329	314663	RepartitionExec[Merge]=18736329;RepartitionExec=615389;OrderedPartialAggregateStream=364136
event	206577	refusal	RepartitionExec[1]	1	47675	308605	19682095	367	4	18736329	314663	RepartitionExec[Merge]=18736329;RepartitionExec=615389;OrderedPartialAggregateStream=364136
event	206596	refusal	RepartitionExec[1]	1	8520	308605	19673575	367	4	18736329	314663	RepartitionExec[Merge]=18736329;RepartitionExec=615389;OrderedPartialAggregateStream=321857
event	206634	refusal	RepartitionExec[1]	1	48053	308605	19673575	367	4	18736329	314663	RepartitionExec[Merge]=18736329;RepartitionExec=615389;OrderedPartialAggregateStream=321857
event	206716	refusal	OrderedPartialAggregateStream[1163]	1	483071	0	19672751	366	4	18736329	315522	RepartitionExec[Merge]=18736329;RepartitionExec=615389;OrderedPartialAggregateStream=321033
event	206901	refusal	RepartitionExec[1]	1	58667	308605	19588729	366	4	18736329	315522	RepartitionExec[Merge]=18736329;RepartitionExec=615389;OrderedPartialAggregateStream=270450
event	206956	refusal	RepartitionExec[1]	1	8520	308605	19580209	366	4	18736329	315522	RepartitionExec[Merge]=18736329;RepartitionExec=615389;OrderedPartialAggregateStream=228491
event	207001	refusal	OrderedPartialAggregateStream[1182]	1	555430	0	19581033	366	4	18736329	315522	RepartitionExec[Merge]=18736329;RepartitionExec=615389;OrderedPartialAggregateStream=229315
event	207029	refusal	RepartitionExec[1]	1	8520	308605	19581033	366	4	18736329	315522	RepartitionExec[Merge]=18736329;RepartitionExec=615389;OrderedPartialAggregateStream=229315
event	207040	refusal	RepartitionExec[0]	1	106514	306784	19581033	366	4	18736329	315522	RepartitionExec[Merge]=18736329;RepartitionExec=615389;OrderedPartialAggregateStream=229315
event	207100	refusal	OrderedPartialAggregateStream[120]	1	402071	0	19581033	366	4	18736329	315522	RepartitionExec[Merge]=18736329;RepartitionExec=615389;OrderedPartialAggregateStream=229315
event	207235	refusal	RepartitionExec[0]	1	52601	315304	19582441	366	4	18736329	315522	RepartitionExec[Merge]=18736329;RepartitionExec=623909;OrderedPartialAggregateStream=222203
event	207276	refusal	OrderedPartialAggregateStream[1076]	1	430421	0	19812587	366	4	18736329	315522	RepartitionExec[Merge]=18736329;RepartitionExec=623909;OrderedPartialAggregateStream=452349
event	207289	refusal	RepartitionExec[0]	1	75836	315304	19813411	366	4	18736329	315522	RepartitionExec[Merge]=18736329;RepartitionExec=623909;OrderedPartialAggregateStream=453173
event	207350	refusal	RepartitionExec[0]	1	128538	315304	19625160	366	4	18736329	315522	RepartitionExec[Merge]=18736329;RepartitionExec=623909;OrderedPartialAggregateStream=264922
event	207384	refusal	RepartitionExec[0]	1	47168	315304	19625160	366	4	18736329	315522	RepartitionExec[Merge]=18736329;RepartitionExec=623909;OrderedPartialAggregateStream=264922
event	207446	refusal	RepartitionExec[0]	1	86624	315304	19653292	366	4	18763637	315448	RepartitionExec[Merge]=18763637;RepartitionExec=623909;OrderedPartialAggregateStream=265746
event	207494	refusal	OrderedPartialAggregateStream[979]	1	396914	0	19906847	366	4	18763637	315448	RepartitionExec[Merge]=18763637;RepartitionExec=623909;OrderedPartialAggregateStream=519301
event	207548	refusal	RepartitionExec[0]	1	57152	315304	19696451	366	4	18763637	315448	RepartitionExec[Merge]=18763637;RepartitionExec=623909;OrderedPartialAggregateStream=308905
event	207719	refusal	RepartitionExec[0]	1	47675	315304	19739234	366	4	18763637	315448	RepartitionExec[Merge]=18763637;RepartitionExec=623909;OrderedPartialAggregateStream=351688
event	207746	refusal	RepartitionExec[0]	1	73926	315304	19964682	366	4	18763637	315448	RepartitionExec[Merge]=18763637;RepartitionExec=623909;OrderedPartialAggregateStream=577136
event	207809	refusal	RepartitionExec[0]	1	8520	315304	19912619	365	4	18763637	316312	RepartitionExec[Merge]=18763637;RepartitionExec=623909;OrderedPartialAggregateStream=525073
event	207886	refusal	RepartitionExec[1]	1	8520	308605	19687379	365	4	18763637	316312	RepartitionExec[Merge]=18763637;RepartitionExec=623909;OrderedPartialAggregateStream=299833
event	208026	refusal	RepartitionExec[0]	1	45146	315304	19687379	365	4	18763637	316312	RepartitionExec[Merge]=18763637;RepartitionExec=623909;OrderedPartialAggregateStream=299833
event	208093	refusal	RepartitionExec[1]	1	106514	308605	19653892	365	4	18763637	316312	RepartitionExec[Merge]=18763637;RepartitionExec=623909;OrderedPartialAggregateStream=299833
event	208163	refusal	RepartitionExec[1]	1	52601	308605	19645372	365	4	18763637	316312	RepartitionExec[Merge]=18763637;RepartitionExec=623909;OrderedPartialAggregateStream=257826
event	208260	refusal	RepartitionExec[0]	1	8520	315304	19645372	365	4	18763637	316312	RepartitionExec[Merge]=18763637;RepartitionExec=623909;OrderedPartialAggregateStream=257826
event	208337	refusal	RepartitionExec[1]	1	75836	308605	19645372	365	4	18763637	316312	RepartitionExec[Merge]=18763637;RepartitionExec=623909;OrderedPartialAggregateStream=257826
event	208345	refusal	RepartitionExec[1]	1	45146	308605	19645372	365	4	18763637	316312	RepartitionExec[Merge]=18763637;RepartitionExec=623909;OrderedPartialAggregateStream=257826
event	208455	refusal	RepartitionExec[1]	1	47168	317125	19611421	364	4	18763637	317181	RepartitionExec[Merge]=18763637;RepartitionExec=632429;OrderedPartialAggregateStream=215355
event	208521	refusal	RepartitionExec[1]	1	86624	317125	19849820	364	4	18763637	317181	RepartitionExec[Merge]=18763637;RepartitionExec=632429;OrderedPartialAggregateStream=453754
event	208787	refusal	RepartitionExec[1]	1	57152	317125	19611869	364	4	18763637	317181	RepartitionExec[Merge]=18763637;RepartitionExec=632429;OrderedPartialAggregateStream=215803
event	208819	refusal	RepartitionExec[1]	1	73926	317125	19875913	364	4	18763637	317181	RepartitionExec[Merge]=18763637;RepartitionExec=632429;OrderedPartialAggregateStream=479847
event	208825	refusal	OrderedPartialAggregateStream[994]	1	396923	0	19875913	364	4	18763637	317181	RepartitionExec[Merge]=18763637;RepartitionExec=632429;OrderedPartialAggregateStream=479847
event	208845	refusal	RepartitionExec[0]	1	50708	315304	19875913	364	4	18763637	317181	RepartitionExec[Merge]=18763637;RepartitionExec=632429;OrderedPartialAggregateStream=479847
event	209220	refusal	OrderedPartialAggregateStream[126]	1	434570	0	19623986	364	4	18769873	317164	RepartitionExec[Merge]=18769873;RepartitionExec=632429;OrderedPartialAggregateStream=331252
event	209238	refusal	RepartitionExec[1]	1	8520	317125	19580003	361	4	18769873	319800	RepartitionExec[Merge]=18769873;RepartitionExec=632429;OrderedPartialAggregateStream=286197
event	209254	refusal	RepartitionExec[1]	1	128538	317125	19580003	361	4	18794081	319733	RepartitionExec[Merge]=18794081;RepartitionExec=632429;OrderedPartialAggregateStream=286197
event	209256	refusal	RepartitionExec[1]	1	47675	317125	19711275	361	4	18794081	319733	RepartitionExec[Merge]=18794081;RepartitionExec=632429;OrderedPartialAggregateStream=286197
event	209274	refusal	RepartitionExec[0]	1	8520	315304	19694235	361	4	18794081	319733	RepartitionExec[Merge]=18794081;RepartitionExec=632429;OrderedPartialAggregateStream=136453
event	209280	refusal	RepartitionExec[1]	1	8520	317125	19694235	361	4	18794081	319733	RepartitionExec[Merge]=18794081;RepartitionExec=632429;OrderedPartialAggregateStream=136453
event	209288	refusal	RepartitionExec[1]	1	8520	317125	19693411	360	4	18794081	320621	RepartitionExec[Merge]=18794081;RepartitionExec=632429;OrderedPartialAggregateStream=135629
event	209302	refusal	RepartitionExec[0]	1	58541	315304	19693411	360	4	18794081	320621	RepartitionExec[Merge]=18794081;RepartitionExec=632429;OrderedPartialAggregateStream=135629
event	209325	refusal	RepartitionExec[1]	1	50708	317125	19562963	360	4	18794081	320621	RepartitionExec[Merge]=18794081;RepartitionExec=632429;OrderedPartialAggregateStream=136453
event	209355	refusal	RepartitionExec[0]	1	73926	315304	19562963	359	4	18794081	321514	RepartitionExec[Merge]=18794081;RepartitionExec=632429;OrderedPartialAggregateStream=136453
event	209380	refusal	OrderedPartialAggregateStream[1165]	1	523588	0	19562963	359	4	18794081	321514	RepartitionExec[Merge]=18794081;RepartitionExec=632429;OrderedPartialAggregateStream=136453
event	209430	refusal	RepartitionExec[0]	1	88195	315304	19563787	359	4	18794081	321514	RepartitionExec[Merge]=18794081;RepartitionExec=632429;OrderedPartialAggregateStream=137277
event	209476	refusal	RepartitionExec[1]	1	58541	317125	19563787	359	4	18794081	321514	RepartitionExec[Merge]=18794081;RepartitionExec=632429;OrderedPartialAggregateStream=137277
event	209541	refusal	RepartitionExec[1]	1	73926	317125	19562963	358	4	18794081	322412	RepartitionExec[Merge]=18794081;RepartitionExec=632429;OrderedPartialAggregateStream=136453
event	209571	refusal	RepartitionExec[1]	1	8520	317125	19520620	358	4	18794081	322412	RepartitionExec[Merge]=18794081;RepartitionExec=632429;OrderedPartialAggregateStream=94110
event	209620	refusal	RepartitionExec[1]	1	88195	317125	19521444	358	4	18794081	322412	RepartitionExec[Merge]=18794081;RepartitionExec=632429;OrderedPartialAggregateStream=94934
event	209630	refusal	RepartitionExec[0]	1	116515	315304	19749421	358	4	18794081	322412	RepartitionExec[Merge]=18794081;RepartitionExec=632429;OrderedPartialAggregateStream=322911
event	209643	refusal	RepartitionExec[1]	1	8520	317125	19749421	358	4	18794081	322412	RepartitionExec[Merge]=18794081;RepartitionExec=632429;OrderedPartialAggregateStream=322911
event	209757	refusal	RepartitionExec[0]	1	64607	315304	20238967	357	4	18794081	323315	RepartitionExec[Merge]=18794081;OrderedPartialAggregateStream=812457;RepartitionExec=632429
event	209793	refusal	RepartitionExec[1]	1	116515	317125	20238143	356	4	18794081	324223	RepartitionExec[Merge]=18794081;OrderedPartialAggregateStream=811633;RepartitionExec=632429
event	209833	refusal	RepartitionExec[0]	1	41861	315304	20373539	356	4	18794081	324223	RepartitionExec[Merge]=18794081;OrderedPartialAggregateStream=947029;RepartitionExec=632429
event	209857	refusal	RepartitionExec[0]	1	57278	315304	20170694	356	4	18794081	324223	RepartitionExec[Merge]=18794081;OrderedPartialAggregateStream=744184;RepartitionExec=632429
event	209866	refusal	RepartitionExec[0]	1	53741	315304	20170694	356	4	18794081	324223	RepartitionExec[Merge]=18794081;OrderedPartialAggregateStream=744184;RepartitionExec=632429
event	209892	refusal	RepartitionExec[1]	1	64607	317125	19969317	356	4	18794081	324223	RepartitionExec[Merge]=18794081;RepartitionExec=632429;OrderedPartialAggregateStream=542807
event	209917	refusal	RepartitionExec[0]	1	53108	315304	19742088	356	4	18794081	324223	RepartitionExec[Merge]=18794081;RepartitionExec=632429;OrderedPartialAggregateStream=381210
event	209928	refusal	OrderedPartialAggregateStream[116]	1	450374	0	19742088	356	4	18794081	324223	RepartitionExec[Merge]=18794081;RepartitionExec=632429;OrderedPartialAggregateStream=381210
event	210091	refusal	RepartitionExec[1]	1	41861	317125	20562938	356	4	18794081	324223	RepartitionExec[Merge]=18794081;RepartitionExec=632429;OrderedPartialAggregateStream=263842
event	210094	refusal	RepartitionExec[1]	1	8608	317125	20562938	356	4	18794081	324223	RepartitionExec[Merge]=18794081;RepartitionExec=632429;OrderedPartialAggregateStream=492827
event	210105	refusal	RepartitionExec[1]	1	57278	317125	20562938	356	4	18794081	324223	RepartitionExec[Merge]=18794081;RepartitionExec=632429;OrderedPartialAggregateStream=492827
event	210121	refusal	RepartitionExec[1]	1	53741	317125	20833210	356	4	18794081	324223	RepartitionExec[Merge]=18794081;RepartitionExec=632429;OrderedPartialAggregateStream=492827
event	210135	refusal	RepartitionExec[1]	1	53108	317125	20702762	355	4	18794081	325137	RepartitionExec[Merge]=18794081;RepartitionExec=632429;OrderedPartialAggregateStream=492827
event	210156	refusal	RepartitionExec[0]	1	64733	315304	20708350	355	4	18794081	325137	RepartitionExec[Merge]=18794081;RepartitionExec=632429;OrderedPartialAggregateStream=492827
event	210163	refusal	OrderedPartialAggregateStream[107]	1	445262	0	20708350	355	4	18794081	325137	RepartitionExec[Merge]=18794081;OrderedPartialAggregateStream=742854;RepartitionExec=632429
event	210177	refusal	OrderedPartialAggregateStream[1141]	1	451805	0	20708350	355	4	18794081	325137	RepartitionExec[Merge]=18794081;OrderedPartialAggregateStream=1013126;RepartitionExec=632429
event	210191	refusal	RepartitionExec[0]	1	94152	315304	20543004	355	4	18821477	325059	RepartitionExec[Merge]=18821477;OrderedPartialAggregateStream=825972;RepartitionExec=632429
event	210235	refusal	RepartitionExec[0]	1	46664	315304	20543004	355	4	18821477	325059	RepartitionExec[Merge]=18821477;OrderedPartialAggregateStream=825972;RepartitionExec=632429
event	210260	refusal	RepartitionExec[0]	1	8520	323824	20261282	355	4	18821477	325059	RepartitionExec[Merge]=18821477;RepartitionExec=640949;OrderedPartialAggregateStream=535730
event	210274	refusal	RepartitionExec[0]	1	55634	323824	20041849	355	4	18821477	325059	RepartitionExec[Merge]=18821477;RepartitionExec=640949;OrderedPartialAggregateStream=316297
event	210308	refusal	RepartitionExec[0]	1	8520	323824	19998674	355	4	18821477	325059	RepartitionExec[Merge]=18821477;RepartitionExec=640949;OrderedPartialAggregateStream=273122
event	210324	refusal	RepartitionExec[1]	1	64733	317125	20129946	355	4	18821477	325059	RepartitionExec[Merge]=18821477;RepartitionExec=640949;OrderedPartialAggregateStream=273122
event	210338	refusal	RepartitionExec[0]	1	61196	323824	19999498	355	4	18821477	325059	RepartitionExec[Merge]=18821477;RepartitionExec=640949;OrderedPartialAggregateStream=273946
event	210377	refusal	RepartitionExec[0]	1	92242	323824	20000322	355	4	18821477	325059	RepartitionExec[Merge]=18821477;RepartitionExec=640949;OrderedPartialAggregateStream=274770
event	210408	refusal	RepartitionExec[1]	1	94152	317125	19957595	355	4	18821477	325059	RepartitionExec[Merge]=18821477;RepartitionExec=640949;OrderedPartialAggregateStream=232043
event	210416	refusal	RepartitionExec[0]	1	94715	323824	19957595	355	4	18821477	325059	RepartitionExec[Merge]=18821477;RepartitionExec=640949;OrderedPartialAggregateStream=232043
event	210427	refusal	RepartitionExec[0]	1	8520	323824	19957595	355	4	18821477	325059	RepartitionExec[Merge]=18821477;RepartitionExec=640949;OrderedPartialAggregateStream=232043
event	210447	refusal	RepartitionExec[1]	1	55634	317125	19957595	355	4	18821477	325059	RepartitionExec[Merge]=18821477;RepartitionExec=640949;OrderedPartialAggregateStream=232043
event	210477	refusal	RepartitionExec[1]	1	46664	317125	19957595	355	4	18821477	325059	RepartitionExec[Merge]=18821477;RepartitionExec=640949;OrderedPartialAggregateStream=232043
event	210544	refusal	RepartitionExec[1]	1	92242	317125	20195715	355	4	18821477	325059	RepartitionExec[Merge]=18821477;RepartitionExec=640949;OrderedPartialAggregateStream=470163
event	210664	refusal	RepartitionExec[0]	1	8520	323824	19905668	355	4	18821477	325059	RepartitionExec[Merge]=18821477;RepartitionExec=640949;OrderedPartialAggregateStream=180116
event	210733	refusal	RepartitionExec[1]	1	8520	317125	19905668	355	4	18821477	325059	RepartitionExec[Merge]=18821477;RepartitionExec=640949;OrderedPartialAggregateStream=180116
event	210803	refusal	OrderedPartialAggregateStream[963]	1	398966	0	19905668	355	4	18821477	325059	RepartitionExec[Merge]=18821477;RepartitionExec=640949;OrderedPartialAggregateStream=180116
event	210825	refusal	RepartitionExec[0]	1	50579	323824	19905668	355	4	18821477	325059	RepartitionExec[Merge]=18821477;RepartitionExec=640949;OrderedPartialAggregateStream=180116
event	210961	refusal	RepartitionExec[0]	1	40976	323824	20187586	355	4	18821477	325059	RepartitionExec[Merge]=18821477;RepartitionExec=640949;OrderedPartialAggregateStream=462034
event	210972	refusal	RepartitionExec[0]	1	74710	323824	20187586	355	4	18821477	325059	RepartitionExec[Merge]=18821477;RepartitionExec=640949;OrderedPartialAggregateStream=462034
event	211038	refusal	RepartitionExec[0]	1	51338	323824	20211550	355	4	18821477	325059	RepartitionExec[Merge]=18821477;RepartitionExec=640949;OrderedPartialAggregateStream=485998
event	211070	refusal	RepartitionExec[0]	1	43502	323824	20031457	355	4	18821477	325059	RepartitionExec[Merge]=18821477;RepartitionExec=640949;OrderedPartialAggregateStream=569031
event	211348	refusal	RepartitionExec[0]	1	58163	323824	20072005	355	4	18885769	324878	RepartitionExec[Merge]=18885769;RepartitionExec=640949;OrderedPartialAggregateStream=545287
event	211383	refusal	RepartitionExec[0]	1	8520	323824	20072005	355	4	18885769	324878	RepartitionExec[Merge]=18885769;RepartitionExec=640949;OrderedPartialAggregateStream=545287
event	211456	refusal	RepartitionExec[1]	1	94715	317125	19946888	355	4	18885769	324878	RepartitionExec[Merge]=18885769;RepartitionExec=640949;OrderedPartialAggregateStream=545287
event	211483	refusal	RepartitionExec[1]	1	61196	317125	19946888	355	4	18885769	324878	RepartitionExec[Merge]=18885769;RepartitionExec=640949;OrderedPartialAggregateStream=545287
event	211518	refusal	OrderedPartialAggregateStream[1168]	1	493538	0	19883174	355	4	18885769	324878	RepartitionExec[Merge]=18885769;RepartitionExec=640949;OrderedPartialAggregateStream=420170
event	211545	refusal	OrderedPartialAggregateStream[965]	1	395771	0	19883174	355	4	18885769	324878	RepartitionExec[Merge]=18885769;RepartitionExec=640949;OrderedPartialAggregateStream=356456
event	211574	refusal	RepartitionExec[0]	1	47420	323824	19840527	355	4	18885769	324878	RepartitionExec[Merge]=18885769;RepartitionExec=640949;OrderedPartialAggregateStream=313809
event	211584	refusal	RepartitionExec[0]	1	8520	323824	19840527	355	4	18885769	324878	RepartitionExec[Merge]=18885769;RepartitionExec=640949;OrderedPartialAggregateStream=313809
event	211692	refusal	RepartitionExec[0]	1	73475	323824	19840527	353	4	18885769	326719	RepartitionExec[Merge]=18885769;RepartitionExec=640949;OrderedPartialAggregateStream=313809
event	211697	refusal	RepartitionExec[0]	1	110558	323824	19840527	353	4	18885769	326719	RepartitionExec[Merge]=18885769;RepartitionExec=640949;OrderedPartialAggregateStream=313809
event	211707	refusal	RepartitionExec[1]	1	50579	317125	19840527	353	4	18885769	326719	RepartitionExec[Merge]=18885769;RepartitionExec=640949;OrderedPartialAggregateStream=313809
event	211776	refusal	RepartitionExec[1]	1	40976	317125	19840527	353	4	18885769	326719	RepartitionExec[Merge]=18885769;RepartitionExec=640949;OrderedPartialAggregateStream=313809
event	211779	refusal	RepartitionExec[1]	1	74710	317125	19840527	353	4	18885769	326719	RepartitionExec[Merge]=18885769;RepartitionExec=640949;OrderedPartialAggregateStream=313809
event	211826	refusal	RepartitionExec[1]	1	51338	317125	19840527	353	4	18885769	326719	RepartitionExec[Merge]=18885769;RepartitionExec=640949;OrderedPartialAggregateStream=313809
event	211862	refusal	RepartitionExec[0]	1	8520	323824	20082689	353	4	18918449	326626	RepartitionExec[Merge]=18918449;RepartitionExec=640949;OrderedPartialAggregateStream=523291
event	211886	refusal	RepartitionExec[1]	1	58163	317125	20082689	353	4	18918449	326626	RepartitionExec[Merge]=18918449;RepartitionExec=640949;OrderedPartialAggregateStream=523291
event	212033	refusal	RepartitionExec[0]	1	8520	323824	19981662	353	4	18918449	326626	RepartitionExec[Merge]=18918449;RepartitionExec=649469;OrderedPartialAggregateStream=447647
event	212053	refusal	RepartitionExec[0]	1	56393	323824	19981662	353	4	18918449	326626	RepartitionExec[Merge]=18918449;RepartitionExec=649469;OrderedPartialAggregateStream=447647
event	212122	refusal	RepartitionExec[1]	1	8520	325645	20017816	353	4	18918449	326626	RepartitionExec[Merge]=18918449;RepartitionExec=649469;OrderedPartialAggregateStream=221795
event	212189	refusal	RepartitionExec[1]	1	110558	325645	20017816	353	4	18918449	326626	RepartitionExec[Merge]=18918449;RepartitionExec=649469;OrderedPartialAggregateStream=449898
event	212243	refusal	RepartitionExec[0]	1	45020	323824	20198344	353	4	18918449	326626	RepartitionExec[Merge]=18918449;RepartitionExec=649469;OrderedPartialAggregateStream=630426
event	212267	refusal	RepartitionExec[0]	1	8520	323824	20198344	353	4	18918449	326626	RepartitionExec[Merge]=18918449;RepartitionExec=649469;OrderedPartialAggregateStream=630426
event	212295	refusal	RepartitionExec[1]	1	56393	325645	20198344	353	4	18918449	326626	RepartitionExec[Merge]=18918449;RepartitionExec=649469;OrderedPartialAggregateStream=630426
event	212385	refusal	RepartitionExec[0]	1	47546	323824	20009304	353	4	18918449	326626	RepartitionExec[Merge]=18918449;RepartitionExec=649469;OrderedPartialAggregateStream=441386
event	212497	refusal	RepartitionExec[1]	1	47420	325645	20006930	353	4	18918449	326626	RepartitionExec[Merge]=18918449;RepartitionExec=649469;OrderedPartialAggregateStream=439836
event	212514	refusal	RepartitionExec[1]	1	8520	325645	20006930	353	4	18918449	326626	RepartitionExec[Merge]=18918449;RepartitionExec=649469;OrderedPartialAggregateStream=439836
event	212556	refusal	RepartitionExec[0]	1	46283	323824	20006930	353	4	18918449	326626	RepartitionExec[Merge]=18918449;RepartitionExec=649469;OrderedPartialAggregateStream=439012
event	212584	refusal	OrderedPartialAggregateStream[982]	1	400199	0	20006930	352	4	18918449	327554	RepartitionExec[Merge]=18918449;RepartitionExec=649469;OrderedPartialAggregateStream=439012
event	212655	refusal	RepartitionExec[0]	1	46157	323824	20071827	352	4	18918449	327554	RepartitionExec[Merge]=18918449;RepartitionExec=649469;OrderedPartialAggregateStream=503909
event	212719	refusal	RepartitionExec[0]	1	8520	323824	20319019	352	4	18949361	327466	RepartitionExec[Merge]=18949361;RepartitionExec=649469;OrderedPartialAggregateStream=461982
event	212725	refusal	RepartitionExec[1]	1	45020	325645	20319843	352	4	18949361	327466	RepartitionExec[Merge]=18949361;OrderedPartialAggregateStream=714309;RepartitionExec=649469
event	212789	refusal	RepartitionExec[0]	1	75161	323824	20380040	351	4	18956065	328380	RepartitionExec[Merge]=18956065;RepartitionExec=649469;OrderedPartialAggregateStream=505537
event	212796	refusal	RepartitionExec[1]	1	73475	325645	20380040	351	4	18982081	328306	RepartitionExec[Merge]=18982081;OrderedPartialAggregateStream=748490;RepartitionExec=649469
event	212804	refusal	RepartitionExec[1]	1	46157	325645	20380040	351	4	18982081	328306	RepartitionExec[Merge]=18982081;OrderedPartialAggregateStream=748490;RepartitionExec=649469
event	212812	refusal	RepartitionExec[0]	1	56015	323824	20380040	351	4	18982081	328306	RepartitionExec[Merge]=18982081;OrderedPartialAggregateStream=748490;RepartitionExec=649469
event	212826	refusal	RepartitionExec[1]	1	47546	325645	20171584	351	4	18982081	328306	RepartitionExec[Merge]=18982081;RepartitionExec=649469;OrderedPartialAggregateStream=540034
event	212852	refusal	RepartitionExec[0]	1	56267	323824	20171584	351	4	18982081	328306	RepartitionExec[Merge]=18982081;RepartitionExec=649469;OrderedPartialAggregateStream=540034
event	212879	refusal	RepartitionExec[1]	1	46283	325645	19971214	351	4	18982081	328306	RepartitionExec[Merge]=18982081;RepartitionExec=649469;OrderedPartialAggregateStream=339664
event	212899	refusal	RepartitionExec[0]	1	52601	323824	19971214	351	4	18982081	328306	RepartitionExec[Merge]=18982081;RepartitionExec=649469;OrderedPartialAggregateStream=339664
event	212934	refusal	RepartitionExec[0]	1	8520	323824	20154868	351	4	18982081	328306	RepartitionExec[Merge]=18982081;RepartitionExec=649469;OrderedPartialAggregateStream=297897
event	212975	refusal	RepartitionExec[1]	1	43502	325645	20154868	351	4	18982081	328306	RepartitionExec[Merge]=18982081;RepartitionExec=649469;OrderedPartialAggregateStream=523318
event	213022	refusal	RepartitionExec[1]	1	75161	325645	20379416	351	4	18982081	328306	RepartitionExec[Merge]=18982081;OrderedPartialAggregateStream=747866;RepartitionExec=649469
event	213051	refusal	RepartitionExec[0]	1	8520	323824	20337633	351	4	18982081	328306	RepartitionExec[Merge]=18982081;OrderedPartialAggregateStream=706083;RepartitionExec=649469
event	213072	refusal	OrderedPartialAggregateStream[1075]	1	430754	0	20587885	351	4	18982081	328306	RepartitionExec[Merge]=18982081;OrderedPartialAggregateStream=956335;RepartitionExec=649469
event	213119	refusal	RepartitionExec[0]	1	44768	323824	20439592	349	4	19018393	330084	RepartitionExec[Merge]=19018393;OrderedPartialAggregateStream=771730;RepartitionExec=649469
event	213130	refusal	RepartitionExec[1]	1	56015	325645	20439592	349	4	19018393	330084	RepartitionExec[Merge]=19018393;OrderedPartialAggregateStream=771730;RepartitionExec=649469
event	213175	refusal	RepartitionExec[0]	1	55763	323824	20232323	349	4	19018393	330084	RepartitionExec[Merge]=19018393;RepartitionExec=649469;OrderedPartialAggregateStream=564461
event	213203	refusal	RepartitionExec[0]	1	8520	323824	20191204	349	4	19018393	330084	RepartitionExec[Merge]=19018393;RepartitionExec=649469;OrderedPartialAggregateStream=523342
event	213224	refusal	RepartitionExec[1]	1	44768	325645	20191204	349	4	19018393	330084	RepartitionExec[Merge]=19018393;RepartitionExec=649469;OrderedPartialAggregateStream=523342
event	213237	refusal	RepartitionExec[0]	1	86736	323824	20224264	349	4	19051453	329989	RepartitionExec[Merge]=19051453;RepartitionExec=649469;OrderedPartialAggregateStream=523342
event	213243	refusal	RepartitionExec[1]	1	56267	325645	20224264	349	4	19051453	329989	RepartitionExec[Merge]=19051453;RepartitionExec=649469;OrderedPartialAggregateStream=523342
event	213319	refusal	RepartitionExec[1]	1	55763	325645	20488961	349	4	19083349	329897	RepartitionExec[Merge]=19083349;OrderedPartialAggregateStream=756143;RepartitionExec=649469
event	213354	refusal	RepartitionExec[1]	1	8520	325645	20488542	349	4	19124521	329779	RepartitionExec[Merge]=19124521;OrderedPartialAggregateStream=714552;RepartitionExec=649469
event	213395	refusal	RepartitionExec[0]	1	8520	323824	20341873	349	4	19147849	329713	RepartitionExec[Merge]=19147849;OrderedPartialAggregateStream=671505;RepartitionExec=649469
event	213427	refusal	RepartitionExec[0]	1	48305	323824	20270538	349	4	19183341	329611	RepartitionExec[Merge]=19183341;RepartitionExec=649469;OrderedPartialAggregateStream=437728
event	213436	refusal	RepartitionExec[0]	1	8520	323824	20571640	349	4	19215665	329518	RepartitionExec[Merge]=19215665;OrderedPartialAggregateStream=706506;RepartitionExec=649469
event	213455	refusal	RepartitionExec[1]	1	8520	325645	20779711	349	4	19215665	329518	RepartitionExec[Merge]=19215665;OrderedPartialAggregateStream=914577;RepartitionExec=649469
event	213484	refusal	RepartitionExec[1]	1	8520	325645	20980639	349	4	19215665	329518	RepartitionExec[Merge]=19215665;OrderedPartialAggregateStream=873146;RepartitionExec=649469
event	213541	refusal	RepartitionExec[1]	1	86736	325645	20619663	349	4	19215665	329518	RepartitionExec[Merge]=19215665;OrderedPartialAggregateStream=897486;RepartitionExec=649469
event	213557	refusal	RepartitionExec[0]	1	60563	323824	20555053	348	4	19215665	330465	RepartitionExec[Merge]=19215665;OrderedPartialAggregateStream=689919;RepartitionExec=649469
event	213559	refusal	RepartitionExec[1]	1	48305	325645	20555053	348	4	19215665	330465	RepartitionExec[Merge]=19215665;OrderedPartialAggregateStream=689919;RepartitionExec=649469
event	213582	refusal	RepartitionExec[0]	1	55508	323824	20824713	348	4	19215665	330465	RepartitionExec[Merge]=19215665;OrderedPartialAggregateStream=959579;RepartitionExec=649469
event	213612	refusal	RepartitionExec[0]	1	52349	323824	20624905	348	4	19215665	330465	RepartitionExec[Merge]=19215665;OrderedPartialAggregateStream=759771;RepartitionExec=649469
event	213677	refusal	RepartitionExec[0]	1	60944	323824	20406052	348	4	19215665	330465	RepartitionExec[Merge]=19215665;RepartitionExec=649469;OrderedPartialAggregateStream=540918
event	213709	refusal	RepartitionExec[1]	1	52601	325645	20405228	347	4	19215665	331418	RepartitionExec[Merge]=19215665;RepartitionExec=649469;OrderedPartialAggregateStream=540094
event	213731	refusal	RepartitionExec[1]	1	60563	325645	20405228	347	4	19215665	331418	RepartitionExec[Merge]=19215665;RepartitionExec=649469;OrderedPartialAggregateStream=540094
event	213787	refusal	RepartitionExec[1]	1	8520	325645	20370289	347	4	19215665	331418	RepartitionExec[Merge]=19215665;RepartitionExec=649469;OrderedPartialAggregateStream=498055
event	213869	refusal	RepartitionExec[1]	1	60944	325645	20430989	347	4	19283465	331222	RepartitionExec[Merge]=19283465;RepartitionExec=649469;OrderedPartialAggregateStream=498055
event	213885	refusal	RepartitionExec[0]	1	8520	323824	20618179	347	4	19283465	331222	RepartitionExec[Merge]=19283465;RepartitionExec=649469;OrderedPartialAggregateStream=455072
event	213895	refusal	RepartitionExec[1]	1	52349	325645	20618179	347	4	19283465	331222	RepartitionExec[Merge]=19283465;RepartitionExec=649469;OrderedPartialAggregateStream=455072
event	213969	refusal	RepartitionExec[1]	1	55508	325645	20881629	347	4	19283465	331222	RepartitionExec[Merge]=19283465;OrderedPartialAggregateStream=948695;RepartitionExec=649469
event	214008	refusal	OrderedPartialAggregateStream[985]	1	407876	0	20693351	347	4	19283465	331222	RepartitionExec[Merge]=19283465;OrderedPartialAggregateStream=760417;RepartitionExec=649469
event	214024	refusal	RepartitionExec[0]	1	47168	323824	20642544	347	4	19283465	331222	RepartitionExec[Merge]=19283465;OrderedPartialAggregateStream=709610;RepartitionExec=649469
event	214034	refusal	RepartitionExec[0]	1	8520	323824	20642544	347	4	19283465	331222	RepartitionExec[Merge]=19283465;OrderedPartialAggregateStream=709610;RepartitionExec=649469
event	214046	refusal	OrderedPartialAggregateStream[1181]	1	458303	0	20494483	347	4	19283465	331222	RepartitionExec[Merge]=19283465;RepartitionExec=649469;OrderedPartialAggregateStream=561549
event	214052	refusal	OrderedPartialAggregateStream[1088]	1	425381	0	20463249	347	4	19317149	331125	RepartitionExec[Merge]=19317149;RepartitionExec=649469;OrderedPartialAggregateStream=561549
event	214079	refusal	RepartitionExec[0]	1	58289	323824	20739704	347	4	19317149	331125	RepartitionExec[Merge]=19317149;OrderedPartialAggregateStream=773086;RepartitionExec=649469
event	214119	refusal	RepartitionExec[0]	1	8520	323824	20729945	347	4	19350341	331029	RepartitionExec[Merge]=19350341;OrderedPartialAggregateStream=730135;RepartitionExec=649469
event	214157	refusal	RepartitionExec[0]	1	8520	323824	20688218	347	4	19350341	331029	RepartitionExec[Merge]=19350341;OrderedPartialAggregateStream=688408;RepartitionExec=649469
event	214171	refusal	RepartitionExec[0]	1	78082	323824	20688218	347	4	19350341	331029	RepartitionExec[Merge]=19350341;OrderedPartialAggregateStream=688408;RepartitionExec=649469
event	214200	refusal	RepartitionExec[1]	1	58289	325645	20529296	347	4	19350341	331029	RepartitionExec[Merge]=19350341;OrderedPartialAggregateStream=689232;RepartitionExec=649469
event	214218	refusal	RepartitionExec[1]	1	47168	325645	20530120	347	4	19350341	331029	RepartitionExec[Merge]=19350341;OrderedPartialAggregateStream=690056;RepartitionExec=649469
event	214239	refusal	RepartitionExec[0]	1	84714	323824	20754650	347	4	19350341	331029	RepartitionExec[Merge]=19350341;OrderedPartialAggregateStream=690056;RepartitionExec=649469
event	214265	refusal	OrderedPartialAggregateStream[1183]	1	537871	0	20754650	347	4	19350341	331029	RepartitionExec[Merge]=19350341;OrderedPartialAggregateStream=914586;RepartitionExec=649469
event	214273	refusal	RepartitionExec[0]	1	97185	323824	20754650	347	4	19350341	331029	RepartitionExec[Merge]=19350341;OrderedPartialAggregateStream=914586;RepartitionExec=649469
event	214322	refusal	RepartitionExec[1]	1	78082	325645	20754650	347	4	19350341	331029	RepartitionExec[Merge]=19350341;OrderedPartialAggregateStream=914586;RepartitionExec=649469
event	214338	refusal	RepartitionExec[1]	1	8520	325645	20739979	347	4	19386141	330926	RepartitionExec[Merge]=19386141;OrderedPartialAggregateStream=864115;RepartitionExec=649469
event	214375	refusal	RepartitionExec[0]	1	44768	323824	20515145	347	4	19386141	330926	RepartitionExec[Merge]=19386141;RepartitionExec=649469;OrderedPartialAggregateStream=639281
event	214386	refusal	RepartitionExec[0]	1	8520	323824	20515145	347	4	19386141	330926	RepartitionExec[Merge]=19386141;RepartitionExec=649469;OrderedPartialAggregateStream=639281
event	214418	refusal	RepartitionExec[0]	1	63851	323824	20449611	347	4	19386141	330926	RepartitionExec[Merge]=19386141;RepartitionExec=649469;OrderedPartialAggregateStream=414001
event	214425	refusal	RepartitionExec[1]	1	84714	325645	20449611	347	4	19386141	330926	RepartitionExec[Merge]=19386141;RepartitionExec=649469;OrderedPartialAggregateStream=414001
event	214454	refusal	OrderedPartialAggregateStream[1113]	1	442076	0	20397101	347	4	19386141	330926	RepartitionExec[Merge]=19386141;RepartitionExec=649469;OrderedPartialAggregateStream=230219
event	214473	refusal	RepartitionExec[1]	1	97185	325645	20768475	347	4	19386141	330926	RepartitionExec[Merge]=19386141;OrderedPartialAggregateStream=732865;RepartitionExec=649469
event	214489	refusal	RepartitionExec[0]	1	45146	323824	20768475	347	4	19386141	330926	RepartitionExec[Merge]=19386141;OrderedPartialAggregateStream=732865;RepartitionExec=649469
event	214494	refusal	RepartitionExec[0]	1	121909	323824	20768475	347	4	19386141	330926	RepartitionExec[Merge]=19386141;OrderedPartialAggregateStream=732865;RepartitionExec=649469
event	214533	refusal	RepartitionExec[1]	1	44768	325645	20767651	346	4	19386141	331883	RepartitionExec[Merge]=19386141;OrderedPartialAggregateStream=732041;RepartitionExec=649469
event	214579	refusal	RepartitionExec[0]	1	46283	323824	20358643	346	4	19386141	331883	RepartitionExec[Merge]=19386141;RepartitionExec=649469;OrderedPartialAggregateStream=323033
event	214589	refusal	RepartitionExec[1]	1	63851	325645	20358643	346	4	19386141	331883	RepartitionExec[Merge]=19386141;RepartitionExec=649469;OrderedPartialAggregateStream=323033
event	214597	refusal	RepartitionExec[0]	1	62711	323824	20358643	346	4	19386141	331883	RepartitionExec[Merge]=19386141;RepartitionExec=649469;OrderedPartialAggregateStream=323033
event	214646	refusal	OrderedPartialAggregateStream[960]	1	410612	0	20358643	345	4	19386141	332845	RepartitionExec[Merge]=19386141;RepartitionExec=649469;OrderedPartialAggregateStream=323033
event	214647	refusal	RepartitionExec[0]	1	91007	323824	20358643	345	4	19386141	332845	RepartitionExec[Merge]=19386141;RepartitionExec=649469;OrderedPartialAggregateStream=323033
event	214795	refusal	RepartitionExec[1]	1	46283	325645	20862868	344	4	19386141	333812	RepartitionExec[Merge]=19386141;OrderedPartialAggregateStream=827258;RepartitionExec=649469
event	214813	refusal	RepartitionExec[0]	1	79093	323824	20862868	344	4	19386141	333812	RepartitionExec[Merge]=19386141;OrderedPartialAggregateStream=827258;RepartitionExec=649469
event	214865	refusal	RepartitionExec[0]	1	60437	323824	20409985	344	4	19386141	333812	RepartitionExec[Merge]=19386141;RepartitionExec=649469;OrderedPartialAggregateStream=374375
event	214876	refusal	RepartitionExec[0]	1	49568	323824	20409985	344	4	19386141	333812	RepartitionExec[Merge]=19386141;RepartitionExec=649469;OrderedPartialAggregateStream=374375
event	214882	refusal	RepartitionExec[1]	1	8520	325645	20409985	344	4	19386141	333812	RepartitionExec[Merge]=19386141;RepartitionExec=649469;OrderedPartialAggregateStream=374375
event	214888	refusal	RepartitionExec[1]	1	121909	325645	20409985	344	4	19386141	333812	RepartitionExec[Merge]=19386141;RepartitionExec=649469;OrderedPartialAggregateStream=374375
event	214942	refusal	RepartitionExec[0]	1	8520	332344	20325547	343	4	19386141	334785	RepartitionExec[Merge]=19386141;RepartitionExec=657989;OrderedPartialAggregateStream=281417
event	214970	refusal	OrderedPartialAggregateStream[1104]	1	408515	0	20366695	343	4	19427289	334666	RepartitionExec[Merge]=19427289;RepartitionExec=657989;OrderedPartialAggregateStream=281417
event	214990	refusal	RepartitionExec[0]	1	8520	332344	20281873	343	4	19427289	334666	RepartitionExec[Merge]=19427289;RepartitionExec=666509;OrderedPartialAggregateStream=188075
event	215003	refusal	RepartitionExec[1]	1	91007	334165	20594588	343	4	19463909	334559	RepartitionExec[Merge]=19463909;RepartitionExec=666509;OrderedPartialAggregateStream=464170
event	215119	refusal	RepartitionExec[0]	1	78306	332344	20370476	343	4	19463909	334559	RepartitionExec[Merge]=19463909;RepartitionExec=666509;OrderedPartialAggregateStream=240058
event	215146	refusal	RepartitionExec[0]	1	63722	332344	20407568	342	4	19501825	335426	RepartitionExec[Merge]=19501825;RepartitionExec=666509;OrderedPartialAggregateStream=239234
event	215184	refusal	OrderedPartialAggregateStream[113]	1	442265	0	20407568	342	4	19501825	335426	RepartitionExec[Merge]=19501825;RepartitionExec=666509;OrderedPartialAggregateStream=239234
event	215205	refusal	RepartitionExec[1]	1	79093	334165	20642151	342	4	19501825	335426	RepartitionExec[Merge]=19501825;RepartitionExec=666509;OrderedPartialAggregateStream=473817
event	215276	refusal	RepartitionExec[1]	1	60437	334165	20689920	342	4	19501825	335426	RepartitionExec[Merge]=19501825;RepartitionExec=666509;OrderedPartialAggregateStream=521586
event	215288	refusal	RepartitionExec[0]	1	49064	332344	20954207	342	4	19501825	335426	RepartitionExec[Merge]=19501825;OrderedPartialAggregateStream=785873;RepartitionExec=666509
event	215323	refusal	RepartitionExec[1]	1	49568	334165	20955031	342	4	19501825	335426	RepartitionExec[Merge]=19501825;OrderedPartialAggregateStream=786697;RepartitionExec=666509
event	215341	refusal	RepartitionExec[0]	1	91119	332344	20821406	342	4	19501825	335426	RepartitionExec[Merge]=19501825;OrderedPartialAggregateStream=786697;RepartitionExec=666509
event	215384	refusal	OrderedPartialAggregateStream[961]	1	402881	0	20821406	342	4	19501825	335426	RepartitionExec[Merge]=19501825;OrderedPartialAggregateStream=786697;RepartitionExec=666509
event	215436	refusal	RepartitionExec[0]	1	51464	332344	20543476	342	4	19501825	335426	RepartitionExec[Merge]=19501825;RepartitionExec=666509;OrderedPartialAggregateStream=375142
event	215457	refusal	RepartitionExec[0]	1	58667	332344	20816970	342	4	19501825	335426	RepartitionExec[Merge]=19501825;RepartitionExec=666509;OrderedPartialAggregateStream=375142
event	215513	refusal	RepartitionExec[1]	1	78306	334165	20816146	341	4	19501825	336410	RepartitionExec[Merge]=19501825;RepartitionExec=666509;OrderedPartialAggregateStream=647812
event	215543	refusal	RepartitionExec[0]	1	76172	332344	20816970	341	4	19501825	336410	RepartitionExec[Merge]=19501825;RepartitionExec=666509;OrderedPartialAggregateStream=648636
event	215552	refusal	RepartitionExec[1]	1	63722	334165	20816970	341	4	19501825	336410	RepartitionExec[Merge]=19501825;RepartitionExec=666509;OrderedPartialAggregateStream=648636
event	215585	refusal	RepartitionExec[0]	1	62585	332344	20824286	341	4	19501825	336410	RepartitionExec[Merge]=19501825;RepartitionExec=666509;OrderedPartialAggregateStream=655952
event	215606	refusal	RepartitionExec[1]	1	51464	334165	20773543	341	4	19501825	336410	RepartitionExec[Merge]=19501825;RepartitionExec=666509;OrderedPartialAggregateStream=605209
event	215610	refusal	RepartitionExec[1]	1	49064	334165	20773543	341	4	19501825	336410	RepartitionExec[Merge]=19501825;RepartitionExec=666509;OrderedPartialAggregateStream=605209
event	215619	refusal	RepartitionExec[0]	1	8520	332344	20773543	341	4	19501825	336410	RepartitionExec[Merge]=19501825;RepartitionExec=666509;OrderedPartialAggregateStream=605209
event	215655	refusal	RepartitionExec[0]	1	8584	332344	20543437	341	4	19501825	336410	RepartitionExec[Merge]=19501825;RepartitionExec=666509;OrderedPartialAggregateStream=375103
event	215671	refusal	RepartitionExec[0]	1	47042	332344	20543437	341	4	19501825	336410	RepartitionExec[Merge]=19501825;RepartitionExec=666509;OrderedPartialAggregateStream=375103
event	215718	refusal	RepartitionExec[1]	1	91119	334165	20500998	341	4	19501825	336410	RepartitionExec[Merge]=19501825;RepartitionExec=666509;OrderedPartialAggregateStream=332664
event	215725	refusal	RepartitionExec[0]	1	8520	332344	20500998	341	4	19501825	336410	RepartitionExec[Merge]=19501825;RepartitionExec=666509;OrderedPartialAggregateStream=332664
event	215804	refusal	RepartitionExec[1]	1	58667	334165	20500174	340	4	19501825	337399	RepartitionExec[Merge]=19501825;RepartitionExec=666509;OrderedPartialAggregateStream=331840
event	215877	refusal	RepartitionExec[1]	1	76172	334165	20499350	339	4	19501825	338394	RepartitionExec[Merge]=19501825;RepartitionExec=666509;OrderedPartialAggregateStream=331016
event	215894	refusal	RepartitionExec[0]	1	8520	332344	20448191	339	4	19501825	338394	RepartitionExec[Merge]=19501825;RepartitionExec=666509;OrderedPartialAggregateStream=279857
event	215898	refusal	OrderedPartialAggregateStream[108]	1	423320	0	20448191	339	4	19501825	338394	RepartitionExec[Merge]=19501825;RepartitionExec=666509;OrderedPartialAggregateStream=279857
event	215935	refusal	RepartitionExec[1]	1	62585	334165	20448191	339	4	19501825	338394	RepartitionExec[Merge]=19501825;RepartitionExec=666509;OrderedPartialAggregateStream=279857
event	215975	refusal	RepartitionExec[0]	1	8584	332344	20645454	339	4	19501825	338394	RepartitionExec[Merge]=19501825;RepartitionExec=666509;OrderedPartialAggregateStream=477120
event	216002	refusal	RepartitionExec[1]	1	45146	334165	20646278	339	4	19501825	338394	RepartitionExec[Merge]=19501825;RepartitionExec=666509;OrderedPartialAggregateStream=608392
event	216006	refusal	RepartitionExec[1]	1	47042	334165	20646278	339	4	19501825	338394	RepartitionExec[Merge]=19501825;RepartitionExec=666509;OrderedPartialAggregateStream=477944
event	216040	refusal	OrderedPartialAggregateStream[1144]	1	496886	0	20646278	339	4	19501825	338394	RepartitionExec[Merge]=19501825;RepartitionExec=666509;OrderedPartialAggregateStream=477944
event	216051	refusal	RepartitionExec[0]	1	83927	332344	20462385	339	4	19501825	338394	RepartitionExec[Merge]=19501825;RepartitionExec=666509;OrderedPartialAggregateStream=426929
event	216061	refusal	OrderedPartialAggregateStream[969]	1	401351	0	20398265	339	4	19501825	338394	RepartitionExec[Merge]=19501825;RepartitionExec=666509;OrderedPartialAggregateStream=229931
event	216075	refusal	RepartitionExec[1]	1	8520	334165	20398265	339	4	19501825	338394	RepartitionExec[Merge]=19501825;RepartitionExec=666509;OrderedPartialAggregateStream=229931
event	216089	refusal	RepartitionExec[0]	1	51086	332344	20398265	339	4	19501825	338394	RepartitionExec[Merge]=19501825;RepartitionExec=666509;OrderedPartialAggregateStream=229931
event	216125	refusal	RepartitionExec[0]	1	8520	332344	20346922	338	4	19501825	339396	RepartitionExec[Merge]=19501825;RepartitionExec=666509;OrderedPartialAggregateStream=178588
event	216172	refusal	OrderedPartialAggregateStream[1021]	1	405266	0	20346922	337	4	19501825	340403	RepartitionExec[Merge]=19501825;RepartitionExec=666509;OrderedPartialAggregateStream=178588
event	216189	refusal	RepartitionExec[1]	1	62711	334165	20346922	337	4	19501825	340403	RepartitionExec[Merge]=19501825;RepartitionExec=666509;OrderedPartialAggregateStream=178588
event	216196	refusal	RepartitionExec[0]	1	75609	332344	20346922	337	4	19501825	340403	RepartitionExec[Merge]=19501825;RepartitionExec=666509;OrderedPartialAggregateStream=178588
event	216208	refusal	OrderedPartialAggregateStream[1022]	1	403673	0	20347746	337	4	19501825	340403	RepartitionExec[Merge]=19501825;RepartitionExec=666509;OrderedPartialAggregateStream=179412
event	216229	refusal	RepartitionExec[0]	1	111796	332344	20626874	337	4	19501825	340403	RepartitionExec[Merge]=19501825;RepartitionExec=666509;OrderedPartialAggregateStream=458540
event	216250	refusal	RepartitionExec[0]	1	8520	332344	20585235	337	4	19501825	340403	RepartitionExec[Merge]=19501825;RepartitionExec=666509;OrderedPartialAggregateStream=416901
event	216275	refusal	RepartitionExec[0]	1	8520	332344	20543356	337	4	19501825	340403	RepartitionExec[Merge]=19501825;RepartitionExec=666509;OrderedPartialAggregateStream=375022
event	216296	refusal	RepartitionExec[1]	1	83927	334165	20544180	337	4	19501825	340403	RepartitionExec[Merge]=19501825;RepartitionExec=666509;OrderedPartialAggregateStream=375846
event	216305	refusal	RepartitionExec[1]	1	75609	334165	20544180	337	4	19501825	340403	RepartitionExec[Merge]=19501825;RepartitionExec=666509;OrderedPartialAggregateStream=375846
event	216319	refusal	RepartitionExec[0]	1	77071	332344	20316371	337	4	19501825	340403	RepartitionExec[Merge]=19501825;RepartitionExec=666509;OrderedPartialAggregateStream=148037
event	216351	refusal	RepartitionExec[0]	1	64988	332344	20317195	337	4	19501825	340403	RepartitionExec[Merge]=19501825;RepartitionExec=666509;OrderedPartialAggregateStream=148861
event	216355	refusal	RepartitionExec[0]	1	76508	332344	20539340	337	4	19501825	340403	RepartitionExec[Merge]=19501825;RepartitionExec=666509;OrderedPartialAggregateStream=148861
event	216363	refusal	RepartitionExec[1]	1	111796	334165	20788692	337	4	19501825	340403	RepartitionExec[Merge]=19501825;RepartitionExec=666509;OrderedPartialAggregateStream=620358
event	216380	refusal	RepartitionExec[1]	1	51086	334165	20788692	337	4	19501825	340403	RepartitionExec[Merge]=19501825;RepartitionExec=666509;OrderedPartialAggregateStream=620358
event	216415	refusal	OrderedPartialAggregateStream[1043]	1	421187	0	20965386	337	4	19501825	340403	RepartitionExec[Merge]=19501825;RepartitionExec=666509;OrderedPartialAggregateStream=569327
event	216420	refusal	RepartitionExec[1]	1	8520	334165	20784704	337	4	19501825	340403	RepartitionExec[Merge]=19501825;RepartitionExec=666509;OrderedPartialAggregateStream=616370
event	216437	refusal	RepartitionExec[0]	1	43757	332344	20784704	337	4	19501825	340403	RepartitionExec[Merge]=19501825;RepartitionExec=666509;OrderedPartialAggregateStream=616370
event	216483	refusal	RepartitionExec[0]	1	55382	332344	20577463	336	4	19501825	341416	RepartitionExec[Merge]=19501825;RepartitionExec=666509;OrderedPartialAggregateStream=409129
event	216509	refusal	RepartitionExec[1]	1	77071	334165	20576639	334	4	19501825	343460	RepartitionExec[Merge]=19501825;RepartitionExec=666509;OrderedPartialAggregateStream=408305
event	216529	refusal	RepartitionExec[1]	1	64988	334165	20655234	334	4	19501825	343460	RepartitionExec[Merge]=19501825;RepartitionExec=666509;OrderedPartialAggregateStream=486900
event	216546	refusal	OrderedPartialAggregateStream[1103]	1	406427	0	20655234	334	4	19501825	343460	RepartitionExec[Merge]=19501825;RepartitionExec=666509;OrderedPartialAggregateStream=486900
event	216549	refusal	RepartitionExec[0]	1	83140	332344	20655234	334	4	19501825	343460	RepartitionExec[Merge]=19501825;RepartitionExec=666509;OrderedPartialAggregateStream=486900
event	216558	refusal	RepartitionExec[0]	1	46157	332344	20655234	334	4	19501825	343460	RepartitionExec[Merge]=19501825;RepartitionExec=666509;OrderedPartialAggregateStream=486900
event	216566	refusal	RepartitionExec[1]	1	76508	334165	20655234	334	4	19501825	343460	RepartitionExec[Merge]=19501825;RepartitionExec=666509;OrderedPartialAggregateStream=486900
event	216651	refusal	RepartitionExec[0]	1	58415	340864	20985663	331	4	19501825	346573	RepartitionExec[Merge]=19501825;OrderedPartialAggregateStream=800289;RepartitionExec=683549
event	216684	refusal	RepartitionExec[0]	1	77522	340864	20855215	329	4	19501825	348680	RepartitionExec[Merge]=19501825;RepartitionExec=683549;OrderedPartialAggregateStream=669841
event	216691	refusal	RepartitionExec[1]	1	46157	342685	20855215	329	4	19501825	348680	RepartitionExec[Merge]=19501825;RepartitionExec=683549;OrderedPartialAggregateStream=669841
event	216717	refusal	RepartitionExec[0]	1	49823	340864	20450712	327	4	19501825	350813	RepartitionExec[Merge]=19501825;RepartitionExec=683549;OrderedPartialAggregateStream=265338
event	216744	refusal	RepartitionExec[0]	1	57152	340864	20449888	324	4	19501825	354061	RepartitionExec[Merge]=19501825;RepartitionExec=683549;OrderedPartialAggregateStream=264514
event	216760	refusal	RepartitionExec[1]	1	43757	342685	20449888	323	4	19501825	355157	RepartitionExec[Merge]=19501825;RepartitionExec=683549;OrderedPartialAggregateStream=264514
event	216791	refusal	RepartitionExec[1]	1	83140	342685	20449888	321	4	19501825	357370	RepartitionExec[Merge]=19501825;RepartitionExec=683549;OrderedPartialAggregateStream=264514
event	216798	refusal	OrderedPartialAggregateStream[1020]	1	395771	0	20449888	321	4	19501825	357370	RepartitionExec[Merge]=19501825;RepartitionExec=683549;OrderedPartialAggregateStream=264514
event	216803	refusal	RepartitionExec[1]	1	55382	342685	20449888	320	4	19501825	358487	RepartitionExec[Merge]=19501825;RepartitionExec=683549;OrderedPartialAggregateStream=264514
event	216816	refusal	RepartitionExec[1]	1	49823	342685	20449888	319	4	19501825	359610	RepartitionExec[Merge]=19501825;RepartitionExec=683549;OrderedPartialAggregateStream=264514
event	216865	refusal	OrderedPartialAggregateStream[1002]	1	404681	0	20449888	316	4	19501825	363025	RepartitionExec[Merge]=19501825;RepartitionExec=683549;OrderedPartialAggregateStream=264514
event	216876	refusal	RepartitionExec[1]	1	57152	342685	20450712	315	4	19501825	364177	RepartitionExec[Merge]=19501825;RepartitionExec=683549;OrderedPartialAggregateStream=265338
event	216898	refusal	RepartitionExec[0]	1	73475	340864	20699227	314	4	19501825	365337	RepartitionExec[Merge]=19501825;RepartitionExec=683549;OrderedPartialAggregateStream=513853
event	216920	refusal	RepartitionExec[1]	1	77522	342685	20656996	312	4	19501825	367679	RepartitionExec[Merge]=19501825;RepartitionExec=683549;OrderedPartialAggregateStream=471622
event	216988	refusal	RepartitionExec[0]	1	55004	349384	20674608	307	4	19501825	373667	RepartitionExec[Merge]=19501825;RepartitionExec=692069;OrderedPartialAggregateStream=480714
event	216995	refusal	RepartitionExec[0]	1	76847	349384	20639969	306	4	19501825	374888	RepartitionExec[Merge]=19501825;RepartitionExec=700589;OrderedPartialAggregateStream=437555
event	217030	refusal	RepartitionExec[0]	1	40598	349384	20466312	304	4	19501825	377354	RepartitionExec[Merge]=19501825;RepartitionExec=700589;OrderedPartialAggregateStream=263898
event	217093	refusal	OrderedPartialAggregateStream[1145]	1	458636	0	20398130	293	4	19501825	391521	RepartitionExec[Merge]=19501825;RepartitionExec=717629;OrderedPartialAggregateStream=178676
event	217114	refusal	OrderedPartialAggregateStream[1122]	1	455621	0	20398130	290	4	19501825	395572	RepartitionExec[Merge]=19501825;RepartitionExec=717629;OrderedPartialAggregateStream=178676
event	217119	refusal	RepartitionExec[1]	1	76847	368245	20398130	290	4	19501825	395572	RepartitionExec[Merge]=19501825;RepartitionExec=717629;OrderedPartialAggregateStream=178676
event	217154	refusal	RepartitionExec[1]	1	58415	368245	20398130	285	4	19501825	402511	RepartitionExec[Merge]=19501825;RepartitionExec=717629;OrderedPartialAggregateStream=178676
event	217159	refusal	RepartitionExec[1]	1	73475	368245	20398130	284	4	19501825	403929	RepartitionExec[Merge]=19501825;RepartitionExec=717629;OrderedPartialAggregateStream=178676
event	217231	refusal	RepartitionExec[1]	1	55004	368245	20662169	272	4	19501825	421749	RepartitionExec[Merge]=19501825;RepartitionExec=717629;OrderedPartialAggregateStream=442715
event	217274	refusal	RepartitionExec[0]	1	97300	349384	20449505	261	4	19501825	439524	RepartitionExec[Merge]=19501825;RepartitionExec=717629;OrderedPartialAggregateStream=230051
event	217295	refusal	RepartitionExec[0]	1	96174	408306	20751279	258	4	19501825	444635	RepartitionExec[Merge]=19501825;RepartitionExec=825669;OrderedPartialAggregateStream=423785
event	217306	refusal	RepartitionExec[1]	1	58922	425883	20718736	255	4	19501825	449866	RepartitionExec[Merge]=19501825;RepartitionExec=834189;OrderedPartialAggregateStream=382722
event	217389	refusal	RepartitionExec[1]	1	49442	434403	20759537	237	4	19501825	484033	RepartitionExec[Merge]=19501825;RepartitionExec=892151;OrderedPartialAggregateStream=365561
event	217459	refusal	RepartitionExec[1]	1	97300	442923	21139391	226	4	19501825	507592	RepartitionExec[Merge]=19501825;RepartitionExec=900671;OrderedPartialAggregateStream=736895
event	217520	refusal	RepartitionExec[0]	1	8434	504031	21423718	226	4	19501825	507592	RepartitionExec[Merge]=19501825;RepartitionExec=993237;OrderedPartialAggregateStream=928656
event	217526	refusal	RepartitionExec[1]	1	96174	489206	21435858	226	4	19513965	507538	RepartitionExec[Merge]=19513965;RepartitionExec=993237;OrderedPartialAggregateStream=928656
event	217557	refusal	RepartitionExec[0]	1	74087	504031	21361965	226	4	19556781	507349	RepartitionExec[Merge]=19556781;RepartitionExec=993237;OrderedPartialAggregateStream=811947
event	217653	refusal	RepartitionExec[0]	1	41735	504031	20888827	225	4	19675897	509074	RepartitionExec[Merge]=19675897;RepartitionExec=1010341;OrderedPartialAggregateStream=202589
event	217665	refusal	RepartitionExec[0]	1	76613	504031	20888827	225	4	19675897	509074	RepartitionExec[Merge]=19675897;RepartitionExec=1010341;OrderedPartialAggregateStream=202589
event	217720	refusal	RepartitionExec[1]	1	74087	506310	20953651	224	4	19741545	511054	RepartitionExec[Merge]=19741545;RepartitionExec=1010341;OrderedPartialAggregateStream=201765
event	217774	refusal	RepartitionExec[1]	1	41735	506310	21360645	224	4	19741545	511054	RepartitionExec[Merge]=19741545;RepartitionExec=1010341;OrderedPartialAggregateStream=608759
event	217832	refusal	RepartitionExec[1]	1	76613	506310	22033483	224	4	19741545	511054	RepartitionExec[Merge]=19741545;OrderedPartialAggregateStream=1281597;RepartitionExec=1010341
event	217885	refusal	RepartitionExec[0]	1	15688	504031	22023080	224	4	19811261	510743	RepartitionExec[Merge]=19811261;OrderedPartialAggregateStream=1201478;RepartitionExec=1010341
event	217910	refusal	RepartitionExec[0]	1	8520	504031	21437955	224	4	19811261	510743	RepartitionExec[Merge]=19811261;RepartitionExec=1010341;OrderedPartialAggregateStream=616353
event	217918	refusal	RepartitionExec[0]	1	71054	504031	21845237	224	4	19811261	510743	RepartitionExec[Merge]=19811261;RepartitionExec=1010341;OrderedPartialAggregateStream=616353
event	217926	refusal	RepartitionExec[0]	1	59933	504031	21845237	224	4	19811261	510743	RepartitionExec[Merge]=19811261;RepartitionExec=1010341;OrderedPartialAggregateStream=616353
event	217965	refusal	RepartitionExec[0]	1	70421	504031	21770607	224	4	19811261	510743	RepartitionExec[Merge]=19811261;RepartitionExec=1010341;OrderedPartialAggregateStream=949005
event	217997	refusal	RepartitionExec[0]	1	15688	504031	21756472	224	4	19877565	510447	RepartitionExec[Merge]=19877565;RepartitionExec=1010341;OrderedPartialAggregateStream=868566
event	218068	refusal	RepartitionExec[1]	1	71054	506310	21857421	224	4	19919189	510261	RepartitionExec[Merge]=19919189;RepartitionExec=1010341;OrderedPartialAggregateStream=927891
event	218076	refusal	RepartitionExec[0]	1	56141	504031	21529890	224	4	19919189	510261	RepartitionExec[Merge]=19919189;RepartitionExec=1010341;OrderedPartialAggregateStream=600360
event	218102	refusal	RepartitionExec[1]	1	70421	506310	21905784	224	4	19942741	510156	RepartitionExec[Merge]=19942741;RepartitionExec=1010341;OrderedPartialAggregateStream=869390
event	218109	refusal	RepartitionExec[0]	1	71180	504031	22152535	224	4	20026053	509784	RepartitionExec[Merge]=20026053;OrderedPartialAggregateStream=1116141;RepartitionExec=1010341
event	218110	refusal	RepartitionExec[1]	1	59933	506310	22152535	224	4	20026053	509784	RepartitionExec[Merge]=20026053;OrderedPartialAggregateStream=1116141;RepartitionExec=1010341
event	218140	refusal	RepartitionExec[0]	1	60059	504031	22392584	224	4	20026053	509784	RepartitionExec[Merge]=20026053;OrderedPartialAggregateStream=1356190;RepartitionExec=1010341
event	218211	refusal	RepartitionExec[0]	1	60689	504031	22439308	224	4	20090405	509496	RepartitionExec[Merge]=20090405;OrderedPartialAggregateStream=1338562;RepartitionExec=1010341
event	218220	refusal	RepartitionExec[1]	1	15688	506310	22439308	224	4	20090405	509496	RepartitionExec[Merge]=20090405;OrderedPartialAggregateStream=1338562;RepartitionExec=1010341
event	218227	refusal	RepartitionExec[0]	1	54245	504031	22439308	224	4	20090405	509496	RepartitionExec[Merge]=20090405;OrderedPartialAggregateStream=1338562;RepartitionExec=1010341
event	218265	refusal	RepartitionExec[0]	1	15688	504031	22913858	224	4	20145033	509253	RepartitionExec[Merge]=20145033;OrderedPartialAggregateStream=1758484;RepartitionExec=1010341
event	218278	refusal	RepartitionExec[1]	1	71180	506310	23657063	224	4	20145033	509253	RepartitionExec[Merge]=20145033;OrderedPartialAggregateStream=2501689;RepartitionExec=1010341
event	218402	refusal	RepartitionExec[1]	1	60689	506310	23873748	224	4	20145033	509253	RepartitionExec[Merge]=20145033;OrderedPartialAggregateStream=2718374;RepartitionExec=1010341
event	218458	refusal	RepartitionExec[1]	1	60059	506310	23873748	224	4	20145033	509253	RepartitionExec[Merge]=20145033;OrderedPartialAggregateStream=2718374;RepartitionExec=1010341
event	218482	refusal	RepartitionExec[0]	1	52097	504031	23873748	224	4	20145033	509253	RepartitionExec[Merge]=20145033;OrderedPartialAggregateStream=2718374;RepartitionExec=1010341
event	218535	refusal	RepartitionExec[1]	1	15688	506310	23393586	224	4	20145033	509253	RepartitionExec[Merge]=20145033;OrderedPartialAggregateStream=2238212;RepartitionExec=1010341
event	218584	refusal	RepartitionExec[1]	1	54245	506310	23057915	224	4	20145033	509253	RepartitionExec[Merge]=20145033;OrderedPartialAggregateStream=1902541;RepartitionExec=1010341
event	218593	refusal	RepartitionExec[0]	1	74843	504031	23057915	224	4	20145033	509253	RepartitionExec[Merge]=20145033;OrderedPartialAggregateStream=1902541;RepartitionExec=1010341
event	218610	refusal	RepartitionExec[0]	1	104036	504031	23057915	224	4	20145033	509253	RepartitionExec[Merge]=20145033;OrderedPartialAggregateStream=1902541;RepartitionExec=1010341
event	218687	refusal	RepartitionExec[1]	1	56141	506310	22762739	224	4	20224297	508899	RepartitionExec[Merge]=20224297;OrderedPartialAggregateStream=1528101;RepartitionExec=1010341
event	218718	refusal	RepartitionExec[0]	1	92285	504031	22762739	224	4	20224297	508899	RepartitionExec[Merge]=20224297;OrderedPartialAggregateStream=1528101;RepartitionExec=1010341
event	218735	refusal	RepartitionExec[0]	1	8520	504031	22297210	224	4	20224297	508899	RepartitionExec[Merge]=20224297;OrderedPartialAggregateStream=1062572;RepartitionExec=1010341
event	218759	refusal	RepartitionExec[0]	1	110483	504031	22246435	224	4	20224297	508899	RepartitionExec[Merge]=20224297;OrderedPartialAggregateStream=1011797;RepartitionExec=1010341
event	218769	refusal	RepartitionExec[0]	1	8520	504031	22246435	224	4	20224297	508899	RepartitionExec[Merge]=20224297;OrderedPartialAggregateStream=1011797;RepartitionExec=1010341
event	218796	refusal	RepartitionExec[0]	1	8520	504031	22195740	224	4	20224297	508899	RepartitionExec[Merge]=20224297;RepartitionExec=1010341;OrderedPartialAggregateStream=961102
event	218804	refusal	RepartitionExec[1]	1	52097	506310	22195740	224	4	20224297	508899	RepartitionExec[Merge]=20224297;RepartitionExec=1010341;OrderedPartialAggregateStream=961102
event	218878	refusal	RepartitionExec[0]	1	8520	504031	21864637	224	4	20224297	508899	RepartitionExec[Merge]=20224297;RepartitionExec=1010341;OrderedPartialAggregateStream=629999
event	218882	refusal	RepartitionExec[1]	1	74843	506310	21736303	224	4	20224297	508899	RepartitionExec[Merge]=20224297;RepartitionExec=1010341;OrderedPartialAggregateStream=501665
event	218917	refusal	RepartitionExec[0]	1	111368	504031	21736303	224	4	20224297	508899	RepartitionExec[Merge]=20224297;RepartitionExec=1010341;OrderedPartialAggregateStream=501665
event	218955	refusal	RepartitionExec[1]	1	104036	506310	22496618	224	4	20305037	508538	RepartitionExec[Merge]=20305037;OrderedPartialAggregateStream=1181240;RepartitionExec=1010341
event	218985	refusal	RepartitionExec[0]	1	8520	504031	22909793	224	4	20305037	508538	RepartitionExec[Merge]=20305037;OrderedPartialAggregateStream=1594415;RepartitionExec=1010341
event	219035	refusal	RepartitionExec[1]	1	110483	506310	22995253	224	4	20390497	508157	RepartitionExec[Merge]=20390497;OrderedPartialAggregateStream=1594415;RepartitionExec=1010341
event	219068	refusal	RepartitionExec[0]	1	53741	504031	22437405	224	4	20430825	507977	RepartitionExec[Merge]=20430825;RepartitionExec=1010341;OrderedPartialAggregateStream=996239
event	219077	refusal	RepartitionExec[0]	1	8520	504031	22437405	224	4	20430825	507977	RepartitionExec[Merge]=20430825;RepartitionExec=1010341;OrderedPartialAggregateStream=996239
event	219096	refusal	RepartitionExec[0]	1	82553	504031	22437405	224	4	20430825	507977	RepartitionExec[Merge]=20430825;RepartitionExec=1010341;OrderedPartialAggregateStream=996239
event	219109	refusal	RepartitionExec[1]	1	92285	506310	22357190	224	4	20430825	507977	RepartitionExec[Merge]=20430825;RepartitionExec=1010341;OrderedPartialAggregateStream=916024
event	219118	refusal	RepartitionExec[0]	1	15688	504031	22357190	224	4	20430825	507977	RepartitionExec[Merge]=20430825;RepartitionExec=1010341;OrderedPartialAggregateStream=916024
event	219133	refusal	RepartitionExec[1]	1	111368	506310	22049351	224	4	20496801	507682	RepartitionExec[Merge]=20496801;RepartitionExec=1010341;OrderedPartialAggregateStream=542209
event	219154	refusal	RepartitionExec[0]	1	92030	504031	22475398	224	4	20496801	507682	RepartitionExec[Merge]=20496801;RepartitionExec=1010341;OrderedPartialAggregateStream=968256
event	219193	refusal	RepartitionExec[1]	1	15688	506310	22625533	224	4	20496801	507682	RepartitionExec[Merge]=20496801;OrderedPartialAggregateStream=1118391;RepartitionExec=1010341
event	219241	refusal	RepartitionExec[1]	1	53741	506310	23096274	224	4	20496801	507682	RepartitionExec[Merge]=20496801;OrderedPartialAggregateStream=1589132;RepartitionExec=1010341
event	219300	refusal	RepartitionExec[0]	1	15688	504031	22706861	224	4	20536473	507505	RepartitionExec[Merge]=20536473;OrderedPartialAggregateStream=1160047;RepartitionExec=1010341
event	219306	refusal	RepartitionExec[1]	1	15688	506310	22706861	224	4	20536473	507505	RepartitionExec[Merge]=20536473;OrderedPartialAggregateStream=1160047;RepartitionExec=1010341
event	219310	refusal	RepartitionExec[0]	1	79142	504031	22706861	224	4	20536473	507505	RepartitionExec[Merge]=20536473;OrderedPartialAggregateStream=1160047;RepartitionExec=1010341
event	219320	refusal	RepartitionExec[0]	1	49190	504031	22320470	224	4	20536473	507505	RepartitionExec[Merge]=20536473;RepartitionExec=1010341;OrderedPartialAggregateStream=773656
event	219335	refusal	RepartitionExec[0]	1	54371	504031	22556439	224	4	20536473	507505	RepartitionExec[Merge]=20536473;RepartitionExec=1010341;OrderedPartialAggregateStream=1009625
event	219344	refusal	RepartitionExec[0]	1	44387	504031	22615743	223	4	20595777	509515	RepartitionExec[Merge]=20595777;RepartitionExec=1010341;OrderedPartialAggregateStream=1009625
event	219399	refusal	RepartitionExec[1]	1	92030	506310	22465134	223	4	20612201	509441	RepartitionExec[Merge]=20612201;RepartitionExec=1010341;OrderedPartialAggregateStream=784608
event	219404	refusal	RepartitionExec[0]	1	63722	504031	22465134	223	4	20670185	509181	RepartitionExec[Merge]=20670185;RepartitionExec=1010341;OrderedPartialAggregateStream=784608
event	219438	refusal	RepartitionExec[0]	1	49697	504031	22513730	223	4	20670185	509181	RepartitionExec[Merge]=20670185;RepartitionExec=1010341;OrderedPartialAggregateStream=833204
event	219453	refusal	RepartitionExec[1]	1	79142	506310	22753965	223	4	20670185	509181	RepartitionExec[Merge]=20670185;OrderedPartialAggregateStream=1073439;RepartitionExec=1010341
event	219481	refusal	RepartitionExec[0]	1	8520	504031	22791010	223	4	20749957	508824	RepartitionExec[Merge]=20749957;OrderedPartialAggregateStream=1030712;RepartitionExec=1010341
event	219511	refusal	RepartitionExec[1]	1	49190	506310	22593214	223	4	20749957	508824	RepartitionExec[Merge]=20749957;RepartitionExec=1010341;OrderedPartialAggregateStream=832916
event	219519	refusal	RepartitionExec[0]	1	51464	504031	22593214	223	4	20749957	508824	RepartitionExec[Merge]=20749957;RepartitionExec=1010341;OrderedPartialAggregateStream=832916
event	219548	refusal	RepartitionExec[0]	1	52349	504031	22371072	223	4	20811525	508547	RepartitionExec[Merge]=20811525;RepartitionExec=1010341;OrderedPartialAggregateStream=549206
event	219557	refusal	RepartitionExec[0]	1	15688	504031	22371072	223	4	20811525	508547	RepartitionExec[Merge]=20811525;RepartitionExec=1010341;OrderedPartialAggregateStream=549206
event	219559	refusal	RepartitionExec[1]	1	82553	506310	22371072	223	4	20811525	508547	RepartitionExec[Merge]=20811525;RepartitionExec=1010341;OrderedPartialAggregateStream=549206
event	219598	refusal	RepartitionExec[1]	1	54371	506310	22434456	223	4	20874909	508263	RepartitionExec[Merge]=20874909;RepartitionExec=1010341;OrderedPartialAggregateStream=549206
event	219620	refusal	RepartitionExec[1]	1	44387	506310	22434456	223	4	20874909	508263	RepartitionExec[Merge]=20874909;RepartitionExec=1010341;OrderedPartialAggregateStream=549206
event	219656	refusal	RepartitionExec[1]	1	63722	506310	22543584	223	4	20984037	507774	RepartitionExec[Merge]=20984037;RepartitionExec=1010341;OrderedPartialAggregateStream=549206
event	219672	refusal	RepartitionExec[0]	1	15688	504031	22461193	223	4	20984037	507774	RepartitionExec[Merge]=20984037;RepartitionExec=1010341;OrderedPartialAggregateStream=466815
event	219737	refusal	RepartitionExec[1]	1	49697	506310	22910390	223	4	21031217	507562	RepartitionExec[Merge]=21031217;RepartitionExec=1010341;OrderedPartialAggregateStream=868832
event	219799	refusal	RepartitionExec[1]	1	15688	506310	22924967	223	4	21126553	507135	RepartitionExec[Merge]=21126553;RepartitionExec=1010341;OrderedPartialAggregateStream=788073
event	219817	refusal	OrderedPartialAggregateStream[1148]	1	532264	0	22683883	223	4	21126553	507135	RepartitionExec[Merge]=21126553;RepartitionExec=1010341;OrderedPartialAggregateStream=745922
event	219821	refusal	RepartitionExec[1]	1	51464	506310	22683883	223	4	21126553	507135	RepartitionExec[Merge]=21126553;RepartitionExec=1010341;OrderedPartialAggregateStream=745922
event	219832	refusal	RepartitionExec[1]	1	8520	506310	22683883	223	4	21126553	507135	RepartitionExec[Merge]=21126553;RepartitionExec=1010341;OrderedPartialAggregateStream=546989
event	219844	refusal	RepartitionExec[1]	1	52349	506310	22610813	223	4	21177113	506908	RepartitionExec[Merge]=21177113;RepartitionExec=1010341;OrderedPartialAggregateStream=423359
event	219861	refusal	RepartitionExec[0]	1	68906	504031	22610813	223	4	21177113	506908	RepartitionExec[Merge]=21177113;RepartitionExec=1010341;OrderedPartialAggregateStream=423359
event	219900	refusal	RepartitionExec[0]	1	15688	504031	22577770	223	4	21225261	506692	RepartitionExec[Merge]=21225261;RepartitionExec=1010341;OrderedPartialAggregateStream=342168
event	219946	refusal	RepartitionExec[0]	1	8520	504031	23262919	223	4	21276149	506464	RepartitionExec[Merge]=21276149;RepartitionExec=1010341;OrderedPartialAggregateStream=976429
event	219962	refusal	RepartitionExec[1]	1	8520	506310	23220112	223	4	21276149	506464	RepartitionExec[Merge]=21276149;RepartitionExec=1010341;OrderedPartialAggregateStream=933622
event	219982	refusal	RepartitionExec[0]	1	8520	504031	23225697	223	4	21323461	506252	RepartitionExec[Merge]=21323461;RepartitionExec=1010341;OrderedPartialAggregateStream=891895
event	220013	refusal	RepartitionExec[0]	1	119775	504031	23098684	223	4	21323461	506252	RepartitionExec[Merge]=21323461;RepartitionExec=1010341;OrderedPartialAggregateStream=891895
event	220045	refusal	RepartitionExec[0]	1	8520	504031	22992657	223	4	21323461	506252	RepartitionExec[Merge]=21323461;RepartitionExec=1010341;OrderedPartialAggregateStream=658855
event	220062	refusal	RepartitionExec[1]	1	8520	506310	22950218	223	4	21323461	506252	RepartitionExec[Merge]=21323461;RepartitionExec=1010341;OrderedPartialAggregateStream=616416
event	220073	refusal	RepartitionExec[0]	1	48305	504031	22950218	223	4	21323461	506252	RepartitionExec[Merge]=21323461;RepartitionExec=1010341;OrderedPartialAggregateStream=616416
event	220082	refusal	RepartitionExec[1]	1	68906	506310	22588949	223	4	21323461	506252	RepartitionExec[Merge]=21323461;RepartitionExec=1010341;OrderedPartialAggregateStream=255147
event	220114	refusal	RepartitionExec[0]	1	86345	504031	22588949	223	4	21323461	506252	RepartitionExec[Merge]=21323461;RepartitionExec=1010341;OrderedPartialAggregateStream=255147
event	220169	refusal	RepartitionExec[1]	1	119775	506310	22636261	223	4	21370773	506040	RepartitionExec[Merge]=21370773;RepartitionExec=1010341;OrderedPartialAggregateStream=255147
event	220188	refusal	OrderedPartialAggregateStream[1146]	1	830449	0	22876793	223	4	21370773	506040	RepartitionExec[Merge]=21370773;RepartitionExec=1010341;OrderedPartialAggregateStream=495679
event	220207	refusal	RepartitionExec[1]	1	48305	506310	22876793	223	4	21370773	506040	RepartitionExec[Merge]=21370773;RepartitionExec=1010341;OrderedPartialAggregateStream=495679
event	220257	refusal	RepartitionExec[0]	1	15752	504031	22850819	223	4	21424253	505800	RepartitionExec[Merge]=21424253;RepartitionExec=1010341;OrderedPartialAggregateStream=416225
event	220269	refusal	RepartitionExec[1]	1	86345	506310	22652742	223	4	21424253	505800	RepartitionExec[Merge]=21424253;RepartitionExec=1010341;OrderedPartialAggregateStream=218148
event	220292	refusal	RepartitionExec[0]	1	51590	504031	22652742	223	4	21424253	505800	RepartitionExec[Merge]=21424253;RepartitionExec=1010341;OrderedPartialAggregateStream=218148
event	220364	refusal	RepartitionExec[1]	1	8520	506310	22885218	222	4	21424253	508078	RepartitionExec[Merge]=21424253;RepartitionExec=1010341;OrderedPartialAggregateStream=175285
event	220377	refusal	OrderedPartialAggregateStream[1131]	1	820846	0	22885218	222	4	21424253	508078	RepartitionExec[Merge]=21424253;RepartitionExec=1010341;OrderedPartialAggregateStream=175285
event	220421	refusal	RepartitionExec[1]	1	51590	506310	23312372	222	4	21424253	508078	RepartitionExec[Merge]=21424253;RepartitionExec=1010341;OrderedPartialAggregateStream=877778
event	220435	refusal	RepartitionExec[1]	1	15688	506310	23230701	222	4	21424253	508078	RepartitionExec[Merge]=21424253;RepartitionExec=1010341;OrderedPartialAggregateStream=796107
event	220513	refusal	RepartitionExec[0]	1	63344	504031	24578257	222	4	21471433	507866	RepartitionExec[Merge]=21471433;OrderedPartialAggregateStream=2096483;RepartitionExec=1010341
event	220585	refusal	RepartitionExec[0]	1	79646	504031	23917823	222	4	21522633	507635	RepartitionExec[Merge]=21522633;OrderedPartialAggregateStream=1520307;RepartitionExec=1010341
event	220596	refusal	RepartitionExec[0]	1	8520	504031	23571774	222	4	21522633	507635	RepartitionExec[Merge]=21522633;OrderedPartialAggregateStream=1520307;RepartitionExec=1010341
event	220600	refusal	RepartitionExec[0]	1	46790	504031	23383268	222	4	21522633	507635	RepartitionExec[Merge]=21522633;RepartitionExec=1010341;OrderedPartialAggregateStream=985752
event	220622	refusal	RepartitionExec[0]	1	55634	504031	23319008	222	4	21522633	507635	RepartitionExec[Merge]=21522633;RepartitionExec=1010341;OrderedPartialAggregateStream=786034
event	220632	refusal	RepartitionExec[0]	1	52349	504031	23386198	222	4	21522633	507635	RepartitionExec[Merge]=21522633;RepartitionExec=1010341;OrderedPartialAggregateStream=786034
event	220636	refusal	RepartitionExec[0]	1	71180	504031	23003134	222	4	21522633	507635	RepartitionExec[Merge]=21522633;RepartitionExec=1010341;OrderedPartialAggregateStream=470160
event	220643	refusal	RepartitionExec[1]	1	63344	506310	23003134	222	4	21522633	507635	RepartitionExec[Merge]=21522633;RepartitionExec=1010341;OrderedPartialAggregateStream=470160
event	220664	refusal	RepartitionExec[0]	1	66251	504031	23003134	222	4	21522633	507635	RepartitionExec[Merge]=21522633;RepartitionExec=1010341;OrderedPartialAggregateStream=470160
event	220669	refusal	RepartitionExec[0]	1	160966	504031	23263686	222	4	21522633	507635	RepartitionExec[Merge]=21522633;RepartitionExec=1010341;OrderedPartialAggregateStream=730712
event	220685	refusal	RepartitionExec[1]	1	79646	506310	23240953	222	4	21522633	507635	RepartitionExec[Merge]=21522633;RepartitionExec=1010341;OrderedPartialAggregateStream=707979
event	220697	refusal	RepartitionExec[0]	1	157370	504031	23240953	222	4	21522633	507635	RepartitionExec[Merge]=21522633;RepartitionExec=1010341;OrderedPartialAggregateStream=707979
event	220719	refusal	RepartitionExec[1]	1	46790	506310	23240953	222	4	21522633	507635	RepartitionExec[Merge]=21522633;RepartitionExec=1010341;OrderedPartialAggregateStream=707979
event	220741	refusal	RepartitionExec[1]	1	55634	506310	23240953	222	4	21522633	507635	RepartitionExec[Merge]=21522633;RepartitionExec=1010341;OrderedPartialAggregateStream=707979
event	220787	refusal	RepartitionExec[0]	1	50075	504031	23046221	222	4	21522633	507635	RepartitionExec[Merge]=21522633;RepartitionExec=1010341;OrderedPartialAggregateStream=513247
event	220829	refusal	RepartitionExec[1]	1	52349	506310	23314387	222	4	21522633	507635	RepartitionExec[Merge]=21522633;RepartitionExec=1010341;OrderedPartialAggregateStream=781413
event	220842	refusal	RepartitionExec[1]	1	71180	506310	23314387	222	4	21522633	507635	RepartitionExec[Merge]=21522633;RepartitionExec=1010341;OrderedPartialAggregateStream=781413
event	220893	refusal	RepartitionExec[0]	1	60311	504031	23096948	222	4	21522633	507635	RepartitionExec[Merge]=21522633;RepartitionExec=1010341;OrderedPartialAggregateStream=563974
event	220919	refusal	RepartitionExec[0]	1	8520	504031	23045789	222	4	21522633	507635	RepartitionExec[Merge]=21522633;RepartitionExec=1010341;OrderedPartialAggregateStream=512815
event	220956	refusal	RepartitionExec[1]	1	8520	506310	22994678	222	4	21522633	507635	RepartitionExec[Merge]=21522633;RepartitionExec=1010341;OrderedPartialAggregateStream=461704
event	220989	refusal	RepartitionExec[1]	1	66251	506310	23334047	222	4	21609077	507246	RepartitionExec[Merge]=21609077;RepartitionExec=1010341;OrderedPartialAggregateStream=714629
event	221068	refusal	RepartitionExec[1]	1	160966	506310	23230489	222	4	21650553	507059	RepartitionExec[Merge]=21650553;RepartitionExec=1010341;OrderedPartialAggregateStream=714629
event	221090	refusal	RepartitionExec[1]	1	15688	506310	23084902	222	4	21650553	507059	RepartitionExec[Merge]=21650553;RepartitionExec=1010341;OrderedPartialAggregateStream=424008
event	221098	refusal	RepartitionExec[0]	1	56900	504031	23084902	222	4	21650553	507059	RepartitionExec[Merge]=21650553;RepartitionExec=1010341;OrderedPartialAggregateStream=424008
event	221119	refusal	RepartitionExec[1]	1	157370	506310	23084902	222	4	21650553	507059	RepartitionExec[Merge]=21650553;RepartitionExec=1010341;OrderedPartialAggregateStream=424008
event	221139	refusal	OrderedPartialAggregateStream[1149]	1	801154	0	23084902	222	4	21650553	507059	RepartitionExec[Merge]=21650553;RepartitionExec=1010341;OrderedPartialAggregateStream=424008
event	221154	refusal	RepartitionExec[1]	1	15688	506310	23005775	222	4	21650553	507059	RepartitionExec[Merge]=21650553;RepartitionExec=1010341;OrderedPartialAggregateStream=344881
event	221167	refusal	RepartitionExec[1]	1	50075	506310	23005775	222	4	21650553	507059	RepartitionExec[Merge]=21650553;RepartitionExec=1010341;OrderedPartialAggregateStream=344881
event	221186	refusal	RepartitionExec[0]	1	8520	504031	22962808	222	4	21650553	507059	RepartitionExec[Merge]=21650553;RepartitionExec=1010341;OrderedPartialAggregateStream=301914
event	221262	refusal	RepartitionExec[1]	1	8520	506310	22920257	222	4	21650553	507059	RepartitionExec[Merge]=21650553;RepartitionExec=1010341;OrderedPartialAggregateStream=259363
event	221299	refusal	RepartitionExec[1]	1	60311	506310	22919433	221	4	21650553	509353	RepartitionExec[Merge]=21650553;RepartitionExec=1010341;OrderedPartialAggregateStream=258539
event	221368	refusal	RepartitionExec[0]	1	8520	504031	23120458	221	4	21650553	509353	RepartitionExec[Merge]=21650553;RepartitionExec=1010341;OrderedPartialAggregateStream=459564
event	221456	refusal	RepartitionExec[0]	1	52601	504031	22979981	221	4	21710365	509083	RepartitionExec[Merge]=21710365;RepartitionExec=1010341;OrderedPartialAggregateStream=259275
event	221489	refusal	RepartitionExec[0]	1	15688	504031	22899406	221	4	21710365	509083	RepartitionExec[Merge]=21710365;RepartitionExec=1010341;OrderedPartialAggregateStream=179524
event	221632	refusal	RepartitionExec[0]	1	149842	504031	23326826	220	4	21710365	511397	RepartitionExec[Merge]=21710365;RepartitionExec=1010341;OrderedPartialAggregateStream=606944
event	221651	refusal	RepartitionExec[1]	1	52601	506310	23326826	220	4	21710365	511397	RepartitionExec[Merge]=21710365;RepartitionExec=1010341;OrderedPartialAggregateStream=606944
event	221717	refusal	OrderedPartialAggregateStream[1137]	1	863731	0	23503150	219	4	21771293	513454	RepartitionExec[Merge]=21771293;RepartitionExec=1010341;OrderedPartialAggregateStream=721516
event	221749	refusal	RepartitionExec[0]	1	79394	504031	23503150	219	4	21771293	513454	RepartitionExec[Merge]=21771293;RepartitionExec=1010341;OrderedPartialAggregateStream=721516
event	221828	refusal	RepartitionExec[0]	1	46031	512551	23207283	219	4	21895005	512889	RepartitionExec[Merge]=21895005;RepartitionExec=1018861;OrderedPartialAggregateStream=293417
event	221847	refusal	RepartitionExec[0]	1	48686	512551	23207283	219	4	21895005	512889	RepartitionExec[Merge]=21895005;RepartitionExec=1018861;OrderedPartialAggregateStream=293417
event	221918	refusal	OrderedPartialAggregateStream[1119]	1	523687	0	23202288	219	4	21932593	512717	RepartitionExec[Merge]=21932593;RepartitionExec=1018861;OrderedPartialAggregateStream=250834
event	221931	refusal	RepartitionExec[1]	1	79394	506310	23202288	219	4	21932593	512717	RepartitionExec[Merge]=21932593;RepartitionExec=1018861;OrderedPartialAggregateStream=250834
event	221918	refusal	RepartitionExec[0]	1	8520	512551	23202288	219	4	21932593	512717	RepartitionExec[Merge]=21932593;RepartitionExec=1018861;OrderedPartialAggregateStream=250834
event	221986	refusal	RepartitionExec[1]	1	46031	506310	23202288	219	4	21932593	512717	RepartitionExec[Merge]=21932593;RepartitionExec=1018861;OrderedPartialAggregateStream=250834
event	222013	refusal	RepartitionExec[1]	1	149842	506310	23605718	219	4	21932593	512717	RepartitionExec[Merge]=21932593;RepartitionExec=1018861;OrderedPartialAggregateStream=654264
event	222046	refusal	RepartitionExec[1]	1	48686	506310	23605718	219	4	21932593	512717	RepartitionExec[Merge]=21932593;RepartitionExec=1018861;OrderedPartialAggregateStream=654264
event	222087	refusal	OrderedPartialAggregateStream[70]	1	816643	0	23605718	219	4	21932593	512717	RepartitionExec[Merge]=21932593;RepartitionExec=1018861;OrderedPartialAggregateStream=654264
event	222164	refusal	RepartitionExec[0]	1	15688	512551	23524927	219	4	21932593	512717	RepartitionExec[Merge]=21932593;RepartitionExec=1018861;OrderedPartialAggregateStream=573473
event	222232	refusal	RepartitionExec[1]	1	8520	506310	23344378	219	4	21932593	512717	RepartitionExec[Merge]=21932593;RepartitionExec=1018861;OrderedPartialAggregateStream=401508
event	222238	refusal	RepartitionExec[0]	1	69536	512551	23344378	219	4	21932593	512717	RepartitionExec[Merge]=21932593;RepartitionExec=1018861;OrderedPartialAggregateStream=392924
event	222247	refusal	RepartitionExec[0]	1	8584	512551	23344378	219	4	21932593	512717	RepartitionExec[Merge]=21932593;RepartitionExec=1018861;OrderedPartialAggregateStream=392924
event	222279	refusal	RepartitionExec[0]	1	45905	512551	23194582	218	4	21968229	514905	RepartitionExec[Merge]=21968229;RepartitionExec=1018861;OrderedPartialAggregateStream=207492
event	222318	refusal	RepartitionExec[0]	1	173552	512551	23194582	218	4	21968229	514905	RepartitionExec[Merge]=21968229;RepartitionExec=1018861;OrderedPartialAggregateStream=207492
event	222357	refusal	RepartitionExec[0]	1	116515	512551	23196230	218	4	21968229	514905	RepartitionExec[Merge]=21968229;RepartitionExec=1018861;OrderedPartialAggregateStream=209140
event	222367	refusal	RepartitionExec[1]	1	69536	506310	23196230	218	4	21968229	514905	RepartitionExec[Merge]=21968229;RepartitionExec=1018861;OrderedPartialAggregateStream=209140
event	222382	refusal	RepartitionExec[0]	1	155687	512551	23196230	218	4	21968229	514905	RepartitionExec[Merge]=21968229;RepartitionExec=1018861;OrderedPartialAggregateStream=209140
event	222409	refusal	RepartitionExec[1]	1	45905	506310	23196230	218	4	21968229	514905	RepartitionExec[Merge]=21968229;RepartitionExec=1018861;OrderedPartialAggregateStream=209140
event	222443	refusal	OrderedPartialAggregateStream[1120]	1	834067	0	23892392	218	4	21968229	514905	RepartitionExec[Merge]=21968229;RepartitionExec=1018861;OrderedPartialAggregateStream=905302
event	222496	refusal	RepartitionExec[1]	1	173552	506310	24311329	218	4	21968229	514905	RepartitionExec[Merge]=21968229;OrderedPartialAggregateStream=1324239;RepartitionExec=1018861
event	222498	refusal	RepartitionExec[1]	1	116515	506310	24311329	218	4	21968229	514905	RepartitionExec[Merge]=21968229;OrderedPartialAggregateStream=1324239;RepartitionExec=1018861
event	222551	refusal	RepartitionExec[0]	1	49697	512551	24037987	218	4	21968229	514905	RepartitionExec[Merge]=21968229;OrderedPartialAggregateStream=1050897;RepartitionExec=1018861
event	222560	refusal	RepartitionExec[0]	1	15688	512551	24037987	218	4	21968229	514905	RepartitionExec[Merge]=21968229;OrderedPartialAggregateStream=1050897;RepartitionExec=1018861
event	222564	refusal	RepartitionExec[1]	1	155687	506310	24037987	218	4	21968229	514905	RepartitionExec[Merge]=21968229;OrderedPartialAggregateStream=1050897;RepartitionExec=1018861
event	222616	refusal	RepartitionExec[0]	1	93674	512551	23280141	218	4	21968229	514905	RepartitionExec[Merge]=21968229;RepartitionExec=1018861;OrderedPartialAggregateStream=293051
event	222628	refusal	RepartitionExec[0]	1	8520	512551	23280141	218	4	21968229	514905	RepartitionExec[Merge]=21968229;RepartitionExec=1018861;OrderedPartialAggregateStream=293051
event	222632	refusal	RepartitionExec[0]	1	76109	512551	23280141	218	4	21968229	514905	RepartitionExec[Merge]=21968229;RepartitionExec=1018861;OrderedPartialAggregateStream=293051
event	222740	refusal	RepartitionExec[0]	1	51971	512551	23796976	218	4	21968229	514905	RepartitionExec[Merge]=21968229;RepartitionExec=1018861;OrderedPartialAggregateStream=809886
event	222773	refusal	RepartitionExec[0]	1	52856	512551	23797800	218	4	21968229	514905	RepartitionExec[Merge]=21968229;RepartitionExec=1018861;OrderedPartialAggregateStream=810710
event	222822	refusal	RepartitionExec[0]	1	81542	512551	23898987	218	4	21968229	514905	RepartitionExec[Merge]=21968229;RepartitionExec=1018861;OrderedPartialAggregateStream=911897
event	222857	refusal	RepartitionExec[0]	1	162316	512551	23898987	218	4	21968229	514905	RepartitionExec[Merge]=21968229;RepartitionExec=1018861;OrderedPartialAggregateStream=911897
event	222919	refusal	RepartitionExec[0]	1	90137	512551	23848642	218	4	22010165	514713	RepartitionExec[Merge]=22010165;RepartitionExec=1018861;OrderedPartialAggregateStream=819616
event	222964	refusal	RepartitionExec[0]	1	64229	512551	23885065	218	4	22048541	514537	RepartitionExec[Merge]=22048541;RepartitionExec=1018861;OrderedPartialAggregateStream=817663
event	223006	refusal	RepartitionExec[0]	1	44642	512551	23737223	218	4	22083357	514377	RepartitionExec[Merge]=22083357;RepartitionExec=1018861;OrderedPartialAggregateStream=635005
event	224284	release_after_refusal	RepartitionExec[0]	1	58922	453629	24551437	218	4	22956493		RepartitionExec[Merge]=22956493;RepartitionExec=959939;OrderedPartialAggregateStream=635005
event	228517	refusal	RepartitionExec[1]	1	81542	952887	27227579	108	4	25642912	1005322	RepartitionExec[Merge]=25642912;RepartitionExec=1327831;OrderedPartialAggregateStream=256836
event	228607	refusal	RepartitionExec[1]	1	90137	952887	27328043	108	4	25743376	1004392	RepartitionExec[Merge]=25743376;RepartitionExec=1327831;OrderedPartialAggregateStream=256836
event	228702	refusal	RepartitionExec[1]	1	15688	997529	27577717	108	4	25834756	1003546	RepartitionExec[Merge]=25834756;RepartitionExec=1372473;OrderedPartialAggregateStream=403543
event	228797	refusal	RepartitionExec[1]	1	46157	997529	27402516	108	4	25865864	1003258	RepartitionExec[Merge]=25865864;RepartitionExec=1427150;OrderedPartialAggregateStream=175965
event	228979	refusal	RepartitionExec[1]	1	162316	997529	28802108	108	4	25907508	1002872	RepartitionExec[Merge]=25907508;OrderedPartialAggregateStream=1533913;RepartitionExec=1427150
event	229008	refusal	RepartitionExec[1]	1	51464	997529	28673816	108	4	25945424	1002521	RepartitionExec[Merge]=25945424;RepartitionExec=1478614;OrderedPartialAggregateStream=1316241
event	229055	refusal	RepartitionExec[1]	1	41609	997529	28177938	108	4	25945424	1002521	RepartitionExec[Merge]=25945424;RepartitionExec=1520223;OrderedPartialAggregateStream=686188
event	229073	refusal	RepartitionExec[1]	1	8520	997529	28298308	108	4	25945424	1002521	RepartitionExec[Merge]=25945424;RepartitionExec=1681188;OrderedPartialAggregateStream=686188
event	229077	refusal	RepartitionExec[1]	1	46535	997529	28298308	108	4	25945424	1002521	RepartitionExec[Merge]=25945424;RepartitionExec=1681188;OrderedPartialAggregateStream=686188
event	229082	refusal	RepartitionExec[1]	1	46031	997529	28298308	108	4	25945424	1002521	RepartitionExec[Merge]=25945424;RepartitionExec=1681188;OrderedPartialAggregateStream=686188
event	229087	refusal	RepartitionExec[1]	1	68399	997529	28298308	108	4	25945424	1002521	RepartitionExec[Merge]=25945424;RepartitionExec=1733159;OrderedPartialAggregateStream=686188
event	229096	refusal	RepartitionExec[1]	1	51971	997529	28346916	108	4	25994032	1002071	RepartitionExec[Merge]=25994032;RepartitionExec=1733159;OrderedPartialAggregateStream=686188
event	229140	refusal	RepartitionExec[1]	1	58037	997529	28192500	108	4	25994032	1002071	RepartitionExec[Merge]=25994032;RepartitionExec=1791196;OrderedPartialAggregateStream=473735
event	229157	refusal	RepartitionExec[1]	1	8520	997529	28194649	108	4	26038620	1001658	RepartitionExec[Merge]=26038620;RepartitionExec=1791196;OrderedPartialAggregateStream=431296
event	229279	refusal	RepartitionExec[1]	1	49190	1006049	29296228	107	4	26143480	1010039	RepartitionExec[Merge]=26143480;RepartitionExec=1865946;OrderedPartialAggregateStream=1353265
event	229383	refusal	RepartitionExec[1]	1	15688	1006049	28840904	107	4	26201160	1009500	RepartitionExec[Merge]=26201160;RepartitionExec=1865946;OrderedPartialAggregateStream=840261
event	229412	refusal	RepartitionExec[1]	1	118949	1006049	29140692	107	4	26201160	1009500	RepartitionExec[Merge]=26201160;RepartitionExec=1984895;OrderedPartialAggregateStream=1021100
event	229439	refusal	RepartitionExec[1]	1	8520	1006049	28879176	107	4	26201160	1009500	RepartitionExec[Merge]=26201160;RepartitionExec=2000583;OrderedPartialAggregateStream=938949
event	229488	refusal	RepartitionExec[0]	1	44261	1003054	28528522	105	4	26201160	1028729	RepartitionExec[Merge]=26201160;RepartitionExec=2009103;OrderedPartialAggregateStream=318259
event	229497	refusal	RepartitionExec[0]	1	98603	1003054	28528522	104	4	26201160	1038620	RepartitionExec[Merge]=26201160;RepartitionExec=2009103;OrderedPartialAggregateStream=318259
event	229673	refusal	RepartitionExec[1]	1	98603	1074518	28801089	93	4	26316163	1160231	RepartitionExec[Merge]=26316163;RepartitionExec=2017693;OrderedPartialAggregateStream=594414
event	295492	refusal	OrderedFinalAggregateStream[1]	1	5313020	1049803	113822062	4	4	110374705	5960755	RepartitionExec[Merge]=103668199;SortPreservingMergeExec=6706506;OrderedFinalAggregateStream=2329435;RepartitionExec=1117922
event	295508	refusal	OrderedFinalAggregateStream[0]	1	5083233	1279632	113822062	4	4	110374705	5960755	RepartitionExec[Merge]=103668199;SortPreservingMergeExec=6706506;OrderedFinalAggregateStream=2329435;RepartitionExec=1117922
event	298314	release_after_refusal	OrderedFinalAggregateStream[1]	1	1048979	824	112773083	4	4	110374705		RepartitionExec[Merge]=103668199;SortPreservingMergeExec=6706506;OrderedFinalAggregateStream=1280456;RepartitionExec=1117922
event	298314	release_after_refusal	OrderedFinalAggregateStream[0]	1	1278808	824	111494275	4	4	110374705		RepartitionExec[Merge]=103668199;SortPreservingMergeExec=6706506;RepartitionExec=1117922;OrderedFinalAggregateStream=1648
event	310909	refusal	OrderedFinalAggregateStream[1]	1	4182377	4510165	120644911	4	4	110374705	5960755	RepartitionExec[Merge]=103668199;OrderedFinalAggregateStream=9152284;SortPreservingMergeExec=6706506;RepartitionExec=1117922
event	311151	refusal	OrderedFinalAggregateStream[0]	1	4050843	4642119	120644911	4	4	110374705	5960755	RepartitionExec[Merge]=103668199;OrderedFinalAggregateStream=9152284;SortPreservingMergeExec=6706506;RepartitionExec=1117922
event	315701	release_after_refusal	OrderedFinalAggregateStream[1]	1	4509341	824	116135570	4	4	110374705		RepartitionExec[Merge]=103668199;SortPreservingMergeExec=6706506;OrderedFinalAggregateStream=4642943;RepartitionExec=1117922
event	315921	release_after_refusal	OrderedFinalAggregateStream[0]	1	4641295	824	111494275	4	4	110374705		RepartitionExec[Merge]=103668199;SortPreservingMergeExec=6706506;RepartitionExec=1117922;OrderedFinalAggregateStream=1648
event	327782	refusal	OrderedFinalAggregateStream[1]	1	4050987	4641840	120776289	4	4	110374705	5960755	RepartitionExec[Merge]=103668199;OrderedFinalAggregateStream=9283662;SortPreservingMergeExec=6706506;RepartitionExec=1117922
event	328097	refusal	OrderedFinalAggregateStream[0]	1	4051173	4641822	120776289	4	4	110374705	5960755	RepartitionExec[Merge]=103668199;OrderedFinalAggregateStream=9283662;SortPreservingMergeExec=6706506;RepartitionExec=1117922
event	332389	release_after_refusal	OrderedFinalAggregateStream[1]	1	4641016	824	116135273	4	4	110374705		RepartitionExec[Merge]=103668199;SortPreservingMergeExec=6706506;OrderedFinalAggregateStream=4642646;RepartitionExec=1117922
event	332789	release_after_refusal	OrderedFinalAggregateStream[0]	1	4640998	824	111494275	4	4	110374705		RepartitionExec[Merge]=103668199;SortPreservingMergeExec=6706506;RepartitionExec=1117922;OrderedFinalAggregateStream=1648
event	344141	refusal	OrderedFinalAggregateStream[1]	1	4051101	4510654	120644959	4	4	110374705	5960755	RepartitionExec[Merge]=103668199;OrderedFinalAggregateStream=9152332;SortPreservingMergeExec=6706506;RepartitionExec=1117922
event	344671	refusal	OrderedFinalAggregateStream[0]	1	4051449	4641678	120644959	4	4	110374705	5960755	RepartitionExec[Merge]=103668199;OrderedFinalAggregateStream=9152332;SortPreservingMergeExec=6706506;RepartitionExec=1117922
event	348763	release_after_refusal	OrderedFinalAggregateStream[1]	1	4509830	824	116135129	4	4	110374705		RepartitionExec[Merge]=103668199;SortPreservingMergeExec=6706506;OrderedFinalAggregateStream=4642502;RepartitionExec=1117922
event	349290	release_after_refusal	OrderedFinalAggregateStream[0]	1	4640854	824	111494275	4	4	110374705		RepartitionExec[Merge]=103668199;SortPreservingMergeExec=6706506;RepartitionExec=1117922;OrderedFinalAggregateStream=1648
event	360547	refusal	OrderedFinalAggregateStream[1]	1	4182602	4510600	120645418	4	4	110374705	5960755	RepartitionExec[Merge]=103668199;OrderedFinalAggregateStream=9152791;SortPreservingMergeExec=6706506;RepartitionExec=1117922
event	361207	refusal	OrderedFinalAggregateStream[0]	1	4050921	4642191	120645418	4	4	110374705	5960755	RepartitionExec[Merge]=103668199;OrderedFinalAggregateStream=9152791;SortPreservingMergeExec=6706506;RepartitionExec=1117922
event	365183	release_after_refusal	OrderedFinalAggregateStream[1]	1	4509776	824	116135642	4	4	110374705		RepartitionExec[Merge]=103668199;SortPreservingMergeExec=6706506;OrderedFinalAggregateStream=4643015;RepartitionExec=1117922
event	365824	release_after_refusal	OrderedFinalAggregateStream[0]	1	4641367	824	111494275	4	4	110374705		RepartitionExec[Merge]=103668199;SortPreservingMergeExec=6706506;RepartitionExec=1117922;OrderedFinalAggregateStream=1648
event	377145	refusal	OrderedFinalAggregateStream[1]	1	4051359	4642056	120644968	4	4	110374705	5960755	RepartitionExec[Merge]=103668199;OrderedFinalAggregateStream=9152341;SortPreservingMergeExec=6706506;RepartitionExec=1117922
event	377807	refusal	OrderedFinalAggregateStream[0]	1	4182422	4510285	120644968	4	4	110374705	5960755	RepartitionExec[Merge]=103668199;OrderedFinalAggregateStream=9152341;SortPreservingMergeExec=6706506;RepartitionExec=1117922
event	381692	release_after_refusal	OrderedFinalAggregateStream[1]	1	4641232	824	116003736	4	4	110374705		RepartitionExec[Merge]=103668199;SortPreservingMergeExec=6706506;OrderedFinalAggregateStream=4511109;RepartitionExec=1117922
event	382427	release_after_refusal	OrderedFinalAggregateStream[0]	1	4509461	824	111494275	4	4	110374705		RepartitionExec[Merge]=103668199;SortPreservingMergeExec=6706506;RepartitionExec=1117922;OrderedFinalAggregateStream=1648
event	393647	refusal	OrderedFinalAggregateStream[1]	1	4051359	4642002	120776397	4	4	110374705	5960755	RepartitionExec[Merge]=103668199;OrderedFinalAggregateStream=9283770;SortPreservingMergeExec=6706506;RepartitionExec=1117922
event	394485	refusal	OrderedFinalAggregateStream[0]	1	4051458	4641768	120776397	4	4	110374705	5960755	RepartitionExec[Merge]=103668199;OrderedFinalAggregateStream=9283770;SortPreservingMergeExec=6706506;RepartitionExec=1117922
event	398205	release_after_refusal	OrderedFinalAggregateStream[1]	1	4641178	824	116135219	4	4	110374705		RepartitionExec[Merge]=103668199;SortPreservingMergeExec=6706506;OrderedFinalAggregateStream=4642592;RepartitionExec=1117922
event	399085	release_after_refusal	OrderedFinalAggregateStream[0]	1	4640944	824	111494275	4	4	110374705		RepartitionExec[Merge]=103668199;SortPreservingMergeExec=6706506;RepartitionExec=1117922;OrderedFinalAggregateStream=1648
event	410225	refusal	OrderedFinalAggregateStream[1]	1	4051395	4641498	120644698	4	4	110374705	5960755	RepartitionExec[Merge]=103668199;OrderedFinalAggregateStream=9152071;SortPreservingMergeExec=6706506;RepartitionExec=1117922
event	411148	refusal	OrderedFinalAggregateStream[0]	1	4050948	4510573	120644698	4	4	110374705	5960755	RepartitionExec[Merge]=103668199;OrderedFinalAggregateStream=9152071;SortPreservingMergeExec=6706506;RepartitionExec=1117922
event	414863	release_after_refusal	OrderedFinalAggregateStream[1]	1	4640674	824	116004024	4	4	110374705		RepartitionExec[Merge]=103668199;SortPreservingMergeExec=6706506;OrderedFinalAggregateStream=4511397;RepartitionExec=1117922
event	415779	release_after_refusal	OrderedFinalAggregateStream[0]	1	4509749	824	111468491	4	4	110348921		RepartitionExec[Merge]=103642415;SortPreservingMergeExec=6706506;RepartitionExec=1117922;OrderedFinalAggregateStream=1648
event	436840	refusal	OrderedFinalAggregateStream[1]	1	5312900	8692509	110435064	4	4	91931146	10571645	RepartitionExec[Merge]=85224640;OrderedFinalAggregateStream=17385996;SortPreservingMergeExec=6706506;RepartitionExec=1117922
event	439524	refusal	OrderedFinalAggregateStream[0]	1	5312588	8693487	110435064	4	4	91931146	10571645	RepartitionExec[Merge]=85224640;OrderedFinalAggregateStream=17385996;SortPreservingMergeExec=6706506;RepartitionExec=1117922
event	443918	release_after_refusal	OrderedFinalAggregateStream[1]	1	8691685	824	101743379	4	4	91931146		RepartitionExec[Merge]=85224640;OrderedFinalAggregateStream=8694311;SortPreservingMergeExec=6706506;RepartitionExec=1117922
event	446520	release_after_refusal	OrderedFinalAggregateStream[0]	1	8692663	824	92440568	4	4	91336686		RepartitionExec[Merge]=84630180;SortPreservingMergeExec=6706506;RepartitionExec=1102234;OrderedFinalAggregateStream=1648
event	474066	refusal	OrderedFinalAggregateStream[1]	1	2789782	14005940	101046734	4	4	72145651	15518019	RepartitionExec[Merge]=65439145;OrderedFinalAggregateStream=28011913;SortPreservingMergeExec=6706506;RepartitionExec=889170
event	476628	refusal	OrderedFinalAggregateStream[0]	1	2789917	14005973	101046734	4	4	72145651	15518019	RepartitionExec[Merge]=65439145;OrderedFinalAggregateStream=28011913;SortPreservingMergeExec=6706506;RepartitionExec=889170
event	483544	release_after_refusal	OrderedFinalAggregateStream[1]	1	14005116	824	87041618	4	4	72145651		RepartitionExec[Merge]=65439145;OrderedFinalAggregateStream=14006797;SortPreservingMergeExec=6706506;RepartitionExec=889170
event	486180	release_after_refusal	OrderedFinalAggregateStream[0]	1	14005149	824	72667449	4	4	71793671		RepartitionExec[Merge]=65087165;SortPreservingMergeExec=6706506;RepartitionExec=872130;OrderedFinalAggregateStream=1648
event	520281	refusal	OrderedFinalAggregateStream[1]	1	8294779	16795119	85227231	4	4	51088154	20782393	RepartitionExec[Merge]=44381648;OrderedFinalAggregateStream=33590685;SortPreservingMergeExec=6706506;RepartitionExec=548392
event	523407	refusal	OrderedFinalAggregateStream[0]	1	8294887	16795566	85227231	4	4	51088154	20782393	RepartitionExec[Merge]=44381648;OrderedFinalAggregateStream=33590685;SortPreservingMergeExec=6706506;RepartitionExec=548392
event	533179	release_after_refusal	OrderedFinalAggregateStream[1]	1	16794295	824	68432936	4	4	51088154		RepartitionExec[Merge]=44381648;OrderedFinalAggregateStream=16796390;SortPreservingMergeExec=6706506;RepartitionExec=548392
event	535753	release_after_refusal	OrderedFinalAggregateStream[0]	1	16794742	824	51218194	4	4	50676738		RepartitionExec[Merge]=43970232;SortPreservingMergeExec=6706506;RepartitionExec=539808;OrderedFinalAggregateStream=1648
event	599306	refusal	OrderedFinalAggregateStream[0]	1	8282112	57974784	96765675	2	2	6706506	63755611	OrderedFinalAggregateStream=90059169;SortPreservingMergeExec=6706506
event	599309	release_after_refusal	OrderedFinalAggregateStream[0]	1	28987392	28987392	67778283	2	2	6706506		OrderedFinalAggregateStream=61071777;SortPreservingMergeExec=6706506
event	606389	refusal	OrderedFinalAggregateStream[1]	1	8282112	57974784	93668682	2	2	6706506	63755611	OrderedFinalAggregateStream=86962176;SortPreservingMergeExec=6706506
event	606391	release_after_refusal	OrderedFinalAggregateStream[1]	1	28987392	28987392	64681290	2	2	6706506		OrderedFinalAggregateStream=57974784;SortPreservingMergeExec=6706506
