#pool	name	limit	peak_reserved	refusals	events_dropped
pool	fair	134217728	121277033	3498	1365
#class	class	consumers	can_spill	w_sum_of_peaks	w_largest_peak	w_class_peak	refusals	refused_bytes	w_refusals_then_release	w_consumers_ending_refused
class	DataFusion-Cli	1	0	5572	5572	5572	0	0	0	0
class	OrderedFinalAggregateStream	2	2	115949568	57974784	90059169	24	116865724	24	0
class	OrderedPartialAggregateStream	1196	1196	159689918	560065	2102493	949	300038654	4	4
class	RepartitionExec	2	2	3593479	1871066	3450266	2525	154039067	39	0
class	RepartitionExec[Merge]	2	0	104456511	52337179	104298211	0	0	0	0
class	SortPreservingMergeExec	1	0	13978934	13978934	13978934	0	0	0	0
#event	micros	kind	consumer	can_spill	bytes	w_held	reserved	w_registered_spillable	w_registered_unspillable	w_unspillable_bytes	w_fair_quota	w_top_classes
event	42989	refusal	OrderedPartialAggregateStream[25]	1	475601	0	0	1200	2	0	111848	
event	43097	refusal	OrderedPartialAggregateStream[124]	1	432293	0	0	1200	4	0	111848	
event	43370	refusal	OrderedPartialAggregateStream[111]	1	412088	0	0	1200	4	0	111848	
event	43406	refusal	OrderedPartialAggregateStream[25]	1	131272	0	0	1200	4	0	111848	
event	43435	refusal	OrderedPartialAggregateStream[4]	1	457133	0	824	1200	4	0	111848	
event	43777	refusal	OrderedPartialAggregateStream[124]	1	131272	0	824	1200	4	0	111848	
event	43801	refusal	OrderedPartialAggregateStream[37]	1	468743	0	1648	1200	4	0	111848	
event	43835	refusal	OrderedPartialAggregateStream[1]	1	542920	0	1648	1200	4	0	111848	
event	43864	refusal	OrderedPartialAggregateStream[5]	1	552163	0	1648	1200	4	0	111848	
event	44140	refusal	OrderedPartialAggregateStream[115]	1	419774	0	1648	1200	4	0	111848	OrderedPartialAggregateStream=824
event	44170	refusal	OrderedPartialAggregateStream[111]	1	131272	0	1648	1200	4	0	111848	OrderedPartialAggregateStream=824
event	44191	refusal	OrderedPartialAggregateStream[4]	1	131272	0	105353	1200	4	0	111848	RepartitionExec=207410;OrderedPartialAggregateStream=1648
event	44215	refusal	OrderedPartialAggregateStream[37]	1	131272	0	105353	1200	4	0	111848	RepartitionExec=207410;OrderedPartialAggregateStream=1648
event	44240	refusal	OrderedPartialAggregateStream[1]	1	131272	0	210706	1200	4	0	111848	RepartitionExec=207410;OrderedPartialAggregateStream=1648
event	44279	refusal	OrderedPartialAggregateStream[5]	1	131272	0	212354	1200	4	0	111848	RepartitionExec=207410;OrderedPartialAggregateStream=4120
event	44318	refusal	RepartitionExec[0]	1	123819	103705	213178	1200	4	0	111848	RepartitionExec=207410;OrderedPartialAggregateStream=4944
event	44400	refusal	RepartitionExec[0]	1	79656	103705	212354	1200	4	0	111848	RepartitionExec=207410;OrderedPartialAggregateStream=4944
event	44420	refusal	RepartitionExec[0]	1	101120	103705	212354	1200	4	0	111848	RepartitionExec=207410;OrderedPartialAggregateStream=4944
event	44520	refusal	RepartitionExec[0]	1	87296	103705	212354	1200	4	0	111848	RepartitionExec=207410;OrderedPartialAggregateStream=4944
event	44550	refusal	RepartitionExec[0]	1	96737	103705	212354	1200	4	0	111848	RepartitionExec=207410;OrderedPartialAggregateStream=5768
event	44582	refusal	OrderedPartialAggregateStream[115]	1	131272	0	212354	1199	4	0	111941	RepartitionExec=207410;OrderedPartialAggregateStream=4944
event	44588	refusal	RepartitionExec[0]	1	127303	103705	213178	1199	4	0	111941	RepartitionExec=207410;OrderedPartialAggregateStream=5768
event	44639	refusal	RepartitionExec[0]	1	82577	103705	226390	1199	4	116917	111843	RepartitionExec[Merge]=116917;RepartitionExec=103705;OrderedPartialAggregateStream=5768
event	44844	refusal	OrderedPartialAggregateStream[9]	1	466088	0	226390	1199	4	116917	111843	RepartitionExec[Merge]=116917;RepartitionExec=103705;OrderedPartialAggregateStream=5768
event	45002	refusal	OrderedPartialAggregateStream[9]	1	131272	0	226390	1199	4	116917	111843	RepartitionExec[Merge]=116917;RepartitionExec=103705;OrderedPartialAggregateStream=5768
event	45042	refusal	RepartitionExec[0]	1	100109	103705	227214	1199	4	116917	111843	RepartitionExec[Merge]=116917;RepartitionExec=103705;OrderedPartialAggregateStream=6592
event	45113	refusal	OrderedPartialAggregateStream[2]	1	527134	0	227214	1199	4	116917	111843	RepartitionExec[Merge]=116917;RepartitionExec=103705;OrderedPartialAggregateStream=6592
event	45140	refusal	OrderedPartialAggregateStream[192]	1	276716	0	227214	1199	4	116917	111843	RepartitionExec[Merge]=116917;RepartitionExec=103705;OrderedPartialAggregateStream=6592
event	45230	refusal	OrderedPartialAggregateStream[207]	1	397220	0	227214	1199	4	116917	111843	RepartitionExec[Merge]=116917;RepartitionExec=103705;OrderedPartialAggregateStream=6592
event	45249	refusal	OrderedPartialAggregateStream[2]	1	131272	0	228038	1199	4	116917	111843	RepartitionExec[Merge]=116917;RepartitionExec=103705;OrderedPartialAggregateStream=7416
event	45297	refusal	RepartitionExec[0]	1	64285	103705	228862	1199	4	116917	111843	RepartitionExec[Merge]=116917;RepartitionExec=103705;OrderedPartialAggregateStream=8240
event	45305	refusal	RepartitionExec[0]	1	117862	103705	228862	1199	4	116917	111843	RepartitionExec[Merge]=116917;RepartitionExec=103705;OrderedPartialAggregateStream=8240
event	45324	refusal	OrderedPartialAggregateStream[95]	1	439070	0	228862	1199	4	116917	111843	RepartitionExec[Merge]=116917;RepartitionExec=103705;OrderedPartialAggregateStream=8240
event	45358	refusal	OrderedPartialAggregateStream[207]	1	131272	0	228862	1199	4	116917	111843	RepartitionExec[Merge]=116917;RepartitionExec=103705;OrderedPartialAggregateStream=8240
event	45402	refusal	RepartitionExec[0]	1	74038	103705	229686	1199	4	116917	111843	RepartitionExec[Merge]=116917;RepartitionExec=103705;OrderedPartialAggregateStream=9064
event	45440	refusal	OrderedPartialAggregateStream[95]	1	131272	0	229686	1199	4	116917	111843	RepartitionExec[Merge]=116917;RepartitionExec=103705;OrderedPartialAggregateStream=9064
event	45475	refusal	RepartitionExec[0]	1	89881	103705	230510	1199	4	116917	111843	RepartitionExec[Merge]=116917;RepartitionExec=103705;OrderedPartialAggregateStream=9888
event	47427	refusal	OrderedPartialAggregateStream[22]	1	929512	0	230510	1199	4	116917	111843	RepartitionExec[Merge]=116917;RepartitionExec=103705;OrderedPartialAggregateStream=9888
event	47500	refusal	OrderedPartialAggregateStream[74]	1	838387	0	230510	1199	4	116917	111843	RepartitionExec[Merge]=116917;RepartitionExec=103705;OrderedPartialAggregateStream=9888
event	47867	refusal	OrderedPartialAggregateStream[22]	1	260552	0	230510	1199	4	116917	111843	RepartitionExec[Merge]=116917;RepartitionExec=103705;OrderedPartialAggregateStream=9888
event	48113	refusal	OrderedPartialAggregateStream[74]	1	260552	0	231334	1199	4	116917	111843	RepartitionExec[Merge]=116917;RepartitionExec=103705;OrderedPartialAggregateStream=10712
event	48727	refusal	RepartitionExec[0]	1	164002	103705	232158	1199	4	116917	111843	RepartitionExec[Merge]=116917;RepartitionExec=103705;OrderedPartialAggregateStream=11536
event	48803	refusal	RepartitionExec[0]	1	198500	103705	232158	1199	4	116917	111843	RepartitionExec[Merge]=116917;RepartitionExec=103705;OrderedPartialAggregateStream=11536
event	51717	refusal	OrderedPartialAggregateStream[227]	1	275861	0	232158	1199	4	116917	111843	RepartitionExec[Merge]=116917;RepartitionExec=103705;OrderedPartialAggregateStream=11536
event	51822	refusal	RepartitionExec[0]	1	63946	103705	232982	1199	4	116917	111843	RepartitionExec[Merge]=116917;RepartitionExec=103705;OrderedPartialAggregateStream=12360
event	52404	refusal	OrderedPartialAggregateStream[136]	1	441419	0	232982	1199	4	116917	111843	RepartitionExec[Merge]=116917;RepartitionExec=103705;OrderedPartialAggregateStream=12360
event	52520	refusal	OrderedPartialAggregateStream[136]	1	131272	0	232982	1199	4	116917	111843	RepartitionExec[Merge]=116917;RepartitionExec=103705;OrderedPartialAggregateStream=12360
event	52557	refusal	RepartitionExec[0]	1	90780	103705	233806	1199	4	116917	111843	RepartitionExec[Merge]=116917;RepartitionExec=103705;OrderedPartialAggregateStream=13184
event	60144	refusal	RepartitionExec[1]	1	123819	79656	313462	1199	4	116917	111843	RepartitionExec=183361;RepartitionExec[Merge]=116917;OrderedPartialAggregateStream=13184
event	60573	refusal	RepartitionExec[1]	1	101120	79656	312638	1198	4	116917	111937	RepartitionExec=183361;RepartitionExec[Merge]=116917;OrderedPartialAggregateStream=12360
event	60630	refusal	OrderedPartialAggregateStream[113]	1	442265	0	312638	1198	4	116917	111937	RepartitionExec=183361;RepartitionExec[Merge]=116917;OrderedPartialAggregateStream=12360
event	60743	refusal	OrderedPartialAggregateStream[113]	1	131272	0	312638	1198	4	116917	111937	RepartitionExec=183361;RepartitionExec[Merge]=116917;OrderedPartialAggregateStream=12360
event	60780	refusal	RepartitionExec[0]	1	91119	103705	313462	1198	4	116917	111937	RepartitionExec=183361;RepartitionExec[Merge]=116917;OrderedPartialAggregateStream=13184
event	67629	refusal	RepartitionExec[1]	1	127303	79656	313462	1198	4	116917	111937	RepartitionExec=183361;RepartitionExec[Merge]=116917;OrderedPartialAggregateStream=13184
event	67662	refusal	RepartitionExec[1]	1	96737	79656	313462	1198	4	116917	111937	RepartitionExec=183361;RepartitionExec[Merge]=116917;OrderedPartialAggregateStream=13184
event	67679	refusal	RepartitionExec[1]	1	87296	79656	313462	1198	4	116917	111937	RepartitionExec=183361;RepartitionExec[Merge]=116917;OrderedPartialAggregateStream=13184
event	67700	refusal	RepartitionExec[1]	1	82577	79656	313462	1198	4	116917	111937	RepartitionExec=183361;RepartitionExec[Merge]=116917;OrderedPartialAggregateStream=13184
event	67716	refusal	RepartitionExec[1]	1	100109	79656	313462	1198	4	116917	111937	RepartitionExec=183361;RepartitionExec[Merge]=116917;OrderedPartialAggregateStream=13184
event	67754	refusal	RepartitionExec[1]	1	64285	79656	313462	1198	4	116917	111937	RepartitionExec=183361;RepartitionExec[Merge]=116917;OrderedPartialAggregateStream=13184
event	67790	refusal	RepartitionExec[1]	1	117862	79656	313462	1198	4	116917	111937	RepartitionExec=183361;RepartitionExec[Merge]=116917;OrderedPartialAggregateStream=13184
event	67810	refusal	RepartitionExec[1]	1	74038	79656	313462	1198	4	116917	111937	RepartitionExec=183361;RepartitionExec[Merge]=116917;OrderedPartialAggregateStream=13184
event	67851	refusal	RepartitionExec[1]	1	89881	79656	313462	1198	4	116917	111937	RepartitionExec=183361;RepartitionExec[Merge]=116917;OrderedPartialAggregateStream=13184
event	67864	refusal	RepartitionExec[1]	1	164002	79656	313462	1198	4	116917	111937	RepartitionExec=183361;RepartitionExec[Merge]=116917;OrderedPartialAggregateStream=13184
event	67916	refusal	RepartitionExec[1]	1	63946	79656	313462	1198	4	116917	111937	RepartitionExec=183361;RepartitionExec[Merge]=116917;OrderedPartialAggregateStream=13184
event	67929	refusal	RepartitionExec[1]	1	198500	79656	313462	1198	4	116917	111937	RepartitionExec=183361;RepartitionExec[Merge]=116917;OrderedPartialAggregateStream=13184
event	67966	refusal	RepartitionExec[1]	1	90780	79656	313462	1198	4	116917	111937	RepartitionExec=183361;RepartitionExec[Merge]=116917;OrderedPartialAggregateStream=13184
event	68000	refusal	RepartitionExec[1]	1	91119	79656	311814	1196	4	116917	112124	RepartitionExec=183361;RepartitionExec[Merge]=116917;OrderedPartialAggregateStream=11536
event	68519	refusal	OrderedPartialAggregateStream[126]	1	434570	0	302750	1185	4	116917	113165	RepartitionExec=183361;RepartitionExec[Merge]=116917;OrderedPartialAggregateStream=2472
event	68586	refusal	OrderedPartialAggregateStream[237]	1	274610	0	300278	1183	4	116917	113356	RepartitionExec=183361;RepartitionExec[Merge]=116917;OrderedPartialAggregateStream=824
event	68621	refusal	OrderedPartialAggregateStream[97]	1	418937	0	300278	1183	4	116917	113356	RepartitionExec=183361;RepartitionExec[Merge]=116917;OrderedPartialAggregateStream=824
event	68677	refusal	OrderedPartialAggregateStream[195]	1	279452	0	300278	1183	4	116917	113356	RepartitionExec=183361;RepartitionExec[Merge]=116917;OrderedPartialAggregateStream=824
event	68747	release_after_refusal	RepartitionExec[1]	1	79656	0	221446	1183	4	116917		RepartitionExec[Merge]=116917;RepartitionExec=103705;OrderedPartialAggregateStream=1648
event	68759	refusal	RepartitionExec[0]	1	63498	103705	221446	1183	4	116917	113356	RepartitionExec[Merge]=116917;RepartitionExec=103705;OrderedPartialAggregateStream=1648
event	68769	refusal	OrderedPartialAggregateStream[126]	1	131272	0	231354	1183	4	116917	113356	RepartitionExec[Merge]=116917;RepartitionExec=103705;OrderedPartialAggregateStream=1648
event	68792	refusal	OrderedPartialAggregateStream[97]	1	131272	0	311618	1183	4	205441	113281	RepartitionExec[Merge]=205441;RepartitionExec=103705;OrderedPartialAggregateStream=3296
event	68826	refusal	RepartitionExec[0]	1	88195	103705	312442	1183	4	205441	113281	RepartitionExec[Merge]=205441;RepartitionExec=103705;OrderedPartialAggregateStream=4120
event	68847	refusal	RepartitionExec[0]	1	65296	103705	312442	1183	4	205441	113281	RepartitionExec[Merge]=205441;RepartitionExec=103705;OrderedPartialAggregateStream=4120
event	68867	refusal	RepartitionExec[0]	1	82241	103705	312442	1183	4	205441	113281	RepartitionExec[Merge]=205441;RepartitionExec=103705;OrderedPartialAggregateStream=4120
event	68942	refusal	OrderedPartialAggregateStream[0]	1	547807	0	375116	1182	4	205441	113377	RepartitionExec[Merge]=205441;RepartitionExec=167203;OrderedPartialAggregateStream=3296
event	68984	refusal	RepartitionExec[1]	1	65296	63498	375116	1182	4	205441	113377	RepartitionExec[Merge]=205441;RepartitionExec=167203;OrderedPartialAggregateStream=3296
event	68994	refusal	RepartitionExec[1]	1	88195	63498	375116	1182	4	205441	113377	RepartitionExec[Merge]=205441;RepartitionExec=167203;OrderedPartialAggregateStream=3296
event	69016	refusal	RepartitionExec[1]	1	82241	63498	375116	1182	4	205441	113377	RepartitionExec[Merge]=205441;RepartitionExec=167203;OrderedPartialAggregateStream=3296
event	69044	refusal	OrderedPartialAggregateStream[137]	1	401675	0	375116	1182	4	205441	113377	RepartitionExec[Merge]=205441;RepartitionExec=167203;OrderedPartialAggregateStream=3296
event	69080	refusal	OrderedPartialAggregateStream[114]	1	397796	0	375116	1182	4	205441	113377	RepartitionExec[Merge]=205441;RepartitionExec=167203;OrderedPartialAggregateStream=3296
event	69183	refusal	OrderedPartialAggregateStream[0]	1	131272	0	372644	1179	4	205441	113666	RepartitionExec[Merge]=205441;RepartitionExec=167203;OrderedPartialAggregateStream=824
event	69216	refusal	OrderedPartialAggregateStream[137]	1	131272	0	373468	1179	4	205441	113666	RepartitionExec[Merge]=205441;RepartitionExec=167203;OrderedPartialAggregateStream=1648
event	69240	refusal	OrderedPartialAggregateStream[114]	1	131272	0	374292	1179	4	205441	113666	RepartitionExec[Merge]=205441;RepartitionExec=167203;OrderedPartialAggregateStream=2472
event	69283	refusal	RepartitionExec[0]	1	75724	103705	375116	1179	4	205441	113666	RepartitionExec[Merge]=205441;RepartitionExec=167203;OrderedPartialAggregateStream=3296
event	69312	refusal	OrderedPartialAggregateStream[86]	1	453812	0	375116	1179	4	205441	113666	RepartitionExec[Merge]=205441;RepartitionExec=167203;OrderedPartialAggregateStream=3296
event	69331	refusal	RepartitionExec[0]	1	125617	103705	375116	1179	4	205441	113666	RepartitionExec[Merge]=205441;RepartitionExec=167203;OrderedPartialAggregateStream=3296
event	69466	refusal	RepartitionExec[1]	1	75724	63498	375116	1179	4	205441	113666	RepartitionExec[Merge]=205441;RepartitionExec=167203;OrderedPartialAggregateStream=2472
event	69472	refusal	OrderedPartialAggregateStream[209]	1	272891	0	375116	1179	4	205441	113666	RepartitionExec[Merge]=205441;RepartitionExec=167203;OrderedPartialAggregateStream=2472
event	69478	refusal	RepartitionExec[0]	1	74262	103705	375116	1179	4	205441	113666	RepartitionExec[Merge]=205441;RepartitionExec=167203;OrderedPartialAggregateStream=2472
event	69497	refusal	OrderedPartialAggregateStream[112]	1	454739	0	375116	1178	4	205441	113762	RepartitionExec[Merge]=205441;RepartitionExec=167203;OrderedPartialAggregateStream=2472
event	69571	refusal	OrderedPartialAggregateStream[11]	1	463991	0	375940	1178	4	205441	113762	RepartitionExec[Merge]=205441;RepartitionExec=167203;OrderedPartialAggregateStream=3296
event	69600	refusal	OrderedPartialAggregateStream[86]	1	131272	0	375116	1178	4	205441	113762	RepartitionExec[Merge]=205441;RepartitionExec=167203;OrderedPartialAggregateStream=3296
event	69619	refusal	RepartitionExec[1]	1	125617	63498	375940	1178	4	205441	113762	RepartitionExec[Merge]=205441;RepartitionExec=167203;OrderedPartialAggregateStream=4120
event	69648	refusal	OrderedPartialAggregateStream[197]	1	269660	0	375940	1178	4	205441	113762	RepartitionExec[Merge]=205441;RepartitionExec=167203;OrderedPartialAggregateStream=4120
event	69662	refusal	RepartitionExec[0]	1	95502	103705	375940	1178	4	205441	113762	RepartitionExec[Merge]=205441;RepartitionExec=167203;OrderedPartialAggregateStream=4120
event	69687	refusal	OrderedPartialAggregateStream[127]	1	434930	0	375940	1178	4	205441	113762	RepartitionExec[Merge]=205441;RepartitionExec=167203;OrderedPartialAggregateStream=3296
event	69700	refusal	RepartitionExec[0]	1	62823	103705	375940	1178	4	205441	113762	RepartitionExec[Merge]=205441;RepartitionExec=167203;OrderedPartialAggregateStream=3296
event	69728	refusal	OrderedPartialAggregateStream[112]	1	131272	0	375940	1178	4	205441	113762	RepartitionExec[Merge]=205441;RepartitionExec=167203;OrderedPartialAggregateStream=3296
event	69740	release_after_refusal	RepartitionExec[0]	1	103705	0	273059	1178	4	205441		RepartitionExec[Merge]=205441;RepartitionExec=63498;OrderedPartialAggregateStream=3296
event	69755	refusal	OrderedPartialAggregateStream[99]	1	433400	0	391664	1177	4	323222	113759	RepartitionExec[Merge]=323222;RepartitionExec=63498;OrderedPartialAggregateStream=4120
event	69804	refusal	RepartitionExec[1]	1	61588	63498	452428	1177	4	323222	113759	RepartitionExec[Merge]=323222;RepartitionExec=125086;OrderedPartialAggregateStream=4120
event	69850	refusal	OrderedPartialAggregateStream[36]	1	490298	0	399668	1176	4	323222	113855	RepartitionExec[Merge]=323222;RepartitionExec=63498;OrderedPartialAggregateStream=3296
event	69850	refusal	OrderedPartialAggregateStream[127]	1	131272	0	399668	1176	4	323222	113855	RepartitionExec[Merge]=323222;RepartitionExec=63498;OrderedPartialAggregateStream=3296
event	69874	refusal	RepartitionExec[1]	1	62823	63498	461040	1176	4	392598	113796	RepartitionExec[Merge]=392598;RepartitionExec=63498;OrderedPartialAggregateStream=3296
event	69912	refusal	RepartitionExec[1]	1	95502	63498	461040	1176	4	392598	113796	RepartitionExec[Merge]=392598;RepartitionExec=63498;OrderedPartialAggregateStream=3296
event	69942	refusal	OrderedPartialAggregateStream[11]	1	131272	0	461040	1176	4	392598	113796	RepartitionExec[Merge]=392598;RepartitionExec=63498;OrderedPartialAggregateStream=4120
event	69976	refusal	OrderedPartialAggregateStream[99]	1	131272	0	549350	1176	4	392598	113796	RepartitionExec[Merge]=392598;RepartitionExec=151808;OrderedPartialAggregateStream=4944
event	69992	refusal	RepartitionExec[1]	1	88310	63498	550174	1176	4	392598	113796	RepartitionExec[Merge]=392598;RepartitionExec=151808;OrderedPartialAggregateStream=6592
event	70029	refusal	RepartitionExec[0]	1	95838	88310	550174	1176	4	392598	113796	RepartitionExec[Merge]=392598;RepartitionExec=151808;OrderedPartialAggregateStream=6592
event	70039	refusal	RepartitionExec[0]	1	87747	88310	550174	1176	4	392598	113796	RepartitionExec[Merge]=392598;RepartitionExec=151808;OrderedPartialAggregateStream=6592
event	70059	refusal	RepartitionExec[0]	1	99322	88310	549350	1175	4	392598	113893	RepartitionExec[Merge]=392598;RepartitionExec=151808;OrderedPartialAggregateStream=5768
event	70081	refusal	OrderedPartialAggregateStream[36]	1	131272	0	549350	1175	4	392598	113893	RepartitionExec[Merge]=392598;RepartitionExec=151808;OrderedPartialAggregateStream=5768
event	70138	refusal	RepartitionExec[0]	1	109323	88310	548526	1173	4	392598	114087	RepartitionExec[Merge]=392598;RepartitionExec=151808;OrderedPartialAggregateStream=4944
event	70170	refusal	RepartitionExec[1]	1	95838	63498	548526	1173	4	392598	114087	RepartitionExec[Merge]=392598;RepartitionExec=151808;OrderedPartialAggregateStream=4944
event	70280	refusal	RepartitionExec[1]	1	87747	63498	548526	1173	4	392598	114087	RepartitionExec[Merge]=392598;RepartitionExec=151808;OrderedPartialAggregateStream=4944
event	70368	refusal	RepartitionExec[1]	1	99322	63498	547702	1172	4	392598	114185	RepartitionExec[Merge]=392598;RepartitionExec=151808;OrderedPartialAggregateStream=4120
event	70380	refusal	OrderedPartialAggregateStream[599]	1	212020	0	547702	1172	4	392598	114185	RepartitionExec[Merge]=392598;RepartitionExec=151808;OrderedPartialAggregateStream=4120
event	70398	refusal	RepartitionExec[1]	1	109323	63498	546878	1172	4	392598	114185	RepartitionExec[Merge]=392598;RepartitionExec=151808;OrderedPartialAggregateStream=4120
event	70420	refusal	RepartitionExec[1]	1	74262	63498	546878	1170	4	392598	114380	RepartitionExec[Merge]=392598;RepartitionExec=151808;OrderedPartialAggregateStream=2472
event	70523	refusal	OrderedPartialAggregateStream[214]	1	268355	0	546878	1170	4	392598	114380	RepartitionExec[Merge]=392598;RepartitionExec=151808;OrderedPartialAggregateStream=2472
event	70539	refusal	OrderedPartialAggregateStream[3]	1	469094	0	546878	1169	4	392598	114478	RepartitionExec[Merge]=392598;RepartitionExec=151808;OrderedPartialAggregateStream=2472
event	70561	refusal	RepartitionExec[0]	1	42485	88310	546054	1168	4	392598	114576	RepartitionExec[Merge]=392598;RepartitionExec=151808;OrderedPartialAggregateStream=1648
event	70593	refusal	OrderedPartialAggregateStream[121]	1	407696	0	545230	1167	4	392598	114674	RepartitionExec[Merge]=392598;RepartitionExec=151808;OrderedPartialAggregateStream=824
event	70639	refusal	RepartitionExec[0]	1	61137	88310	546054	1167	4	392598	114674	RepartitionExec[Merge]=392598;RepartitionExec=151808;OrderedPartialAggregateStream=1648
event	70690	refusal	OrderedPartialAggregateStream[3]	1	131272	0	588539	1167	4	392598	114674	RepartitionExec[Merge]=392598;RepartitionExec=194293;OrderedPartialAggregateStream=1648
event	71017	refusal	OrderedPartialAggregateStream[121]	1	131272	0	588539	1166	4	392598	114772	RepartitionExec[Merge]=392598;RepartitionExec=194293;OrderedPartialAggregateStream=1648
event	71065	refusal	RepartitionExec[0]	1	101232	88310	589363	1166	4	392598	114772	RepartitionExec[Merge]=392598;RepartitionExec=194293;OrderedPartialAggregateStream=1648
event	71125	refusal	RepartitionExec[1]	1	61137	105983	589363	1166	4	392598	114772	RepartitionExec[Merge]=392598;RepartitionExec=194293;OrderedPartialAggregateStream=1648
event	71177	refusal	OrderedPartialAggregateStream[34]	1	850555	0	589363	1166	4	392598	114772	RepartitionExec[Merge]=392598;RepartitionExec=194293;OrderedPartialAggregateStream=2472
event	71226	refusal	OrderedPartialAggregateStream[391]	1	230155	0	606399	1166	4	392598	114772	RepartitionExec[Merge]=392598;RepartitionExec=194293;OrderedPartialAggregateStream=2472
event	71236	refusal	RepartitionExec[0]	1	77970	88310	606399	1166	4	392598	114772	RepartitionExec[Merge]=392598;RepartitionExec=194293;OrderedPartialAggregateStream=2472
event	71273	refusal	OrderedPartialAggregateStream[13]	1	470822	0	666543	1166	4	469778	114706	RepartitionExec[Merge]=469778;RepartitionExec=194293;OrderedPartialAggregateStream=2472
event	71314	refusal	RepartitionExec[1]	1	101232	105983	665719	1165	4	469778	114805	RepartitionExec[Merge]=469778;RepartitionExec=194293;OrderedPartialAggregateStream=1648
event	71368	refusal	RepartitionExec[0]	1	49338	88310	740951	1165	4	544186	114741	RepartitionExec[Merge]=544186;RepartitionExec=194293;OrderedPartialAggregateStream=2472
event	71410	refusal	RepartitionExec[1]	1	77970	105983	740951	1165	4	544186	114741	RepartitionExec[Merge]=544186;RepartitionExec=194293;OrderedPartialAggregateStream=2472
event	71503	refusal	OrderedPartialAggregateStream[13]	1	131272	0	740127	1164	4	544186	114839	RepartitionExec[Merge]=544186;RepartitionExec=194293;OrderedPartialAggregateStream=1648
event	71518	refusal	RepartitionExec[1]	1	49338	105983	740951	1164	4	544186	114839	RepartitionExec[Merge]=544186;RepartitionExec=194293;OrderedPartialAggregateStream=1648
event	71631	refusal	OrderedPartialAggregateStream[344]	1	240208	0	740127	1164	4	544186	114839	RepartitionExec[Merge]=544186;RepartitionExec=194293;OrderedPartialAggregateStream=2472
event	71679	refusal	RepartitionExec[0]	1	101907	88310	799903	1163	4	604786	114886	RepartitionExec[Merge]=604786;RepartitionExec=194293;OrderedPartialAggregateStream=1648
event	71903	refusal	OrderedPartialAggregateStream[106]	1	420620	0	879907	1163	4	604786	114886	RepartitionExec[Merge]=604786;RepartitionExec=194293;OrderedPartialAggregateStream=1648
event	71918	refusal	OrderedPartialAggregateStream[116]	1	450374	0	879907	1163	4	604786	114886	RepartitionExec[Merge]=604786;RepartitionExec=194293;OrderedPartialAggregateStream=824
event	71936	refusal	OrderedPartialAggregateStream[34]	1	260552	0	927251	1163	4	618222	114874	RepartitionExec[Merge]=618222;RepartitionExec=194293;OrderedPartialAggregateStream=824
event	71960	refusal	OrderedPartialAggregateStream[403]	1	233332	0	928075	1163	4	618222	114874	RepartitionExec[Merge]=618222;RepartitionExec=194293;OrderedPartialAggregateStream=824
event	71979	refusal	RepartitionExec[1]	1	101907	105983	928075	1163	4	618222	114874	RepartitionExec[Merge]=618222;RepartitionExec=194293;OrderedPartialAggregateStream=824
event	71989	refusal	OrderedPartialAggregateStream[120]	1	402071	0	928075	1162	4	618222	114973	RepartitionExec[Merge]=618222;RepartitionExec=194293;OrderedPartialAggregateStream=824
event	72019	refusal	OrderedPartialAggregateStream[215]	1	398696	0	928075	1162	4	665566	114933	RepartitionExec[Merge]=665566;RepartitionExec=194293;OrderedPartialAggregateStream=1648
event	72446	refusal	OrderedPartialAggregateStream[106]	1	131272	0	1005491	1162	4	665566	114933	RepartitionExec[Merge]=665566;RepartitionExec=194293;OrderedPartialAggregateStream=1648
event	72545	refusal	RepartitionExec[0]	1	168609	88310	940571	1162	4	665566	114933	RepartitionExec[Merge]=665566;RepartitionExec=194293;OrderedPartialAggregateStream=68216
event	72573	refusal	OrderedPartialAggregateStream[120]	1	131272	0	940571	1161	4	665566	115032	RepartitionExec[Merge]=665566;RepartitionExec=194293;OrderedPartialAggregateStream=67392
event	72604	refusal	OrderedPartialAggregateStream[122]	1	428999	0	875651	1161	4	665566	115032	RepartitionExec[Merge]=665566;RepartitionExec=194293;OrderedPartialAggregateStream=133960
event	72623	refusal	OrderedPartialAggregateStream[49]	1	810613	0	916803	1161	4	677238	115021	RepartitionExec[Merge]=677238;RepartitionExec=194293;OrderedPartialAggregateStream=133960
event	73065	refusal	OrderedPartialAggregateStream[463]	1	230965	0	916803	1161	4	677238	115021	RepartitionExec[Merge]=677238;RepartitionExec=194293;OrderedPartialAggregateStream=133960
event	73098	refusal	OrderedPartialAggregateStream[89]	1	416786	0	916803	1161	4	677238	115021	RepartitionExec[Merge]=677238;RepartitionExec=194293;OrderedPartialAggregateStream=133960
event	73121	refusal	OrderedPartialAggregateStream[190]	1	395510	0	916803	1161	4	677238	115021	RepartitionExec[Merge]=677238;RepartitionExec=194293;OrderedPartialAggregateStream=133960
event	73148	refusal	OrderedPartialAggregateStream[116]	1	131272	0	983371	1161	4	677238	115021	RepartitionExec[Merge]=677238;RepartitionExec=194293;OrderedPartialAggregateStream=69040
event	73194	refusal	OrderedPartialAggregateStream[215]	1	131272	0	984195	1161	4	718390	114986	RepartitionExec[Merge]=718390;RepartitionExec=194293;OrderedPartialAggregateStream=4120
event	73228	refusal	RepartitionExec[1]	1	168609	105983	985019	1161	4	718390	114986	RepartitionExec[Merge]=718390;RepartitionExec=194293;OrderedPartialAggregateStream=4120
event	73251	refusal	RepartitionExec[0]	1	75836	88310	985019	1161	4	718390	114986	RepartitionExec[Merge]=718390;RepartitionExec=194293;OrderedPartialAggregateStream=4120
event	73273	refusal	OrderedPartialAggregateStream[49]	1	260552	0	985019	1161	4	718390	114986	RepartitionExec[Merge]=718390;RepartitionExec=194293;OrderedPartialAggregateStream=4944
event	73296	refusal	RepartitionExec[0]	1	82916	88310	985843	1161	4	718390	114986	RepartitionExec[Merge]=718390;RepartitionExec=194293;OrderedPartialAggregateStream=6592
event	73340	refusal	RepartitionExec[0]	1	53158	88310	985843	1161	4	718390	114986	RepartitionExec[Merge]=718390;RepartitionExec=194293;OrderedPartialAggregateStream=6592
event	73373	refusal	RepartitionExec[0]	1	74598	88310	985843	1161	4	718390	114986	RepartitionExec[Merge]=718390;RepartitionExec=194293;OrderedPartialAggregateStream=6592
event	73427	refusal	RepartitionExec[0]	1	94152	88310	985843	1161	4	718390	114986	RepartitionExec[Merge]=718390;RepartitionExec=194293;OrderedPartialAggregateStream=6592
event	73473	refusal	RepartitionExec[1]	1	75836	105983	985843	1161	4	718390	114986	RepartitionExec[Merge]=718390;RepartitionExec=194293;OrderedPartialAggregateStream=6592
event	73497	refusal	OrderedPartialAggregateStream[122]	1	131272	0	985019	1160	4	718390	115085	RepartitionExec[Merge]=718390;RepartitionExec=194293;OrderedPartialAggregateStream=5768
event	73518	refusal	OrderedPartialAggregateStream[7]	1	494816	0	920099	1160	4	718390	115085	RepartitionExec[Merge]=718390;RepartitionExec=194293;OrderedPartialAggregateStream=72336
event	73545	refusal	RepartitionExec[1]	1	82916	105983	920099	1160	4	718390	115085	RepartitionExec[Merge]=718390;RepartitionExec=194293;OrderedPartialAggregateStream=72336
event	73585	refusal	RepartitionExec[0]	1	50576	88310	920099	1160	4	718390	115085	RepartitionExec[Merge]=718390;RepartitionExec=194293;OrderedPartialAggregateStream=72336
event	73593	refusal	RepartitionExec[1]	1	74598	105983	920099	1160	4	718390	115085	RepartitionExec[Merge]=718390;RepartitionExec=194293;OrderedPartialAggregateStream=72336
event	73644	refusal	OrderedPartialAggregateStream[283]	1	264863	0	920099	1160	4	718390	115085	RepartitionExec[Merge]=718390;RepartitionExec=194293;OrderedPartialAggregateStream=6592
event	73657	refusal	RepartitionExec[1]	1	94152	105983	920099	1160	4	718390	115085	RepartitionExec[Merge]=718390;RepartitionExec=194293;OrderedPartialAggregateStream=6592
event	73690	refusal	RepartitionExec[0]	1	49677	88310	920099	1160	4	718390	115085	RepartitionExec[Merge]=718390;RepartitionExec=194293;OrderedPartialAggregateStream=6592
event	73718	refusal	OrderedPartialAggregateStream[89]	1	131272	0	963171	1160	4	763110	115047	RepartitionExec[Merge]=763110;RepartitionExec=194293;OrderedPartialAggregateStream=6592
event	73741	refusal	RepartitionExec[1]	1	53158	105983	1029739	1160	4	763110	115047	RepartitionExec[Merge]=763110;RepartitionExec=194293;OrderedPartialAggregateStream=8240
event	73750	refusal	RepartitionExec[0]	1	153438	88310	1029739	1160	4	763110	115047	RepartitionExec[Merge]=763110;RepartitionExec=194293;OrderedPartialAggregateStream=8240
event	73764	refusal	RepartitionExec[0]	1	86061	88310	1029739	1159	4	763110	115146	RepartitionExec[Merge]=763110;RepartitionExec=194293;OrderedPartialAggregateStream=7416
event	73792	refusal	RepartitionExec[1]	1	50576	105983	1038819	1159	4	763110	115146	RepartitionExec[Merge]=763110;RepartitionExec=194293;OrderedPartialAggregateStream=6592
event	73798	refusal	RepartitionExec[1]	1	49677	105983	1038819	1159	4	763110	115146	RepartitionExec[Merge]=763110;RepartitionExec=194293;OrderedPartialAggregateStream=6592
event	73816	refusal	RepartitionExec[0]	1	81454	88310	972251	1159	4	763110	115146	RepartitionExec[Merge]=763110;RepartitionExec=194293;OrderedPartialAggregateStream=6592
event	73845	refusal	OrderedPartialAggregateStream[190]	1	131272	0	972251	1158	4	763110	115245	RepartitionExec[Merge]=763110;RepartitionExec=194293;OrderedPartialAggregateStream=6592
event	73869	release_after_refusal	RepartitionExec[1]	1	63498	42485	940641	1156	4	804078		RepartitionExec[Merge]=804078;RepartitionExec=130795;OrderedPartialAggregateStream=5768
event	73872	refusal	OrderedPartialAggregateStream[7]	1	131272	0	940641	1156	4	804078	115409	RepartitionExec[Merge]=804078;RepartitionExec=130795;OrderedPartialAggregateStream=5768
event	73910	refusal	RepartitionExec[0]	1	59790	88310	950365	1156	4	804078	115409	RepartitionExec[Merge]=804078;RepartitionExec=130795;OrderedPartialAggregateStream=6592
event	73960	refusal	RepartitionExec[0]	1	111009	88310	969514	1156	4	875436	115348	RepartitionExec[Merge]=875436;RepartitionExec=130795;OrderedPartialAggregateStream=7416
event	73975	refusal	RepartitionExec[0]	1	73363	88310	969514	1156	4	875436	115348	RepartitionExec[Merge]=875436;RepartitionExec=130795;OrderedPartialAggregateStream=7416
event	74000	refusal	RepartitionExec[1]	1	86061	42485	968690	1156	4	875436	115348	RepartitionExec[Merge]=875436;RepartitionExec=130795;OrderedPartialAggregateStream=7416
event	74010	refusal	RepartitionExec[1]	1	153438	42485	1028480	1156	4	875436	115348	RepartitionExec[Merge]=875436;RepartitionExec=130795;OrderedPartialAggregateStream=7416
event	74021	release_after_refusal	RepartitionExec[1]	1	42485	0	1028480	1154	4	875436		RepartitionExec[Merge]=875436;RepartitionExec=88310;OrderedPartialAggregateStream=5768
event	74037	refusal	RepartitionExec[1]	1	81454	59790	1075477	1154	4	922433	115507	RepartitionExec[Merge]=922433;RepartitionExec=148100;OrderedPartialAggregateStream=5768
event	74152	refusal	RepartitionExec[1]	1	111009	59790	1134609	1152	4	983213	115654	RepartitionExec[Merge]=983213;RepartitionExec=148100;OrderedPartialAggregateStream=4120
event	74219	refusal	OrderedPartialAggregateStream[35]	1	487445	0	1134609	1152	4	983213	115654	RepartitionExec[Merge]=983213;RepartitionExec=148100;OrderedPartialAggregateStream=4120
event	74316	refusal	OrderedPartialAggregateStream[220]	1	276347	0	1212865	1150	4	1063117	115786	RepartitionExec[Merge]=1063117;RepartitionExec=148100;OrderedPartialAggregateStream=2472
event	74393	refusal	OrderedPartialAggregateStream[117]	1	412682	0	1212041	1149	4	1063117	115887	RepartitionExec[Merge]=1063117;RepartitionExec=148100;OrderedPartialAggregateStream=1648
event	74457	refusal	OrderedPartialAggregateStream[110]	1	432230	0	1212041	1149	4	1063117	115887	RepartitionExec[Merge]=1063117;RepartitionExec=148100;OrderedPartialAggregateStream=1648
event	74583	refusal	OrderedPartialAggregateStream[498]	1	217717	0	1212041	1149	4	1063117	115887	RepartitionExec[Merge]=1063117;RepartitionExec=148100;OrderedPartialAggregateStream=1648
event	74609	refusal	OrderedPartialAggregateStream[35]	1	131272	0	1239193	1149	4	1063117	115887	RepartitionExec[Merge]=1063117;RepartitionExec=148100;OrderedPartialAggregateStream=1648
event	126568	refusal	RepartitionExec[1]	1	62823	138547	10489610	725	4	10191549	171070	RepartitionExec[Merge]=10191549;RepartitionExec=289821;OrderedPartialAggregateStream=8240
event	126581	refusal	OrderedPartialAggregateStream[527]	1	228301	0	10489610	725	4	10191549	171070	RepartitionExec[Merge]=10191549;RepartitionExec=289821;OrderedPartialAggregateStream=8240
event	126606	refusal	RepartitionExec[0]	1	53273	151274	10488786	724	4	10191549	171306	RepartitionExec[Merge]=10191549;RepartitionExec=289821;OrderedPartialAggregateStream=7416
event	126617	refusal	RepartitionExec[1]	1	49789	138547	10488786	724	4	10191549	171306	RepartitionExec[Merge]=10191549;RepartitionExec=289821;OrderedPartialAggregateStream=7416
event	126635	refusal	OrderedPartialAggregateStream[892]	1	264044	0	10487962	723	4	10191549	171543	RepartitionExec[Merge]=10191549;RepartitionExec=289821;OrderedPartialAggregateStream=6592
event	126651	refusal	OrderedPartialAggregateStream[557]	1	232594	0	10487962	723	4	10191549	171543	RepartitionExec[Merge]=10191549;RepartitionExec=289821;OrderedPartialAggregateStream=6592
event	126681	refusal	OrderedPartialAggregateStream[1138]	1	481478	0	10488786	723	4	10191549	171543	RepartitionExec[Merge]=10191549;RepartitionExec=289821;OrderedPartialAggregateStream=73160
event	126696	refusal	OrderedPartialAggregateStream[1086]	1	453209	0	10488786	723	4	10191549	171543	RepartitionExec[Merge]=10191549;RepartitionExec=289821;OrderedPartialAggregateStream=7416
event	126727	refusal	RepartitionExec[0]	1	48663	151274	10487962	721	4	10191549	172019	RepartitionExec[Merge]=10191549;RepartitionExec=289821;OrderedPartialAggregateStream=6592
event	126748	refusal	RepartitionExec[1]	1	53273	138547	10553706	720	4	10191549	172258	RepartitionExec[Merge]=10191549;RepartitionExec=289821;OrderedPartialAggregateStream=5768
event	126762	refusal	RepartitionExec[0]	1	50237	151274	10553706	720	4	10191549	172258	RepartitionExec[Merge]=10191549;RepartitionExec=289821;OrderedPartialAggregateStream=5768
event	126774	refusal	OrderedPartialAggregateStream[59]	1	441095	0	10487962	720	4	10191549	172258	RepartitionExec[Merge]=10191549;RepartitionExec=289821;OrderedPartialAggregateStream=6592
event	126790	refusal	OrderedPartialAggregateStream[547]	1	220327	0	10487962	720	4	10191549	172258	RepartitionExec[Merge]=10191549;RepartitionExec=289821;OrderedPartialAggregateStream=6592
event	126806	refusal	RepartitionExec[0]	1	59451	151274	10487962	720	4	10191549	172258	RepartitionExec[Merge]=10191549;RepartitionExec=289821;OrderedPartialAggregateStream=6592
event	126822	refusal	OrderedPartialAggregateStream[806]	1	240532	0	10487962	720	4	10191549	172258	RepartitionExec[Merge]=10191549;RepartitionExec=289821;OrderedPartialAggregateStream=6592
event	126859	refusal	RepartitionExec[1]	1	48663	138547	10489610	720	4	10191549	172258	RepartitionExec[Merge]=10191549;RepartitionExec=289821;OrderedPartialAggregateStream=8240
event	126897	refusal	RepartitionExec[1]	1	50237	138547	10491258	720	4	10191549	172258	RepartitionExec[Merge]=10191549;RepartitionExec=289821;OrderedPartialAggregateStream=9888
event	126905	refusal	RepartitionExec[0]	1	105951	151274	10491258	720	4	10191549	172258	RepartitionExec[Merge]=10191549;RepartitionExec=289821;OrderedPartialAggregateStream=9888
event	126920	refusal	OrderedPartialAggregateStream[698]	1	225736	0	10492082	720	4	10191549	172258	RepartitionExec[Merge]=10191549;RepartitionExec=289821;OrderedPartialAggregateStream=10712
event	126942	refusal	RepartitionExec[0]	1	45630	151274	10491258	719	4	10191549	172498	RepartitionExec[Merge]=10191549;RepartitionExec=289821;OrderedPartialAggregateStream=9888
event	126961	refusal	RepartitionExec[1]	1	46305	138547	10491258	719	4	10191549	172498	RepartitionExec[Merge]=10191549;RepartitionExec=289821;OrderedPartialAggregateStream=9888
event	126971	refusal	RepartitionExec[0]	1	90668	151274	10491258	719	4	10191549	172498	RepartitionExec[Merge]=10191549;RepartitionExec=289821;OrderedPartialAggregateStream=9888
event	126987	refusal	RepartitionExec[0]	1	53273	151274	10490434	719	4	10191549	172498	RepartitionExec[Merge]=10191549;RepartitionExec=289821;OrderedPartialAggregateStream=9888
event	127002	refusal	OrderedPartialAggregateStream[1030]	1	250261	0	10491258	719	4	10191549	172498	RepartitionExec[Merge]=10191549;RepartitionExec=289821;OrderedPartialAggregateStream=10712
event	127016	refusal	RepartitionExec[0]	1	95275	151274	10490434	719	4	10191549	172498	RepartitionExec[Merge]=10191549;RepartitionExec=289821;OrderedPartialAggregateStream=9888
event	127025	refusal	RepartitionExec[1]	1	59451	138547	10490434	717	4	10191549	172979	RepartitionExec[Merge]=10191549;RepartitionExec=289821;OrderedPartialAggregateStream=9064
event	127041	refusal	RepartitionExec[0]	1	47652	151274	10490434	717	4	10191549	172979	RepartitionExec[Merge]=10191549;RepartitionExec=289821;OrderedPartialAggregateStream=9064
event	127070	refusal	RepartitionExec[1]	1	105951	138547	10490434	717	4	10191549	172979	RepartitionExec[Merge]=10191549;RepartitionExec=289821;OrderedPartialAggregateStream=9064
event	127077	refusal	OrderedPartialAggregateStream[735]	1	235420	0	10490434	717	4	10191549	172979	RepartitionExec[Merge]=10191549;RepartitionExec=289821;OrderedPartialAggregateStream=9064
event	127096	refusal	RepartitionExec[1]	1	45630	138547	10557002	717	4	10191549	172979	RepartitionExec[Merge]=10191549;RepartitionExec=289821;OrderedPartialAggregateStream=9064
event	127109	refusal	OrderedPartialAggregateStream[945]	1	252052	0	10557002	717	4	10191549	172979	RepartitionExec[Merge]=10191549;RepartitionExec=289821;OrderedPartialAggregateStream=9064
event	127122	refusal	OrderedPartialAggregateStream[152]	1	406598	0	10557002	717	4	10191549	172979	RepartitionExec[Merge]=10191549;RepartitionExec=289821;OrderedPartialAggregateStream=9064
event	127137	refusal	RepartitionExec[1]	1	53273	138547	10492082	717	4	10191549	172979	RepartitionExec[Merge]=10191549;RepartitionExec=289821;OrderedPartialAggregateStream=10712
event	127142	refusal	RepartitionExec[1]	1	95275	138547	10492082	717	4	10191549	172979	RepartitionExec[Merge]=10191549;RepartitionExec=289821;OrderedPartialAggregateStream=10712
event	127169	refusal	RepartitionExec[0]	1	56981	151274	10492082	717	4	10191549	172979	RepartitionExec[Merge]=10191549;RepartitionExec=289821;OrderedPartialAggregateStream=10712
event	127179	refusal	RepartitionExec[1]	1	47652	138547	10492082	717	4	10191549	172979	RepartitionExec[Merge]=10191549;RepartitionExec=289821;OrderedPartialAggregateStream=10712
event	127193	refusal	RepartitionExec[0]	1	51360	151274	10558650	717	4	10191549	172979	RepartitionExec[Merge]=10191549;RepartitionExec=289821;OrderedPartialAggregateStream=10712
event	127210	refusal	RepartitionExec[1]	1	90668	138547	10624178	717	4	10191549	172979	RepartitionExec[Merge]=10191549;RepartitionExec=289821;OrderedPartialAggregateStream=142808
event	127226	refusal	RepartitionExec[0]	1	57653	151274	10492906	716	4	10191549	173220	RepartitionExec[Merge]=10191549;RepartitionExec=289821;OrderedPartialAggregateStream=11536
event	127247	refusal	OrderedPartialAggregateStream[1166]	1	451202	0	10492906	716	4	10191549	173220	RepartitionExec[Merge]=10191549;RepartitionExec=289821;OrderedPartialAggregateStream=11536
event	127259	refusal	RepartitionExec[0]	1	77634	151274	10492082	715	4	10191549	173463	RepartitionExec[Merge]=10191549;RepartitionExec=289821;OrderedPartialAggregateStream=10712
event	127273	refusal	OrderedPartialAggregateStream[253]	1	241135	0	10491258	714	4	10191549	173706	RepartitionExec[Merge]=10191549;RepartitionExec=289821;OrderedPartialAggregateStream=9888
event	127278	refusal	OrderedPartialAggregateStream[620]	1	222748	0	10491258	714	4	10191549	173706	RepartitionExec[Merge]=10191549;RepartitionExec=289821;OrderedPartialAggregateStream=9888
event	127315	refusal	OrderedPartialAggregateStream[427]	1	206422	0	10490434	713	4	10191549	173949	RepartitionExec[Merge]=10191549;RepartitionExec=289821;OrderedPartialAggregateStream=9064
event	127377	refusal	RepartitionExec[0]	1	46529	151274	10490434	712	4	10191549	174194	RepartitionExec[Merge]=10191549;RepartitionExec=289821;OrderedPartialAggregateStream=9888
event	127380	refusal	RepartitionExec[1]	1	56981	138547	10490434	712	4	10191549	174194	RepartitionExec[Merge]=10191549;RepartitionExec=289821;OrderedPartialAggregateStream=9888
event	127402	refusal	RepartitionExec[0]	1	53497	151274	10492082	711	4	10191549	174439	RepartitionExec[Merge]=10191549;RepartitionExec=289821;OrderedPartialAggregateStream=10712
event	127425	refusal	RepartitionExec[0]	1	40348	151274	10492082	711	4	10191549	174439	RepartitionExec[Merge]=10191549;RepartitionExec=289821;OrderedPartialAggregateStream=10712
event	127435	refusal	RepartitionExec[0]	1	94488	151274	10492082	711	4	10191549	174439	RepartitionExec[Merge]=10191549;RepartitionExec=289821;OrderedPartialAggregateStream=10712
event	127471	refusal	RepartitionExec[1]	1	51360	138547	10492082	711	4	10191549	174439	RepartitionExec[Merge]=10191549;RepartitionExec=289821;OrderedPartialAggregateStream=10712
event	127507	refusal	RepartitionExec[1]	1	57653	138547	10492082	711	4	10191549	174439	RepartitionExec[Merge]=10191549;RepartitionExec=289821;OrderedPartialAggregateStream=10712
event	127533	refusal	OrderedPartialAggregateStream[894]	1	245572	0	10491258	711	4	10191549	174439	RepartitionExec[Merge]=10191549;RepartitionExec=289821;OrderedPartialAggregateStream=10712
event	127544	refusal	RepartitionExec[1]	1	40348	138547	10491258	711	4	10191549	174439	RepartitionExec[Merge]=10191549;RepartitionExec=289821;OrderedPartialAggregateStream=10712
event	127556	refusal	OrderedPartialAggregateStream[477]	1	233683	0	10490434	711	4	10191549	174439	RepartitionExec[Merge]=10191549;RepartitionExec=289821;OrderedPartialAggregateStream=10712
event	127566	refusal	RepartitionExec[1]	1	46529	138547	10490434	711	4	10191549	174439	RepartitionExec[Merge]=10191549;RepartitionExec=289821;OrderedPartialAggregateStream=10712
event	127578	refusal	OrderedPartialAggregateStream[830]	1	231892	0	10490434	710	4	10191549	174684	RepartitionExec[Merge]=10191549;RepartitionExec=289821;OrderedPartialAggregateStream=9888
event	127597	refusal	OrderedPartialAggregateStream[670]	1	220003	0	10490434	709	4	10191549	174931	RepartitionExec[Merge]=10191549;RepartitionExec=289821;OrderedPartialAggregateStream=9064
event	127644	refusal	RepartitionExec[0]	1	55183	151274	10491258	708	4	10191549	175178	RepartitionExec[Merge]=10191549;RepartitionExec=289821;OrderedPartialAggregateStream=9888
event	127652	refusal	RepartitionExec[0]	1	50688	151274	10490434	708	4	10191549	175178	RepartitionExec[Merge]=10191549;RepartitionExec=289821;OrderedPartialAggregateStream=9888
event	127667	refusal	RepartitionExec[1]	1	53497	138547	10491258	707	4	10191549	175425	RepartitionExec[Merge]=10191549;RepartitionExec=289821;OrderedPartialAggregateStream=9888
event	127695	refusal	RepartitionExec[0]	1	50013	151274	10491258	706	4	10191549	175674	RepartitionExec[Merge]=10191549;RepartitionExec=289821;OrderedPartialAggregateStream=9888
event	127697	refusal	RepartitionExec[0]	1	45518	151274	10491258	706	4	10191549	175674	RepartitionExec[Merge]=10191549;RepartitionExec=289821;OrderedPartialAggregateStream=9888
event	127738	refusal	OrderedPartialAggregateStream[896]	1	249937	0	10490434	705	4	10191549	175923	RepartitionExec[Merge]=10191549;RepartitionExec=289821;OrderedPartialAggregateStream=9064
event	127787	refusal	RepartitionExec[1]	1	55183	138547	10490434	705	4	10191549	175923	RepartitionExec[Merge]=10191549;RepartitionExec=289821;OrderedPartialAggregateStream=9064
event	127803	refusal	OrderedPartialAggregateStream[1140]	1	462974	0	10490434	705	4	10191549	175923	RepartitionExec[Merge]=10191549;RepartitionExec=289821;OrderedPartialAggregateStream=9064
event	127829	refusal	RepartitionExec[1]	1	94488	138547	10489610	704	4	10191549	176173	RepartitionExec[Merge]=10191549;RepartitionExec=289821;OrderedPartialAggregateStream=8240
event	127840	refusal	RepartitionExec[1]	1	50688	138547	10490434	704	4	10191549	176173	RepartitionExec[Merge]=10191549;RepartitionExec=289821;OrderedPartialAggregateStream=9064
event	127870	refusal	RepartitionExec[0]	1	56869	151274	10490434	704	4	10191549	176173	RepartitionExec[Merge]=10191549;RepartitionExec=289821;OrderedPartialAggregateStream=9064
event	127933	refusal	RepartitionExec[1]	1	50013	138547	10489610	702	4	10191549	176675	RepartitionExec[Merge]=10191549;RepartitionExec=289821;OrderedPartialAggregateStream=8240
event	127949	refusal	RepartitionExec[0]	1	98983	151274	10489610	702	4	10191549	176675	RepartitionExec[Merge]=10191549;RepartitionExec=289821;OrderedPartialAggregateStream=8240
event	127992	refusal	OrderedPartialAggregateStream[562]	1	225997	0	10488786	701	4	10191549	176927	RepartitionExec[Merge]=10191549;RepartitionExec=289821;OrderedPartialAggregateStream=7416
event	128009	refusal	RepartitionExec[1]	1	77634	138547	10488786	701	4	10191549	176927	RepartitionExec[Merge]=10191549;RepartitionExec=289821;OrderedPartialAggregateStream=7416
event	128049	refusal	RepartitionExec[1]	1	45518	138547	10487962	701	4	10191549	176927	RepartitionExec[Merge]=10191549;RepartitionExec=289821;OrderedPartialAggregateStream=7416
event	128065	refusal	OrderedPartialAggregateStream[310]	1	249982	0	10488786	700	4	10191549	177180	RepartitionExec[Merge]=10191549;RepartitionExec=289821;OrderedPartialAggregateStream=7416
event	128098	refusal	RepartitionExec[1]	1	56869	138547	10488786	700	4	10191549	177180	RepartitionExec[Merge]=10191549;RepartitionExec=289821;OrderedPartialAggregateStream=7416
event	128113	refusal	RepartitionExec[0]	1	47764	151274	10487962	700	4	10191549	177180	RepartitionExec[Merge]=10191549;RepartitionExec=289821;OrderedPartialAggregateStream=6592
event	128140	refusal	OrderedPartialAggregateStream[87]	1	433490	0	10487962	699	4	10191549	177433	RepartitionExec[Merge]=10191549;RepartitionExec=289821;OrderedPartialAggregateStream=6592
event	128159	refusal	RepartitionExec[1]	1	98983	138547	10488786	699	4	10191549	177433	RepartitionExec[Merge]=10191549;RepartitionExec=289821;OrderedPartialAggregateStream=7416
event	128193	refusal	RepartitionExec[0]	1	56869	151274	10487138	699	4	10191549	177433	RepartitionExec[Merge]=10191549;RepartitionExec=289821;OrderedPartialAggregateStream=7416
event	128207	refusal	OrderedPartialAggregateStream[60]	1	485627	0	10487138	697	4	10191549	177942	RepartitionExec[Merge]=10191549;RepartitionExec=289821;OrderedPartialAggregateStream=5768
event	128240	refusal	OrderedPartialAggregateStream[359]	1	228958	0	10486314	696	4	10191549	178198	RepartitionExec[Merge]=10191549;RepartitionExec=289821;OrderedPartialAggregateStream=4944
event	128255	refusal	RepartitionExec[1]	1	47764	138547	10486314	696	4	10191549	178198	RepartitionExec[Merge]=10191549;RepartitionExec=289821;OrderedPartialAggregateStream=4944
event	128265	refusal	OrderedPartialAggregateStream[564]	1	213451	0	10486314	696	4	10191549	178198	RepartitionExec[Merge]=10191549;RepartitionExec=289821;OrderedPartialAggregateStream=4944
event	128294	refusal	OrderedPartialAggregateStream[965]	1	395771	0	10486314	696	4	10191549	178198	RepartitionExec[Merge]=10191549;RepartitionExec=289821;OrderedPartialAggregateStream=5768
event	128313	refusal	RepartitionExec[0]	1	87747	151274	10486314	696	4	10191549	178198	RepartitionExec[Merge]=10191549;RepartitionExec=289821;OrderedPartialAggregateStream=5768
event	128327	refusal	RepartitionExec[1]	1	56869	138547	10487138	695	4	10191549	178454	RepartitionExec[Merge]=10191549;RepartitionExec=289821;OrderedPartialAggregateStream=5768
event	128345	refusal	OrderedPartialAggregateStream[910]	1	246778	0	10553706	695	4	10191549	178454	RepartitionExec[Merge]=10191549;RepartitionExec=289821;OrderedPartialAggregateStream=5768
event	128356	refusal	RepartitionExec[0]	1	48890	151274	10487962	695	4	10191549	178454	RepartitionExec[Merge]=10191549;RepartitionExec=289821;OrderedPartialAggregateStream=6592
event	128393	refusal	RepartitionExec[0]	1	43045	151274	10487962	694	4	10191549	178712	RepartitionExec[Merge]=10191549;RepartitionExec=289821;OrderedPartialAggregateStream=6592
event	128398	refusal	OrderedPartialAggregateStream[1130]	1	523669	0	10487962	694	4	10191549	178712	RepartitionExec[Merge]=10191549;RepartitionExec=289821;OrderedPartialAggregateStream=6592
event	128442	refusal	RepartitionExec[0]	1	107525	151274	10489610	694	4	10191549	178712	RepartitionExec[Merge]=10191549;RepartitionExec=289821;OrderedPartialAggregateStream=8240
event	128450	refusal	OrderedPartialAggregateStream[807]	1	234862	0	10489610	694	4	10191549	178712	RepartitionExec[Merge]=10191549;RepartitionExec=289821;OrderedPartialAggregateStream=8240
event	128460	refusal	RepartitionExec[0]	1	73475	151274	10489610	694	4	10191549	178712	RepartitionExec[Merge]=10191549;RepartitionExec=289821;OrderedPartialAggregateStream=8240
event	128469	refusal	RepartitionExec[0]	1	55631	151274	10489610	694	4	10191549	178712	RepartitionExec[Merge]=10191549;RepartitionExec=289821;OrderedPartialAggregateStream=8240
event	128550	refusal	OrderedPartialAggregateStream[1120]	1	834067	0	10686626	693	4	10191549	178969	RepartitionExec[Merge]=10191549;RepartitionExec=289821;OrderedPartialAggregateStream=7416
event	128560	refusal	OrderedPartialAggregateStream[700]	1	235807	0	10686626	693	4	10191549	178969	RepartitionExec[Merge]=10191549;RepartitionExec=289821;OrderedPartialAggregateStream=7416
event	128570	refusal	RepartitionExec[1]	1	43045	138547	10620882	693	4	10191549	178969	RepartitionExec[Merge]=10191549;RepartitionExec=289821;OrderedPartialAggregateStream=73984
event	128586	refusal	OrderedPartialAggregateStream[1169]	1	460112	0	10490434	693	4	10191549	178969	RepartitionExec[Merge]=10191549;RepartitionExec=289821;OrderedPartialAggregateStream=74808
event	128605	refusal	RepartitionExec[1]	1	48890	138547	10490434	693	4	10191549	178969	RepartitionExec[Merge]=10191549;RepartitionExec=289821;OrderedPartialAggregateStream=9064
event	128618	refusal	RepartitionExec[1]	1	107525	138547	10490434	693	4	10191549	178969	RepartitionExec[Merge]=10191549;RepartitionExec=289821;OrderedPartialAggregateStream=9064
event	128627	refusal	RepartitionExec[0]	1	116515	151274	10490434	693	4	10191549	178969	RepartitionExec[Merge]=10191549;RepartitionExec=289821;OrderedPartialAggregateStream=9064
event	128641	refusal	RepartitionExec[0]	1	51136	151274	10557002	693	4	10191549	178969	RepartitionExec[Merge]=10191549;RepartitionExec=289821;OrderedPartialAggregateStream=9064
event	128653	refusal	RepartitionExec[1]	1	73475	138547	10557002	693	4	10191549	178969	RepartitionExec[Merge]=10191549;RepartitionExec=289821;OrderedPartialAggregateStream=9064
event	128665	refusal	RepartitionExec[1]	1	55631	138547	10557002	693	4	10191549	178969	RepartitionExec[Merge]=10191549;RepartitionExec=289821;OrderedPartialAggregateStream=9064
event	128680	refusal	OrderedPartialAggregateStream[153]	1	422105	0	10491258	693	4	10191549	178969	RepartitionExec[Merge]=10191549;RepartitionExec=289821;OrderedPartialAggregateStream=9888
event	128701	refusal	RepartitionExec[1]	1	87747	138547	10490434	693	4	10191549	178969	RepartitionExec[Merge]=10191549;RepartitionExec=289821;OrderedPartialAggregateStream=9888
event	128711	refusal	RepartitionExec[0]	1	51475	151274	10490434	693	4	10191549	178969	RepartitionExec[Merge]=10191549;RepartitionExec=289821;OrderedPartialAggregateStream=9888
event	128718	refusal	OrderedPartialAggregateStream[428]	1	238120	0	10489610	691	4	10191549	179487	RepartitionExec[Merge]=10191549;RepartitionExec=289821;OrderedPartialAggregateStream=8240
event	128761	refusal	RepartitionExec[0]	1	97860	151274	10490434	691	4	10191549	179487	RepartitionExec[Merge]=10191549;RepartitionExec=289821;OrderedPartialAggregateStream=9064
event	128810	refusal	RepartitionExec[0]	1	83476	151274	10490434	689	4	10191549	180008	RepartitionExec[Merge]=10191549;RepartitionExec=289821;OrderedPartialAggregateStream=9064
event	128824	refusal	OrderedPartialAggregateStream[739]	1	233350	0	10490434	689	4	10191549	180008	RepartitionExec[Merge]=10191549;RepartitionExec=289821;OrderedPartialAggregateStream=9064
event	128837	refusal	RepartitionExec[0]	1	52374	151274	10490434	689	4	10191549	180008	RepartitionExec[Merge]=10191549;RepartitionExec=289821;OrderedPartialAggregateStream=9064
event	128851	refusal	RepartitionExec[1]	1	51136	138547	10489610	689	4	10191549	180008	RepartitionExec[Merge]=10191549;RepartitionExec=289821;OrderedPartialAggregateStream=9064
event	128871	refusal	OrderedPartialAggregateStream[1076]	1	430421	0	10489610	688	4	10191549	180270	RepartitionExec[Merge]=10191549;RepartitionExec=289821;OrderedPartialAggregateStream=8240
event	128893	refusal	OrderedPartialAggregateStream[1120]	1	260552	0	10489610	688	4	10191549	180270	RepartitionExec[Merge]=10191549;RepartitionExec=289821;OrderedPartialAggregateStream=8240
event	128927	refusal	RepartitionExec[1]	1	116515	138547	10490434	688	4	10191549	180270	RepartitionExec[Merge]=10191549;RepartitionExec=289821;OrderedPartialAggregateStream=9888
event	128943	refusal	RepartitionExec[1]	1	51475	138547	10490434	688	4	10191549	180270	RepartitionExec[Merge]=10191549;RepartitionExec=289821;OrderedPartialAggregateStream=9064
event	128953	refusal	RepartitionExec[0]	1	162316	151274	10490434	687	4	10191549	180533	RepartitionExec[Merge]=10191549;RepartitionExec=289821;OrderedPartialAggregateStream=9064
event	128971	refusal	OrderedPartialAggregateStream[478]	1	235501	0	10489610	687	4	10191549	180533	RepartitionExec[Merge]=10191549;RepartitionExec=289821;OrderedPartialAggregateStream=9064
event	128984	refusal	OrderedPartialAggregateStream[1135]	1	533740	0	10489610	687	4	10191549	180533	RepartitionExec[Merge]=10191549;RepartitionExec=289821;OrderedPartialAggregateStream=9064
event	128996	refusal	RepartitionExec[0]	1	50576	151274	10489610	686	4	10191549	180796	RepartitionExec[Merge]=10191549;RepartitionExec=289821;OrderedPartialAggregateStream=8240
event	129002	refusal	RepartitionExec[1]	1	83476	138547	10490434	686	4	10191549	180796	RepartitionExec[Merge]=10191549;RepartitionExec=289821;OrderedPartialAggregateStream=9064
event	129043	refusal	RepartitionExec[0]	1	86624	151274	10490434	686	4	10191549	180796	RepartitionExec[Merge]=10191549;RepartitionExec=289821;OrderedPartialAggregateStream=9064
event	129053	refusal	RepartitionExec[1]	1	52374	138547	10491258	686	4	10191549	180796	RepartitionExec[Merge]=10191549;RepartitionExec=289821;OrderedPartialAggregateStream=9888
event	129062	refusal	OrderedPartialAggregateStream[254]	1	273503	0	10491258	686	4	10191549	180796	RepartitionExec[Merge]=10191549;RepartitionExec=289821;OrderedPartialAggregateStream=9888
event	129089	refusal	RepartitionExec[0]	1	51360	151274	10491258	686	4	10191549	180796	RepartitionExec[Merge]=10191549;RepartitionExec=289821;OrderedPartialAggregateStream=9888
event	129098	refusal	RepartitionExec[1]	1	97860	138547	10491258	686	4	10191549	180796	RepartitionExec[Merge]=10191549;RepartitionExec=289821;OrderedPartialAggregateStream=9888
event	129155	refusal	OrderedPartialAggregateStream[946]	1	252763	0	10557002	685	4	10191549	181060	RepartitionExec[Merge]=10191549;RepartitionExec=289821;OrderedPartialAggregateStream=9888
event	129171	refusal	OrderedPartialAggregateStream[920]	1	265763	0	10491258	684	4	10191549	181324	RepartitionExec[Merge]=10191549;RepartitionExec=289821;OrderedPartialAggregateStream=9888
event	129189	refusal	RepartitionExec[0]	1	120335	151274	10491258	684	4	10191549	181324	RepartitionExec[Merge]=10191549;RepartitionExec=289821;OrderedPartialAggregateStream=9888
event	129206	refusal	RepartitionExec[0]	1	63047	151274	10491258	684	4	10191549	181324	RepartitionExec[Merge]=10191549;RepartitionExec=289821;OrderedPartialAggregateStream=9888
event	129222	refusal	RepartitionExec[1]	1	50576	138547	10491258	684	4	10191549	181324	RepartitionExec[Merge]=10191549;RepartitionExec=289821;OrderedPartialAggregateStream=9888
event	129237	refusal	RepartitionExec[1]	1	162316	138547	10557826	684	4	10191549	181324	RepartitionExec[Merge]=10191549;RepartitionExec=289821;OrderedPartialAggregateStream=76456
event	129247	refusal	OrderedPartialAggregateStream[602]	1	228094	0	10492082	684	4	10191549	181324	RepartitionExec[Merge]=10191549;RepartitionExec=289821;OrderedPartialAggregateStream=10712
event	129257	refusal	OrderedPartialAggregateStream[831]	1	232504	0	10491258	683	4	10191549	181590	RepartitionExec[Merge]=10191549;RepartitionExec=289821;OrderedPartialAggregateStream=9888
event	129276	refusal	RepartitionExec[0]	1	57880	151274	10557826	683	4	10191549	181590	RepartitionExec[Merge]=10191549;RepartitionExec=289821;OrderedPartialAggregateStream=9888
event	129290	refusal	RepartitionExec[1]	1	86624	138547	10492082	683	4	10191549	181590	RepartitionExec[Merge]=10191549;RepartitionExec=289821;OrderedPartialAggregateStream=10712
event	129312	refusal	RepartitionExec[1]	1	51360	138547	10491258	683	4	10191549	181590	RepartitionExec[Merge]=10191549;RepartitionExec=289821;OrderedPartialAggregateStream=10712
event	129327	refusal	RepartitionExec[0]	1	60126	151274	10558650	682	4	10191549	181856	RepartitionExec[Merge]=10191549;RepartitionExec=289821;OrderedPartialAggregateStream=77280
event	129355	refusal	RepartitionExec[0]	1	48551	151274	10492906	682	4	10191549	181856	RepartitionExec[Merge]=10191549;RepartitionExec=289821;OrderedPartialAggregateStream=11536
event	129363	refusal	RepartitionExec[0]	1	50237	151274	10492906	682	4	10191549	181856	RepartitionExec[Merge]=10191549;RepartitionExec=289821;OrderedPartialAggregateStream=11536
event	129390	refusal	RepartitionExec[1]	1	120335	138547	10492906	682	4	10191549	181856	RepartitionExec[Merge]=10191549;RepartitionExec=289821;OrderedPartialAggregateStream=11536
event	129422	refusal	OrderedPartialAggregateStream[61]	1	547996	0	10492082	681	4	10191549	182123	RepartitionExec[Merge]=10191549;RepartitionExec=289821;OrderedPartialAggregateStream=10712
event	129434	refusal	OrderedPartialAggregateStream[528]	1	226555	0	10492082	681	4	10191549	182123	RepartitionExec[Merge]=10191549;RepartitionExec=289821;OrderedPartialAggregateStream=10712
event	129441	refusal	RepartitionExec[1]	1	63047	138547	10492082	681	4	10191549	182123	RepartitionExec[Merge]=10191549;RepartitionExec=289821;OrderedPartialAggregateStream=10712
event	129459	refusal	OrderedPartialAggregateStream[671]	1	232252	0	10492082	681	4	10191549	182123	RepartitionExec[Merge]=10191549;RepartitionExec=289821;OrderedPartialAggregateStream=10712
event	129493	refusal	RepartitionExec[1]	1	50237	138547	10492082	680	4	10191549	182391	RepartitionExec[Merge]=10191549;RepartitionExec=289821;OrderedPartialAggregateStream=10712
event	129516	refusal	RepartitionExec[0]	1	47991	151274	10492082	680	4	10191549	182391	RepartitionExec[Merge]=10191549;RepartitionExec=289821;OrderedPartialAggregateStream=10712
event	129535	refusal	RepartitionExec[1]	1	57880	138547	10492082	680	4	10191549	182391	RepartitionExec[Merge]=10191549;RepartitionExec=289821;OrderedPartialAggregateStream=10712
event	129580	refusal	RepartitionExec[0]	1	50125	151274	10553990	678	4	10254281	182836	RepartitionExec[Merge]=10254281;RepartitionExec=289821;OrderedPartialAggregateStream=9888
event	129582	refusal	OrderedPartialAggregateStream[566]	1	223396	0	10685262	678	4	10254281	182836	RepartitionExec[Merge]=10254281;RepartitionExec=289821;OrderedPartialAggregateStream=9888
event	129625	refusal	RepartitionExec[1]	1	60126	138547	10566450	678	4	10254281	182836	RepartitionExec[Merge]=10254281;RepartitionExec=289821;OrderedPartialAggregateStream=10712
event	129634	refusal	RepartitionExec[0]	1	125729	151274	10674058	678	4	10265917	182819	RepartitionExec[Merge]=10265917;RepartitionExec=289821;OrderedPartialAggregateStream=10712
event	129652	refusal	RepartitionExec[1]	1	48551	138547	10608314	678	4	10306957	182759	RepartitionExec[Merge]=10306957;RepartitionExec=289821;OrderedPartialAggregateStream=11536
event	129667	refusal	RepartitionExec[0]	1	46753	151274	10608314	678	4	10306957	182759	RepartitionExec[Merge]=10306957;RepartitionExec=289821;OrderedPartialAggregateStream=11536
event	129716	refusal	OrderedPartialAggregateStream[154]	1	419126	0	10748346	676	4	10448637	183090	RepartitionExec[Merge]=10448637;RepartitionExec=289821;OrderedPartialAggregateStream=9888
event	129725	refusal	RepartitionExec[1]	1	50125	138547	10748346	676	4	10448637	183090	RepartitionExec[Merge]=10448637;RepartitionExec=289821;OrderedPartialAggregateStream=9888
event	129758	refusal	OrderedPartialAggregateStream[311]	1	262460	0	10812058	676	4	10512349	182996	RepartitionExec[Merge]=10512349;RepartitionExec=289821;OrderedPartialAggregateStream=9888
event	129799	refusal	RepartitionExec[1]	1	47991	138547	10876750	675	4	10577865	183170	RepartitionExec[Merge]=10577865;RepartitionExec=289821;OrderedPartialAggregateStream=9064
event	129878	refusal	OrderedPartialAggregateStream[569]	1	225448	0	10912290	674	4	10577865	183441	RepartitionExec[Merge]=10577865;RepartitionExec=289821;OrderedPartialAggregateStream=9888
event	129892	refusal	RepartitionExec[0]	1	82353	151274	10911466	672	4	10577865	183987	RepartitionExec[Merge]=10577865;RepartitionExec=289821;OrderedPartialAggregateStream=8240
event	129917	refusal	RepartitionExec[0]	1	58891	151274	10911466	672	4	10577865	183987	RepartitionExec[Merge]=10577865;RepartitionExec=289821;OrderedPartialAggregateStream=8240
event	129935	refusal	OrderedPartialAggregateStream[1088]	1	425381	0	11037130	672	4	10613405	183935	RepartitionExec[Merge]=10613405;RepartitionExec=289821;OrderedPartialAggregateStream=8240
event	129953	refusal	RepartitionExec[1]	1	125729	138547	11102874	672	4	10613405	183935	RepartitionExec[Merge]=10613405;RepartitionExec=289821;OrderedPartialAggregateStream=8240
event	129966	refusal	OrderedPartialAggregateStream[361]	1	230389	0	11102874	672	4	10739069	183748	RepartitionExec[Merge]=10739069;RepartitionExec=289821;OrderedPartialAggregateStream=8240
event	129980	refusal	RepartitionExec[1]	1	46753	138547	11037130	671	4	10739069	184021	RepartitionExec[Merge]=10739069;RepartitionExec=289821;OrderedPartialAggregateStream=8240
event	130007	refusal	RepartitionExec[0]	1	47540	151274	11101662	671	4	10803601	183925	RepartitionExec[Merge]=10803601;RepartitionExec=289821;OrderedPartialAggregateStream=8240
event	130076	refusal	RepartitionExec[0]	1	49450	151274	11101662	669	4	10803601	184475	RepartitionExec[Merge]=10803601;RepartitionExec=289821;OrderedPartialAggregateStream=8240
event	130113	refusal	RepartitionExec[0]	1	84714	151274	11125290	669	4	10803601	184475	RepartitionExec[Merge]=10803601;RepartitionExec=289821;OrderedPartialAggregateStream=8240
event	130132	refusal	OrderedPartialAggregateStream[832]	1	244393	0	11211770	668	4	10914533	184585	RepartitionExec[Merge]=10914533;RepartitionExec=289821;OrderedPartialAggregateStream=7416
event	130135	refusal	RepartitionExec[1]	1	47540	138547	11211770	668	4	10914533	184585	RepartitionExec[Merge]=10914533;RepartitionExec=289821;OrderedPartialAggregateStream=7416
event	130179	refusal	OrderedPartialAggregateStream[702]	1	229570	0	11210946	667	4	10914533	184862	RepartitionExec[Merge]=10914533;RepartitionExec=289821;OrderedPartialAggregateStream=6592
event	130195	refusal	OrderedPartialAggregateStream[966]	1	268778	0	11270250	667	4	10973837	184773	RepartitionExec[Merge]=10973837;RepartitionExec=289821;OrderedPartialAggregateStream=6592
event	130214	refusal	RepartitionExec[1]	1	49450	138547	11271074	667	4	10973837	184773	RepartitionExec[Merge]=10973837;RepartitionExec=289821;OrderedPartialAggregateStream=7416
event	130242	refusal	OrderedPartialAggregateStream[921]	1	247957	0	11357518	667	4	10992889	184744	RepartitionExec[Merge]=10992889;RepartitionExec=289821;OrderedPartialAggregateStream=7416
event	130248	refusal	RepartitionExec[0]	1	54732	151274	11357518	667	4	10992889	184744	RepartitionExec[Merge]=10992889;RepartitionExec=289821;OrderedPartialAggregateStream=7416
event	130261	refusal	OrderedPartialAggregateStream[1170]	1	475601	0	11358342	667	4	11060281	184643	RepartitionExec[Merge]=11060281;RepartitionExec=289821;OrderedPartialAggregateStream=8240
event	130284	refusal	RepartitionExec[1]	1	82353	138547	11358342	667	4	11060281	184643	RepartitionExec[Merge]=11060281;RepartitionExec=289821;OrderedPartialAggregateStream=8240
event	130291	refusal	RepartitionExec[0]	1	49114	151274	11424910	667	4	11060281	184643	RepartitionExec[Merge]=11060281;RepartitionExec=289821;OrderedPartialAggregateStream=8240
event	130306	refusal	RepartitionExec[1]	1	84714	138547	11423206	667	4	11124321	184547	RepartitionExec[Merge]=11124321;RepartitionExec=289821;OrderedPartialAggregateStream=9064
event	130331	refusal	RepartitionExec[0]	1	61249	151274	11423206	666	4	11124321	184824	RepartitionExec[Merge]=11124321;RepartitionExec=289821;OrderedPartialAggregateStream=9064
event	130352	refusal	OrderedPartialAggregateStream[621]	1	224764	0	11423206	666	4	11124321	184824	RepartitionExec[Merge]=11124321;RepartitionExec=289821;OrderedPartialAggregateStream=9064
event	130360	refusal	RepartitionExec[1]	1	58891	138547	11423206	666	4	11124321	184824	RepartitionExec[Merge]=11124321;RepartitionExec=289821;OrderedPartialAggregateStream=9064
event	130373	refusal	RepartitionExec[0]	1	56082	151274	11423206	666	4	11124321	184824	RepartitionExec[Merge]=11124321;RepartitionExec=289821;OrderedPartialAggregateStream=9064
event	130399	refusal	RepartitionExec[1]	1	49114	138547	11488538	665	4	11190477	185003	RepartitionExec[Merge]=11190477;RepartitionExec=289821;OrderedPartialAggregateStream=8240
event	130437	refusal	OrderedPartialAggregateStream[429]	1	229588	0	11490186	665	4	11190477	185003	RepartitionExec[Merge]=11190477;RepartitionExec=289821;OrderedPartialAggregateStream=9888
event	130452	refusal	RepartitionExec[0]	1	103705	151274	11490186	665	4	11190477	185003	RepartitionExec[Merge]=11190477;RepartitionExec=289821;OrderedPartialAggregateStream=9888
event	130466	refusal	RepartitionExec[0]	1	47316	151274	11490186	665	4	11190477	185003	RepartitionExec[Merge]=11190477;RepartitionExec=289821;OrderedPartialAggregateStream=9888
event	130475	refusal	RepartitionExec[1]	1	54732	138547	11489362	664	4	11190477	185282	RepartitionExec[Merge]=11190477;RepartitionExec=289821;OrderedPartialAggregateStream=9064
event	130515	refusal	OrderedPartialAggregateStream[88]	1	440195	0	11489362	663	4	11190477	185561	RepartitionExec[Merge]=11190477;RepartitionExec=289821;OrderedPartialAggregateStream=9064
event	130547	refusal	RepartitionExec[0]	1	49114	151274	11489362	663	4	11190477	185561	RepartitionExec[Merge]=11190477;RepartitionExec=289821;OrderedPartialAggregateStream=9064
event	130573	refusal	OrderedPartialAggregateStream[1141]	1	451805	0	11510754	663	4	11190477	185561	RepartitionExec[Merge]=11190477;RepartitionExec=289821;OrderedPartialAggregateStream=9064
event	130579	refusal	RepartitionExec[1]	1	61249	138547	11510754	663	4	11211869	185529	RepartitionExec[Merge]=11211869;RepartitionExec=289821;OrderedPartialAggregateStream=9064
event	130628	refusal	RepartitionExec[1]	1	56082	138547	11585482	662	4	11287421	185695	RepartitionExec[Merge]=11287421;RepartitionExec=289821;OrderedPartialAggregateStream=8240
event	130665	refusal	RepartitionExec[1]	1	103705	138547	11652134	662	4	11353249	185595	RepartitionExec[Merge]=11353249;RepartitionExec=289821;OrderedPartialAggregateStream=9064
event	130668	refusal	OrderedPartialAggregateStream[479]	1	230461	0	11652134	662	4	11353249	185595	RepartitionExec[Merge]=11353249;RepartitionExec=289821;OrderedPartialAggregateStream=9064
event	130696	refusal	RepartitionExec[1]	1	47316	138547	11667118	662	4	11353249	185595	RepartitionExec[Merge]=11353249;RepartitionExec=289821;OrderedPartialAggregateStream=9064
event	130708	refusal	RepartitionExec[0]	1	90332	151274	11720062	662	4	11421177	185493	RepartitionExec[Merge]=11421177;RepartitionExec=289821;OrderedPartialAggregateStream=9064
event	130716	refusal	OrderedPartialAggregateStream[255]	1	234835	0	11720886	662	4	11421177	185493	RepartitionExec[Merge]=11421177;RepartitionExec=289821;OrderedPartialAggregateStream=9888
event	130758	refusal	RepartitionExec[0]	1	94715	151274	11721710	662	4	11421177	185493	RepartitionExec[Merge]=11421177;RepartitionExec=289821;OrderedPartialAggregateStream=10712
event	130770	refusal	RepartitionExec[1]	1	49114	138547	11721710	662	4	11421177	185493	RepartitionExec[Merge]=11421177;RepartitionExec=289821;OrderedPartialAggregateStream=10712
event	130793	refusal	RepartitionExec[0]	1	49450	151274	11788278	662	4	11421177	185493	RepartitionExec[Merge]=11421177;RepartitionExec=289821;OrderedPartialAggregateStream=10712
event	130809	refusal	OrderedPartialAggregateStream[672]	1	220651	0	11721710	661	4	11421177	185773	RepartitionExec[Merge]=11421177;RepartitionExec=289821;OrderedPartialAggregateStream=10712
event	130826	refusal	RepartitionExec[0]	1	51136	151274	11721710	661	4	11421177	185773	RepartitionExec[Merge]=11421177;RepartitionExec=289821;OrderedPartialAggregateStream=10712
event	130865	refusal	RepartitionExec[1]	1	90332	138547	11814306	661	4	11513773	185633	RepartitionExec[Merge]=11513773;RepartitionExec=289821;OrderedPartialAggregateStream=10712
event	130897	refusal	RepartitionExec[1]	1	94715	138547	11880610	660	4	11580077	185814	RepartitionExec[Merge]=11580077;RepartitionExec=289821;OrderedPartialAggregateStream=10712
event	130908	refusal	OrderedPartialAggregateStream[740]	1	234907	0	11880610	660	4	11580077	185814	RepartitionExec[Merge]=11580077;RepartitionExec=289821;OrderedPartialAggregateStream=10712
event	130923	refusal	RepartitionExec[0]	1	45742	151274	11880610	660	4	11580077	185814	RepartitionExec[Merge]=11580077;RepartitionExec=289821;OrderedPartialAggregateStream=10712
event	130965	refusal	OrderedPartialAggregateStream[155]	1	413204	0	11970578	659	4	11670869	185958	RepartitionExec[Merge]=11670869;RepartitionExec=289821;OrderedPartialAggregateStream=9888
event	131000	refusal	RepartitionExec[0]	1	51136	151274	12031358	658	4	11731649	186149	RepartitionExec[Merge]=11731649;RepartitionExec=289821;OrderedPartialAggregateStream=9888
event	131095	refusal	RepartitionExec[0]	1	80104	151274	12165070	657	4	11865361	186228	RepartitionExec[Merge]=11865361;RepartitionExec=289821;OrderedPartialAggregateStream=9888
event	131096	refusal	OrderedPartialAggregateStream[62]	1	946504	0	12165070	657	4	11865361	186228	RepartitionExec[Merge]=11865361;RepartitionExec=289821;OrderedPartialAggregateStream=9888
event	131103	refusal	OrderedPartialAggregateStream[947]	1	242845	0	12165070	657	4	11865361	186228	RepartitionExec[Merge]=11865361;RepartitionExec=289821;OrderedPartialAggregateStream=9888
event	131198	refusal	OrderedPartialAggregateStream[833]	1	247111	0	12165894	657	4	11865361	186228	RepartitionExec[Merge]=11865361;RepartitionExec=289821;OrderedPartialAggregateStream=10712
event	131201	refusal	RepartitionExec[0]	1	54172	151274	12165894	657	4	11865361	186228	RepartitionExec[Merge]=11865361;RepartitionExec=289821;OrderedPartialAggregateStream=10712
event	131327	refusal	RepartitionExec[0]	1	55743	151274	12225526	656	4	11924993	186421	RepartitionExec[Merge]=11924993;RepartitionExec=289821;OrderedPartialAggregateStream=10712
event	131356	refusal	RepartitionExec[1]	1	49450	138547	12274134	656	4	11973601	186347	RepartitionExec[Merge]=11973601;RepartitionExec=289821;OrderedPartialAggregateStream=10712
event	131372	refusal	OrderedPartialAggregateStream[571]	1	215629	0	12325022	656	4	12024489	186270	RepartitionExec[Merge]=12024489;RepartitionExec=289821;OrderedPartialAggregateStream=10712
event	131427	refusal	OrderedPartialAggregateStream[1171]	1	474431	0	12372334	656	4	12071801	186198	RepartitionExec[Merge]=12071801;RepartitionExec=289821;OrderedPartialAggregateStream=10712
event	131441	refusal	OrderedPartialAggregateStream[62]	1	260680	0	12425834	656	4	12124477	186117	RepartitionExec[Merge]=12124477;RepartitionExec=289821;OrderedPartialAggregateStream=11536
event	131453	refusal	RepartitionExec[0]	1	43832	151274	12426658	656	4	12124477	186117	RepartitionExec[Merge]=12124477;RepartitionExec=289821;OrderedPartialAggregateStream=12360
event	131518	refusal	OrderedPartialAggregateStream[1050]	1	425975	0	12543414	656	4	12229993	185956	RepartitionExec[Merge]=12229993;RepartitionExec=289821;OrderedPartialAggregateStream=12360
event	131528	refusal	RepartitionExec[0]	1	204905	151274	12583062	656	4	12280881	185879	RepartitionExec[Merge]=12280881;RepartitionExec=289821;OrderedPartialAggregateStream=12360
event	131561	refusal	RepartitionExec[0]	1	103254	151274	12583886	656	4	12280881	185879	RepartitionExec[Merge]=12280881;RepartitionExec=289821;OrderedPartialAggregateStream=13184
event	131601	refusal	OrderedPartialAggregateStream[1077]	1	423680	0	12635086	656	4	12332081	185801	RepartitionExec[Merge]=12332081;RepartitionExec=289821;OrderedPartialAggregateStream=13184
event	131651	refusal	RepartitionExec[0]	1	84938	151274	12679662	656	4	12375833	185734	RepartitionExec[Merge]=12375833;RepartitionExec=289821;OrderedPartialAggregateStream=14008
event	131713	refusal	RepartitionExec[0]	1	84039	151274	12795726	656	4	12491073	185558	RepartitionExec[Merge]=12491073;RepartitionExec=289821;OrderedPartialAggregateStream=14832
event	132737	release_after_refusal	RepartitionExec[0]	1	55071	96203	14031479	656	4	13781897		RepartitionExec[Merge]=13781897;RepartitionExec=234750;OrderedPartialAggregateStream=14832
event	133563	refusal	OrderedPartialAggregateStream[26]	1	839327	824	14104442	656	4	13951063	183333	RepartitionExec[Merge]=13951063;RepartitionExec=138547;OrderedPartialAggregateStream=14832
event	133935	refusal	OrderedPartialAggregateStream[26]	1	259728	824	14104442	656	4	13951063	183333	RepartitionExec[Merge]=13951063;RepartitionExec=138547;OrderedPartialAggregateStream=14832
event	133970	refusal	RepartitionExec[1]	1	164677	138547	14269119	656	4	13951063	183333	RepartitionExec[Merge]=13951063;RepartitionExec=303224;OrderedPartialAggregateStream=14832
event	134060	release_after_refusal	OrderedPartialAggregateStream[26]	1	824	0	14268295	656	4	13951063		RepartitionExec[Merge]=13951063;RepartitionExec=303224;OrderedPartialAggregateStream=14008
event	134305	refusal	OrderedPartialAggregateStream[930]	1	251215	0	14268295	655	4	13951063	183613	RepartitionExec[Merge]=13951063;RepartitionExec=303224;OrderedPartialAggregateStream=14008
event	134390	refusal	RepartitionExec[0]	1	57317	164677	14269119	655	4	13951063	183613	RepartitionExec[Merge]=13951063;RepartitionExec=303224;OrderedPartialAggregateStream=14832
event	141744	refusal	RepartitionExec[1]	1	51136	138547	14269119	655	4	13951063	183613	RepartitionExec[Merge]=13951063;RepartitionExec=303224;OrderedPartialAggregateStream=14832
event	141870	refusal	RepartitionExec[1]	1	45742	138547	14266647	652	4	13951063	184458	RepartitionExec[Merge]=13951063;RepartitionExec=303224;OrderedPartialAggregateStream=12360
event	141924	refusal	RepartitionExec[1]	1	80104	138547	14265823	651	4	13951063	184741	RepartitionExec[Merge]=13951063;RepartitionExec=303224;OrderedPartialAggregateStream=11536
event	141942	refusal	RepartitionExec[1]	1	54172	138547	14265823	651	4	13951063	184741	RepartitionExec[Merge]=13951063;RepartitionExec=303224;OrderedPartialAggregateStream=11536
event	142015	refusal	RepartitionExec[1]	1	55743	138547	14265823	651	4	13951063	184741	RepartitionExec[Merge]=13951063;RepartitionExec=303224;OrderedPartialAggregateStream=11536
event	142086	refusal	OrderedPartialAggregateStream[529]	1	220903	0	14308007	649	4	13951063	185310	RepartitionExec[Merge]=13951063;RepartitionExec=347056;OrderedPartialAggregateStream=9888
event	142158	refusal	RepartitionExec[1]	1	204905	182379	14374575	649	4	13951063	185310	RepartitionExec[Merge]=13951063;RepartitionExec=347056;OrderedPartialAggregateStream=9888
event	142170	refusal	RepartitionExec[1]	1	103254	182379	14308831	649	4	13951063	185310	RepartitionExec[Merge]=13951063;RepartitionExec=347056;OrderedPartialAggregateStream=10712
event	142197	refusal	RepartitionExec[0]	1	45854	164677	14308831	649	4	13951063	185310	RepartitionExec[Merge]=13951063;RepartitionExec=347056;OrderedPartialAggregateStream=10712
event	142205	refusal	RepartitionExec[1]	1	84938	182379	14308831	649	4	13951063	185310	RepartitionExec[Merge]=13951063;RepartitionExec=347056;OrderedPartialAggregateStream=10712
event	142223	refusal	RepartitionExec[1]	1	84039	182379	14308831	649	4	13951063	185310	RepartitionExec[Merge]=13951063;RepartitionExec=347056;OrderedPartialAggregateStream=10712
event	142227	refusal	OrderedPartialAggregateStream[363]	1	225727	0	14308831	649	4	13951063	185310	RepartitionExec[Merge]=13951063;RepartitionExec=347056;OrderedPartialAggregateStream=10712
event	142241	refusal	OrderedPartialAggregateStream[90]	1	423887	0	14308831	649	4	13951063	185310	RepartitionExec[Merge]=13951063;RepartitionExec=347056;OrderedPartialAggregateStream=10712
event	142257	refusal	RepartitionExec[1]	1	57317	182379	14308831	649	4	13951063	185310	RepartitionExec[Merge]=13951063;RepartitionExec=347056;OrderedPartialAggregateStream=10712
event	142266	refusal	OrderedPartialAggregateStream[480]	1	221281	0	14308831	649	4	13951063	185310	RepartitionExec[Merge]=13951063;RepartitionExec=347056;OrderedPartialAggregateStream=10712
event	142275	refusal	RepartitionExec[1]	1	51136	182379	14308831	649	4	13951063	185310	RepartitionExec[Merge]=13951063;RepartitionExec=347056;OrderedPartialAggregateStream=10712
event	142302	refusal	OrderedPartialAggregateStream[1136]	1	445883	0	14308831	649	4	13951063	185310	RepartitionExec[Merge]=13951063;RepartitionExec=347056;OrderedPartialAggregateStream=11536
event	142310	refusal	OrderedPartialAggregateStream[430]	1	223036	0	14308831	649	4	13951063	185310	RepartitionExec[Merge]=13951063;RepartitionExec=347056;OrderedPartialAggregateStream=11536
event	142318	refusal	RepartitionExec[0]	1	47652	164677	14308831	648	4	13951063	185596	RepartitionExec[Merge]=13951063;RepartitionExec=347056;OrderedPartialAggregateStream=10712
event	142361	refusal	RepartitionExec[0]	1	45966	164677	14309655	648	4	13951063	185596	RepartitionExec[Merge]=13951063;RepartitionExec=347056;OrderedPartialAggregateStream=11536
event	142393	refusal	RepartitionExec[0]	1	46641	164677	14309655	647	4	13951063	185883	RepartitionExec[Merge]=13951063;RepartitionExec=347056;OrderedPartialAggregateStream=11536
event	142408	refusal	RepartitionExec[0]	1	84151	164677	14309655	646	4	13951063	186171	RepartitionExec[Merge]=13951063;RepartitionExec=347056;OrderedPartialAggregateStream=11536
event	142480	refusal	RepartitionExec[0]	1	92466	164677	14308007	644	4	13951063	186749	RepartitionExec[Merge]=13951063;RepartitionExec=347056;OrderedPartialAggregateStream=9888
event	142483	refusal	RepartitionExec[1]	1	45854	182379	14308007	643	4	13951063	187039	RepartitionExec[Merge]=13951063;RepartitionExec=347056;OrderedPartialAggregateStream=9888
event	142547	refusal	OrderedPartialAggregateStream[705]	1	220390	0	14308007	643	4	13951063	187039	RepartitionExec[Merge]=13951063;RepartitionExec=347056;OrderedPartialAggregateStream=9888
event	142555	refusal	RepartitionExec[1]	1	84151	182379	14308007	643	4	13951063	187039	RepartitionExec[Merge]=13951063;RepartitionExec=347056;OrderedPartialAggregateStream=9888
event	142636	refusal	RepartitionExec[1]	1	47652	182379	14307183	642	4	13951063	187331	RepartitionExec[Merge]=13951063;RepartitionExec=347056;OrderedPartialAggregateStream=9888
event	142651	refusal	RepartitionExec[0]	1	45630	164677	14307183	641	4	13951063	187623	RepartitionExec[Merge]=13951063;RepartitionExec=347056;OrderedPartialAggregateStream=9064
event	142670	refusal	OrderedPartialAggregateStream[340]	1	242611	0	14307183	641	4	13951063	187623	RepartitionExec[Merge]=13951063;RepartitionExec=347056;OrderedPartialAggregateStream=9064
event	142677	refusal	OrderedPartialAggregateStream[834]	1	243178	0	14307183	641	4	13951063	187623	RepartitionExec[Merge]=13951063;RepartitionExec=347056;OrderedPartialAggregateStream=9064
event	142682	refusal	RepartitionExec[1]	1	46641	182379	14306359	640	4	13951063	187916	RepartitionExec[Merge]=13951063;RepartitionExec=347056;OrderedPartialAggregateStream=8240
event	142758	refusal	RepartitionExec[0]	1	54057	164677	14307183	640	4	13951063	187916	RepartitionExec[Merge]=13951063;RepartitionExec=347056;OrderedPartialAggregateStream=9064
event	142780	refusal	OrderedPartialAggregateStream[988]	1	267338	0	14372103	638	4	13951063	188505	RepartitionExec[Merge]=13951063;RepartitionExec=347056;OrderedPartialAggregateStream=7416
event	142792	refusal	RepartitionExec[1]	1	45630	182379	14306359	638	4	13951063	188505	RepartitionExec[Merge]=13951063;RepartitionExec=347056;OrderedPartialAggregateStream=8240
event	142820	refusal	RepartitionExec[0]	1	54284	164677	14306359	638	4	13951063	188505	RepartitionExec[Merge]=13951063;RepartitionExec=347056;OrderedPartialAggregateStream=8240
event	142849	refusal	RepartitionExec[1]	1	45966	182379	14304711	636	4	13951063	189098	RepartitionExec[Merge]=13951063;RepartitionExec=347056;OrderedPartialAggregateStream=6592
event	142892	refusal	RepartitionExec[1]	1	92466	182379	14305535	636	4	13951063	189098	RepartitionExec[Merge]=13951063;RepartitionExec=347056;OrderedPartialAggregateStream=7416
event	142905	refusal	RepartitionExec[0]	1	60689	164677	14305535	636	4	13951063	189098	RepartitionExec[Merge]=13951063;RepartitionExec=347056;OrderedPartialAggregateStream=7416
event	142943	refusal	RepartitionExec[1]	1	54284	182379	14304711	635	4	13951063	189396	RepartitionExec[Merge]=13951063;RepartitionExec=347056;OrderedPartialAggregateStream=6592
event	143019	refusal	RepartitionExec[1]	1	54057	182379	14303887	634	4	13951063	189695	RepartitionExec[Merge]=13951063;RepartitionExec=347056;OrderedPartialAggregateStream=5768
event	143035	refusal	OrderedPartialAggregateStream[967]	1	402017	0	14303063	633	4	13951063	189994	RepartitionExec[Merge]=13951063;RepartitionExec=347056;OrderedPartialAggregateStream=4944
event	143052	refusal	OrderedPartialAggregateStream[312]	1	265538	0	14303063	633	4	13951063	189994	RepartitionExec[Merge]=13951063;RepartitionExec=347056;OrderedPartialAggregateStream=4944
event	143081	refusal	OrderedPartialAggregateStream[574]	1	224233	0	14302239	632	4	13951063	190295	RepartitionExec[Merge]=13951063;RepartitionExec=347056;OrderedPartialAggregateStream=4120
event	143123	refusal	OrderedPartialAggregateStream[91]	1	408452	0	14302239	632	4	13951063	190295	RepartitionExec[Merge]=13951063;RepartitionExec=347056;OrderedPartialAggregateStream=4120
event	143152	refusal	RepartitionExec[1]	1	60689	182379	14500079	632	4	13951063	190295	RepartitionExec[Merge]=13951063;RepartitionExec=347056;OrderedPartialAggregateStream=4120
event	143164	refusal	OrderedPartialAggregateStream[922]	1	264890	0	14303887	631	4	13951063	190596	RepartitionExec[Merge]=13951063;RepartitionExec=347056;OrderedPartialAggregateStream=5768
event	143193	refusal	RepartitionExec[0]	1	60014	164677	14303063	631	4	13951063	190596	RepartitionExec[Merge]=13951063;RepartitionExec=347056;OrderedPartialAggregateStream=5768
event	143222	refusal	RepartitionExec[0]	1	75836	164677	14303063	631	4	13951063	190596	RepartitionExec[Merge]=13951063;RepartitionExec=347056;OrderedPartialAggregateStream=5768
event	143236	refusal	RepartitionExec[0]	1	47092	164677	14303063	631	4	13951063	190596	RepartitionExec[Merge]=13951063;RepartitionExec=347056;OrderedPartialAggregateStream=5768
event	143252	refusal	OrderedPartialAggregateStream[673]	1	234349	0	14304711	630	4	13951063	190899	RepartitionExec[Merge]=13951063;RepartitionExec=347056;OrderedPartialAggregateStream=6592
event	143286	refusal	RepartitionExec[0]	1	59790	164677	14303887	630	4	13951063	190899	RepartitionExec[Merge]=13951063;RepartitionExec=347056;OrderedPartialAggregateStream=5768
event	143302	refusal	OrderedPartialAggregateStream[622]	1	218239	0	14303887	630	4	13951063	190899	RepartitionExec[Merge]=13951063;RepartitionExec=347056;OrderedPartialAggregateStream=5768
event	143315	refusal	RepartitionExec[1]	1	60014	182379	14303887	630	4	13951063	190899	RepartitionExec[Merge]=13951063;RepartitionExec=347056;OrderedPartialAggregateStream=5768
event	143328	refusal	RepartitionExec[0]	1	78306	164677	14303887	629	4	13951063	191202	RepartitionExec[Merge]=13951063;RepartitionExec=347056;OrderedPartialAggregateStream=5768
event	143367	refusal	RepartitionExec[1]	1	75836	182379	14304711	629	4	13951063	191202	RepartitionExec[Merge]=13951063;RepartitionExec=347056;OrderedPartialAggregateStream=6592
event	143376	refusal	OrderedPartialAggregateStream[481]	1	229876	0	14371279	629	4	13951063	191202	RepartitionExec[Merge]=13951063;RepartitionExec=347056;OrderedPartialAggregateStream=73160
event	143379	refusal	OrderedPartialAggregateStream[560]	1	222991	0	14305535	629	4	13951063	191202	RepartitionExec[Merge]=13951063;RepartitionExec=347056;OrderedPartialAggregateStream=73160
event	143388	refusal	RepartitionExec[0]	1	50912	164677	14305535	629	4	13951063	191202	RepartitionExec[Merge]=13951063;RepartitionExec=347056;OrderedPartialAggregateStream=73160
event	143394	refusal	OrderedPartialAggregateStream[256]	1	242854	0	14305535	629	4	13951063	191202	RepartitionExec[Merge]=13951063;RepartitionExec=347056;OrderedPartialAggregateStream=73160
event	143405	refusal	RepartitionExec[1]	1	47092	182379	14305535	629	4	13951063	191202	RepartitionExec[Merge]=13951063;RepartitionExec=347056;OrderedPartialAggregateStream=7416
event	143432	refusal	RepartitionExec[0]	1	44843	164677	14305535	629	4	13951063	191202	RepartitionExec[Merge]=13951063;RepartitionExec=347056;OrderedPartialAggregateStream=7416
event	143448	refusal	RepartitionExec[1]	1	59790	182379	14305535	629	4	13951063	191202	RepartitionExec[Merge]=13951063;RepartitionExec=347056;OrderedPartialAggregateStream=7416
event	143488	refusal	OrderedPartialAggregateStream[1091]	1	443804	0	14307183	628	4	13951063	191507	RepartitionExec[Merge]=13951063;RepartitionExec=347056;OrderedPartialAggregateStream=9064
event	143489	refusal	OrderedPartialAggregateStream[835]	1	236995	0	14307183	628	4	13951063	191507	RepartitionExec[Merge]=13951063;RepartitionExec=347056;OrderedPartialAggregateStream=9064
event	143503	refusal	RepartitionExec[0]	1	54172	164677	14306359	628	4	13951063	191507	RepartitionExec[Merge]=13951063;RepartitionExec=347056;OrderedPartialAggregateStream=8240
event	143507	refusal	RepartitionExec[0]	1	46641	164677	14306359	628	4	13951063	191507	RepartitionExec[Merge]=13951063;RepartitionExec=347056;OrderedPartialAggregateStream=8240
event	143522	refusal	RepartitionExec[0]	1	49226	164677	14306359	627	4	13951063	191812	RepartitionExec[Merge]=13951063;RepartitionExec=347056;OrderedPartialAggregateStream=8240
event	143557	refusal	OrderedPartialAggregateStream[1186]	1	922204	0	14305535	626	4	13951063	192119	RepartitionExec[Merge]=13951063;RepartitionExec=347056;OrderedPartialAggregateStream=7416
event	143570	refusal	RepartitionExec[1]	1	50912	182379	14306359	626	4	13951063	192119	RepartitionExec[Merge]=13951063;RepartitionExec=347056;OrderedPartialAggregateStream=8240
event	143604	refusal	OrderedPartialAggregateStream[341]	1	235168	0	14306359	626	4	13951063	192119	RepartitionExec[Merge]=13951063;RepartitionExec=347056;OrderedPartialAggregateStream=8240
event	143611	refusal	RepartitionExec[0]	1	51923	164677	14307183	626	4	13951063	192119	RepartitionExec[Merge]=13951063;RepartitionExec=347056;OrderedPartialAggregateStream=9064
event	143618	refusal	RepartitionExec[1]	1	44843	182379	14307183	626	4	13951063	192119	RepartitionExec[Merge]=13951063;RepartitionExec=347056;OrderedPartialAggregateStream=9064
event	143632	refusal	RepartitionExec[1]	1	78306	182379	14307183	626	4	13951063	192119	RepartitionExec[Merge]=13951063;RepartitionExec=347056;OrderedPartialAggregateStream=9064
event	143652	refusal	RepartitionExec[0]	1	91679	164677	14307183	626	4	13951063	192119	RepartitionExec[Merge]=13951063;RepartitionExec=347056;OrderedPartialAggregateStream=9064
event	143693	refusal	RepartitionExec[1]	1	54172	182379	14307183	625	4	13951063	192426	RepartitionExec[Merge]=13951063;RepartitionExec=347056;OrderedPartialAggregateStream=9064
event	143733	refusal	RepartitionExec[0]	1	51248	164677	14306359	624	4	13951063	192735	RepartitionExec[Merge]=13951063;RepartitionExec=347056;OrderedPartialAggregateStream=8240
event	143770	refusal	RepartitionExec[1]	1	49226	182379	14306359	624	4	13951063	192735	RepartitionExec[Merge]=13951063;RepartitionExec=347056;OrderedPartialAggregateStream=8240
event	143809	refusal	OrderedPartialAggregateStream[1142]	1	788680	0	14305535	624	4	13951063	192735	RepartitionExec[Merge]=13951063;RepartitionExec=347056;OrderedPartialAggregateStream=8240
event	143811	refusal	OrderedPartialAggregateStream[431]	1	226348	0	14305535	624	4	13951063	192735	RepartitionExec[Merge]=13951063;RepartitionExec=347056;OrderedPartialAggregateStream=7416
event	143817	refusal	RepartitionExec[1]	1	51923	182379	14305535	623	4	13951063	193044	RepartitionExec[Merge]=13951063;RepartitionExec=347056;OrderedPartialAggregateStream=7416
event	143844	refusal	OrderedPartialAggregateStream[1186]	1	260552	0	14305535	623	4	13951063	193044	RepartitionExec[Merge]=13951063;RepartitionExec=347056;OrderedPartialAggregateStream=7416
event	143865	refusal	OrderedPartialAggregateStream[741]	1	227455	0	14372927	623	4	13951063	193044	RepartitionExec[Merge]=13951063;RepartitionExec=347056;OrderedPartialAggregateStream=7416
event	143875	refusal	OrderedPartialAggregateStream[948]	1	244087	0	14372927	623	4	13951063	193044	RepartitionExec[Merge]=13951063;RepartitionExec=347056;OrderedPartialAggregateStream=7416
event	143896	refusal	RepartitionExec[1]	1	51248	182379	14307183	623	4	13951063	193044	RepartitionExec[Merge]=13951063;RepartitionExec=347056;OrderedPartialAggregateStream=9064
event	143916	refusal	RepartitionExec[0]	1	47879	164677	14306359	622	4	13951063	193354	RepartitionExec[Merge]=13951063;RepartitionExec=347056;OrderedPartialAggregateStream=8240
event	143951	refusal	RepartitionExec[1]	1	91679	182379	14372103	622	4	13951063	193354	RepartitionExec[Merge]=13951063;RepartitionExec=347056;OrderedPartialAggregateStream=8240
event	143959	refusal	RepartitionExec[0]	1	195691	164677	14306359	621	4	13951063	193666	RepartitionExec[Merge]=13951063;RepartitionExec=347056;OrderedPartialAggregateStream=8240
event	143992	refusal	OrderedPartialAggregateStream[530]	1	225952	0	14307183	621	4	13951063	193666	RepartitionExec[Merge]=13951063;RepartitionExec=347056;OrderedPartialAggregateStream=9064
event	144001	refusal	RepartitionExec[0]	1	48327	164677	14307183	621	4	13951063	193666	RepartitionExec[Merge]=13951063;RepartitionExec=347056;OrderedPartialAggregateStream=9064
event	144013	refusal	OrderedPartialAggregateStream[923]	1	267275	0	14307183	621	4	13951063	193666	RepartitionExec[Merge]=13951063;RepartitionExec=347056;OrderedPartialAggregateStream=9064
event	144033	refusal	RepartitionExec[0]	1	54620	164677	14307183	621	4	13951063	193666	RepartitionExec[Merge]=13951063;RepartitionExec=347056;OrderedPartialAggregateStream=9064
event	144050	refusal	RepartitionExec[1]	1	46641	182379	14306359	620	4	13951063	193978	RepartitionExec[Merge]=13951063;RepartitionExec=347056;OrderedPartialAggregateStream=8240
event	144084	refusal	RepartitionExec[0]	1	47764	164677	14306359	619	4	13951063	194291	RepartitionExec[Merge]=13951063;RepartitionExec=347056;OrderedPartialAggregateStream=8240
event	144117	refusal	RepartitionExec[1]	1	47879	182379	14372103	618	4	13951063	194606	RepartitionExec[Merge]=13951063;RepartitionExec=347056;OrderedPartialAggregateStream=7416
event	144125	refusal	OrderedPartialAggregateStream[707]	1	223612	0	14306359	618	4	13951063	194606	RepartitionExec[Merge]=13951063;RepartitionExec=347056;OrderedPartialAggregateStream=8240
event	144144	refusal	OrderedPartialAggregateStream[1142]	1	260552	0	14306359	618	4	13951063	194606	RepartitionExec[Merge]=13951063;RepartitionExec=347056;OrderedPartialAggregateStream=8240
event	144161	refusal	RepartitionExec[0]	1	60689	164677	14307183	618	4	13951063	194606	RepartitionExec[Merge]=13951063;RepartitionExec=347056;OrderedPartialAggregateStream=9064
event	144202	refusal	RepartitionExec[0]	1	145123	164677	14307183	617	4	13951063	194921	RepartitionExec[Merge]=13951063;RepartitionExec=347056;OrderedPartialAggregateStream=9064
event	144216	refusal	RepartitionExec[1]	1	48327	182379	14307183	617	4	13951063	194921	RepartitionExec[Merge]=13951063;RepartitionExec=347056;OrderedPartialAggregateStream=9064
event	144229	refusal	RepartitionExec[0]	1	46865	164677	14307183	617	4	13951063	194921	RepartitionExec[Merge]=13951063;RepartitionExec=347056;OrderedPartialAggregateStream=9064
event	144238	refusal	RepartitionExec[1]	1	195691	182379	14307183	617	4	13951063	194921	RepartitionExec[Merge]=13951063;RepartitionExec=347056;OrderedPartialAggregateStream=9064
event	144264	refusal	RepartitionExec[1]	1	54620	182379	14307183	617	4	13951063	194921	RepartitionExec[Merge]=13951063;RepartitionExec=347056;OrderedPartialAggregateStream=9064
event	144302	refusal	RepartitionExec[1]	1	60689	182379	14307183	617	4	13951063	194921	RepartitionExec[Merge]=13951063;RepartitionExec=347056;OrderedPartialAggregateStream=9064
event	144310	refusal	RepartitionExec[1]	1	47764	182379	14307183	617	4	13951063	194921	RepartitionExec[Merge]=13951063;RepartitionExec=347056;OrderedPartialAggregateStream=9064
event	144324	refusal	OrderedPartialAggregateStream[364]	1	236311	0	14307183	617	4	13951063	194921	RepartitionExec[Merge]=13951063;RepartitionExec=347056;OrderedPartialAggregateStream=9064
event	144393	refusal	OrderedPartialAggregateStream[578]	1	233656	0	14305535	615	4	13951063	195555	RepartitionExec[Merge]=13951063;RepartitionExec=347056;OrderedPartialAggregateStream=7416
event	144411	refusal	OrderedPartialAggregateStream[93]	1	414068	0	14372103	615	4	13951063	195555	RepartitionExec[Merge]=13951063;RepartitionExec=347056;OrderedPartialAggregateStream=7416
event	144425	refusal	OrderedPartialAggregateStream[33]	1	973607	824	14372103	615	4	13951063	195555	RepartitionExec[Merge]=13951063;RepartitionExec=347056;OrderedPartialAggregateStream=7416
event	144437	refusal	OrderedPartialAggregateStream[836]	1	247048	0	14305535	614	4	13951063	195874	RepartitionExec[Merge]=13951063;RepartitionExec=347056;OrderedPartialAggregateStream=7416
event	144456	refusal	RepartitionExec[1]	1	145123	182379	14305535	614	4	13951063	195874	RepartitionExec[Merge]=13951063;RepartitionExec=347056;OrderedPartialAggregateStream=7416
event	144470	refusal	RepartitionExec[0]	1	51699	164677	14305535	614	4	13951063	195874	RepartitionExec[Merge]=13951063;RepartitionExec=347056;OrderedPartialAggregateStream=7416
event	144479	refusal	RepartitionExec[1]	1	46865	182379	14306359	614	4	13951063	195874	RepartitionExec[Merge]=13951063;RepartitionExec=347056;OrderedPartialAggregateStream=8240
event	144510	refusal	RepartitionExec[0]	1	50688	164677	14306359	614	4	13951063	195874	RepartitionExec[Merge]=13951063;RepartitionExec=347056;OrderedPartialAggregateStream=8240
event	144542	refusal	OrderedPartialAggregateStream[1078]	1	412619	0	14308007	614	4	13951063	195874	RepartitionExec[Merge]=13951063;RepartitionExec=347056;OrderedPartialAggregateStream=9888
event	144552	refusal	RepartitionExec[0]	1	55743	164677	14307183	614	4	13951063	195874	RepartitionExec[Merge]=13951063;RepartitionExec=347056;OrderedPartialAggregateStream=9888
event	144574	refusal	OrderedPartialAggregateStream[156]	1	453317	0	14307183	613	4	13951063	196193	RepartitionExec[Merge]=13951063;RepartitionExec=347056;OrderedPartialAggregateStream=9064
event	144587	refusal	RepartitionExec[0]	1	80443	164677	14307183	613	4	13951063	196193	RepartitionExec[Merge]=13951063;RepartitionExec=347056;OrderedPartialAggregateStream=9064
event	144604	refusal	OrderedPartialAggregateStream[433]	1	221857	0	14307183	613	4	13951063	196193	RepartitionExec[Merge]=13951063;RepartitionExec=347056;OrderedPartialAggregateStream=9064
event	144668	refusal	OrderedPartialAggregateStream[313]	1	241135	0	14305535	609	4	13951063	197482	RepartitionExec[Merge]=13951063;RepartitionExec=347056;OrderedPartialAggregateStream=7416
event	144683	refusal	RepartitionExec[0]	1	46193	164677	14305535	609	4	13951063	197482	RepartitionExec[Merge]=13951063;RepartitionExec=347056;OrderedPartialAggregateStream=7416
event	144702	refusal	RepartitionExec[0]	1	79880	164677	14305535	609	4	13951063	197482	RepartitionExec[Merge]=13951063;RepartitionExec=347056;OrderedPartialAggregateStream=7416
event	144712	refusal	RepartitionExec[1]	1	51699	182379	14306359	609	4	13951063	197482	RepartitionExec[Merge]=13951063;RepartitionExec=347056;OrderedPartialAggregateStream=8240
event	144765	refusal	RepartitionExec[0]	1	95275	164677	14306359	608	4	13951063	197807	RepartitionExec[Merge]=13951063;RepartitionExec=347056;OrderedPartialAggregateStream=8240
event	144770	refusal	RepartitionExec[0]	1	53497	164677	14306359	608	4	13951063	197807	RepartitionExec[Merge]=13951063;RepartitionExec=347056;OrderedPartialAggregateStream=8240
event	144782	refusal	RepartitionExec[1]	1	46193	182379	14306359	608	4	13951063	197807	RepartitionExec[Merge]=13951063;RepartitionExec=347056;OrderedPartialAggregateStream=8240
event	144805	refusal	OrderedPartialAggregateStream[33]	1	259856	824	14306359	608	4	13951063	197807	RepartitionExec[Merge]=13951063;RepartitionExec=347056;OrderedPartialAggregateStream=8240
event	144839	refusal	OrderedPartialAggregateStream[63]	1	448223	0	14305535	607	4	13951063	198132	RepartitionExec[Merge]=13951063;RepartitionExec=347056;OrderedPartialAggregateStream=7416
event	144862	refusal	RepartitionExec[0]	1	215581	164677	14305535	607	4	13951063	198132	RepartitionExec[Merge]=13951063;RepartitionExec=347056;OrderedPartialAggregateStream=7416
event	144899	refusal	RepartitionExec[1]	1	80443	182379	14304711	606	4	13951063	198459	RepartitionExec[Merge]=13951063;RepartitionExec=347056;OrderedPartialAggregateStream=6592
event	144909	refusal	OrderedPartialAggregateStream[623]	1	230767	0	14304711	606	4	13951063	198459	RepartitionExec[Merge]=13951063;RepartitionExec=347056;OrderedPartialAggregateStream=6592
event	144923	refusal	RepartitionExec[1]	1	55743	182379	14304711	606	4	13951063	198459	RepartitionExec[Merge]=13951063;RepartitionExec=347056;OrderedPartialAggregateStream=6592
event	144982	refusal	RepartitionExec[1]	1	95275	182379	14306359	606	4	13951063	198459	RepartitionExec[Merge]=13951063;RepartitionExec=347056;OrderedPartialAggregateStream=8240
event	145002	refusal	OrderedPartialAggregateStream[491]	1	229255	0	14306359	606	4	13951063	198459	RepartitionExec[Merge]=13951063;RepartitionExec=347056;OrderedPartialAggregateStream=8240
event	145017	refusal	RepartitionExec[1]	1	215581	182379	14306359	606	4	13951063	198459	RepartitionExec[Merge]=13951063;RepartitionExec=347056;OrderedPartialAggregateStream=8240
event	145033	refusal	RepartitionExec[0]	1	93365	164677	14305535	606	4	13951063	198459	RepartitionExec[Merge]=13951063;RepartitionExec=347056;OrderedPartialAggregateStream=8240
event	145043	refusal	OrderedPartialAggregateStream[674]	1	223828	0	14305535	606	4	13951063	198459	RepartitionExec[Merge]=13951063;RepartitionExec=347056;OrderedPartialAggregateStream=8240
event	145057	refusal	OrderedPartialAggregateStream[968]	1	396401	0	14305535	606	4	13951063	198459	RepartitionExec[Merge]=13951063;RepartitionExec=347056;OrderedPartialAggregateStream=8240
event	145065	refusal	RepartitionExec[1]	1	50688	182379	14305535	605	4	13951063	198787	RepartitionExec[Merge]=13951063;RepartitionExec=347056;OrderedPartialAggregateStream=7416
event	145084	refusal	OrderedPartialAggregateStream[924]	1	246751	0	14306359	605	4	13951063	198787	RepartitionExec[Merge]=13951063;RepartitionExec=347056;OrderedPartialAggregateStream=8240
event	145091	refusal	RepartitionExec[0]	1	49562	164677	14306359	605	4	13951063	198787	RepartitionExec[Merge]=13951063;RepartitionExec=347056;OrderedPartialAggregateStream=8240
event	145103	refusal	RepartitionExec[1]	1	53497	182379	14306359	605	4	13951063	198787	RepartitionExec[Merge]=13951063;RepartitionExec=347056;OrderedPartialAggregateStream=8240
event	145110	refusal	RepartitionExec[0]	1	49002	164677	14305535	604	4	13951063	199116	RepartitionExec[Merge]=13951063;RepartitionExec=347056;OrderedPartialAggregateStream=7416
event	145131	refusal	RepartitionExec[1]	1	79880	182379	14306359	604	4	13951063	199116	RepartitionExec[Merge]=13951063;RepartitionExec=347056;OrderedPartialAggregateStream=8240
event	145134	refusal	OrderedPartialAggregateStream[579]	1	234277	0	14306359	604	4	13951063	199116	RepartitionExec[Merge]=13951063;RepartitionExec=347056;OrderedPartialAggregateStream=8240
event	145158	release_after_refusal	OrderedPartialAggregateStream[33]	1	824	0	14305535	604	4	13951063		RepartitionExec[Merge]=13951063;RepartitionExec=347056;OrderedPartialAggregateStream=7416
event	145164	refusal	RepartitionExec[0]	1	46980	164677	14304711	602	4	13951063	199778	RepartitionExec[Merge]=13951063;RepartitionExec=347056;OrderedPartialAggregateStream=6592
event	145183	refusal	RepartitionExec[1]	1	93365	182379	14306359	602	4	13951063	199778	RepartitionExec[Merge]=13951063;RepartitionExec=347056;OrderedPartialAggregateStream=8240
event	145199	refusal	RepartitionExec[0]	1	55631	164677	14307183	602	4	13951063	199778	RepartitionExec[Merge]=13951063;RepartitionExec=347056;OrderedPartialAggregateStream=74808
event	145214	refusal	OrderedPartialAggregateStream[1143]	1	484322	0	14306359	602	4	13951063	199778	RepartitionExec[Merge]=13951063;RepartitionExec=347056;OrderedPartialAggregateStream=9064
event	145228	refusal	RepartitionExec[0]	1	73699	164677	14306359	602	4	13951063	199778	RepartitionExec[Merge]=13951063;RepartitionExec=347056;OrderedPartialAggregateStream=9064
event	145232	refusal	RepartitionExec[0]	1	50912	164677	14306359	602	4	13951063	199778	RepartitionExec[Merge]=13951063;RepartitionExec=347056;OrderedPartialAggregateStream=9064
event	145244	refusal	RepartitionExec[1]	1	49562	182379	14306359	602	4	13951063	199778	RepartitionExec[Merge]=13951063;RepartitionExec=347056;OrderedPartialAggregateStream=9064
event	145256	refusal	OrderedPartialAggregateStream[257]	1	275312	0	14306359	601	4	13951063	200110	RepartitionExec[Merge]=13951063;RepartitionExec=347056;OrderedPartialAggregateStream=8240
event	145364	refusal	RepartitionExec[0]	1	63722	164677	14304711	598	4	13951063	201114	RepartitionExec[Merge]=13951063;RepartitionExec=347056;OrderedPartialAggregateStream=6592
event	145415	refusal	RepartitionExec[0]	1	107074	164677	14304711	597	4	13951063	201451	RepartitionExec[Merge]=13951063;RepartitionExec=347056;OrderedPartialAggregateStream=6592
event	145425	refusal	RepartitionExec[1]	1	49002	182379	14304711	597	4	13951063	201451	RepartitionExec[Merge]=13951063;RepartitionExec=347056;OrderedPartialAggregateStream=6592
event	145435	refusal	OrderedPartialAggregateStream[338]	1	249352	0	14304711	597	4	13951063	201451	RepartitionExec[Merge]=13951063;RepartitionExec=347056;OrderedPartialAggregateStream=6592
event	145444	refusal	OrderedPartialAggregateStream[837]	1	238156	0	14304711	597	4	13951063	201451	RepartitionExec[Merge]=13951063;RepartitionExec=347056;OrderedPartialAggregateStream=6592
event	145454	refusal	RepartitionExec[1]	1	55631	182379	14304711	597	4	13951063	201451	RepartitionExec[Merge]=13951063;RepartitionExec=347056;OrderedPartialAggregateStream=6592
event	145474	refusal	RepartitionExec[1]	1	73699	182379	14304711	597	4	13951063	201451	RepartitionExec[Merge]=13951063;RepartitionExec=347056;OrderedPartialAggregateStream=6592
event	145517	refusal	RepartitionExec[1]	1	50912	182379	14304711	597	4	13951063	201451	RepartitionExec[Merge]=13951063;RepartitionExec=347056;OrderedPartialAggregateStream=6592
event	145534	refusal	OrderedPartialAggregateStream[1004]	1	276113	0	14306359	597	4	13951063	201451	RepartitionExec[Merge]=13951063;RepartitionExec=347056;OrderedPartialAggregateStream=8240
event	145546	refusal	RepartitionExec[1]	1	46980	182379	14306359	597	4	13951063	201451	RepartitionExec[Merge]=13951063;RepartitionExec=347056;OrderedPartialAggregateStream=8240
event	145556	refusal	RepartitionExec[0]	1	52374	164677	14306359	597	4	13951063	201451	RepartitionExec[Merge]=13951063;RepartitionExec=347056;OrderedPartialAggregateStream=8240
event	145565	refusal	RepartitionExec[0]	1	56642	164677	14306359	597	4	13951063	201451	RepartitionExec[Merge]=13951063;RepartitionExec=347056;OrderedPartialAggregateStream=8240
event	145568	refusal	RepartitionExec[1]	1	63722	182379	14306359	597	4	13951063	201451	RepartitionExec[Merge]=13951063;RepartitionExec=347056;OrderedPartialAggregateStream=8240
event	145604	refusal	OrderedPartialAggregateStream[742]	1	224440	0	14306359	597	4	13951063	201451	RepartitionExec[Merge]=13951063;RepartitionExec=347056;OrderedPartialAggregateStream=8240
event	145612	refusal	OrderedPartialAggregateStream[563]	1	231883	0	14306359	597	4	13951063	201451	RepartitionExec[Merge]=13951063;RepartitionExec=347056;OrderedPartialAggregateStream=8240
event	145630	refusal	RepartitionExec[1]	1	107074	182379	14306359	597	4	13951063	201451	RepartitionExec[Merge]=13951063;RepartitionExec=347056;OrderedPartialAggregateStream=74808
event	145644	refusal	OrderedPartialAggregateStream[157]	1	427226	0	14306359	596	4	13951063	201789	RepartitionExec[Merge]=13951063;RepartitionExec=347056;OrderedPartialAggregateStream=73984
event	145658	refusal	OrderedPartialAggregateStream[492]	1	234034	0	14307183	596	4	13951063	201789	RepartitionExec[Merge]=13951063;RepartitionExec=347056;OrderedPartialAggregateStream=9064
event	145666	refusal	OrderedPartialAggregateStream[531]	1	220939	0	14307183	596	4	13951063	201789	RepartitionExec[Merge]=13951063;RepartitionExec=347056;OrderedPartialAggregateStream=9064
event	145673	refusal	RepartitionExec[0]	1	64061	164677	14307183	596	4	13951063	201789	RepartitionExec[Merge]=13951063;RepartitionExec=347056;OrderedPartialAggregateStream=9064
event	145678	refusal	RepartitionExec[0]	1	47204	164677	14307183	596	4	13951063	201789	RepartitionExec[Merge]=13951063;RepartitionExec=347056;OrderedPartialAggregateStream=9064
event	145722	refusal	RepartitionExec[0]	1	50013	164677	14306359	594	4	13951063	202469	RepartitionExec[Merge]=13951063;RepartitionExec=347056;OrderedPartialAggregateStream=8240
event	145774	refusal	RepartitionExec[0]	1	45854	164677	14308007	593	4	13951063	202810	RepartitionExec[Merge]=13951063;RepartitionExec=347056;OrderedPartialAggregateStream=9888
event	145787	refusal	RepartitionExec[0]	1	50800	164677	14307183	593	4	13951063	202810	RepartitionExec[Merge]=13951063;RepartitionExec=347056;OrderedPartialAggregateStream=9888
event	145803	refusal	RepartitionExec[0]	1	85386	164677	14307183	593	4	13951063	202810	RepartitionExec[Merge]=13951063;RepartitionExec=347056;OrderedPartialAggregateStream=9888
event	145813	refusal	OrderedPartialAggregateStream[1094]	1	431717	0	14307183	592	4	13951063	203153	RepartitionExec[Merge]=13951063;RepartitionExec=347056;OrderedPartialAggregateStream=9064
event	145829	refusal	RepartitionExec[1]	1	52374	182379	14307183	592	4	13951063	203153	RepartitionExec[Merge]=13951063;RepartitionExec=347056;OrderedPartialAggregateStream=9064
event	145864	refusal	RepartitionExec[1]	1	56642	182379	14307183	592	4	13951063	203153	RepartitionExec[Merge]=13951063;RepartitionExec=347056;OrderedPartialAggregateStream=9064
event	145935	refusal	RepartitionExec[0]	1	87072	164677	14306359	590	4	13951063	203841	RepartitionExec[Merge]=13951063;RepartitionExec=347056;OrderedPartialAggregateStream=8240
event	145954	refusal	OrderedPartialAggregateStream[580]	1	239380	0	14306359	590	4	13951063	203841	RepartitionExec[Merge]=13951063;RepartitionExec=347056;OrderedPartialAggregateStream=8240
event	145958	refusal	RepartitionExec[1]	1	47204	182379	14306359	590	4	13951063	203841	RepartitionExec[Merge]=13951063;RepartitionExec=347056;OrderedPartialAggregateStream=8240
event	146007	refusal	RepartitionExec[1]	1	64061	182379	14306359	590	4	13951063	203841	RepartitionExec[Merge]=13951063;RepartitionExec=347056;OrderedPartialAggregateStream=8240
event	146018	refusal	RepartitionExec[1]	1	50013	182379	14306359	590	4	13951063	203841	RepartitionExec[Merge]=13951063;RepartitionExec=347056;OrderedPartialAggregateStream=8240
event	146031	refusal	OrderedPartialAggregateStream[949]	1	250540	0	14306359	590	4	13951063	203841	RepartitionExec[Merge]=13951063;RepartitionExec=347056;OrderedPartialAggregateStream=8240
event	146037	refusal	RepartitionExec[1]	1	45854	182379	14307183	590	4	13951063	203841	RepartitionExec[Merge]=13951063;RepartitionExec=347056;OrderedPartialAggregateStream=9064
event	146051	refusal	OrderedPartialAggregateStream[482]	1	235969	0	14307183	590	4	13951063	203841	RepartitionExec[Merge]=13951063;RepartitionExec=347056;OrderedPartialAggregateStream=9064
event	146071	refusal	RepartitionExec[0]	1	52822	164677	14307183	590	4	13951063	203841	RepartitionExec[Merge]=13951063;RepartitionExec=347056;OrderedPartialAggregateStream=9064
event	146077	refusal	RepartitionExec[1]	1	50800	182379	14307183	590	4	13951063	203841	RepartitionExec[Merge]=13951063;RepartitionExec=347056;OrderedPartialAggregateStream=9064
event	146090	refusal	OrderedPartialAggregateStream[1100]	1	406490	0	14307183	590	4	13951063	203841	RepartitionExec[Merge]=13951063;RepartitionExec=347056;OrderedPartialAggregateStream=9064
event	146098	refusal	RepartitionExec[1]	1	85386	182379	14307183	590	4	13951063	203841	RepartitionExec[Merge]=13951063;RepartitionExec=347056;OrderedPartialAggregateStream=9064
event	146104	refusal	OrderedPartialAggregateStream[709]	1	226249	0	14307183	590	4	13951063	203841	RepartitionExec[Merge]=13951063;RepartitionExec=347056;OrderedPartialAggregateStream=9064
event	146151	refusal	RepartitionExec[0]	1	51587	164677	14307183	588	4	13951063	204535	RepartitionExec[Merge]=13951063;RepartitionExec=347056;OrderedPartialAggregateStream=9064
event	146161	refusal	RepartitionExec[0]	1	57093	164677	14307183	588	4	13951063	204535	RepartitionExec[Merge]=13951063;RepartitionExec=347056;OrderedPartialAggregateStream=9064
event	146185	refusal	RepartitionExec[0]	1	47879	164677	14308007	588	4	13951063	204535	RepartitionExec[Merge]=13951063;RepartitionExec=347056;OrderedPartialAggregateStream=9888
event	146196	refusal	OrderedPartialAggregateStream[365]	1	240226	0	14308007	588	4	13951063	204535	RepartitionExec[Merge]=13951063;RepartitionExec=347056;OrderedPartialAggregateStream=9888
event	146208	refusal	RepartitionExec[1]	1	87072	182379	14438455	587	4	13951063	204883	RepartitionExec[Merge]=13951063;RepartitionExec=347056;OrderedPartialAggregateStream=9064
event	146237	refusal	RepartitionExec[0]	1	77522	164677	14307183	586	4	13951063	205233	RepartitionExec[Merge]=13951063;RepartitionExec=347056;OrderedPartialAggregateStream=9064
event	146278	refusal	RepartitionExec[0]	1	53158	164677	14308007	586	4	13951063	205233	RepartitionExec[Merge]=13951063;RepartitionExec=347056;OrderedPartialAggregateStream=9888
event	146318	refusal	OrderedPartialAggregateStream[1144]	1	496886	0	14307183	585	4	13951063	205584	RepartitionExec[Merge]=13951063;RepartitionExec=347056;OrderedPartialAggregateStream=9064
event	146332	refusal	RepartitionExec[1]	1	47879	182379	14307183	585	4	13951063	205584	RepartitionExec[Merge]=13951063;RepartitionExec=347056;OrderedPartialAggregateStream=9064
event	146340	refusal	RepartitionExec[1]	1	52822	182379	14307183	585	4	13951063	205584	RepartitionExec[Merge]=13951063;RepartitionExec=347056;OrderedPartialAggregateStream=9064
event	146396	refusal	RepartitionExec[1]	1	53158	182379	14306359	584	4	13951063	205936	RepartitionExec[Merge]=13951063;RepartitionExec=347056;OrderedPartialAggregateStream=8240
event	146432	refusal	OrderedPartialAggregateStream[339]	1	224233	0	14306359	584	4	13951063	205936	RepartitionExec[Merge]=13951063;RepartitionExec=347056;OrderedPartialAggregateStream=8240
event	146448	refusal	OrderedPartialAggregateStream[838]	1	241396	0	14437631	584	4	13951063	205936	RepartitionExec[Merge]=13951063;RepartitionExec=347056;OrderedPartialAggregateStream=8240
event	146460	refusal	RepartitionExec[1]	1	51587	182379	14307183	584	4	13951063	205936	RepartitionExec[Merge]=13951063;RepartitionExec=347056;OrderedPartialAggregateStream=139512
event	146468	refusal	RepartitionExec[1]	1	57093	182379	14307183	584	4	13951063	205936	RepartitionExec[Merge]=13951063;RepartitionExec=347056;OrderedPartialAggregateStream=9064
event	146492	refusal	RepartitionExec[0]	1	111796	164677	14307183	584	4	13951063	205936	RepartitionExec[Merge]=13951063;RepartitionExec=347056;OrderedPartialAggregateStream=9064
event	146527	refusal	OrderedPartialAggregateStream[314]	1	236977	0	14307183	583	4	13951063	206289	RepartitionExec[Merge]=13951063;RepartitionExec=347056;OrderedPartialAggregateStream=9064
event	146555	refusal	RepartitionExec[0]	1	47092	164677	14308007	583	4	13951063	206289	RepartitionExec[Merge]=13951063;RepartitionExec=347056;OrderedPartialAggregateStream=9888
event	146565	refusal	OrderedPartialAggregateStream[1005]	1	273467	0	14307183	583	4	13951063	206289	RepartitionExec[Merge]=13951063;RepartitionExec=347056;OrderedPartialAggregateStream=9888
event	146580	refusal	RepartitionExec[1]	1	77522	182379	14307183	583	4	13951063	206289	RepartitionExec[Merge]=13951063;RepartitionExec=347056;OrderedPartialAggregateStream=9888
event	146591	refusal	RepartitionExec[0]	1	53609	164677	14307183	583	4	13951063	206289	RepartitionExec[Merge]=13951063;RepartitionExec=347056;OrderedPartialAggregateStream=9888
event	146617	refusal	OrderedPartialAggregateStream[568]	1	224863	0	14308007	582	4	13951063	206643	RepartitionExec[Merge]=13951063;RepartitionExec=347056;OrderedPartialAggregateStream=75632
event	146634	refusal	OrderedPartialAggregateStream[493]	1	230191	0	14308007	582	4	13951063	206643	RepartitionExec[Merge]=13951063;RepartitionExec=347056;OrderedPartialAggregateStream=9888
event	146664	refusal	RepartitionExec[0]	1	51923	164677	14307183	580	4	13951063	207356	RepartitionExec[Merge]=13951063;RepartitionExec=347056;OrderedPartialAggregateStream=9064
event	146678	refusal	RepartitionExec[0]	1	63047	164677	14307183	580	4	13951063	207356	RepartitionExec[Merge]=13951063;RepartitionExec=347056;OrderedPartialAggregateStream=9064
event	146686	refusal	RepartitionExec[1]	1	47092	182379	14308007	580	4	13951063	207356	RepartitionExec[Merge]=13951063;RepartitionExec=347056;OrderedPartialAggregateStream=9888
event	146708	refusal	RepartitionExec[0]	1	47316	164677	14307183	579	4	13951063	207714	RepartitionExec[Merge]=13951063;RepartitionExec=347056;OrderedPartialAggregateStream=9064
event	146746	refusal	RepartitionExec[0]	1	49338	164677	14307183	578	4	13951063	208073	RepartitionExec[Merge]=13951063;RepartitionExec=347056;OrderedPartialAggregateStream=9064
event	146786	refusal	OrderedPartialAggregateStream[624]	1	222991	0	14306359	577	4	13951063	208434	RepartitionExec[Merge]=13951063;RepartitionExec=347056;OrderedPartialAggregateStream=8240
event	146840	refusal	RepartitionExec[1]	1	111796	182379	14306359	577	4	13951063	208434	RepartitionExec[Merge]=13951063;RepartitionExec=347056;OrderedPartialAggregateStream=8240
event	146870	refusal	RepartitionExec[1]	1	49338	182379	14372103	576	4	13951063	208796	RepartitionExec[Merge]=13951063;RepartitionExec=347056;OrderedPartialAggregateStream=7416
event	146879	refusal	RepartitionExec[1]	1	53609	182379	14306359	576	4	13951063	208796	RepartitionExec[Merge]=13951063;RepartitionExec=347056;OrderedPartialAggregateStream=8240
event	146906	refusal	RepartitionExec[0]	1	46641	164677	14306359	576	4	13951063	208796	RepartitionExec[Merge]=13951063;RepartitionExec=347056;OrderedPartialAggregateStream=8240
event	146915	refusal	RepartitionExec[1]	1	51923	182379	14306359	576	4	13951063	208796	RepartitionExec[Merge]=13951063;RepartitionExec=347056;OrderedPartialAggregateStream=8240
event	146933	refusal	OrderedPartialAggregateStream[1079]	1	415958	0	14306359	576	4	13951063	208796	RepartitionExec[Merge]=13951063;RepartitionExec=347056;OrderedPartialAggregateStream=8240
event	146957	refusal	OrderedPartialAggregateStream[675]	1	226258	0	14306359	576	4	13951063	208796	RepartitionExec[Merge]=13951063;RepartitionExec=347056;OrderedPartialAggregateStream=8240
event	146972	refusal	RepartitionExec[1]	1	63047	182379	14306359	576	4	13951063	208796	RepartitionExec[Merge]=13951063;RepartitionExec=347056;OrderedPartialAggregateStream=8240
event	146986	refusal	OrderedPartialAggregateStream[347]	1	234628	0	14306359	576	4	13951063	208796	RepartitionExec[Merge]=13951063;RepartitionExec=347056;OrderedPartialAggregateStream=8240
event	146998	refusal	RepartitionExec[1]	1	47316	182379	14305535	576	4	13951063	208796	RepartitionExec[Merge]=13951063;RepartitionExec=347056;OrderedPartialAggregateStream=8240
event	147012	refusal	OrderedPartialAggregateStream[581]	1	225079	0	14306359	575	4	13951063	209159	RepartitionExec[Merge]=13951063;RepartitionExec=347056;OrderedPartialAggregateStream=8240
event	147033	refusal	RepartitionExec[0]	1	47879	164677	14306359	575	4	13951063	209159	RepartitionExec[Merge]=13951063;RepartitionExec=347056;OrderedPartialAggregateStream=8240
event	147057	refusal	OrderedPartialAggregateStream[258]	1	251170	0	14307183	575	4	13951063	209159	RepartitionExec[Merge]=13951063;RepartitionExec=347056;OrderedPartialAggregateStream=9064
event	147085	refusal	RepartitionExec[0]	1	81118	164677	14307183	574	4	13951063	209523	RepartitionExec[Merge]=13951063;RepartitionExec=347056;OrderedPartialAggregateStream=9064
event	147090	refusal	OrderedPartialAggregateStream[584]	1	230119	0	14373751	574	4	13951063	209523	RepartitionExec[Merge]=13951063;RepartitionExec=347056;OrderedPartialAggregateStream=9064
event	147108	refusal	RepartitionExec[0]	1	51024	164677	14307183	573	4	13951063	209889	RepartitionExec[Merge]=13951063;RepartitionExec=347056;OrderedPartialAggregateStream=9064
event	147132	refusal	RepartitionExec[0]	1	47428	164677	14306359	572	4	13951063	210256	RepartitionExec[Merge]=13951063;RepartitionExec=347056;OrderedPartialAggregateStream=8240
event	147179	refusal	RepartitionExec[1]	1	46641	182379	14307183	571	4	13951063	210624	RepartitionExec[Merge]=13951063;RepartitionExec=347056;OrderedPartialAggregateStream=9064
event	147189	refusal	RepartitionExec[0]	1	57317	164677	14307183	571	4	13951063	210624	RepartitionExec[Merge]=13951063;RepartitionExec=347056;OrderedPartialAggregateStream=9064
event	147197	refusal	RepartitionExec[0]	1	49338	164677	14307183	571	4	13951063	210624	RepartitionExec[Merge]=13951063;RepartitionExec=347056;OrderedPartialAggregateStream=9064
event	147204	refusal	OrderedPartialAggregateStream[969]	1	401351	0	14307183	571	4	13951063	210624	RepartitionExec[Merge]=13951063;RepartitionExec=347056;OrderedPartialAggregateStream=9064
event	147231	refusal	RepartitionExec[1]	1	81118	182379	14307183	571	4	13951063	210624	RepartitionExec[Merge]=13951063;RepartitionExec=347056;OrderedPartialAggregateStream=9064
event	147247	refusal	OrderedPartialAggregateStream[494]	1	220417	0	14307183	571	4	13951063	210624	RepartitionExec[Merge]=13951063;RepartitionExec=347056;OrderedPartialAggregateStream=9064
event	147333	refusal	RepartitionExec[1]	1	57317	182379	14307183	569	4	13951063	211364	RepartitionExec[Merge]=13951063;RepartitionExec=347056;OrderedPartialAggregateStream=9064
event	147345	refusal	RepartitionExec[0]	1	75609	210307	14351989	569	4	13951063	211364	RepartitionExec[Merge]=13951063;RepartitionExec=392686;OrderedPartialAggregateStream=9064
event	147362	refusal	RepartitionExec[1]	1	45630	182379	14351989	568	4	13951063	211737	RepartitionExec[Merge]=13951063;RepartitionExec=392686;OrderedPartialAggregateStream=8240
event	147379	refusal	OrderedPartialAggregateStream[1006]	1	250963	0	14351989	568	4	13951063	211737	RepartitionExec[Merge]=13951063;RepartitionExec=392686;OrderedPartialAggregateStream=8240
event	147397	refusal	RepartitionExec[1]	1	51024	182379	14351989	568	4	13951063	211737	RepartitionExec[Merge]=13951063;RepartitionExec=392686;OrderedPartialAggregateStream=8240
event	147429	refusal	RepartitionExec[1]	1	47428	182379	14351989	568	4	13951063	211737	RepartitionExec[Merge]=13951063;RepartitionExec=392686;OrderedPartialAggregateStream=8240
event	147489	refusal	OrderedPartialAggregateStream[856]	1	233980	0	14351989	567	4	13951063	212110	RepartitionExec[Merge]=13951063;RepartitionExec=392686;OrderedPartialAggregateStream=8240
event	147494	refusal	RepartitionExec[0]	1	57205	210307	14351989	567	4	13951063	212110	RepartitionExec[Merge]=13951063;RepartitionExec=392686;OrderedPartialAggregateStream=8240
event	147507	refusal	OrderedPartialAggregateStream[1110]	1	427154	0	14351165	566	4	13951063	212485	RepartitionExec[Merge]=13951063;RepartitionExec=392686;OrderedPartialAggregateStream=7416
event	147544	refusal	OrderedPartialAggregateStream[613]	1	213901	0	14350341	565	4	13951063	212861	RepartitionExec[Merge]=13951063;RepartitionExec=392686;OrderedPartialAggregateStream=6592
event	147603	refusal	RepartitionExec[0]	1	50800	210307	14349517	564	4	13951063	213238	RepartitionExec[Merge]=13951063;RepartitionExec=392686;OrderedPartialAggregateStream=6592
event	147619	refusal	RepartitionExec[1]	1	75609	182379	14349517	563	4	13951063	213617	RepartitionExec[Merge]=13951063;RepartitionExec=392686;OrderedPartialAggregateStream=5768
event	147629	refusal	OrderedPartialAggregateStream[1054]	1	445946	0	14350341	563	4	13951063	213617	RepartitionExec[Merge]=13951063;RepartitionExec=392686;OrderedPartialAggregateStream=6592
event	147655	refusal	RepartitionExec[1]	1	47879	182379	14350341	563	4	13951063	213617	RepartitionExec[Merge]=13951063;RepartitionExec=392686;OrderedPartialAggregateStream=6592
event	147666	refusal	RepartitionExec[0]	1	85386	210307	14350341	563	4	13951063	213617	RepartitionExec[Merge]=13951063;RepartitionExec=392686;OrderedPartialAggregateStream=6592
event	147694	refusal	RepartitionExec[1]	1	49338	182379	14350341	563	4	13951063	213617	RepartitionExec[Merge]=13951063;RepartitionExec=392686;OrderedPartialAggregateStream=6592
event	147714	refusal	OrderedPartialAggregateStream[749]	1	229894	0	14350341	563	4	13951063	213617	RepartitionExec[Merge]=13951063;RepartitionExec=392686;OrderedPartialAggregateStream=6592
event	147721	refusal	OrderedPartialAggregateStream[1153]	1	488930	0	14349517	563	4	13951063	213617	RepartitionExec[Merge]=13951063;RepartitionExec=392686;OrderedPartialAggregateStream=5768
event	147738	refusal	OrderedPartialAggregateStream[532]	1	231010	0	14416085	562	4	13951063	213997	RepartitionExec[Merge]=13951063;RepartitionExec=392686;OrderedPartialAggregateStream=5768
event	147786	refusal	RepartitionExec[0]	1	43157	210307	14481613	562	4	13951063	213997	RepartitionExec[Merge]=13951063;RepartitionExec=392686;OrderedPartialAggregateStream=6592
event	147799	refusal	RepartitionExec[1]	1	57205	182379	14417733	562	4	13951063	213997	RepartitionExec[Merge]=13951063;RepartitionExec=392686;OrderedPartialAggregateStream=7416
event	147817	refusal	RepartitionExec[1]	1	50800	182379	14351989	562	4	13951063	213997	RepartitionExec[Merge]=13951063;RepartitionExec=392686;OrderedPartialAggregateStream=8240
event	147831	refusal	RepartitionExec[0]	1	92466	210307	14418557	562	4	13951063	213997	RepartitionExec[Merge]=13951063;RepartitionExec=392686;OrderedPartialAggregateStream=8240
event	147842	refusal	RepartitionExec[0]	1	49226	210307	14352813	562	4	13951063	213997	RepartitionExec[Merge]=13951063;RepartitionExec=392686;OrderedPartialAggregateStream=9064
event	147870	refusal	RepartitionExec[0]	1	49677	210307	14352813	562	4	13951063	213997	RepartitionExec[Merge]=13951063;RepartitionExec=392686;OrderedPartialAggregateStream=140336
event	147890	refusal	OrderedPartialAggregateStream[495]	1	230146	0	14351989	560	4	13951063	214761	RepartitionExec[Merge]=13951063;RepartitionExec=392686;OrderedPartialAggregateStream=8240
event	147907	refusal	RepartitionExec[1]	1	43157	182379	14351989	560	4	13951063	214761	RepartitionExec[Merge]=13951063;RepartitionExec=392686;OrderedPartialAggregateStream=8240
event	147912	refusal	RepartitionExec[0]	1	108760	210307	14351989	560	4	13951063	214761	RepartitionExec[Merge]=13951063;RepartitionExec=392686;OrderedPartialAggregateStream=8240
event	147964	refusal	RepartitionExec[1]	1	92466	182379	14351989	560	4	13951063	214761	RepartitionExec[Merge]=13951063;RepartitionExec=392686;OrderedPartialAggregateStream=8240
event	147977	refusal	OrderedPartialAggregateStream[367]	1	236410	0	14351989	559	4	13951063	215146	RepartitionExec[Merge]=13951063;RepartitionExec=392686;OrderedPartialAggregateStream=8240
event	148002	refusal	RepartitionExec[0]	1	49338	210307	14351165	558	4	13951063	215531	RepartitionExec[Merge]=13951063;RepartitionExec=392686;OrderedPartialAggregateStream=7416
event	148059	refusal	RepartitionExec[1]	1	49226	182379	14416909	557	4	13951063	215918	RepartitionExec[Merge]=13951063;RepartitionExec=392686;OrderedPartialAggregateStream=6592
event	148071	refusal	OrderedPartialAggregateStream[1097]	1	435182	0	14351165	557	4	13951063	215918	RepartitionExec[Merge]=13951063;RepartitionExec=392686;OrderedPartialAggregateStream=7416
event	148095	refusal	OrderedPartialAggregateStream[483]	1	230758	0	14351165	557	4	13951063	215918	RepartitionExec[Merge]=13951063;RepartitionExec=392686;OrderedPartialAggregateStream=7416
event	148104	refusal	RepartitionExec[0]	1	51699	210307	14351165	557	4	13951063	215918	RepartitionExec[Merge]=13951063;RepartitionExec=392686;OrderedPartialAggregateStream=7416
event	148108	refusal	OrderedPartialAggregateStream[158]	1	425705	0	14351165	557	4	13951063	215918	RepartitionExec[Merge]=13951063;RepartitionExec=392686;OrderedPartialAggregateStream=7416
event	148116	refusal	RepartitionExec[1]	1	49677	182379	14351165	557	4	13951063	215918	RepartitionExec[Merge]=13951063;RepartitionExec=392686;OrderedPartialAggregateStream=7416
event	148208	refusal	RepartitionExec[0]	1	49562	210307	14482437	556	4	13951063	216306	RepartitionExec[Merge]=13951063;RepartitionExec=392686;OrderedPartialAggregateStream=7416
event	148210	refusal	OrderedPartialAggregateStream[713]	1	226240	0	14482437	556	4	13951063	216306	RepartitionExec[Merge]=13951063;RepartitionExec=392686;OrderedPartialAggregateStream=7416
event	148221	refusal	RepartitionExec[1]	1	108760	182379	14482437	556	4	13951063	216306	RepartitionExec[Merge]=13951063;RepartitionExec=392686;OrderedPartialAggregateStream=7416
event	148234	refusal	OrderedPartialAggregateStream[950]	1	228085	0	14351989	555	4	13951063	216696	RepartitionExec[Merge]=13951063;RepartitionExec=392686;OrderedPartialAggregateStream=138688
event	148243	refusal	OrderedPartialAggregateStream[1007]	1	265808	0	14351989	555	4	13951063	216696	RepartitionExec[Merge]=13951063;RepartitionExec=392686;OrderedPartialAggregateStream=8240
event	148256	refusal	RepartitionExec[1]	1	49338	182379	14351989	555	4	13951063	216696	RepartitionExec[Merge]=13951063;RepartitionExec=392686;OrderedPartialAggregateStream=8240
event	148268	refusal	RepartitionExec[0]	1	84826	210307	14351989	555	4	13951063	216696	RepartitionExec[Merge]=13951063;RepartitionExec=392686;OrderedPartialAggregateStream=8240
event	148277	refusal	RepartitionExec[0]	1	88422	210307	14418557	555	4	13951063	216696	RepartitionExec[Merge]=13951063;RepartitionExec=392686;OrderedPartialAggregateStream=8240
event	148289	refusal	OrderedPartialAggregateStream[883]	1	241423	0	14351989	555	4	13951063	216696	RepartitionExec[Merge]=13951063;RepartitionExec=392686;OrderedPartialAggregateStream=9064
event	148296	refusal	RepartitionExec[1]	1	51699	182379	14351989	554	4	13951063	217087	RepartitionExec[Merge]=13951063;RepartitionExec=392686;OrderedPartialAggregateStream=8240
event	148314	refusal	RepartitionExec[0]	1	47879	210307	14353637	554	4	13951063	217087	RepartitionExec[Merge]=13951063;RepartitionExec=392686;OrderedPartialAggregateStream=9888
event	148327	refusal	RepartitionExec[0]	1	48551	210307	14353637	554	4	13951063	217087	RepartitionExec[Merge]=13951063;RepartitionExec=392686;OrderedPartialAggregateStream=9888
event	148338	refusal	OrderedPartialAggregateStream[435]	1	233971	0	14353637	554	4	13951063	217087	RepartitionExec[Merge]=13951063;RepartitionExec=392686;OrderedPartialAggregateStream=9888
event	148341	refusal	RepartitionExec[0]	1	60126	210307	14353637	554	4	13951063	217087	RepartitionExec[Merge]=13951063;RepartitionExec=392686;OrderedPartialAggregateStream=9888
event	148409	refusal	OrderedPartialAggregateStream[679]	1	227158	0	14352813	552	4	13951063	217874	RepartitionExec[Merge]=13951063;RepartitionExec=392686;OrderedPartialAggregateStream=9064
event	148415	refusal	RepartitionExec[1]	1	49562	182379	14352813	552	4	13951063	217874	RepartitionExec[Merge]=13951063;RepartitionExec=392686;OrderedPartialAggregateStream=9064
event	148431	refusal	RepartitionExec[0]	1	53609	210307	14353637	552	4	13951063	217874	RepartitionExec[Merge]=13951063;RepartitionExec=392686;OrderedPartialAggregateStream=9888
event	148455	refusal	RepartitionExec[0]	1	50800	210307	14352813	551	4	13951063	218269	RepartitionExec[Merge]=13951063;RepartitionExec=392686;OrderedPartialAggregateStream=9064
event	148475	refusal	RepartitionExec[1]	1	85386	182379	14352813	551	4	13951063	218269	RepartitionExec[Merge]=13951063;RepartitionExec=392686;OrderedPartialAggregateStream=9064
event	148505	refusal	OrderedPartialAggregateStream[606]	1	226510	0	14353637	551	4	13951063	218269	RepartitionExec[Merge]=13951063;RepartitionExec=392686;OrderedPartialAggregateStream=9888
event	148518	refusal	RepartitionExec[0]	1	48215	210307	14353637	551	4	13951063	218269	RepartitionExec[Merge]=13951063;RepartitionExec=392686;OrderedPartialAggregateStream=9888
event	148528	refusal	RepartitionExec[1]	1	84826	182379	14353637	551	4	13951063	218269	RepartitionExec[Merge]=13951063;RepartitionExec=392686;OrderedPartialAggregateStream=9888
event	148536	refusal	RepartitionExec[1]	1	88422	182379	14353637	551	4	13951063	218269	RepartitionExec[Merge]=13951063;RepartitionExec=392686;OrderedPartialAggregateStream=9888
event	148580	refusal	RepartitionExec[1]	1	47879	182379	14353637	550	4	13951063	218666	RepartitionExec[Merge]=13951063;RepartitionExec=392686;OrderedPartialAggregateStream=9888
event	148594	refusal	RepartitionExec[0]	1	47991	210307	14353637	550	4	13951063	218666	RepartitionExec[Merge]=13951063;RepartitionExec=392686;OrderedPartialAggregateStream=9888
event	148611	refusal	OrderedPartialAggregateStream[315]	1	267320	0	14353637	550	4	13951063	218666	RepartitionExec[Merge]=13951063;RepartitionExec=392686;OrderedPartialAggregateStream=9888
event	148619	refusal	RepartitionExec[1]	1	48551	182379	14353637	550	4	13951063	218666	RepartitionExec[Merge]=13951063;RepartitionExec=392686;OrderedPartialAggregateStream=9888
event	148625	refusal	OrderedPartialAggregateStream[614]	1	223927	0	14353637	550	4	13951063	218666	RepartitionExec[Merge]=13951063;RepartitionExec=392686;OrderedPartialAggregateStream=9888
event	148648	refusal	RepartitionExec[1]	1	60126	182379	14353637	550	4	13951063	218666	RepartitionExec[Merge]=13951063;RepartitionExec=392686;OrderedPartialAggregateStream=9888
event	148664	refusal	OrderedPartialAggregateStream[221]	1	274070	0	14353637	550	4	13951063	218666	RepartitionExec[Merge]=13951063;RepartitionExec=392686;OrderedPartialAggregateStream=9888
event	148696	refusal	RepartitionExec[0]	1	60689	210307	14569514	549	4	13951063	219064	RepartitionExec[Merge]=13951063;RepartitionExec=392686;OrderedPartialAggregateStream=225765
event	148703	refusal	RepartitionExec[0]	1	46980	210307	14569514	549	4	13951063	219064	RepartitionExec[Merge]=13951063;RepartitionExec=392686;OrderedPartialAggregateStream=225765
event	148713	refusal	RepartitionExec[1]	1	53609	182379	14569514	549	4	13951063	219064	RepartitionExec[Merge]=13951063;RepartitionExec=392686;OrderedPartialAggregateStream=225765
event	148770	refusal	RepartitionExec[1]	1	50800	182379	14396364	549	4	13951063	219064	RepartitionExec[Merge]=13951063;RepartitionExec=392686;OrderedPartialAggregateStream=52615
event	148784	refusal	RepartitionExec[0]	1	40724	210307	14395540	549	4	13951063	219064	RepartitionExec[Merge]=13951063;RepartitionExec=392686;OrderedPartialAggregateStream=51791
event	148790	refusal	RepartitionExec[0]	1	63274	210307	14395540	548	4	13951063	219464	RepartitionExec[Merge]=13951063;RepartitionExec=392686;OrderedPartialAggregateStream=51791
event	148833	refusal	RepartitionExec[1]	1	46980	182379	14395540	548	4	13951063	219464	RepartitionExec[Merge]=13951063;RepartitionExec=392686;OrderedPartialAggregateStream=51791
event	148885	refusal	OrderedPartialAggregateStream[259]	1	262289	0	14394716	547	4	13951063	219865	RepartitionExec[Merge]=13951063;RepartitionExec=392686;OrderedPartialAggregateStream=50967
event	148900	refusal	OrderedPartialAggregateStream[583]	1	229795	0	14393892	547	4	13951063	219865	RepartitionExec[Merge]=13951063;RepartitionExec=392686;OrderedPartialAggregateStream=50967
event	148908	refusal	RepartitionExec[1]	1	63274	182379	14393892	547	4	13951063	219865	RepartitionExec[Merge]=13951063;RepartitionExec=392686;OrderedPartialAggregateStream=50143
event	148922	refusal	RepartitionExec[1]	1	47991	182379	14393892	546	4	13951063	220268	RepartitionExec[Merge]=13951063;RepartitionExec=392686;OrderedPartialAggregateStream=50143
event	148969	refusal	RepartitionExec[0]	1	58779	210307	14467668	546	4	14023191	220136	RepartitionExec[Merge]=14023191;RepartitionExec=392686;OrderedPartialAggregateStream=51791
event	148978	refusal	RepartitionExec[0]	1	49226	210307	14535412	545	4	14091759	220414	RepartitionExec[Merge]=14091759;RepartitionExec=392686;OrderedPartialAggregateStream=50967
event	149046	refusal	RepartitionExec[1]	1	60689	182379	14643256	544	4	14200427	220620	RepartitionExec[Merge]=14200427;RepartitionExec=392686;OrderedPartialAggregateStream=50143
event	149057	refusal	RepartitionExec[1]	1	48215	182379	14643256	544	4	14200427	220620	RepartitionExec[Merge]=14200427;RepartitionExec=392686;OrderedPartialAggregateStream=50143
event	149094	refusal	OrderedPartialAggregateStream[348]	1	235222	0	14641608	543	4	14200427	221026	RepartitionExec[Merge]=14200427;RepartitionExec=392686;OrderedPartialAggregateStream=48495
event	149138	refusal	RepartitionExec[1]	1	40724	182379	14733368	542	4	14292187	221264	RepartitionExec[Merge]=14292187;RepartitionExec=392686;OrderedPartialAggregateStream=48495
event	149209	refusal	RepartitionExec[0]	1	51248	210307	14814436	541	4	14373255	221523	RepartitionExec[Merge]=14373255;RepartitionExec=392686;OrderedPartialAggregateStream=48495
event	149316	refusal	RepartitionExec[1]	1	58779	182379	14936604	538	4	14497895	222527	RepartitionExec[Merge]=14497895;RepartitionExec=392686;OrderedPartialAggregateStream=46023
event	149344	refusal	OrderedPartialAggregateStream[970]	1	268445	0	14936604	538	4	14497895	222527	RepartitionExec[Merge]=14497895;RepartitionExec=392686;OrderedPartialAggregateStream=46023
event	149360	refusal	OrderedPartialAggregateStream[342]	1	240235	0	14936604	538	4	14497895	222527	RepartitionExec[Merge]=14497895;RepartitionExec=392686;OrderedPartialAggregateStream=46023
event	149374	refusal	OrderedPartialAggregateStream[1099]	1	420062	0	14936604	538	4	14497895	222527	RepartitionExec[Merge]=14497895;RepartitionExec=392686;OrderedPartialAggregateStream=46023
event	149387	refusal	RepartitionExec[1]	1	49226	182379	14936604	538	4	14497895	222527	RepartitionExec[Merge]=14497895;RepartitionExec=392686;OrderedPartialAggregateStream=46023
event	149421	refusal	OrderedPartialAggregateStream[587]	1	223630	0	14936604	538	4	14497895	222527	RepartitionExec[Merge]=14497895;RepartitionExec=392686;OrderedPartialAggregateStream=46023
event	149428	refusal	OrderedPartialAggregateStream[676]	1	223306	0	14935780	537	4	14497895	222941	RepartitionExec[Merge]=14497895;RepartitionExec=392686;OrderedPartialAggregateStream=45199
event	149468	refusal	OrderedPartialAggregateStream[1009]	1	279146	0	15260066	536	4	14630871	223109	RepartitionExec[Merge]=14630871;RepartitionExec=401206;OrderedPartialAggregateStream=227989
event	149493	refusal	RepartitionExec[0]	1	53158	210307	15260066	536	4	14630871	223109	RepartitionExec[Merge]=14630871;RepartitionExec=401206;OrderedPartialAggregateStream=227989
event	149505	refusal	RepartitionExec[0]	1	61137	210307	15394026	536	4	14630871	223109	RepartitionExec[Merge]=14630871;RepartitionExec=401206;OrderedPartialAggregateStream=228813
event	149521	refusal	RepartitionExec[1]	1	51248	190899	15328282	536	4	14630871	223109	RepartitionExec[Merge]=14630871;RepartitionExec=401206;OrderedPartialAggregateStream=295381
event	149530	refusal	RepartitionExec[0]	1	82689	210307	15262538	536	4	14630871	223109	RepartitionExec[Merge]=14630871;RepartitionExec=401206;OrderedPartialAggregateStream=230461
event	149559	refusal	RepartitionExec[0]	1	46753	210307	15095992	536	4	14630871	223109	RepartitionExec[Merge]=14630871;RepartitionExec=401206;OrderedPartialAggregateStream=48927
event	149574	refusal	RepartitionExec[0]	1	46865	210307	15151848	535	4	14702539	223392	RepartitionExec[Merge]=14702539;RepartitionExec=401206;OrderedPartialAggregateStream=48927
event	149582	refusal	RepartitionExec[0]	1	44135	210307	15151848	534	4	14702539	223811	RepartitionExec[Merge]=14702539;RepartitionExec=401206;OrderedPartialAggregateStream=48103
event	149600	refusal	RepartitionExec[0]	1	65184	210307	15151848	534	4	14702539	223811	RepartitionExec[Merge]=14702539;RepartitionExec=401206;OrderedPartialAggregateStream=48103
event	149623	refusal	RepartitionExec[1]	1	53158	190899	15213104	534	4	14763795	223696	RepartitionExec[Merge]=14763795;RepartitionExec=401206;OrderedPartialAggregateStream=48103
event	149634	refusal	OrderedPartialAggregateStream[607]	1	226294	0	15213104	534	4	14763795	223696	RepartitionExec[Merge]=14763795;RepartitionExec=401206;OrderedPartialAggregateStream=48103
event	149649	refusal	RepartitionExec[1]	1	82689	190899	15269816	534	4	14820507	223590	RepartitionExec[Merge]=14820507;RepartitionExec=401206;OrderedPartialAggregateStream=48103
event	149688	refusal	RepartitionExec[1]	1	46753	190899	15343748	534	4	14894439	223451	RepartitionExec[Merge]=14894439;RepartitionExec=401206;OrderedPartialAggregateStream=48103
event	149702	refusal	RepartitionExec[1]	1	61137	190899	15343748	534	4	14894439	223451	RepartitionExec[Merge]=14894439;RepartitionExec=401206;OrderedPartialAggregateStream=48103
event	149760	refusal	OrderedPartialAggregateStream[1145]	1	458636	0	15422828	533	4	14974343	223721	RepartitionExec[Merge]=14974343;RepartitionExec=401206;OrderedPartialAggregateStream=47279
event	149773	refusal	RepartitionExec[1]	1	46865	190899	15422828	533	4	14974343	223721	RepartitionExec[Merge]=14974343;RepartitionExec=401206;OrderedPartialAggregateStream=47279
event	149785	refusal	OrderedPartialAggregateStream[533]	1	228418	0	15422828	533	4	14974343	223721	RepartitionExec[Merge]=14974343;RepartitionExec=401206;OrderedPartialAggregateStream=47279
event	149817	refusal	OrderedPartialAggregateStream[316]	1	252403	0	15520936	532	4	15072451	223957	RepartitionExec[Merge]=15072451;RepartitionExec=401206;OrderedPartialAggregateStream=47279
event	149819	refusal	RepartitionExec[0]	1	47879	210307	15520936	532	4	15072451	223957	RepartitionExec[Merge]=15072451;RepartitionExec=401206;OrderedPartialAggregateStream=47279
event	149877	refusal	RepartitionExec[1]	1	65184	190899	15536384	532	4	15072451	223957	RepartitionExec[Merge]=15072451;RepartitionExec=401206;OrderedPartialAggregateStream=48103
event	149890	refusal	RepartitionExec[0]	1	48663	210307	15587240	531	4	15138755	224254	RepartitionExec[Merge]=15138755;RepartitionExec=401206;OrderedPartialAggregateStream=47279
event	149904	refusal	OrderedPartialAggregateStream[484]	1	227725	0	15718512	531	4	15138755	224254	RepartitionExec[Merge]=15138755;RepartitionExec=401206;OrderedPartialAggregateStream=47279
event	149907	refusal	OrderedPartialAggregateStream[369]	1	226285	0	15719336	531	4	15138755	224254	RepartitionExec[Merge]=15138755;RepartitionExec=401206;OrderedPartialAggregateStream=48103
event	149930	refusal	OrderedPartialAggregateStream[1055]	1	436298	0	15588064	531	4	15138755	224254	RepartitionExec[Merge]=15138755;RepartitionExec=401206;OrderedPartialAggregateStream=48103
event	149942	refusal	RepartitionExec[0]	1	57768	210307	15588064	530	4	15138755	224677	RepartitionExec[Merge]=15138755;RepartitionExec=401206;OrderedPartialAggregateStream=48103
event	149958	refusal	RepartitionExec[0]	1	97300	210307	15588064	530	4	15138755	224677	RepartitionExec[Merge]=15138755;RepartitionExec=401206;OrderedPartialAggregateStream=48103
event	149985	refusal	RepartitionExec[1]	1	44135	190899	15589712	530	4	15138755	224677	RepartitionExec[Merge]=15138755;RepartitionExec=401206;OrderedPartialAggregateStream=49751
event	149986	refusal	RepartitionExec[0]	1	47879	210307	15589712	530	4	15138755	224677	RepartitionExec[Merge]=15138755;RepartitionExec=401206;OrderedPartialAggregateStream=49751
event	150012	refusal	RepartitionExec[0]	1	48439	210307	15589712	530	4	15138755	224677	RepartitionExec[Merge]=15138755;RepartitionExec=401206;OrderedPartialAggregateStream=49751
event	150081	refusal	RepartitionExec[0]	1	88870	210307	15887481	528	4	15219955	225374	RepartitionExec[Merge]=15219955;RepartitionExec=401206;OrderedPartialAggregateStream=266320
event	150105	refusal	RepartitionExec[1]	1	97300	190899	15887481	528	4	15219955	225374	RepartitionExec[Merge]=15219955;RepartitionExec=401206;OrderedPartialAggregateStream=266320
event	150122	refusal	OrderedPartialAggregateStream[349]	1	245788	0	15887481	528	4	15219955	225374	RepartitionExec[Merge]=15219955;RepartitionExec=401206;OrderedPartialAggregateStream=266320
event	150159	refusal	RepartitionExec[1]	1	48663	190899	15886657	527	4	15219955	225802	RepartitionExec[Merge]=15219955;RepartitionExec=401206;OrderedPartialAggregateStream=265496
event	150210	refusal	OrderedPartialAggregateStream[343]	1	238408	0	15886657	527	4	15219955	225802	RepartitionExec[Merge]=15219955;RepartitionExec=401206;OrderedPartialAggregateStream=265496
event	150223	refusal	RepartitionExec[1]	1	57768	190899	15887481	527	4	15219955	225802	RepartitionExec[Merge]=15219955;RepartitionExec=401206;OrderedPartialAggregateStream=266320
event	150254	refusal	RepartitionExec[0]	1	55295	210307	15887481	527	4	15219955	225802	RepartitionExec[Merge]=15219955;RepartitionExec=401206;OrderedPartialAggregateStream=266320
event	150315	refusal	RepartitionExec[0]	1	41735	210307	15848456	526	4	15324363	226033	RepartitionExec[Merge]=15324363;RepartitionExec=409726;OrderedPartialAggregateStream=47799
event	150323	refusal	RepartitionExec[1]	1	47879	199419	15782712	526	4	15324363	226033	RepartitionExec[Merge]=15324363;RepartitionExec=409726;OrderedPartialAggregateStream=48623
event	150356	refusal	RepartitionExec[0]	1	52486	210307	15877244	526	4	15418895	225853	RepartitionExec[Merge]=15418895;RepartitionExec=409726;OrderedPartialAggregateStream=48623
event	150390	refusal	OrderedPartialAggregateStream[951]	1	264251	0	16102147	525	4	15418895	226283	RepartitionExec[Merge]=15418895;RepartitionExec=409726;OrderedPartialAggregateStream=273526
event	150407	refusal	OrderedPartialAggregateStream[1101]	1	400820	0	16102147	525	4	15418895	226283	RepartitionExec[Merge]=15418895;RepartitionExec=409726;OrderedPartialAggregateStream=273526
event	150452	refusal	RepartitionExec[1]	1	88870	199419	16102147	525	4	15418895	226283	RepartitionExec[Merge]=15418895;RepartitionExec=409726;OrderedPartialAggregateStream=273526
event	150462	refusal	RepartitionExec[1]	1	47879	199419	15918075	525	4	15418895	226283	RepartitionExec[Merge]=15418895;RepartitionExec=409726;OrderedPartialAggregateStream=89454
event	150494	refusal	RepartitionExec[0]	1	45272	210307	15930031	525	4	15430027	226262	RepartitionExec[Merge]=15430027;RepartitionExec=409726;OrderedPartialAggregateStream=90278
event	150502	refusal	RepartitionExec[1]	1	52486	199419	15969311	525	4	15469307	226187	RepartitionExec[Merge]=15469307;RepartitionExec=409726;OrderedPartialAggregateStream=90278
event	150527	refusal	RepartitionExec[0]	1	59566	210307	15970135	525	4	15469307	226187	RepartitionExec[Merge]=15469307;RepartitionExec=409726;OrderedPartialAggregateStream=221550
event	150546	refusal	RepartitionExec[1]	1	48439	199419	16021203	525	4	15520375	226090	RepartitionExec[Merge]=15520375;RepartitionExec=409726;OrderedPartialAggregateStream=91102
event	150546	refusal	OrderedPartialAggregateStream[1010]	1	408236	0	16021203	525	4	15520375	226090	RepartitionExec[Merge]=15520375;RepartitionExec=409726;OrderedPartialAggregateStream=91102
event	150554	refusal	RepartitionExec[1]	1	55295	199419	16032803	525	4	15520375	226090	RepartitionExec[Merge]=15520375;RepartitionExec=409726;OrderedPartialAggregateStream=91102
event	150570	refusal	RepartitionExec[0]	1	75385	210307	16032803	525	4	15520375	226090	RepartitionExec[Merge]=15520375;RepartitionExec=409726;OrderedPartialAggregateStream=91102
event	150584	refusal	RepartitionExec[1]	1	41735	199419	16294926	525	4	15572871	225990	RepartitionExec[Merge]=15572871;RepartitionExec=409726;OrderedPartialAggregateStream=312329
event	150635	refusal	RepartitionExec[1]	1	45272	199419	16563748	525	4	15616623	225906	RepartitionExec[Merge]=15616623;OrderedPartialAggregateStream=537399;RepartitionExec=409726
event	150694	refusal	RepartitionExec[1]	1	75385	199419	16433449	524	4	15670595	226234	RepartitionExec[Merge]=15670595;RepartitionExec=409726;OrderedPartialAggregateStream=353128
event	150712	refusal	RepartitionExec[0]	1	45020	210307	16433449	524	4	15670595	226234	RepartitionExec[Merge]=15670595;RepartitionExec=409726;OrderedPartialAggregateStream=353128
event	150830	refusal	RepartitionExec[0]	1	78194	210307	16526113	521	4	15764907	227356	RepartitionExec[Merge]=15764907;RepartitionExec=409726;OrderedPartialAggregateStream=351480
event	150865	refusal	RepartitionExec[1]	1	59566	199419	16346301	521	4	15764907	227356	RepartitionExec[Merge]=15764907;RepartitionExec=409726;OrderedPartialAggregateStream=171668
event	150871	refusal	RepartitionExec[0]	1	43376	210307	16346301	521	4	15764907	227356	RepartitionExec[Merge]=15764907;RepartitionExec=409726;OrderedPartialAggregateStream=171668
event	151023	refusal	OrderedPartialAggregateStream[1146]	1	830449	0	16771962	518	4	15966715	228283	RepartitionExec[Merge]=15966715;RepartitionExec=418246;OrderedPartialAggregateStream=352249
event	151031	refusal	OrderedPartialAggregateStream[260]	1	238399	0	16771962	518	4	16001467	228216	RepartitionExec[Merge]=16001467;RepartitionExec=418246;OrderedPartialAggregateStream=352249
event	151032	release_after_refusal	RepartitionExec[1]	1	87859	111560	16684103	518	4	16001467		RepartitionExec[Merge]=16001467;OrderedPartialAggregateStream=352249;RepartitionExec=330387
event	151048	refusal	OrderedPartialAggregateStream[345]	1	232810	0	16749963	518	4	16100462	228025	RepartitionExec[Merge]=16100462;RepartitionExec=338907;OrderedPartialAggregateStream=310594
event	151248	refusal	RepartitionExec[0]	1	44642	218827	16870166	518	4	16145614	227938	RepartitionExec[Merge]=16145614;RepartitionExec=338907;OrderedPartialAggregateStream=261045
event	151264	refusal	OrderedPartialAggregateStream[914]	1	250351	0	16870166	518	4	16145614	227938	RepartitionExec[Merge]=16145614;RepartitionExec=338907;OrderedPartialAggregateStream=261045
event	151277	refusal	OrderedPartialAggregateStream[811]	1	234304	0	16870166	518	4	16145614	227938	RepartitionExec[Merge]=16145614;RepartitionExec=338907;OrderedPartialAggregateStream=261045
event	151294	refusal	OrderedPartialAggregateStream[720]	1	241432	0	16915186	518	4	16178702	227874	RepartitionExec[Merge]=16178702;RepartitionExec=383927;OrderedPartialAggregateStream=129557
event	151310	refusal	RepartitionExec[0]	1	52486	218827	17131458	518	4	16178702	227874	RepartitionExec[Merge]=16178702;RepartitionExec=383927;OrderedPartialAggregateStream=346653
event	151324	refusal	OrderedPartialAggregateStream[160]	1	398678	0	17107543	517	4	16178702	228315	RepartitionExec[Merge]=16178702;RepartitionExec=383927;OrderedPartialAggregateStream=304206
event	151339	refusal	RepartitionExec[0]	1	50349	218827	17139831	517	4	16220178	228235	RepartitionExec[Merge]=16220178;OrderedPartialAggregateStream=527206;RepartitionExec=392447
event	151377	refusal	RepartitionExec[1]	1	78194	173620	16966398	517	4	16220178	228235	RepartitionExec[Merge]=16220178;RepartitionExec=392447;OrderedPartialAggregateStream=353773
event	151401	refusal	OrderedPartialAggregateStream[1146]	1	260552	0	16895259	517	4	16267178	228144	RepartitionExec[Merge]=16267178;RepartitionExec=392447;OrderedPartialAggregateStream=353773
event	151420	refusal	RepartitionExec[0]	1	41609	218827	16831909	517	4	16267178	228144	RepartitionExec[Merge]=16267178;RepartitionExec=392447;OrderedPartialAggregateStream=172284
event	151431	refusal	RepartitionExec[0]	1	50912	218827	16875285	517	4	16267178	228144	RepartitionExec[Merge]=16267178;RepartitionExec=392447;OrderedPartialAggregateStream=172284
event	151436	refusal	RepartitionExec[0]	1	44135	218827	16884865	517	4	16267178	228144	RepartitionExec[Merge]=16267178;RepartitionExec=392447;OrderedPartialAggregateStream=173108
event	151449	refusal	RepartitionExec[0]	1	53609	218827	16884865	517	4	16267178	228144	RepartitionExec[Merge]=16267178;RepartitionExec=435823;OrderedPartialAggregateStream=172284
event	151462	refusal	RepartitionExec[0]	1	74598	218827	16884865	517	4	16267178	228144	RepartitionExec[Merge]=16267178;RepartitionExec=435823;OrderedPartialAggregateStream=172284
event	151474	refusal	RepartitionExec[1]	1	44642	216996	16851970	517	4	16267178	228144	RepartitionExec[Merge]=16267178;RepartitionExec=435823;OrderedPartialAggregateStream=131693
event	151482	refusal	RepartitionExec[0]	1	56981	218827	16851970	516	4	16267178	228586	RepartitionExec[Merge]=16267178;RepartitionExec=435823;OrderedPartialAggregateStream=131693
event	151505	refusal	RepartitionExec[0]	1	160966	227347	16881914	515	4	16306702	228953	RepartitionExec[Merge]=16306702;RepartitionExec=444343;OrderedPartialAggregateStream=130869
event	151552	refusal	RepartitionExec[1]	1	50349	216996	16919650	515	4	16344438	228880	RepartitionExec[Merge]=16344438;RepartitionExec=444343;OrderedPartialAggregateStream=130869
event	151560	refusal	RepartitionExec[1]	1	52486	216996	16962942	515	4	16387730	228796	RepartitionExec[Merge]=16387730;RepartitionExec=444343;OrderedPartialAggregateStream=130869
event	151616	refusal	RepartitionExec[1]	1	41609	216996	17001974	515	4	16426762	228720	RepartitionExec[Merge]=16426762;RepartitionExec=444343;OrderedPartialAggregateStream=130869
event	151634	refusal	OrderedPartialAggregateStream[317]	1	261947	0	17046562	515	4	16471350	228633	RepartitionExec[Merge]=16471350;RepartitionExec=444343;OrderedPartialAggregateStream=130869
event	151654	refusal	RepartitionExec[1]	1	50912	216996	17046562	515	4	16471350	228633	RepartitionExec[Merge]=16471350;RepartitionExec=444343;OrderedPartialAggregateStream=130869
event	151722	refusal	RepartitionExec[1]	1	53609	216996	17083182	514	4	16507970	229007	RepartitionExec[Merge]=16507970;RepartitionExec=444343;OrderedPartialAggregateStream=130869
event	151742	refusal	RepartitionExec[0]	1	58667	227347	17083182	514	4	16507970	229007	RepartitionExec[Merge]=16507970;RepartitionExec=444343;OrderedPartialAggregateStream=130869
event	151755	refusal	RepartitionExec[1]	1	74598	216996	17083182	514	4	16507970	229007	RepartitionExec[Merge]=16507970;RepartitionExec=444343;OrderedPartialAggregateStream=130869
event	151762	refusal	OrderedPartialAggregateStream[1102]	1	442940	0	17083182	514	4	16507970	229007	RepartitionExec[Merge]=16507970;RepartitionExec=444343;OrderedPartialAggregateStream=130869
event	151777	refusal	OrderedPartialAggregateStream[971]	1	271442	0	17050127	514	4	16507970	229007	RepartitionExec[Merge]=16507970;RepartitionExec=452863;OrderedPartialAggregateStream=89294
event	151814	refusal	RepartitionExec[1]	1	56981	225516	17050127	514	4	16507970	229007	RepartitionExec[Merge]=16507970;RepartitionExec=452863;OrderedPartialAggregateStream=89294
event	151821	refusal	OrderedPartialAggregateStream[1011]	1	271442	0	17050127	514	4	16507970	229007	RepartitionExec[Merge]=16507970;RepartitionExec=452863;OrderedPartialAggregateStream=89294
event	151863	refusal	RepartitionExec[1]	1	58667	225516	17050127	514	4	16507970	229007	RepartitionExec[Merge]=16507970;RepartitionExec=452863;OrderedPartialAggregateStream=89294
event	151877	refusal	RepartitionExec[1]	1	160966	225516	17190259	514	4	16507970	229007	RepartitionExec[Merge]=16507970;RepartitionExec=452863;OrderedPartialAggregateStream=90118
event	151891	refusal	OrderedPartialAggregateStream[987]	1	263729	0	17059811	514	4	16507970	229007	RepartitionExec[Merge]=16507970;RepartitionExec=452863;OrderedPartialAggregateStream=90942
event	151904	refusal	RepartitionExec[0]	1	62263	227347	17126379	514	4	16507970	229007	RepartitionExec[Merge]=16507970;RepartitionExec=452863;OrderedPartialAggregateStream=90942
event	151910	refusal	RepartitionExec[0]	1	91343	227347	17126379	514	4	16507970	229007	RepartitionExec[Merge]=16507970;RepartitionExec=452863;OrderedPartialAggregateStream=90942
event	151915	refusal	OrderedPartialAggregateStream[371]	1	238507	0	17126379	514	4	16507970	229007	RepartitionExec[Merge]=16507970;RepartitionExec=452863;OrderedPartialAggregateStream=90942
event	151921	refusal	RepartitionExec[1]	1	44135	225516	17088891	514	4	16544262	228936	RepartitionExec[Merge]=16544262;RepartitionExec=452863;OrderedPartialAggregateStream=91766
event	151945	refusal	RepartitionExec[0]	1	62263	227347	17088067	513	4	16544262	229382	RepartitionExec[Merge]=16544262;RepartitionExec=452863;OrderedPartialAggregateStream=90942
event	151995	refusal	RepartitionExec[0]	1	52486	227347	17367393	512	4	16606298	229709	RepartitionExec[Merge]=16606298;RepartitionExec=452863;OrderedPartialAggregateStream=308232
event	152026	refusal	RepartitionExec[0]	1	59339	227347	17398297	511	4	16638850	230095	RepartitionExec[Merge]=16638850;RepartitionExec=452863;OrderedPartialAggregateStream=306584
event	152081	refusal	RepartitionExec[0]	1	41354	227347	17289554	510	4	16705414	230416	RepartitionExec[Merge]=16705414;RepartitionExec=452863;OrderedPartialAggregateStream=131277
event	152122	refusal	RepartitionExec[1]	1	8520	225516	17247539	509	4	16705414	230868	RepartitionExec[Merge]=16705414;RepartitionExec=452863;OrderedPartialAggregateStream=89262
event	152163	refusal	RepartitionExec[1]	1	62263	225516	17247539	509	4	16705414	230868	RepartitionExec[Merge]=16705414;RepartitionExec=452863;OrderedPartialAggregateStream=89262
event	152190	release_after_refusal	RepartitionExec[1]	1	50688	174828	17425255	508	4	16705414		RepartitionExec[Merge]=16705414;RepartitionExec=402175;OrderedPartialAggregateStream=88438
event	152197	refusal	RepartitionExec[1]	1	41354	174828	17425255	508	4	16705414	231323	RepartitionExec[Merge]=16705414;RepartitionExec=402175;OrderedPartialAggregateStream=88438
event	152295	refusal	RepartitionExec[1]	1	62263	183348	17522288	508	4	16794446	231148	RepartitionExec[Merge]=16794446;RepartitionExec=410695;OrderedPartialAggregateStream=88774
event	152302	refusal	OrderedPartialAggregateStream[723]	1	232819	0	17529532	508	4	16794446	231148	RepartitionExec[Merge]=16794446;RepartitionExec=410695;OrderedPartialAggregateStream=88774
event	152314	refusal	RepartitionExec[0]	1	46790	227347	17529532	508	4	16794446	231148	RepartitionExec[Merge]=16794446;RepartitionExec=410695;OrderedPartialAggregateStream=88774
event	152321	refusal	OrderedPartialAggregateStream[346]	1	237553	0	17529532	508	4	16794446	231148	RepartitionExec[Merge]=16794446;RepartitionExec=410695;OrderedPartialAggregateStream=88774
event	152339	refusal	RepartitionExec[1]	1	52486	183348	17555020	508	4	16827178	231083	RepartitionExec[Merge]=16827178;RepartitionExec=410695;OrderedPartialAggregateStream=317147
event	152397	refusal	OrderedPartialAggregateStream[350]	1	240190	0	17785081	508	4	16827178	231083	RepartitionExec[Merge]=16827178;OrderedPartialAggregateStream=547208;RepartitionExec=410695
event	152414	refusal	RepartitionExec[0]	1	50349	227347	17785905	508	4	16827178	231083	RepartitionExec[Merge]=16827178;OrderedPartialAggregateStream=548032;RepartitionExec=410695
event	152438	refusal	RepartitionExec[0]	1	52147	227347	17599331	508	4	16827178	231083	RepartitionExec[Merge]=16827178;RepartitionExec=410695;OrderedPartialAggregateStream=361458
event	152444	refusal	RepartitionExec[0]	1	46409	227347	17598507	507	4	16827178	231539	RepartitionExec[Merge]=16827178;RepartitionExec=410695;OrderedPartialAggregateStream=360634
event	152476	refusal	RepartitionExec[0]	1	46790	227347	17411117	507	4	16827178	231539	RepartitionExec[Merge]=16827178;RepartitionExec=410695;OrderedPartialAggregateStream=173244
event	152485	refusal	RepartitionExec[1]	1	91343	183348	17411117	507	4	16827178	231539	RepartitionExec[Merge]=16827178;RepartitionExec=410695;OrderedPartialAggregateStream=173244
event	152519	refusal	OrderedPartialAggregateStream[485]	1	235123	0	17411117	506	4	16827178	231997	RepartitionExec[Merge]=16827178;RepartitionExec=410695;OrderedPartialAggregateStream=173244
event	152540	refusal	RepartitionExec[0]	1	53158	227347	17444161	506	4	16860222	231931	RepartitionExec[Merge]=16860222;RepartitionExec=410695;OrderedPartialAggregateStream=173244
event	152601	refusal	RepartitionExec[0]	1	51248	227347	17443846	505	4	16892546	232327	RepartitionExec[Merge]=16892546;RepartitionExec=410695;OrderedPartialAggregateStream=173244
event	152612	refusal	RepartitionExec[1]	1	59339	230138	17488568	505	4	16892546	232327	RepartitionExec[Merge]=16892546;RepartitionExec=457485;OrderedPartialAggregateStream=132085
event	152631	refusal	RepartitionExec[0]	1	8520	227347	17471761	505	4	16924038	232264	RepartitionExec[Merge]=16924038;RepartitionExec=457485;OrderedPartialAggregateStream=90238
event	152650	refusal	RepartitionExec[0]	1	8520	227347	17471761	505	4	16924038	232264	RepartitionExec[Merge]=16924038;RepartitionExec=457485;OrderedPartialAggregateStream=90238
event	152670	refusal	RepartitionExec[1]	1	53158	230138	17504393	505	4	16956670	232200	RepartitionExec[Merge]=16956670;RepartitionExec=457485;OrderedPartialAggregateStream=90238
event	152703	refusal	RepartitionExec[1]	1	50349	230138	17510809	505	4	16956670	232200	RepartitionExec[Merge]=16956670;RepartitionExec=457485;OrderedPartialAggregateStream=90238
event	152719	refusal	OrderedPartialAggregateStream[1147]	1	499577	0	17510809	505	4	16956670	232200	RepartitionExec[Merge]=16956670;RepartitionExec=457485;OrderedPartialAggregateStream=90238
event	152826	refusal	RepartitionExec[1]	1	52147	230138	17533369	505	4	16985646	232142	RepartitionExec[Merge]=16985646;RepartitionExec=457485;OrderedPartialAggregateStream=90238
event	152834	refusal	RepartitionExec[1]	1	46409	230138	17533369	505	4	16985646	232142	RepartitionExec[Merge]=16985646;RepartitionExec=457485;OrderedPartialAggregateStream=90238
event	152852	refusal	OrderedPartialAggregateStream[952]	1	243817	0	17564405	505	4	17018330	232078	RepartitionExec[Merge]=17018330;RepartitionExec=457485;OrderedPartialAggregateStream=90238
event	152857	refusal	RepartitionExec[1]	1	46790	230138	17564405	505	4	17018330	232078	RepartitionExec[Merge]=17018330;RepartitionExec=457485;OrderedPartialAggregateStream=90238
event	152873	refusal	OrderedPartialAggregateStream[1015]	1	268778	0	17571181	505	4	17018330	232078	RepartitionExec[Merge]=17018330;RepartitionExec=457485;OrderedPartialAggregateStream=90238
event	152882	refusal	OrderedPartialAggregateStream[814]	1	237796	0	17571181	503	4	17018330	233000	RepartitionExec[Merge]=17018330;RepartitionExec=457485;OrderedPartialAggregateStream=88590
event	152896	refusal	RepartitionExec[1]	1	51248	230138	17811826	502	4	17048930	233403	RepartitionExec[Merge]=17048930;RepartitionExec=457485;OrderedPartialAggregateStream=305411
event	152941	refusal	RepartitionExec[0]	1	112807	227347	17842634	502	4	17078090	233345	RepartitionExec[Merge]=17078090;RepartitionExec=457485;OrderedPartialAggregateStream=307059
event	152962	refusal	RepartitionExec[0]	1	54508	227347	17875678	501	4	17111134	233745	RepartitionExec[Merge]=17111134;RepartitionExec=457485;OrderedPartialAggregateStream=307059
event	152991	refusal	RepartitionExec[0]	1	52259	227347	18108964	500	4	17111134	234213	RepartitionExec[Merge]=17111134;OrderedPartialAggregateStream=533965;RepartitionExec=457485
event	152999	refusal	RepartitionExec[0]	1	61249	227347	18133684	500	4	17142234	234150	RepartitionExec[Merge]=17142234;OrderedPartialAggregateStream=533965;RepartitionExec=457485
event	153061	refusal	RepartitionExec[0]	1	41861	227347	17771251	499	4	17142234	234620	RepartitionExec[Merge]=17142234;RepartitionExec=457485;OrderedPartialAggregateStream=171532
event	153080	refusal	RepartitionExec[0]	1	8520	227347	17729452	499	4	17142234	234620	RepartitionExec[Merge]=17142234;RepartitionExec=457485;OrderedPartialAggregateStream=129733
event	153092	refusal	RepartitionExec[0]	1	45779	227347	17729452	499	4	17142234	234620	RepartitionExec[Merge]=17142234;RepartitionExec=457485;OrderedPartialAggregateStream=129733
event	153119	refusal	RepartitionExec[0]	1	8520	227347	17686781	498	4	17142234	235091	RepartitionExec[Merge]=17142234;RepartitionExec=457485;OrderedPartialAggregateStream=87062
event	153203	refusal	RepartitionExec[1]	1	54508	230138	17722325	498	4	17177778	235019	RepartitionExec[Merge]=17177778;RepartitionExec=457485;OrderedPartialAggregateStream=87062
event	153235	refusal	RepartitionExec[1]	1	52259	230138	17722325	498	4	17177778	235019	RepartitionExec[Merge]=17177778;RepartitionExec=457485;OrderedPartialAggregateStream=87062
event	153247	refusal	OrderedPartialAggregateStream[261]	1	251809	0	17722325	498	4	17177778	235019	RepartitionExec[Merge]=17177778;RepartitionExec=457485;OrderedPartialAggregateStream=87062
event	153257	refusal	OrderedPartialAggregateStream[616]	1	235150	0	17722325	498	4	17177778	235019	RepartitionExec[Merge]=17177778;RepartitionExec=457485;OrderedPartialAggregateStream=87062
event	153314	refusal	RepartitionExec[1]	1	112807	230138	18194779	498	4	17209002	234957	RepartitionExec[Merge]=17209002;OrderedPartialAggregateStream=528292;RepartitionExec=457485
event	153332	refusal	RepartitionExec[1]	1	41861	230138	18194779	498	4	17209002	234957	RepartitionExec[Merge]=17209002;OrderedPartialAggregateStream=528292;RepartitionExec=457485
event	153342	refusal	OrderedPartialAggregateStream[1103]	1	406427	0	18147614	498	4	17209002	234957	RepartitionExec[Merge]=17209002;OrderedPartialAggregateStream=528292;RepartitionExec=457485
event	153360	refusal	RepartitionExec[1]	1	61249	230138	18085018	498	4	17209002	234957	RepartitionExec[Merge]=17209002;RepartitionExec=457485;OrderedPartialAggregateStream=346267
event	153378	refusal	RepartitionExec[1]	1	45779	230138	17972459	498	4	17209002	234957	RepartitionExec[Merge]=17209002;RepartitionExec=457485;OrderedPartialAggregateStream=346267
event	153513	refusal	RepartitionExec[0]	1	44768	227347	18385908	498	4	17209002	234957	RepartitionExec[Merge]=17209002;RepartitionExec=457485;OrderedPartialAggregateStream=346267
event	153524	refusal	RepartitionExec[0]	1	57541	227347	18407908	498	4	17236698	234901	RepartitionExec[Merge]=17236698;RepartitionExec=457485;OrderedPartialAggregateStream=346267
event	153554	refusal	OrderedPartialAggregateStream[161]	1	403457	0	18279108	497	4	17236698	235374	RepartitionExec[Merge]=17236698;OrderedPartialAggregateStream=618452;RepartitionExec=457485
event	153566	refusal	OrderedPartialAggregateStream[318]	1	261956	0	18235501	497	4	17236698	235374	RepartitionExec[Merge]=17236698;OrderedPartialAggregateStream=551726;RepartitionExec=457485
event	153577	refusal	RepartitionExec[0]	1	41480	227347	18235501	496	4	17236698	235848	RepartitionExec[Merge]=17236698;OrderedPartialAggregateStream=543206;RepartitionExec=457485
event	153597	refusal	RepartitionExec[0]	1	51248	227347	18260085	496	4	17243330	235835	RepartitionExec[Merge]=17243330;OrderedPartialAggregateStream=534686;RepartitionExec=457485
event	153617	refusal	RepartitionExec[1]	1	8520	230138	18259261	494	4	17268738	236738	RepartitionExec[Merge]=17268738;OrderedPartialAggregateStream=533038;RepartitionExec=457485
event	153638	refusal	RepartitionExec[1]	1	44768	230138	17894579	494	4	17268738	236738	RepartitionExec[Merge]=17268738;RepartitionExec=457485;OrderedPartialAggregateStream=168356
event	153653	refusal	RepartitionExec[0]	1	44009	227347	17894579	494	4	17268738	236738	RepartitionExec[Merge]=17268738;RepartitionExec=457485;OrderedPartialAggregateStream=168356
event	153664	refusal	RepartitionExec[0]	1	45020	227347	17895403	494	4	17268738	236738	RepartitionExec[Merge]=17268738;RepartitionExec=457485;OrderedPartialAggregateStream=169180
event	153688	refusal	RepartitionExec[0]	1	58667	227347	17896227	494	4	17268738	236738	RepartitionExec[Merge]=17268738;RepartitionExec=457485;OrderedPartialAggregateStream=170004
event	153695	refusal	RepartitionExec[1]	1	41480	230138	17896227	494	4	17268738	236738	RepartitionExec[Merge]=17268738;RepartitionExec=457485;OrderedPartialAggregateStream=170004
event	153696	release_after_refusal	RepartitionExec[1]	1	43832	186306	17852395	494	4	17268738		RepartitionExec[Merge]=17268738;RepartitionExec=413653;OrderedPartialAggregateStream=170004
event	153705	refusal	RepartitionExec[1]	1	57541	186306	17858523	494	4	17268738	236738	RepartitionExec[Merge]=17268738;RepartitionExec=413653;OrderedPartialAggregateStream=170004
event	153810	refusal	RepartitionExec[0]	1	76396	227347	17945324	494	4	17317658	236639	RepartitionExec[Merge]=17317658;RepartitionExec=457662;OrderedPartialAggregateStream=170004
event	153824	refusal	RepartitionExec[1]	1	51248	230315	17945324	494	4	17317658	236639	RepartitionExec[Merge]=17317658;RepartitionExec=457662;OrderedPartialAggregateStream=170004
event	153838	refusal	RepartitionExec[1]	1	45020	230315	17870758	494	4	17317658	236639	RepartitionExec[Merge]=17317658;RepartitionExec=466182;OrderedPartialAggregateStream=86918
event	153850	refusal	RepartitionExec[1]	1	8520	230315	17870758	494	4	17317658	236639	RepartitionExec[Merge]=17317658;RepartitionExec=466182;OrderedPartialAggregateStream=86918
event	153858	release_after_refusal	RepartitionExec[1]	1	44009	186306	17826749	494	4	17317658		RepartitionExec[Merge]=17317658;RepartitionExec=422173;OrderedPartialAggregateStream=86918
event	153875	refusal	OrderedPartialAggregateStream[817]	1	246175	0	17875558	494	4	17366467	236541	RepartitionExec[Merge]=17366467;RepartitionExec=422173;OrderedPartialAggregateStream=86918
event	153888	refusal	RepartitionExec[1]	1	58667	139516	17881114	494	4	17418813	236435	RepartitionExec[Merge]=17418813;RepartitionExec=375383;OrderedPartialAggregateStream=86918
event	153895	release_after_refusal	RepartitionExec[1]	1	43376	96140	17837738	494	4	17418813		RepartitionExec[Merge]=17418813;RepartitionExec=332007;OrderedPartialAggregateStream=86918
event	153944	refusal	RepartitionExec[0]	1	8520	235867	17844631	494	4	17466881	236337	RepartitionExec[Merge]=17466881;RepartitionExec=332007;OrderedPartialAggregateStream=45743
event	153982	refusal	RepartitionExec[0]	1	55407	235867	18139878	493	4	17466881	236817	RepartitionExec[Merge]=17466881;RepartitionExec=332007;OrderedPartialAggregateStream=45743
event	153993	refusal	RepartitionExec[0]	1	8520	235867	18139878	493	4	17466881	236817	RepartitionExec[Merge]=17466881;RepartitionExec=408403;OrderedPartialAggregateStream=45743
event	154008	refusal	OrderedPartialAggregateStream[1157]	1	446441	0	18139878	493	4	17466881	236817	RepartitionExec[Merge]=17466881;RepartitionExec=408403;OrderedPartialAggregateStream=45743
event	154029	refusal	OrderedPartialAggregateStream[1016]	1	396302	0	18066915	492	4	17466881	237298	RepartitionExec[Merge]=17466881;RepartitionExec=371903;OrderedPartialAggregateStream=3296
event	154043	refusal	OrderedPartialAggregateStream[972]	1	279686	0	18066915	492	4	17466881	237298	RepartitionExec[Merge]=17466881;RepartitionExec=371903;OrderedPartialAggregateStream=3296
event	154161	refusal	RepartitionExec[0]	1	73699	235867	18395121	488	4	17516845	239141	RepartitionExec[Merge]=17516845;RepartitionExec=371903;OrderedPartialAggregateStream=232115
event	154171	refusal	RepartitionExec[0]	1	92690	235867	18272497	488	4	17516845	239141	RepartitionExec[Merge]=17516845;RepartitionExec=371903;OrderedPartialAggregateStream=232115
event	154180	refusal	RepartitionExec[0]	1	65408	235867	18272497	488	4	17516845	239141	RepartitionExec[Merge]=17516845;RepartitionExec=427310;OrderedPartialAggregateStream=232115
event	154224	refusal	RepartitionExec[0]	1	46283	235867	18208085	487	4	17516845	239632	RepartitionExec[Merge]=17516845;RepartitionExec=427310;OrderedPartialAggregateStream=45079
event	154298	refusal	RepartitionExec[1]	1	73699	191443	18663571	487	4	17516845	239632	RepartitionExec[Merge]=17516845;RepartitionExec=427310;OrderedPartialAggregateStream=265397
event	154330	refusal	RepartitionExec[0]	1	77522	235867	18891859	487	4	17516845	239632	RepartitionExec[Merge]=17516845;OrderedPartialAggregateStream=493685;RepartitionExec=427310
event	154337	refusal	RepartitionExec[1]	1	92690	191443	18712908	487	4	17516845	239632	RepartitionExec[Merge]=17516845;RepartitionExec=427310;OrderedPartialAggregateStream=314734
event	154363	refusal	RepartitionExec[0]	1	42998	235867	18759191	487	4	17516845	239632	RepartitionExec[Merge]=17516845;OrderedPartialAggregateStream=549902;RepartitionExec=473593
event	154401	refusal	RepartitionExec[0]	1	8520	235867	18531695	487	4	17516845	239632	RepartitionExec[Merge]=17516845;RepartitionExec=473593;OrderedPartialAggregateStream=322406
event	154410	refusal	OrderedPartialAggregateStream[351]	1	243781	0	18755037	487	4	17516845	239632	RepartitionExec[Merge]=17516845;OrderedPartialAggregateStream=545748;RepartitionExec=473593
event	154431	refusal	RepartitionExec[0]	1	46031	235867	18754213	486	4	17516845	240125	RepartitionExec[Merge]=17516845;OrderedPartialAggregateStream=544924;RepartitionExec=473593
event	154445	refusal	OrderedPartialAggregateStream[438]	1	240793	0	18799971	486	4	17516845	240125	RepartitionExec[Merge]=17516845;OrderedPartialAggregateStream=590682;RepartitionExec=473593
event	154472	refusal	RepartitionExec[0]	1	49316	235867	19029802	486	4	17516845	240125	RepartitionExec[Merge]=17516845;OrderedPartialAggregateStream=590682;RepartitionExec=473593
event	154485	refusal	RepartitionExec[1]	1	77522	237726	18847987	486	4	17516845	240125	RepartitionExec[Merge]=17516845;OrderedPartialAggregateStream=638698;RepartitionExec=473593
event	154503	refusal	RepartitionExec[1]	1	42998	237726	18848811	486	4	17516845	240125	RepartitionExec[Merge]=17516845;OrderedPartialAggregateStream=639522;RepartitionExec=473593
event	154525	refusal	RepartitionExec[0]	1	54508	235867	18718979	486	4	17516845	240125	RepartitionExec[Merge]=17516845;OrderedPartialAggregateStream=728541;RepartitionExec=473593
event	154529	refusal	RepartitionExec[0]	1	50834	235867	18653235	486	4	17516845	240125	RepartitionExec[Merge]=17516845;OrderedPartialAggregateStream=662797;RepartitionExec=473593
event	154556	refusal	RepartitionExec[0]	1	53385	235867	18464459	485	4	17516845	240620	RepartitionExec[Merge]=17516845;OrderedPartialAggregateStream=474021;RepartitionExec=473593
event	154654	refusal	OrderedPartialAggregateStream[1174]	1	442292	0	18349225	485	4	17516845	240620	RepartitionExec[Merge]=17516845;OrderedPartialAggregateStream=474021;RepartitionExec=473593
event	154666	refusal	RepartitionExec[0]	1	47042	235867	18349225	485	4	17516845	240620	RepartitionExec[Merge]=17516845;OrderedPartialAggregateStream=474021;RepartitionExec=473593
event	154677	refusal	RepartitionExec[1]	1	46031	237726	18286071	485	4	17516845	240620	RepartitionExec[Merge]=17516845;RepartitionExec=473593;OrderedPartialAggregateStream=296457
event	154695	refusal	OrderedPartialAggregateStream[978]	1	273521	0	18286071	485	4	17516845	240620	RepartitionExec[Merge]=17516845;RepartitionExec=473593;OrderedPartialAggregateStream=296457
event	154706	refusal	RepartitionExec[1]	1	49316	237726	18286071	485	4	17516845	240620	RepartitionExec[Merge]=17516845;RepartitionExec=473593;OrderedPartialAggregateStream=296457
event	154718	refusal	RepartitionExec[0]	1	44261	235867	18244704	485	4	17516845	240620	RepartitionExec[Merge]=17516845;RepartitionExec=473593;OrderedPartialAggregateStream=255090
event	154815	refusal	RepartitionExec[0]	1	42365	235867	18442544	485	4	17516845	240620	RepartitionExec[Merge]=17516845;RepartitionExec=473593;OrderedPartialAggregateStream=254266
event	154825	refusal	RepartitionExec[0]	1	8520	235867	18408897	485	4	17516845	240620	RepartitionExec[Merge]=17516845;RepartitionExec=473593;OrderedPartialAggregateStream=254266
event	154842	refusal	RepartitionExec[1]	1	54508	237726	18408897	485	4	17516845	240620	RepartitionExec[Merge]=17516845;RepartitionExec=473593;OrderedPartialAggregateStream=254266
event	154850	refusal	RepartitionExec[1]	1	47042	237726	18408897	485	4	17516845	240620	RepartitionExec[Merge]=17516845;RepartitionExec=473593;OrderedPartialAggregateStream=254266
event	154858	refusal	OrderedPartialAggregateStream[927]	1	262469	0	18408897	485	4	17516845	240620	RepartitionExec[Merge]=17516845;RepartitionExec=473593;OrderedPartialAggregateStream=254266
event	154874	refusal	RepartitionExec[1]	1	53385	237726	18343153	485	4	17516845	240620	RepartitionExec[Merge]=17516845;RepartitionExec=473593;OrderedPartialAggregateStream=255090
event	154889	refusal	OrderedPartialAggregateStream[1017]	1	274376	0	18309922	484	4	17516845	241117	RepartitionExec[Merge]=17516845;RepartitionExec=473593;OrderedPartialAggregateStream=255090
event	154907	refusal	RepartitionExec[0]	1	63047	235867	18292882	484	4	17516845	241117	RepartitionExec[Merge]=17516845;RepartitionExec=473593;OrderedPartialAggregateStream=171172
event	154911	refusal	RepartitionExec[1]	1	8520	237726	18292882	484	4	17516845	241117	RepartitionExec[Merge]=17516845;RepartitionExec=473593;OrderedPartialAggregateStream=171172
event	154923	refusal	RepartitionExec[1]	1	50834	237726	18292882	484	4	17516845	241117	RepartitionExec[Merge]=17516845;RepartitionExec=473593;OrderedPartialAggregateStream=171172
event	154931	refusal	RepartitionExec[1]	1	44261	237726	18292882	484	4	17516845	241117	RepartitionExec[Merge]=17516845;RepartitionExec=473593;OrderedPartialAggregateStream=171172
event	154946	refusal	RepartitionExec[1]	1	65408	237726	18359450	484	4	17516845	241117	RepartitionExec[Merge]=17516845;RepartitionExec=473593;OrderedPartialAggregateStream=171172
event	154957	refusal	RepartitionExec[1]	1	8520	237726	18163258	484	4	17516845	241117	RepartitionExec[Merge]=17516845;RepartitionExec=473593;OrderedPartialAggregateStream=172820
event	154982	refusal	RepartitionExec[0]	1	58891	235867	18163258	484	4	17516845	241117	RepartitionExec[Merge]=17516845;RepartitionExec=473593;OrderedPartialAggregateStream=172820
event	154989	refusal	RepartitionExec[1]	1	42365	237726	18229826	484	4	17516845	241117	RepartitionExec[Merge]=17516845;RepartitionExec=473593;OrderedPartialAggregateStream=172820
event	155004	refusal	RepartitionExec[0]	1	91119	235867	18164082	484	4	17516845	241117	RepartitionExec[Merge]=17516845;RepartitionExec=473593;OrderedPartialAggregateStream=173644
event	155027	refusal	RepartitionExec[1]	1	63047	237726	18164082	484	4	17516845	241117	RepartitionExec[Merge]=17516845;RepartitionExec=473593;OrderedPartialAggregateStream=173644
event	155036	refusal	RepartitionExec[0]	1	63386	235867	18164082	484	4	17516845	241117	RepartitionExec[Merge]=17516845;RepartitionExec=473593;OrderedPartialAggregateStream=173644
event	155044	refusal	OrderedPartialAggregateStream[1158]	1	473702	0	18164082	484	4	17516845	241117	RepartitionExec[Merge]=17516845;RepartitionExec=473593;OrderedPartialAggregateStream=173644
event	155093	refusal	RepartitionExec[0]	1	8520	235867	18122203	484	4	17516845	241117	RepartitionExec[Merge]=17516845;RepartitionExec=473593;OrderedPartialAggregateStream=131765
event	155119	refusal	RepartitionExec[1]	1	58891	237726	18121379	483	4	17516845	241616	RepartitionExec[Merge]=17516845;RepartitionExec=473593;OrderedPartialAggregateStream=130941
event	155158	refusal	RepartitionExec[1]	1	8520	237726	18079844	483	4	17516845	241616	RepartitionExec[Merge]=17516845;RepartitionExec=473593;OrderedPartialAggregateStream=89406
event	155180	refusal	RepartitionExec[0]	1	103030	235867	18300747	483	4	17516845	241616	RepartitionExec[Merge]=17516845;RepartitionExec=473593;OrderedPartialAggregateStream=310309
event	155197	refusal	OrderedPartialAggregateStream[1104]	1	408515	0	18300747	483	4	17516845	241616	RepartitionExec[Merge]=17516845;RepartitionExec=473593;OrderedPartialAggregateStream=310309
event	155222	refusal	RepartitionExec[1]	1	8520	237726	18259220	483	4	17516845	241616	RepartitionExec[Merge]=17516845;RepartitionExec=473593;OrderedPartialAggregateStream=268782
event	155263	refusal	RepartitionExec[0]	1	43250	235867	18078892	482	4	17516845	242118	RepartitionExec[Merge]=17516845;RepartitionExec=473593;OrderedPartialAggregateStream=88454
event	155287	refusal	OrderedPartialAggregateStream[813]	1	247354	0	18078892	481	4	17516845	242621	RepartitionExec[Merge]=17516845;RepartitionExec=473593;OrderedPartialAggregateStream=88454
event	155315	refusal	RepartitionExec[0]	1	78306	235867	18078892	481	4	17516845	242621	RepartitionExec[Merge]=17516845;RepartitionExec=473593;OrderedPartialAggregateStream=88454
event	155355	refusal	RepartitionExec[1]	1	8520	237726	18037605	481	4	17516845	242621	RepartitionExec[Merge]=17516845;RepartitionExec=473593;OrderedPartialAggregateStream=47167
event	155368	refusal	RepartitionExec[1]	1	91119	237726	18037605	481	4	17516845	242621	RepartitionExec[Merge]=17516845;RepartitionExec=473593;OrderedPartialAggregateStream=47167
event	155443	refusal	RepartitionExec[1]	1	63386	237726	18036781	480	4	17516845	243126	RepartitionExec[Merge]=17516845;RepartitionExec=473593;OrderedPartialAggregateStream=46343
event	155493	refusal	OrderedPartialAggregateStream[262]	1	253528	0	18036781	480	4	17516845	243126	RepartitionExec[Merge]=17516845;RepartitionExec=473593;OrderedPartialAggregateStream=47167
event	155505	refusal	RepartitionExec[0]	1	55855	235867	18036781	480	4	17516845	243126	RepartitionExec[Merge]=17516845;RepartitionExec=473593;OrderedPartialAggregateStream=46343
event	155526	refusal	OrderedPartialAggregateStream[1123]	1	791722	0	18277016	480	4	17516845	243126	RepartitionExec[Merge]=17516845;RepartitionExec=473593;OrderedPartialAggregateStream=46343
event	155532	refusal	RepartitionExec[1]	1	103030	237726	18277016	480	4	17516845	243126	RepartitionExec[Merge]=17516845;RepartitionExec=473593;OrderedPartialAggregateStream=46343
event	155547	refusal	OrderedPartialAggregateStream[162]	1	397265	0	18277016	479	4	17516845	243634	RepartitionExec[Merge]=17516845;RepartitionExec=473593;OrderedPartialAggregateStream=46343
event	155564	refusal	RepartitionExec[1]	1	43250	237726	18510623	479	4	17516845	243634	RepartitionExec[Merge]=17516845;OrderedPartialAggregateStream=520185;RepartitionExec=473593
event	155577	refusal	RepartitionExec[0]	1	58216	235867	18745863	479	4	17516845	243634	RepartitionExec[Merge]=17516845;OrderedPartialAggregateStream=755425;RepartitionExec=473593
event	155647	refusal	RepartitionExec[1]	1	78306	237726	18421485	479	4	17516845	243634	RepartitionExec[Merge]=17516845;OrderedPartialAggregateStream=564681;RepartitionExec=473593
event	155653	refusal	RepartitionExec[0]	1	48305	235867	18165065	479	4	17516845	243634	RepartitionExec[Merge]=17516845;RepartitionExec=473593;OrderedPartialAggregateStream=174627
event	155670	refusal	OrderedPartialAggregateStream[996]	1	268724	0	18165065	479	4	17516845	243634	RepartitionExec[Merge]=17516845;RepartitionExec=473593;OrderedPartialAggregateStream=174627
event	155684	refusal	RepartitionExec[0]	1	51464	235867	18163417	479	4	17516845	243634	RepartitionExec[Merge]=17516845;RepartitionExec=473593;OrderedPartialAggregateStream=173803
event	155694	refusal	RepartitionExec[0]	1	49316	235867	18163417	479	4	17516845	243634	RepartitionExec[Merge]=17516845;RepartitionExec=473593;OrderedPartialAggregateStream=173803
event	155702	refusal	RepartitionExec[1]	1	55855	237726	18386408	478	4	17516845	244144	RepartitionExec[Merge]=17516845;RepartitionExec=473593;OrderedPartialAggregateStream=395970
event	155821	refusal	RepartitionExec[0]	1	74038	235867	18419273	477	4	17516845	244655	RepartitionExec[Merge]=17516845;RepartitionExec=473593;OrderedPartialAggregateStream=395970
event	155837	refusal	OrderedPartialAggregateStream[990]	1	395825	0	18419273	477	4	17516845	244655	RepartitionExec[Merge]=17516845;RepartitionExec=473593;OrderedPartialAggregateStream=395970
event	155848	refusal	OrderedPartialAggregateStream[1123]	1	260552	0	18353529	477	4	17516845	244655	RepartitionExec[Merge]=17516845;RepartitionExec=473593;OrderedPartialAggregateStream=396794
event	155861	refusal	RepartitionExec[1]	1	58216	237726	18226879	475	4	17516845	245686	RepartitionExec[Merge]=17516845;RepartitionExec=473593;OrderedPartialAggregateStream=354571
event	155874	refusal	RepartitionExec[0]	1	61249	244387	18235399	475	4	17516845	245686	RepartitionExec[Merge]=17516845;RepartitionExec=482113;OrderedPartialAggregateStream=354571
event	155882	refusal	RepartitionExec[1]	1	48305	237726	18235399	475	4	17516845	245686	RepartitionExec[Merge]=17516845;RepartitionExec=482113;OrderedPartialAggregateStream=236441
event	155894	refusal	RepartitionExec[0]	1	146246	244387	18172049	475	4	17516845	245686	RepartitionExec[Merge]=17516845;RepartitionExec=482113;OrderedPartialAggregateStream=173091
event	155910	refusal	RepartitionExec[0]	1	44135	244387	18172049	475	4	17516845	245686	RepartitionExec[Merge]=17516845;RepartitionExec=482113;OrderedPartialAggregateStream=173091
event	155928	refusal	RepartitionExec[1]	1	51464	237726	18172049	475	4	17516845	245686	RepartitionExec[Merge]=17516845;RepartitionExec=482113;OrderedPartialAggregateStream=173091
event	155948	refusal	RepartitionExec[1]	1	49316	237726	18172873	475	4	17516845	245686	RepartitionExec[Merge]=17516845;RepartitionExec=482113;OrderedPartialAggregateStream=173915
event	155981	refusal	RepartitionExec[0]	1	73475	244387	18172873	475	4	17516845	245686	RepartitionExec[Merge]=17516845;RepartitionExec=482113;OrderedPartialAggregateStream=173915
event	156007	refusal	RepartitionExec[1]	1	74038	237726	18172049	474	4	17516845	246204	RepartitionExec[Merge]=17516845;RepartitionExec=482113;OrderedPartialAggregateStream=173091
event	156063	refusal	OrderedPartialAggregateStream[992]	1	249694	0	18171225	473	4	17516845	246724	RepartitionExec[Merge]=17516845;RepartitionExec=482113;OrderedPartialAggregateStream=172267
event	156081	refusal	OrderedPartialAggregateStream[1018]	1	266654	0	18171225	473	4	17516845	246724	RepartitionExec[Merge]=17516845;RepartitionExec=482113;OrderedPartialAggregateStream=172267
event	156088	refusal	RepartitionExec[1]	1	61249	237726	18397870	473	4	17516845	246724	RepartitionExec[Merge]=17516845;RepartitionExec=482113;OrderedPartialAggregateStream=398912
event	156157	refusal	RepartitionExec[0]	1	8520	244387	18356655	473	4	17516845	246724	RepartitionExec[Merge]=17516845;RepartitionExec=482113;OrderedPartialAggregateStream=357697
event	156192	refusal	RepartitionExec[0]	1	56754	244387	18410117	473	4	17516845	246724	RepartitionExec[Merge]=17516845;RepartitionExec=482113;OrderedPartialAggregateStream=239323
event	156206	refusal	RepartitionExec[0]	1	45653	244387	18410117	473	4	17516845	246724	RepartitionExec[Merge]=17516845;RepartitionExec=482113;OrderedPartialAggregateStream=239323
event	156215	refusal	RepartitionExec[1]	1	146246	237726	18410117	473	4	17516845	246724	RepartitionExec[Merge]=17516845;RepartitionExec=482113;OrderedPartialAggregateStream=173579
event	156231	refusal	OrderedPartialAggregateStream[1105]	1	394556	0	18410117	473	4	17516845	246724	RepartitionExec[Merge]=17516845;RepartitionExec=482113;OrderedPartialAggregateStream=173579
event	156235	refusal	RepartitionExec[0]	1	60465	244387	18410117	473	4	17516845	246724	RepartitionExec[Merge]=17516845;RepartitionExec=482113;OrderedPartialAggregateStream=173579
event	156246	refusal	RepartitionExec[1]	1	44135	237726	18410117	473	4	17516845	246724	RepartitionExec[Merge]=17516845;RepartitionExec=482113;OrderedPartialAggregateStream=411159
event	156306	refusal	RepartitionExec[0]	1	8584	244387	18334040	473	4	17516845	246724	RepartitionExec[Merge]=17516845;RepartitionExec=490633;OrderedPartialAggregateStream=326562
event	156353	refusal	RepartitionExec[1]	1	73475	246246	18139579	473	4	17516845	246724	RepartitionExec[Merge]=17516845;RepartitionExec=490633;OrderedPartialAggregateStream=132101
event	156360	refusal	RepartitionExec[1]	1	60465	246246	18139579	473	4	17516845	246724	RepartitionExec[Merge]=17516845;RepartitionExec=490633;OrderedPartialAggregateStream=132101
event	156372	refusal	RepartitionExec[0]	1	50327	244387	18375741	473	4	17516845	246724	RepartitionExec[Merge]=17516845;RepartitionExec=490633;OrderedPartialAggregateStream=132101
event	156380	refusal	OrderedPartialAggregateStream[1181]	1	458303	0	18375741	473	4	17516845	246724	RepartitionExec[Merge]=17516845;RepartitionExec=490633;OrderedPartialAggregateStream=132101
event	156395	refusal	OrderedPartialAggregateStream[226]	1	276743	0	18375741	473	4	17516845	246724	RepartitionExec[Merge]=17516845;RepartitionExec=490633;OrderedPartialAggregateStream=368263
event	156404	refusal	RepartitionExec[1]	1	56754	246246	18375741	472	4	17516845	247247	RepartitionExec[Merge]=17516845;RepartitionExec=490633;OrderedPartialAggregateStream=368263
event	156410	refusal	RepartitionExec[0]	1	73027	244387	18375741	472	4	17516845	247247	RepartitionExec[Merge]=17516845;RepartitionExec=490633;OrderedPartialAggregateStream=368263
event	156471	refusal	RepartitionExec[1]	1	45653	246246	18599331	472	4	17516845	247247	RepartitionExec[Merge]=17516845;OrderedPartialAggregateStream=591853;RepartitionExec=490633
event	156487	refusal	RepartitionExec[0]	1	64285	244387	18404608	472	4	17516845	247247	RepartitionExec[Merge]=17516845;RepartitionExec=490633;OrderedPartialAggregateStream=397130
event	156521	refusal	RepartitionExec[0]	1	50075	244387	18221689	470	4	17516845	248299	RepartitionExec[Merge]=17516845;RepartitionExec=490633;OrderedPartialAggregateStream=214211
event	156521	refusal	RepartitionExec[0]	1	44009	244387	18221689	470	4	17516845	248299	RepartitionExec[Merge]=17516845;RepartitionExec=490633;OrderedPartialAggregateStream=214211
event	156555	refusal	RepartitionExec[0]	1	97185	244387	18411679	470	4	17516845	248299	RepartitionExec[Merge]=17516845;RepartitionExec=490633;OrderedPartialAggregateStream=404201
event	156572	refusal	RepartitionExec[0]	1	8520	244387	18410855	469	4	17516845	248829	RepartitionExec[Merge]=17516845;RepartitionExec=490633;OrderedPartialAggregateStream=403377
event	156598	refusal	RepartitionExec[1]	1	50327	246246	18410031	468	4	17516845	249360	RepartitionExec[Merge]=17516845;RepartitionExec=490633;OrderedPartialAggregateStream=402553
event	156646	refusal	RepartitionExec[0]	1	47420	244387	18221281	468	4	17516845	249360	RepartitionExec[Merge]=17516845;RepartitionExec=490633;OrderedPartialAggregateStream=213803
event	156705	refusal	RepartitionExec[1]	1	73027	246246	18421635	467	4	17516845	249894	RepartitionExec[Merge]=17516845;RepartitionExec=490633;OrderedPartialAggregateStream=414157
event	156709	refusal	RepartitionExec[1]	1	64285	246246	18421635	467	4	17516845	249894	RepartitionExec[Merge]=17516845;RepartitionExec=490633;OrderedPartialAggregateStream=414157
event	156720	refusal	RepartitionExec[0]	1	8520	244387	18221337	467	4	17516845	249894	RepartitionExec[Merge]=17516845;RepartitionExec=490633;OrderedPartialAggregateStream=213859
event	156739	refusal	RepartitionExec[0]	1	52601	244387	18221337	467	4	17516845	249894	RepartitionExec[Merge]=17516845;RepartitionExec=490633;OrderedPartialAggregateStream=213859
event	156754	refusal	RepartitionExec[1]	1	50075	246246	18221337	467	4	17516845	249894	RepartitionExec[Merge]=17516845;RepartitionExec=490633;OrderedPartialAggregateStream=213859
event	156779	refusal	RepartitionExec[1]	1	44009	246246	18221337	467	4	17516845	249894	RepartitionExec[Merge]=17516845;RepartitionExec=490633;OrderedPartialAggregateStream=213859
event	156823	refusal	RepartitionExec[1]	1	97185	246246	18438415	467	4	17516845	249894	RepartitionExec[Merge]=17516845;RepartitionExec=490633;OrderedPartialAggregateStream=430937
event	156870	refusal	RepartitionExec[0]	1	8520	244387	18628903	467	4	17516845	249894	RepartitionExec[Merge]=17516845;OrderedPartialAggregateStream=621425;RepartitionExec=490633
event	156913	refusal	RepartitionExec[0]	1	41609	244387	18262272	467	4	17516845	249894	RepartitionExec[Merge]=17516845;RepartitionExec=490633;OrderedPartialAggregateStream=254794
event	156933	refusal	RepartitionExec[1]	1	8520	246246	18220009	467	4	17516845	249894	RepartitionExec[Merge]=17516845;RepartitionExec=490633;OrderedPartialAggregateStream=212531
event	156944	refusal	RepartitionExec[0]	1	48305	244387	18220009	467	4	17516845	249894	RepartitionExec[Merge]=17516845;RepartitionExec=490633;OrderedPartialAggregateStream=212531
event	156994	refusal	RepartitionExec[1]	1	52601	246246	18445843	465	4	17516845	250969	RepartitionExec[Merge]=17516845;RepartitionExec=490633;OrderedPartialAggregateStream=438365
event	157025	refusal	RepartitionExec[1]	1	41609	246246	18502165	465	4	17516845	250969	RepartitionExec[Merge]=17516845;RepartitionExec=490633;OrderedPartialAggregateStream=252634
event	157036	refusal	OrderedPartialAggregateStream[999]	1	270272	0	18730268	465	4	17516845	250969	RepartitionExec[Merge]=17516845;RepartitionExec=490633;OrderedPartialAggregateStream=252634
event	157052	refusal	RepartitionExec[0]	1	46031	244387	18730268	465	4	17516845	250969	RepartitionExec[Merge]=17516845;OrderedPartialAggregateStream=722790;RepartitionExec=490633
event	157059	refusal	OrderedPartialAggregateStream[1019]	1	288787	0	18730268	465	4	17516845	250969	RepartitionExec[Merge]=17516845;OrderedPartialAggregateStream=722790;RepartitionExec=490633
event	157090	refusal	RepartitionExec[0]	1	8520	244387	18688773	465	4	17516845	250969	RepartitionExec[Merge]=17516845;OrderedPartialAggregateStream=681295;RepartitionExec=490633
event	157105	refusal	OrderedPartialAggregateStream[1127]	1	543829	0	18687949	465	4	17516845	250969	RepartitionExec[Merge]=17516845;OrderedPartialAggregateStream=681295;RepartitionExec=490633
event	157113	refusal	RepartitionExec[1]	1	47420	246246	18687949	464	4	17516845	251510	RepartitionExec[Merge]=17516845;OrderedPartialAggregateStream=680471;RepartitionExec=490633
event	157148	refusal	RepartitionExec[1]	1	48305	246246	18367181	464	4	17516845	251510	RepartitionExec[Merge]=17516845;OrderedPartialAggregateStream=494975;RepartitionExec=490633
event	157160	refusal	RepartitionExec[0]	1	46283	244387	18303759	464	4	17516845	251510	RepartitionExec[Merge]=17516845;RepartitionExec=490633;OrderedPartialAggregateStream=296281
event	157166	refusal	RepartitionExec[0]	1	61812	244387	18303759	464	4	17516845	251510	RepartitionExec[Merge]=17516845;RepartitionExec=490633;OrderedPartialAggregateStream=296281
event	157195	refusal	RepartitionExec[0]	1	52223	244387	18269696	464	4	17516845	251510	RepartitionExec[Merge]=17516845;RepartitionExec=490633;OrderedPartialAggregateStream=296281
event	157204	refusal	RepartitionExec[0]	1	65744	244387	18261176	464	4	17516845	251510	RepartitionExec[Merge]=17516845;RepartitionExec=490633;OrderedPartialAggregateStream=253698
event	157217	refusal	RepartitionExec[0]	1	8520	244387	18499260	464	4	17516845	251510	RepartitionExec[Merge]=17516845;OrderedPartialAggregateStream=491782;RepartitionExec=490633
event	157238	refusal	RepartitionExec[1]	1	46031	246246	18458069	464	4	17516845	251510	RepartitionExec[Merge]=17516845;RepartitionExec=490633;OrderedPartialAggregateStream=450591
event	157253	refusal	RepartitionExec[1]	1	8520	246246	18458069	464	4	17516845	251510	RepartitionExec[Merge]=17516845;RepartitionExec=490633;OrderedPartialAggregateStream=450591
event	157305	refusal	RepartitionExec[1]	1	61812	246246	18815356	464	4	17516845	251510	RepartitionExec[Merge]=17516845;OrderedPartialAggregateStream=688356;RepartitionExec=490633
event	157314	refusal	RepartitionExec[0]	1	124155	244387	18751292	464	4	17516845	251510	RepartitionExec[Merge]=17516845;OrderedPartialAggregateStream=743814;RepartitionExec=490633
event	157331	refusal	RepartitionExec[1]	1	65744	246246	18751292	464	4	17516845	251510	RepartitionExec[Merge]=17516845;OrderedPartialAggregateStream=743814;RepartitionExec=490633
event	157334	refusal	RepartitionExec[0]	1	50579	244387	18751292	464	4	17516845	251510	RepartitionExec[Merge]=17516845;OrderedPartialAggregateStream=743814;RepartitionExec=490633
event	157362	refusal	RepartitionExec[1]	1	46283	246246	18751292	464	4	17516845	251510	RepartitionExec[Merge]=17516845;OrderedPartialAggregateStream=743814;RepartitionExec=490633
event	157372	refusal	OrderedPartialAggregateStream[982]	1	400199	0	18751292	464	4	17516845	251510	RepartitionExec[Merge]=17516845;OrderedPartialAggregateStream=743814;RepartitionExec=490633
event	157414	refusal	RepartitionExec[0]	1	50075	244387	18536676	464	4	17516845	251510	RepartitionExec[Merge]=17516845;OrderedPartialAggregateStream=537718;RepartitionExec=490633
event	157432	refusal	RepartitionExec[1]	1	52223	246246	18536676	464	4	17516845	251510	RepartitionExec[Merge]=17516845;OrderedPartialAggregateStream=529198;RepartitionExec=490633
event	157444	refusal	RepartitionExec[0]	1	56141	244387	18348398	464	4	17516845	251510	RepartitionExec[Merge]=17516845;RepartitionExec=490633;OrderedPartialAggregateStream=340920
event	157453	refusal	RepartitionExec[0]	1	8520	244387	18347574	463	4	17516845	252053	RepartitionExec[Merge]=17516845;RepartitionExec=490633;OrderedPartialAggregateStream=340096
event	157467	refusal	RepartitionExec[0]	1	47168	244387	18347574	463	4	17516845	252053	RepartitionExec[Merge]=17516845;RepartitionExec=490633;OrderedPartialAggregateStream=340096
event	157489	refusal	RepartitionExec[1]	1	8520	246246	18306647	463	4	17516845	252053	RepartitionExec[Merge]=17516845;RepartitionExec=490633;OrderedPartialAggregateStream=299169
event	157502	refusal	OrderedPartialAggregateStream[1107]	1	426596	0	18305823	463	4	17516845	252053	RepartitionExec[Merge]=17516845;RepartitionExec=490633;OrderedPartialAggregateStream=299169
event	157508	refusal	RepartitionExec[0]	1	75161	244387	18305823	462	4	17516845	252599	RepartitionExec[Merge]=17516845;RepartitionExec=490633;OrderedPartialAggregateStream=298345
event	157585	refusal	RepartitionExec[1]	1	124155	246246	18305823	462	4	17516845	252599	RepartitionExec[Merge]=17516845;RepartitionExec=490633;OrderedPartialAggregateStream=298345
event	157611	refusal	RepartitionExec[0]	1	8520	244387	18264608	462	4	17516845	252599	RepartitionExec[Merge]=17516845;RepartitionExec=490633;OrderedPartialAggregateStream=387578
event	157624	refusal	RepartitionExec[1]	1	50579	246246	18264608	462	4	17516845	252599	RepartitionExec[Merge]=17516845;RepartitionExec=490633;OrderedPartialAggregateStream=257130
event	157640	refusal	RepartitionExec[0]	1	8520	244387	18222825	462	4	17516845	252599	RepartitionExec[Merge]=17516845;RepartitionExec=490633;OrderedPartialAggregateStream=215347
event	157656	refusal	RepartitionExec[0]	1	85162	244387	18222825	462	4	17516845	252599	RepartitionExec[Merge]=17516845;RepartitionExec=490633;OrderedPartialAggregateStream=215347
event	157682	refusal	RepartitionExec[1]	1	50075	246246	18222825	462	4	17516845	252599	RepartitionExec[Merge]=17516845;RepartitionExec=490633;OrderedPartialAggregateStream=215347
event	157726	refusal	RepartitionExec[1]	1	56141	246246	18222825	462	4	17516845	252599	RepartitionExec[Merge]=17516845;RepartitionExec=490633;OrderedPartialAggregateStream=215347
event	157778	refusal	RepartitionExec[1]	1	47168	246246	18222001	461	4	17516845	253147	RepartitionExec[Merge]=17516845;RepartitionExec=490633;OrderedPartialAggregateStream=214523
event	157813	refusal	OrderedPartialAggregateStream[1020]	1	395771	0	18417828	461	4	17516845	253147	RepartitionExec[Merge]=17516845;RepartitionExec=499153;OrderedPartialAggregateStream=401830
event	157854	refusal	OrderedPartialAggregateStream[1184]	1	466619	0	18599535	461	4	17516845	253147	RepartitionExec[Merge]=17516845;OrderedPartialAggregateStream=583537;RepartitionExec=499153
event	157868	refusal	RepartitionExec[1]	1	8520	246246	18411819	461	4	17516845	253147	RepartitionExec[Merge]=17516845;RepartitionExec=499153;OrderedPartialAggregateStream=395821
event	157892	refusal	RepartitionExec[1]	1	8520	246246	18369492	461	4	17516845	253147	RepartitionExec[Merge]=17516845;RepartitionExec=499153;OrderedPartialAggregateStream=353494
event	157900	refusal	RepartitionExec[0]	1	46916	252907	18369492	461	4	17516845	253147	RepartitionExec[Merge]=17516845;RepartitionExec=499153;OrderedPartialAggregateStream=353494
event	157908	refusal	RepartitionExec[1]	1	85162	246246	18369492	461	4	17516845	253147	RepartitionExec[Merge]=17516845;RepartitionExec=499153;OrderedPartialAggregateStream=353494
event	157923	refusal	RepartitionExec[1]	1	75161	246246	18370316	461	4	17516845	253147	RepartitionExec[Merge]=17516845;RepartitionExec=499153;OrderedPartialAggregateStream=354318
event	157948	refusal	RepartitionExec[0]	1	73475	252907	18153138	461	4	17516845	253147	RepartitionExec[Merge]=17516845;RepartitionExec=499153;OrderedPartialAggregateStream=171651
event	157957	refusal	RepartitionExec[0]	1	44642	252907	18144618	461	4	17516845	253147	RepartitionExec[Merge]=17516845;RepartitionExec=499153;OrderedPartialAggregateStream=128620
event	157964	refusal	RepartitionExec[0]	1	8520	252907	18144618	461	4	17516845	253147	RepartitionExec[Merge]=17516845;RepartitionExec=499153;OrderedPartialAggregateStream=128620
event	157999	refusal	RepartitionExec[0]	1	8520	252907	18102723	461	4	17516845	253147	RepartitionExec[Merge]=17516845;RepartitionExec=499153;OrderedPartialAggregateStream=86725
event	158012	refusal	RepartitionExec[1]	1	46916	246246	18463871	461	4	17516845	253147	RepartitionExec[Merge]=17516845;RepartitionExec=499153;OrderedPartialAggregateStream=316601
event	158046	refusal	OrderedPartialAggregateStream[163]	1	271694	0	18333423	461	4	17516845	253147	RepartitionExec[Merge]=17516845;RepartitionExec=499153;OrderedPartialAggregateStream=317425
event	158056	refusal	RepartitionExec[0]	1	100333	252907	18333423	461	4	17516845	253147	RepartitionExec[Merge]=17516845;RepartitionExec=499153;OrderedPartialAggregateStream=317425
event	158071	refusal	OrderedPartialAggregateStream[1049]	1	404735	0	18332599	460	4	17516845	253697	RepartitionExec[Merge]=17516845;RepartitionExec=499153;OrderedPartialAggregateStream=316601
event	158112	refusal	RepartitionExec[0]	1	47042	252907	18374752	460	4	17516845	253697	RepartitionExec[Merge]=17516845;RepartitionExec=499153;OrderedPartialAggregateStream=359578
event	158121	refusal	RepartitionExec[1]	1	73475	246246	18374752	459	4	17516845	254250	RepartitionExec[Merge]=17516845;RepartitionExec=499153;OrderedPartialAggregateStream=358754
event	158174	refusal	RepartitionExec[1]	1	44642	246246	18375576	459	4	17516845	254250	RepartitionExec[Merge]=17516845;RepartitionExec=499153;OrderedPartialAggregateStream=359578
event	158180	refusal	RepartitionExec[0]	1	62375	252907	18186536	459	4	17516845	254250	RepartitionExec[Merge]=17516845;RepartitionExec=499153;OrderedPartialAggregateStream=170538
event	158210	refusal	RepartitionExec[0]	1	47546	252907	18385982	459	4	17516845	254250	RepartitionExec[Merge]=17516845;RepartitionExec=499153;OrderedPartialAggregateStream=369984
event	158218	refusal	RepartitionExec[0]	1	76847	252907	18377398	459	4	17516845	254250	RepartitionExec[Merge]=17516845;RepartitionExec=499153;OrderedPartialAggregateStream=361400
event	158232	refusal	RepartitionExec[0]	1	8584	252907	18377398	459	4	17516845	254250	RepartitionExec[Merge]=17516845;RepartitionExec=499153;OrderedPartialAggregateStream=361400
event	158255	refusal	RepartitionExec[1]	1	100333	246246	18618488	459	4	17516845	254250	RepartitionExec[Merge]=17516845;OrderedPartialAggregateStream=602490;RepartitionExec=499153
event	158265	refusal	OrderedPartialAggregateStream[45]	1	915008	824	18492357	459	4	17516845	254250	RepartitionExec[Merge]=17516845;OrderedPartialAggregateStream=602490;RepartitionExec=499153
event	158275	refusal	RepartitionExec[1]	1	47042	246246	18428587	459	4	17516845	254250	RepartitionExec[Merge]=17516845;RepartitionExec=499153;OrderedPartialAggregateStream=412589
event	158300	refusal	RepartitionExec[0]	1	47927	252907	18428587	459	4	17516845	254250	RepartitionExec[Merge]=17516845;RepartitionExec=499153;OrderedPartialAggregateStream=412589
event	158328	refusal	OrderedPartialAggregateStream[1180]	1	498362	0	18694195	458	4	17516845	254805	RepartitionExec[Merge]=17516845;OrderedPartialAggregateStream=678197;RepartitionExec=499153
event	158333	refusal	RepartitionExec[0]	1	51845	252907	18652620	458	4	17516845	254805	RepartitionExec[Merge]=17516845;OrderedPartialAggregateStream=636622;RepartitionExec=499153
event	158427	refusal	RepartitionExec[1]	1	47546	254766	18343321	457	4	17516845	255362	RepartitionExec[Merge]=17516845;RepartitionExec=507673;OrderedPartialAggregateStream=449233
event	158435	refusal	RepartitionExec[0]	1	46409	252907	18279327	457	4	17516845	255362	RepartitionExec[Merge]=17516845;RepartitionExec=507673;OrderedPartialAggregateStream=318803
event	158444	refusal	RepartitionExec[1]	1	76847	254766	18279327	457	4	17516845	255362	RepartitionExec[Merge]=17516845;RepartitionExec=507673;OrderedPartialAggregateStream=254809
event	158473	refusal	RepartitionExec[0]	1	49949	252907	18279327	457	4	17516845	255362	RepartitionExec[Merge]=17516845;RepartitionExec=507673;OrderedPartialAggregateStream=254809
event	158482	refusal	OrderedPartialAggregateStream[1109]	1	424499	0	18279327	457	4	17516845	255362	RepartitionExec[Merge]=17516845;RepartitionExec=507673;OrderedPartialAggregateStream=254809
event	158490	refusal	OrderedPartialAggregateStream[891]	1	263126	0	18410599	457	4	17516845	255362	RepartitionExec[Merge]=17516845;RepartitionExec=507673;OrderedPartialAggregateStream=254809
event	158501	refusal	RepartitionExec[1]	1	62375	254766	18280151	457	4	17516845	255362	RepartitionExec[Merge]=17516845;RepartitionExec=507673;OrderedPartialAggregateStream=255633
event	158534	refusal	RepartitionExec[0]	1	112356	252907	18238272	457	4	17516845	255362	RepartitionExec[Merge]=17516845;RepartitionExec=507673;OrderedPartialAggregateStream=213754
event	158549	refusal	RepartitionExec[0]	1	8520	252907	18238272	457	4	17516845	255362	RepartitionExec[Merge]=17516845;RepartitionExec=507673;OrderedPartialAggregateStream=213754
event	158573	refusal	OrderedPartialAggregateStream[45]	1	259728	824	18369544	457	4	17516845	255362	RepartitionExec[Merge]=17516845;RepartitionExec=507673;OrderedPartialAggregateStream=213754
event	158588	refusal	RepartitionExec[1]	1	51845	254766	18472203	456	4	17516845	255922	RepartitionExec[Merge]=17516845;RepartitionExec=507673;OrderedPartialAggregateStream=447685
event	158588	refusal	RepartitionExec[0]	1	59115	252907	18472203	456	4	17516845	255922	RepartitionExec[Merge]=17516845;RepartitionExec=507673;OrderedPartialAggregateStream=447685
event	158611	refusal	RepartitionExec[0]	1	84375	252907	18472203	456	4	17516845	255922	RepartitionExec[Merge]=17516845;RepartitionExec=507673;OrderedPartialAggregateStream=447685
event	158624	refusal	RepartitionExec[0]	1	193330	252907	18471379	455	4	17516845	256485	RepartitionExec[Merge]=17516845;RepartitionExec=507673;OrderedPartialAggregateStream=446861
event	158682	refusal	RepartitionExec[1]	1	112356	254766	18512228	455	4	17516845	256485	RepartitionExec[Merge]=17516845;RepartitionExec=507673;OrderedPartialAggregateStream=487710
event	158692	refusal	OrderedPartialAggregateStream[1021]	1	405266	0	18512228	455	4	17516845	256485	RepartitionExec[Merge]=17516845;RepartitionExec=507673;OrderedPartialAggregateStream=487710
event	158701	refusal	RepartitionExec[0]	1	48431	252907	18512228	455	4	17516845	256485	RepartitionExec[Merge]=17516845;RepartitionExec=507673;OrderedPartialAggregateStream=487710
event	158707	refusal	RepartitionExec[1]	1	47927	254766	18512228	455	4	17516845	256485	RepartitionExec[Merge]=17516845;RepartitionExec=507673;OrderedPartialAggregateStream=487710
event	158721	refusal	RepartitionExec[1]	1	49949	254766	18512228	455	4	17516845	256485	RepartitionExec[Merge]=17516845;RepartitionExec=507673;OrderedPartialAggregateStream=487710
event	158747	refusal	RepartitionExec[1]	1	193330	254766	18322318	455	4	17516845	256485	RepartitionExec[Merge]=17516845;RepartitionExec=507673;OrderedPartialAggregateStream=297800
event	158760	refusal	RepartitionExec[0]	1	47927	252907	18280384	455	4	17516845	256485	RepartitionExec[Merge]=17516845;RepartitionExec=507673;OrderedPartialAggregateStream=255866
event	158773	refusal	RepartitionExec[1]	1	8584	254766	18280384	455	4	17516845	256485	RepartitionExec[Merge]=17516845;RepartitionExec=507673;OrderedPartialAggregateStream=255866
event	158811	refusal	RepartitionExec[1]	1	46409	254766	18281208	455	4	17516845	256485	RepartitionExec[Merge]=17516845;RepartitionExec=507673;OrderedPartialAggregateStream=256690
event	158838	refusal	RepartitionExec[0]	1	77071	252907	18502741	455	4	17516845	256485	RepartitionExec[Merge]=17516845;RepartitionExec=507673;OrderedPartialAggregateStream=478223
event	158849	release_after_refusal	OrderedPartialAggregateStream[45]	1	824	0	18501917	455	4	17516845		RepartitionExec[Merge]=17516845;RepartitionExec=507673;OrderedPartialAggregateStream=477399
event	158854	refusal	RepartitionExec[1]	1	59115	254766	18459926	454	4	17516845	257050	RepartitionExec[Merge]=17516845;RepartitionExec=507673;OrderedPartialAggregateStream=435408
event	158863	refusal	RepartitionExec[0]	1	8520	252907	18459926	454	4	17516845	257050	RepartitionExec[Merge]=17516845;RepartitionExec=507673;OrderedPartialAggregateStream=435408
event	158882	refusal	RepartitionExec[1]	1	47927	254766	18459926	454	4	17516845	257050	RepartitionExec[Merge]=17516845;RepartitionExec=507673;OrderedPartialAggregateStream=435408
event	158905	refusal	RepartitionExec[0]	1	43502	252907	18279824	454	4	17516845	257050	RepartitionExec[Merge]=17516845;RepartitionExec=507673;OrderedPartialAggregateStream=255306
event	158959	refusal	RepartitionExec[1]	1	48431	254766	18521872	453	4	17516845	257617	RepartitionExec[Merge]=17516845;RepartitionExec=507673;OrderedPartialAggregateStream=497354
event	158986	refusal	OrderedPartialAggregateStream[1051]	1	425660	0	18521872	453	4	17516845	257617	RepartitionExec[Merge]=17516845;RepartitionExec=507673;OrderedPartialAggregateStream=497354
event	159010	refusal	RepartitionExec[0]	1	8520	252907	18236849	453	4	17516845	257617	RepartitionExec[Merge]=17516845;RepartitionExec=507673;OrderedPartialAggregateStream=212331
event	159018	refusal	RepartitionExec[1]	1	8520	254766	18236849	453	4	17516845	257617	RepartitionExec[Merge]=17516845;RepartitionExec=507673;OrderedPartialAggregateStream=212331
event	159027	refusal	RepartitionExec[0]	1	52601	252907	18236849	453	4	17516845	257617	RepartitionExec[Merge]=17516845;RepartitionExec=507673;OrderedPartialAggregateStream=212331
event	159067	refusal	RepartitionExec[1]	1	84375	254766	18425160	453	4	17516845	257617	RepartitionExec[Merge]=17516845;RepartitionExec=507673;OrderedPartialAggregateStream=400642
event	159076	refusal	RepartitionExec[0]	1	8520	252907	18425160	453	4	17516845	257617	RepartitionExec[Merge]=17516845;RepartitionExec=507673;OrderedPartialAggregateStream=400642
event	159129	refusal	RepartitionExec[1]	1	77071	254766	18425984	453	4	17516845	257617	RepartitionExec[Merge]=17516845;RepartitionExec=507673;OrderedPartialAggregateStream=401466
event	159139	refusal	RepartitionExec[0]	1	84826	252907	18425984	453	4	17516845	257617	RepartitionExec[Merge]=17516845;RepartitionExec=507673;OrderedPartialAggregateStream=401466
event	159160	refusal	OrderedPartialAggregateStream[1008]	1	271748	0	18425984	453	4	17516845	257617	RepartitionExec[Merge]=17516845;RepartitionExec=507673;OrderedPartialAggregateStream=401466
event	159196	refusal	RepartitionExec[0]	1	8520	252907	18626374	452	4	17516845	258187	RepartitionExec[Merge]=17516845;OrderedPartialAggregateStream=601856;RepartitionExec=507673
event	159222	refusal	OrderedPartialAggregateStream[1131]	1	820846	0	18438159	452	4	17516845	258187	RepartitionExec[Merge]=17516845;RepartitionExec=507673;OrderedPartialAggregateStream=477327
event	159232	refusal	RepartitionExec[1]	1	43502	254766	18438159	452	4	17516845	258187	RepartitionExec[Merge]=17516845;RepartitionExec=507673;OrderedPartialAggregateStream=413641
event	159258	refusal	RepartitionExec[0]	1	47168	252907	18438983	452	4	17516845	258187	RepartitionExec[Merge]=17516845;RepartitionExec=507673;OrderedPartialAggregateStream=414465
event	159289	refusal	RepartitionExec[0]	1	62375	252907	18489641	451	4	17516845	258760	RepartitionExec[Merge]=17516845;RepartitionExec=507673;OrderedPartialAggregateStream=465123
event	159294	refusal	RepartitionExec[1]	1	52601	254766	18489641	451	4	17516845	258760	RepartitionExec[Merge]=17516845;RepartitionExec=507673;OrderedPartialAggregateStream=465123
event	159321	refusal	RepartitionExec[0]	1	52730	252907	18489641	451	4	17516845	258760	RepartitionExec[Merge]=17516845;RepartitionExec=507673;OrderedPartialAggregateStream=465123
event	159369	refusal	RepartitionExec[1]	1	8520	254766	18446762	450	4	17516845	259335	RepartitionExec[Merge]=17516845;RepartitionExec=507673;OrderedPartialAggregateStream=422244
event	159415	refusal	RepartitionExec[0]	1	56519	252907	18237753	450	4	17516845	259335	RepartitionExec[Merge]=17516845;RepartitionExec=507673;OrderedPartialAggregateStream=213235
event	159436	refusal	RepartitionExec[1]	1	84826	254766	18486034	450	4	17516845	259335	RepartitionExec[Merge]=17516845;RepartitionExec=507673;OrderedPartialAggregateStream=461516
event	159458	refusal	RepartitionExec[0]	1	8520	252907	18679510	450	4	17516845	259335	RepartitionExec[Merge]=17516845;OrderedPartialAggregateStream=654992;RepartitionExec=507673
event	159467	refusal	OrderedPartialAggregateStream[1131]	1	260552	0	18903446	450	4	17516845	259335	RepartitionExec[Merge]=17516845;OrderedPartialAggregateStream=654992;RepartitionExec=507673
event	159481	refusal	RepartitionExec[1]	1	47168	254766	18904270	450	4	17516845	259335	RepartitionExec[Merge]=17516845;OrderedPartialAggregateStream=655816;RepartitionExec=507673
event	159519	refusal	RepartitionExec[1]	1	62375	254766	18698860	450	4	17516845	259335	RepartitionExec[Merge]=17516845;OrderedPartialAggregateStream=674342;RepartitionExec=507673
event	159525	refusal	RepartitionExec[0]	1	157370	252907	18698860	450	4	17516845	259335	RepartitionExec[Merge]=17516845;OrderedPartialAggregateStream=674342;RepartitionExec=507673
event	159553	refusal	RepartitionExec[0]	1	54878	252907	18387119	450	4	17516845	259335	RepartitionExec[Merge]=17516845;RepartitionExec=507673;OrderedPartialAggregateStream=481586
event	159562	refusal	RepartitionExec[1]	1	56519	254766	18323727	450	4	17516845	259335	RepartitionExec[Merge]=17516845;RepartitionExec=507673;OrderedPartialAggregateStream=299209
event	159577	refusal	RepartitionExec[0]	1	49190	252907	18577552	450	4	17516845	259335	RepartitionExec[Merge]=17516845;RepartitionExec=507673;OrderedPartialAggregateStream=299209
event	159591	refusal	RepartitionExec[0]	1	44513	252907	18577552	450	4	17516845	259335	RepartitionExec[Merge]=17516845;RepartitionExec=507673;OrderedPartialAggregateStream=299209
event	159603	refusal	RepartitionExec[1]	1	52730	254766	18577552	450	4	17516845	259335	RepartitionExec[Merge]=17516845;OrderedPartialAggregateStream=553034;RepartitionExec=507673
event	159614	refusal	OrderedPartialAggregateStream[893]	1	271982	0	18577552	450	4	17516845	259335	RepartitionExec[Merge]=17516845;OrderedPartialAggregateStream=553034;RepartitionExec=507673
event	159651	refusal	RepartitionExec[1]	1	8520	254766	18763760	450	4	17516845	259335	RepartitionExec[Merge]=17516845;OrderedPartialAggregateStream=739242;RepartitionExec=507673
event	159676	refusal	RepartitionExec[0]	1	8520	252907	18720353	449	4	17516845	259912	RepartitionExec[Merge]=17516845;OrderedPartialAggregateStream=695835;RepartitionExec=507673
event	159689	refusal	OrderedPartialAggregateStream[1124]	1	530851	0	18509703	449	4	17516845	259912	RepartitionExec[Merge]=17516845;RepartitionExec=507673;OrderedPartialAggregateStream=485185
event	159700	refusal	RepartitionExec[1]	1	49190	254766	18509703	449	4	17516845	259912	RepartitionExec[Merge]=17516845;RepartitionExec=507673;OrderedPartialAggregateStream=485185
event	159713	refusal	RepartitionExec[0]	1	57278	252907	18324207	449	4	17516845	259912	RepartitionExec[Merge]=17516845;RepartitionExec=507673;OrderedPartialAggregateStream=299689
event	159738	refusal	RepartitionExec[0]	1	46283	252907	18324207	449	4	17516845	259912	RepartitionExec[Merge]=17516845;RepartitionExec=507673;OrderedPartialAggregateStream=299689
event	159745	refusal	RepartitionExec[0]	1	62487	252907	18324207	449	4	17516845	259912	RepartitionExec[Merge]=17516845;RepartitionExec=507673;OrderedPartialAggregateStream=299689
event	159752	refusal	RepartitionExec[1]	1	157370	254766	18324207	449	4	17516845	259912	RepartitionExec[Merge]=17516845;RepartitionExec=507673;OrderedPartialAggregateStream=299689
event	159755	refusal	RepartitionExec[1]	1	54878	254766	18324207	449	4	17516845	259912	RepartitionExec[Merge]=17516845;RepartitionExec=507673;OrderedPartialAggregateStream=299689
event	159800	refusal	RepartitionExec[1]	1	8520	254766	18508646	449	4	17516845	259912	RepartitionExec[Merge]=17516845;RepartitionExec=507673;OrderedPartialAggregateStream=484128
event	159854	refusal	RepartitionExec[0]	1	46031	252907	18322055	448	4	17516845	260493	RepartitionExec[Merge]=17516845;RepartitionExec=507673;OrderedPartialAggregateStream=297537
event	159861	refusal	RepartitionExec[1]	1	44513	254766	18453327	448	4	17516845	260493	RepartitionExec[Merge]=17516845;RepartitionExec=507673;OrderedPartialAggregateStream=428809
event	159902	refusal	RepartitionExec[1]	1	8520	254766	18280280	448	4	17516845	260493	RepartitionExec[Merge]=17516845;RepartitionExec=507673;OrderedPartialAggregateStream=255762
event	159910	refusal	RepartitionExec[0]	1	119212	252907	18280280	448	4	17516845	260493	RepartitionExec[Merge]=17516845;RepartitionExec=507673;OrderedPartialAggregateStream=255762
event	159915	refusal	OrderedPartialAggregateStream[1126]	1	824806	0	18238129	448	4	17516845	260493	RepartitionExec[Merge]=17516845;RepartitionExec=507673;OrderedPartialAggregateStream=213611
event	159931	refusal	RepartitionExec[0]	1	8520	252907	18238129	448	4	17516845	260493	RepartitionExec[Merge]=17516845;RepartitionExec=507673;OrderedPartialAggregateStream=213611
event	159945	refusal	RepartitionExec[1]	1	57278	254766	18238129	448	4	17516845	260493	RepartitionExec[Merge]=17516845;RepartitionExec=507673;OrderedPartialAggregateStream=213611
event	159972	refusal	RepartitionExec[1]	1	46031	254766	18707007	448	4	17516845	260493	RepartitionExec[Merge]=17516845;OrderedPartialAggregateStream=682489;RepartitionExec=507673
event	160021	refusal	RepartitionExec[1]	1	62487	254766	18526316	448	4	17516845	260493	RepartitionExec[Merge]=17516845;RepartitionExec=507673;OrderedPartialAggregateStream=501798
event	160025	refusal	RepartitionExec[0]	1	43757	252907	18526316	448	4	17516845	260493	RepartitionExec[Merge]=17516845;RepartitionExec=507673;OrderedPartialAggregateStream=501798
event	160035	refusal	OrderedPartialAggregateStream[1052]	1	407579	0	18322383	448	4	17516845	260493	RepartitionExec[Merge]=17516845;RepartitionExec=507673;OrderedPartialAggregateStream=297865
event	160054	refusal	RepartitionExec[0]	1	54245	252907	18322383	448	4	17516845	260493	RepartitionExec[Merge]=17516845;RepartitionExec=507673;OrderedPartialAggregateStream=297865
event	160087	refusal	OrderedPartialAggregateStream[1126]	1	260552	0	18321559	447	4	17516845	261075	RepartitionExec[Merge]=17516845;RepartitionExec=507673;OrderedPartialAggregateStream=297041
event	160118	refusal	RepartitionExec[0]	1	8520	252907	18521781	447	4	17516845	261075	RepartitionExec[Merge]=17516845;RepartitionExec=507673;OrderedPartialAggregateStream=254994
event	160120	refusal	RepartitionExec[0]	1	158832	252907	18521781	447	4	17516845	261075	RepartitionExec[Merge]=17516845;RepartitionExec=507673;OrderedPartialAggregateStream=254994
event	160130	refusal	RepartitionExec[1]	1	46283	254766	18653053	447	4	17516845	261075	RepartitionExec[Merge]=17516845;OrderedPartialAggregateStream=628535;RepartitionExec=507673
event	160152	refusal	OrderedPartialAggregateStream[1043]	1	421187	0	18489566	447	4	17516845	261075	RepartitionExec[Merge]=17516845;RepartitionExec=507673;OrderedPartialAggregateStream=498087
event	160167	refusal	RepartitionExec[0]	1	77970	252907	18481046	447	4	17516845	261075	RepartitionExec[Merge]=17516845;RepartitionExec=507673;OrderedPartialAggregateStream=456528
event	160178	refusal	RepartitionExec[0]	1	8520	252907	18481046	447	4	17516845	261075	RepartitionExec[Merge]=17516845;RepartitionExec=507673;OrderedPartialAggregateStream=456528
event	160217	refusal	RepartitionExec[1]	1	119212	254766	18502555	447	4	17516845	261075	RepartitionExec[Merge]=17516845;RepartitionExec=507673;OrderedPartialAggregateStream=478037
event	160245	refusal	RepartitionExec[0]	1	52349	252907	18733628	447	4	17516845	261075	RepartitionExec[Merge]=17516845;OrderedPartialAggregateStream=709110;RepartitionExec=507673
event	160286	refusal	RepartitionExec[0]	1	83140	252907	18512889	447	4	17516845	261075	RepartitionExec[Merge]=17516845;RepartitionExec=507673;OrderedPartialAggregateStream=488371
event	160301	refusal	RepartitionExec[0]	1	8520	252907	18512065	447	4	17516845	261075	RepartitionExec[Merge]=17516845;RepartitionExec=507673;OrderedPartialAggregateStream=488371
event	160309	refusal	RepartitionExec[0]	1	43376	252907	18512065	446	4	17516845	261661	RepartitionExec[Merge]=17516845;RepartitionExec=507673;OrderedPartialAggregateStream=487547
event	160329	refusal	RepartitionExec[1]	1	43757	254766	18322935	446	4	17516845	261661	RepartitionExec[Merge]=17516845;RepartitionExec=507673;OrderedPartialAggregateStream=298417
event	160355	refusal	RepartitionExec[1]	1	54245	254766	18562216	446	4	17516845	261661	RepartitionExec[Merge]=17516845;RepartitionExec=507673;OrderedPartialAggregateStream=298417
event	160363	refusal	RepartitionExec[0]	1	47546	252907	18562216	446	4	17516845	261661	RepartitionExec[Merge]=17516845;OrderedPartialAggregateStream=537698;RepartitionExec=507673
event	160401	refusal	RepartitionExec[1]	1	158832	254766	18562216	446	4	17516845	261661	RepartitionExec[Merge]=17516845;OrderedPartialAggregateStream=537698;RepartitionExec=507673
event	160439	refusal	RepartitionExec[1]	1	77970	254766	18332063	446	4	17516845	261661	RepartitionExec[Merge]=17516845;RepartitionExec=516193;OrderedPartialAggregateStream=299025
event	160465	refusal	RepartitionExec[0]	1	51086	261427	18558051	446	4	17516845	261661	RepartitionExec[Merge]=17516845;OrderedPartialAggregateStream=525013;RepartitionExec=516193
event	160508	refusal	RepartitionExec[1]	1	8520	254766	18394433	446	4	17516845	261661	RepartitionExec[Merge]=17516845;RepartitionExec=516193;OrderedPartialAggregateStream=482222
event	160511	refusal	RepartitionExec[1]	1	52349	254766	18394433	446	4	17516845	261661	RepartitionExec[Merge]=17516845;RepartitionExec=516193;OrderedPartialAggregateStream=482222
event	160556	refusal	RepartitionExec[1]	1	83140	254766	18394433	446	4	17516845	261661	RepartitionExec[Merge]=17516845;RepartitionExec=516193;OrderedPartialAggregateStream=482222
event	160584	refusal	RepartitionExec[1]	1	43376	254766	18351258	446	4	17516845	261661	RepartitionExec[Merge]=17516845;RepartitionExec=516193;OrderedPartialAggregateStream=439047
event	160595	refusal	RepartitionExec[0]	1	8520	261427	18351258	446	4	17516845	261661	RepartitionExec[Merge]=17516845;RepartitionExec=516193;OrderedPartialAggregateStream=439047
event	160628	refusal	RepartitionExec[1]	1	8520	254766	18540805	446	4	17516845	261661	RepartitionExec[Merge]=17516845;OrderedPartialAggregateStream=628594;RepartitionExec=516193
event	160700	refusal	OrderedPartialAggregateStream[178]	1	268670	0	18577217	445	4	17516845	262249	RepartitionExec[Merge]=17516845;RepartitionExec=516193;OrderedPartialAggregateStream=438703
event	160708	refusal	RepartitionExec[0]	1	47546	261427	18575569	444	4	17516845	262839	RepartitionExec[Merge]=17516845;RepartitionExec=516193;OrderedPartialAggregateStream=437879
event	160769	refusal	RepartitionExec[1]	1	51086	254766	18574745	442	4	17516845	264029	RepartitionExec[Merge]=17516845;OrderedPartialAggregateStream=662534;RepartitionExec=516193
event	160779	refusal	OrderedPartialAggregateStream[1188]	1	486167	0	18574745	442	4	17516845	264029	RepartitionExec[Merge]=17516845;OrderedPartialAggregateStream=662534;RepartitionExec=516193
event	160819	refusal	RepartitionExec[0]	1	45524	261427	18618824	442	4	17516845	264029	RepartitionExec[Merge]=17516845;OrderedPartialAggregateStream=698093;RepartitionExec=524713
event	160827	refusal	RepartitionExec[1]	1	47546	263286	18618824	442	4	17516845	264029	RepartitionExec[Merge]=17516845;OrderedPartialAggregateStream=698093;RepartitionExec=524713
event	160840	refusal	RepartitionExec[0]	1	61249	261427	18618824	442	4	17516845	264029	RepartitionExec[Merge]=17516845;OrderedPartialAggregateStream=698093;RepartitionExec=524713
event	160868	refusal	RepartitionExec[0]	1	57656	261427	18365898	442	4	17516845	264029	RepartitionExec[Merge]=17516845;RepartitionExec=524713;OrderedPartialAggregateStream=445167
event	160877	refusal	RepartitionExec[1]	1	8520	263286	18365898	442	4	17516845	264029	RepartitionExec[Merge]=17516845;RepartitionExec=524713;OrderedPartialAggregateStream=445167
event	160921	refusal	RepartitionExec[0]	1	8520	261427	18323507	442	4	17516845	264029	RepartitionExec[Merge]=17516845;RepartitionExec=524713;OrderedPartialAggregateStream=402776
event	160932	refusal	RepartitionExec[1]	1	45524	263286	18323507	442	4	17516845	264029	RepartitionExec[Merge]=17516845;RepartitionExec=524713;OrderedPartialAggregateStream=402776
event	160971	refusal	RepartitionExec[0]	1	107749	261427	18282388	442	4	17516845	264029	RepartitionExec[Merge]=17516845;RepartitionExec=524713;OrderedPartialAggregateStream=361657
event	160985	refusal	RepartitionExec[0]	1	8520	261427	18528212	442	4	17516845	264029	RepartitionExec[Merge]=17516845;OrderedPartialAggregateStream=607481;RepartitionExec=524713
event	161011	refusal	RepartitionExec[1]	1	61249	263286	18528212	442	4	17516845	264029	RepartitionExec[Merge]=17516845;OrderedPartialAggregateStream=607481;RepartitionExec=524713
event	161020	refusal	RepartitionExec[1]	1	57656	263286	18464722	442	4	17516845	264029	RepartitionExec[Merge]=17516845;RepartitionExec=524713;OrderedPartialAggregateStream=423164
event	161050	refusal	RepartitionExec[0]	1	45398	261427	18464722	442	4	17516845	264029	RepartitionExec[Merge]=17516845;RepartitionExec=524713;OrderedPartialAggregateStream=423164
event	161071	refusal	OrderedPartialAggregateStream[1025]	1	276788	0	18219954	442	4	17516845	264029	RepartitionExec[Merge]=17516845;RepartitionExec=524713;OrderedPartialAggregateStream=178396
event	161075	refusal	OrderedPartialAggregateStream[1150]	1	451841	0	18219954	442	4	17516845	264029	RepartitionExec[Merge]=17516845;RepartitionExec=524713;OrderedPartialAggregateStream=178396
event	161090	refusal	RepartitionExec[1]	1	8520	263286	18219954	442	4	17516845	264029	RepartitionExec[Merge]=17516845;RepartitionExec=524713;OrderedPartialAggregateStream=178396
event	161101	refusal	RepartitionExec[0]	1	53867	261427	18219954	442	4	17516845	264029	RepartitionExec[Merge]=17516845;RepartitionExec=524713;OrderedPartialAggregateStream=178396
event	161111	refusal	OrderedPartialAggregateStream[1027]	1	264260	0	18449533	442	4	17516845	264029	RepartitionExec[Merge]=17516845;RepartitionExec=524713;OrderedPartialAggregateStream=178396
event	161119	refusal	RepartitionExec[1]	1	107749	263286	18449533	442	4	17516845	264029	RepartitionExec[Merge]=17516845;RepartitionExec=524713;OrderedPartialAggregateStream=407975
event	161177	refusal	RepartitionExec[0]	1	64285	261427	18451181	442	4	17516845	264029	RepartitionExec[Merge]=17516845;RepartitionExec=524713;OrderedPartialAggregateStream=409623
event	161204	refusal	OrderedPartialAggregateStream[1060]	1	413690	0	18326299	442	4	17516845	264029	RepartitionExec[Merge]=17516845;RepartitionExec=524713;OrderedPartialAggregateStream=284741
event	161209	refusal	RepartitionExec[0]	1	94715	261427	18262641	442	4	17516845	264029	RepartitionExec[Merge]=17516845;RepartitionExec=524713;OrderedPartialAggregateStream=284741
event	161231	refusal	RepartitionExec[0]	1	8520	261427	18213074	441	4	17516845	264627	RepartitionExec[Merge]=17516845;RepartitionExec=524713;OrderedPartialAggregateStream=171516
event	161239	refusal	RepartitionExec[1]	1	45398	263286	18450312	441	4	17516845	264627	RepartitionExec[Merge]=17516845;RepartitionExec=524713;OrderedPartialAggregateStream=171516
event	161247	refusal	RepartitionExec[0]	1	59566	261427	18667120	441	4	17516845	264627	RepartitionExec[Merge]=17516845;RepartitionExec=524713;OrderedPartialAggregateStream=171516
event	161258	refusal	RepartitionExec[0]	1	46916	261427	18667120	441	4	17516845	264627	RepartitionExec[Merge]=17516845;RepartitionExec=524713;OrderedPartialAggregateStream=388324
event	161271	refusal	RepartitionExec[1]	1	47546	263286	18667120	441	4	17516845	264627	RepartitionExec[Merge]=17516845;OrderedPartialAggregateStream=625562;RepartitionExec=524713
event	161313	refusal	RepartitionExec[1]	1	53867	263286	18667120	441	4	17516845	264627	RepartitionExec[Merge]=17516845;OrderedPartialAggregateStream=625562;RepartitionExec=524713
event	161333	refusal	OrderedPartialAggregateStream[1148]	1	532264	0	18297352	441	4	17516845	264627	RepartitionExec[Merge]=17516845;RepartitionExec=524713;OrderedPartialAggregateStream=255794
event	161346	refusal	RepartitionExec[0]	1	41480	261427	18540503	441	4	17516845	264627	RepartitionExec[Merge]=17516845;RepartitionExec=524713;OrderedPartialAggregateStream=255794
event	161357	refusal	RepartitionExec[0]	1	80219	261427	18540503	441	4	17516845	264627	RepartitionExec[Merge]=17516845;RepartitionExec=524713;OrderedPartialAggregateStream=255794
event	161367	refusal	RepartitionExec[0]	1	50201	261427	18539679	440	4	17516845	265229	RepartitionExec[Merge]=17516845;RepartitionExec=524713;OrderedPartialAggregateStream=254970
event	161372	refusal	RepartitionExec[1]	1	64285	263286	18539679	440	4	17516845	265229	RepartitionExec[Merge]=17516845;RepartitionExec=524713;OrderedPartialAggregateStream=498121
event	161414	refusal	RepartitionExec[1]	1	94715	263286	18776656	440	4	17516845	265229	RepartitionExec[Merge]=17516845;OrderedPartialAggregateStream=735098;RepartitionExec=524713
event	161486	refusal	RepartitionExec[0]	1	8520	261427	18403727	440	4	17516845	265229	RepartitionExec[Merge]=17516845;RepartitionExec=524713;OrderedPartialAggregateStream=492875
event	161498	refusal	RepartitionExec[0]	1	52730	261427	18534999	440	4	17516845	265229	RepartitionExec[Merge]=17516845;RepartitionExec=524713;OrderedPartialAggregateStream=492875
event	161509	refusal	RepartitionExec[1]	1	59566	263286	18470991	440	4	17516845	265229	RepartitionExec[Merge]=17516845;RepartitionExec=524713;OrderedPartialAggregateStream=429433
event	161520	refusal	RepartitionExec[1]	1	46916	263286	18340543	440	4	17516845	265229	RepartitionExec[Merge]=17516845;RepartitionExec=524713;OrderedPartialAggregateStream=298985
event	161531	refusal	RepartitionExec[0]	1	50075	261427	18340543	440	4	17516845	265229	RepartitionExec[Merge]=17516845;RepartitionExec=524713;OrderedPartialAggregateStream=298985
event	161555	refusal	RepartitionExec[0]	1	119775	261427	18340543	440	4	17516845	265229	RepartitionExec[Merge]=17516845;RepartitionExec=524713;OrderedPartialAggregateStream=298985
event	161567	refusal	OrderedPartialAggregateStream[164]	1	267545	0	18298600	440	4	17516845	265229	RepartitionExec[Merge]=17516845;RepartitionExec=524713;OrderedPartialAggregateStream=257042
event	161578	refusal	RepartitionExec[0]	1	8520	261427	18298600	440	4	17516845	265229	RepartitionExec[Merge]=17516845;RepartitionExec=524713;OrderedPartialAggregateStream=257042
event	161592	refusal	RepartitionExec[1]	1	8520	263286	18255857	440	4	17516845	265229	RepartitionExec[Merge]=17516845;RepartitionExec=524713;OrderedPartialAggregateStream=214299
event	161619	refusal	OrderedPartialAggregateStream[879]	1	270515	0	18255857	440	4	17516845	265229	RepartitionExec[Merge]=17516845;RepartitionExec=524713;OrderedPartialAggregateStream=214299
event	161629	refusal	RepartitionExec[1]	1	52730	263286	18255857	440	4	17516845	265229	RepartitionExec[Merge]=17516845;RepartitionExec=524713;OrderedPartialAggregateStream=214299
event	161661	refusal	RepartitionExec[1]	1	80219	263286	18256681	440	4	17516845	265229	RepartitionExec[Merge]=17516845;RepartitionExec=524713;OrderedPartialAggregateStream=215123
event	161668	refusal	RepartitionExec[0]	1	60801	261427	18256681	440	4	17516845	265229	RepartitionExec[Merge]=17516845;RepartitionExec=524713;OrderedPartialAggregateStream=215123
event	161689	refusal	RepartitionExec[1]	1	50201	263286	18256681	440	4	17516845	265229	RepartitionExec[Merge]=17516845;RepartitionExec=524713;OrderedPartialAggregateStream=215123
event	161742	refusal	RepartitionExec[0]	1	61924	261427	18256681	439	4	17516845	265833	RepartitionExec[Merge]=17516845;RepartitionExec=524713;OrderedPartialAggregateStream=215123
event	161770	refusal	RepartitionExec[1]	1	41480	263286	18255857	438	4	17516845	266440	RepartitionExec[Merge]=17516845;RepartitionExec=524713;OrderedPartialAggregateStream=214299
event	161872	refusal	RepartitionExec[0]	1	40469	261427	18694528	437	4	17717533	266590	RepartitionExec[Merge]=17717533;RepartitionExec=524713;OrderedPartialAggregateStream=452282
event	161887	refusal	RepartitionExec[0]	1	8520	261427	18661873	437	4	17717533	266590	RepartitionExec[Merge]=17717533;RepartitionExec=524713;OrderedPartialAggregateStream=452282
event	161902	refusal	RepartitionExec[1]	1	8520	263286	18712985	437	4	17777165	266454	RepartitionExec[Merge]=17777165;RepartitionExec=524713;OrderedPartialAggregateStream=411107
event	161963	refusal	RepartitionExec[0]	1	51212	261427	18594245	437	4	17855641	266274	RepartitionExec[Merge]=17855641;RepartitionExec=524713;OrderedPartialAggregateStream=213891
event	161976	refusal	OrderedPartialAggregateStream[179]	1	275294	0	18594245	437	4	17855641	266274	RepartitionExec[Merge]=17855641;RepartitionExec=524713;OrderedPartialAggregateStream=213891
event	162001	refusal	RepartitionExec[1]	1	119775	263286	18635126	437	4	17939121	266083	RepartitionExec[Merge]=17939121;RepartitionExec=524713;OrderedPartialAggregateStream=171292
event	162015	refusal	RepartitionExec[0]	1	8520	261427	18635126	437	4	17939121	266083	RepartitionExec[Merge]=17939121;RepartitionExec=524713;OrderedPartialAggregateStream=171292
event	162065	refusal	RepartitionExec[1]	1	60801	263286	18722354	436	4	18027173	266492	RepartitionExec[Merge]=18027173;RepartitionExec=524713;OrderedPartialAggregateStream=170468
event	162107	refusal	RepartitionExec[0]	1	63722	261427	18742007	436	4	18088281	266351	RepartitionExec[Merge]=18088281;RepartitionExec=524713;OrderedPartialAggregateStream=129013
event	162120	refusal	RepartitionExec[1]	1	8520	263286	18742007	436	4	18088281	266351	RepartitionExec[Merge]=18088281;RepartitionExec=524713;OrderedPartialAggregateStream=129013
event	162128	refusal	RepartitionExec[1]	1	61924	263286	18815119	436	4	18161393	266184	RepartitionExec[Merge]=18161393;RepartitionExec=524713;OrderedPartialAggregateStream=129013
event	162142	refusal	OrderedPartialAggregateStream[1028]	1	267563	0	19038713	436	4	18161393	266184	RepartitionExec[Merge]=18161393;RepartitionExec=524713;OrderedPartialAggregateStream=352607
event	162165	refusal	RepartitionExec[1]	1	40469	263286	19038713	436	4	18161393	266184	RepartitionExec[Merge]=18161393;RepartitionExec=524713;OrderedPartialAggregateStream=352607
event	162177	refusal	RepartitionExec[1]	1	50075	263286	19038713	436	4	18161393	266184	RepartitionExec[Merge]=18161393;RepartitionExec=524713;OrderedPartialAggregateStream=352607
event	162220	refusal	OrderedPartialAggregateStream[1189]	1	827263	0	18997690	436	4	18302421	265860	RepartitionExec[Merge]=18302421;RepartitionExec=524713;OrderedPartialAggregateStream=170556
event	162223	refusal	RepartitionExec[0]	1	44387	261427	18997690	436	4	18302421	265860	RepartitionExec[Merge]=18302421;RepartitionExec=524713;OrderedPartialAggregateStream=170556
event	162233	refusal	RepartitionExec[1]	1	51212	263286	18997690	436	4	18302421	265860	RepartitionExec[Merge]=18302421;RepartitionExec=524713;OrderedPartialAggregateStream=170556
event	162283	refusal	RepartitionExec[0]	1	60801	261427	19369910	434	4	18432017	266787	RepartitionExec[Merge]=18432017;RepartitionExec=524713;OrderedPartialAggregateStream=413180
event	162329	refusal	OrderedPartialAggregateStream[1155]	1	482972	0	19231809	434	4	18445885	266755	RepartitionExec[Merge]=18445885;RepartitionExec=524713;OrderedPartialAggregateStream=212347
event	162342	refusal	RepartitionExec[1]	1	63722	263286	19231809	434	4	18494749	266642	RepartitionExec[Merge]=18494749;RepartitionExec=524713;OrderedPartialAggregateStream=212347
event	162350	refusal	RepartitionExec[0]	1	52856	261427	19231809	434	4	18494749	266642	RepartitionExec[Merge]=18494749;RepartitionExec=524713;OrderedPartialAggregateStream=212347
event	162425	refusal	RepartitionExec[1]	1	60801	263286	19594570	434	4	18610813	266375	RepartitionExec[Merge]=18610813;RepartitionExec=524713;OrderedPartialAggregateStream=459044
event	162454	refusal	RepartitionExec[0]	1	8520	261427	19631963	433	4	18690077	266807	RepartitionExec[Merge]=18690077;RepartitionExec=524713;OrderedPartialAggregateStream=417173
event	162498	refusal	RepartitionExec[0]	1	54245	261427	19659936	433	4	18690077	266807	RepartitionExec[Merge]=18690077;RepartitionExec=524713;OrderedPartialAggregateStream=445146
event	162506	refusal	RepartitionExec[1]	1	44387	263286	19809036	433	4	18690077	266807	RepartitionExec[Merge]=18690077;RepartitionExec=524713;OrderedPartialAggregateStream=445146
event	162513	refusal	OrderedPartialAggregateStream[1061]	1	436442	0	19741500	433	4	18707905	266766	RepartitionExec[Merge]=18707905;OrderedPartialAggregateStream=576418;RepartitionExec=524713
event	162526	refusal	RepartitionExec[0]	1	159731	261427	19741500	433	4	18770817	266621	RepartitionExec[Merge]=18770817;RepartitionExec=524713;OrderedPartialAggregateStream=445970
event	162565	refusal	RepartitionExec[1]	1	8520	263286	19744528	433	4	18770817	266621	RepartitionExec[Merge]=18770817;RepartitionExec=524713;OrderedPartialAggregateStream=512726
event	162576	refusal	RepartitionExec[0]	1	106514	261427	19744528	433	4	18770817	266621	RepartitionExec[Merge]=18770817;RepartitionExec=524713;OrderedPartialAggregateStream=448998
event	162604	refusal	RepartitionExec[0]	1	47546	261427	19607633	433	4	18792389	266571	RepartitionExec[Merge]=18792389;RepartitionExec=524713;OrderedPartialAggregateStream=222843
event	162620	refusal	RepartitionExec[1]	1	52856	263286	19738905	433	4	18792389	266571	RepartitionExec[Merge]=18792389;RepartitionExec=524713;OrderedPartialAggregateStream=222843
event	162627	refusal	RepartitionExec[0]	1	49064	261427	19608457	433	4	18792389	266571	RepartitionExec[Merge]=18792389;RepartitionExec=524713;OrderedPartialAggregateStream=223667
event	162649	refusal	RepartitionExec[0]	1	8520	261427	19608457	433	4	18868597	266395	RepartitionExec[Merge]=18868597;RepartitionExec=524713;OrderedPartialAggregateStream=215147
event	162657	refusal	RepartitionExec[0]	1	88870	261427	19608457	433	4	18868597	266395	RepartitionExec[Merge]=18868597;RepartitionExec=524713;OrderedPartialAggregateStream=215147
event	162677	refusal	RepartitionExec[1]	1	159731	263286	19608457	433	4	18868597	266395	RepartitionExec[Merge]=18868597;RepartitionExec=524713;OrderedPartialAggregateStream=215147
event	162705	refusal	RepartitionExec[1]	1	54245	263286	19681749	433	4	18941889	266225	RepartitionExec[Merge]=18941889;RepartitionExec=524713;OrderedPartialAggregateStream=215147
event	162710	refusal	RepartitionExec[1]	1	47546	263286	19681749	433	4	18941889	266225	RepartitionExec[Merge]=18941889;RepartitionExec=524713;OrderedPartialAggregateStream=215147
event	162722	refusal	RepartitionExec[1]	1	49064	263286	19905118	433	4	18941889	266225	RepartitionExec[Merge]=18941889;RepartitionExec=524713;OrderedPartialAggregateStream=438516
event	162792	refusal	RepartitionExec[1]	1	106514	263286	19947239	433	4	19059941	265953	RepartitionExec[Merge]=19059941;RepartitionExec=524713;OrderedPartialAggregateStream=490051
event	162796	refusal	RepartitionExec[0]	1	44261	261427	19883399	433	4	19059941	265953	RepartitionExec[Merge]=19059941;RepartitionExec=524713;OrderedPartialAggregateStream=298745
event	162815	refusal	RepartitionExec[0]	1	48557	261427	19857320	433	4	19076653	265914	RepartitionExec[Merge]=19076653;RepartitionExec=524713;OrderedPartialAggregateStream=255954
event	162832	refusal	RepartitionExec[0]	1	8520	261427	19915488	432	4	19135645	266393	RepartitionExec[Merge]=19135645;RepartitionExec=524713;OrderedPartialAggregateStream=255130
event	162887	refusal	RepartitionExec[1]	1	88870	263286	19975920	431	4	19196901	266869	RepartitionExec[Merge]=19196901;RepartitionExec=524713;OrderedPartialAggregateStream=254306
event	162908	refusal	RepartitionExec[1]	1	8520	263286	19934377	431	4	19196901	266869	RepartitionExec[Merge]=19196901;RepartitionExec=524713;OrderedPartialAggregateStream=212763
event	162996	refusal	OrderedPartialAggregateStream[1156]	1	795610	0	19892434	431	4	19196901	266869	RepartitionExec[Merge]=19196901;RepartitionExec=524713;OrderedPartialAggregateStream=170820
event	163013	refusal	RepartitionExec[1]	1	8520	263286	20074664	431	4	19196901	266869	RepartitionExec[Merge]=19196901;RepartitionExec=524713;OrderedPartialAggregateStream=353050
event	163021	refusal	RepartitionExec[0]	1	8520	261427	20074664	431	4	19196901	266869	RepartitionExec[Merge]=19196901;RepartitionExec=524713;OrderedPartialAggregateStream=353050
event	163078	refusal	RepartitionExec[0]	1	8520	261427	20032529	431	4	19196901	266869	RepartitionExec[Merge]=19196901;RepartitionExec=524713;OrderedPartialAggregateStream=310915
event	163129	refusal	RepartitionExec[0]	1	44894	261427	19848467	430	4	19196901	267490	RepartitionExec[Merge]=19196901;RepartitionExec=524713;OrderedPartialAggregateStream=126853
event	163142	refusal	RepartitionExec[1]	1	44261	263286	19848467	430	4	19196901	267490	RepartitionExec[Merge]=19196901;RepartitionExec=524713;OrderedPartialAggregateStream=126853
event	163193	refusal	RepartitionExec[1]	1	48557	263286	19909103	430	4	19256713	267351	RepartitionExec[Merge]=19256713;RepartitionExec=524713;OrderedPartialAggregateStream=127677
event	163237	refusal	RepartitionExec[0]	1	147708	261427	19908279	429	4	19256713	267974	RepartitionExec[Merge]=19256713;RepartitionExec=524713;OrderedPartialAggregateStream=126853
event	163287	refusal	RepartitionExec[1]	1	44894	263286	20218782	429	4	19336485	267788	RepartitionExec[Merge]=19336485;RepartitionExec=524713;OrderedPartialAggregateStream=357584
event	163319	refusal	RepartitionExec[1]	1	8520	263286	20199475	429	4	19336485	267788	RepartitionExec[Merge]=19336485;RepartitionExec=524713;OrderedPartialAggregateStream=316057
event	163348	refusal	OrderedPartialAggregateStream[1032]	1	274691	0	20327343	429	4	19437185	267553	RepartitionExec[Merge]=19437185;RepartitionExec=524713;OrderedPartialAggregateStream=365445
event	163362	refusal	RepartitionExec[0]	1	47420	261427	20326519	428	4	19437185	268178	RepartitionExec[Merge]=19437185;RepartitionExec=524713;OrderedPartialAggregateStream=364621
event	163403	refusal	RepartitionExec[1]	1	147708	263286	20645266	428	4	19526353	267970	RepartitionExec[Merge]=19526353;OrderedPartialAggregateStream=594200;RepartitionExec=524713
event	163436	refusal	RepartitionExec[0]	1	8520	261427	20464677	428	4	19583245	267837	RepartitionExec[Merge]=19583245;RepartitionExec=524713;OrderedPartialAggregateStream=356719
event	163460	refusal	RepartitionExec[0]	1	50579	261427	20962940	428	4	19583245	267837	RepartitionExec[Merge]=19583245;OrderedPartialAggregateStream=854982;RepartitionExec=524713
event	163493	refusal	RepartitionExec[0]	1	46916	261427	20837616	428	4	19644813	267693	RepartitionExec[Merge]=19644813;OrderedPartialAggregateStream=668090;RepartitionExec=524713
event	163499	refusal	RepartitionExec[1]	1	47420	263286	20837616	428	4	19644813	267693	RepartitionExec[Merge]=19644813;OrderedPartialAggregateStream=668090;RepartitionExec=524713
event	163514	refusal	RepartitionExec[0]	1	63498	261427	21164936	428	4	19708197	267545	RepartitionExec[Merge]=19708197;OrderedPartialAggregateStream=932026;RepartitionExec=524713
event	163558	refusal	RepartitionExec[0]	1	53867	261427	20751687	427	4	19708197	268172	RepartitionExec[Merge]=19708197;RepartitionExec=524713;OrderedPartialAggregateStream=518777
event	163588	refusal	RepartitionExec[0]	1	56645	261427	20986521	427	4	19708197	268172	RepartitionExec[Merge]=19708197;OrderedPartialAggregateStream=739995;RepartitionExec=524713
event	163595	refusal	OrderedPartialAggregateStream[1190]	1	488957	0	20986521	427	4	19708197	268172	RepartitionExec[Merge]=19708197;OrderedPartialAggregateStream=739995;RepartitionExec=524713
event	163605	refusal	RepartitionExec[1]	1	50579	263286	20773088	427	4	19708197	268172	RepartitionExec[Merge]=19708197;OrderedPartialAggregateStream=526562;RepartitionExec=524713
event	163615	refusal	RepartitionExec[1]	1	46916	263286	20821040	427	4	19769765	268028	RepartitionExec[Merge]=19769765;OrderedPartialAggregateStream=526562;RepartitionExec=524713
event	163627	refusal	RepartitionExec[0]	1	58541	261427	20641237	427	4	19769765	268028	RepartitionExec[Merge]=19769765;RepartitionExec=524713;OrderedPartialAggregateStream=346759
event	163646	refusal	RepartitionExec[0]	1	43376	261427	20641237	427	4	19769765	268028	RepartitionExec[Merge]=19769765;RepartitionExec=524713;OrderedPartialAggregateStream=346759
event	163659	refusal	RepartitionExec[1]	1	8520	263286	20658286	427	4	19828741	267889	RepartitionExec[Merge]=19828741;RepartitionExec=524713;OrderedPartialAggregateStream=304832
event	163685	refusal	RepartitionExec[1]	1	63498	263286	20658286	427	4	19828741	267889	RepartitionExec[Merge]=19828741;RepartitionExec=524713;OrderedPartialAggregateStream=304832
event	163713	refusal	RepartitionExec[1]	1	56645	263286	20658286	427	4	19828741	267889	RepartitionExec[Merge]=19828741;RepartitionExec=524713;OrderedPartialAggregateStream=304832
event	163724	refusal	RepartitionExec[1]	1	53867	263286	20750226	427	4	19920681	267674	RepartitionExec[Merge]=19920681;RepartitionExec=524713;OrderedPartialAggregateStream=304832
event	163747	refusal	OrderedPartialAggregateStream[1162]	1	456863	0	20750226	427	4	19920681	267674	RepartitionExec[Merge]=19920681;RepartitionExec=524713;OrderedPartialAggregateStream=304832
event	163754	refusal	RepartitionExec[1]	1	43376	263286	20750226	427	4	19920681	267674	RepartitionExec[Merge]=19920681;RepartitionExec=524713;OrderedPartialAggregateStream=304832
event	163763	refusal	OrderedPartialAggregateStream[1062]	1	410513	0	20750226	427	4	19920681	267674	RepartitionExec[Merge]=19920681;RepartitionExec=524713;OrderedPartialAggregateStream=304832
event	163791	refusal	RepartitionExec[0]	1	108760	261427	20982699	427	4	19920681	267674	RepartitionExec[Merge]=19920681;OrderedPartialAggregateStream=537305;RepartitionExec=524713
event	163817	refusal	OrderedPartialAggregateStream[1129]	1	845650	0	21058484	427	4	19944737	267618	RepartitionExec[Merge]=19944737;OrderedPartialAggregateStream=537305;RepartitionExec=524713
event	163832	refusal	RepartitionExec[1]	1	58541	263286	21271497	427	4	20029809	267419	RepartitionExec[Merge]=20029809;OrderedPartialAggregateStream=716975;RepartitionExec=524713
event	163845	refusal	RepartitionExec[0]	1	8520	261427	21271497	427	4	20029809	267419	RepartitionExec[Merge]=20029809;OrderedPartialAggregateStream=716975;RepartitionExec=524713
event	163867	refusal	RepartitionExec[1]	1	8584	263286	21170777	427	4	20029809	267419	RepartitionExec[Merge]=20029809;RepartitionExec=524713;OrderedPartialAggregateStream=484983
event	163884	refusal	RepartitionExec[0]	1	47801	261427	21129362	427	4	20029809	267419	RepartitionExec[Merge]=20029809;RepartitionExec=524713;OrderedPartialAggregateStream=443568
event	163899	refusal	RepartitionExec[1]	1	8520	263286	21129362	427	4	20029809	267419	RepartitionExec[Merge]=20029809;RepartitionExec=524713;OrderedPartialAggregateStream=443568
event	163936	refusal	RepartitionExec[0]	1	43502	261427	20906165	427	4	20029809	267419	RepartitionExec[Merge]=20029809;RepartitionExec=524713;OrderedPartialAggregateStream=220371
event	163950	refusal	RepartitionExec[1]	1	8520	263286	20949589	427	4	20073233	267317	RepartitionExec[Merge]=20073233;RepartitionExec=524713;OrderedPartialAggregateStream=220371
event	163977	refusal	RepartitionExec[1]	1	8520	263286	21140583	427	4	20073233	267317	RepartitionExec[Merge]=20073233;RepartitionExec=524713;OrderedPartialAggregateStream=411365
event	164019	refusal	RepartitionExec[1]	1	8520	263286	21204816	427	4	20179537	267068	RepartitionExec[Merge]=20179537;RepartitionExec=524713;OrderedPartialAggregateStream=369294
event	164049	refusal	RepartitionExec[0]	1	96625	261427	21204816	426	4	20179537	267695	RepartitionExec[Merge]=20179537;RepartitionExec=524713;OrderedPartialAggregateStream=369294
event	164088	refusal	RepartitionExec[0]	1	48686	261427	21108801	426	4	20274357	267472	RepartitionExec[Merge]=20274357;RepartitionExec=524713;OrderedPartialAggregateStream=178459
event	164114	refusal	RepartitionExec[1]	1	43502	263286	21108801	426	4	20274357	267472	RepartitionExec[Merge]=20274357;RepartitionExec=524713;OrderedPartialAggregateStream=178459
event	164119	refusal	RepartitionExec[0]	1	166699	261427	21108801	426	4	20274357	267472	RepartitionExec[Merge]=20274357;RepartitionExec=524713;OrderedPartialAggregateStream=178459
event	164170	refusal	RepartitionExec[0]	1	8520	261427	21116486	426	4	20332545	267336	RepartitionExec[Merge]=20332545;RepartitionExec=524713;OrderedPartialAggregateStream=127956
event	164183	refusal	RepartitionExec[1]	1	47801	263286	21166898	426	4	20382957	267217	RepartitionExec[Merge]=20382957;RepartitionExec=524713;OrderedPartialAggregateStream=127956
event	164243	refusal	RepartitionExec[1]	1	96625	263286	21864149	426	4	20382957	267217	RepartitionExec[Merge]=20382957;OrderedPartialAggregateStream=584369;RepartitionExec=524713
event	164248	refusal	RepartitionExec[1]	1	108760	263286	21864149	426	4	20382957	267217	RepartitionExec[Merge]=20382957;OrderedPartialAggregateStream=825207;RepartitionExec=524713
event	164278	refusal	RepartitionExec[0]	1	44009	261427	21682914	426	4	20382957	267217	RepartitionExec[Merge]=20382957;OrderedPartialAggregateStream=643972;RepartitionExec=524713
event	164297	refusal	RepartitionExec[1]	1	48686	263286	21491318	426	4	20382957	267217	RepartitionExec[Merge]=20382957;RepartitionExec=524713;OrderedPartialAggregateStream=452376
event	164320	refusal	RepartitionExec[0]	1	48686	261427	21250976	426	4	20382957	267217	RepartitionExec[Merge]=20382957;RepartitionExec=524713;OrderedPartialAggregateStream=212034
event	164338	refusal	RepartitionExec[0]	1	8520	261427	21494676	426	4	20382957	267217	RepartitionExec[Merge]=20382957;RepartitionExec=524713;OrderedPartialAggregateStream=455734
event	164342	refusal	RepartitionExec[0]	1	51719	261427	21494676	426	4	20382957	267217	RepartitionExec[Merge]=20382957;RepartitionExec=524713;OrderedPartialAggregateStream=455734
event	164369	refusal	RepartitionExec[1]	1	166699	263286	21751664	426	4	20432861	267100	RepartitionExec[Merge]=20432861;OrderedPartialAggregateStream=662818;RepartitionExec=524713
event	164374	refusal	RepartitionExec[0]	1	8520	261427	21751664	426	4	20432861	267100	RepartitionExec[Merge]=20432861;OrderedPartialAggregateStream=662818;RepartitionExec=524713
event	164428	refusal	RepartitionExec[1]	1	44009	263286	21704705	425	4	20488713	267597	RepartitionExec[Merge]=20488713;OrderedPartialAggregateStream=661994;RepartitionExec=524713
event	164446	refusal	OrderedPartialAggregateStream[1033]	1	280298	0	21639551	425	4	20523465	267515	RepartitionExec[Merge]=20523465;RepartitionExec=524713;OrderedPartialAggregateStream=524431
event	164459	refusal	OrderedPartialAggregateStream[180]	1	269012	0	21639551	425	4	20523465	267515	RepartitionExec[Merge]=20523465;RepartitionExec=524713;OrderedPartialAggregateStream=460101
event	164484	refusal	RepartitionExec[0]	1	8584	261427	21625267	424	4	20523465	268146	RepartitionExec[Merge]=20523465;RepartitionExec=524713;OrderedPartialAggregateStream=212395
event	164492	refusal	RepartitionExec[0]	1	52982	261427	21636327	424	4	20523465	268146	RepartitionExec[Merge]=20523465;RepartitionExec=524713;OrderedPartialAggregateStream=212395
event	164503	refusal	RepartitionExec[0]	1	55004	261427	21636327	424	4	20523465	268146	RepartitionExec[Merge]=20523465;RepartitionExec=524713;OrderedPartialAggregateStream=445817
event	164527	refusal	RepartitionExec[1]	1	51719	263286	21675351	424	4	20573549	268028	RepartitionExec[Merge]=20573549;RepartitionExec=524713;OrderedPartialAggregateStream=445817
event	164573	refusal	RepartitionExec[1]	1	48686	263286	21603407	423	4	20631229	268526	RepartitionExec[Merge]=20631229;RepartitionExec=524713;OrderedPartialAggregateStream=447465
event	164596	refusal	RepartitionExec[0]	1	79093	261427	21388161	423	4	20631229	268526	RepartitionExec[Merge]=20631229;RepartitionExec=524713;OrderedPartialAggregateStream=256114
event	164606	refusal	RepartitionExec[0]	1	65632	261427	21379641	423	4	20631229	268526	RepartitionExec[Merge]=20631229;RepartitionExec=524713;OrderedPartialAggregateStream=214619
event	164615	refusal	RepartitionExec[0]	1	61364	261427	21379641	423	4	20631229	268526	RepartitionExec[Merge]=20631229;RepartitionExec=524713;OrderedPartialAggregateStream=214619
event	164619	refusal	RepartitionExec[0]	1	8520	261427	21379641	423	4	20631229	268526	RepartitionExec[Merge]=20631229;RepartitionExec=524713;OrderedPartialAggregateStream=214619
event	164628	refusal	RepartitionExec[1]	1	55004	263286	21411529	423	4	20640309	268504	RepartitionExec[Merge]=20640309;RepartitionExec=524713;OrderedPartialAggregateStream=214619
event	164641	refusal	RepartitionExec[0]	1	48557	261427	21411529	423	4	20672197	268429	RepartitionExec[Merge]=20672197;RepartitionExec=524713;OrderedPartialAggregateStream=214619
event	164675	refusal	RepartitionExec[1]	1	52982	263286	21411529	423	4	20672197	268429	RepartitionExec[Merge]=20672197;RepartitionExec=524713;OrderedPartialAggregateStream=214619
event	164703	refusal	RepartitionExec[0]	1	8520	261427	21658464	423	4	20722757	268309	RepartitionExec[Merge]=20722757;RepartitionExec=524713;OrderedPartialAggregateStream=410994
event	164710	refusal	RepartitionExec[1]	1	65632	263286	21658464	423	4	20722757	268309	RepartitionExec[Merge]=20722757;RepartitionExec=524713;OrderedPartialAggregateStream=410994
event	164764	refusal	RepartitionExec[1]	1	79093	263286	22201275	423	4	20818677	268082	RepartitionExec[Merge]=20818677;OrderedPartialAggregateStream=857885;RepartitionExec=524713
event	164796	refusal	RepartitionExec[1]	1	61364	263286	22108697	423	4	20818677	268082	RepartitionExec[Merge]=20818677;OrderedPartialAggregateStream=661766;RepartitionExec=524713
event	164817	refusal	RepartitionExec[0]	1	50708	261427	21875809	423	4	20867285	267967	RepartitionExec[Merge]=20867285;RepartitionExec=524713;OrderedPartialAggregateStream=483811
event	164834	refusal	RepartitionExec[1]	1	8520	263286	21875809	423	4	20867285	267967	RepartitionExec[Merge]=20867285;RepartitionExec=524713;OrderedPartialAggregateStream=483811
event	164841	refusal	RepartitionExec[0]	1	41354	261427	21841442	423	4	20867285	267967	RepartitionExec[Merge]=20867285;RepartitionExec=524713;OrderedPartialAggregateStream=483811
event	164851	refusal	RepartitionExec[0]	1	47294	261427	21842290	423	4	20867285	267967	RepartitionExec[Merge]=20867285;RepartitionExec=524713;OrderedPartialAggregateStream=440924
event	164856	refusal	RepartitionExec[1]	1	8520	263286	21875378	423	4	20909741	267867	RepartitionExec[Merge]=20909741;RepartitionExec=524713;OrderedPartialAggregateStream=440924
event	164878	refusal	RepartitionExec[1]	1	48557	263286	21875378	423	4	20909741	267867	RepartitionExec[Merge]=20909741;RepartitionExec=524713;OrderedPartialAggregateStream=440924
event	164907	refusal	RepartitionExec[0]	1	46409	261427	21735184	423	4	20956085	267758	RepartitionExec[Merge]=20956085;RepartitionExec=524713;OrderedPartialAggregateStream=254386
event	164951	refusal	RepartitionExec[1]	1	50708	263286	21974529	423	4	21011173	267627	RepartitionExec[Merge]=21011173;RepartitionExec=524713;OrderedPartialAggregateStream=438643
event	164963	refusal	OrderedPartialAggregateStream[1175]	1	499802	0	21974529	423	4	21011173	267627	RepartitionExec[Merge]=21011173;RepartitionExec=524713;OrderedPartialAggregateStream=438643
event	164971	refusal	RepartitionExec[1]	1	8520	263286	21973705	422	4	21011173	268261	RepartitionExec[Merge]=21011173;RepartitionExec=524713;OrderedPartialAggregateStream=437819
event	165044	refusal	OrderedPartialAggregateStream[1160]	1	481892	0	22044875	421	4	21011173	268899	RepartitionExec[Merge]=21011173;RepartitionExec=524713;OrderedPartialAggregateStream=497929
event	165064	refusal	RepartitionExec[0]	1	45779	261427	22083075	420	4	21061257	269420	RepartitionExec[Merge]=21061257;RepartitionExec=524713;OrderedPartialAggregateStream=497105
event	165070	refusal	RepartitionExec[1]	1	41354	263286	22083075	420	4	21061257	269420	RepartitionExec[Merge]=21061257;RepartitionExec=524713;OrderedPartialAggregateStream=497105
event	165105	refusal	RepartitionExec[1]	1	47294	263286	21879731	420	4	21061257	269420	RepartitionExec[Merge]=21061257;RepartitionExec=524713;OrderedPartialAggregateStream=293761
event	165112	refusal	RepartitionExec[0]	1	53993	261427	21879731	420	4	21061257	269420	RepartitionExec[Merge]=21061257;RepartitionExec=524713;OrderedPartialAggregateStream=293761
event	165148	refusal	RepartitionExec[0]	1	112919	261427	22078050	420	4	21061257	269420	RepartitionExec[Merge]=21061257;OrderedPartialAggregateStream=525631;RepartitionExec=524713
event	165179	refusal	RepartitionExec[1]	1	8520	263286	22069530	420	4	21061257	269420	RepartitionExec[Merge]=21061257;RepartitionExec=524713;OrderedPartialAggregateStream=483560
event	165202	refusal	RepartitionExec[1]	1	45779	263286	22070354	420	4	21061257	269420	RepartitionExec[Merge]=21061257;RepartitionExec=524713;OrderedPartialAggregateStream=484384
event	165226	refusal	RepartitionExec[0]	1	106175	261427	21881251	420	4	21061257	269420	RepartitionExec[Merge]=21061257;RepartitionExec=524713;OrderedPartialAggregateStream=295281
event	165265	refusal	RepartitionExec[0]	1	47546	261427	21884172	420	4	21105337	269315	RepartitionExec[Merge]=21105337;RepartitionExec=524713;OrderedPartialAggregateStream=254122
event	165267	refusal	OrderedPartialAggregateStream[919]	1	269687	0	21884172	420	4	21105337	269315	RepartitionExec[Merge]=21105337;RepartitionExec=524713;OrderedPartialAggregateStream=254122
event	165277	refusal	RepartitionExec[1]	1	8520	263286	21884172	420	4	21105337	269315	RepartitionExec[Merge]=21105337;RepartitionExec=524713;OrderedPartialAggregateStream=254122
event	165310	refusal	RepartitionExec[1]	1	53993	263286	22119215	420	4	21147645	269214	RepartitionExec[Merge]=21147645;RepartitionExec=524713;OrderedPartialAggregateStream=455377
event	165325	refusal	RepartitionExec[1]	1	46409	263286	22119215	420	4	21147645	269214	RepartitionExec[Merge]=21147645;RepartitionExec=524713;OrderedPartialAggregateStream=446857
event	165336	refusal	RepartitionExec[0]	1	8520	261427	22158247	420	4	21186677	269121	RepartitionExec[Merge]=21186677;RepartitionExec=524713;OrderedPartialAggregateStream=446857
event	165377	refusal	RepartitionExec[0]	1	8520	261427	22401133	420	4	21229641	269019	RepartitionExec[Merge]=21229641;OrderedPartialAggregateStream=646779;RepartitionExec=524713
event	165392	refusal	RepartitionExec[0]	1	61588	261427	22248950	420	4	21269969	268923	RepartitionExec[Merge]=21269969;RepartitionExec=524713;OrderedPartialAggregateStream=454268
event	165417	refusal	RepartitionExec[0]	1	49064	261427	22289130	420	4	21310149	268827	RepartitionExec[Merge]=21310149;RepartitionExec=524713;OrderedPartialAggregateStream=454268
event	165442	refusal	RepartitionExec[1]	1	112919	263286	22376114	420	4	21310149	268827	RepartitionExec[Merge]=21310149;RepartitionExec=524713;OrderedPartialAggregateStream=421069
event	165449	refusal	OrderedPartialAggregateStream[1063]	1	408281	0	22269137	420	4	21310149	268827	RepartitionExec[Merge]=21310149;RepartitionExec=524713;OrderedPartialAggregateStream=434275
event	165462	refusal	RepartitionExec[1]	1	8520	263286	22315809	420	4	21320453	268803	RepartitionExec[Merge]=21320453;RepartitionExec=524713;OrderedPartialAggregateStream=434275
event	165473	refusal	RepartitionExec[0]	1	8520	261427	22315809	420	4	21356821	268716	RepartitionExec[Merge]=21356821;RepartitionExec=524713;OrderedPartialAggregateStream=434275
event	165485	refusal	RepartitionExec[0]	1	51971	261427	22315809	420	4	21356821	268716	RepartitionExec[Merge]=21356821;RepartitionExec=524713;OrderedPartialAggregateStream=434275
event	165513	refusal	RepartitionExec[1]	1	47546	263286	22315809	420	4	21356821	268716	RepartitionExec[Merge]=21356821;RepartitionExec=524713;OrderedPartialAggregateStream=434275
event	165527	refusal	RepartitionExec[1]	1	106175	263286	22315809	420	4	21356821	268716	RepartitionExec[Merge]=21356821;RepartitionExec=524713;OrderedPartialAggregateStream=434275
event	165552	refusal	OrderedPartialAggregateStream[166]	1	269606	0	22140445	420	4	21394409	268626	RepartitionExec[Merge]=21394409;RepartitionExec=524713;OrderedPartialAggregateStream=221323
event	165561	refusal	RepartitionExec[0]	1	58289	261427	22099470	420	4	21394409	268626	RepartitionExec[Merge]=21394409;RepartitionExec=524713;OrderedPartialAggregateStream=180348
event	165577	refusal	RepartitionExec[1]	1	8520	263286	22138174	420	4	21433113	268534	RepartitionExec[Merge]=21433113;RepartitionExec=524713;OrderedPartialAggregateStream=180348
event	165589	refusal	RepartitionExec[0]	1	78194	261427	22366880	420	4	21433113	268534	RepartitionExec[Merge]=21433113;RepartitionExec=524713;OrderedPartialAggregateStream=409054
event	165600	refusal	RepartitionExec[1]	1	61588	263286	22366880	420	4	21433113	268534	RepartitionExec[Merge]=21433113;RepartitionExec=524713;OrderedPartialAggregateStream=409054
event	165616	refusal	RepartitionExec[1]	1	49064	263286	22366880	420	4	21433113	268534	RepartitionExec[Merge]=21433113;RepartitionExec=524713;OrderedPartialAggregateStream=409054
event	165657	refusal	RepartitionExec[0]	1	61588	261427	22367704	420	4	21433113	268534	RepartitionExec[Merge]=21433113;RepartitionExec=524713;OrderedPartialAggregateStream=409878
event	165690	refusal	RepartitionExec[0]	1	46535	261427	22417290	419	4	21433113	269175	RepartitionExec[Merge]=21433113;RepartitionExec=524713;OrderedPartialAggregateStream=459464
event	165728	refusal	RepartitionExec[1]	1	51971	263286	22417290	419	4	21433113	269175	RepartitionExec[Merge]=21433113;RepartitionExec=524713;OrderedPartialAggregateStream=459464
event	165794	refusal	RepartitionExec[0]	1	50201	261427	22180325	419	4	21433113	269175	RepartitionExec[Merge]=21433113;RepartitionExec=524713;OrderedPartialAggregateStream=222499
event	165806	refusal	RepartitionExec[0]	1	8520	261427	22409013	419	4	21433113	269175	RepartitionExec[Merge]=21433113;RepartitionExec=524713;OrderedPartialAggregateStream=222499
event	165814	refusal	RepartitionExec[1]	1	58289	263286	22408189	419	4	21433113	269175	RepartitionExec[Merge]=21433113;RepartitionExec=524713;OrderedPartialAggregateStream=451187
event	165875	refusal	RepartitionExec[1]	1	8520	263286	22364862	416	4	21433113	271116	RepartitionExec[Merge]=21433113;RepartitionExec=524713;OrderedPartialAggregateStream=407036
event	165909	refusal	RepartitionExec[1]	1	8520	263286	22135854	416	4	21433113	271116	RepartitionExec[Merge]=21433113;RepartitionExec=524713;OrderedPartialAggregateStream=178028
event	165924	refusal	RepartitionExec[0]	1	46535	261427	22334878	416	4	21433113	271116	RepartitionExec[Merge]=21433113;RepartitionExec=524713;OrderedPartialAggregateStream=422682
event	165932	release_after_refusal	RepartitionExec[0]	1	45630	215797	22334878	416	4	21433113		RepartitionExec[Merge]=21433113;RepartitionExec=479083;OrderedPartialAggregateStream=422682
event	165933	refusal	OrderedPartialAggregateStream[960]	1	410612	0	22334878	416	4	21433113	271116	RepartitionExec[Merge]=21433113;RepartitionExec=479083;OrderedPartialAggregateStream=422682
event	165964	refusal	RepartitionExec[1]	1	46535	263286	22597236	415	4	21483867	271647	RepartitionExec[Merge]=21483867;OrderedPartialAggregateStream=625766;RepartitionExec=487603
event	165996	refusal	OrderedPartialAggregateStream[1191]	1	487022	0	22395261	415	4	21483867	271647	RepartitionExec[Merge]=21483867;RepartitionExec=487603;OrderedPartialAggregateStream=423791
event	166018	refusal	RepartitionExec[1]	1	78194	263286	22395261	415	4	21483867	271647	RepartitionExec[Merge]=21483867;RepartitionExec=487603;OrderedPartialAggregateStream=423791
event	166028	refusal	RepartitionExec[0]	1	53360	224317	22395261	415	4	21483867	271647	RepartitionExec[Merge]=21483867;RepartitionExec=487603;OrderedPartialAggregateStream=423791
event	166046	refusal	RepartitionExec[1]	1	50201	263286	22395261	415	4	21483867	271647	RepartitionExec[Merge]=21483867;RepartitionExec=487603;OrderedPartialAggregateStream=423791
event	166071	refusal	RepartitionExec[1]	1	61588	263286	22185689	415	4	21483867	271647	RepartitionExec[Merge]=21483867;RepartitionExec=487603;OrderedPartialAggregateStream=214219
event	166094	refusal	RepartitionExec[0]	1	79093	224317	22185689	414	4	21483867	272304	RepartitionExec[Merge]=21483867;RepartitionExec=487603;OrderedPartialAggregateStream=214219
event	166106	refusal	RepartitionExec[0]	1	57152	224317	22185689	414	4	21483867	272304	RepartitionExec[Merge]=21483867;RepartitionExec=487603;OrderedPartialAggregateStream=214219
event	166117	refusal	RepartitionExec[1]	1	46535	263286	22185689	414	4	21483867	272304	RepartitionExec[Merge]=21483867;RepartitionExec=487603;OrderedPartialAggregateStream=214219
event	166166	refusal	RepartitionExec[1]	1	53360	271806	22153218	413	4	21483867	272963	RepartitionExec[Merge]=21483867;RepartitionExec=496123;OrderedPartialAggregateStream=173228
event	166185	refusal	RepartitionExec[0]	1	108088	224317	22380691	413	4	21483867	272963	RepartitionExec[Merge]=21483867;RepartitionExec=496123;OrderedPartialAggregateStream=400701
event	166281	refusal	RepartitionExec[1]	1	46031	271806	22239352	411	4	21483867	274291	RepartitionExec[Merge]=21483867;RepartitionExec=542154;OrderedPartialAggregateStream=213331
event	166299	refusal	RepartitionExec[1]	1	8520	271806	22196673	411	4	21483867	274291	RepartitionExec[Merge]=21483867;RepartitionExec=542154;OrderedPartialAggregateStream=170652
event	166321	refusal	RepartitionExec[1]	1	57152	271806	22196673	411	4	21483867	274291	RepartitionExec[Merge]=21483867;RepartitionExec=542154;OrderedPartialAggregateStream=170652
event	166347	refusal	RepartitionExec[1]	1	79093	271806	22154858	411	4	21483867	274291	RepartitionExec[Merge]=21483867;RepartitionExec=542154;OrderedPartialAggregateStream=128837
event	166359	refusal	RepartitionExec[0]	1	8520	270348	22418308	411	4	21483867	274291	RepartitionExec[Merge]=21483867;RepartitionExec=542154;OrderedPartialAggregateStream=392287
event	166404	refusal	RepartitionExec[1]	1	108088	271806	22418308	411	4	21483867	274291	RepartitionExec[Merge]=21483867;RepartitionExec=542154;OrderedPartialAggregateStream=392287
event	166429	refusal	OrderedPartialAggregateStream[1192]	1	469607	0	22418308	411	4	21483867	274291	RepartitionExec[Merge]=21483867;RepartitionExec=542154;OrderedPartialAggregateStream=392287
event	166437	refusal	OrderedPartialAggregateStream[1035]	1	279668	0	22418308	411	4	21483867	274291	RepartitionExec[Merge]=21483867;RepartitionExec=542154;OrderedPartialAggregateStream=392287
event	166450	refusal	OrderedPartialAggregateStream[997]	1	408821	0	22418308	411	4	21483867	274291	RepartitionExec[Merge]=21483867;RepartitionExec=542154;OrderedPartialAggregateStream=392287
event	166473	refusal	RepartitionExec[0]	1	8520	270348	22659559	411	4	21483867	274291	RepartitionExec[Merge]=21483867;RepartitionExec=542154;OrderedPartialAggregateStream=361151
event	166486	refusal	RepartitionExec[0]	1	58289	270348	22659559	411	4	21483867	274291	RepartitionExec[Merge]=21483867;OrderedPartialAggregateStream=633538;RepartitionExec=542154
event	166512	refusal	RepartitionExec[1]	1	8520	271806	22616400	411	4	21483867	274291	RepartitionExec[Merge]=21483867;OrderedPartialAggregateStream=590379;RepartitionExec=542154
event	166563	refusal	RepartitionExec[0]	1	44387	270348	22433525	409	4	21483867	275632	RepartitionExec[Merge]=21483867;RepartitionExec=542154;OrderedPartialAggregateStream=407504
event	166596	refusal	RepartitionExec[0]	1	65408	270348	22448320	409	4	21483867	275632	RepartitionExec[Merge]=21483867;RepartitionExec=542154;OrderedPartialAggregateStream=253054
event	166602	refusal	RepartitionExec[0]	1	78421	270348	22448320	409	4	21483867	275632	RepartitionExec[Merge]=21483867;RepartitionExec=542154;OrderedPartialAggregateStream=253054
event	166612	refusal	RepartitionExec[0]	1	101456	270348	22695449	409	4	21483867	275632	RepartitionExec[Merge]=21483867;OrderedPartialAggregateStream=669428;RepartitionExec=542154
event	166642	refusal	RepartitionExec[0]	1	62081	270348	22695449	409	4	21483867	275632	RepartitionExec[Merge]=21483867;OrderedPartialAggregateStream=669428;RepartitionExec=542154
event	166649	refusal	RepartitionExec[1]	1	58289	271806	22695449	409	4	21483867	275632	RepartitionExec[Merge]=21483867;OrderedPartialAggregateStream=669428;RepartitionExec=542154
event	166662	refusal	OrderedPartialAggregateStream[1064]	1	427739	0	22695449	409	4	21483867	275632	RepartitionExec[Merge]=21483867;OrderedPartialAggregateStream=669428;RepartitionExec=542154
event	166686	refusal	RepartitionExec[0]	1	54371	270348	22714118	409	4	21483867	275632	RepartitionExec[Merge]=21483867;OrderedPartialAggregateStream=688097;RepartitionExec=542154
event	166691	refusal	RepartitionExec[1]	1	65408	271806	22585557	409	4	21483867	275632	RepartitionExec[Merge]=21483867;OrderedPartialAggregateStream=688097;RepartitionExec=542154
event	166700	refusal	RepartitionExec[1]	1	44387	271806	22521661	409	4	21483867	275632	RepartitionExec[Merge]=21483867;RepartitionExec=542154;OrderedPartialAggregateStream=495640
event	166724	refusal	RepartitionExec[0]	1	49064	270348	22521661	409	4	21483867	275632	RepartitionExec[Merge]=21483867;RepartitionExec=542154;OrderedPartialAggregateStream=495640
event	166732	refusal	RepartitionExec[1]	1	78421	271806	22521661	409	4	21483867	275632	RepartitionExec[Merge]=21483867;RepartitionExec=542154;OrderedPartialAggregateStream=495640
event	166763	refusal	RepartitionExec[0]	1	44135	270348	22567816	409	4	21483867	275632	RepartitionExec[Merge]=21483867;RepartitionExec=542154;OrderedPartialAggregateStream=541795
event	166765	refusal	RepartitionExec[1]	1	62081	271806	22567816	409	4	21483867	275632	RepartitionExec[Merge]=21483867;RepartitionExec=542154;OrderedPartialAggregateStream=541795
event	166816	refusal	RepartitionExec[0]	1	85613	270348	22568640	409	4	21483867	275632	RepartitionExec[Merge]=21483867;OrderedPartialAggregateStream=542619;RepartitionExec=542154
event	166823	refusal	RepartitionExec[1]	1	101456	271806	22382772	409	4	21483867	275632	RepartitionExec[Merge]=21483867;RepartitionExec=542154;OrderedPartialAggregateStream=356751
event	166839	refusal	RepartitionExec[0]	1	46157	270348	22332301	409	4	21483867	275632	RepartitionExec[Merge]=21483867;RepartitionExec=542154;OrderedPartialAggregateStream=306280
event	166844	refusal	RepartitionExec[1]	1	8520	271806	22332301	409	4	21483867	275632	RepartitionExec[Merge]=21483867;RepartitionExec=542154;OrderedPartialAggregateStream=306280
event	166852	refusal	RepartitionExec[1]	1	54371	271806	22332301	409	4	21483867	275632	RepartitionExec[Merge]=21483867;RepartitionExec=542154;OrderedPartialAggregateStream=306280
event	166891	refusal	RepartitionExec[1]	1	8520	271806	22289198	408	4	21483867	276308	RepartitionExec[Merge]=21483867;RepartitionExec=542154;OrderedPartialAggregateStream=263177
event	166916	refusal	OrderedPartialAggregateStream[983]	1	405500	0	22537110	408	4	21483867	276308	RepartitionExec[Merge]=21483867;RepartitionExec=542154;OrderedPartialAggregateStream=511089
event	166956	refusal	RepartitionExec[1]	1	85613	271806	22537110	408	4	21483867	276308	RepartitionExec[Merge]=21483867;RepartitionExec=542154;OrderedPartialAggregateStream=511089
event	167010	refusal	RepartitionExec[1]	1	49064	271806	22332877	408	4	21483867	276308	RepartitionExec[Merge]=21483867;RepartitionExec=542154;OrderedPartialAggregateStream=306856
event	167029	refusal	RepartitionExec[0]	1	54752	270348	22332053	408	4	21483867	276308	RepartitionExec[Merge]=21483867;RepartitionExec=542154;OrderedPartialAggregateStream=306856
event	167037	refusal	RepartitionExec[0]	1	77183	270348	22332053	407	4	21483867	276987	RepartitionExec[Merge]=21483867;RepartitionExec=542154;OrderedPartialAggregateStream=306032
event	167053	refusal	RepartitionExec[1]	1	44135	271806	22332053	407	4	21483867	276987	RepartitionExec[Merge]=21483867;RepartitionExec=542154;OrderedPartialAggregateStream=306032
event	167125	refusal	RepartitionExec[0]	1	8520	270348	22239559	407	4	21483867	276987	RepartitionExec[Merge]=21483867;RepartitionExec=542154;OrderedPartialAggregateStream=213538
event	167137	refusal	RepartitionExec[1]	1	8520	271806	22239559	407	4	21483867	276987	RepartitionExec[Merge]=21483867;RepartitionExec=542154;OrderedPartialAggregateStream=213538
event	167176	refusal	RepartitionExec[1]	1	46157	271806	22238735	406	4	21483867	277669	RepartitionExec[Merge]=21483867;RepartitionExec=542154;OrderedPartialAggregateStream=212714
event	167199	refusal	OrderedPartialAggregateStream[1036]	1	277949	0	22238735	406	4	21483867	277669	RepartitionExec[Merge]=21483867;RepartitionExec=542154;OrderedPartialAggregateStream=212714
event	167224	refusal	RepartitionExec[0]	1	8520	270348	22424886	406	4	21483867	277669	RepartitionExec[Merge]=21483867;RepartitionExec=542154;OrderedPartialAggregateStream=398865
event	167317	refusal	RepartitionExec[0]	1	46664	270348	22204512	403	4	21483867	279736	RepartitionExec[Merge]=21483867;RepartitionExec=542154;OrderedPartialAggregateStream=211738
event	167348	refusal	RepartitionExec[0]	1	64733	270348	22204512	401	4	21483867	281131	RepartitionExec[Merge]=21483867;RepartitionExec=542154;OrderedPartialAggregateStream=211738
event	167358	refusal	RepartitionExec[1]	1	54752	271806	22204512	400	4	21483867	281834	RepartitionExec[Merge]=21483867;RepartitionExec=542154;OrderedPartialAggregateStream=211738
event	167414	refusal	RepartitionExec[0]	1	8584	278868	22383238	395	4	21483867	285402	RepartitionExec[Merge]=21483867;RepartitionExec=550674;OrderedPartialAggregateStream=381944
event	167429	refusal	OrderedPartialAggregateStream[1048]	1	409649	0	22633004	394	4	21483867	286126	RepartitionExec[Merge]=21483867;OrderedPartialAggregateStream=589943;RepartitionExec=559194
event	167464	refusal	RepartitionExec[1]	1	46664	280326	22633004	391	4	21483867	288321	RepartitionExec[Merge]=21483867;OrderedPartialAggregateStream=589943;RepartitionExec=559194
event	167499	refusal	RepartitionExec[0]	1	57278	278868	22657540	388	4	21483867	290551	RepartitionExec[Merge]=21483867;OrderedPartialAggregateStream=614479;RepartitionExec=559194
event	167517	refusal	RepartitionExec[1]	1	64733	280326	22451549	386	4	21483867	292056	RepartitionExec[Merge]=21483867;RepartitionExec=559194;OrderedPartialAggregateStream=408488
event	167536	refusal	RepartitionExec[0]	1	78757	278868	22922551	385	4	21483867	292815	RepartitionExec[Merge]=21483867;OrderedPartialAggregateStream=879490;RepartitionExec=559194
event	167547	refusal	RepartitionExec[0]	1	55508	278868	22922551	384	4	21483867	293577	RepartitionExec[Merge]=21483867;OrderedPartialAggregateStream=879490;RepartitionExec=559194
event	167588	refusal	RepartitionExec[0]	1	49316	278868	22729514	380	4	21483867	296668	RepartitionExec[Merge]=21483867;OrderedPartialAggregateStream=686453;RepartitionExec=559194
event	167616	refusal	RepartitionExec[1]	1	57278	288846	22736842	379	4	21483867	297450	RepartitionExec[Merge]=21483867;OrderedPartialAggregateStream=685261;RepartitionExec=567714
event	167629	refusal	RepartitionExec[0]	1	44642	278868	22771704	378	4	21483867	298237	RepartitionExec[Merge]=21483867;OrderedPartialAggregateStream=720123;RepartitionExec=567714
event	167662	refusal	RepartitionExec[0]	1	54245	278868	22589110	375	4	21483867	300623	RepartitionExec[Merge]=21483867;RepartitionExec=567714;OrderedPartialAggregateStream=537529
event	167669	refusal	RepartitionExec[0]	1	44261	278868	22589110	375	4	21483867	300623	RepartitionExec[Merge]=21483867;RepartitionExec=567714;OrderedPartialAggregateStream=537529
event	167679	refusal	RepartitionExec[1]	1	55508	288846	22589110	375	4	21483867	300623	RepartitionExec[Merge]=21483867;RepartitionExec=567714;OrderedPartialAggregateStream=537529
event	167685	refusal	RepartitionExec[1]	1	78757	288846	22589110	374	4	21483867	301427	RepartitionExec[Merge]=21483867;RepartitionExec=567714;OrderedPartialAggregateStream=537529
event	167715	refusal	OrderedPartialAggregateStream[1066]	1	409694	0	22392629	373	4	21483867	302235	RepartitionExec[Merge]=21483867;RepartitionExec=567714;OrderedPartialAggregateStream=341048
event	167720	refusal	RepartitionExec[1]	1	49316	288846	22392629	372	4	21483867	303048	RepartitionExec[Merge]=21483867;RepartitionExec=567714;OrderedPartialAggregateStream=341048
event	167733	refusal	RepartitionExec[0]	1	50834	278868	22392629	371	4	21483867	303864	RepartitionExec[Merge]=21483867;RepartitionExec=567714;OrderedPartialAggregateStream=341048
event	167788	refusal	RepartitionExec[1]	1	54245	288846	22357974	364	4	21483867	309708	RepartitionExec[Merge]=21483867;RepartitionExec=576234;OrderedPartialAggregateStream=297873
event	167805	refusal	RepartitionExec[1]	1	44261	288846	22357974	362	4	21483867	311419	RepartitionExec[Merge]=21483867;RepartitionExec=576234;OrderedPartialAggregateStream=297873
event	167838	refusal	RepartitionExec[1]	1	44642	288846	22635559	358	4	21483867	314899	RepartitionExec[Merge]=21483867;RepartitionExec=576234;OrderedPartialAggregateStream=298697
event	167861	refusal	RepartitionExec[0]	1	78757	287388	22635559	356	4	21483867	316668	RepartitionExec[Merge]=21483867;RepartitionExec=576234;OrderedPartialAggregateStream=575458
event	167941	refusal	RepartitionExec[0]	1	63977	295908	22515945	347	4	21483867	324881	RepartitionExec[Merge]=21483867;RepartitionExec=610314;OrderedPartialAggregateStream=421764
event	168010	refusal	RepartitionExec[0]	1	51971	304428	22283257	340	4	21483867	331570	RepartitionExec[Merge]=21483867;RepartitionExec=618834;OrderedPartialAggregateStream=180556
event	168061	refusal	RepartitionExec[1]	1	50834	314406	22521255	335	4	21483867	336518	RepartitionExec[Merge]=21483867;RepartitionExec=627354;OrderedPartialAggregateStream=410034
event	168096	refusal	RepartitionExec[1]	1	78757	314406	22756621	332	4	21483867	339559	RepartitionExec[Merge]=21483867;OrderedPartialAggregateStream=645400;RepartitionExec=627354
event	168100	refusal	RepartitionExec[1]	1	63977	314406	22756621	331	4	21483867	340585	RepartitionExec[Merge]=21483867;OrderedPartialAggregateStream=645400;RepartitionExec=627354
event	168140	refusal	RepartitionExec[1]	1	51971	314406	22535239	329	4	21483867	342656	RepartitionExec[Merge]=21483867;RepartitionExec=627354;OrderedPartialAggregateStream=424018
event	168149	refusal	RepartitionExec[0]	1	62081	312948	22535239	328	4	21483867	343700	RepartitionExec[Merge]=21483867;RepartitionExec=627354;OrderedPartialAggregateStream=424018
event	168179	refusal	RepartitionExec[0]	1	49442	312948	22342056	325	4	21483867	346873	RepartitionExec[Merge]=21483867;RepartitionExec=627354;OrderedPartialAggregateStream=230835
event	168284	refusal	RepartitionExec[1]	1	62081	331446	22419634	313	4	21483867	360172	RepartitionExec[Merge]=21483867;RepartitionExec=652914;OrderedPartialAggregateStream=398394
event	168287	refusal	RepartitionExec[0]	1	46031	321468	22419634	313	4	21483867	360172	RepartitionExec[Merge]=21483867;RepartitionExec=652914;OrderedPartialAggregateStream=398394
event	168298	refusal	RepartitionExec[0]	1	52601	321468	22356424	313	4	21483867	360172	RepartitionExec[Merge]=21483867;RepartitionExec=652914;OrderedPartialAggregateStream=282853
event	168315	refusal	OrderedPartialAggregateStream[1195]	1	859321	0	22633761	312	4	21483867	361326	RepartitionExec[Merge]=21483867;RepartitionExec=652914;OrderedPartialAggregateStream=560190
event	168334	refusal	RepartitionExec[1]	1	77183	331446	22633761	312	4	21483867	361326	RepartitionExec[Merge]=21483867;RepartitionExec=652914;OrderedPartialAggregateStream=496980
event	168344	refusal	RepartitionExec[1]	1	49442	331446	22633761	311	4	21483867	362488	RepartitionExec[Merge]=21483867;RepartitionExec=652914;OrderedPartialAggregateStream=496980
event	168360	refusal	RepartitionExec[0]	1	42872	321468	22882015	310	4	21483867	363657	RepartitionExec[Merge]=21483867;OrderedPartialAggregateStream=745234;RepartitionExec=652914
event	168434	refusal	RepartitionExec[1]	1	46031	331446	22841240	303	4	21483867	372058	RepartitionExec[Merge]=21483867;OrderedPartialAggregateStream=695939;RepartitionExec=661434
event	168453	refusal	RepartitionExec[0]	1	64229	329988	22841240	302	4	21483867	373290	RepartitionExec[Merge]=21483867;OrderedPartialAggregateStream=695939;RepartitionExec=661434
event	168465	refusal	OrderedPartialAggregateStream[1065]	1	408137	0	22635857	301	4	21483867	374531	RepartitionExec[Merge]=21483867;RepartitionExec=661434;OrderedPartialAggregateStream=490556
event	168489	refusal	OrderedPartialAggregateStream[1193]	1	464306	0	22602194	300	4	21483867	375779	RepartitionExec[Merge]=21483867;RepartitionExec=669954;OrderedPartialAggregateStream=448373
event	168492	refusal	RepartitionExec[0]	1	54878	329988	22602194	300	4	21483867	375779	RepartitionExec[Merge]=21483867;RepartitionExec=669954;OrderedPartialAggregateStream=448373
event	168529	refusal	RepartitionExec[1]	1	52601	339966	22686270	299	4	21483867	377036	RepartitionExec[Merge]=21483867;RepartitionExec=716111;OrderedPartialAggregateStream=486292
event	168536	refusal	RepartitionExec[1]	1	46157	339966	22686270	299	4	21483867	377036	RepartitionExec[Merge]=21483867;RepartitionExec=716111;OrderedPartialAggregateStream=486292
event	168586	refusal	RepartitionExec[1]	1	42872	339966	22747142	299	4	21483867	377036	RepartitionExec[Merge]=21483867;RepartitionExec=716111;OrderedPartialAggregateStream=547164
event	168593	refusal	RepartitionExec[0]	1	78194	376145	22747142	299	4	21483867	377036	RepartitionExec[Merge]=21483867;RepartitionExec=716111;OrderedPartialAggregateStream=547164
event	168597	refusal	RepartitionExec[0]	1	44894	376145	22796078	299	4	21532803	376872	RepartitionExec[Merge]=21532803;RepartitionExec=716111;OrderedPartialAggregateStream=547164
event	168634	refusal	RepartitionExec[1]	1	64229	339966	22927350	299	4	21532803	376872	RepartitionExec[Merge]=21532803;RepartitionExec=716111;OrderedPartialAggregateStream=547164
event	168642	refusal	OrderedPartialAggregateStream[1067]	1	404393	0	22796902	299	4	21532803	376872	RepartitionExec[Merge]=21532803;RepartitionExec=716111;OrderedPartialAggregateStream=547988
event	168677	refusal	RepartitionExec[0]	1	99434	376145	22628200	299	4	21532803	376872	RepartitionExec[Merge]=21532803;RepartitionExec=716111;OrderedPartialAggregateStream=515581
event	168689	refusal	RepartitionExec[0]	1	171869	376145	22563898	299	4	21532803	376872	RepartitionExec[Merge]=21532803;RepartitionExec=724631;OrderedPartialAggregateStream=306464
event	168716	refusal	RepartitionExec[0]	1	52730	376145	22531067	299	4	21532803	376872	RepartitionExec[Merge]=21532803;RepartitionExec=733151;OrderedPartialAggregateStream=265113
event	168728	refusal	RepartitionExec[0]	1	8520	376145	22488484	299	4	21532803	376872	RepartitionExec[Merge]=21532803;RepartitionExec=733151;OrderedPartialAggregateStream=222530
event	168779	refusal	RepartitionExec[0]	1	76735	376145	22781925	299	4	21589367	376683	RepartitionExec[Merge]=21589367;RepartitionExec=741671;OrderedPartialAggregateStream=450887
event	168796	refusal	RepartitionExec[1]	1	78194	365526	22781925	299	4	21589367	376683	RepartitionExec[Merge]=21589367;RepartitionExec=741671;OrderedPartialAggregateStream=450887
event	168842	refusal	RepartitionExec[1]	1	52730	365526	22830221	299	4	21637663	376521	RepartitionExec[Merge]=21637663;RepartitionExec=741671;OrderedPartialAggregateStream=450887
event	168880	refusal	RepartitionExec[1]	1	54878	365526	22931482	299	4	21688403	376352	RepartitionExec[Merge]=21688403;RepartitionExec=741671;OrderedPartialAggregateStream=501408
event	168888	refusal	RepartitionExec[0]	1	60818	376145	22931482	299	4	21688403	376352	RepartitionExec[Merge]=21688403;RepartitionExec=741671;OrderedPartialAggregateStream=501408
event	168899	refusal	RepartitionExec[1]	1	171869	365526	22931482	299	4	21688403	376352	RepartitionExec[Merge]=21688403;RepartitionExec=741671;OrderedPartialAggregateStream=501408
event	168911	refusal	RepartitionExec[1]	1	76735	365526	22985930	299	4	21742851	376170	RepartitionExec[Merge]=21742851;RepartitionExec=741671;OrderedPartialAggregateStream=501408
event	168965	refusal	RepartitionExec[1]	1	44894	365526	23107903	299	4	21804599	375963	RepartitionExec[Merge]=21804599;RepartitionExec=741671;OrderedPartialAggregateStream=561633
event	168983	refusal	RepartitionExec[0]	1	60689	376145	23107903	299	4	21804599	375963	RepartitionExec[Merge]=21804599;RepartitionExec=741671;OrderedPartialAggregateStream=561633
event	169009	refusal	RepartitionExec[0]	1	8520	376145	23055303	299	4	21804599	375963	RepartitionExec[Merge]=21804599;RepartitionExec=741671;OrderedPartialAggregateStream=509033
event	169022	refusal	RepartitionExec[0]	1	64607	376145	23283095	298	4	21804599	377225	RepartitionExec[Merge]=21804599;RepartitionExec=741671;OrderedPartialAggregateStream=736825
event	169071	refusal	RepartitionExec[0]	1	45146	376145	23341726	298	4	21804599	377225	RepartitionExec[Merge]=21804599;OrderedPartialAggregateStream=795456;RepartitionExec=741671
event	169078	refusal	RepartitionExec[1]	1	99434	365526	23341726	298	4	21804599	377225	RepartitionExec[Merge]=21804599;OrderedPartialAggregateStream=795456;RepartitionExec=741671
event	169108	refusal	RepartitionExec[0]	1	8520	376145	23351715	298	4	21804599	377225	RepartitionExec[Merge]=21804599;OrderedPartialAggregateStream=805445;RepartitionExec=741671
event	169123	refusal	RepartitionExec[0]	1	46535	376145	23160104	298	4	21855667	377053	RepartitionExec[Merge]=21855667;RepartitionExec=741671;OrderedPartialAggregateStream=562766
event	169137	refusal	RepartitionExec[0]	1	8520	376145	23160104	298	4	21855667	377053	RepartitionExec[Merge]=21855667;RepartitionExec=741671;OrderedPartialAggregateStream=562766
event	169143	refusal	RepartitionExec[1]	1	60818	365526	23160104	298	4	21855667	377053	RepartitionExec[Merge]=21855667;RepartitionExec=741671;OrderedPartialAggregateStream=562766
event	169154	refusal	RepartitionExec[0]	1	52349	376145	23160104	298	4	21855667	377053	RepartitionExec[Merge]=21855667;RepartitionExec=741671;OrderedPartialAggregateStream=562766
event	169203	refusal	RepartitionExec[0]	1	51086	376145	23062454	298	4	21955015	376720	RepartitionExec[Merge]=21955015;RepartitionExec=741671;OrderedPartialAggregateStream=365768
event	169240	refusal	RepartitionExec[1]	1	46535	365526	23110602	298	4	22003163	376558	RepartitionExec[Merge]=22003163;RepartitionExec=741671;OrderedPartialAggregateStream=365768
event	169261	refusal	RepartitionExec[1]	1	52349	365526	23110602	298	4	22003163	376558	RepartitionExec[Merge]=22003163;RepartitionExec=741671;OrderedPartialAggregateStream=365768
event	169264	refusal	RepartitionExec[1]	1	64607	365526	23158422	298	4	22050983	376398	RepartitionExec[Merge]=22050983;RepartitionExec=741671;OrderedPartialAggregateStream=365768
event	169324	refusal	RepartitionExec[1]	1	45146	365526	23471720	296	4	22127179	378684	RepartitionExec[Merge]=22127179;RepartitionExec=741671;OrderedPartialAggregateStream=602870
event	169391	refusal	RepartitionExec[0]	1	50834	376145	23289947	295	4	22184219	379774	RepartitionExec[Merge]=22184219;RepartitionExec=741671;OrderedPartialAggregateStream=364057
event	169398	refusal	RepartitionExec[0]	1	8584	376145	23247676	295	4	22184219	379774	RepartitionExec[Merge]=22184219;RepartitionExec=750191;OrderedPartialAggregateStream=313266
event	169447	refusal	RepartitionExec[1]	1	60689	374046	23313652	295	4	22250195	379550	RepartitionExec[Merge]=22250195;RepartitionExec=750191;OrderedPartialAggregateStream=313266
event	169463	refusal	RepartitionExec[1]	1	51086	374046	23313652	295	4	22250195	379550	RepartitionExec[Merge]=22250195;RepartitionExec=750191;OrderedPartialAggregateStream=313266
event	169525	refusal	RepartitionExec[0]	1	8520	376145	23892917	295	4	22355287	379194	RepartitionExec[Merge]=22355287;OrderedPartialAggregateStream=787439;RepartitionExec=750191
event	169549	refusal	OrderedPartialAggregateStream[1090]	1	442490	0	23915702	295	4	22420623	378973	RepartitionExec[Merge]=22420623;RepartitionExec=750191;OrderedPartialAggregateStream=744888
event	169559	refusal	RepartitionExec[0]	1	8520	376145	23915702	295	4	22420623	378973	RepartitionExec[Merge]=22420623;RepartitionExec=750191;OrderedPartialAggregateStream=744888
event	169614	refusal	RepartitionExec[1]	1	8608	374046	23505771	295	4	22484843	378755	RepartitionExec[Merge]=22484843;RepartitionExec=750191;OrderedPartialAggregateStream=270737
event	169630	refusal	RepartitionExec[0]	1	8520	376145	23706437	295	4	22484843	378755	RepartitionExec[Merge]=22484843;RepartitionExec=750191;OrderedPartialAggregateStream=471403
event	169639	refusal	RepartitionExec[0]	1	52856	376145	23706437	295	4	22484843	378755	RepartitionExec[Merge]=22484843;RepartitionExec=750191;OrderedPartialAggregateStream=471403
event	169645	refusal	RepartitionExec[0]	1	62207	376145	23781337	295	4	22559743	378501	RepartitionExec[Merge]=22559743;RepartitionExec=750191;OrderedPartialAggregateStream=471403
event	169713	refusal	RepartitionExec[0]	1	91231	376145	23870831	295	4	22619227	378300	RepartitionExec[Merge]=22619227;RepartitionExec=750191;OrderedPartialAggregateStream=501413
event	169736	refusal	RepartitionExec[1]	1	50834	374046	23820056	295	4	22619227	378300	RepartitionExec[Merge]=22619227;RepartitionExec=750191;OrderedPartialAggregateStream=450638
event	169741	refusal	RepartitionExec[0]	1	52349	376145	23820056	295	4	22619227	378300	RepartitionExec[Merge]=22619227;RepartitionExec=750191;OrderedPartialAggregateStream=450638
event	169748	refusal	OrderedPartialAggregateStream[1069]	1	431249	0	23820056	295	4	22619227	378300	RepartitionExec[Merge]=22619227;RepartitionExec=750191;OrderedPartialAggregateStream=450638
event	169756	refusal	RepartitionExec[1]	1	52856	374046	23632947	295	4	22619227	378300	RepartitionExec[Merge]=22619227;RepartitionExec=750191;OrderedPartialAggregateStream=263529
event	169785	refusal	RepartitionExec[0]	1	46664	376145	23745323	295	4	22731603	377919	RepartitionExec[Merge]=22731603;RepartitionExec=750191;OrderedPartialAggregateStream=263529
event	169795	refusal	OrderedPartialAggregateStream[1039]	1	409658	0	23745323	295	4	22731603	377919	RepartitionExec[Merge]=22731603;RepartitionExec=750191;OrderedPartialAggregateStream=263529
event	169818	refusal	RepartitionExec[1]	1	8520	374046	23763384	295	4	22792055	377714	RepartitionExec[Merge]=22792055;RepartitionExec=750191;OrderedPartialAggregateStream=221138
event	169833	refusal	RepartitionExec[1]	1	62207	374046	23763384	295	4	22792055	377714	RepartitionExec[Merge]=22792055;RepartitionExec=750191;OrderedPartialAggregateStream=221138
event	169856	refusal	RepartitionExec[0]	1	8520	376145	23763384	295	4	22792055	377714	RepartitionExec[Merge]=22792055;RepartitionExec=750191;OrderedPartialAggregateStream=221138
event	169892	refusal	RepartitionExec[1]	1	52349	374046	24063961	295	4	22867611	377458	RepartitionExec[Merge]=22867611;RepartitionExec=750191;OrderedPartialAggregateStream=446159
event	169909	refusal	RepartitionExec[0]	1	86960	376145	24021355	295	4	22867611	377458	RepartitionExec[Merge]=22867611;RepartitionExec=750191;OrderedPartialAggregateStream=403553
event	169922	refusal	RepartitionExec[1]	1	8584	374046	24076443	295	4	22922699	377271	RepartitionExec[Merge]=22922699;RepartitionExec=750191;OrderedPartialAggregateStream=403553
event	169938	refusal	RepartitionExec[1]	1	91231	374046	24207715	295	4	22922699	377271	RepartitionExec[Merge]=22922699;RepartitionExec=750191;OrderedPartialAggregateStream=403553
event	169970	refusal	RepartitionExec[1]	1	46664	374046	24433612	295	4	22986263	377055	RepartitionExec[Merge]=22986263;RepartitionExec=750191;OrderedPartialAggregateStream=697158
event	169978	refusal	RepartitionExec[0]	1	78757	376145	24433612	295	4	22986263	377055	RepartitionExec[Merge]=22986263;RepartitionExec=750191;OrderedPartialAggregateStream=697158
event	169987	refusal	RepartitionExec[0]	1	44642	376145	24513384	295	4	23066035	376785	RepartitionExec[Merge]=23066035;RepartitionExec=750191;OrderedPartialAggregateStream=697158
event	170003	refusal	RepartitionExec[1]	1	8520	374046	24462417	295	4	23066035	376785	RepartitionExec[Merge]=23066035;RepartitionExec=750191;OrderedPartialAggregateStream=646191
event	170042	refusal	RepartitionExec[0]	1	8520	376145	24167695	295	4	23082351	376730	RepartitionExec[Merge]=23082351;RepartitionExec=750191;OrderedPartialAggregateStream=421308
event	170049	refusal	RepartitionExec[1]	1	86960	374046	24103001	295	4	23139967	376534	RepartitionExec[Merge]=23139967;RepartitionExec=750191;OrderedPartialAggregateStream=212843
event	170069	refusal	RepartitionExec[0]	1	44513	376145	24103001	295	4	23139967	376534	RepartitionExec[Merge]=23139967;RepartitionExec=750191;OrderedPartialAggregateStream=212843
event	170074	refusal	RepartitionExec[0]	1	56267	376145	24103001	295	4	23139967	376534	RepartitionExec[Merge]=23139967;RepartitionExec=750191;OrderedPartialAggregateStream=212843
event	170162	refusal	OrderedPartialAggregateStream[1068]	1	416237	0	24412641	294	4	23210799	377574	RepartitionExec[Merge]=23210799;RepartitionExec=750191;OrderedPartialAggregateStream=451651
event	170223	refusal	RepartitionExec[1]	1	78757	374046	24280848	293	4	23277055	378637	RepartitionExec[Merge]=23277055;RepartitionExec=750191;OrderedPartialAggregateStream=253602
event	170240	refusal	RepartitionExec[0]	1	51212	376145	24324160	293	4	23320367	378489	RepartitionExec[Merge]=23320367;RepartitionExec=750191;OrderedPartialAggregateStream=253602
event	170273	refusal	RepartitionExec[0]	1	81230	376145	24374756	293	4	23370139	378319	RepartitionExec[Merge]=23370139;RepartitionExec=750191;OrderedPartialAggregateStream=254426
event	170332	refusal	OrderedPartialAggregateStream[1053]	1	396905	0	24471568	293	4	23466951	377989	RepartitionExec[Merge]=23466951;RepartitionExec=750191;OrderedPartialAggregateStream=254426
event	170374	refusal	RepartitionExec[1]	1	44513	374046	24788706	293	4	23517035	377818	RepartitionExec[Merge]=23517035;RepartitionExec=750191;OrderedPartialAggregateStream=522304
event	170399	refusal	RepartitionExec[1]	1	56267	374046	25254695	293	4	23517035	377818	RepartitionExec[Merge]=23517035;OrderedPartialAggregateStream=988293;RepartitionExec=750191
event	170415	refusal	RepartitionExec[1]	1	51212	374046	25254695	293	4	23517035	377818	RepartitionExec[Merge]=23517035;OrderedPartialAggregateStream=988293;RepartitionExec=750191
event	170451	refusal	RepartitionExec[1]	1	81230	374046	25306403	293	4	23568743	377641	RepartitionExec[Merge]=23568743;OrderedPartialAggregateStream=988293;RepartitionExec=750191
event	170488	refusal	RepartitionExec[0]	1	60185	376145	24821017	293	4	23618187	377472	RepartitionExec[Merge]=23618187;RepartitionExec=750191;OrderedPartialAggregateStream=588468
event	170498	refusal	RepartitionExec[1]	1	44642	374046	24723770	293	4	23618187	377472	RepartitionExec[Merge]=23618187;RepartitionExec=750191;OrderedPartialAggregateStream=390055
event	170501	refusal	RepartitionExec[0]	1	44642	376145	24723770	293	4	23618187	377472	RepartitionExec[Merge]=23618187;RepartitionExec=750191;OrderedPartialAggregateStream=390055
event	170524	refusal	OrderedPartialAggregateStream[1194]	1	951274	0	24723770	292	4	23618187	378765	RepartitionExec[Merge]=23618187;RepartitionExec=750191;OrderedPartialAggregateStream=389231
event	170528	refusal	OrderedPartialAggregateStream[1070]	1	417731	0	24723770	292	4	23618187	378765	RepartitionExec[Merge]=23618187;RepartitionExec=750191;OrderedPartialAggregateStream=389231
event	170543	refusal	RepartitionExec[0]	1	52097	376145	24680723	292	4	23618187	378765	RepartitionExec[Merge]=23618187;RepartitionExec=750191;OrderedPartialAggregateStream=346184
event	170556	refusal	RepartitionExec[0]	1	73926	376145	24639164	292	4	23618187	378765	RepartitionExec[Merge]=23618187;RepartitionExec=750191;OrderedPartialAggregateStream=304625
event	170566	refusal	RepartitionExec[0]	1	8520	376145	24639164	292	4	23618187	378765	RepartitionExec[Merge]=23618187;RepartitionExec=750191;OrderedPartialAggregateStream=304625
event	170572	refusal	RepartitionExec[1]	1	8520	374046	24629820	291	4	23618187	380067	RepartitionExec[Merge]=23618187;RepartitionExec=750191;OrderedPartialAggregateStream=261442
event	170587	refusal	RepartitionExec[0]	1	8520	376145	24629820	291	4	23618187	380067	RepartitionExec[Merge]=23618187;RepartitionExec=750191;OrderedPartialAggregateStream=261442
event	170624	refusal	RepartitionExec[1]	1	60185	374046	24680728	291	4	23668271	379895	RepartitionExec[Merge]=23668271;RepartitionExec=750191;OrderedPartialAggregateStream=262266
event	170628	refusal	RepartitionExec[1]	1	44642	374046	24680728	291	4	23668271	379895	RepartitionExec[Merge]=23668271;RepartitionExec=750191;OrderedPartialAggregateStream=262266
event	170644	refusal	RepartitionExec[1]	1	8520	374046	24638321	291	4	23668271	379895	RepartitionExec[Merge]=23668271;RepartitionExec=750191;OrderedPartialAggregateStream=219859
event	170650	refusal	RepartitionExec[0]	1	81790	376145	24638321	291	4	23668271	379895	RepartitionExec[Merge]=23668271;RepartitionExec=750191;OrderedPartialAggregateStream=219859
event	170672	refusal	OrderedPartialAggregateStream[1125]	1	466259	0	24685501	291	4	23678683	379859	RepartitionExec[Merge]=23678683;RepartitionExec=750191;OrderedPartialAggregateStream=219859
event	170680	refusal	RepartitionExec[1]	1	52097	374046	24685501	291	4	23715451	379732	RepartitionExec[Merge]=23715451;RepartitionExec=750191;OrderedPartialAggregateStream=219859
event	170718	refusal	RepartitionExec[1]	1	73926	374046	24731697	291	4	23761647	379574	RepartitionExec[Merge]=23761647;RepartitionExec=750191;OrderedPartialAggregateStream=219859
event	170767	refusal	RepartitionExec[1]	1	8520	374046	24680986	291	4	23761647	379574	RepartitionExec[Merge]=23761647;RepartitionExec=750191;OrderedPartialAggregateStream=169148
event	170785	refusal	RepartitionExec[0]	1	8520	376145	24718527	291	4	23840763	379302	RepartitionExec[Merge]=23840763;RepartitionExec=750191;OrderedPartialAggregateStream=127573
event	170828	refusal	RepartitionExec[0]	1	8520	376145	24726424	291	4	23890355	379131	RepartitionExec[Merge]=23890355;RepartitionExec=750191;OrderedPartialAggregateStream=85878
event	170841	refusal	RepartitionExec[0]	1	100221	376145	24726424	291	4	23890355	379131	RepartitionExec[Merge]=23890355;RepartitionExec=750191;OrderedPartialAggregateStream=85878
event	170848	refusal	RepartitionExec[1]	1	81790	374046	24726424	291	4	23890355	379131	RepartitionExec[Merge]=23890355;RepartitionExec=750191;OrderedPartialAggregateStream=85878
event	170975	refusal	OrderedPartialAggregateStream[1040]	1	417128	0	25109015	290	4	24043403	379911	RepartitionExec[Merge]=24043403;RepartitionExec=750191;OrderedPartialAggregateStream=315421
event	171007	refusal	RepartitionExec[0]	1	206703	376145	25648198	290	4	24115859	379661	RepartitionExec[Merge]=24115859;OrderedPartialAggregateStream=782148;RepartitionExec=750191
event	171060	refusal	RepartitionExec[0]	1	46916	376145	25625362	289	4	24128071	380933	RepartitionExec[Merge]=24128071;RepartitionExec=750191;OrderedPartialAggregateStream=747100
event	171090	refusal	RepartitionExec[0]	1	41480	376145	25462980	289	4	24171127	380784	RepartitionExec[Merge]=24171127;RepartitionExec=750191;OrderedPartialAggregateStream=684044
event	171141	refusal	RepartitionExec[0]	1	81566	376145	25429393	289	4	24171127	380784	RepartitionExec[Merge]=24171127;RepartitionExec=750191;OrderedPartialAggregateStream=508075
event	171147	refusal	RepartitionExec[1]	1	8520	374046	25364769	289	4	24171127	380784	RepartitionExec[Merge]=24171127;RepartitionExec=750191;OrderedPartialAggregateStream=443451
event	171158	refusal	RepartitionExec[0]	1	59426	376145	25609513	289	4	24171127	380784	RepartitionExec[Merge]=24171127;RepartitionExec=750191;OrderedPartialAggregateStream=688195
event	171177	refusal	RepartitionExec[0]	1	55634	376145	25609513	289	4	24171127	380784	RepartitionExec[Merge]=24171127;RepartitionExec=750191;OrderedPartialAggregateStream=688195
event	171185	refusal	OrderedPartialAggregateStream[1121]	1	456206	0	25609513	289	4	24171127	380784	RepartitionExec[Merge]=24171127;RepartitionExec=750191;OrderedPartialAggregateStream=688195
event	171194	refusal	RepartitionExec[1]	1	46916	374046	25848272	289	4	24171127	380784	RepartitionExec[Merge]=24171127;RepartitionExec=750191;OrderedPartialAggregateStream=688195
event	171218	refusal	RepartitionExec[1]	1	206703	374046	25666983	289	4	24171127	380784	RepartitionExec[Merge]=24171127;RepartitionExec=750191;OrderedPartialAggregateStream=745665
event	171231	refusal	RepartitionExec[1]	1	41480	374046	25666983	289	4	24171127	380784	RepartitionExec[Merge]=24171127;RepartitionExec=750191;OrderedPartialAggregateStream=745665
event	171243	refusal	RepartitionExec[0]	1	44009	376145	25666983	289	4	24171127	380784	RepartitionExec[Merge]=24171127;RepartitionExec=750191;OrderedPartialAggregateStream=745665
event	171273	refusal	RepartitionExec[0]	1	53360	376145	25464918	289	4	24171127	380784	RepartitionExec[Merge]=24171127;RepartitionExec=750191;OrderedPartialAggregateStream=543600
event	171297	refusal	RepartitionExec[1]	1	81566	374046	25268518	289	4	24171127	380784	RepartitionExec[Merge]=24171127;RepartitionExec=750191;OrderedPartialAggregateStream=347200
event	171299	refusal	RepartitionExec[0]	1	50834	376145	25268518	289	4	24171127	380784	RepartitionExec[Merge]=24171127;RepartitionExec=750191;OrderedPartialAggregateStream=347200
event	171322	refusal	RepartitionExec[1]	1	59426	374046	25364166	289	4	24266775	380453	RepartitionExec[Merge]=24266775;RepartitionExec=750191;OrderedPartialAggregateStream=347200
event	171341	refusal	RepartitionExec[1]	1	55634	374046	25364990	289	4	24266775	380453	RepartitionExec[Merge]=24266775;RepartitionExec=750191;OrderedPartialAggregateStream=348024
event	171350	refusal	RepartitionExec[0]	1	96401	376145	25364990	289	4	24266775	380453	RepartitionExec[Merge]=24266775;RepartitionExec=750191;OrderedPartialAggregateStream=348024
event	171394	refusal	RepartitionExec[1]	1	8520	374046	25426231	289	4	24369879	380096	RepartitionExec[Merge]=24369879;RepartitionExec=750191;OrderedPartialAggregateStream=306161
event	171458	refusal	RepartitionExec[1]	1	8520	374046	25394745	288	4	24423359	381230	RepartitionExec[Merge]=24423359;RepartitionExec=750191;OrderedPartialAggregateStream=221195
event	171470	refusal	RepartitionExec[0]	1	8520	376145	25394745	288	4	24423359	381230	RepartitionExec[Merge]=24423359;RepartitionExec=750191;OrderedPartialAggregateStream=221195
event	171476	refusal	OrderedPartialAggregateStream[1071]	1	429296	0	25394745	288	4	24423359	381230	RepartitionExec[Merge]=24423359;RepartitionExec=750191;OrderedPartialAggregateStream=221195
event	171480	refusal	RepartitionExec[1]	1	53360	374046	25394745	288	4	24423359	381230	RepartitionExec[Merge]=24423359;RepartitionExec=750191;OrderedPartialAggregateStream=221195
event	171549	refusal	RepartitionExec[0]	1	8520	376145	25676445	287	4	24513487	382244	RepartitionExec[Merge]=24513487;RepartitionExec=750191;OrderedPartialAggregateStream=412767
event	171593	refusal	RepartitionExec[1]	1	50834	374046	25536433	287	4	24565343	382064	RepartitionExec[Merge]=24565343;RepartitionExec=750191;OrderedPartialAggregateStream=220899
event	171617	refusal	RepartitionExec[0]	1	48812	376145	25537257	287	4	24565343	382064	RepartitionExec[Merge]=24565343;RepartitionExec=750191;OrderedPartialAggregateStream=221723
event	171630	refusal	RepartitionExec[1]	1	44009	374046	25753165	287	4	24565343	382064	RepartitionExec[Merge]=24565343;RepartitionExec=750191;OrderedPartialAggregateStream=437631
event	171632	refusal	OrderedPartialAggregateStream[1149]	1	801154	0	25711070	287	4	24565343	382064	RepartitionExec[Merge]=24565343;RepartitionExec=750191;OrderedPartialAggregateStream=437631
event	171639	refusal	RepartitionExec[0]	1	86173	376145	25760738	287	4	24578203	382019	RepartitionExec[Merge]=24578203;RepartitionExec=750191;OrderedPartialAggregateStream=387016
event	171645	refusal	RepartitionExec[1]	1	100221	374046	25760738	287	4	24623531	381861	RepartitionExec[Merge]=24623531;RepartitionExec=750191;OrderedPartialAggregateStream=387016
event	171651	refusal	RepartitionExec[0]	1	8520	376145	25760738	287	4	24623531	381861	RepartitionExec[Merge]=24623531;RepartitionExec=750191;OrderedPartialAggregateStream=387016
event	171693	refusal	RepartitionExec[1]	1	96401	374046	25630217	287	4	24667791	381707	RepartitionExec[Merge]=24667791;RepartitionExec=750191;OrderedPartialAggregateStream=212235
event	171709	refusal	RepartitionExec[0]	1	41102	376145	25630217	287	4	24667791	381707	RepartitionExec[Merge]=24667791;RepartitionExec=750191;OrderedPartialAggregateStream=212235
event	171730	refusal	RepartitionExec[1]	1	8520	374046	25878181	287	4	24720287	381524	RepartitionExec[Merge]=24720287;RepartitionExec=750191;OrderedPartialAggregateStream=407703
event	171777	refusal	RepartitionExec[0]	1	8520	376145	25835822	287	4	24720287	381524	RepartitionExec[Merge]=24720287;RepartitionExec=750191;OrderedPartialAggregateStream=365344
event	171851	refusal	RepartitionExec[0]	1	50579	376145	26186047	286	4	24770059	382684	RepartitionExec[Merge]=24770059;RepartitionExec=750191;OrderedPartialAggregateStream=665797
event	171891	refusal	RepartitionExec[1]	1	86173	374046	26233227	286	4	24817239	382519	RepartitionExec[Merge]=24817239;RepartitionExec=750191;OrderedPartialAggregateStream=665797
event	171919	refusal	RepartitionExec[1]	1	8520	374046	26221724	286	4	24817239	382519	RepartitionExec[Merge]=24817239;RepartitionExec=750191;OrderedPartialAggregateStream=654294
event	171946	refusal	RepartitionExec[0]	1	46916	376145	26270164	285	4	24866503	383688	RepartitionExec[Merge]=24866503;RepartitionExec=750191;OrderedPartialAggregateStream=653470
event	171982	refusal	RepartitionExec[0]	1	60059	376145	26053350	285	4	24866503	383688	RepartitionExec[Merge]=24866503;RepartitionExec=750191;OrderedPartialAggregateStream=436656
event	172045	refusal	RepartitionExec[0]	1	41861	376145	25876856	285	4	24866503	383688	RepartitionExec[Merge]=24866503;RepartitionExec=750191;OrderedPartialAggregateStream=260162
event	172057	refusal	OrderedPartialAggregateStream[1041]	1	425687	0	26123337	285	4	24866503	383688	RepartitionExec[Merge]=24866503;RepartitionExec=750191;OrderedPartialAggregateStream=506643
event	172137	refusal	RepartitionExec[0]	1	149842	376145	25968751	285	4	24914799	383519	RepartitionExec[Merge]=24914799;RepartitionExec=750191;OrderedPartialAggregateStream=303761
event	172143	refusal	RepartitionExec[0]	1	54119	376145	25968751	285	4	24914799	383519	RepartitionExec[Merge]=24914799;RepartitionExec=750191;OrderedPartialAggregateStream=303761
event	172194	refusal	RepartitionExec[0]	1	84826	376145	26506425	285	4	24956095	383374	RepartitionExec[Merge]=24956095;OrderedPartialAggregateStream=800139;RepartitionExec=750191
event	172271	refusal	RepartitionExec[0]	1	54623	376145	26206477	285	4	25066007	382988	RepartitionExec[Merge]=25066007;RepartitionExec=750191;OrderedPartialAggregateStream=390279
event	172273	refusal	RepartitionExec[0]	1	54752	376145	26206477	285	4	25066007	382988	RepartitionExec[Merge]=25066007;RepartitionExec=750191;OrderedPartialAggregateStream=390279
event	172326	refusal	RepartitionExec[1]	1	41102	374046	26763820	285	4	25156551	382670	RepartitionExec[Merge]=25156551;OrderedPartialAggregateStream=857078;RepartitionExec=750191
event	172363	refusal	RepartitionExec[1]	1	50579	374046	26482930	285	4	25194599	382537	RepartitionExec[Merge]=25194599;RepartitionExec=750191;OrderedPartialAggregateStream=663488
event	172368	refusal	RepartitionExec[0]	1	49568	376145	26419202	285	4	25194599	382537	RepartitionExec[Merge]=25194599;RepartitionExec=750191;OrderedPartialAggregateStream=474412
event	172377	refusal	RepartitionExec[1]	1	54623	374046	26419202	285	4	25194599	382537	RepartitionExec[Merge]=25194599;RepartitionExec=750191;OrderedPartialAggregateStream=474412
event	172392	refusal	RepartitionExec[0]	1	47546	376145	26419202	285	4	25194599	382537	RepartitionExec[Merge]=25194599;RepartitionExec=750191;OrderedPartialAggregateStream=474412
event	172396	refusal	RepartitionExec[1]	1	46916	374046	26419202	285	4	25194599	382537	RepartitionExec[Merge]=25194599;RepartitionExec=750191;OrderedPartialAggregateStream=474412
event	172411	refusal	OrderedPartialAggregateStream[1163]	1	483071	0	26510830	285	4	25286227	382215	RepartitionExec[Merge]=25286227;RepartitionExec=750191;OrderedPartialAggregateStream=474412
event	172436	refusal	RepartitionExec[1]	1	60059	374046	26510830	285	4	25286227	382215	RepartitionExec[Merge]=25286227;RepartitionExec=750191;OrderedPartialAggregateStream=474412
event	172443	release_after_refusal	RepartitionExec[0]	1	46031	330114	26464799	285	4	25286227		RepartitionExec[Merge]=25286227;RepartitionExec=704160;OrderedPartialAggregateStream=474412
event	172466	refusal	RepartitionExec[1]	1	41861	374046	26515882	285	4	25337310	382036	RepartitionExec[Merge]=25337310;RepartitionExec=704160;OrderedPartialAggregateStream=474412
event	172511	refusal	RepartitionExec[1]	1	54119	374046	26479539	285	4	25388987	381855	RepartitionExec[Merge]=25388987;RepartitionExec=658003;OrderedPartialAggregateStream=432549
event	172525	refusal	RepartitionExec[1]	1	8520	374046	26479539	284	4	25388987	383199	RepartitionExec[Merge]=25388987;RepartitionExec=658003;OrderedPartialAggregateStream=432549
event	172553	refusal	RepartitionExec[0]	1	106514	283957	26480363	281	4	25388987	387290	RepartitionExec[Merge]=25388987;RepartitionExec=658003;OrderedPartialAggregateStream=433373
event	172581	refusal	RepartitionExec[1]	1	84826	374046	26479539	276	4	25388987	394307	RepartitionExec[Merge]=25388987;RepartitionExec=658003;OrderedPartialAggregateStream=432549
event	172598	refusal	RepartitionExec[1]	1	54752	374046	26479539	274	4	25388987	397185	RepartitionExec[Merge]=25388987;RepartitionExec=658003;OrderedPartialAggregateStream=432549
event	172621	refusal	RepartitionExec[1]	1	48812	374046	26479539	271	4	25388987	401582	RepartitionExec[Merge]=25388987;RepartitionExec=658003;OrderedPartialAggregateStream=432549
event	172770	refusal	RepartitionExec[1]	1	47546	391086	26345207	249	4	25388987	437063	RepartitionExec[Merge]=25388987;RepartitionExec=692083;OrderedPartialAggregateStream=264137
event	172797	refusal	RepartitionExec[1]	1	149842	391086	26582211	245	4	25388987	444198	RepartitionExec[Merge]=25388987;RepartitionExec=692083;OrderedPartialAggregateStream=501141
event	172936	refusal	RepartitionExec[1]	1	106514	458201	26760036	228	4	25388987	477319	RepartitionExec[Merge]=25388987;RepartitionExec=826313;OrderedPartialAggregateStream=544736
event	172979	refusal	RepartitionExec[1]	1	49568	458201	27478108	222	4	25388987	490219	RepartitionExec[Merge]=25388987;OrderedPartialAggregateStream=1262808;RepartitionExec=826313
event	173021	refusal	RepartitionExec[1]	1	47927	458201	27582903	222	4	25388987	490219	RepartitionExec[Merge]=25388987;OrderedPartialAggregateStream=1319676;RepartitionExec=874240
event	173057	refusal	RepartitionExec[1]	1	51719	458201	26932330	222	4	25458703	489905	RepartitionExec[Merge]=25458703;RepartitionExec=925959;OrderedPartialAggregateStream=539148
event	173065	refusal	RepartitionExec[0]	1	53993	467758	26932330	221	4	25458703	492122	RepartitionExec[Merge]=25458703;RepartitionExec=934479;OrderedPartialAggregateStream=539148
event	173084	refusal	RepartitionExec[0]	1	74591	467758	26932330	220	4	25458703	494359	RepartitionExec[Merge]=25458703;RepartitionExec=934479;OrderedPartialAggregateStream=539148
event	173140	refusal	RepartitionExec[0]	1	54245	476278	26694039	220	4	25458703	494359	RepartitionExec[Merge]=25458703;RepartitionExec=942999;OrderedPartialAggregateStream=292337
event	173223	refusal	RepartitionExec[1]	1	74591	466721	27154244	219	4	25458703	496616	RepartitionExec[Merge]=25458703;RepartitionExec=951583;OrderedPartialAggregateStream=743958
event	173244	refusal	RepartitionExec[0]	1	55508	484862	27154244	219	4	25458703	496616	RepartitionExec[Merge]=25458703;RepartitionExec=951583;OrderedPartialAggregateStream=743958
event	173278	refusal	RepartitionExec[1]	1	53993	466721	27548998	219	4	25579675	496064	RepartitionExec[Merge]=25579675;OrderedPartialAggregateStream=1017740;RepartitionExec=951583
event	173310	refusal	RepartitionExec[0]	1	44135	484862	27391167	219	4	25645831	495762	RepartitionExec[Merge]=25645831;RepartitionExec=951583;OrderedPartialAggregateStream=793753
event	173337	refusal	RepartitionExec[1]	1	54245	466721	27632524	219	4	25645831	495762	RepartitionExec[Merge]=25645831;OrderedPartialAggregateStream=1026590;RepartitionExec=960103
event	173371	refusal	RepartitionExec[1]	1	55508	466721	27469585	219	4	25705643	495488	RepartitionExec[Merge]=25705643;RepartitionExec=960103;OrderedPartialAggregateStream=803839
event	173376	refusal	RepartitionExec[0]	1	62711	493382	27469585	219	4	25705643	495488	RepartitionExec[Merge]=25705643;RepartitionExec=960103;OrderedPartialAggregateStream=803839
event	173423	refusal	RepartitionExec[0]	1	48305	493382	27527285	219	4	25761567	495233	RepartitionExec[Merge]=25761567;RepartitionExec=968623;OrderedPartialAggregateStream=797095
event	173518	refusal	RepartitionExec[0]	1	45398	493382	28007118	219	4	25846659	494845	RepartitionExec[Merge]=25846659;OrderedPartialAggregateStream=1174796;RepartitionExec=985663
event	173563	refusal	RepartitionExec[0]	1	53234	493382	27430092	219	4	25918147	494518	RepartitionExec[Merge]=25918147;RepartitionExec=985663;OrderedPartialAggregateStream=550490
event	173568	refusal	RepartitionExec[1]	1	44135	492281	27430092	219	4	25918147	494518	RepartitionExec[Merge]=25918147;RepartitionExec=985663;OrderedPartialAggregateStream=550490
event	173576	refusal	RepartitionExec[0]	1	69536	493382	27430092	219	4	25918147	494518	RepartitionExec[Merge]=25918147;RepartitionExec=985663;OrderedPartialAggregateStream=526282
event	173588	refusal	RepartitionExec[0]	1	8520	493382	27570744	219	4	25918147	494518	RepartitionExec[Merge]=25918147;RepartitionExec=985663;OrderedPartialAggregateStream=789426
event	173592	refusal	RepartitionExec[0]	1	15688	493382	27507170	219	4	25918147	494518	RepartitionExec[Merge]=25918147;RepartitionExec=985663;OrderedPartialAggregateStream=603360
event	173597	refusal	RepartitionExec[1]	1	62711	492281	27598798	219	4	26009775	494100	RepartitionExec[Merge]=26009775;RepartitionExec=985663;OrderedPartialAggregateStream=603360
event	173613	refusal	RepartitionExec[0]	1	46157	493382	27835415	219	4	26009775	494100	RepartitionExec[Merge]=26009775;RepartitionExec=985663;OrderedPartialAggregateStream=839977
event	173643	refusal	RepartitionExec[1]	1	48305	492281	27894571	219	4	26068931	493830	RepartitionExec[Merge]=26068931;RepartitionExec=985663;OrderedPartialAggregateStream=839977
event	173675	refusal	RepartitionExec[0]	1	58163	493382	27681882	219	4	26068931	493830	RepartitionExec[Merge]=26068931;RepartitionExec=985663;OrderedPartialAggregateStream=627288
event	173689	refusal	RepartitionExec[1]	1	45398	492281	28366803	219	4	26068931	493830	RepartitionExec[Merge]=26068931;OrderedPartialAggregateStream=1312209;RepartitionExec=985663
event	173719	refusal	RepartitionExec[0]	1	49949	493382	28239885	219	4	26136383	493522	RepartitionExec[Merge]=26136383;OrderedPartialAggregateStream=1117839;RepartitionExec=985663
event	173734	refusal	RepartitionExec[1]	1	53234	492281	28279609	219	4	26176107	493340	RepartitionExec[Merge]=26176107;OrderedPartialAggregateStream=1117839;RepartitionExec=985663
event	173781	refusal	RepartitionExec[0]	1	8520	493382	28324310	219	4	26224715	493118	RepartitionExec[Merge]=26224715;OrderedPartialAggregateStream=1113932;RepartitionExec=985663
event	173783	refusal	RepartitionExec[1]	1	69536	492281	28324310	219	4	26224715	493118	RepartitionExec[Merge]=26224715;OrderedPartialAggregateStream=1113932;RepartitionExec=985663
event	173789	refusal	RepartitionExec[0]	1	45905	493382	28324310	219	4	26224715	493118	RepartitionExec[Merge]=26224715;OrderedPartialAggregateStream=1113932;RepartitionExec=985663
event	173821	refusal	RepartitionExec[0]	1	92663	493382	28021828	219	4	26284347	492846	RepartitionExec[Merge]=26284347;RepartitionExec=985663;OrderedPartialAggregateStream=751818
event	173830	refusal	RepartitionExec[0]	1	8520	493382	28021828	219	4	26284347	492846	RepartitionExec[Merge]=26284347;RepartitionExec=985663;OrderedPartialAggregateStream=751818
event	173844	refusal	RepartitionExec[1]	1	46157	492281	28071732	219	4	26295371	492796	RepartitionExec[Merge]=26295371;RepartitionExec=985663;OrderedPartialAggregateStream=751818
event	173849	refusal	RepartitionExec[0]	1	44135	493382	28071732	219	4	26334251	492618	RepartitionExec[Merge]=26334251;RepartitionExec=985663;OrderedPartialAggregateStream=751818
event	173911	refusal	RepartitionExec[0]	1	49823	493382	27925959	219	4	26382859	492396	RepartitionExec[Merge]=26382859;RepartitionExec=985663;OrderedPartialAggregateStream=621025
event	173913	refusal	RepartitionExec[1]	1	45905	492281	27925959	219	4	26382859	492396	RepartitionExec[Merge]=26382859;RepartitionExec=985663;OrderedPartialAggregateStream=621025
event	173923	refusal	RepartitionExec[1]	1	8584	492281	27972631	219	4	26429531	492183	RepartitionExec[Merge]=26429531;RepartitionExec=985663;OrderedPartialAggregateStream=557437
event	173936	refusal	RepartitionExec[1]	1	92663	492281	27972631	219	4	26429531	492183	RepartitionExec[Merge]=26429531;RepartitionExec=985663;OrderedPartialAggregateStream=557437
event	173940	refusal	RepartitionExec[0]	1	46283	493382	27972631	219	4	26429531	492183	RepartitionExec[Merge]=26429531;RepartitionExec=985663;OrderedPartialAggregateStream=557437
event	173964	refusal	RepartitionExec[1]	1	44135	492281	28379058	219	4	26429531	492183	RepartitionExec[Merge]=26429531;RepartitionExec=985663;OrderedPartialAggregateStream=963864
event	174005	refusal	RepartitionExec[1]	1	49823	492281	28464518	219	4	26514991	491793	RepartitionExec[Merge]=26514991;RepartitionExec=985663;OrderedPartialAggregateStream=963864
event	174034	refusal	RepartitionExec[1]	1	46283	492281	28193062	219	4	26570259	491540	RepartitionExec[Merge]=26570259;RepartitionExec=985663;OrderedPartialAggregateStream=637140
event	174060	refusal	RepartitionExec[0]	1	70799	493382	28150399	219	4	26570259	491540	RepartitionExec[Merge]=26570259;RepartitionExec=985663;OrderedPartialAggregateStream=594477
event	174065	refusal	RepartitionExec[0]	1	8520	493382	28185615	219	4	26605475	491380	RepartitionExec[Merge]=26605475;RepartitionExec=985663;OrderedPartialAggregateStream=594477
event	174143	refusal	RepartitionExec[1]	1	8520	492281	28599387	219	4	26646623	491192	RepartitionExec[Merge]=26646623;RepartitionExec=985663;OrderedPartialAggregateStream=975621
event	174146	refusal	RepartitionExec[1]	1	49949	492281	28599387	219	4	26646623	491192	RepartitionExec[Merge]=26646623;RepartitionExec=985663;OrderedPartialAggregateStream=975621
event	174156	refusal	RepartitionExec[0]	1	8520	493382	28417300	219	4	26646623	491192	RepartitionExec[Merge]=26646623;RepartitionExec=985663;OrderedPartialAggregateStream=785014
event	174164	refusal	RepartitionExec[0]	1	44387	493382	28417300	219	4	26646623	491192	RepartitionExec[Merge]=26646623;RepartitionExec=985663;OrderedPartialAggregateStream=785014
event	174182	refusal	RepartitionExec[1]	1	8520	492281	28240332	219	4	26710663	490899	RepartitionExec[Merge]=26710663;RepartitionExec=985663;OrderedPartialAggregateStream=544006
event	174196	refusal	RepartitionExec[0]	1	52097	493382	28240332	219	4	26710663	490899	RepartitionExec[Merge]=26710663;RepartitionExec=985663;OrderedPartialAggregateStream=544006
event	174221	refusal	RepartitionExec[0]	1	15688	493382	28160789	219	4	26710663	490899	RepartitionExec[Merge]=26710663;RepartitionExec=985663;OrderedPartialAggregateStream=464463
event	174280	refusal	RepartitionExec[1]	1	44387	492281	28427576	219	4	26808715	490452	RepartitionExec[Merge]=26808715;RepartitionExec=985663;OrderedPartialAggregateStream=633198
event	174291	refusal	RepartitionExec[0]	1	15688	493382	28427576	219	4	26808715	490452	RepartitionExec[Merge]=26808715;RepartitionExec=985663;OrderedPartialAggregateStream=633198
event	174328	refusal	RepartitionExec[0]	1	8520	493382	28425277	219	4	26847927	490273	RepartitionExec[Merge]=26847927;RepartitionExec=985663;OrderedPartialAggregateStream=591687
event	174387	refusal	RepartitionExec[0]	1	56141	493382	28214248	219	4	26929087	489902	RepartitionExec[Merge]=26929087;RepartitionExec=985663;OrderedPartialAggregateStream=299498
event	174394	refusal	RepartitionExec[1]	1	8520	492281	28214248	219	4	26929087	489902	RepartitionExec[Merge]=26929087;RepartitionExec=985663;OrderedPartialAggregateStream=299498
event	174403	refusal	RepartitionExec[0]	1	8520	493382	28214248	219	4	26929087	489902	RepartitionExec[Merge]=26929087;RepartitionExec=985663;OrderedPartialAggregateStream=299498
event	174419	refusal	RepartitionExec[0]	1	8520	493382	28397496	219	4	26929087	489902	RepartitionExec[Merge]=26929087;RepartitionExec=985663;OrderedPartialAggregateStream=482746
event	174445	refusal	RepartitionExec[1]	1	8520	492281	28395249	219	4	26969087	489719	RepartitionExec[Merge]=26969087;RepartitionExec=985663;OrderedPartialAggregateStream=440499
event	174475	refusal	RepartitionExec[1]	1	58163	492281	28433953	219	4	27007791	489543	RepartitionExec[Merge]=27007791;RepartitionExec=985663;OrderedPartialAggregateStream=440499
event	174504	refusal	RepartitionExec[0]	1	44894	493382	28496557	219	4	27007791	489543	RepartitionExec[Merge]=27007791;RepartitionExec=985663;OrderedPartialAggregateStream=257315
event	174559	refusal	RepartitionExec[1]	1	52097	492281	29070365	219	4	27083575	489197	RepartitionExec[Merge]=27083575;OrderedPartialAggregateStream=1001127;RepartitionExec=985663
event	174596	refusal	RepartitionExec[1]	1	70799	492281	28905548	219	4	27121803	489022	RepartitionExec[Merge]=27121803;RepartitionExec=985663;OrderedPartialAggregateStream=798082
event	174609	refusal	RepartitionExec[1]	1	44894	492281	28715357	219	4	27121803	489022	RepartitionExec[Merge]=27121803;RepartitionExec=985663;OrderedPartialAggregateStream=671675
event	174617	refusal	RepartitionExec[0]	1	53867	493382	28715357	219	4	27121803	489022	RepartitionExec[Merge]=27121803;RepartitionExec=985663;OrderedPartialAggregateStream=607891
event	174636	refusal	RepartitionExec[0]	1	48053	493382	29168367	219	4	27167819	488812	RepartitionExec[Merge]=27167819;RepartitionExec=985663;OrderedPartialAggregateStream=607891
event	174665	refusal	RepartitionExec[0]	1	59300	493382	29177586	219	4	27210783	488616	RepartitionExec[Merge]=27210783;RepartitionExec=985663;OrderedPartialAggregateStream=981140
event	174676	refusal	RepartitionExec[1]	1	8520	492281	29177586	219	4	27210783	488616	RepartitionExec[Merge]=27210783;RepartitionExec=985663;OrderedPartialAggregateStream=981140
event	174697	refusal	RepartitionExec[1]	1	8520	492281	29173771	219	4	27249487	488439	RepartitionExec[Merge]=27249487;RepartitionExec=985663;OrderedPartialAggregateStream=938621
event	174730	refusal	RepartitionExec[1]	1	15688	492281	29088425	219	4	27285451	488275	RepartitionExec[Merge]=27285451;RepartitionExec=985663;OrderedPartialAggregateStream=817311
event	174732	refusal	RepartitionExec[0]	1	8520	493382	29088425	219	4	27285451	488275	RepartitionExec[Merge]=27285451;RepartitionExec=985663;OrderedPartialAggregateStream=817311
event	174756	refusal	RepartitionExec[1]	1	53867	492281	28571220	219	4	27285451	488275	RepartitionExec[Merge]=27285451;RepartitionExec=985663;OrderedPartialAggregateStream=300106
event	174761	refusal	RepartitionExec[0]	1	47927	493382	28571220	219	4	27285451	488275	RepartitionExec[Merge]=27285451;RepartitionExec=985663;OrderedPartialAggregateStream=300106
event	174784	refusal	RepartitionExec[0]	1	71054	493382	28571220	219	4	27285451	488275	RepartitionExec[Merge]=27285451;RepartitionExec=985663;OrderedPartialAggregateStream=300106
event	174801	refusal	RepartitionExec[1]	1	48053	492281	28571220	218	4	27285451	490515	RepartitionExec[Merge]=27285451;RepartitionExec=985663;OrderedPartialAggregateStream=300106
event	174857	refusal	RepartitionExec[1]	1	59300	492281	29992780	216	4	27321743	494888	RepartitionExec[Merge]=27321743;OrderedPartialAggregateStream=1226675;RepartitionExec=985663
event	174896	refusal	RepartitionExec[0]	1	42998	493382	29623855	214	4	27359971	499335	RepartitionExec[Merge]=27359971;OrderedPartialAggregateStream=1278221;RepartitionExec=985663
event	174902	refusal	RepartitionExec[0]	1	45905	493382	29623855	213	4	27359971	501679	RepartitionExec[Merge]=27359971;OrderedPartialAggregateStream=1278221;RepartitionExec=985663
event	174918	refusal	RepartitionExec[1]	1	71054	492281	29437189	213	4	27359971	501679	RepartitionExec[Merge]=27359971;OrderedPartialAggregateStream=1082583;RepartitionExec=985663
event	174924	refusal	RepartitionExec[0]	1	8520	493382	29468725	212	4	27400479	503854	RepartitionExec[Merge]=27400479;OrderedPartialAggregateStream=1082583;RepartitionExec=985663
event	174933	refusal	RepartitionExec[0]	1	50453	493382	29270095	212	4	27400479	503854	RepartitionExec[Merge]=27400479;RepartitionExec=985663;OrderedPartialAggregateStream=883953
event	174940	refusal	RepartitionExec[1]	1	47927	492281	29270095	211	4	27400479	506242	RepartitionExec[Merge]=27400479;RepartitionExec=985663;OrderedPartialAggregateStream=883953
event	174950	refusal	RepartitionExec[0]	1	51845	493382	29270095	211	4	27400479	506242	RepartitionExec[Merge]=27400479;RepartitionExec=985663;OrderedPartialAggregateStream=883953
event	175021	refusal	RepartitionExec[0]	1	93041	493382	29181490	207	4	27488119	515601	RepartitionExec[Merge]=27488119;RepartitionExec=994183;OrderedPartialAggregateStream=699188
event	175043	refusal	RepartitionExec[1]	1	42998	500801	29139411	206	4	27488119	518104	RepartitionExec[Merge]=27488119;RepartitionExec=1002703;OrderedPartialAggregateStream=648589
event	175216	refusal	RepartitionExec[0]	1	48557	501902	28969357	206	4	27517467	517962	RepartitionExec[Merge]=27517467;RepartitionExec=1018391;OrderedPartialAggregateStream=606164
event	175227	refusal	RepartitionExec[1]	1	56141	516489	29309881	206	4	27517467	517962	RepartitionExec[Merge]=27517467;RepartitionExec=1018391;OrderedPartialAggregateStream=606164
event	175244	refusal	RepartitionExec[1]	1	45905	516489	29305897	206	4	27697799	517087	RepartitionExec[Merge]=27697799;RepartitionExec=1035431;OrderedPartialAggregateStream=572667
event	175253	refusal	RepartitionExec[1]	1	51845	516489	29305897	206	4	27697799	517087	RepartitionExec[Merge]=27697799;RepartitionExec=1035431;OrderedPartialAggregateStream=572667
event	175270	refusal	RepartitionExec[0]	1	46535	518942	29305897	206	4	27697799	517087	RepartitionExec[Merge]=27697799;RepartitionExec=1035431;OrderedPartialAggregateStream=572667
event	175291	refusal	RepartitionExec[1]	1	93041	516489	29305897	206	4	27697799	517087	RepartitionExec[Merge]=27697799;RepartitionExec=1035431;OrderedPartialAggregateStream=572667
event	175316	refusal	RepartitionExec[1]	1	50453	516489	29364873	206	4	27756775	516800	RepartitionExec[Merge]=27756775;RepartitionExec=1035431;OrderedPartialAggregateStream=572667
event	175337	refusal	RepartitionExec[1]	1	48557	516489	29678838	206	4	27834087	516425	RepartitionExec[Merge]=27834087;RepartitionExec=1035431;OrderedPartialAggregateStream=809320
event	175367	refusal	RepartitionExec[0]	1	49949	518942	29903352	206	4	27890799	516150	RepartitionExec[Merge]=27890799;RepartitionExec=1035431;OrderedPartialAggregateStream=977122
event	175375	refusal	RepartitionExec[0]	1	8520	518942	29903352	206	4	27890799	516150	RepartitionExec[Merge]=27890799;RepartitionExec=1035431;OrderedPartialAggregateStream=977122
event	175394	refusal	RepartitionExec[1]	1	46535	516489	29903352	206	4	27890799	516150	RepartitionExec[Merge]=27890799;RepartitionExec=1035431;OrderedPartialAggregateStream=977122
event	175448	refusal	RepartitionExec[0]	1	49949	518942	29775207	206	4	27999547	515622	RepartitionExec[Merge]=27999547;RepartitionExec=1035431;OrderedPartialAggregateStream=740229
event	175455	refusal	RepartitionExec[1]	1	8520	516489	29573319	206	4	27999547	515622	RepartitionExec[Merge]=27999547;RepartitionExec=1035431;OrderedPartialAggregateStream=740229
event	175564	refusal	RepartitionExec[0]	1	70295	518942	30338384	206	4	28091447	515176	RepartitionExec[Merge]=28091447;RepartitionExec=1035431;OrderedPartialAggregateStream=826148
event	175569	refusal	RepartitionExec[1]	1	49949	516489	30338384	206	4	28091447	515176	RepartitionExec[Merge]=28091447;RepartitionExec=1035431;OrderedPartialAggregateStream=826148
event	175583	refusal	RepartitionExec[0]	1	8584	518942	30338384	206	4	28091447	515176	RepartitionExec[Merge]=28091447;OrderedPartialAggregateStream=1234357;RepartitionExec=1035431
event	175584	refusal	RepartitionExec[1]	1	49949	516489	30338384	206	4	28091447	515176	RepartitionExec[Merge]=28091447;OrderedPartialAggregateStream=1200806;RepartitionExec=1035431
event	175600	refusal	RepartitionExec[1]	1	8520	516489	30367640	206	4	28139923	514940	RepartitionExec[Merge]=28139923;OrderedPartialAggregateStream=1192286;RepartitionExec=1035431
event	175916	refusal	RepartitionExec[0]	1	45146	518942	30673777	206	4	28364683	513849	RepartitionExec[Merge]=28364683;RepartitionExec=1035431;OrderedPartialAggregateStream=1008594
event	175928	refusal	RepartitionExec[1]	1	70295	516489	30656673	206	4	28403323	513662	RepartitionExec[Merge]=28403323;OrderedPartialAggregateStream=1407881;RepartitionExec=1035431
event	175944	refusal	RepartitionExec[1]	1	8584	516489	30618690	206	4	28478371	513297	RepartitionExec[Merge]=28478371;OrderedPartialAggregateStream=1138615;RepartitionExec=1035431
event	175960	refusal	RepartitionExec[0]	1	15688	518942	30618690	206	4	28478371	513297	RepartitionExec[Merge]=28478371;OrderedPartialAggregateStream=1138615;RepartitionExec=1035431
event	175970	refusal	RepartitionExec[0]	1	46535	518942	30280661	206	4	28519519	513098	RepartitionExec[Merge]=28519519;RepartitionExec=1035431;OrderedPartialAggregateStream=725711
event	175980	refusal	RepartitionExec[0]	1	8520	518942	30280661	206	4	28519519	513098	RepartitionExec[Merge]=28519519;RepartitionExec=1035431;OrderedPartialAggregateStream=725711
event	175985	refusal	RepartitionExec[0]	1	8520	518942	30280661	206	4	28519519	513098	RepartitionExec[Merge]=28519519;RepartitionExec=1035431;OrderedPartialAggregateStream=725711
event	175998	refusal	RepartitionExec[0]	1	71558	518942	30509952	206	4	28519519	513098	RepartitionExec[Merge]=28519519;RepartitionExec=1035431;OrderedPartialAggregateStream=955002
event	176014	refusal	OrderedPartialAggregateStream[1132]	1	870184	0	30317839	206	4	28519519	513098	RepartitionExec[Merge]=28519519;RepartitionExec=1035431;OrderedPartialAggregateStream=762889
event	176032	refusal	RepartitionExec[0]	1	48938	518942	30381280	206	4	28567667	512864	RepartitionExec[Merge]=28567667;RepartitionExec=1035431;OrderedPartialAggregateStream=778182
event	176050	refusal	RepartitionExec[0]	1	55004	518942	30453588	206	4	28639975	512513	RepartitionExec[Merge]=28639975;RepartitionExec=1035431;OrderedPartialAggregateStream=778182
event	176080	refusal	RepartitionExec[1]	1	45146	516489	30307292	206	4	28681123	512313	RepartitionExec[Merge]=28681123;RepartitionExec=1035431;OrderedPartialAggregateStream=590738
event	176087	refusal	RepartitionExec[0]	1	46790	518942	30227662	206	4	28681123	512313	RepartitionExec[Merge]=28681123;RepartitionExec=1035431;OrderedPartialAggregateStream=511108
event	176099	refusal	RepartitionExec[1]	1	15752	516489	30111311	206	4	28681123	512313	RepartitionExec[Merge]=28681123;RepartitionExec=1035431;OrderedPartialAggregateStream=511108
event	176102	refusal	RepartitionExec[1]	1	46535	516489	30048059	206	4	28681123	512313	RepartitionExec[Merge]=28681123;RepartitionExec=1035431;OrderedPartialAggregateStream=331505
event	176127	refusal	RepartitionExec[0]	1	43250	518942	30091483	206	4	28724547	512102	RepartitionExec[Merge]=28724547;RepartitionExec=1035431;OrderedPartialAggregateStream=331505
event	176168	refusal	RepartitionExec[1]	1	48938	516489	30296439	206	4	28929503	511107	RepartitionExec[Merge]=28929503;RepartitionExec=1035431;OrderedPartialAggregateStream=331505
event	176210	refusal	RepartitionExec[1]	1	55004	516489	30415635	206	4	29039367	510574	RepartitionExec[Merge]=29039367;RepartitionExec=1035431;OrderedPartialAggregateStream=331505
event	176216	refusal	RepartitionExec[1]	1	71558	516489	30448611	206	4	29081675	510369	RepartitionExec[Merge]=29081675;RepartitionExec=1035431;OrderedPartialAggregateStream=331505
event	176252	refusal	RepartitionExec[0]	1	8520	518942	30510212	206	4	29184915	509868	RepartitionExec[Merge]=29184915;RepartitionExec=1035431;OrderedPartialAggregateStream=289866
event	176257	refusal	RepartitionExec[1]	1	46790	516489	30510212	206	4	29184915	509868	RepartitionExec[Merge]=29184915;RepartitionExec=1035431;OrderedPartialAggregateStream=289866
event	176309	refusal	RepartitionExec[0]	1	8520	518942	30815775	206	4	29301895	509300	RepartitionExec[Merge]=29301895;RepartitionExec=1035431;OrderedPartialAggregateStream=478449
event	176337	refusal	RepartitionExec[0]	1	47294	518942	30885457	206	4	29362495	509005	RepartitionExec[Merge]=29362495;RepartitionExec=1035431;OrderedPartialAggregateStream=487531
event	176341	refusal	RepartitionExec[1]	1	8520	516489	30885457	206	4	29362495	509005	RepartitionExec[Merge]=29362495;RepartitionExec=1035431;OrderedPartialAggregateStream=487531
event	176346	refusal	RepartitionExec[1]	1	8520	516489	30896625	206	4	29373663	508951	RepartitionExec[Merge]=29373663;RepartitionExec=1035431;OrderedPartialAggregateStream=487531
event	176362	refusal	RepartitionExec[0]	1	176025	518942	30999729	206	4	29476767	508451	RepartitionExec[Merge]=29476767;RepartitionExec=1035431;OrderedPartialAggregateStream=487531
event	176378	refusal	RepartitionExec[1]	1	8520	516489	30957610	206	4	29476767	508451	RepartitionExec[Merge]=29476767;RepartitionExec=1035431;OrderedPartialAggregateStream=445412
event	176431	refusal	RepartitionExec[1]	1	15688	516489	30846090	206	4	29642271	507647	RepartitionExec[Merge]=29642271;RepartitionExec=1035431;OrderedPartialAggregateStream=168388
event	176459	refusal	RepartitionExec[1]	1	43250	516489	30846090	206	4	29642271	507647	RepartitionExec[Merge]=29642271;RepartitionExec=1035431;OrderedPartialAggregateStream=168388
event	176475	refusal	RepartitionExec[1]	1	8520	516489	31370612	206	4	29689583	507418	RepartitionExec[Merge]=29689583;RepartitionExec=1035431;OrderedPartialAggregateStream=645598
event	176518	release_after_refusal	RepartitionExec[0]	1	50075	468867	31760201	206	4	29689583		RepartitionExec[Merge]=29689583;OrderedPartialAggregateStream=1085262;RepartitionExec=985356
event	176531	refusal	RepartitionExec[1]	1	176025	516489	31767409	206	4	29689583	507418	RepartitionExec[Merge]=29689583;OrderedPartialAggregateStream=1085262;RepartitionExec=985356
event	176559	refusal	RepartitionExec[0]	1	51212	468867	31678216	206	4	29806754	506849	RepartitionExec[Merge]=29806754;RepartitionExec=985356;OrderedPartialAggregateStream=886106
event	176576	refusal	RepartitionExec[0]	1	52097	468867	31673851	206	4	29806754	506849	RepartitionExec[Merge]=29806754;RepartitionExec=985356;OrderedPartialAggregateStream=659947
event	176603	refusal	RepartitionExec[0]	1	64229	477387	31705324	205	4	29871106	509007	RepartitionExec[Merge]=29871106;RepartitionExec=993876;OrderedPartialAggregateStream=840342
event	176609	release_after_refusal	RepartitionExec[0]	1	47927	429460	31657397	205	4	29871106		RepartitionExec[Merge]=29871106;RepartitionExec=945949;OrderedPartialAggregateStream=840342
event	176673	refusal	RepartitionExec[1]	1	51212	516489	31601285	203	4	30046796	513157	RepartitionExec[Merge]=30046796;RepartitionExec=937861;OrderedPartialAggregateStream=531675
event	176681	refusal	RepartitionExec[1]	1	43631	516489	31829118	203	4	30046796	513157	RepartitionExec[Merge]=30046796;RepartitionExec=1022814;OrderedPartialAggregateStream=759508
event	176688	refusal	RepartitionExec[1]	1	84953	516489	31829118	203	4	30046796	513157	RepartitionExec[Merge]=30046796;RepartitionExec=1022814;OrderedPartialAggregateStream=759508
event	176694	refusal	RepartitionExec[1]	1	52097	516489	31829118	203	4	30046796	513157	RepartitionExec[Merge]=30046796;RepartitionExec=1022814;OrderedPartialAggregateStream=759508
event	176870	refusal	RepartitionExec[0]	1	47042	506325	32035294	199	4	30110360	523152	RepartitionExec[Merge]=30110360;RepartitionExec=1022814;OrderedPartialAggregateStream=843317
event	176888	refusal	RepartitionExec[1]	1	64229	516489	32004744	197	4	30174580	528137	RepartitionExec[Merge]=30174580;RepartitionExec=1022814;OrderedPartialAggregateStream=815870
event	177019	refusal	RepartitionExec[0]	1	46157	530533	32623072	196	4	30174580	530832	RepartitionExec[Merge]=30174580;RepartitionExec=1055542;OrderedPartialAggregateStream=725855
event	177040	refusal	RepartitionExec[1]	1	8520	525009	32574917	194	4	30195936	536194	RepartitionExec[Merge]=30195936;OrderedPartialAggregateStream=1247983;RepartitionExec=1055542
event	177047	refusal	RepartitionExec[1]	1	8520	525009	32509565	194	4	30271392	535805	RepartitionExec[Merge]=30271392;OrderedPartialAggregateStream=1182631;RepartitionExec=1055542
event	177052	refusal	RepartitionExec[0]	1	48812	530533	32509565	193	4	30271392	538582	RepartitionExec[Merge]=30271392;OrderedPartialAggregateStream=1182631;RepartitionExec=1055542
event	177063	refusal	RepartitionExec[1]	1	47294	525009	32509565	192	4	30271392	541387	RepartitionExec[Merge]=30271392;OrderedPartialAggregateStream=1182631;RepartitionExec=1055542
event	177071	refusal	RepartitionExec[0]	1	62207	530533	32772457	191	4	30271392	544221	RepartitionExec[Merge]=30271392;OrderedPartialAggregateStream=1445523;RepartitionExec=1055542
event	177077	refusal	RepartitionExec[1]	1	47042	525009	32772457	191	4	30271392	544221	RepartitionExec[Merge]=30271392;OrderedPartialAggregateStream=1445523;RepartitionExec=1055542
event	177140	refusal	RepartitionExec[1]	1	46157	525009	32772457	185	4	30271392	561872	RepartitionExec[Merge]=30271392;OrderedPartialAggregateStream=1445523;RepartitionExec=1055542
event	177171	refusal	RepartitionExec[1]	1	48812	525009	32560004	183	4	30271392	568012	RepartitionExec[Merge]=30271392;OrderedPartialAggregateStream=1233070;RepartitionExec=1055542
event	177201	refusal	RepartitionExec[0]	1	58037	530533	32560004	181	4	30271392	574289	RepartitionExec[Merge]=30271392;OrderedPartialAggregateStream=1233070;RepartitionExec=1055542
event	177205	refusal	RepartitionExec[1]	1	62207	525009	32560004	180	4	30271392	577479	RepartitionExec[Merge]=30271392;OrderedPartialAggregateStream=1233070;RepartitionExec=1055542
event	177237	refusal	RepartitionExec[0]	1	86219	530533	32461566	178	4	30271392	583968	RepartitionExec[Merge]=30271392;OrderedPartialAggregateStream=1134632;RepartitionExec=1055542
event	177308	refusal	RepartitionExec[0]	1	57911	585285	32509735	171	4	30271392	607873	RepartitionExec[Merge]=30271392;RepartitionExec=1190606;OrderedPartialAggregateStream=1047737
event	177337	refusal	RepartitionExec[0]	1	43250	593805	31847087	168	4	30271392	618728	RepartitionExec[Merge]=30271392;RepartitionExec=1207646;OrderedPartialAggregateStream=368049
event	177341	refusal	RepartitionExec[0]	1	49190	593805	31847087	167	4	30271392	622433	RepartitionExec[Merge]=30271392;RepartitionExec=1207646;OrderedPartialAggregateStream=368049
event	177350	refusal	RepartitionExec[0]	1	62585	593805	31847087	166	4	30271392	626182	RepartitionExec[Merge]=30271392;RepartitionExec=1207646;OrderedPartialAggregateStream=368049
event	177353	refusal	RepartitionExec[1]	1	58037	613841	31847087	166	4	30271392	626182	RepartitionExec[Merge]=30271392;RepartitionExec=1207646;OrderedPartialAggregateStream=368049
event	177437	refusal	RepartitionExec[1]	1	86219	622361	31913128	156	4	30379880	665627	RepartitionExec[Merge]=30379880;RepartitionExec=1216166;OrderedPartialAggregateStream=317082
event	177475	refusal	RepartitionExec[1]	1	49190	622361	31913128	155	4	30379880	669921	RepartitionExec[Merge]=30379880;RepartitionExec=1216166;OrderedPartialAggregateStream=317082
event	177540	refusal	RepartitionExec[1]	1	57911	665611	32576346	155	4	30567944	668708	RepartitionExec[Merge]=30567944;RepartitionExec=1267936;OrderedPartialAggregateStream=740466
event	177572	refusal	RepartitionExec[1]	1	62585	665611	32845469	155	4	30610728	668432	RepartitionExec[Merge]=30610728;RepartitionExec=1267936;OrderedPartialAggregateStream=966805
event	177619	refusal	RepartitionExec[1]	1	49823	665611	32832517	155	4	30733924	667637	RepartitionExec[Merge]=30733924;RepartitionExec=1317759;OrderedPartialAggregateStream=780834
event	177640	refusal	RepartitionExec[0]	1	46409	660668	32908235	155	4	30765672	667432	RepartitionExec[Merge]=30765672;RepartitionExec=1326279;OrderedPartialAggregateStream=816284
event	177652	refusal	RepartitionExec[0]	1	45524	660668	32826580	155	4	30765672	667432	RepartitionExec[Merge]=30765672;RepartitionExec=1326279;OrderedPartialAggregateStream=734629
event	177663	refusal	RepartitionExec[0]	1	15688	660668	32857688	155	4	30796780	667231	RepartitionExec[Merge]=30796780;RepartitionExec=1326279;OrderedPartialAggregateStream=734629
event	177699	refusal	RepartitionExec[0]	1	8520	660668	32873729	155	4	30846684	666909	RepartitionExec[Merge]=30846684;RepartitionExec=1326279;OrderedPartialAggregateStream=692478
event	177728	refusal	RepartitionExec[0]	1	53612	660668	32735306	155	4	30929976	666372	RepartitionExec[Merge]=30929976;RepartitionExec=1326279;OrderedPartialAggregateStream=479051
event	177734	refusal	RepartitionExec[0]	1	42872	660668	32735306	155	4	30929976	666372	RepartitionExec[Merge]=30929976;RepartitionExec=1326279;OrderedPartialAggregateStream=479051
event	177738	refusal	RepartitionExec[1]	1	8520	665611	32735306	155	4	30929976	666372	RepartitionExec[Merge]=30929976;RepartitionExec=1326279;OrderedPartialAggregateStream=479051
event	177745	refusal	RepartitionExec[1]	1	45524	665611	32735306	155	4	30929976	666372	RepartitionExec[Merge]=30929976;RepartitionExec=1326279;OrderedPartialAggregateStream=479051
event	177769	refusal	RepartitionExec[1]	1	8520	665611	33135640	155	4	30976500	666072	RepartitionExec[Merge]=30976500;RepartitionExec=1326279;OrderedPartialAggregateStream=832861
event	177797	refusal	RepartitionExec[0]	1	42113	660668	32958629	155	4	30976500	666072	RepartitionExec[Merge]=30976500;RepartitionExec=1326279;OrderedPartialAggregateStream=655850
event	177849	refusal	RepartitionExec[1]	1	46409	665611	33201546	155	4	30976500	666072	RepartitionExec[Merge]=30976500;RepartitionExec=1326279;OrderedPartialAggregateStream=898767
event	177886	refusal	RepartitionExec[0]	1	66377	660668	33303118	155	4	30976500	666072	RepartitionExec[Merge]=30976500;RepartitionExec=1326279;OrderedPartialAggregateStream=1000339
event	177895	refusal	RepartitionExec[1]	1	8584	665611	33303118	155	4	30976500	666072	RepartitionExec[Merge]=30976500;RepartitionExec=1326279;OrderedPartialAggregateStream=1000339
event	177906	refusal	RepartitionExec[1]	1	53612	665611	33380758	155	4	31054140	665571	RepartitionExec[Merge]=31054140;RepartitionExec=1326279;OrderedPartialAggregateStream=1000339
event	177943	refusal	RepartitionExec[1]	1	42872	665611	33187668	155	4	31054140	665571	RepartitionExec[Merge]=31054140;RepartitionExec=1326279;OrderedPartialAggregateStream=800005
event	177949	refusal	RepartitionExec[0]	1	52601	660668	33464659	155	4	31086872	665360	RepartitionExec[Merge]=31086872;RepartitionExec=1326279;OrderedPartialAggregateStream=1051508
event	177990	refusal	RepartitionExec[1]	1	42113	665611	33554235	155	4	31176448	664782	RepartitionExec[Merge]=31176448;RepartitionExec=1326279;OrderedPartialAggregateStream=1051508
event	178002	refusal	RepartitionExec[1]	1	8520	665611	33134887	155	4	31176448	664782	RepartitionExec[Merge]=31176448;RepartitionExec=1326279;OrderedPartialAggregateStream=632160
event	178020	refusal	RepartitionExec[0]	1	93674	660668	33360011	155	4	31176448	664782	RepartitionExec[Merge]=31176448;RepartitionExec=1326279;OrderedPartialAggregateStream=857284
event	178064	refusal	RepartitionExec[1]	1	8520	665611	33226276	155	4	31302184	663971	RepartitionExec[Merge]=31302184;RepartitionExec=1326279;OrderedPartialAggregateStream=597813
event	178075	refusal	RepartitionExec[0]	1	56267	660668	33226276	155	4	31302184	663971	RepartitionExec[Merge]=31302184;RepartitionExec=1326279;OrderedPartialAggregateStream=597813
event	178081	refusal	RepartitionExec[1]	1	52601	665611	33042775	155	4	31302184	663971	RepartitionExec[Merge]=31302184;RepartitionExec=1326279;OrderedPartialAggregateStream=414312
event	178093	refusal	RepartitionExec[0]	1	45020	660668	33073307	155	4	31332716	663774	RepartitionExec[Merge]=31332716;RepartitionExec=1326279;OrderedPartialAggregateStream=414312
event	178121	refusal	RepartitionExec[1]	1	93674	665611	33089092	155	4	31389756	663406	RepartitionExec[Merge]=31389756;RepartitionExec=1326279;OrderedPartialAggregateStream=373057
event	178131	refusal	RepartitionExec[0]	1	8520	660668	33125204	155	4	31425868	663173	RepartitionExec[Merge]=31425868;RepartitionExec=1326279;OrderedPartialAggregateStream=373057
event	178161	refusal	RepartitionExec[1]	1	66377	665611	34012038	155	4	31425868	663173	RepartitionExec[Merge]=31425868;RepartitionExec=1326279;OrderedPartialAggregateStream=1259891
event	178224	refusal	RepartitionExec[1]	1	56267	665611	33814550	155	4	31425868	663173	RepartitionExec[Merge]=31425868;RepartitionExec=1326279;OrderedPartialAggregateStream=1062403
event	178235	refusal	RepartitionExec[0]	1	51338	660668	33771839	155	4	31425868	663173	RepartitionExec[Merge]=31425868;RepartitionExec=1326279;OrderedPartialAggregateStream=1019692
event	178242	refusal	RepartitionExec[0]	1	8520	660668	34002480	155	4	31425868	663173	RepartitionExec[Merge]=31425868;RepartitionExec=1326279;OrderedPartialAggregateStream=1250333
event	178271	refusal	RepartitionExec[0]	1	55634	660668	33477706	155	4	31425868	663173	RepartitionExec[Merge]=31425868;RepartitionExec=1326279;OrderedPartialAggregateStream=725559
event	178278	refusal	RepartitionExec[1]	1	45020	665611	33477706	155	4	31425868	663173	RepartitionExec[Merge]=31425868;RepartitionExec=1326279;OrderedPartialAggregateStream=725559
event	178292	refusal	RepartitionExec[0]	1	66755	660668	33435123	155	4	31425868	663173	RepartitionExec[Merge]=31425868;RepartitionExec=1326279;OrderedPartialAggregateStream=682976
event	178295	refusal	RepartitionExec[1]	1	8520	665611	33435123	155	4	31425868	663173	RepartitionExec[Merge]=31425868;RepartitionExec=1326279;OrderedPartialAggregateStream=682976
event	178339	refusal	RepartitionExec[0]	1	47420	660668	33329553	155	4	31509012	662636	RepartitionExec[Merge]=31509012;RepartitionExec=1326279;OrderedPartialAggregateStream=494262
event	178358	refusal	RepartitionExec[0]	1	8520	660668	33557259	155	4	31509012	662636	RepartitionExec[Merge]=31509012;RepartitionExec=1326279;OrderedPartialAggregateStream=721968
event	178415	refusal	RepartitionExec[1]	1	15688	665611	33544800	155	4	31579152	662184	RepartitionExec[Merge]=31579152;RepartitionExec=1326279;OrderedPartialAggregateStream=639369
event	178445	refusal	RepartitionExec[1]	1	8520	665611	33552039	155	4	31617068	661939	RepartitionExec[Merge]=31617068;RepartitionExec=1326279;OrderedPartialAggregateStream=608692
event	178470	refusal	RepartitionExec[0]	1	60689	660668	33869775	155	4	31659852	661663	RepartitionExec[Merge]=31659852;RepartitionExec=1326279;OrderedPartialAggregateStream=608692
event	178476	refusal	RepartitionExec[1]	1	51338	665611	33869775	155	4	31659852	661663	RepartitionExec[Merge]=31659852;RepartitionExec=1326279;OrderedPartialAggregateStream=883644
event	178494	refusal	RepartitionExec[1]	1	55634	665611	33738003	155	4	31694864	661437	RepartitionExec[Merge]=31694864;RepartitionExec=1326279;OrderedPartialAggregateStream=840597
event	178501	refusal	RepartitionExec[0]	1	8520	660668	33721359	155	4	31741864	661134	RepartitionExec[Merge]=31741864;RepartitionExec=1326279;OrderedPartialAggregateStream=653216
event	178533	refusal	RepartitionExec[0]	1	46790	660668	33721359	155	4	31741864	661134	RepartitionExec[Merge]=31741864;RepartitionExec=1326279;OrderedPartialAggregateStream=653216
event	178552	refusal	RepartitionExec[1]	1	15688	665611	33642216	155	4	31741864	661134	RepartitionExec[Merge]=31741864;RepartitionExec=1326279;OrderedPartialAggregateStream=574073
event	178562	refusal	RepartitionExec[1]	1	66755	665611	33642216	155	4	31741864	661134	RepartitionExec[Merge]=31741864;RepartitionExec=1326279;OrderedPartialAggregateStream=574073
event	178593	refusal	RepartitionExec[1]	1	47420	665611	33418359	155	4	31741864	661134	RepartitionExec[Merge]=31741864;RepartitionExec=1326279;OrderedPartialAggregateStream=350216
event	178596	refusal	RepartitionExec[0]	1	63218	660668	33418359	155	4	31741864	661134	RepartitionExec[Merge]=31741864;RepartitionExec=1326279;OrderedPartialAggregateStream=350216
event	178639	refusal	RepartitionExec[1]	1	60689	665611	33664795	155	4	31741864	661134	RepartitionExec[Merge]=31741864;RepartitionExec=1326279;OrderedPartialAggregateStream=596652
event	178654	refusal	RepartitionExec[0]	1	8520	660668	33622372	155	4	31741864	661134	RepartitionExec[Merge]=31741864;RepartitionExec=1326279;OrderedPartialAggregateStream=554229
event	178708	refusal	RepartitionExec[0]	1	54119	660668	34039402	155	4	31741864	661134	RepartitionExec[Merge]=31741864;RepartitionExec=1326279;OrderedPartialAggregateStream=971259
event	178709	refusal	RepartitionExec[1]	1	46790	665611	34039402	155	4	31741864	661134	RepartitionExec[Merge]=31741864;RepartitionExec=1326279;OrderedPartialAggregateStream=971259
event	178719	refusal	RepartitionExec[0]	1	8520	660668	34039402	155	4	31741864	661134	RepartitionExec[Merge]=31741864;RepartitionExec=1326279;OrderedPartialAggregateStream=971259
event	178768	refusal	RepartitionExec[0]	1	59807	660668	34286925	155	4	31741864	661134	RepartitionExec[Merge]=31741864;RepartitionExec=1326279;OrderedPartialAggregateStream=1218782
event	178791	refusal	RepartitionExec[1]	1	15752	665611	33890229	155	4	31741864	661134	RepartitionExec[Merge]=31741864;RepartitionExec=1326279;OrderedPartialAggregateStream=822086
event	178795	refusal	RepartitionExec[0]	1	66629	660668	33848302	155	4	31741864	661134	RepartitionExec[Merge]=31741864;RepartitionExec=1326279;OrderedPartialAggregateStream=780159
event	178805	refusal	RepartitionExec[0]	1	8520	660668	33848302	155	4	31741864	661134	RepartitionExec[Merge]=31741864;RepartitionExec=1326279;OrderedPartialAggregateStream=780159
event	178808	refusal	RepartitionExec[1]	1	63218	665611	33848302	155	4	31741864	661134	RepartitionExec[Merge]=31741864;RepartitionExec=1326279;OrderedPartialAggregateStream=780159
event	178837	refusal	RepartitionExec[0]	1	8520	660668	33996029	155	4	31741864	661134	RepartitionExec[Merge]=31741864;RepartitionExec=1326279;OrderedPartialAggregateStream=1058610
event	178842	refusal	RepartitionExec[0]	1	45779	660668	33996029	155	4	31741864	661134	RepartitionExec[Merge]=31741864;RepartitionExec=1326279;OrderedPartialAggregateStream=1058610
event	178873	refusal	RepartitionExec[1]	1	54119	665611	33996029	155	4	31741864	661134	RepartitionExec[Merge]=31741864;RepartitionExec=1326279;OrderedPartialAggregateStream=1058610
event	178898	refusal	RepartitionExec[0]	1	8520	660668	33923694	155	4	31775384	660918	RepartitionExec[Merge]=31775384;RepartitionExec=1326279;OrderedPartialAggregateStream=822031
event	178902	refusal	RepartitionExec[0]	1	50075	660668	33923694	155	4	31775384	660918	RepartitionExec[Merge]=31775384;RepartitionExec=1326279;OrderedPartialAggregateStream=822031
event	178935	refusal	RepartitionExec[0]	1	61070	660668	33557263	155	4	31829808	660567	RepartitionExec[Merge]=31829808;RepartitionExec=1326279;OrderedPartialAggregateStream=401176
event	178943	refusal	RepartitionExec[0]	1	53234	660668	33540784	155	4	31855904	660398	RepartitionExec[Merge]=31855904;RepartitionExec=1326279;OrderedPartialAggregateStream=401176
event	178962	refusal	RepartitionExec[1]	1	8520	665611	33532264	155	4	31855904	660398	RepartitionExec[Merge]=31855904;RepartitionExec=1326279;OrderedPartialAggregateStream=350081
event	178990	refusal	RepartitionExec[1]	1	59807	665611	33620624	155	4	31944264	659828	RepartitionExec[Merge]=31944264;RepartitionExec=1326279;OrderedPartialAggregateStream=350081
event	179008	refusal	RepartitionExec[1]	1	66629	665611	33655292	155	4	31978932	659605	RepartitionExec[Merge]=31978932;RepartitionExec=1326279;OrderedPartialAggregateStream=350081
event	179085	refusal	RepartitionExec[1]	1	45779	665611	34101013	155	4	32182924	658289	RepartitionExec[Merge]=32182924;RepartitionExec=1326279;OrderedPartialAggregateStream=591810
event	179150	refusal	RepartitionExec[0]	1	8520	660668	34428147	155	4	32333928	657314	RepartitionExec[Merge]=32333928;RepartitionExec=1326279;OrderedPartialAggregateStream=767940
event	179169	refusal	RepartitionExec[1]	1	50075	665611	34285649	155	4	32390640	656948	RepartitionExec[Merge]=32390640;RepartitionExec=1326279;OrderedPartialAggregateStream=568730
event	179181	refusal	RepartitionExec[0]	1	52097	660668	34285649	155	4	32390640	656948	RepartitionExec[Merge]=32390640;RepartitionExec=1326279;OrderedPartialAggregateStream=568730
event	179215	refusal	RepartitionExec[1]	1	61070	665611	34850583	155	4	32491300	656299	RepartitionExec[Merge]=32491300;RepartitionExec=1326279;OrderedPartialAggregateStream=1033004
event	179227	refusal	RepartitionExec[0]	1	42365	660668	34860599	155	4	32491300	656299	RepartitionExec[Merge]=32491300;RepartitionExec=1326279;OrderedPartialAggregateStream=1033004
event	179232	refusal	RepartitionExec[1]	1	53234	665611	35145041	155	4	32536676	656006	RepartitionExec[Merge]=32536676;RepartitionExec=1326279;OrderedPartialAggregateStream=1282086
event	179279	refusal	RepartitionExec[0]	1	8520	660668	34994065	155	4	32623200	655448	RepartitionExec[Merge]=32623200;RepartitionExec=1326279;OrderedPartialAggregateStream=1044586
event	179293	refusal	RepartitionExec[0]	1	46535	660668	35029389	155	4	32658524	655220	RepartitionExec[Merge]=32658524;RepartitionExec=1326279;OrderedPartialAggregateStream=1044586
event	179330	refusal	RepartitionExec[0]	1	73706	660668	34580469	155	4	32748936	654637	RepartitionExec[Merge]=32748936;RepartitionExec=1326279;OrderedPartialAggregateStream=505254
event	179353	refusal	RepartitionExec[1]	1	42365	665611	34538750	155	4	32748936	654637	RepartitionExec[Merge]=32748936;RepartitionExec=1326279;OrderedPartialAggregateStream=463535
event	179360	refusal	RepartitionExec[0]	1	55256	660668	34538750	155	4	32748936	654637	RepartitionExec[Merge]=32748936;RepartitionExec=1326279;OrderedPartialAggregateStream=463535
event	179478	release_after_refusal	RepartitionExec[0]	1	54752	605916	35098790	155	4	32857532		RepartitionExec[Merge]=32857532;RepartitionExec=1271527;OrderedPartialAggregateStream=969731
event	179507	refusal	RepartitionExec[1]	1	8520	665611	34885473	155	4	32918596	653542	RepartitionExec[Merge]=32918596;RepartitionExec=1271527;OrderedPartialAggregateStream=695350
event	179525	refusal	RepartitionExec[0]	1	63092	614436	34772555	155	4	32918596	653542	RepartitionExec[Merge]=32918596;RepartitionExec=1280047;OrderedPartialAggregateStream=573912
event	179532	refusal	RepartitionExec[1]	1	15688	665611	34808191	155	4	32954232	653312	RepartitionExec[Merge]=32954232;RepartitionExec=1280047;OrderedPartialAggregateStream=573912
event	179557	refusal	RepartitionExec[1]	1	46535	665611	34618607	155	4	32954232	653312	RepartitionExec[Merge]=32954232;RepartitionExec=1280047;OrderedPartialAggregateStream=384328
event	179565	release_after_refusal	RepartitionExec[1]	1	76396	589215	34499548	155	4	32954232		RepartitionExec[Merge]=32954232;RepartitionExec=1203651;OrderedPartialAggregateStream=350185
event	179577	refusal	RepartitionExec[0]	1	47801	614436	34507584	155	4	32954232	653312	RepartitionExec[Merge]=32954232;RepartitionExec=1203651;OrderedPartialAggregateStream=350185
event	179653	refusal	RepartitionExec[1]	1	63092	589215	35204831	155	4	33113376	652286	RepartitionExec[Merge]=33113376;RepartitionExec=1212171;OrderedPartialAggregateStream=879284
event	179717	refusal	RepartitionExec[1]	1	47801	641312	35564529	155	4	33181876	651844	RepartitionExec[Merge]=33181876;RepartitionExec=1264268;OrderedPartialAggregateStream=1118385
event	179750	refusal	RepartitionExec[1]	1	55256	641312	35570710	155	4	33222056	651584	RepartitionExec[Merge]=33222056;RepartitionExec=1272788;OrderedPartialAggregateStream=1075866
event	179793	refusal	RepartitionExec[0]	1	50960	631476	35200229	155	4	33295428	651111	RepartitionExec[Merge]=33295428;RepartitionExec=1272788;OrderedPartialAggregateStream=632013
event	179801	refusal	RepartitionExec[1]	1	73706	641312	35208749	155	4	33295428	651111	RepartitionExec[Merge]=33295428;RepartitionExec=1281308;OrderedPartialAggregateStream=632013
event	179820	refusal	RepartitionExec[0]	1	120593	639996	35208749	155	4	33295428	651111	RepartitionExec[Merge]=33295428;RepartitionExec=1281308;OrderedPartialAggregateStream=632013
event	179854	refusal	RepartitionExec[0]	1	47927	639996	35023237	155	4	33333344	650866	RepartitionExec[Merge]=33333344;RepartitionExec=1289828;OrderedPartialAggregateStream=400065
event	179926	refusal	RepartitionExec[1]	1	8520	649832	35390780	155	4	33478724	649929	RepartitionExec[Merge]=33478724;RepartitionExec=1289828;OrderedPartialAggregateStream=622228
event	179934	refusal	RepartitionExec[1]	1	120593	649832	35390780	155	4	33478724	649929	RepartitionExec[Merge]=33478724;RepartitionExec=1289828;OrderedPartialAggregateStream=622228
event	179997	refusal	RepartitionExec[1]	1	50960	649832	35991240	155	4	33610016	649082	RepartitionExec[Merge]=33610016;RepartitionExec=1298348;OrderedPartialAggregateStream=1082876
event	180030	refusal	RepartitionExec[1]	1	8520	649832	35726078	155	4	33610016	649082	RepartitionExec[Merge]=33610016;RepartitionExec=1298348;OrderedPartialAggregateStream=817714
event	180033	refusal	RepartitionExec[0]	1	62459	648516	35726078	155	4	33610016	649082	RepartitionExec[Merge]=33610016;RepartitionExec=1298348;OrderedPartialAggregateStream=817714
event	180045	refusal	RepartitionExec[1]	1	47927	649832	35762190	155	4	33646128	648849	RepartitionExec[Merge]=33646128;RepartitionExec=1298348;OrderedPartialAggregateStream=817714
event	180087	refusal	RepartitionExec[0]	1	15688	648516	35953612	155	4	33646128	648849	RepartitionExec[Merge]=33646128;RepartitionExec=1298348;OrderedPartialAggregateStream=1009136
event	180099	refusal	RepartitionExec[0]	1	54497	648516	35953612	154	4	33646128	653062	RepartitionExec[Merge]=33646128;RepartitionExec=1298348;OrderedPartialAggregateStream=1009136
event	180154	refusal	RepartitionExec[1]	1	62459	649832	35938497	154	4	33731356	652508	RepartitionExec[Merge]=33731356;RepartitionExec=1298348;OrderedPartialAggregateStream=908793
event	180161	refusal	RepartitionExec[0]	1	15688	648516	35701390	154	4	33731356	652508	RepartitionExec[Merge]=33731356;RepartitionExec=1298348;OrderedPartialAggregateStream=671686
event	180171	refusal	RepartitionExec[1]	1	8520	649832	35761202	154	4	33791168	652120	RepartitionExec[Merge]=33791168;RepartitionExec=1298348;OrderedPartialAggregateStream=671686
event	180181	refusal	RepartitionExec[0]	1	50075	648516	35628600	154	4	33791168	652120	RepartitionExec[Merge]=33791168;RepartitionExec=1298348;OrderedPartialAggregateStream=671686
event	180229	refusal	RepartitionExec[1]	1	8520	649832	35864887	154	4	33825656	651896	RepartitionExec[Merge]=33825656;RepartitionExec=1298348;OrderedPartialAggregateStream=873485
event	180234	refusal	RepartitionExec[0]	1	8520	648516	35864887	154	4	33825656	651896	RepartitionExec[Merge]=33825656;RepartitionExec=1298348;OrderedPartialAggregateStream=873485
event	180279	refusal	RepartitionExec[0]	1	57530	648516	35627581	154	4	33863776	651649	RepartitionExec[Merge]=33863776;RepartitionExec=1298348;OrderedPartialAggregateStream=465457
event	180284	refusal	RepartitionExec[0]	1	50960	648516	35468358	154	4	33905712	651376	RepartitionExec[Merge]=33905712;RepartitionExec=1298348;OrderedPartialAggregateStream=264298
event	180312	refusal	RepartitionExec[1]	1	8520	649832	35638856	154	4	33905712	651376	RepartitionExec[Merge]=33905712;RepartitionExec=1298348;OrderedPartialAggregateStream=434796
event	180318	refusal	RepartitionExec[0]	1	52982	648516	35638856	154	4	33905712	651376	RepartitionExec[Merge]=33905712;RepartitionExec=1298348;OrderedPartialAggregateStream=434796
event	180356	refusal	RepartitionExec[1]	1	50075	649832	35883276	154	4	33905712	651376	RepartitionExec[Merge]=33905712;RepartitionExec=1298348;OrderedPartialAggregateStream=679216
event	180387	refusal	RepartitionExec[0]	1	43502	648516	35703210	154	4	33905712	651376	RepartitionExec[Merge]=33905712;RepartitionExec=1298348;OrderedPartialAggregateStream=499150
event	180405	refusal	RepartitionExec[1]	1	57530	649832	35703210	154	4	33905712	651376	RepartitionExec[Merge]=33905712;RepartitionExec=1298348;OrderedPartialAggregateStream=499150
event	180415	refusal	RepartitionExec[1]	1	50960	649832	35941384	154	4	33905712	651376	RepartitionExec[Merge]=33905712;RepartitionExec=1298348;OrderedPartialAggregateStream=737324
event	180444	refusal	RepartitionExec[0]	1	53234	648516	35739627	154	4	33905712	651376	RepartitionExec[Merge]=33905712;RepartitionExec=1298348;OrderedPartialAggregateStream=535567
event	180448	refusal	RepartitionExec[1]	1	52982	649832	35739627	154	4	33905712	651376	RepartitionExec[Merge]=33905712;RepartitionExec=1298348;OrderedPartialAggregateStream=535567
event	180492	refusal	RepartitionExec[0]	1	50579	648516	35543780	154	4	33905712	651376	RepartitionExec[Merge]=33905712;RepartitionExec=1298348;OrderedPartialAggregateStream=339720
event	180504	refusal	RepartitionExec[1]	1	8520	649832	35501517	154	4	33905712	651376	RepartitionExec[Merge]=33905712;RepartitionExec=1298348;OrderedPartialAggregateStream=297457
event	180508	refusal	RepartitionExec[1]	1	43502	649832	35501517	154	4	33905712	651376	RepartitionExec[Merge]=33905712;RepartitionExec=1298348;OrderedPartialAggregateStream=297457
event	180566	refusal	RepartitionExec[0]	1	8520	648516	35913499	154	4	33905712	651376	RepartitionExec[Merge]=33905712;RepartitionExec=1298348;OrderedPartialAggregateStream=709439
event	180585	refusal	RepartitionExec[1]	1	50579	649832	35871124	154	4	33905712	651376	RepartitionExec[Merge]=33905712;RepartitionExec=1298348;OrderedPartialAggregateStream=667064
event	180591	refusal	RepartitionExec[1]	1	8520	649832	35871124	154	4	33905712	651376	RepartitionExec[Merge]=33905712;RepartitionExec=1298348;OrderedPartialAggregateStream=667064
event	180662	refusal	RepartitionExec[1]	1	53234	649832	36149814	154	4	33905712	651376	RepartitionExec[Merge]=33905712;RepartitionExec=1298348;OrderedPartialAggregateStream=1067355
event	180666	refusal	RepartitionExec[1]	1	54497	649832	36149814	154	4	33905712	651376	RepartitionExec[Merge]=33905712;RepartitionExec=1298348;OrderedPartialAggregateStream=1067355
event	180670	refusal	RepartitionExec[0]	1	8520	648516	36149814	154	4	33905712	651376	RepartitionExec[Merge]=33905712;RepartitionExec=1298348;OrderedPartialAggregateStream=1067355
event	180686	refusal	RepartitionExec[0]	1	45779	648516	36627717	154	4	33905712	651376	RepartitionExec[Merge]=33905712;OrderedPartialAggregateStream=1423657;RepartitionExec=1298348
event	180706	refusal	RepartitionExec[1]	1	8520	649832	36543959	154	4	33905712	651376	RepartitionExec[Merge]=33905712;OrderedPartialAggregateStream=1339899;RepartitionExec=1298348
event	180710	refusal	RepartitionExec[1]	1	8520	649832	36543959	154	4	33905712	651376	RepartitionExec[Merge]=33905712;OrderedPartialAggregateStream=1339899;RepartitionExec=1298348
event	180791	refusal	RepartitionExec[0]	1	8520	648516	35953507	154	4	33905712	651376	RepartitionExec[Merge]=33905712;RepartitionExec=1298348;OrderedPartialAggregateStream=749447
event	180796	refusal	RepartitionExec[0]	1	46409	648516	35919204	154	4	33905712	651376	RepartitionExec[Merge]=33905712;RepartitionExec=1298348;OrderedPartialAggregateStream=715144
event	180805	refusal	RepartitionExec[1]	1	8520	649832	35910684	154	4	33905712	651376	RepartitionExec[Merge]=33905712;RepartitionExec=1298348;OrderedPartialAggregateStream=706624
event	180819	refusal	RepartitionExec[0]	1	86345	648516	35469800	154	4	33905712	651376	RepartitionExec[Merge]=33905712;RepartitionExec=1298348;OrderedPartialAggregateStream=265740
event	180830	refusal	RepartitionExec[0]	1	122234	648516	35469800	154	4	33905712	651376	RepartitionExec[Merge]=33905712;RepartitionExec=1298348;OrderedPartialAggregateStream=265740
event	180913	refusal	RepartitionExec[1]	1	46409	649832	36260177	154	4	33905712	651376	RepartitionExec[Merge]=33905712;RepartitionExec=1298348;OrderedPartialAggregateStream=1056117
event	180928	refusal	RepartitionExec[0]	1	46916	648516	36260177	154	4	33905712	651376	RepartitionExec[Merge]=33905712;RepartitionExec=1298348;OrderedPartialAggregateStream=1056117
event	180948	refusal	RepartitionExec[1]	1	122234	649832	36077609	154	4	33905712	651376	RepartitionExec[Merge]=33905712;RepartitionExec=1298348;OrderedPartialAggregateStream=873549
event	180967	refusal	RepartitionExec[0]	1	44642	648516	36077609	154	4	33905712	651376	RepartitionExec[Merge]=33905712;RepartitionExec=1298348;OrderedPartialAggregateStream=873549
event	180989	refusal	RepartitionExec[1]	1	86345	649832	36354064	154	4	33905712	651376	RepartitionExec[Merge]=33905712;RepartitionExec=1298348;OrderedPartialAggregateStream=1150004
event	181032	refusal	RepartitionExec[1]	1	46916	649832	36795978	154	4	33905712	651376	RepartitionExec[Merge]=33905712;OrderedPartialAggregateStream=1591918;RepartitionExec=1298348
event	181045	refusal	RepartitionExec[1]	1	8520	649832	36458157	154	4	33905712	651376	RepartitionExec[Merge]=33905712;OrderedPartialAggregateStream=1550119;RepartitionExec=1298348
event	181076	refusal	RepartitionExec[1]	1	44642	649832	36104151	154	4	33905712	651376	RepartitionExec[Merge]=33905712;RepartitionExec=1298348;OrderedPartialAggregateStream=900091
event	181078	refusal	RepartitionExec[0]	1	63851	648516	36104151	154	4	33905712	651376	RepartitionExec[Merge]=33905712;RepartitionExec=1298348;OrderedPartialAggregateStream=900091
event	181093	refusal	RepartitionExec[0]	1	114905	648516	36195339	154	4	33905712	651376	RepartitionExec[Merge]=33905712;RepartitionExec=1298348;OrderedPartialAggregateStream=991279
event	181112	refusal	RepartitionExec[0]	1	40598	648516	36009880	154	4	33905712	651376	RepartitionExec[Merge]=33905712;RepartitionExec=1298348;OrderedPartialAggregateStream=805820
event	181124	refusal	RepartitionExec[0]	1	45905	648516	36009880	154	4	33905712	651376	RepartitionExec[Merge]=33905712;RepartitionExec=1298348;OrderedPartialAggregateStream=805820
event	181157	refusal	RepartitionExec[0]	1	8520	648516	35819422	154	4	33905712	651376	RepartitionExec[Merge]=33905712;RepartitionExec=1298348;OrderedPartialAggregateStream=615362
event	181165	refusal	RepartitionExec[0]	1	15688	648516	35819422	154	4	33905712	651376	RepartitionExec[Merge]=33905712;RepartitionExec=1298348;OrderedPartialAggregateStream=615362
event	181166	refusal	RepartitionExec[1]	1	15688	649832	35819422	154	4	33905712	651376	RepartitionExec[Merge]=33905712;RepartitionExec=1298348;OrderedPartialAggregateStream=615362
event	181172	refusal	RepartitionExec[0]	1	58922	648516	35819422	154	4	33905712	651376	RepartitionExec[Merge]=33905712;RepartitionExec=1298348;OrderedPartialAggregateStream=615362
event	181212	refusal	RepartitionExec[1]	1	8520	649832	35572781	154	4	33905712	651376	RepartitionExec[Merge]=33905712;RepartitionExec=1298348;OrderedPartialAggregateStream=368721
event	181224	refusal	RepartitionExec[0]	1	54752	648516	35572781	154	4	33905712	651376	RepartitionExec[Merge]=33905712;RepartitionExec=1298348;OrderedPartialAggregateStream=368721
event	181238	refusal	RepartitionExec[1]	1	63851	649832	35572781	154	4	33905712	651376	RepartitionExec[Merge]=33905712;RepartitionExec=1298348;OrderedPartialAggregateStream=368721
event	181267	refusal	RepartitionExec[1]	1	58922	649832	35572781	153	4	33905712	655634	RepartitionExec[Merge]=33905712;RepartitionExec=1298348;OrderedPartialAggregateStream=368721
event	181276	refusal	RepartitionExec[1]	1	114905	649832	35572781	153	4	33905712	655634	RepartitionExec[Merge]=33905712;RepartitionExec=1298348;OrderedPartialAggregateStream=368721
event	181321	refusal	RepartitionExec[1]	1	45779	649832	35572781	149	4	33905712	673235	RepartitionExec[Merge]=33905712;RepartitionExec=1298348;OrderedPartialAggregateStream=368721
event	181328	refusal	RepartitionExec[1]	1	45905	649832	35572781	148	4	33905712	677783	RepartitionExec[Merge]=33905712;RepartitionExec=1298348;OrderedPartialAggregateStream=368721
event	181366	refusal	RepartitionExec[1]	1	40598	649832	35796690	146	4	33905712	687068	RepartitionExec[Merge]=33905712;RepartitionExec=1298348;OrderedPartialAggregateStream=592630
event	181397	refusal	RepartitionExec[1]	1	54752	649832	35796690	146	4	33905712	687068	RepartitionExec[Merge]=33905712;RepartitionExec=1298348;OrderedPartialAggregateStream=592630
event	181446	refusal	RepartitionExec[0]	1	44513	657036	35529654	146	4	33905712	687068	RepartitionExec[Merge]=33905712;RepartitionExec=1315388;OrderedPartialAggregateStream=308554
event	181574	refusal	RepartitionExec[1]	1	44513	666872	35833790	146	4	33905712	687068	RepartitionExec[Merge]=33905712;RepartitionExec=1348116;OrderedPartialAggregateStream=579962
event	181588	refusal	RepartitionExec[0]	1	8520	681244	35792071	146	4	33905712	687068	RepartitionExec[Merge]=33905712;RepartitionExec=1348116;OrderedPartialAggregateStream=538243
event	181686	refusal	RepartitionExec[0]	1	91778	681244	35882765	146	4	33976164	686586	RepartitionExec[Merge]=33976164;RepartitionExec=1356636;OrderedPartialAggregateStream=549965
event	181811	refusal	RepartitionExec[0]	1	79142	681244	36667525	146	4	33976164	686586	RepartitionExec[Merge]=33976164;RepartitionExec=1356636;OrderedPartialAggregateStream=1334725
event	181840	refusal	RepartitionExec[0]	1	68273	681244	36818044	146	4	33976164	686586	RepartitionExec[Merge]=33976164;OrderedPartialAggregateStream=1485244;RepartitionExec=1356636
event	181899	refusal	RepartitionExec[0]	1	52223	681244	36976414	146	4	34110080	685668	RepartitionExec[Merge]=34110080;OrderedPartialAggregateStream=1509698;RepartitionExec=1356636
event	181918	release_after_refusal	RepartitionExec[0]	1	84953	596291	36928729	146	4	34147348		RepartitionExec[Merge]=34147348;OrderedPartialAggregateStream=1509698;RepartitionExec=1271683
event	181955	refusal	RepartitionExec[0]	1	105302	596291	37161570	146	4	34279041	684511	RepartitionExec[Merge]=34279041;OrderedPartialAggregateStream=1610846;RepartitionExec=1271683
event	181985	refusal	RepartitionExec[1]	1	44513	675392	36705861	146	4	34349641	684027	RepartitionExec[Merge]=34349641;RepartitionExec=1316196;OrderedPartialAggregateStream=1040024
event	182003	refusal	RepartitionExec[0]	1	98603	640804	36596625	146	4	34425837	683506	RepartitionExec[Merge]=34425837;RepartitionExec=1316196;OrderedPartialAggregateStream=854592
event	182005	refusal	RepartitionExec[0]	1	45905	640804	36596625	146	4	34425837	683506	RepartitionExec[Merge]=34425837;RepartitionExec=1316196;OrderedPartialAggregateStream=854592
event	182051	refusal	RepartitionExec[0]	1	64229	640804	36534439	146	4	34589837	682382	RepartitionExec[Merge]=34589837;RepartitionExec=1316196;OrderedPartialAggregateStream=628406
event	182137	refusal	RepartitionExec[0]	1	46535	640804	37792854	146	4	34751669	681274	RepartitionExec[Merge]=34751669;OrderedPartialAggregateStream=1724989;RepartitionExec=1316196
event	182218	refusal	RepartitionExec[0]	1	63722	640804	37539030	146	4	34830257	680736	RepartitionExec[Merge]=34830257;OrderedPartialAggregateStream=1318337;RepartitionExec=1316196
event	182224	refusal	RepartitionExec[0]	1	44261	640804	37539030	146	4	34904497	680227	RepartitionExec[Merge]=34904497;OrderedPartialAggregateStream=1318337;RepartitionExec=1316196
event	182297	refusal	RepartitionExec[0]	1	128174	640804	37225131	146	4	35044725	679267	RepartitionExec[Merge]=35044725;RepartitionExec=1316196;OrderedPartialAggregateStream=864210
event	182418	release_after_refusal	RepartitionExec[1]	1	50075	625317	37210692	146	4	35080361		RepartitionExec[Merge]=35080361;RepartitionExec=1266121;OrderedPartialAggregateStream=864210
event	183651	release_after_refusal	RepartitionExec[0]	1	43631	597173	37223016	146	4	35136316		RepartitionExec[Merge]=35136316;RepartitionExec=1222490;OrderedPartialAggregateStream=864210
event	202705	refusal	RepartitionExec[1]	1	68273	1214914	53911718	68	4	50710186	1228052	RepartitionExec[Merge]=50710186;RepartitionExec=2149190;OrderedPartialAggregateStream=1052342
event	202873	refusal	RepartitionExec[1]	1	120719	1214914	53815216	68	4	50710186	1228052	RepartitionExec[Merge]=50710186;RepartitionExec=2269909;OrderedPartialAggregateStream=835121
event	202992	refusal	RepartitionExec[1]	1	42998	1214914	53850216	68	4	50750306	1227462	RepartitionExec[Merge]=50750306;RepartitionExec=2312907;OrderedPartialAggregateStream=921411
event	203082	refusal	RepartitionExec[1]	1	51845	1214914	55280473	68	4	50996593	1223840	RepartitionExec[Merge]=50996593;RepartitionExec=2197369;OrderedPartialAggregateStream=1837916
event	203129	refusal	RepartitionExec[1]	1	59048	1214914	55165234	68	4	51036953	1223246	RepartitionExec[Merge]=51036953;RepartitionExec=2256417;OrderedPartialAggregateStream=1864728
event	203215	refusal	RepartitionExec[1]	1	44261	1214914	55196146	68	4	51067865	1222792	RepartitionExec[Merge]=51067865;RepartitionExec=2256417;OrderedPartialAggregateStream=1864728
event	203239	refusal	RepartitionExec[1]	1	63722	1214914	55196146	68	4	51067865	1222792	RepartitionExec[Merge]=51067865;RepartitionExec=2256417;OrderedPartialAggregateStream=1864728
event	203405	refusal	RepartitionExec[1]	1	51971	1214914	55485882	68	4	51067865	1222792	RepartitionExec[Merge]=51067865;RepartitionExec=2308388;OrderedPartialAggregateStream=1665772
event	203489	refusal	RepartitionExec[1]	1	128174	1214914	55406499	68	4	51067865	1222792	RepartitionExec[Merge]=51067865;RepartitionExec=2308388;OrderedPartialAggregateStream=2023110
event	203640	refusal	RepartitionExec[0]	1	130196	1133370	54551898	67	4	51135833	1240028	RepartitionExec[Merge]=51135833;RepartitionExec=2348284;OrderedPartialAggregateStream=1067781
event	203675	refusal	RepartitionExec[1]	1	83564	1214914	54601363	67	4	51135833	1240028	RepartitionExec[Merge]=51135833;RepartitionExec=2431848;OrderedPartialAggregateStream=1016622
event	203861	refusal	RepartitionExec[0]	1	128048	1233974	54388147	67	4	51174389	1239452	RepartitionExec[Merge]=51174389;RepartitionExec=2457408;OrderedPartialAggregateStream=749214
event	203895	refusal	RepartitionExec[1]	1	130196	1223434	54415459	67	4	51208837	1238938	RepartitionExec[Merge]=51208837;RepartitionExec=2457408;OrderedPartialAggregateStream=749214
event	204072	refusal	RepartitionExec[0]	1	15602	1233974	54675274	67	4	51365109	1236606	RepartitionExec[Merge]=51365109;RepartitionExec=2465928;OrderedPartialAggregateStream=844237
event	204170	refusal	RepartitionExec[0]	1	61196	1233974	54634161	67	4	51501873	1234565	RepartitionExec[Merge]=51501873;RepartitionExec=2465928;OrderedPartialAggregateStream=666360
event	204211	refusal	RepartitionExec[0]	1	44135	1233974	54464844	67	4	51501873	1234565	RepartitionExec[Merge]=51501873;RepartitionExec=2386786;OrderedPartialAggregateStream=564801
event	204228	refusal	RepartitionExec[0]	1	15688	1233974	54542946	67	4	51591359	1233229	RepartitionExec[Merge]=51591359;RepartitionExec=2386786;OrderedPartialAggregateStream=564801
event	204244	release_after_refusal	RepartitionExec[0]	1	42998	1190976	54531412	67	4	51622823		RepartitionExec[Merge]=51622823;RepartitionExec=2343788;OrderedPartialAggregateStream=564801
event	204324	refusal	RepartitionExec[0]	1	46031	1190976	54755540	67	4	51707649	1231493	RepartitionExec[Merge]=51707649;RepartitionExec=2404984;OrderedPartialAggregateStream=642907
event	204358	refusal	RepartitionExec[1]	1	44135	1214008	54755540	67	4	51707649	1231493	RepartitionExec[Merge]=51707649;RepartitionExec=2404984;OrderedPartialAggregateStream=642907
event	204500	refusal	RepartitionExec[0]	1	58415	1190976	55484882	67	4	51707649	1231493	RepartitionExec[Merge]=51707649;RepartitionExec=2404984;OrderedPartialAggregateStream=1150176
event	204515	refusal	RepartitionExec[1]	1	46031	1214008	55484882	67	4	51707649	1231493	RepartitionExec[Merge]=51707649;RepartitionExec=2404984;OrderedPartialAggregateStream=1372249
event	204591	refusal	RepartitionExec[1]	1	128048	1214008	55375212	67	4	51707649	1231493	RepartitionExec[Merge]=51707649;RepartitionExec=2413504;OrderedPartialAggregateStream=1414927
event	204604	refusal	RepartitionExec[0]	1	42491	1199496	55342550	67	4	51740577	1231002	RepartitionExec[Merge]=51740577;RepartitionExec=2413504;OrderedPartialAggregateStream=1188469
event	204651	refusal	RepartitionExec[1]	1	58415	1214008	55187196	67	4	51765833	1230625	RepartitionExec[Merge]=51765833;RepartitionExec=2413504;OrderedPartialAggregateStream=1071167
event	204679	refusal	RepartitionExec[0]	1	64355	1199496	55082442	67	4	51807769	1229999	RepartitionExec[Merge]=51807769;RepartitionExec=2413504;OrderedPartialAggregateStream=1007859
event	204730	refusal	RepartitionExec[0]	1	43757	1208016	55338078	67	4	51807769	1229999	RepartitionExec[Merge]=51807769;RepartitionExec=2422024;OrderedPartialAggregateStream=1373390
event	204828	refusal	RepartitionExec[0]	1	44261	1208016	55376518	67	4	51909573	1228479	RepartitionExec[Merge]=51909573;RepartitionExec=2422024;OrderedPartialAggregateStream=1191611
event	204863	refusal	RepartitionExec[1]	1	42491	1222528	55006668	67	4	51909573	1228479	RepartitionExec[Merge]=51909573;RepartitionExec=2430544;OrderedPartialAggregateStream=813241
event	204949	refusal	RepartitionExec[0]	1	71180	1208016	55191924	67	4	51909573	1228479	RepartitionExec[Merge]=51909573;RepartitionExec=2430544;OrderedPartialAggregateStream=998497
event	204998	refusal	RepartitionExec[1]	1	8520	1222528	55381498	67	4	51909573	1228479	RepartitionExec[Merge]=51909573;RepartitionExec=2439064;OrderedPartialAggregateStream=1179551
event	205053	refusal	RepartitionExec[0]	1	46157	1216536	54992932	67	4	51909573	1228479	RepartitionExec[Merge]=51909573;RepartitionExec=2439064;OrderedPartialAggregateStream=790985
event	205078	refusal	RepartitionExec[0]	1	15688	1216536	54992932	67	4	51909573	1228479	RepartitionExec[Merge]=51909573;RepartitionExec=2439064;OrderedPartialAggregateStream=790985
event	205098	refusal	RepartitionExec[1]	1	64355	1222528	54802274	67	4	51909573	1228479	RepartitionExec[Merge]=51909573;RepartitionExec=2439064;OrderedPartialAggregateStream=644295
event	205117	refusal	RepartitionExec[1]	1	15688	1222528	54738518	67	4	51909573	1228479	RepartitionExec[Merge]=51909573;RepartitionExec=2439064;OrderedPartialAggregateStream=389881
event	205140	refusal	RepartitionExec[0]	1	47801	1216536	54767034	67	4	51938089	1228054	RepartitionExec[Merge]=51938089;RepartitionExec=2439064;OrderedPartialAggregateStream=389881
event	205151	refusal	RepartitionExec[1]	1	43757	1222528	54767034	67	4	51938089	1228054	RepartitionExec[Merge]=51938089;RepartitionExec=2439064;OrderedPartialAggregateStream=389881
event	205161	refusal	RepartitionExec[0]	1	57656	1225144	54733874	67	4	51938089	1228054	RepartitionExec[Merge]=51938089;RepartitionExec=2447672;OrderedPartialAggregateStream=348113
event	205179	release_after_refusal	RepartitionExec[0]	1	47801	1177343	54722437	67	4	51974453		RepartitionExec[Merge]=51974453;RepartitionExec=2399871;OrderedPartialAggregateStream=348113
event	205214	refusal	RepartitionExec[1]	1	46157	1222528	55044703	67	4	52060930	1226220	RepartitionExec[Merge]=52060930;RepartitionExec=2399871;OrderedPartialAggregateStream=583902
event	205271	refusal	RepartitionExec[1]	1	71180	1222528	55112471	67	4	52128698	1225209	RepartitionExec[Merge]=52128698;RepartitionExec=2399871;OrderedPartialAggregateStream=583902
event	205307	refusal	RepartitionExec[0]	1	49568	1177343	54950761	67	4	52160578	1224733	RepartitionExec[Merge]=52160578;RepartitionExec=2399871;OrderedPartialAggregateStream=390312
event	205332	refusal	RepartitionExec[1]	1	47801	1222528	54950761	67	4	52160578	1224733	RepartitionExec[Merge]=52160578;RepartitionExec=2399871;OrderedPartialAggregateStream=390312
event	205397	release_after_refusal	RepartitionExec[1]	1	53612	1168916	54907215	67	4	52246610		RepartitionExec[Merge]=52246610;RepartitionExec=2363299;OrderedPartialAggregateStream=297306
event	205505	refusal	RepartitionExec[1]	1	15688	1218484	55188764	67	4	52346278	1221961	RepartitionExec[Merge]=52346278;RepartitionExec=2412867;OrderedPartialAggregateStream=403459
event	205520	release_after_refusal	RepartitionExec[1]	1	46535	1171949	55142229	67	4	52372438		RepartitionExec[Merge]=52372438;RepartitionExec=2366332;OrderedPartialAggregateStream=403459
event	205525	refusal	RepartitionExec[1]	1	8520	1171949	55142229	67	4	52372438	1221571	RepartitionExec[Merge]=52372438;RepartitionExec=2366332;OrderedPartialAggregateStream=403459
event	206165	refusal	RepartitionExec[0]	1	45398	1299765	55937027	61	4	52729758	1335868	RepartitionExec[Merge]=52729758;RepartitionExec=2537815;OrderedPartialAggregateStream=669454
event	206360	refusal	RepartitionExec[0]	1	107954	1308285	56103824	61	4	52850358	1333891	RepartitionExec[Merge]=52850358;RepartitionExec=2600253;OrderedPartialAggregateStream=653213
event	206428	refusal	RepartitionExec[0]	1	46790	1308285	55980973	61	4	52914870	1332833	RepartitionExec[Merge]=52914870;RepartitionExec=2600253;OrderedPartialAggregateStream=465850
event	206478	refusal	RepartitionExec[0]	1	54623	1308285	55815898	61	4	52947570	1332297	RepartitionExec[Merge]=52947570;RepartitionExec=2600253;OrderedPartialAggregateStream=261011
event	206542	refusal	RepartitionExec[1]	1	107954	1246063	56371052	61	4	53067087	1330338	RepartitionExec[Merge]=53067087;RepartitionExec=2554348;OrderedPartialAggregateStream=749617
event	206611	refusal	RepartitionExec[1]	1	54623	1292853	57133227	61	4	53093339	1329908	RepartitionExec[Merge]=53093339;RepartitionExec=2601138;OrderedPartialAggregateStream=1438750
event	206691	refusal	RepartitionExec[0]	1	51338	1308285	57308074	61	4	53093339	1329908	RepartitionExec[Merge]=53093339;RepartitionExec=2609658;OrderedPartialAggregateStream=1605077
event	206737	refusal	RepartitionExec[1]	1	44261	1301373	56906685	61	4	53093339	1329908	RepartitionExec[Merge]=53093339;RepartitionExec=2609658;OrderedPartialAggregateStream=1444630
event	206782	refusal	RepartitionExec[0]	1	105806	1323973	57495444	61	4	53093339	1329908	RepartitionExec[Merge]=53093339;RepartitionExec=2633866;OrderedPartialAggregateStream=2009181
event	206802	refusal	RepartitionExec[1]	1	51338	1309893	57163823	61	4	53093339	1329908	RepartitionExec[Merge]=53093339;RepartitionExec=2633866;OrderedPartialAggregateStream=1677560
event	206818	refusal	RepartitionExec[0]	1	53108	1323973	56773861	61	4	53093339	1329908	RepartitionExec[Merge]=53093339;RepartitionExec=2633866;OrderedPartialAggregateStream=1287598
event	206832	refusal	RepartitionExec[0]	1	49823	1323973	56773861	61	4	53093339	1329908	RepartitionExec[Merge]=53093339;RepartitionExec=2633866;OrderedPartialAggregateStream=1287598
event	206866	refusal	RepartitionExec[0]	1	70547	1323973	57113549	61	4	53093339	1329908	RepartitionExec[Merge]=53093339;RepartitionExec=2633866;OrderedPartialAggregateStream=1386344
event	206906	refusal	RepartitionExec[0]	1	88871	1323973	57113549	61	4	53093339	1329908	RepartitionExec[Merge]=53093339;RepartitionExec=2633866;OrderedPartialAggregateStream=1386344
event	206924	refusal	RepartitionExec[1]	1	57656	1309893	57555625	61	4	53093339	1329908	RepartitionExec[Merge]=53093339;RepartitionExec=2633866;OrderedPartialAggregateStream=1828420
event	206950	refusal	RepartitionExec[1]	1	49823	1309893	57794969	61	4	53093339	1329908	RepartitionExec[Merge]=53093339;RepartitionExec=2633866;OrderedPartialAggregateStream=2067764
event	206968	refusal	RepartitionExec[0]	1	8520	1323973	57753442	61	4	53093339	1329908	RepartitionExec[Merge]=53093339;RepartitionExec=2633866;OrderedPartialAggregateStream=2026237
event	206986	refusal	RepartitionExec[0]	1	8520	1323973	57711019	61	4	53093339	1329908	RepartitionExec[Merge]=53093339;RepartitionExec=2633866;OrderedPartialAggregateStream=1983814
event	207012	refusal	RepartitionExec[1]	1	70547	1309893	57081994	61	4	53093339	1329908	RepartitionExec[Merge]=53093339;RepartitionExec=2633866;OrderedPartialAggregateStream=1610806
event	207020	refusal	RepartitionExec[0]	1	91652	1323973	57081994	61	4	53093339	1329908	RepartitionExec[Merge]=53093339;RepartitionExec=2633866;OrderedPartialAggregateStream=1610806
event	207054	refusal	RepartitionExec[1]	1	53108	1309893	56758415	60	4	53093339	1352073	RepartitionExec[Merge]=53093339;RepartitionExec=2633866;OrderedPartialAggregateStream=1157836
event	207071	refusal	RepartitionExec[1]	1	105806	1309893	56765227	60	4	53093339	1352073	RepartitionExec[Merge]=53093339;RepartitionExec=2633866;OrderedPartialAggregateStream=1157836
event	207081	refusal	RepartitionExec[0]	1	51086	1323973	56796750	60	4	53093339	1352073	RepartitionExec[Merge]=53093339;RepartitionExec=2633866;OrderedPartialAggregateStream=1424292
event	207105	refusal	RepartitionExec[0]	1	95948	1323973	56732298	58	4	53161219	1397526	RepartitionExec[Merge]=53161219;RepartitionExec=2633866;OrderedPartialAggregateStream=937213
event	207113	refusal	RepartitionExec[1]	1	88871	1309893	56732298	57	4	53161219	1422044	RepartitionExec[Merge]=53161219;RepartitionExec=2633866;OrderedPartialAggregateStream=937213
event	207159	refusal	RepartitionExec[0]	1	15688	1409937	57204950	57	4	53268227	1420166	RepartitionExec[Merge]=53268227;RepartitionExec=2805794;OrderedPartialAggregateStream=1130929
event	207205	refusal	RepartitionExec[0]	1	59552	1409937	57026594	57	4	53330963	1419066	RepartitionExec[Merge]=53330963;RepartitionExec=2805794;OrderedPartialAggregateStream=872873
event	207222	refusal	RepartitionExec[1]	1	95948	1404377	57005939	57	4	53466206	1416693	RepartitionExec[Merge]=53466206;RepartitionExec=2717251;OrderedPartialAggregateStream=822482
event	207238	refusal	RepartitionExec[1]	1	15688	1404377	56929124	57	4	53526886	1415628	RepartitionExec[Merge]=53526886;RepartitionExec=2663891;OrderedPartialAggregateStream=738347
event	207328	refusal	RepartitionExec[1]	1	51086	1404377	56984409	57	4	53616298	1414060	RepartitionExec[Merge]=53616298;RepartitionExec=2672411;OrderedPartialAggregateStream=695700
event	207429	refusal	RepartitionExec[1]	1	63344	1404377	56823525	57	4	53616298	1414060	RepartitionExec[Merge]=53616298;RepartitionExec=2735755;OrderedPartialAggregateStream=471472
event	207720	refusal	RepartitionExec[1]	1	15688	1404377	56716084	57	4	53714702	1412333	RepartitionExec[Merge]=53714702;RepartitionExec=2692459;OrderedPartialAggregateStream=308923
event	208000	release_after_refusal	RepartitionExec[1]	1	61196	1343181	57077480	51	4	53907454		RepartitionExec[Merge]=53907454;RepartitionExec=2631263;OrderedPartialAggregateStream=538763
event	208366	refusal	RepartitionExec[1]	1	59552	1134728	58028359	40	4	54514785	1992573	RepartitionExec[Merge]=54514785;RepartitionExec=2430630;OrderedPartialAggregateStream=1082944
event	260621	refusal	OrderedFinalAggregateStream[1]	1	5313020	1049803	114322698	4	4	110438108	5944905	RepartitionExec[Merge]=103731602;SortPreservingMergeExec=6706506;OrderedFinalAggregateStream=2329435;RepartitionExec=1555155
event	261197	refusal	OrderedFinalAggregateStream[0]	1	5083233	1279632	114322698	4	4	110438108	5944905	RepartitionExec[Merge]=103731602;SortPreservingMergeExec=6706506;OrderedFinalAggregateStream=2329435;RepartitionExec=1555155
event	263398	release_after_refusal	OrderedFinalAggregateStream[1]	1	1048979	824	113273719	4	4	110438108		RepartitionExec[Merge]=103731602;SortPreservingMergeExec=6706506;RepartitionExec=1555155;OrderedFinalAggregateStream=1280456
event	263804	release_after_refusal	OrderedFinalAggregateStream[0]	1	1278808	824	111994911	4	4	110438108		RepartitionExec[Merge]=103731602;SortPreservingMergeExec=6706506;RepartitionExec=1555155;OrderedFinalAggregateStream=1648
event	274991	refusal	OrderedFinalAggregateStream[1]	1	4182377	4510165	121145547	4	4	110438108	5944905	RepartitionExec[Merge]=103731602;OrderedFinalAggregateStream=9152284;SortPreservingMergeExec=6706506;RepartitionExec=1555155
event	275707	refusal	OrderedFinalAggregateStream[0]	1	4050843	4642119	121145547	4	4	110438108	5944905	RepartitionExec[Merge]=103731602;OrderedFinalAggregateStream=9152284;SortPreservingMergeExec=6706506;RepartitionExec=1555155
event	279655	release_after_refusal	OrderedFinalAggregateStream[1]	1	4509341	824	116636206	4	4	110438108		RepartitionExec[Merge]=103731602;SortPreservingMergeExec=6706506;OrderedFinalAggregateStream=4642943;RepartitionExec=1555155
event	280407	release_after_refusal	OrderedFinalAggregateStream[0]	1	4641295	824	111994911	4	4	110438108		RepartitionExec[Merge]=103731602;SortPreservingMergeExec=6706506;RepartitionExec=1555155;OrderedFinalAggregateStream=1648
event	291562	refusal	OrderedFinalAggregateStream[1]	1	4050987	4641840	121276925	4	4	110438108	5944905	RepartitionExec[Merge]=103731602;OrderedFinalAggregateStream=9283662;SortPreservingMergeExec=6706506;RepartitionExec=1555155
event	292320	refusal	OrderedFinalAggregateStream[0]	1	4051173	4641822	121276925	4	4	110438108	5944905	RepartitionExec[Merge]=103731602;OrderedFinalAggregateStream=9283662;SortPreservingMergeExec=6706506;RepartitionExec=1555155
event	296265	release_after_refusal	OrderedFinalAggregateStream[1]	1	4641016	824	116635909	4	4	110438108		RepartitionExec[Merge]=103731602;SortPreservingMergeExec=6706506;OrderedFinalAggregateStream=4642646;RepartitionExec=1555155
event	296938	release_after_refusal	OrderedFinalAggregateStream[0]	1	4640998	824	111994911	4	4	110438108		RepartitionExec[Merge]=103731602;SortPreservingMergeExec=6706506;RepartitionExec=1555155;OrderedFinalAggregateStream=1648
event	308120	refusal	OrderedFinalAggregateStream[1]	1	4051101	4510654	121145595	4	4	110438108	5944905	RepartitionExec[Merge]=103731602;OrderedFinalAggregateStream=9152332;SortPreservingMergeExec=6706506;RepartitionExec=1555155
event	308737	refusal	OrderedFinalAggregateStream[0]	1	4051449	4641678	121145595	4	4	110438108	5944905	RepartitionExec[Merge]=103731602;OrderedFinalAggregateStream=9152332;SortPreservingMergeExec=6706506;RepartitionExec=1555155
event	312783	release_after_refusal	OrderedFinalAggregateStream[1]	1	4509830	824	116635765	4	4	110438108		RepartitionExec[Merge]=103731602;SortPreservingMergeExec=6706506;OrderedFinalAggregateStream=4642502;RepartitionExec=1555155
event	313362	release_after_refusal	OrderedFinalAggregateStream[0]	1	4640854	824	111994911	4	4	110438108		RepartitionExec[Merge]=103731602;SortPreservingMergeExec=6706506;RepartitionExec=1555155;OrderedFinalAggregateStream=1648
event	324711	refusal	OrderedFinalAggregateStream[1]	1	4182602	4510600	121146054	4	4	110438108	5944905	RepartitionExec[Merge]=103731602;OrderedFinalAggregateStream=9152791;SortPreservingMergeExec=6706506;RepartitionExec=1555155
event	325220	refusal	OrderedFinalAggregateStream[0]	1	4050921	4642191	121146054	4	4	110438108	5944905	RepartitionExec[Merge]=103731602;OrderedFinalAggregateStream=9152791;SortPreservingMergeExec=6706506;RepartitionExec=1555155
event	329280	release_after_refusal	OrderedFinalAggregateStream[1]	1	4509776	824	116636278	4	4	110438108		RepartitionExec[Merge]=103731602;SortPreservingMergeExec=6706506;OrderedFinalAggregateStream=4643015;RepartitionExec=1555155
event	329798	release_after_refusal	OrderedFinalAggregateStream[0]	1	4641367	824	111994911	4	4	110438108		RepartitionExec[Merge]=103731602;SortPreservingMergeExec=6706506;RepartitionExec=1555155;OrderedFinalAggregateStream=1648
event	341110	refusal	OrderedFinalAggregateStream[1]	1	4051359	4642056	121145604	4	4	110438108	5944905	RepartitionExec[Merge]=103731602;OrderedFinalAggregateStream=9152341;SortPreservingMergeExec=6706506;RepartitionExec=1555155
event	341644	refusal	OrderedFinalAggregateStream[0]	1	4182422	4510285	121145604	4	4	110438108	5944905	RepartitionExec[Merge]=103731602;OrderedFinalAggregateStream=9152341;SortPreservingMergeExec=6706506;RepartitionExec=1555155
event	345722	release_after_refusal	OrderedFinalAggregateStream[1]	1	4641232	824	116504372	4	4	110438108		RepartitionExec[Merge]=103731602;SortPreservingMergeExec=6706506;OrderedFinalAggregateStream=4511109;RepartitionExec=1555155
event	346278	release_after_refusal	OrderedFinalAggregateStream[0]	1	4509461	824	111994911	4	4	110438108		RepartitionExec[Merge]=103731602;SortPreservingMergeExec=6706506;RepartitionExec=1555155;OrderedFinalAggregateStream=1648
event	357742	refusal	OrderedFinalAggregateStream[1]	1	4051359	4642002	121277033	4	4	110438108	5944905	RepartitionExec[Merge]=103731602;OrderedFinalAggregateStream=9283770;SortPreservingMergeExec=6706506;RepartitionExec=1555155
event	358257	refusal	OrderedFinalAggregateStream[0]	1	4051458	4641768	121277033	4	4	110438108	5944905	RepartitionExec[Merge]=103731602;OrderedFinalAggregateStream=9283770;SortPreservingMergeExec=6706506;RepartitionExec=1555155
event	362258	release_after_refusal	OrderedFinalAggregateStream[1]	1	4641178	824	116635855	4	4	110438108		RepartitionExec[Merge]=103731602;SortPreservingMergeExec=6706506;OrderedFinalAggregateStream=4642592;RepartitionExec=1555155
event	362843	release_after_refusal	OrderedFinalAggregateStream[0]	1	4640944	824	111994911	4	4	110438108		RepartitionExec[Merge]=103731602;SortPreservingMergeExec=6706506;RepartitionExec=1555155;OrderedFinalAggregateStream=1648
event	374267	refusal	OrderedFinalAggregateStream[1]	1	4051395	4641498	121145334	4	4	110438108	5944905	RepartitionExec[Merge]=103731602;OrderedFinalAggregateStream=9152071;SortPreservingMergeExec=6706506;RepartitionExec=1555155
event	374791	refusal	OrderedFinalAggregateStream[0]	1	4050948	4510573	121145334	4	4	110438108	5944905	RepartitionExec[Merge]=103731602;OrderedFinalAggregateStream=9152071;SortPreservingMergeExec=6706506;RepartitionExec=1555155
event	378834	release_after_refusal	OrderedFinalAggregateStream[1]	1	4640674	824	116504660	4	4	110438108		RepartitionExec[Merge]=103731602;SortPreservingMergeExec=6706506;OrderedFinalAggregateStream=4511397;RepartitionExec=1555155
event	379318	release_after_refusal	OrderedFinalAggregateStream[0]	1	4509749	824	111994911	4	4	110438108		RepartitionExec[Merge]=103731602;SortPreservingMergeExec=6706506;RepartitionExec=1555155;OrderedFinalAggregateStream=1648
event	400893	refusal	OrderedFinalAggregateStream[1]	1	5312900	8692509	110777767	4	4	92016981	10550186	RepartitionExec[Merge]=85310475;OrderedFinalAggregateStream=17385996;SortPreservingMergeExec=6706506;RepartitionExec=1374790
event	403030	refusal	OrderedFinalAggregateStream[0]	1	5312588	8693487	110777767	4	4	92016981	10550186	RepartitionExec[Merge]=85310475;OrderedFinalAggregateStream=17385996;SortPreservingMergeExec=6706506;RepartitionExec=1374790
event	408173	release_after_refusal	OrderedFinalAggregateStream[1]	1	8691685	824	102086082	4	4	92016981		RepartitionExec[Merge]=85310475;OrderedFinalAggregateStream=8694311;SortPreservingMergeExec=6706506;RepartitionExec=1374790
event	410220	release_after_refusal	OrderedFinalAggregateStream[0]	1	8692663	824	92840859	4	4	91464421		RepartitionExec[Merge]=84757915;SortPreservingMergeExec=6706506;RepartitionExec=1374790;OrderedFinalAggregateStream=1648
event	438858	refusal	OrderedFinalAggregateStream[1]	1	2789782	14005940	101524195	4	4	72341972	15468939	RepartitionExec[Merge]=65635466;OrderedFinalAggregateStream=28011913;SortPreservingMergeExec=6706506;RepartitionExec=1170310
event	440472	refusal	OrderedFinalAggregateStream[0]	1	2789917	14005973	101524195	4	4	72341972	15468939	RepartitionExec[Merge]=65635466;OrderedFinalAggregateStream=28011913;SortPreservingMergeExec=6706506;RepartitionExec=1170310
event	449143	release_after_refusal	OrderedFinalAggregateStream[1]	1	14005116	824	87519079	4	4	72341972		RepartitionExec[Merge]=65635466;OrderedFinalAggregateStream=14006797;SortPreservingMergeExec=6706506;RepartitionExec=1170310
event	449904	release_after_refusal	OrderedFinalAggregateStream[0]	1	14005149	824	73385750	4	4	72213792		RepartitionExec[Merge]=65507286;SortPreservingMergeExec=6706506;RepartitionExec=1170310;OrderedFinalAggregateStream=1648
event	486292	refusal	OrderedFinalAggregateStream[1]	1	8294779	16795119	85666949	4	4	51280834	20734223	RepartitionExec[Merge]=44574328;OrderedFinalAggregateStream=33590685;SortPreservingMergeExec=6706506;RepartitionExec=795430
event	486636	refusal	OrderedFinalAggregateStream[0]	1	8294887	16795566	85666949	4	4	51280834	20734223	RepartitionExec[Merge]=44574328;OrderedFinalAggregateStream=33590685;SortPreservingMergeExec=6706506;RepartitionExec=795430
event	499084	release_after_refusal	OrderedFinalAggregateStream[0]	1	16794742	824	68872207	4	4	51280834		RepartitionExec[Merge]=44574328;OrderedFinalAggregateStream=16795943;SortPreservingMergeExec=6706506;RepartitionExec=795430
event	499806	release_after_refusal	OrderedFinalAggregateStream[1]	1	16794295	824	51982840	4	4	51202890		RepartitionExec[Merge]=44496384;SortPreservingMergeExec=6706506;RepartitionExec=778302;OrderedFinalAggregateStream=1648
event	564773	refusal	OrderedFinalAggregateStream[0]	1	8282112	57974784	96765675	2	2	6706506	63755611	OrderedFinalAggregateStream=90059169;SortPreservingMergeExec=6706506
event	564775	release_after_refusal	OrderedFinalAggregateStream[0]	1	28987392	28987392	67778283	2	2	6706506		OrderedFinalAggregateStream=61071777;SortPreservingMergeExec=6706506
event	573180	refusal	OrderedFinalAggregateStream[1]	1	8282112	57974784	93668682	2	2	6706506	63755611	OrderedFinalAggregateStream=86962176;SortPreservingMergeExec=6706506
event	573181	release_after_refusal	OrderedFinalAggregateStream[1]	1	28987392	28987392	64681290	2	2	6706506		OrderedFinalAggregateStream=57974784;SortPreservingMergeExec=6706506
