#pool	name	limit	peak_reserved	refusals	events_dropped
pool	fair	268435456	270920777	982	0
#class	class	consumers	can_spill	w_sum_of_peaks	w_largest_peak	w_class_peak	refusals	refused_bytes	w_refusals_then_release	w_consumers_ending_refused
class	DataFusion-Cli	1	0	6075	6075	6075	0	0	0	0
class	ExternalSorter	2	2	123654504	61827252	122825528	238	1241097588	238	0
class	ExternalSorterMerge	2	0	309964800	181846016	264503296	7	28930048	7	0
class	FinalHashAggregateStream	2	2	132513792	66256896	99385344	408	4071359436	408	0
class	PartialHashAggregateStream	2	2	65480195	32740363	65479700	329	4482839125	329	0
class	RepartitionExec	2	2	55279888	28102864	32829456	0	0	0	0
class	SortPreservingMergeExec	1	0	9588328	9588328	9588328	0	0	0	0
#event	micros	kind	consumer	can_spill	bytes	w_held	reserved	w_registered_spillable	w_registered_unspillable	w_unspillable_bytes	w_fair_quota	w_top_classes
event	32520	refusal	PartialHashAggregateStream[0]	1	8457515	29521228	62260230	8	4	0	33554432	PartialHashAggregateStream=62260230
event	35820	refusal	PartialHashAggregateStream[1]	1	14225281	32739002	62260230	8	4	0	33554432	PartialHashAggregateStream=62260230
event	41156	release_after_refusal	PartialHashAggregateStream[0]	1	15996436	13524792	46263794	8	4	0		PartialHashAggregateStream=46263794
event	45634	release_after_refusal	PartialHashAggregateStream[1]	1	16187394	16551608	32890989	8	4	0		PartialHashAggregateStream=30076400;FinalHashAggregateStream=2814589
event	75039	refusal	FinalHashAggregateStream[0]	1	14258168	31844951	76489862	8	4	0	33554432	FinalHashAggregateStream=65105146;PartialHashAggregateStream=8628316;RepartitionExec=2756400
event	90002	refusal	PartialHashAggregateStream[0]	1	14225623	32739713	100601939	8	4	0	33554432	FinalHashAggregateStream=65105146;PartialHashAggregateStream=32740393;RepartitionExec=2756400
event	96886	release_after_refusal	FinalHashAggregateStream[0]	1	31844271	680	68757668	8	4	0		FinalHashAggregateStream=33260875;PartialHashAggregateStream=32740393;RepartitionExec=2756400
event	98819	refusal	FinalHashAggregateStream[1]	1	1172514	33260195	66001268	8	4	0	33554432	FinalHashAggregateStream=33260875;PartialHashAggregateStream=32740393
event	99780	release_after_refusal	PartialHashAggregateStream[0]	1	16188105	16551608	49813163	8	4	0		FinalHashAggregateStream=33260875;PartialHashAggregateStream=16552288
event	119025	release_after_refusal	FinalHashAggregateStream[1]	1	33259515	680	46546156	8	4	0		RepartitionExec=16937072;FinalHashAggregateStream=15700994;PartialHashAggregateStream=13908090
event	130544	refusal	PartialHashAggregateStream[0]	1	8458254	29521733	63723738	8	4	0	33554432	PartialHashAggregateStream=29522413;FinalHashAggregateStream=29474509;RepartitionExec=4726816
event	138262	release_after_refusal	PartialHashAggregateStream[0]	1	15995661	13526072	54393809	8	4	0		FinalHashAggregateStream=40867057;PartialHashAggregateStream=13526752
event	155565	refusal	FinalHashAggregateStream[1]	1	8399045	29834629	94248393	8	4	0	33554432	FinalHashAggregateStream=60575423;PartialHashAggregateStream=31833850;RepartitionExec=1839120
event	157806	refusal	FinalHashAggregateStream[0]	1	9015765	30740794	100564695	8	4	0	33554432	FinalHashAggregateStream=60575423;PartialHashAggregateStream=38150152;RepartitionExec=1839120
event	162442	refusal	PartialHashAggregateStream[1]	1	14225715	32738561	109060341	8	4	0	33554432	FinalHashAggregateStream=60575423;PartialHashAggregateStream=46645798;RepartitionExec=1839120
event	173544	release_after_refusal	PartialHashAggregateStream[1]	1	16186953	16551608	108488683	8	4	0		FinalHashAggregateStream=60575423;PartialHashAggregateStream=46074140;RepartitionExec=1839120
event	177128	refusal	PartialHashAggregateStream[0]	1	14225027	32738136	116430207	8	4	0	33554432	FinalHashAggregateStream=60575423;PartialHashAggregateStream=49289744;RepartitionExec=6565040
event	178914	release_after_refusal	FinalHashAggregateStream[1]	1	29833949	680	86596258	8	4	0		PartialHashAggregateStream=49289744;FinalHashAggregateStream=30741474;RepartitionExec=6565040
event	182042	release_after_refusal	FinalHashAggregateStream[0]	1	30740114	680	64310040	8	4	0		PartialHashAggregateStream=49289744;RepartitionExec=12209360;FinalHashAggregateStream=2810936
event	187710	release_after_refusal	PartialHashAggregateStream[0]	1	16186528	16551608	50852192	8	4	0		PartialHashAggregateStream=33103216;FinalHashAggregateStream=12235728;RepartitionExec=5513248
event	208184	refusal	FinalHashAggregateStream[1]	1	1190532	33340335	96525801	8	4	0	33554432	FinalHashAggregateStream=61893262;PartialHashAggregateStream=25179019;RepartitionExec=9453520
event	224799	refusal	PartialHashAggregateStream[1]	1	14225850	32738838	127797636	8	4	0	33554432	FinalHashAggregateStream=66320850;PartialHashAggregateStream=52023266;RepartitionExec=9453520
event	227103	release_after_refusal	FinalHashAggregateStream[1]	1	33339655	680	100098624	8	4	0		PartialHashAggregateStream=57663909;FinalHashAggregateStream=32981195;RepartitionExec=9453520
event	233427	refusal	PartialHashAggregateStream[0]	1	8457806	29521044	102496093	8	4	0	33554432	PartialHashAggregateStream=62259882;FinalHashAggregateStream=38266019;RepartitionExec=1970192
event	235045	release_after_refusal	PartialHashAggregateStream[1]	1	16187230	16551608	91437613	8	4	0		PartialHashAggregateStream=46072652;FinalHashAggregateStream=43394769;RepartitionExec=1970192
event	241227	release_after_refusal	PartialHashAggregateStream[0]	1	15995612	13525432	93723907	8	4	0		FinalHashAggregateStream=48679987;PartialHashAggregateStream=30077040;RepartitionExec=14966880
event	245824	refusal	FinalHashAggregateStream[0]	1	14287887	32980515	102047485	8	4	0	33554432	FinalHashAggregateStream=57003565;PartialHashAggregateStream=30077040;RepartitionExec=14966880
event	260671	refusal	FinalHashAggregateStream[1]	1	14345559	31956303	111292386	8	4	0	33554432	FinalHashAggregateStream=64936818;RepartitionExec=32829456;PartialHashAggregateStream=13526112
event	270296	release_after_refusal	FinalHashAggregateStream[0]	1	32979835	680	78312551	8	4	0		RepartitionExec=32829456;FinalHashAggregateStream=31956983;PartialHashAggregateStream=13526112
event	281904	release_after_refusal	FinalHashAggregateStream[1]	1	31955623	680	49040553	8	4	0		RepartitionExec=21536704;FinalHashAggregateStream=13977737;PartialHashAggregateStream=13526112
event	301136	refusal	FinalHashAggregateStream[0]	1	6329641	31915378	103028469	8	4	0	33554432	PartialHashAggregateStream=54449210;FinalHashAggregateStream=44901467;RepartitionExec=3677792
event	306030	refusal	PartialHashAggregateStream[1]	1	14226120	32739117	110840687	8	4	0	33554432	PartialHashAggregateStream=62261428;FinalHashAggregateStream=44901467;RepartitionExec=3677792
event	311146	refusal	PartialHashAggregateStream[0]	1	14225598	32737677	114056053	8	4	0	33554432	PartialHashAggregateStream=65476794;FinalHashAggregateStream=44901467;RepartitionExec=3677792
event	316416	release_after_refusal	PartialHashAggregateStream[1]	1	16187509	16551608	97868544	8	4	0		PartialHashAggregateStream=49289285;FinalHashAggregateStream=44901467;RepartitionExec=3677792
event	320544	release_after_refusal	PartialHashAggregateStream[0]	1	16186069	16551608	86741512	8	4	0		FinalHashAggregateStream=47203880;PartialHashAggregateStream=33103216;RepartitionExec=6434416
event	321951	release_after_refusal	FinalHashAggregateStream[0]	1	31914698	680	61523822	8	4	0		PartialHashAggregateStream=33103216;FinalHashAggregateStream=15289182;RepartitionExec=13131424
event	339052	refusal	FinalHashAggregateStream[1]	1	13052477	32022107	82948654	8	4	0	33554432	FinalHashAggregateStream=52216142;PartialHashAggregateStream=16552288;RepartitionExec=14180224
event	354258	refusal	FinalHashAggregateStream[0]	1	13156726	33015019	90256614	8	4	0	33554432	FinalHashAggregateStream=65037126;PartialHashAggregateStream=16552288;RepartitionExec=8667200
event	359635	release_after_refusal	FinalHashAggregateStream[1]	1	32021427	680	58235187	8	4	0		FinalHashAggregateStream=33015699;PartialHashAggregateStream=16552288;RepartitionExec=8667200
event	375293	release_after_refusal	FinalHashAggregateStream[0]	1	33014339	680	33394667	8	4	0		PartialHashAggregateStream=13907969;FinalHashAggregateStream=12789690;RepartitionExec=6697008
event	390363	refusal	PartialHashAggregateStream[0]	1	14225740	32738568	63464857	8	4	0	33554432	PartialHashAggregateStream=41366422;FinalHashAggregateStream=22098435
event	399715	release_after_refusal	PartialHashAggregateStream[0]	1	16186960	16551608	63577079	8	4	0		PartialHashAggregateStream=41478644;FinalHashAggregateStream=22098435
event	408036	refusal	PartialHashAggregateStream[1]	1	14225454	32738912	92431348	8	4	0	33554432	PartialHashAggregateStream=49290520;FinalHashAggregateStream=40384204;RepartitionExec=2756624
event	417488	release_after_refusal	PartialHashAggregateStream[1]	1	16187304	16551608	70050777	8	4	0		FinalHashAggregateStream=48772009;PartialHashAggregateStream=16552288;RepartitionExec=4726480
event	422854	refusal	FinalHashAggregateStream[1]	1	14258960	32987291	83844490	8	4	0	33554432	FinalHashAggregateStream=57957373;PartialHashAggregateStream=21160637;RepartitionExec=4726480
event	441530	refusal	PartialHashAggregateStream[0]	1	14225596	32737997	118242985	8	4	0	33554432	FinalHashAggregateStream=64226900;PartialHashAggregateStream=49289605;RepartitionExec=4726480
event	447022	release_after_refusal	FinalHashAggregateStream[1]	1	32986611	680	85256374	8	4	0		PartialHashAggregateStream=49289605;FinalHashAggregateStream=31240289;RepartitionExec=4726480
event	451087	release_after_refusal	PartialHashAggregateStream[0]	1	16186389	16551608	75442637	8	4	0		FinalHashAggregateStream=34069549;PartialHashAggregateStream=33103216;RepartitionExec=8269872
event	453252	refusal	FinalHashAggregateStream[0]	1	3177446	31239609	81438653	8	4	0	33554432	FinalHashAggregateStream=38095373;PartialHashAggregateStream=33103216;RepartitionExec=10240064
event	472387	release_after_refusal	FinalHashAggregateStream[0]	1	31238929	680	88081446	8	4	0		PartialHashAggregateStream=33216093;FinalHashAggregateStream=31232169;RepartitionExec=23633184
event	475754	refusal	FinalHashAggregateStream[1]	1	1170939	33318990	82724534	8	4	0	33554432	FinalHashAggregateStream=36134818;PartialHashAggregateStream=24927284;RepartitionExec=21662432
event	484531	refusal	PartialHashAggregateStream[1]	1	14225778	32738417	106212627	8	4	0	33554432	PartialHashAggregateStream=46645269;FinalHashAggregateStream=45388366;RepartitionExec=14178992
event	493751	release_after_refusal	PartialHashAggregateStream[1]	1	16186809	16551608	109522492	8	4	0		FinalHashAggregateStream=55965835;PartialHashAggregateStream=46073777;RepartitionExec=7482880
event	494688	release_after_refusal	FinalHashAggregateStream[1]	1	33318310	680	83261686	8	4	0		PartialHashAggregateStream=46073777;FinalHashAggregateStream=24978213;RepartitionExec=12209696
event	495087	refusal	PartialHashAggregateStream[0]	1	8458497	29522169	83261686	8	4	0	33554432	PartialHashAggregateStream=46073777;FinalHashAggregateStream=24978213;RepartitionExec=12209696
event	501997	refusal	FinalHashAggregateStream[0]	1	1176693	33281967	98177120	8	4	0	33554432	PartialHashAggregateStream=46073777;FinalHashAggregateStream=37923791;RepartitionExec=14179552
event	503266	release_after_refusal	PartialHashAggregateStream[0]	1	15996097	13526072	91745882	8	4	0		FinalHashAggregateStream=41975402;PartialHashAggregateStream=30077680;RepartitionExec=19692800
event	520196	release_after_refusal	FinalHashAggregateStream[0]	1	33281287	680	62533292	8	4	0		RepartitionExec=29412688;FinalHashAggregateStream=28510616;PartialHashAggregateStream=4609988
event	529651	refusal	FinalHashAggregateStream[1]	1	14258510	32936417	98839452	8	4	0	33554432	FinalHashAggregateStream=43984455;PartialHashAggregateStream=38835429;RepartitionExec=16019568
event	540617	refusal	PartialHashAggregateStream[1]	1	14225515	32740309	122499987	8	4	0	33554432	PartialHashAggregateStream=62263680;FinalHashAggregateStream=54456803;RepartitionExec=5779504
event	546090	refusal	PartialHashAggregateStream[0]	1	14225697	32739137	130489056	8	4	0	33554432	PartialHashAggregateStream=65479446;FinalHashAggregateStream=63039418;RepartitionExec=1970192
event	550614	release_after_refusal	PartialHashAggregateStream[1]	1	16188701	16551608	113510096	8	4	0		FinalHashAggregateStream=64219351;PartialHashAggregateStream=49290745
event	550815	refusal	FinalHashAggregateStream[0]	1	3248687	31282934	113510096	8	4	0	33554432	FinalHashAggregateStream=64219351;PartialHashAggregateStream=49290745
event	553770	release_after_refusal	FinalHashAggregateStream[1]	1	32935737	680	88455127	8	4	0		PartialHashAggregateStream=49290745;FinalHashAggregateStream=31283614;RepartitionExec=7880768
event	556955	release_after_refusal	PartialHashAggregateStream[0]	1	16187529	16551608	72267598	8	4	0		PartialHashAggregateStream=33103216;FinalHashAggregateStream=31283614;RepartitionExec=7880768
event	569508	release_after_refusal	FinalHashAggregateStream[0]	1	31282254	680	68407463	8	4	0		PartialHashAggregateStream=33103216;RepartitionExec=18518160;FinalHashAggregateStream=16786087
event	586667	refusal	FinalHashAggregateStream[1]	1	14236841	31842704	78025823	8	4	0	33554432	FinalHashAggregateStream=48639181;RepartitionExec=16150416;PartialHashAggregateStream=13236226
event	604328	refusal	FinalHashAggregateStream[0]	1	14258771	31830050	133416948	8	4	0	33554432	FinalHashAggregateStream=63672754;PartialHashAggregateStream=62260978;RepartitionExec=7483216
event	606231	refusal	PartialHashAggregateStream[0]	1	14225697	32738316	136633101	8	4	0	33554432	PartialHashAggregateStream=65477131;FinalHashAggregateStream=63672754;RepartitionExec=7483216
event	609474	release_after_refusal	FinalHashAggregateStream[1]	1	31842024	680	104791077	8	4	0		PartialHashAggregateStream=65477131;FinalHashAggregateStream=31830730;RepartitionExec=7483216
event	609735	refusal	PartialHashAggregateStream[1]	1	14226021	32738815	102034565	8	4	0	33554432	PartialHashAggregateStream=65477131;FinalHashAggregateStream=31830730;RepartitionExec=4726704
event	617065	release_after_refusal	PartialHashAggregateStream[0]	1	16186708	16551608	88687975	8	4	0		PartialHashAggregateStream=49290423;FinalHashAggregateStream=34670848;RepartitionExec=4726704
event	619635	release_after_refusal	PartialHashAggregateStream[1]	1	16187207	16551608	78014016	8	4	0		FinalHashAggregateStream=34670848;PartialHashAggregateStream=33103216;RepartitionExec=10239952
event	627150	release_after_refusal	FinalHashAggregateStream[0]	1	31829370	680	65243950	8	4	0		PartialHashAggregateStream=33103216;RepartitionExec=16936960;FinalHashAggregateStream=15203774
event	647100	refusal	FinalHashAggregateStream[1]	1	9015459	33333916	99871982	8	4	0	33554432	FinalHashAggregateStream=58542195;PartialHashAggregateStream=25179147;RepartitionExec=16150640
event	657657	refusal	FinalHashAggregateStream[0]	1	8430630	29886464	116449829	8	4	0	33554432	FinalHashAggregateStream=63220380;PartialHashAggregateStream=43775817;RepartitionExec=9453632
event	664056	refusal	PartialHashAggregateStream[0]	1	14225895	32737814	121963434	8	4	0	33554432	FinalHashAggregateStream=63220380;PartialHashAggregateStream=49289422;RepartitionExec=9453632
event	668003	release_after_refusal	FinalHashAggregateStream[1]	1	33333236	680	88630198	8	4	0		PartialHashAggregateStream=49289422;FinalHashAggregateStream=29887144;RepartitionExec=9453632
event	674148	release_after_refusal	PartialHashAggregateStream[0]	1	16186206	16551608	60291487	8	4	0		FinalHashAggregateStream=37042191;PartialHashAggregateStream=16552288;RepartitionExec=6697008
event	676947	release_after_refusal	FinalHashAggregateStream[0]	1	29885784	680	37770595	8	4	0		PartialHashAggregateStream=21160556;RepartitionExec=9453632;FinalHashAggregateStream=7156407
event	697292	refusal	PartialHashAggregateStream[1]	1	14225931	32739171	94747391	8	4	0	33554432	FinalHashAggregateStream=51411031;PartialHashAggregateStream=41366168;RepartitionExec=1970192
event	706794	release_after_refusal	PartialHashAggregateStream[1]	1	16187563	16551608	103789339	8	4	0		FinalHashAggregateStream=60013405;PartialHashAggregateStream=43775934
event	711217	refusal	FinalHashAggregateStream[0]	1	3248651	31234576	110940199	8	4	0	33554432	FinalHashAggregateStream=62109534;PartialHashAggregateStream=46074041;RepartitionExec=2756624
event	715278	refusal	PartialHashAggregateStream[0]	1	14225769	32737610	114155376	8	4	0	33554432	FinalHashAggregateStream=62109534;PartialHashAggregateStream=49289218;RepartitionExec=2756624
event	724570	release_after_refusal	PartialHashAggregateStream[0]	1	16186002	16551608	97969374	8	4	0		FinalHashAggregateStream=62109534;PartialHashAggregateStream=33103216;RepartitionExec=2756624
event	729587	refusal	FinalHashAggregateStream[1]	1	13057013	32052701	103087501	8	4	0	33554432	FinalHashAggregateStream=63287277;PartialHashAggregateStream=33103216;RepartitionExec=6697008
event	731514	release_after_refusal	FinalHashAggregateStream[0]	1	31233896	680	71853605	8	4	0		PartialHashAggregateStream=33103216;FinalHashAggregateStream=32053381;RepartitionExec=6697008
event	751342	release_after_refusal	FinalHashAggregateStream[1]	1	32052021	680	65810865	8	4	0		PartialHashAggregateStream=30459063;RepartitionExec=19693472;FinalHashAggregateStream=15658330
event	764931	refusal	PartialHashAggregateStream[1]	1	14225967	32739292	86155125	8	4	0	33554432	PartialHashAggregateStream=49290900;FinalHashAggregateStream=32137633;RepartitionExec=4726592
event	774312	release_after_refusal	PartialHashAggregateStream[1]	1	16187684	16551608	80818816	8	4	0		FinalHashAggregateStream=47715600;PartialHashAggregateStream=33103216
event	786017	refusal	FinalHashAggregateStream[1]	1	1167420	33334699	100942458	8	4	0	33554432	FinalHashAggregateStream=65082618;PartialHashAggregateStream=33103216;RepartitionExec=2756624
event	788318	refusal	FinalHashAggregateStream[0]	1	14258645	31747919	100942458	8	4	0	33554432	FinalHashAggregateStream=65082618;PartialHashAggregateStream=33103216;RepartitionExec=2756624
event	805101	release_after_refusal	FinalHashAggregateStream[1]	1	33334019	680	67608439	8	4	0		PartialHashAggregateStream=33103216;FinalHashAggregateStream=31748599;RepartitionExec=2756624
event	809969	release_after_refusal	FinalHashAggregateStream[0]	1	31747239	680	28513457	8	4	0		PartialHashAggregateStream=21029105;RepartitionExec=7482992;FinalHashAggregateStream=1360
event	826367	refusal	PartialHashAggregateStream[0]	1	8458254	29522898	71940539	8	4	0	33554432	PartialHashAggregateStream=46074506;FinalHashAggregateStream=23895841;RepartitionExec=1970192
event	834321	release_after_refusal	PartialHashAggregateStream[0]	1	15996826	13526072	64218459	8	4	0		FinalHashAggregateStream=36784635;PartialHashAggregateStream=27433824
event	850826	refusal	PartialHashAggregateStream[1]	1	14225823	32738752	98171291	8	4	0	33554432	FinalHashAggregateStream=59914611;PartialHashAggregateStream=32739432;RepartitionExec=5517248
event	854681	refusal	FinalHashAggregateStream[0]	1	8441557	29888439	98654624	8	4	0	33554432	FinalHashAggregateStream=62237064;PartialHashAggregateStream=32739432;RepartitionExec=3678128
event	855884	refusal	FinalHashAggregateStream[1]	1	2085506	32348625	98654624	8	4	0	33554432	FinalHashAggregateStream=62237064;PartialHashAggregateStream=32739432;RepartitionExec=3678128
event	860823	release_after_refusal	PartialHashAggregateStream[1]	1	16187144	16551608	82467480	8	4	0		FinalHashAggregateStream=62237064;PartialHashAggregateStream=16552288;RepartitionExec=3678128
event	874726	release_after_refusal	FinalHashAggregateStream[1]	1	32347945	680	54059919	8	4	0		FinalHashAggregateStream=29889119;PartialHashAggregateStream=16552288;RepartitionExec=7618512
event	875538	release_after_refusal	FinalHashAggregateStream[0]	1	29887759	680	22333040	8	4	0		PartialHashAggregateStream=16552288;RepartitionExec=5779392;FinalHashAggregateStream=1360
event	906933	refusal	PartialHashAggregateStream[0]	1	14225319	32738876	105406778	8	4	0	33554432	PartialHashAggregateStream=57663785;FinalHashAggregateStream=47742993
event	914448	refusal	PartialHashAggregateStream[1]	1	8457650	29521973	110003842	8	4	0	33554432	PartialHashAggregateStream=62260849;FinalHashAggregateStream=47742993
event	916786	release_after_refusal	PartialHashAggregateStream[0]	1	16187268	16551608	93816574	8	4	0		FinalHashAggregateStream=47742993;PartialHashAggregateStream=46073581
event	922493	release_after_refusal	PartialHashAggregateStream[1]	1	15997181	13524792	88039857	8	4	0		FinalHashAggregateStream=52450209;PartialHashAggregateStream=30076400;RepartitionExec=5513248
event	931680	refusal	FinalHashAggregateStream[1]	1	3248840	32412173	99271640	8	4	0	33554432	FinalHashAggregateStream=65385928;PartialHashAggregateStream=30076400;RepartitionExec=3809312
event	932041	refusal	FinalHashAggregateStream[0]	1	13095515	32973755	99271640	8	4	0	33554432	FinalHashAggregateStream=65385928;PartialHashAggregateStream=30076400;RepartitionExec=3809312
event	953006	release_after_refusal	FinalHashAggregateStream[1]	1	32411493	680	66860147	8	4	0		FinalHashAggregateStream=32974435;PartialHashAggregateStream=30076400;RepartitionExec=3809312
event	954977	release_after_refusal	FinalHashAggregateStream[0]	1	32973075	680	31916880	8	4	0		PartialHashAggregateStream=30076400;RepartitionExec=1839120;FinalHashAggregateStream=1360
event	990220	refusal	PartialHashAggregateStream[1]	1	14226012	32739571	106040170	8	4	0	33554432	PartialHashAggregateStream=59963459;FinalHashAggregateStream=39510887;RepartitionExec=6565824
event	998344	refusal	PartialHashAggregateStream[0]	1	14225715	32737725	111554007	8	4	0	33554432	PartialHashAggregateStream=65477296;FinalHashAggregateStream=39510887;RepartitionExec=6565824
event	1000196	release_after_refusal	PartialHashAggregateStream[1]	1	16187963	16551608	95366044	8	4	0		PartialHashAggregateStream=49289333;FinalHashAggregateStream=39510887;RepartitionExec=6565824
event	1012111	release_after_refusal	PartialHashAggregateStream[0]	1	16186117	16551608	93046814	8	4	0		FinalHashAggregateStream=48917214;PartialHashAggregateStream=33103216;RepartitionExec=11026384
event	1022087	refusal	FinalHashAggregateStream[0]	1	3248444	31176095	106430458	8	4	0	33554432	FinalHashAggregateStream=63087178;PartialHashAggregateStream=33103216;RepartitionExec=10240064
event	1026163	refusal	FinalHashAggregateStream[1]	1	14241395	31911083	106430458	8	4	0	33554432	FinalHashAggregateStream=63087178;PartialHashAggregateStream=33103216;RepartitionExec=10240064
event	1041232	release_after_refusal	FinalHashAggregateStream[0]	1	31175415	680	75255043	8	4	0		PartialHashAggregateStream=33103216;FinalHashAggregateStream=31911763;RepartitionExec=10240064
event	1048717	release_after_refusal	FinalHashAggregateStream[1]	1	31910403	680	54448257	8	4	0		PartialHashAggregateStream=33103216;RepartitionExec=14180448;FinalHashAggregateStream=7164593
event	1081103	refusal	PartialHashAggregateStream[0]	1	14225841	32738399	116386141	8	4	0	33554432	FinalHashAggregateStream=58721226;PartialHashAggregateStream=57664915
event	1089561	refusal	PartialHashAggregateStream[1]	1	14225389	32738381	124198006	8	4	0	33554432	PartialHashAggregateStream=65476780;FinalHashAggregateStream=58721226
event	1092174	release_after_refusal	PartialHashAggregateStream[0]	1	16186791	16551608	108011215	8	4	0		FinalHashAggregateStream=58721226;PartialHashAggregateStream=49289989
event	1098699	release_after_refusal	PartialHashAggregateStream[1]	1	16186773	16551608	101209017	8	4	0		FinalHashAggregateStream=65349177;PartialHashAggregateStream=33103216;RepartitionExec=2756624
event	1100342	refusal	FinalHashAggregateStream[0]	1	13103014	32015029	105935833	8	4	0	33554432	FinalHashAggregateStream=65349177;PartialHashAggregateStream=33103216;RepartitionExec=7483440
event	1102596	refusal	FinalHashAggregateStream[1]	1	9015486	33334148	105935833	8	4	0	33554432	FinalHashAggregateStream=65349177;PartialHashAggregateStream=33103216;RepartitionExec=7483440
event	1123057	release_after_refusal	FinalHashAggregateStream[0]	1	32014349	680	73921484	8	4	0		FinalHashAggregateStream=33334828;PartialHashAggregateStream=33103216;RepartitionExec=7483440
event	1124724	release_after_refusal	FinalHashAggregateStream[1]	1	33333468	680	37831392	8	4	0		PartialHashAggregateStream=33103216;RepartitionExec=4726816;FinalHashAggregateStream=1360
event	1156728	refusal	PartialHashAggregateStream[0]	1	8458135	29522716	101081388	8	4	0	33554432	FinalHashAggregateStream=60961202;PartialHashAggregateStream=38149994;RepartitionExec=1970192
event	1164896	release_after_refusal	PartialHashAggregateStream[0]	1	15996644	13526072	94400043	8	4	0		FinalHashAggregateStream=64209601;PartialHashAggregateStream=30190442
event	1167504	refusal	FinalHashAggregateStream[1]	1	6313952	31885634	104501246	8	4	0	33554432	FinalHashAggregateStream=64209601;PartialHashAggregateStream=38452525;RepartitionExec=1839120
event	1169323	refusal	FinalHashAggregateStream[0]	1	3248579	32323967	106799391	8	4	0	33554432	FinalHashAggregateStream=64209601;PartialHashAggregateStream=40750670;RepartitionExec=1839120
event	1177196	refusal	PartialHashAggregateStream[1]	1	14225778	32738588	112313381	8	4	0	33554432	FinalHashAggregateStream=64209601;PartialHashAggregateStream=46264660;RepartitionExec=1839120
event	1187898	release_after_refusal	PartialHashAggregateStream[1]	1	16186980	16551608	96126401	8	4	0		FinalHashAggregateStream=64209601;PartialHashAggregateStream=30077680;RepartitionExec=1839120
event	1189561	release_after_refusal	FinalHashAggregateStream[1]	1	31884954	680	70152023	8	4	0		FinalHashAggregateStream=32324647;PartialHashAggregateStream=30077680;RepartitionExec=7749696
event	1192338	release_after_refusal	FinalHashAggregateStream[0]	1	32323287	680	37697664	8	4	0		PartialHashAggregateStream=30077680;RepartitionExec=7618624;FinalHashAggregateStream=1360
event	1223718	refusal	FinalHashAggregateStream[0]	1	13093913	31851686	88590134	8	4	0	33554432	FinalHashAggregateStream=63662605;PartialHashAggregateStream=24927529
event	1233063	refusal	PartialHashAggregateStream[1]	1	14225614	32739004	96402289	8	4	0	33554432	FinalHashAggregateStream=63662605;PartialHashAggregateStream=32739684
event	1242154	release_after_refusal	PartialHashAggregateStream[1]	1	16187396	16551608	80214893	8	4	0		FinalHashAggregateStream=63662605;PartialHashAggregateStream=16552288
event	1243948	release_after_refusal	FinalHashAggregateStream[0]	1	31851006	680	53877135	8	4	0		FinalHashAggregateStream=31811599;PartialHashAggregateStream=16552288;RepartitionExec=5513248
event	1247016	refusal	FinalHashAggregateStream[1]	1	14224364	31810919	53941449	8	4	0	33554432	FinalHashAggregateStream=34632537;PartialHashAggregateStream=16552288;RepartitionExec=2756624
event	1269303	refusal	PartialHashAggregateStream[0]	1	14225625	32738381	86679150	8	4	0	33554432	PartialHashAggregateStream=49289989;FinalHashAggregateStream=34632537;RepartitionExec=2756624
event	1271034	release_after_refusal	FinalHashAggregateStream[1]	1	31810239	680	54868911	8	4	0		PartialHashAggregateStream=49289989;FinalHashAggregateStream=2822298;RepartitionExec=2756624
event	1279229	release_after_refusal	PartialHashAggregateStream[0]	1	16186773	16551608	57644291	8	4	0		PartialHashAggregateStream=33103216;FinalHashAggregateStream=16271203;RepartitionExec=8269872
event	1298684	refusal	FinalHashAggregateStream[0]	1	3248336	31179533	83909901	8	4	0	33554432	FinalHashAggregateStream=58696710;PartialHashAggregateStream=18516295;RepartitionExec=6696896
event	1303133	refusal	FinalHashAggregateStream[1]	1	9015900	30765990	94584901	8	4	0	33554432	FinalHashAggregateStream=61945523;PartialHashAggregateStream=27912674;RepartitionExec=4726704
event	1312498	refusal	PartialHashAggregateStream[1]	1	8458281	29522736	123419766	8	4	0	33554432	FinalHashAggregateStream=61945523;PartialHashAggregateStream=56747539;RepartitionExec=4726704
event	1317923	release_after_refusal	FinalHashAggregateStream[0]	1	31178853	680	97754597	8	4	0		PartialHashAggregateStream=62261223;FinalHashAggregateStream=30766670;RepartitionExec=4726704
event	1320876	refusal	PartialHashAggregateStream[0]	1	14225814	32738487	95784405	8	4	0	33554432	PartialHashAggregateStream=62261223;FinalHashAggregateStream=30766670;RepartitionExec=2756512
event	1321648	release_after_refusal	PartialHashAggregateStream[1]	1	15996664	13526072	79787741	8	4	0		PartialHashAggregateStream=46264559;FinalHashAggregateStream=30766670;RepartitionExec=2756512
event	1325720	release_after_refusal	FinalHashAggregateStream[1]	1	30765310	680	61181322	8	4	0		PartialHashAggregateStream=46264559;RepartitionExec=7749696;FinalHashAggregateStream=7167067
event	1330973	release_after_refusal	PartialHashAggregateStream[0]	1	16186879	16551608	42839772	8	4	0		FinalHashAggregateStream=18668860;PartialHashAggregateStream=16552288;RepartitionExec=7618624
event	1352254	refusal	FinalHashAggregateStream[0]	1	14247711	32036460	97371115	8	4	0	33554432	FinalHashAggregateStream=60691412;PartialHashAggregateStream=27226295;RepartitionExec=9453408
event	1357658	refusal	FinalHashAggregateStream[1]	1	8396652	29823887	102083796	8	4	0	33554432	FinalHashAggregateStream=61860347;PartialHashAggregateStream=32740233;RepartitionExec=7483216
event	1358495	refusal	PartialHashAggregateStream[1]	1	14225472	32739553	102083796	8	4	0	33554432	FinalHashAggregateStream=61860347;PartialHashAggregateStream=32740233;RepartitionExec=7483216
event	1368448	release_after_refusal	PartialHashAggregateStream[1]	1	16187945	16551608	85895851	8	4	0		FinalHashAggregateStream=61860347;PartialHashAggregateStream=16552288;RepartitionExec=7483216
event	1374874	release_after_refusal	FinalHashAggregateStream[0]	1	32035780	680	56616695	8	4	0		FinalHashAggregateStream=29824567;PartialHashAggregateStream=16552288;RepartitionExec=10239840
event	1378549	release_after_refusal	FinalHashAggregateStream[1]	1	29823207	680	29431393	8	4	0		PartialHashAggregateStream=21160385;RepartitionExec=8269648;FinalHashAggregateStream=1360
event	1399058	refusal	PartialHashAggregateStream[0]	1	14226003	32738325	81850241	8	4	0	33554432	FinalHashAggregateStream=49111236;PartialHashAggregateStream=32739005
event	1408645	release_after_refusal	PartialHashAggregateStream[0]	1	16186717	16551608	83506568	8	4	0		FinalHashAggregateStream=50289609;PartialHashAggregateStream=33216959
event	1422054	refusal	PartialHashAggregateStream[1]	1	14225949	32739652	112047147	8	4	0	33554432	FinalHashAggregateStream=62755887;PartialHashAggregateStream=49291260
event	1422488	refusal	FinalHashAggregateStream[0]	1	13101830	32042858	112047147	8	4	0	33554432	FinalHashAggregateStream=62755887;PartialHashAggregateStream=49291260
event	1422887	refusal	FinalHashAggregateStream[1]	1	9015648	30713029	112047147	8	4	0	33554432	FinalHashAggregateStream=62755887;PartialHashAggregateStream=49291260
event	1432308	release_after_refusal	PartialHashAggregateStream[1]	1	16188044	16551608	95859103	8	4	0		FinalHashAggregateStream=62755887;PartialHashAggregateStream=33103216
event	1444375	release_after_refusal	FinalHashAggregateStream[0]	1	32042178	680	75240749	8	4	0		PartialHashAggregateStream=33103216;FinalHashAggregateStream=30713709;RepartitionExec=11423824
event	1445567	release_after_refusal	FinalHashAggregateStream[1]	1	30712349	680	42558208	8	4	0		PartialHashAggregateStream=33103216;RepartitionExec=9453632;FinalHashAggregateStream=1360
event	1481983	refusal	PartialHashAggregateStream[1]	1	14225796	32739265	107008267	8	4	0	33554432	FinalHashAggregateStream=54984477;PartialHashAggregateStream=52023790
event	1490383	refusal	PartialHashAggregateStream[0]	1	8457916	29521953	117245695	8	4	0	33554432	PartialHashAggregateStream=62261218;FinalHashAggregateStream=54984477
event	1491403	release_after_refusal	PartialHashAggregateStream[1]	1	16187657	16551608	101058038	8	4	0		FinalHashAggregateStream=54984477;PartialHashAggregateStream=46073561
event	1498189	release_after_refusal	PartialHashAggregateStream[0]	1	15996521	13525432	97285623	8	4	0		FinalHashAggregateStream=61695335;PartialHashAggregateStream=30077040;RepartitionExec=5513248
event	1500576	refusal	FinalHashAggregateStream[0]	1	13117565	32071103	101094935	8	4	0	33554432	FinalHashAggregateStream=61695335;PartialHashAggregateStream=30077040;RepartitionExec=9322560
event	1504655	refusal	FinalHashAggregateStream[1]	1	13103147	32859149	105247356	8	4	0	33554432	FinalHashAggregateStream=64930252;PartialHashAggregateStream=30077040;RepartitionExec=10240064
event	1521603	release_after_refusal	FinalHashAggregateStream[0]	1	32070423	680	73176933	8	4	0		FinalHashAggregateStream=32859829;PartialHashAggregateStream=30077040;RepartitionExec=10240064
event	1527499	release_after_refusal	FinalHashAggregateStream[1]	1	32858469	680	47295866	8	4	0		PartialHashAggregateStream=30077040;RepartitionExec=10240064;FinalHashAggregateStream=6978762
event	1552836	refusal	FinalHashAggregateStream[0]	1	2084087	32363176	94528656	8	4	0	33554432	FinalHashAggregateStream=58676879;PartialHashAggregateStream=35851777
event	1560114	refusal	PartialHashAggregateStream[1]	1	14225940	32738788	118673186	8	4	0	33554432	FinalHashAggregateStream=61008062;PartialHashAggregateStream=57665124
event	1569412	release_after_refusal	PartialHashAggregateStream[1]	1	16187180	16551608	110297889	8	4	0		FinalHashAggregateStream=61008062;PartialHashAggregateStream=49289827
event	1570435	refusal	PartialHashAggregateStream[0]	1	14225958	32738219	110297889	8	4	0	33554432	FinalHashAggregateStream=61008062;PartialHashAggregateStream=49289827
event	1572013	release_after_refusal	FinalHashAggregateStream[0]	1	32362496	680	77935393	8	4	0		PartialHashAggregateStream=49289827;FinalHashAggregateStream=28645566
event	1576967	refusal	FinalHashAggregateStream[1]	1	8992770	30756771	87444758	8	4	0	33554432	PartialHashAggregateStream=49289827;FinalHashAggregateStream=35398307;RepartitionExec=2756624
event	1580049	release_after_refusal	PartialHashAggregateStream[0]	1	16186611	16551608	71258147	8	4	0		FinalHashAggregateStream=35398307;PartialHashAggregateStream=33103216;RepartitionExec=2756624
event	1598418	release_after_refusal	FinalHashAggregateStream[1]	1	30756091	680	59801413	8	4	0		FinalHashAggregateStream=26312165;RepartitionExec=16936960;PartialHashAggregateStream=16552288
event	1619624	refusal	PartialHashAggregateStream[0]	1	14225688	32738179	104956241	8	4	0	33554432	FinalHashAggregateStream=53696262;PartialHashAggregateStream=49289787;RepartitionExec=1970192
event	1629374	release_after_refusal	PartialHashAggregateStream[0]	1	16186571	16551608	85534695	8	4	0		FinalHashAggregateStream=61617272;PartialHashAggregateStream=21160799;RepartitionExec=2756624
event	1630660	refusal	FinalHashAggregateStream[0]	1	14258645	31891004	90261511	8	4	0	33554432	FinalHashAggregateStream=61617272;PartialHashAggregateStream=21160799;RepartitionExec=7483440
event	1647681	refusal	PartialHashAggregateStream[1]	1	12356427	32739850	118392170	8	4	0	33554432	FinalHashAggregateStream=61617272;PartialHashAggregateStream=49291458;RepartitionExec=7483440
event	1654463	release_after_refusal	FinalHashAggregateStream[0]	1	31890324	680	86501846	8	4	0		PartialHashAggregateStream=49291458;FinalHashAggregateStream=29726948;RepartitionExec=7483440
event	1656928	release_after_refusal	PartialHashAggregateStream[1]	1	16189906	16549944	68341748	8	4	0		PartialHashAggregateStream=33101552;FinalHashAggregateStream=29726948;RepartitionExec=5513248
event	1663739	refusal	FinalHashAggregateStream[1]	1	14258888	31830011	79532380	8	4	0	33554432	FinalHashAggregateStream=38947388;PartialHashAggregateStream=33101552;RepartitionExec=7483440
event	1687008	release_after_refusal	FinalHashAggregateStream[1]	1	31829331	680	69669920	8	4	0		PartialHashAggregateStream=33213959;FinalHashAggregateStream=25032137;RepartitionExec=11423824
event	1698591	refusal	PartialHashAggregateStream[0]	1	14226039	32738728	88288616	8	4	0	33554432	PartialHashAggregateStream=49288672;FinalHashAggregateStream=38999944
event	1708350	release_after_refusal	PartialHashAggregateStream[0]	1	16187120	16551608	94341769	8	4	0		FinalHashAggregateStream=53756777;PartialHashAggregateStream=33101552;RepartitionExec=7483440
event	1714715	refusal	FinalHashAggregateStream[0]	1	8392755	29825030	85738162	8	4	0	33554432	FinalHashAggregateStream=60519442;PartialHashAggregateStream=16552288;RepartitionExec=8666432
event	1720546	refusal	FinalHashAggregateStream[1]	1	13095479	32997275	94738033	8	4	0	33554432	FinalHashAggregateStream=62822305;PartialHashAggregateStream=16552288;RepartitionExec=15363440
event	1737114	release_after_refusal	FinalHashAggregateStream[0]	1	29824350	680	64913683	8	4	0		FinalHashAggregateStream=32997955;PartialHashAggregateStream=16552288;RepartitionExec=15363440
event	1741513	release_after_refusal	FinalHashAggregateStream[1]	1	32996595	680	32618499	8	4	0		PartialHashAggregateStream=16552288;RepartitionExec=11423824;FinalHashAggregateStream=4642387
event	1772909	refusal	PartialHashAggregateStream[0]	1	14225589	32739445	99260911	8	4	0	33554432	PartialHashAggregateStream=57666384;FinalHashAggregateStream=41594527
event	1780883	refusal	PartialHashAggregateStream[1]	1	14225643	32739517	107073489	8	4	0	33554432	PartialHashAggregateStream=65478962;FinalHashAggregateStream=41594527
event	1782791	release_after_refusal	PartialHashAggregateStream[0]	1	16187837	16551608	90885652	8	4	0		PartialHashAggregateStream=49291125;FinalHashAggregateStream=41594527
event	1790355	release_after_refusal	PartialHashAggregateStream[1]	1	16187909	16551608	87194239	8	4	0		FinalHashAggregateStream=54091023;PartialHashAggregateStream=33103216
event	1799098	refusal	FinalHashAggregateStream[0]	1	14200709	32052503	96040343	8	4	0	33554432	FinalHashAggregateStream=62948311;PartialHashAggregateStream=16552288;RepartitionExec=16539744
event	1803366	refusal	FinalHashAggregateStream[1]	1	14235977	30895808	96040343	8	4	0	33554432	FinalHashAggregateStream=62948311;PartialHashAggregateStream=16552288;RepartitionExec=16539744
event	1822234	release_after_refusal	FinalHashAggregateStream[0]	1	32051823	680	63988520	8	4	0		FinalHashAggregateStream=30896488;PartialHashAggregateStream=16552288;RepartitionExec=16539744
event	1824465	release_after_refusal	FinalHashAggregateStream[1]	1	30895128	680	30406962	8	4	0		PartialHashAggregateStream=16552288;RepartitionExec=11026496;FinalHashAggregateStream=2828178
event	1845136	refusal	PartialHashAggregateStream[0]	1	8458051	29521820	67989594	8	4	0	33554432	PartialHashAggregateStream=29522500;FinalHashAggregateStream=26256838;RepartitionExec=12210256
event	1853021	release_after_refusal	PartialHashAggregateStream[0]	1	15996388	13525432	68656896	8	4	0		PartialHashAggregateStream=30189802;FinalHashAggregateStream=26256838;RepartitionExec=12210256
event	1865208	refusal	PartialHashAggregateStream[1]	1	14225778	32738118	89225345	8	4	0	33554432	PartialHashAggregateStream=46263550;FinalHashAggregateStream=39152483;RepartitionExec=3809312
event	1874825	release_after_refusal	PartialHashAggregateStream[1]	1	16186510	16551608	90254737	8	4	0		FinalHashAggregateStream=52559073;PartialHashAggregateStream=30077040;RepartitionExec=7618624
event	1882170	refusal	FinalHashAggregateStream[0]	1	7852278	31950180	86724199	8	4	0	33554432	FinalHashAggregateStream=60584215;PartialHashAggregateStream=16552288;RepartitionExec=9587696
event	1886997	refusal	FinalHashAggregateStream[1]	1	14252046	31882938	97456542	8	4	0	33554432	FinalHashAggregateStream=63833118;RepartitionExec=17071136;PartialHashAggregateStream=16552288
event	1912710	release_after_refusal	FinalHashAggregateStream[0]	1	31949500	680	65507042	8	4	0		FinalHashAggregateStream=31883618;RepartitionExec=17071136;PartialHashAggregateStream=16552288
event	1913064	release_after_refusal	FinalHashAggregateStream[1]	1	31882258	680	31785664	8	4	0		PartialHashAggregateStream=16552288;RepartitionExec=15232016;FinalHashAggregateStream=1360
event	1937076	refusal	PartialHashAggregateStream[0]	1	14225895	32739495	99685178	8	4	0	33554432	FinalHashAggregateStream=50281754;PartialHashAggregateStream=49403424
event	1946787	release_after_refusal	PartialHashAggregateStream[0]	1	16187887	16551608	99571232	8	4	0		FinalHashAggregateStream=50281754;PartialHashAggregateStream=49289478
event	1948846	refusal	PartialHashAggregateStream[1]	1	14225850	32737870	102327856	8	4	0	33554432	FinalHashAggregateStream=50281754;PartialHashAggregateStream=49289478;RepartitionExec=2756624
event	1957738	refusal	FinalHashAggregateStream[0]	1	8993901	33453584	113056837	8	4	0	33554432	FinalHashAggregateStream=61010735;PartialHashAggregateStream=49289478;RepartitionExec=2756624
event	1958192	release_after_refusal	PartialHashAggregateStream[1]	1	16186262	16551608	96870575	8	4	0		FinalHashAggregateStream=61010735;PartialHashAggregateStream=33103216;RepartitionExec=2756624
event	1967202	refusal	FinalHashAggregateStream[1]	1	8458594	29888100	106684964	8	4	0	33554432	FinalHashAggregateStream=63341684;PartialHashAggregateStream=33103216;RepartitionExec=10240064
event	1978789	release_after_refusal	FinalHashAggregateStream[0]	1	33452904	680	73232060	8	4	0		PartialHashAggregateStream=33103216;FinalHashAggregateStream=29888780;RepartitionExec=10240064
event	1987662	release_after_refusal	FinalHashAggregateStream[1]	1	29887420	680	51750747	8	4	0		PartialHashAggregateStream=33103216;RepartitionExec=9453632;FinalHashAggregateStream=9193899
event	2027764	refusal	PartialHashAggregateStream[0]	1	14225724	32738892	116098184	8	4	0	33554432	PartialHashAggregateStream=57666288;FinalHashAggregateStream=56461704;RepartitionExec=1970192
event	2038507	refusal	PartialHashAggregateStream[1]	1	14226246	32739765	123910553	8	4	0	33554432	PartialHashAggregateStream=65478657;FinalHashAggregateStream=56461704;RepartitionExec=1970192
event	2040463	release_after_refusal	PartialHashAggregateStream[0]	1	16187284	16551608	107723269	8	4	0		FinalHashAggregateStream=56461704;PartialHashAggregateStream=49291373;RepartitionExec=1970192
event	2048379	release_after_refusal	PartialHashAggregateStream[1]	1	16188157	16551608	99005599	8	4	0		FinalHashAggregateStream=59991807;PartialHashAggregateStream=33103216;RepartitionExec=5910576
event	2052712	refusal	FinalHashAggregateStream[0]	1	3248291	31183732	108576459	8	4	0	33554432	FinalHashAggregateStream=62079227;PartialHashAggregateStream=33103216;RepartitionExec=13394016
event	2053601	refusal	FinalHashAggregateStream[1]	1	14232058	30895495	108576459	8	4	0	33554432	FinalHashAggregateStream=62079227;PartialHashAggregateStream=33103216;RepartitionExec=13394016
event	2072447	release_after_refusal	FinalHashAggregateStream[0]	1	31183052	680	77393407	8	4	0		PartialHashAggregateStream=33103216;FinalHashAggregateStream=30896175;RepartitionExec=13394016
event	2075505	release_after_refusal	FinalHashAggregateStream[1]	1	30894815	680	44528400	8	4	0		PartialHashAggregateStream=33103216;RepartitionExec=11423824;FinalHashAggregateStream=1360
event	2105796	refusal	FinalHashAggregateStream[0]	1	13100513	32932883	102814618	8	4	0	33554432	FinalHashAggregateStream=61682457;PartialHashAggregateStream=41132161
event	2113419	refusal	PartialHashAggregateStream[0]	1	14225868	32738743	121646021	8	4	0	33554432	FinalHashAggregateStream=61682457;PartialHashAggregateStream=59963564
event	2121123	refusal	PartialHashAggregateStream[1]	1	14225886	32738921	127160121	8	4	0	33554432	PartialHashAggregateStream=65477664;FinalHashAggregateStream=61682457
event	2123271	release_after_refusal	PartialHashAggregateStream[0]	1	16187135	16551608	110972986	8	4	0		FinalHashAggregateStream=61682457;PartialHashAggregateStream=49290529
event	2128335	release_after_refusal	FinalHashAggregateStream[0]	1	32932203	680	88746537	8	4	0		PartialHashAggregateStream=49290529;FinalHashAggregateStream=31972568;RepartitionExec=7483440
event	2130733	refusal	FinalHashAggregateStream[1]	1	7866486	31971888	88746537	8	4	0	33554432	PartialHashAggregateStream=49290529;FinalHashAggregateStream=31972568;RepartitionExec=7483440
event	2131203	release_after_refusal	PartialHashAggregateStream[1]	1	16187313	16551608	72559224	8	4	0		PartialHashAggregateStream=33103216;FinalHashAggregateStream=31972568;RepartitionExec=7483440
event	2152220	release_after_refusal	FinalHashAggregateStream[1]	1	31971208	680	82376350	8	4	0		PartialHashAggregateStream=33103216;FinalHashAggregateStream=27610142;RepartitionExec=21662992
event	2159676	refusal	FinalHashAggregateStream[0]	1	13083719	32034371	77741695	8	4	0	33554432	FinalHashAggregateStream=38857891;PartialHashAggregateStream=21160412;RepartitionExec=17723392
event	2179182	refusal	PartialHashAggregateStream[1]	1	14225832	32738905	112510539	8	4	0	33554432	FinalHashAggregateStream=63220026;PartialHashAggregateStream=49290513
event	2180192	release_after_refusal	FinalHashAggregateStream[0]	1	32033691	680	80476848	8	4	0		PartialHashAggregateStream=49290513;FinalHashAggregateStream=31186335
event	2189066	release_after_refusal	PartialHashAggregateStream[1]	1	16187297	16551608	66372547	8	4	0		FinalHashAggregateStream=31186335;PartialHashAggregateStream=30459396;RepartitionExec=4726816
event	2193194	refusal	FinalHashAggregateStream[1]	1	3235922	31185655	80147562	8	4	0	33554432	PartialHashAggregateStream=41477787;FinalHashAggregateStream=31186335;RepartitionExec=7483440
event	2203924	refusal	PartialHashAggregateStream[0]	1	14225638	32738307	87959690	8	4	0	33554432	PartialHashAggregateStream=49289915;FinalHashAggregateStream=31186335;RepartitionExec=7483440
event	2213107	release_after_refusal	FinalHashAggregateStream[1]	1	31184975	680	56774715	8	4	0		PartialHashAggregateStream=49289915;RepartitionExec=7483440;FinalHashAggregateStream=1360
event	2213248	release_after_refusal	PartialHashAggregateStream[0]	1	16187339	16550968	40587376	8	4	0		PartialHashAggregateStream=33102576;RepartitionExec=7483440;FinalHashAggregateStream=1360
event	2249097	refusal	FinalHashAggregateStream[1]	1	3226874	31200939	114842933	8	4	0	33554432	FinalHashAggregateStream=63255371;PartialHashAggregateStream=46074314;RepartitionExec=5513248
event	2249856	refusal	FinalHashAggregateStream[0]	1	14168765	32054432	114842933	8	4	0	33554432	FinalHashAggregateStream=63255371;PartialHashAggregateStream=46074314;RepartitionExec=5513248
event	2255292	refusal	PartialHashAggregateStream[1]	1	14225967	32738824	118058411	8	4	0	33554432	FinalHashAggregateStream=63255371;PartialHashAggregateStream=49289792;RepartitionExec=5513248
event	2264885	release_after_refusal	PartialHashAggregateStream[1]	1	16187216	16551608	101871195	8	4	0		FinalHashAggregateStream=63255371;PartialHashAggregateStream=33102576;RepartitionExec=5513248
event	2269313	release_after_refusal	FinalHashAggregateStream[1]	1	31200259	680	76581512	8	4	0		PartialHashAggregateStream=33102576;FinalHashAggregateStream=32055112;RepartitionExec=11423824
event	2274320	release_after_refusal	FinalHashAggregateStream[0]	1	32053752	680	53108050	8	4	0		PartialHashAggregateStream=33102576;RepartitionExec=15363312;FinalHashAggregateStream=4642162
event	2302614	refusal	PartialHashAggregateStream[0]	1	8458497	29522696	97429168	8	4	0	33554432	FinalHashAggregateStream=51241400;PartialHashAggregateStream=46187768
event	2310529	release_after_refusal	PartialHashAggregateStream[0]	1	15996624	13526072	97506575	8	4	0		FinalHashAggregateStream=51241400;PartialHashAggregateStream=46265175
event	2312902	refusal	PartialHashAggregateStream[1]	1	14225904	32739103	97506575	8	4	0	33554432	FinalHashAggregateStream=51241400;PartialHashAggregateStream=46265175
event	2319687	refusal	FinalHashAggregateStream[0]	1	3219056	32383329	109786620	8	4	0	33554432	FinalHashAggregateStream=59843205;PartialHashAggregateStream=46265175;RepartitionExec=3678240
event	2322258	release_after_refusal	PartialHashAggregateStream[1]	1	16187495	16551608	96177834	8	4	0		FinalHashAggregateStream=64261034;PartialHashAggregateStream=30077680;RepartitionExec=1839120
event	2325075	refusal	FinalHashAggregateStream[1]	1	13109882	31877705	98934458	8	4	0	33554432	FinalHashAggregateStream=64261034;PartialHashAggregateStream=30077680;RepartitionExec=4595744
event	2340909	release_after_refusal	FinalHashAggregateStream[0]	1	32382649	680	66551809	8	4	0		FinalHashAggregateStream=31878385;PartialHashAggregateStream=30077680;RepartitionExec=4595744
event	2345777	release_after_refusal	FinalHashAggregateStream[1]	1	31877025	680	39333639	8	4	0		PartialHashAggregateStream=30077680;RepartitionExec=6434864;FinalHashAggregateStream=2821095
event	2373281	refusal	PartialHashAggregateStream[0]	1	14225841	32739067	97364205	8	4	0	33554432	FinalHashAggregateStream=57259530;PartialHashAggregateStream=37348051;RepartitionExec=2756624
event	2383077	release_after_refusal	PartialHashAggregateStream[0]	1	16187459	16551608	101494656	8	4	0		FinalHashAggregateStream=57259530;PartialHashAggregateStream=41478502;RepartitionExec=2756624
event	2390262	refusal	FinalHashAggregateStream[1]	1	2100119	32433866	122305783	8	4	0	33554432	FinalHashAggregateStream=63561530;PartialHashAggregateStream=49290621;RepartitionExec=9453632
event	2393403	refusal	PartialHashAggregateStream[1]	1	14225571	32739013	122305783	8	4	0	33554432	FinalHashAggregateStream=63561530;PartialHashAggregateStream=49290621;RepartitionExec=9453632
event	2402547	release_after_refusal	PartialHashAggregateStream[1]	1	16187405	16551608	106118378	8	4	0		FinalHashAggregateStream=63561530;PartialHashAggregateStream=33103216;RepartitionExec=9453632
event	2408838	refusal	FinalHashAggregateStream[0]	1	9015657	33219233	108996379	8	4	0	33554432	FinalHashAggregateStream=65653099;PartialHashAggregateStream=33103216;RepartitionExec=10240064
event	2409711	release_after_refusal	FinalHashAggregateStream[1]	1	32433186	680	76563193	8	4	0		FinalHashAggregateStream=33219913;PartialHashAggregateStream=33103216;RepartitionExec=10240064
event	2429932	release_after_refusal	FinalHashAggregateStream[0]	1	33218553	680	84847187	8	4	0		PartialHashAggregateStream=35835278;RepartitionExec=26390704;FinalHashAggregateStream=22621205
event	2438594	refusal	FinalHashAggregateStream[1]	1	3248633	31217702	95847650	8	4	0	33554432	FinalHashAggregateStream=42732259;PartialHashAggregateStream=38148511;RepartitionExec=14966880
event	2439627	refusal	PartialHashAggregateStream[0]	1	8458033	29520783	101128061	8	4	0	33554432	PartialHashAggregateStream=43428922;FinalHashAggregateStream=42732259;RepartitionExec=14966880
event	2448146	release_after_refusal	PartialHashAggregateStream[0]	1	15995351	13525432	100668776	8	4	0		FinalHashAggregateStream=55190877;PartialHashAggregateStream=40751083;RepartitionExec=4726816
event	2454599	refusal	PartialHashAggregateStream[1]	1	14225769	32739472	110734575	8	4	0	33554432	FinalHashAggregateStream=58690167;PartialHashAggregateStream=46264904;RepartitionExec=5779504
event	2458717	release_after_refusal	FinalHashAggregateStream[1]	1	31217022	680	84736315	8	4	0		PartialHashAggregateStream=46264904;FinalHashAggregateStream=30852787;RepartitionExec=7618624
event	2462023	refusal	FinalHashAggregateStream[0]	1	14197232	30852107	82766123	8	4	0	33554432	PartialHashAggregateStream=46264904;FinalHashAggregateStream=30852787;RepartitionExec=5648432
event	2465172	release_after_refusal	PartialHashAggregateStream[1]	1	16187864	16551608	75869282	8	4	0		FinalHashAggregateStream=37911474;PartialHashAggregateStream=30077040;RepartitionExec=7880768
event	2482653	release_after_refusal	FinalHashAggregateStream[0]	1	30851427	680	64442917	8	4	0		FinalHashAggregateStream=27420488;RepartitionExec=20357280;PartialHashAggregateStream=16665149
event	2490299	refusal	FinalHashAggregateStream[1]	1	8327944	29750910	85727202	8	4	0	33554432	FinalHashAggregateStream=34392473;PartialHashAggregateStream=34131401;RepartitionExec=17203328
event	2494244	refusal	PartialHashAggregateStream[0]	1	14226021	32738615	95042267	8	4	0	33554432	PartialHashAggregateStream=41365704;FinalHashAggregateStream=38443427;RepartitionExec=15233136
event	2504558	release_after_refusal	PartialHashAggregateStream[0]	1	16187007	16551608	105309123	8	4	0		FinalHashAggregateStream=54835821;PartialHashAggregateStream=43776294;RepartitionExec=6697008
event	2510897	release_after_refusal	FinalHashAggregateStream[1]	1	29750230	680	88491542	8	4	0		PartialHashAggregateStream=49290115;FinalHashAggregateStream=29747795;RepartitionExec=9453632
event	2512278	refusal	PartialHashAggregateStream[1]	1	14225697	32738507	89277974	8	4	0	33554432	PartialHashAggregateStream=49290115;FinalHashAggregateStream=29747795;RepartitionExec=10240064
event	2516898	refusal	FinalHashAggregateStream[0]	1	13104857	32972225	94387676	8	4	0	33554432	PartialHashAggregateStream=49290115;FinalHashAggregateStream=37614121;RepartitionExec=7483440
event	2523014	release_after_refusal	PartialHashAggregateStream[1]	1	16186899	16551608	91481960	8	4	0		FinalHashAggregateStream=46954920;PartialHashAggregateStream=33103216;RepartitionExec=11423824
event	2538251	release_after_refusal	FinalHashAggregateStream[0]	1	32971545	680	72254820	8	4	0		FinalHashAggregateStream=29741192;PartialHashAggregateStream=25179228;RepartitionExec=17334400
event	2544130	refusal	FinalHashAggregateStream[1]	1	13095632	31841156	82453041	8	4	0	33554432	FinalHashAggregateStream=34658531;PartialHashAggregateStream=33216734;RepartitionExec=14577776
event	2557145	refusal	PartialHashAggregateStream[0]	1	14225895	32739832	110465301	8	4	0	33554432	FinalHashAggregateStream=54476853;PartialHashAggregateStream=49291440;RepartitionExec=6697008
event	2565043	release_after_refusal	FinalHashAggregateStream[1]	1	31840476	680	88016109	8	4	0		PartialHashAggregateStream=49291440;FinalHashAggregateStream=31241229;RepartitionExec=7483440
event	2567336	release_after_refusal	PartialHashAggregateStream[0]	1	16188224	16551608	52520333	8	4	0		FinalHashAggregateStream=31241229;PartialHashAggregateStream=16552288;RepartitionExec=4726816
event	2568080	refusal	FinalHashAggregateStream[0]	1	3186185	31240549	59269895	8	4	0	33554432	FinalHashAggregateStream=34050407;PartialHashAggregateStream=16552288;RepartitionExec=8667200
event	2586297	release_after_refusal	FinalHashAggregateStream[0]	1	31239869	680	69498036	8	4	0		PartialHashAggregateStream=29524341;FinalHashAggregateStream=23823055;RepartitionExec=16150640
event	2589599	refusal	PartialHashAggregateStream[1]	1	14225886	32739328	78936581	8	4	0	33554432	PartialHashAggregateStream=37348429;FinalHashAggregateStream=32920952;RepartitionExec=8667200
event	2599622	release_after_refusal	PartialHashAggregateStream[1]	1	16187720	16551608	86912353	8	4	0		FinalHashAggregateStream=43463470;PartialHashAggregateStream=41478691;RepartitionExec=1970192
event	2605931	refusal	FinalHashAggregateStream[1]	1	1172292	33334088	105963971	8	4	0	33554432	FinalHashAggregateStream=57132467;PartialHashAggregateStream=46074880;RepartitionExec=2756624
event	2609955	refusal	PartialHashAggregateStream[0]	1	14225805	32739245	108713499	8	4	0	33554432	FinalHashAggregateStream=59422646;PartialHashAggregateStream=49290853
event	2619491	release_after_refusal	PartialHashAggregateStream[0]	1	16187637	16551608	97644629	8	4	0		FinalHashAggregateStream=64541413;PartialHashAggregateStream=33103216
event	2623906	refusal	FinalHashAggregateStream[0]	1	3248714	31207325	97644629	8	4	0	33554432	FinalHashAggregateStream=64541413;PartialHashAggregateStream=33103216
event	2626469	release_after_refusal	FinalHashAggregateStream[1]	1	33333408	680	64311221	8	4	0		PartialHashAggregateStream=33103216;FinalHashAggregateStream=31208005
event	2643632	release_after_refusal	FinalHashAggregateStream[0]	1	31206645	680	51063538	8	4	0		PartialHashAggregateStream=25178416;FinalHashAggregateStream=15645058;RepartitionExec=10240064
event	2661657	refusal	PartialHashAggregateStream[1]	1	14224964	32738363	95146790	8	4	0	33554432	PartialHashAggregateStream=49289971;FinalHashAggregateStream=41917331;RepartitionExec=3939488
event	2671160	release_after_refusal	PartialHashAggregateStream[1]	1	16186755	16551608	76703036	8	4	0		FinalHashAggregateStream=58180556;PartialHashAggregateStream=16552288;RepartitionExec=1970192
event	2679660	refusal	FinalHashAggregateStream[0]	1	13154624	33006749	100867165	8	4	0	33554432	FinalHashAggregateStream=63710209;PartialHashAggregateStream=33216572;RepartitionExec=3940384
event	2692541	refusal	PartialHashAggregateStream[0]	1	14225364	32739535	116941736	8	4	0	33554432	FinalHashAggregateStream=63710209;PartialHashAggregateStream=49291143;RepartitionExec=3940384
event	2701942	release_after_refusal	PartialHashAggregateStream[0]	1	16187927	16551608	100753809	8	4	0		FinalHashAggregateStream=63710209;PartialHashAggregateStream=33103216;RepartitionExec=3940384
event	2701976	release_after_refusal	FinalHashAggregateStream[0]	1	33006069	680	67747740	8	4	0		PartialHashAggregateStream=33103216;FinalHashAggregateStream=30704140;RepartitionExec=3940384
event	2707315	refusal	FinalHashAggregateStream[1]	1	14258798	30703460	79015583	8	4	0	33554432	FinalHashAggregateStream=36061407;PartialHashAggregateStream=33103216;RepartitionExec=9850960
event	2730030	release_after_refusal	FinalHashAggregateStream[1]	1	30702780	680	76408958	8	4	0		FinalHashAggregateStream=27451759;PartialHashAggregateStream=24927583;RepartitionExec=24029616
event	2734464	refusal	FinalHashAggregateStream[0]	1	7863642	31878613	83378165	8	4	0	33554432	FinalHashAggregateStream=36520158;PartialHashAggregateStream=29524503;RepartitionExec=17333504
event	2739257	refusal	PartialHashAggregateStream[1]	1	14226003	32739517	97301705	8	4	0	33554432	PartialHashAggregateStream=41367011;FinalHashAggregateStream=40571382;RepartitionExec=15363312
event	2749582	release_after_refusal	PartialHashAggregateStream[1]	1	16187909	16551608	108272637	8	4	0		FinalHashAggregateStream=55828828;PartialHashAggregateStream=43776609;RepartitionExec=8667200
event	2756352	release_after_refusal	FinalHashAggregateStream[0]	1	31877933	680	87388384	8	4	0		PartialHashAggregateStream=49290619;FinalHashAggregateStream=27460373;RepartitionExec=10637392
event	2756910	refusal	PartialHashAggregateStream[0]	1	14225749	32739011	90145008	8	4	0	33554432	PartialHashAggregateStream=49290619;FinalHashAggregateStream=27460373;RepartitionExec=13394016
event	2764968	refusal	FinalHashAggregateStream[1]	1	14258834	31839926	98481424	8	4	0	33554432	PartialHashAggregateStream=49290619;FinalHashAggregateStream=40523605;RepartitionExec=8667200
event	2766982	release_after_refusal	PartialHashAggregateStream[0]	1	16187403	16551608	83713816	8	4	0		FinalHashAggregateStream=44700024;PartialHashAggregateStream=33103216;RepartitionExec=5910576
event	2788038	release_after_refusal	FinalHashAggregateStream[1]	1	31839246	680	85874532	8	4	0		FinalHashAggregateStream=31860898;PartialHashAggregateStream=27225602;RepartitionExec=26788032
event	2790485	refusal	FinalHashAggregateStream[0]	1	13104128	31860218	86202386	8	4	0	33554432	FinalHashAggregateStream=31860898;PartialHashAggregateStream=29523648;RepartitionExec=24817840
event	2795638	refusal	PartialHashAggregateStream[1]	1	14225787	32738671	92088654	8	4	0	33554432	FinalHashAggregateStream=36501655;PartialHashAggregateStream=32739351;RepartitionExec=22847648
event	2805781	release_after_refusal	PartialHashAggregateStream[1]	1	16187063	16551608	81313375	8	4	0		FinalHashAggregateStream=48610447;PartialHashAggregateStream=16552288;RepartitionExec=16150640
event	2812139	release_after_refusal	FinalHashAggregateStream[0]	1	31859538	680	53418548	8	4	0		FinalHashAggregateStream=26229764;PartialHashAggregateStream=16552288;RepartitionExec=10636496
event	2823836	refusal	FinalHashAggregateStream[1]	1	14258582	32950004	92440822	8	4	0	33554432	FinalHashAggregateStream=45830292;PartialHashAggregateStream=33216514;RepartitionExec=13394016
event	2835794	refusal	PartialHashAggregateStream[0]	1	14225724	32739513	116389818	8	4	0	33554432	FinalHashAggregateStream=58085696;PartialHashAggregateStream=41367050;RepartitionExec=16937072
event	2845325	release_after_refusal	PartialHashAggregateStream[0]	1	16187905	16551608	118799548	8	4	0		FinalHashAggregateStream=58085696;PartialHashAggregateStream=43776780;RepartitionExec=16937072
event	2846671	release_after_refusal	FinalHashAggregateStream[1]	1	32949324	680	90118831	8	4	0		PartialHashAggregateStream=46075195;FinalHashAggregateStream=25136372;RepartitionExec=18907264
event	2851207	refusal	PartialHashAggregateStream[1]	1	14226039	32739335	101879338	8	4	0	33554432	PartialHashAggregateStream=49290943;FinalHashAggregateStream=32108267;RepartitionExec=20480128
event	2861451	release_after_refusal	PartialHashAggregateStream[1]	1	16187727	16551608	82718645	8	4	0		FinalHashAggregateStream=48164001;PartialHashAggregateStream=21160628;RepartitionExec=13394016
event	2862690	refusal	FinalHashAggregateStream[0]	1	14258708	32996564	86659029	8	4	0	33554432	FinalHashAggregateStream=48164001;PartialHashAggregateStream=21160628;RepartitionExec=17334400
event	2879014	refusal	FinalHashAggregateStream[1]	1	14258429	30715265	118913539	8	4	0	33554432	FinalHashAggregateStream=63711829;PartialHashAggregateStream=49291134;RepartitionExec=5910576
event	2882015	refusal	PartialHashAggregateStream[0]	1	14225877	32739526	118913539	8	4	0	33554432	FinalHashAggregateStream=63711829;PartialHashAggregateStream=49291134;RepartitionExec=5910576
event	2887954	release_after_refusal	FinalHashAggregateStream[0]	1	32995884	680	85917655	8	4	0		PartialHashAggregateStream=49291134;FinalHashAggregateStream=30715945;RepartitionExec=5910576
event	2892524	release_after_refusal	PartialHashAggregateStream[0]	1	16187918	16551608	77913973	8	4	0		FinalHashAggregateStream=35357125;PartialHashAggregateStream=33103216;RepartitionExec=9453632
event	2900444	release_after_refusal	FinalHashAggregateStream[1]	1	30714585	680	59707948	8	4	0		PartialHashAggregateStream=33103216;FinalHashAggregateStream=13997148;RepartitionExec=12607584
event	2923000	refusal	FinalHashAggregateStream[0]	1	14258951	32986310	91124557	8	4	0	33554432	FinalHashAggregateStream=59213165;PartialHashAggregateStream=21274000;RepartitionExec=10637392
event	2935057	refusal	FinalHashAggregateStream[1]	1	14258537	31819841	128710513	8	4	0	33554432	FinalHashAggregateStream=64806151;PartialHashAggregateStream=59963978;RepartitionExec=3940384
event	2936727	refusal	PartialHashAggregateStream[1]	1	14225922	32738858	128710513	8	4	0	33554432	FinalHashAggregateStream=64806151;PartialHashAggregateStream=59963978;RepartitionExec=3940384
event	2943398	refusal	PartialHashAggregateStream[0]	1	14225868	32738923	134224316	8	4	0	33554432	PartialHashAggregateStream=65477781;FinalHashAggregateStream=64806151;RepartitionExec=3940384
event	2947520	release_after_refusal	PartialHashAggregateStream[1]	1	16187250	16551608	118037066	8	4	0		FinalHashAggregateStream=64806151;PartialHashAggregateStream=49290531;RepartitionExec=3940384
event	2948589	release_after_refusal	FinalHashAggregateStream[0]	1	32985630	680	87021628	8	4	0		PartialHashAggregateStream=49290531;FinalHashAggregateStream=31820521;RepartitionExec=5910576
event	2953718	release_after_refusal	PartialHashAggregateStream[0]	1	16187315	16551608	83745149	8	4	0		FinalHashAggregateStream=36461485;PartialHashAggregateStream=33103216;RepartitionExec=14180448
event	2957491	release_after_refusal	FinalHashAggregateStream[1]	1	31819161	680	57161047	8	4	0		PartialHashAggregateStream=33103216;RepartitionExec=15364208;FinalHashAggregateStream=8693623
event	2983548	refusal	FinalHashAggregateStream[0]	1	14258162	32969138	90422080	8	4	0	33554432	FinalHashAggregateStream=61547006;RepartitionExec=14966768;PartialHashAggregateStream=13908306
event	2988715	refusal	FinalHashAggregateStream[1]	1	13103765	31847972	99198010	8	4	0	33554432	FinalHashAggregateStream=64817110;PartialHashAggregateStream=24927268;RepartitionExec=9453632
event	2997756	refusal	PartialHashAggregateStream[1]	1	14225796	32738950	107010372	8	4	0	33554432	FinalHashAggregateStream=64817110;PartialHashAggregateStream=32739630;RepartitionExec=9453632
event	3007378	release_after_refusal	FinalHashAggregateStream[0]	1	32968458	680	74041914	8	4	0		PartialHashAggregateStream=32739630;FinalHashAggregateStream=31848652;RepartitionExec=9453632
event	3010466	release_after_refusal	FinalHashAggregateStream[1]	1	31847292	680	45044465	8	4	0		PartialHashAggregateStream=32739630;RepartitionExec=9453632;FinalHashAggregateStream=2851203
event	3016333	release_after_refusal	PartialHashAggregateStream[1]	1	16187342	16551608	37133490	8	4	0		PartialHashAggregateStream=25047461;FinalHashAggregateStream=7359213;RepartitionExec=4726816
event	3032613	refusal	PartialHashAggregateStream[0]	1	8458159	29521854	92335370	8	4	0	33554432	PartialHashAggregateStream=46073462;FinalHashAggregateStream=40748660;RepartitionExec=5513248
event	3041809	release_after_refusal	PartialHashAggregateStream[0]	1	15996422	13525432	68083166	8	4	0		FinalHashAggregateStream=54557054;PartialHashAggregateStream=13526112
event	3050033	refusal	FinalHashAggregateStream[1]	1	14237274	32811358	95487898	8	4	0	33554432	FinalHashAggregateStream=66215702;PartialHashAggregateStream=27433076;RepartitionExec=1839120
event	3064605	refusal	PartialHashAggregateStream[1]	1	14225958	32738752	114319006	8	4	0	33554432	FinalHashAggregateStream=66215702;PartialHashAggregateStream=46264184;RepartitionExec=1839120
event	3074029	release_after_refusal	FinalHashAggregateStream[1]	1	32810678	680	81508328	8	4	0		PartialHashAggregateStream=46264184;FinalHashAggregateStream=33405024;RepartitionExec=1839120
event	3074213	release_after_refusal	PartialHashAggregateStream[1]	1	16187144	16551608	63482064	8	4	0		FinalHashAggregateStream=33405024;PartialHashAggregateStream=30077040
event	3078778	refusal	FinalHashAggregateStream[0]	1	9016044	33404344	71945555	8	4	0	33554432	FinalHashAggregateStream=36220979;PartialHashAggregateStream=30077040;RepartitionExec=5647536
event	3099735	release_after_refusal	FinalHashAggregateStream[0]	1	33403664	680	65070513	8	4	0		PartialHashAggregateStream=46074056;FinalHashAggregateStream=13348921;RepartitionExec=5647536
event	3101348	refusal	PartialHashAggregateStream[0]	1	8458002	29522448	63101217	8	4	0	33554432	PartialHashAggregateStream=46074056;FinalHashAggregateStream=13348921;RepartitionExec=3678240
event	3110144	release_after_refusal	PartialHashAggregateStream[0]	1	15996376	13526072	58818306	8	4	0		PartialHashAggregateStream=30077680;FinalHashAggregateStream=20470754;RepartitionExec=8269872
event	3123898	refusal	FinalHashAggregateStream[1]	1	2100119	32366142	79624365	8	4	0	33554432	FinalHashAggregateStream=58610061;PartialHashAggregateStream=13526752;RepartitionExec=7487552
event	3132162	refusal	FinalHashAggregateStream[0]	1	8988456	30653936	72479070	8	4	0	33554432	FinalHashAggregateStream=63020078;RepartitionExec=9457632;PartialHashAggregateStream=1360
event	3143145	release_after_refusal	FinalHashAggregateStream[1]	1	32365462	680	40113608	8	4	0		FinalHashAggregateStream=30654616;RepartitionExec=9457632;PartialHashAggregateStream=1360
event	3151782	release_after_refusal	FinalHashAggregateStream[0]	1	30653256	680	18917069	8	4	0		FinalHashAggregateStream=10379693;RepartitionExec=8536016;PartialHashAggregateStream=1360
event	3174683	refusal	PartialHashAggregateStream[1]	1	14225787	32738435	79848418	8	4	0	33554432	PartialHashAggregateStream=57665264;FinalHashAggregateStream=20212962;RepartitionExec=1970192
event	3184793	refusal	PartialHashAggregateStream[0]	1	14225994	32738973	87660562	8	4	0	33554432	PartialHashAggregateStream=65477408;FinalHashAggregateStream=20212962;RepartitionExec=1970192
event	3185180	release_after_refusal	PartialHashAggregateStream[1]	1	16186827	16551608	71473735	8	4	0		PartialHashAggregateStream=49290581;FinalHashAggregateStream=20212962;RepartitionExec=1970192
event	3194127	release_after_refusal	PartialHashAggregateStream[0]	1	16187365	16551608	76185634	8	4	0		FinalHashAggregateStream=43082418;PartialHashAggregateStream=33103216
event	3210918	refusal	FinalHashAggregateStream[1]	1	14264139	31848468	91440764	8	4	0	33554432	FinalHashAggregateStream=63862204;PartialHashAggregateStream=16552288;RepartitionExec=11026272
event	3212868	refusal	FinalHashAggregateStream[0]	1	14207770	32013736	96049167	8	4	0	33554432	FinalHashAggregateStream=63862204;PartialHashAggregateStream=21160691;RepartitionExec=11026272
event	3232704	refusal	PartialHashAggregateStream[0]	1	14225985	32739502	124179586	8	4	0	33554432	FinalHashAggregateStream=63862204;PartialHashAggregateStream=49291110;RepartitionExec=11026272
event	3234100	release_after_refusal	FinalHashAggregateStream[1]	1	31847788	680	92331798	8	4	0		PartialHashAggregateStream=49291110;FinalHashAggregateStream=32014416;RepartitionExec=11026272
event	3236352	release_after_refusal	FinalHashAggregateStream[0]	1	32013056	680	57627455	8	4	0		PartialHashAggregateStream=49291110;RepartitionExec=5513024;FinalHashAggregateStream=2823321
event	3242668	release_after_refusal	PartialHashAggregateStream[0]	1	16187894	16551608	43280332	8	4	0		PartialHashAggregateStream=33103216;FinalHashAggregateStream=10177116
event	3273899	refusal	PartialHashAggregateStream[1]	1	14225823	32738057	96149521	8	4	0	33554432	FinalHashAggregateStream=50921640;PartialHashAggregateStream=37347113;RepartitionExec=7880768
event	3283738	release_after_refusal	PartialHashAggregateStream[1]	1	16186449	16551608	100490540	8	4	0		FinalHashAggregateStream=50921640;PartialHashAggregateStream=41688132;RepartitionExec=7880768
event	3294884	refusal	PartialHashAggregateStream[0]	1	14225877	30650606	112134901	8	4	0	33554432	FinalHashAggregateStream=58235679;PartialHashAggregateStream=47202214;RepartitionExec=6697008
event	3300061	refusal	FinalHashAggregateStream[1]	1	9015648	30758340	113413414	8	4	0	33554432	FinalHashAggregateStream=61484384;PartialHashAggregateStream=47202214;RepartitionExec=4726816
event	3304117	release_after_refusal	PartialHashAggregateStream[0]	1	14100790	16549816	99312624	8	4	0		FinalHashAggregateStream=61484384;PartialHashAggregateStream=33101424;RepartitionExec=4726816
event	3308830	refusal	FinalHashAggregateStream[0]	1	14258519	30726044	102069248	8	4	0	33554432	FinalHashAggregateStream=61484384;PartialHashAggregateStream=33101424;RepartitionExec=7483440
event	3319944	release_after_refusal	FinalHashAggregateStream[1]	1	30757660	680	71311588	8	4	0		PartialHashAggregateStream=33101424;FinalHashAggregateStream=30726724;RepartitionExec=7483440
event	3328773	release_after_refusal	FinalHashAggregateStream[0]	1	30725364	680	47534583	8	4	0		PartialHashAggregateStream=33101424;FinalHashAggregateStream=9706343;RepartitionExec=4726816
event	3358577	refusal	FinalHashAggregateStream[1]	1	6228829	31632902	96807372	8	4	0	33554432	FinalHashAggregateStream=63449761;PartialHashAggregateStream=31387419;RepartitionExec=1970192
event	3360636	refusal	PartialHashAggregateStream[1]	1	14225958	31386739	101284171	8	4	0	33554432	FinalHashAggregateStream=63449761;PartialHashAggregateStream=35864218;RepartitionExec=1970192
event	3370749	release_after_refusal	PartialHashAggregateStream[1]	1	14836283	16550456	106896495	8	4	0		FinalHashAggregateStream=63449761;PartialHashAggregateStream=41476542;RepartitionExec=1970192
event	3374290	refusal	FinalHashAggregateStream[0]	1	13209728	31816859	114249022	8	4	0	33554432	FinalHashAggregateStream=63449761;PartialHashAggregateStream=46072445;RepartitionExec=4726816
event	3377292	refusal	PartialHashAggregateStream[0]	1	8458135	29521989	114249022	8	4	0	33554432	FinalHashAggregateStream=63449761;PartialHashAggregateStream=46072445;RepartitionExec=4726816
event	3378549	release_after_refusal	FinalHashAggregateStream[1]	1	31632222	680	82616800	8	4	0		PartialHashAggregateStream=46072445;FinalHashAggregateStream=31817539;RepartitionExec=4726816
event	3385718	release_after_refusal	PartialHashAggregateStream[0]	1	15995917	13526072	69291646	8	4	0		FinalHashAggregateStream=36458494;PartialHashAggregateStream=30076528;RepartitionExec=2756624
event	3397315	release_after_refusal	FinalHashAggregateStream[0]	1	31816179	680	58020593	8	4	0		PartialHashAggregateStream=30076528;FinalHashAggregateStream=15729697;RepartitionExec=12214368
event	3424580	refusal	PartialHashAggregateStream[0]	1	14226201	32738705	96229276	8	4	0	33554432	FinalHashAggregateStream=59549507;PartialHashAggregateStream=32739385;RepartitionExec=3940384
event	3430151	refusal	FinalHashAggregateStream[1]	1	14258249	31951532	104057779	8	4	0	33554432	FinalHashAggregateStream=60720641;PartialHashAggregateStream=41366946;RepartitionExec=1970192
event	3435107	release_after_refusal	PartialHashAggregateStream[0]	1	16187097	16551608	95908278	8	4	0		FinalHashAggregateStream=60720641;PartialHashAggregateStream=33217445;RepartitionExec=1970192
event	3446771	refusal	PartialHashAggregateStream[1]	1	14225524	32740363	115923188	8	4	0	33554432	FinalHashAggregateStream=60720641;PartialHashAggregateStream=49291971;RepartitionExec=5910576
event	3452850	release_after_refusal	FinalHashAggregateStream[1]	1	31950852	680	83972336	8	4	0		PartialHashAggregateStream=49291971;FinalHashAggregateStream=28769789;RepartitionExec=5910576
event	3456077	release_after_refusal	PartialHashAggregateStream[1]	1	16188755	16551608	65813389	8	4	0		PartialHashAggregateStream=33103216;FinalHashAggregateStream=28769789;RepartitionExec=3940384
event	3464076	refusal	FinalHashAggregateStream[0]	1	13552853	32017589	81297527	8	4	0	33554432	FinalHashAggregateStream=40710871;PartialHashAggregateStream=33103216;RepartitionExec=7483440
event	3484472	release_after_refusal	FinalHashAggregateStream[0]	1	32016909	680	75210539	8	4	0		PartialHashAggregateStream=35837024;FinalHashAggregateStream=27949691;RepartitionExec=11423824
event	3494363	refusal	PartialHashAggregateStream[0]	1	8458191	29522565	87025042	8	4	0	33554432	PartialHashAggregateStream=46074173;FinalHashAggregateStream=38980677;RepartitionExec=1970192
event	3502254	release_after_refusal	PartialHashAggregateStream[0]	1	15996493	13526072	83429628	8	4	0		FinalHashAggregateStream=49411564;PartialHashAggregateStream=30077680;RepartitionExec=3940384
event	3510475	refusal	FinalHashAggregateStream[1]	1	14231603	32393852	94114171	8	4	0	33554432	FinalHashAggregateStream=58519131;PartialHashAggregateStream=30077680;RepartitionExec=5517360
event	3513281	refusal	FinalHashAggregateStream[0]	1	2109578	32279014	98428786	8	4	0	33554432	FinalHashAggregateStream=64672866;PartialHashAggregateStream=30077680;RepartitionExec=3678240
event	3532701	release_after_refusal	FinalHashAggregateStream[0]	1	32278334	680	66150452	8	4	0		FinalHashAggregateStream=32394532;PartialHashAggregateStream=30077680;RepartitionExec=3678240
event	3534430	release_after_refusal	FinalHashAggregateStream[1]	1	32393172	680	35596400	8	4	0		PartialHashAggregateStream=30077680;RepartitionExec=5517360;FinalHashAggregateStream=1360
event	3565444	refusal	PartialHashAggregateStream[0]	1	14225715	32738813	97646856	8	4	0	33554432	PartialHashAggregateStream=57665590;FinalHashAggregateStream=35254562;RepartitionExec=4726704
event	3575062	refusal	PartialHashAggregateStream[1]	1	14225436	32739319	105459398	8	4	0	33554432	PartialHashAggregateStream=65478132;FinalHashAggregateStream=35254562;RepartitionExec=4726704
event	3575075	release_after_refusal	PartialHashAggregateStream[0]	1	16187205	16551608	89272193	8	4	0		PartialHashAggregateStream=49290927;FinalHashAggregateStream=35254562;RepartitionExec=4726704
event	3584323	release_after_refusal	PartialHashAggregateStream[1]	1	16187711	16551608	91846731	8	4	0		FinalHashAggregateStream=42592987;PartialHashAggregateStream=33103216;RepartitionExec=16150528
event	3590990	refusal	FinalHashAggregateStream[1]	1	7864971	31851530	102227761	8	4	0	33554432	FinalHashAggregateStream=56914289;PartialHashAggregateStream=33103216;RepartitionExec=12210256
event	3603673	refusal	FinalHashAggregateStream[0]	1	14258609	31780646	109732080	8	4	0	33554432	FinalHashAggregateStream=63632176;PartialHashAggregateStream=33103216;RepartitionExec=12996688
event	3612099	release_after_refusal	FinalHashAggregateStream[1]	1	31850850	680	77881230	8	4	0		PartialHashAggregateStream=33103216;FinalHashAggregateStream=31781326;RepartitionExec=12996688
event	3625686	release_after_refusal	FinalHashAggregateStream[0]	1	31779966	680	51066708	8	4	0		RepartitionExec=20480128;PartialHashAggregateStream=16552288;FinalHashAggregateStream=14034292
event	3648146	refusal	PartialHashAggregateStream[1]	1	14225796	32737596	86495771	8	4	0	33554432	FinalHashAggregateStream=44553884;PartialHashAggregateStream=37215183;RepartitionExec=4726704
event	3657878	release_after_refusal	PartialHashAggregateStream[1]	1	16185988	16551608	90758248	8	4	0		FinalHashAggregateStream=44553884;PartialHashAggregateStream=41477660;RepartitionExec=4726704
event	3663664	refusal	PartialHashAggregateStream[0]	1	8458267	29522603	108712523	8	4	0	33554432	FinalHashAggregateStream=46885112;PartialHashAggregateStream=46074211;RepartitionExec=15753200
event	3671212	release_after_refusal	PartialHashAggregateStream[0]	1	15997171	13525432	87592665	8	4	0		FinalHashAggregateStream=52402777;RepartitionExec=21663776;PartialHashAggregateStream=13526112
event	3672857	refusal	FinalHashAggregateStream[1]	1	13132150	33016480	87592665	8	4	0	33554432	FinalHashAggregateStream=52402777;RepartitionExec=21663776;PartialHashAggregateStream=13526112
event	3689450	refusal	FinalHashAggregateStream[0]	1	14325789	31838657	88899976	8	4	0	33554432	FinalHashAggregateStream=64855137;PartialHashAggregateStream=18134263;RepartitionExec=5910576
event	3696979	release_after_refusal	FinalHashAggregateStream[1]	1	33015800	680	67939342	8	4	0		FinalHashAggregateStream=31839337;PartialHashAggregateStream=30189429;RepartitionExec=5910576
event	3709325	refusal	PartialHashAggregateStream[1]	1	14226039	32737776	86683605	8	4	0	33554432	PartialHashAggregateStream=46263208;FinalHashAggregateStream=36480013;RepartitionExec=3940384
event	3711433	release_after_refusal	FinalHashAggregateStream[0]	1	31837977	680	54845628	8	4	0		PartialHashAggregateStream=46263208;FinalHashAggregateStream=4642036;RepartitionExec=3940384
event	3718977	release_after_refusal	PartialHashAggregateStream[1]	1	16186168	16551608	45139607	8	4	0		PartialHashAggregateStream=30077040;FinalHashAggregateStream=9283063;RepartitionExec=5779504
event	3744917	refusal	FinalHashAggregateStream[1]	1	13093100	33000359	98071599	8	4	0	33554432	FinalHashAggregateStream=64855531;PartialHashAggregateStream=33216068
event	3756148	refusal	PartialHashAggregateStream[0]	1	14225652	32738203	114145342	8	4	0	33554432	FinalHashAggregateStream=64855531;PartialHashAggregateStream=49289811
event	3765359	release_after_refusal	PartialHashAggregateStream[0]	1	16186595	16551608	97958747	8	4	0		FinalHashAggregateStream=64855531;PartialHashAggregateStream=33103216
event	3767114	release_after_refusal	FinalHashAggregateStream[1]	1	32999679	680	70472316	8	4	0		PartialHashAggregateStream=33103216;FinalHashAggregateStream=31855852;RepartitionExec=5513248
event	3770476	refusal	FinalHashAggregateStream[0]	1	14258735	31855172	75261773	8	4	0	33554432	FinalHashAggregateStream=34675117;PartialHashAggregateStream=33103216;RepartitionExec=7483440
event	3794600	release_after_refusal	FinalHashAggregateStream[0]	1	31854492	680	65993314	8	4	0		PartialHashAggregateStream=49291269;RepartitionExec=11423824;FinalHashAggregateStream=5278221
event	3794971	refusal	PartialHashAggregateStream[1]	1	14225517	32739661	64023122	8	4	0	33554432	PartialHashAggregateStream=49291269;RepartitionExec=9453632;FinalHashAggregateStream=5278221
event	3804326	release_after_refusal	PartialHashAggregateStream[1]	1	16188053	16551608	56048746	8	4	0		PartialHashAggregateStream=33103216;FinalHashAggregateStream=18218714;RepartitionExec=4726816
event	3825803	refusal	FinalHashAggregateStream[0]	1	13001135	31922096	79866835	8	4	0	33554432	FinalHashAggregateStream=60557923;PartialHashAggregateStream=16552288;RepartitionExec=2756624
event	3846487	refusal	PartialHashAggregateStream[0]	1	14225652	32738453	115852863	8	4	0	33554432	FinalHashAggregateStream=63806178;PartialHashAggregateStream=49290061;RepartitionExec=2756624
event	3847346	release_after_refusal	FinalHashAggregateStream[0]	1	31921416	680	83931447	8	4	0		PartialHashAggregateStream=49290061;FinalHashAggregateStream=31884762;RepartitionExec=2756624
event	3852423	refusal	FinalHashAggregateStream[1]	1	14309791	31884082	83981784	8	4	0	33554432	PartialHashAggregateStream=49290061;FinalHashAggregateStream=34691723
event	3856033	release_after_refusal	PartialHashAggregateStream[0]	1	16186845	16551608	67794939	8	4	0		FinalHashAggregateStream=34691723;PartialHashAggregateStream=33103216
event	3875035	release_after_refusal	FinalHashAggregateStream[1]	1	31883402	680	53031354	8	4	0		FinalHashAggregateStream=25055242;PartialHashAggregateStream=16552288;RepartitionExec=11423824
event	3898025	refusal	PartialHashAggregateStream[0]	1	14225616	32738190	88393055	8	4	0	33554432	FinalHashAggregateStream=53683993;PartialHashAggregateStream=32738870;RepartitionExec=1970192
event	3907929	release_after_refusal	PartialHashAggregateStream[0]	1	16186582	16551608	99463888	8	4	0		FinalHashAggregateStream=56015005;PartialHashAggregateStream=41478691;RepartitionExec=1970192
event	3917132	refusal	FinalHashAggregateStream[1]	1	14258339	31746767	120763991	8	4	0	33554432	FinalHashAggregateStream=59263494;PartialHashAggregateStream=49290241;RepartitionExec=12210256
event	3918676	refusal	PartialHashAggregateStream[1]	1	14225958	32738633	120763991	8	4	0	33554432	FinalHashAggregateStream=59263494;PartialHashAggregateStream=49290241;RepartitionExec=12210256
event	3928750	release_after_refusal	PartialHashAggregateStream[1]	1	16187025	16551608	104576966	8	4	0		FinalHashAggregateStream=59263494;PartialHashAggregateStream=33103216;RepartitionExec=12210256
event	3937224	refusal	FinalHashAggregateStream[0]	1	9014688	30765009	108611680	8	4	0	33554432	FinalHashAggregateStream=62511776;PartialHashAggregateStream=33103216;RepartitionExec=12996688
event	3941001	release_after_refusal	FinalHashAggregateStream[1]	1	31746087	680	76865593	8	4	0		PartialHashAggregateStream=33103216;FinalHashAggregateStream=30765689;RepartitionExec=12996688
event	3959213	release_after_refusal	FinalHashAggregateStream[0]	1	30764329	680	73848068	8	4	0		RepartitionExec=29146208;PartialHashAggregateStream=25178848;FinalHashAggregateStream=19523012
event	3976421	refusal	PartialHashAggregateStream[0]	1	14225715	32737713	107460676	8	4	0	33554432	FinalHashAggregateStream=52149482;PartialHashAggregateStream=46645114;RepartitionExec=8666080
event	3986091	release_after_refusal	PartialHashAggregateStream[0]	1	16186105	16551608	106742989	8	4	0		FinalHashAggregateStream=60669304;PartialHashAggregateStream=46073685
event	3987706	refusal	PartialHashAggregateStream[1]	1	8458551	29522077	111469805	8	4	0	33554432	FinalHashAggregateStream=60669304;PartialHashAggregateStream=46073685;RepartitionExec=4726816
event	3988855	refusal	FinalHashAggregateStream[1]	1	6370529	31942574	111469805	8	4	0	33554432	FinalHashAggregateStream=60669304;PartialHashAggregateStream=46073685;RepartitionExec=4726816
event	3994393	refusal	FinalHashAggregateStream[0]	1	14273830	31975309	112748192	8	4	0	33554432	FinalHashAggregateStream=63917883;PartialHashAggregateStream=46073685;RepartitionExec=2756624
event	3995712	release_after_refusal	PartialHashAggregateStream[1]	1	15996005	13526072	96752187	8	4	0		FinalHashAggregateStream=63917883;PartialHashAggregateStream=30077680;RepartitionExec=2756624
event	4012965	release_after_refusal	FinalHashAggregateStream[1]	1	31941894	680	70458725	8	4	0		FinalHashAggregateStream=31975989;PartialHashAggregateStream=30077680;RepartitionExec=8405056
event	4025076	release_after_refusal	FinalHashAggregateStream[0]	1	31974629	680	58401573	8	4	0		PartialHashAggregateStream=30077680;RepartitionExec=16154752;FinalHashAggregateStream=12169141
event	4049118	refusal	FinalHashAggregateStream[1]	1	3248417	31184301	87185861	8	4	0	33554432	FinalHashAggregateStream=55329007;PartialHashAggregateStream=22534742;RepartitionExec=9322112
event	4062835	refusal	FinalHashAggregateStream[0]	1	13097460	32037477	123183837	8	4	0	33554432	FinalHashAggregateStream=63221778;PartialHashAggregateStream=59962059
event	4066161	refusal	PartialHashAggregateStream[1]	1	14225886	32737616	125482153	8	4	0	33554432	FinalHashAggregateStream=63221778;PartialHashAggregateStream=62260375
event	4071211	release_after_refusal	FinalHashAggregateStream[1]	1	31183621	680	97513882	8	4	0		PartialHashAggregateStream=65475725;FinalHashAggregateStream=32038157
event	4071491	refusal	PartialHashAggregateStream[0]	1	14225814	32738109	97513882	8	4	0	33554432	PartialHashAggregateStream=65475725;FinalHashAggregateStream=32038157
event	4077272	release_after_refusal	PartialHashAggregateStream[1]	1	16186008	16551608	81327874	8	4	0		PartialHashAggregateStream=49289717;FinalHashAggregateStream=32038157
event	4083373	release_after_refusal	PartialHashAggregateStream[0]	1	16186501	16551608	77109204	8	4	0		FinalHashAggregateStream=36522548;PartialHashAggregateStream=33103216;RepartitionExec=7483440
event	4087558	release_after_refusal	FinalHashAggregateStream[0]	1	32036797	680	58033885	8	4	0		PartialHashAggregateStream=33103216;RepartitionExec=13394016;FinalHashAggregateStream=11536653
event	4110274	refusal	FinalHashAggregateStream[1]	1	6373368	31961892	79067425	8	4	0	33554432	FinalHashAggregateStream=55706033;PartialHashAggregateStream=13907872;RepartitionExec=9453520
event	4122268	refusal	FinalHashAggregateStream[0]	1	9015657	33235850	121617722	8	4	0	33554432	FinalHashAggregateStream=65197742;PartialHashAggregateStream=54449788;RepartitionExec=1970192
event	4126945	refusal	PartialHashAggregateStream[1]	1	14225598	32738606	127131235	8	4	0	33554432	FinalHashAggregateStream=65197742;PartialHashAggregateStream=59963301;RepartitionExec=1970192
event	4131246	release_after_refusal	FinalHashAggregateStream[1]	1	31961212	680	100683817	8	4	0		PartialHashAggregateStream=65477095;FinalHashAggregateStream=33236530;RepartitionExec=1970192
event	4134004	refusal	PartialHashAggregateStream[0]	1	14225598	32738489	98713625	8	4	0	33554432	PartialHashAggregateStream=65477095;FinalHashAggregateStream=33236530
event	4138260	release_after_refusal	PartialHashAggregateStream[1]	1	16186998	16551608	87167726	8	4	0		PartialHashAggregateStream=49290097;FinalHashAggregateStream=37877629
event	4144330	release_after_refusal	PartialHashAggregateStream[0]	1	16186881	16551608	88671189	8	4	0		FinalHashAggregateStream=44931477;PartialHashAggregateStream=33103216;RepartitionExec=10636496
event	4153836	release_after_refusal	FinalHashAggregateStream[0]	1	33235170	680	66059344	8	4	0		RepartitionExec=25603264;FinalHashAggregateStream=23903792;PartialHashAggregateStream=16552288
event	4168661	refusal	FinalHashAggregateStream[1]	1	14258339	31813409	106670641	8	4	0	33554432	FinalHashAggregateStream=47461336;PartialHashAggregateStream=33216041;RepartitionExec=25993264
event	4181343	refusal	PartialHashAggregateStream[1]	1	14225787	32738698	122721260	8	4	0	33554432	FinalHashAggregateStream=60434378;PartialHashAggregateStream=49290306;RepartitionExec=12996576
event	4186246	refusal	FinalHashAggregateStream[0]	1	13094555	31875773	120462928	8	4	0	33554432	FinalHashAggregateStream=63689182;PartialHashAggregateStream=49290306;RepartitionExec=7483440
event	4192060	release_after_refusal	PartialHashAggregateStream[1]	1	16187090	16551608	104275838	8	4	0		FinalHashAggregateStream=63689182;PartialHashAggregateStream=33103216;RepartitionExec=7483440
event	4192121	release_after_refusal	FinalHashAggregateStream[1]	1	31812729	680	72463109	8	4	0		PartialHashAggregateStream=33103216;FinalHashAggregateStream=31876453;RepartitionExec=7483440
event	4208107	release_after_refusal	FinalHashAggregateStream[0]	1	31875093	680	63313461	8	4	0		PartialHashAggregateStream=24927070;FinalHashAggregateStream=19479127;RepartitionExec=18907264
event	4216767	refusal	PartialHashAggregateStream[0]	1	14225526	32738446	84819743	8	4	0	33554432	PartialHashAggregateStream=37347376;FinalHashAggregateStream=33292815;RepartitionExec=14179552
event	4226668	release_after_refusal	PartialHashAggregateStream[0]	1	16186838	16551608	91446971	8	4	0		FinalHashAggregateStream=43272159;PartialHashAggregateStream=41478700;RepartitionExec=6696112
event	4236033	refusal	PartialHashAggregateStream[1]	1	14225886	32739067	112477313	8	4	0	33554432	FinalHashAggregateStream=63186638;PartialHashAggregateStream=49290675
event	4237898	refusal	FinalHashAggregateStream[1]	1	6339580	31869907	112477313	8	4	0	33554432	FinalHashAggregateStream=63186638;PartialHashAggregateStream=49290675
event	4239689	refusal	FinalHashAggregateStream[0]	1	3248606	31316731	112477313	8	4	0	33554432	FinalHashAggregateStream=63186638;PartialHashAggregateStream=49290675
event	4246603	release_after_refusal	PartialHashAggregateStream[1]	1	16187459	16551608	96289854	8	4	0		FinalHashAggregateStream=63186638;PartialHashAggregateStream=33103216
event	4258434	release_after_refusal	FinalHashAggregateStream[0]	1	31316051	680	72457243	8	4	0		PartialHashAggregateStream=33103216;FinalHashAggregateStream=31870587;RepartitionExec=7483440
event	4258871	release_after_refusal	FinalHashAggregateStream[1]	1	31869227	680	38617824	8	4	0		PartialHashAggregateStream=33103216;RepartitionExec=5513248;FinalHashAggregateStream=1360
event	4290835	refusal	FinalHashAggregateStream[1]	1	2090045	32414431	91727469	8	4	0	33554432	FinalHashAggregateStream=62204181;PartialHashAggregateStream=29523288
event	4296523	refusal	PartialHashAggregateStream[1]	1	14225742	32738419	94943280	8	4	0	33554432	FinalHashAggregateStream=62204181;PartialHashAggregateStream=32739099
event	4306337	release_after_refusal	PartialHashAggregateStream[1]	1	16186811	16551608	78756469	8	4	0		FinalHashAggregateStream=62204181;PartialHashAggregateStream=16552288
event	4310595	release_after_refusal	FinalHashAggregateStream[1]	1	32413751	680	53826158	8	4	0		FinalHashAggregateStream=29790430;PartialHashAggregateStream=16552288;RepartitionExec=7483440
event	4311020	refusal	FinalHashAggregateStream[0]	1	8353770	29789750	53826158	8	4	0	33554432	FinalHashAggregateStream=29790430;PartialHashAggregateStream=16552288;RepartitionExec=7483440
event	4332162	release_after_refusal	FinalHashAggregateStream[0]	1	29789070	680	51031611	8	4	0		FinalHashAggregateStream=23846703;PartialHashAggregateStream=18517708;RepartitionExec=8667200
event	4348033	refusal	PartialHashAggregateStream[1]	1	14225985	32740102	103111986	8	4	0	33554432	PartialHashAggregateStream=62264024;FinalHashAggregateStream=40847962
event	4351678	refusal	PartialHashAggregateStream[0]	1	14225904	32739598	106327662	8	4	0	33554432	PartialHashAggregateStream=65479700;FinalHashAggregateStream=40847962
event	4358004	release_after_refusal	PartialHashAggregateStream[1]	1	16188494	16551608	90139168	8	4	0		PartialHashAggregateStream=49291206;FinalHashAggregateStream=40847962
event	4360808	release_after_refusal	PartialHashAggregateStream[0]	1	16187990	16551608	76707802	8	4	0		FinalHashAggregateStream=40847962;PartialHashAggregateStream=33103216;RepartitionExec=2756624
event	4373429	refusal	FinalHashAggregateStream[1]	1	13073012	32083892	111660479	8	4	0	33554432	FinalHashAggregateStream=64376815;PartialHashAggregateStream=33103216;RepartitionExec=14180448
event	4374487	refusal	FinalHashAggregateStream[0]	1	2084666	32292923	111660479	8	4	0	33554432	FinalHashAggregateStream=64376815;PartialHashAggregateStream=33103216;RepartitionExec=14180448
event	4392458	release_after_refusal	FinalHashAggregateStream[0]	1	32292243	680	79368236	8	4	0		PartialHashAggregateStream=33103216;FinalHashAggregateStream=32084572;RepartitionExec=14180448
event	4394189	release_after_refusal	FinalHashAggregateStream[1]	1	32083212	680	44528400	8	4	0		PartialHashAggregateStream=33103216;RepartitionExec=11423824;FinalHashAggregateStream=1360
event	4432509	refusal	PartialHashAggregateStream[1]	1	14225670	32739202	111190501	8	4	0	33554432	PartialHashAggregateStream=62261864;FinalHashAggregateStream=48928637
event	4437637	refusal	PartialHashAggregateStream[0]	1	14225760	32738023	114405862	8	4	0	33554432	PartialHashAggregateStream=65477225;FinalHashAggregateStream=48928637
event	4442846	release_after_refusal	PartialHashAggregateStream[1]	1	16187594	16551608	98218268	8	4	0		PartialHashAggregateStream=49289631;FinalHashAggregateStream=48928637
event	4447530	release_after_refusal	PartialHashAggregateStream[0]	1	16186415	16551608	87099854	8	4	0		FinalHashAggregateStream=51240014;PartialHashAggregateStream=33103216;RepartitionExec=2756624
event	4451924	refusal	FinalHashAggregateStream[0]	1	1183968	33422355	104162119	8	4	0	33554432	FinalHashAggregateStream=60818839;PartialHashAggregateStream=33103216;RepartitionExec=10240064
event	4457466	refusal	FinalHashAggregateStream[1]	1	6353351	31781400	107760603	8	4	0	33554432	FinalHashAggregateStream=65203755;PartialHashAggregateStream=33103216;RepartitionExec=9453632
event	4471821	release_after_refusal	FinalHashAggregateStream[0]	1	33421675	680	74338928	8	4	0		PartialHashAggregateStream=33103216;FinalHashAggregateStream=31782080;RepartitionExec=9453632
event	4477999	release_after_refusal	FinalHashAggregateStream[1]	1	31780720	680	47985478	8	4	0		PartialHashAggregateStream=33103216;RepartitionExec=10240064;FinalHashAggregateStream=4642198
event	4508797	refusal	PartialHashAggregateStream[1]	1	14225625	32739031	97417677	8	4	0	33554432	FinalHashAggregateStream=56051242;PartialHashAggregateStream=41366435
event	4518935	release_after_refusal	PartialHashAggregateStream[1]	1	16187423	16551608	89266671	8	4	0		FinalHashAggregateStream=56051242;PartialHashAggregateStream=33215429
event	4528090	refusal	FinalHashAggregateStream[1]	1	7850694	31901922	113007630	8	4	0	33554432	FinalHashAggregateStream=63718019;PartialHashAggregateStream=49289611
event	4528800	refusal	FinalHashAggregateStream[0]	1	14259086	31816097	113007630	8	4	0	33554432	FinalHashAggregateStream=63718019;PartialHashAggregateStream=49289611
event	4529962	refusal	PartialHashAggregateStream[0]	1	14225859	32738003	113007630	8	4	0	33554432	FinalHashAggregateStream=63718019;PartialHashAggregateStream=49289611
event	4541361	release_after_refusal	PartialHashAggregateStream[0]	1	16186395	16551608	96821235	8	4	0		FinalHashAggregateStream=63718019;PartialHashAggregateStream=33103216
event	4551884	release_after_refusal	FinalHashAggregateStream[1]	1	31901242	680	72403433	8	4	0		PartialHashAggregateStream=33103216;FinalHashAggregateStream=31816777;RepartitionExec=7483440
event	4553123	release_after_refusal	FinalHashAggregateStream[0]	1	31815417	680	40588016	8	4	0		PartialHashAggregateStream=33103216;RepartitionExec=7483440;FinalHashAggregateStream=1360
event	4587914	refusal	PartialHashAggregateStream[1]	1	14225535	32739353	97374802	8	4	0	33554432	FinalHashAggregateStream=57270025;PartialHashAggregateStream=37348265;RepartitionExec=2756512
event	4597924	release_after_refusal	PartialHashAggregateStream[1]	1	16187745	16551608	103158334	8	4	0		FinalHashAggregateStream=61680246;PartialHashAggregateStream=41478088
event	4603143	refusal	FinalHashAggregateStream[0]	1	14258708	32940950	116503980	8	4	0	33554432	FinalHashAggregateStream=64915769;PartialHashAggregateStream=46074963;RepartitionExec=5513248
event	4605373	refusal	FinalHashAggregateStream[1]	1	7857462	31974819	119719548	8	4	0	33554432	FinalHashAggregateStream=64915769;PartialHashAggregateStream=49290531;RepartitionExec=5513248
event	4607883	refusal	PartialHashAggregateStream[0]	1	14225832	32738923	119719548	8	4	0	33554432	FinalHashAggregateStream=64915769;PartialHashAggregateStream=49290531;RepartitionExec=5513248
event	4618276	release_after_refusal	PartialHashAggregateStream[0]	1	16187315	16551608	103532233	8	4	0		FinalHashAggregateStream=64915769;PartialHashAggregateStream=33103216;RepartitionExec=5513248
event	4628053	release_after_refusal	FinalHashAggregateStream[1]	1	31974139	680	79041534	8	4	0		PartialHashAggregateStream=33103216;FinalHashAggregateStream=32941630;RepartitionExec=12996688
event	4629440	release_after_refusal	FinalHashAggregateStream[0]	1	32940270	680	43344640	8	4	0		PartialHashAggregateStream=33103216;RepartitionExec=10240064;FinalHashAggregateStream=1360
event	4682855	refusal	PartialHashAggregateStream[1]	1	14225967	32738149	127209056	8	4	0	33554432	PartialHashAggregateStream=65476836;FinalHashAggregateStream=61732220
event	4685341	refusal	PartialHashAggregateStream[0]	1	14225562	32738687	127209056	8	4	0	33554432	PartialHashAggregateStream=65476836;FinalHashAggregateStream=61732220
event	4692319	release_after_refusal	PartialHashAggregateStream[1]	1	16186541	16551608	111022515	8	4	0		FinalHashAggregateStream=61732220;PartialHashAggregateStream=49290295
event	4694405	release_after_refusal	PartialHashAggregateStream[0]	1	16187079	16551608	97592060	8	4	0		FinalHashAggregateStream=61732220;PartialHashAggregateStream=33103216;RepartitionExec=2756624
event	4697472	refusal	FinalHashAggregateStream[1]	1	14335025	32011700	108323989	8	4	0	33554432	FinalHashAggregateStream=64980709;PartialHashAggregateStream=33103216;RepartitionExec=10240064
event	4701682	refusal	FinalHashAggregateStream[0]	1	14243852	32969009	108323989	8	4	0	33554432	FinalHashAggregateStream=64980709;PartialHashAggregateStream=33103216;RepartitionExec=10240064
event	4721320	release_after_refusal	FinalHashAggregateStream[1]	1	32011020	680	76312969	8	4	0		PartialHashAggregateStream=33103216;FinalHashAggregateStream=32969689;RepartitionExec=10240064
event	4725516	release_after_refusal	FinalHashAggregateStream[0]	1	32968329	680	47804902	8	4	0		PartialHashAggregateStream=33103216;RepartitionExec=10240064;FinalHashAggregateStream=4461622
event	4752658	refusal	FinalHashAggregateStream[1]	1	6333759	31782340	82501338	8	4	0	33554432	FinalHashAggregateStream=63080202;PartialHashAggregateStream=13908000;RepartitionExec=5513136
event	4754820	refusal	FinalHashAggregateStream[0]	1	3248768	31297862	85258595	8	4	0	33554432	FinalHashAggregateStream=63080202;PartialHashAggregateStream=16665257;RepartitionExec=5513136
event	4767699	refusal	PartialHashAggregateStream[1]	1	14225895	32737976	101331994	8	4	0	33554432	FinalHashAggregateStream=63080202;PartialHashAggregateStream=32738656;RepartitionExec=5513136
event	4772605	release_after_refusal	FinalHashAggregateStream[1]	1	31781660	680	69550334	8	4	0		PartialHashAggregateStream=32738656;FinalHashAggregateStream=31298542;RepartitionExec=5513136
event	4773850	release_after_refusal	FinalHashAggregateStream[0]	1	31297182	680	35496528	8	4	0		PartialHashAggregateStream=32738656;RepartitionExec=2756512;FinalHashAggregateStream=1360
event	4777968	release_after_refusal	PartialHashAggregateStream[1]	1	16186368	16551608	26436304	8	4	0		PartialHashAggregateStream=21160736;FinalHashAggregateStream=5275568
event	4797616	refusal	PartialHashAggregateStream[0]	1	14225661	32737677	76640095	8	4	0	33554432	FinalHashAggregateStream=39175930;PartialHashAggregateStream=32738357;RepartitionExec=4725808
event	4807551	release_after_refusal	PartialHashAggregateStream[0]	1	16186069	16551608	83508090	8	4	0		FinalHashAggregateStream=50292051;PartialHashAggregateStream=33216039
event	4821392	refusal	PartialHashAggregateStream[1]	1	14225895	32739110	115797433	8	4	0	33554432	FinalHashAggregateStream=63750091;PartialHashAggregateStream=49290718;RepartitionExec=2756624
event	4822178	refusal	FinalHashAggregateStream[0]	1	14255651	30698894	115797433	8	4	0	33554432	FinalHashAggregateStream=63750091;PartialHashAggregateStream=49290718;RepartitionExec=2756624
event	4831354	release_after_refusal	PartialHashAggregateStream[1]	1	16187502	16551608	99609931	8	4	0		FinalHashAggregateStream=63750091;PartialHashAggregateStream=33103216;RepartitionExec=2756624
event	4836637	refusal	FinalHashAggregateStream[1]	1	14327657	33051197	103550315	8	4	0	33554432	FinalHashAggregateStream=63750091;PartialHashAggregateStream=33103216;RepartitionExec=6697008
event	4843763	release_after_refusal	FinalHashAggregateStream[0]	1	30698214	680	72852101	8	4	0		PartialHashAggregateStream=33103216;FinalHashAggregateStream=33051877;RepartitionExec=6697008
event	4860773	release_after_refusal	FinalHashAggregateStream[1]	1	33050517	680	50011477	8	4	0		PartialHashAggregateStream=30459936;FinalHashAggregateStream=12854757;RepartitionExec=6696784
event	4875554	refusal	PartialHashAggregateStream[0]	1	14225850	32739715	85799493	8	4	0	33554432	PartialHashAggregateStream=49291323;FinalHashAggregateStream=30994922;RepartitionExec=5513248
event	4885425	release_after_refusal	PartialHashAggregateStream[0]	1	16188107	16551608	76699933	8	4	0		FinalHashAggregateStream=51520462;PartialHashAggregateStream=25179471
event	4897507	refusal	FinalHashAggregateStream[0]	1	13093574	32995457	117861675	8	4	0	33554432	FinalHashAggregateStream=63844685;PartialHashAggregateStream=43776926;RepartitionExec=10240064
event	4900193	refusal	FinalHashAggregateStream[1]	1	7553688	30849228	120159775	8	4	0	33554432	FinalHashAggregateStream=63844685;PartialHashAggregateStream=46075026;RepartitionExec=10240064
event	4904544	refusal	PartialHashAggregateStream[1]	1	14225796	32739058	123375415	8	4	0	33554432	FinalHashAggregateStream=63844685;PartialHashAggregateStream=49290666;RepartitionExec=10240064
event	4915074	release_after_refusal	PartialHashAggregateStream[1]	1	16187450	16551608	107187965	8	4	0		FinalHashAggregateStream=63844685;PartialHashAggregateStream=33103216;RepartitionExec=10240064
event	4921432	release_after_refusal	FinalHashAggregateStream[1]	1	30848548	680	79096041	8	4	0		PartialHashAggregateStream=33103216;FinalHashAggregateStream=32996137;RepartitionExec=12996688
event	4921949	release_after_refusal	FinalHashAggregateStream[0]	1	32994777	680	43344640	8	4	0		PartialHashAggregateStream=33103216;RepartitionExec=10240064;FinalHashAggregateStream=1360
event	4947633	refusal	PartialHashAggregateStream[0]	1	14226039	32739184	84286131	8	4	0	33554432	FinalHashAggregateStream=51546267;PartialHashAggregateStream=32739864
event	4957626	release_after_refusal	PartialHashAggregateStream[0]	1	16187576	16551608	87093482	8	4	0		FinalHashAggregateStream=53877162;PartialHashAggregateStream=33216320
event	4967391	refusal	FinalHashAggregateStream[0]	1	6354089	31916465	122243296	8	4	0	33554432	FinalHashAggregateStream=62712397;PartialHashAggregateStream=49290835;RepartitionExec=10240064
event	4968734	refusal	PartialHashAggregateStream[1]	1	14225994	32739227	122243296	8	4	0	33554432	FinalHashAggregateStream=62712397;PartialHashAggregateStream=49290835;RepartitionExec=10240064
event	4969265	refusal	FinalHashAggregateStream[1]	1	8974911	30795932	122243296	8	4	0	33554432	FinalHashAggregateStream=62712397;PartialHashAggregateStream=49290835;RepartitionExec=10240064
event	4979109	release_after_refusal	PartialHashAggregateStream[1]	1	16187619	16551608	106055677	8	4	0		FinalHashAggregateStream=62712397;PartialHashAggregateStream=33103216;RepartitionExec=10240064
event	4988821	release_after_refusal	FinalHashAggregateStream[0]	1	31915785	680	76896516	8	4	0		PartialHashAggregateStream=33103216;FinalHashAggregateStream=30796612;RepartitionExec=12996688
event	4991739	release_after_refusal	FinalHashAggregateStream[1]	1	30795252	680	46101264	8	4	0		PartialHashAggregateStream=33103216;RepartitionExec=12996688;FinalHashAggregateStream=1360
event	5026754	refusal	PartialHashAggregateStream[0]	1	14225616	32738930	93218516	8	4	0	33554432	FinalHashAggregateStream=60478906;PartialHashAggregateStream=32739610
event	5038350	release_after_refusal	PartialHashAggregateStream[0]	1	16187322	16551608	95796632	8	4	0		FinalHashAggregateStream=62580609;PartialHashAggregateStream=33216023
event	5044397	refusal	FinalHashAggregateStream[1]	1	14461325	31777939	104418053	8	4	0	33554432	FinalHashAggregateStream=62580609;PartialHashAggregateStream=41837444
event	5044974	refusal	FinalHashAggregateStream[0]	1	14193365	30802670	104418053	8	4	0	33554432	FinalHashAggregateStream=62580609;PartialHashAggregateStream=41837444
event	5055617	refusal	PartialHashAggregateStream[1]	1	14225470	30799504	109931721	8	4	0	33554432	FinalHashAggregateStream=62580609;PartialHashAggregateStream=47351112
event	5064708	release_after_refusal	PartialHashAggregateStream[1]	1	14249560	16549944	95682161	8	4	0		FinalHashAggregateStream=62580609;PartialHashAggregateStream=33101552
event	5067982	release_after_refusal	FinalHashAggregateStream[0]	1	30801990	680	76303995	8	4	0		PartialHashAggregateStream=33101552;FinalHashAggregateStream=31778619;RepartitionExec=11423824
event	5069988	release_after_refusal	FinalHashAggregateStream[1]	1	31777259	680	42556544	8	4	0		PartialHashAggregateStream=33101552;RepartitionExec=9453632;FinalHashAggregateStream=1360
event	5100037	refusal	FinalHashAggregateStream[0]	1	14214233	30843473	69216887	8	4	0	33554432	FinalHashAggregateStream=60588965;PartialHashAggregateStream=8627922
event	5116781	refusal	PartialHashAggregateStream[0]	1	14225733	32738282	95419061	8	4	0	33554432	FinalHashAggregateStream=62680099;PartialHashAggregateStream=32738962
event	5120850	release_after_refusal	FinalHashAggregateStream[0]	1	30842793	680	64576268	8	4	0		PartialHashAggregateStream=32738962;FinalHashAggregateStream=31837306
event	5126566	release_after_refusal	PartialHashAggregateStream[0]	1	16186674	16551608	57016624	8	4	0		FinalHashAggregateStream=31837306;PartialHashAggregateStream=25179318
event	5130036	refusal	FinalHashAggregateStream[1]	1	13262603	31836626	65053794	8	4	0	33554432	FinalHashAggregateStream=31837306;PartialHashAggregateStream=30459864;RepartitionExec=2756624
event	5144323	refusal	PartialHashAggregateStream[1]	1	14225796	32739706	88526019	8	4	0	33554432	PartialHashAggregateStream=49291314;FinalHashAggregateStream=36478081;RepartitionExec=2756624
event	5151543	release_after_refusal	FinalHashAggregateStream[1]	1	31835946	680	56690073	8	4	0		PartialHashAggregateStream=49291314;FinalHashAggregateStream=4642135;RepartitionExec=2756624
event	5153757	release_after_refusal	PartialHashAggregateStream[1]	1	16188098	16551608	40571980	8	4	0		PartialHashAggregateStream=33103216;FinalHashAggregateStream=7468764
event	5182167	refusal	FinalHashAggregateStream[1]	1	1172604	33350362	65318035	8	4	0	33554432	FinalHashAggregateStream=65316675;PartialHashAggregateStream=1360
event	5185901	refusal	FinalHashAggregateStream[0]	1	14258573	31966313	73944966	8	4	0	33554432	FinalHashAggregateStream=65316675;PartialHashAggregateStream=8628291
event	5201144	release_after_refusal	FinalHashAggregateStream[1]	1	33349682	680	64707154	8	4	0		PartialHashAggregateStream=32740161;FinalHashAggregateStream=31966993
event	5203749	refusal	PartialHashAggregateStream[0]	1	14225616	32739481	64707154	8	4	0	33554432	PartialHashAggregateStream=32740161;FinalHashAggregateStream=31966993
event	5207859	release_after_refusal	FinalHashAggregateStream[0]	1	31965633	680	41368605	8	4	0		PartialHashAggregateStream=41367245;FinalHashAggregateStream=1360
event	5213695	release_after_refusal	PartialHashAggregateStream[0]	1	16187873	16551608	33218094	8	4	0		PartialHashAggregateStream=33216734;FinalHashAggregateStream=1360
event	5225328	refusal	PartialHashAggregateStream[1]	1	14226039	32739733	63806876	8	4	0	33554432	PartialHashAggregateStream=32740413;FinalHashAggregateStream=25553215;RepartitionExec=5513248
event	5235639	release_after_refusal	PartialHashAggregateStream[1]	1	16188125	16551608	74068224	8	4	0		FinalHashAggregateStream=48888825;PartialHashAggregateStream=25179399
event	5252041	refusal	FinalHashAggregateStream[1]	1	13096780	32029834	105227352	8	4	0	33554432	FinalHashAggregateStream=65004624;PartialHashAggregateStream=32739288;RepartitionExec=7483440
event	5252620	refusal	FinalHashAggregateStream[0]	1	13096811	32974790	105227352	8	4	0	33554432	FinalHashAggregateStream=65004624;PartialHashAggregateStream=32739288;RepartitionExec=7483440
event	5255743	refusal	PartialHashAggregateStream[0]	1	14225652	32738608	105227352	8	4	0	33554432	FinalHashAggregateStream=65004624;PartialHashAggregateStream=32739288;RepartitionExec=7483440
event	5266226	release_after_refusal	PartialHashAggregateStream[0]	1	16187000	16551608	89040352	8	4	0		FinalHashAggregateStream=65004624;PartialHashAggregateStream=16552288;RepartitionExec=7483440
event	5275259	release_after_refusal	FinalHashAggregateStream[1]	1	32029154	680	58981390	8	4	0		FinalHashAggregateStream=32975470;PartialHashAggregateStream=16552288;RepartitionExec=9453632
event	5276724	release_after_refusal	FinalHashAggregateStream[0]	1	32974110	680	24037088	8	4	0		PartialHashAggregateStream=16552288;RepartitionExec=7483440;FinalHashAggregateStream=1360
event	5299201	refusal	PartialHashAggregateStream[1]	1	14225742	32738570	84153203	8	4	0	33554432	FinalHashAggregateStream=51413953;PartialHashAggregateStream=32739250
event	5309103	release_after_refusal	PartialHashAggregateStream[1]	1	16186962	16551608	87251022	8	4	0		FinalHashAggregateStream=51413953;PartialHashAggregateStream=35837069
event	5318661	refusal	PartialHashAggregateStream[0]	1	8458263	29521998	105408899	8	4	0	33554432	FinalHashAggregateStream=59335293;PartialHashAggregateStream=46073606
event	5320506	refusal	FinalHashAggregateStream[1]	1	13116302	31854911	105408899	8	4	0	33554432	FinalHashAggregateStream=59335293;PartialHashAggregateStream=46073606
event	5326557	release_after_refusal	PartialHashAggregateStream[0]	1	15995926	13526072	89412973	8	4	0		FinalHashAggregateStream=59335293;PartialHashAggregateStream=30077680
event	5337261	refusal	FinalHashAggregateStream[0]	1	13188768	33055989	96958772	8	4	0	33554432	FinalHashAggregateStream=64910900;PartialHashAggregateStream=30077680;RepartitionExec=1970192
event	5341983	release_after_refusal	FinalHashAggregateStream[1]	1	31854231	680	65104541	8	4	0		FinalHashAggregateStream=33056669;PartialHashAggregateStream=30077680;RepartitionExec=1970192
event	5360418	release_after_refusal	FinalHashAggregateStream[0]	1	33055309	680	56206864	8	4	0		FinalHashAggregateStream=23813306;PartialHashAggregateStream=22153494;RepartitionExec=10240064
event	5378381	refusal	PartialHashAggregateStream[1]	1	14226102	32739508	81354895	8	4	0	33554432	FinalHashAggregateStream=42036301;PartialHashAggregateStream=37348402;RepartitionExec=1970192
event	5388004	release_after_refusal	PartialHashAggregateStream[1]	1	16187900	16551608	93777187	8	4	0		FinalHashAggregateStream=50328115;PartialHashAggregateStream=41478880;RepartitionExec=1970192
event	5397575	refusal	PartialHashAggregateStream[0]	1	14225895	32739659	119233760	8	4	0	33554432	FinalHashAggregateStream=53792749;PartialHashAggregateStream=49291267;RepartitionExec=16149744
event	5401982	refusal	FinalHashAggregateStream[0]	1	14233656	30897627	122482249	8	4	0	33554432	FinalHashAggregateStream=57041238;PartialHashAggregateStream=49291267;RepartitionExec=16149744
event	5407023	release_after_refusal	PartialHashAggregateStream[0]	1	16188051	16551608	106294198	8	4	0		FinalHashAggregateStream=57041238;PartialHashAggregateStream=33103216;RepartitionExec=16149744
event	5419211	refusal	FinalHashAggregateStream[1]	1	13104077	32907560	106362035	8	4	0	33554432	FinalHashAggregateStream=63805187;PartialHashAggregateStream=33103216;RepartitionExec=9453632
event	5422780	release_after_refusal	FinalHashAggregateStream[0]	1	30896947	680	75465088	8	4	0		PartialHashAggregateStream=33103216;FinalHashAggregateStream=32908240;RepartitionExec=9453632
event	5442264	release_after_refusal	FinalHashAggregateStream[1]	1	32906880	680	66476532	8	4	0		RepartitionExec=27177024;FinalHashAggregateStream=22634098;PartialHashAggregateStream=16665410
event	5454431	refusal	PartialHashAggregateStream[1]	1	14225715	32739220	111254617	8	4	0	33554432	PartialHashAggregateStream=57666546;FinalHashAggregateStream=35864679;RepartitionExec=17723392
event	5465025	release_after_refusal	PartialHashAggregateStream[1]	1	16187612	16551608	106328627	8	4	0		PartialHashAggregateStream=49290711;FinalHashAggregateStream=48768156;RepartitionExec=8269760
event	5465965	refusal	PartialHashAggregateStream[0]	1	14226084	32739103	109085251	8	4	0	33554432	PartialHashAggregateStream=49290711;FinalHashAggregateStream=48768156;RepartitionExec=11026384
event	5473112	refusal	FinalHashAggregateStream[1]	1	1172256	33307773	117730031	8	4	0	33554432	FinalHashAggregateStream=65682696;PartialHashAggregateStream=49290711;RepartitionExec=2756624
event	5473627	refusal	FinalHashAggregateStream[0]	1	2096432	32374923	117730031	8	4	0	33554432	FinalHashAggregateStream=65682696;PartialHashAggregateStream=49290711;RepartitionExec=2756624
event	5475776	release_after_refusal	PartialHashAggregateStream[0]	1	16187495	16551608	101542536	8	4	0		FinalHashAggregateStream=65682696;PartialHashAggregateStream=33103216;RepartitionExec=2756624
event	5491013	release_after_refusal	FinalHashAggregateStream[1]	1	33307093	680	75718883	8	4	0		PartialHashAggregateStream=33103216;FinalHashAggregateStream=32375603;RepartitionExec=10240064
event	5493255	release_after_refusal	FinalHashAggregateStream[0]	1	32374243	680	46101264	8	4	0		PartialHashAggregateStream=33103216;RepartitionExec=12996688;FinalHashAggregateStream=1360
event	5524030	refusal	FinalHashAggregateStream[1]	1	14253560	31779530	80400894	8	4	0	33554432	FinalHashAggregateStream=63736092;PartialHashAggregateStream=13908178;RepartitionExec=2756624
event	5538977	refusal	PartialHashAggregateStream[0]	1	14226057	32738759	99232155	8	4	0	33554432	FinalHashAggregateStream=63736092;PartialHashAggregateStream=32739439;RepartitionExec=2756624
event	5544849	release_after_refusal	FinalHashAggregateStream[1]	1	31778850	680	67453305	8	4	0		PartialHashAggregateStream=32739439;FinalHashAggregateStream=31957242;RepartitionExec=2756624
event	5548388	release_after_refusal	PartialHashAggregateStream[0]	1	16187151	16551608	51347033	8	4	0		FinalHashAggregateStream=34794745;PartialHashAggregateStream=16552288
event	5553744	refusal	FinalHashAggregateStream[0]	1	14332696	31956562	68868744	8	4	0	33554432	FinalHashAggregateStream=38962943;PartialHashAggregateStream=25178985;RepartitionExec=4726816
event	5571513	refusal	PartialHashAggregateStream[1]	1	14226066	32738426	111149416	8	4	0	33554432	FinalHashAggregateStream=55835840;PartialHashAggregateStream=46646376;RepartitionExec=8667200
event	5576363	release_after_refusal	FinalHashAggregateStream[0]	1	31955882	680	90212865	8	4	0		PartialHashAggregateStream=57665707;FinalHashAggregateStream=23879958;RepartitionExec=8667200
event	5581708	release_after_refusal	PartialHashAggregateStream[1]	1	16186818	16551608	79323295	8	4	0		PartialHashAggregateStream=46075413;FinalHashAggregateStream=28521066;RepartitionExec=4726816
event	5586256	refusal	PartialHashAggregateStream[0]	1	14225886	32739715	95761454	8	4	0	33554432	PartialHashAggregateStream=49291323;FinalHashAggregateStream=38986691;RepartitionExec=7483440
event	5592899	refusal	FinalHashAggregateStream[1]	1	1179639	33446007	91931009	8	4	0	33554432	FinalHashAggregateStream=48553222;PartialHashAggregateStream=32740395;RepartitionExec=10637392
event	5596453	release_after_refusal	PartialHashAggregateStream[0]	1	16188107	16551608	80927803	8	4	0		FinalHashAggregateStream=58464939;PartialHashAggregateStream=16552288;RepartitionExec=5910576
event	5611122	refusal	FinalHashAggregateStream[0]	1	14258834	32876132	98905439	8	4	0	33554432	FinalHashAggregateStream=66322139;PartialHashAggregateStream=21160484;RepartitionExec=11422816
event	5612321	release_after_refusal	FinalHashAggregateStream[1]	1	33445327	680	69478856	8	4	0		FinalHashAggregateStream=32876812;PartialHashAggregateStream=25179228;RepartitionExec=11422816
event	5630339	refusal	PartialHashAggregateStream[1]	1	14225706	32739544	98587923	8	4	0	33554432	PartialHashAggregateStream=49291152;FinalHashAggregateStream=44570067;RepartitionExec=4726704
event	5633867	release_after_refusal	FinalHashAggregateStream[0]	1	32875452	680	65712471	8	4	0		PartialHashAggregateStream=49291152;FinalHashAggregateStream=11694615;RepartitionExec=4726704
event	5640131	release_after_refusal	PartialHashAggregateStream[1]	1	16187936	16551608	49954168	8	4	0		PartialHashAggregateStream=33103216;FinalHashAggregateStream=16850952
event	5661232	refusal	FinalHashAggregateStream[1]	1	14217125	31800905	95301104	8	4	0	33554432	FinalHashAggregateStream=56684640;PartialHashAggregateStream=33103216;RepartitionExec=5513248
event	5683030	release_after_refusal	FinalHashAggregateStream[1]	1	31800225	680	90926382	8	4	0		PartialHashAggregateStream=49289388;FinalHashAggregateStream=33367122;RepartitionExec=8269872
event	5685410	refusal	PartialHashAggregateStream[1]	1	14225823	32737780	88219335	8	4	0	33554432	PartialHashAggregateStream=49289388;FinalHashAggregateStream=36173323;RepartitionExec=2756624
event	5694734	refusal	FinalHashAggregateStream[0]	1	8999067	33366442	77523148	8	4	0	33554432	FinalHashAggregateStream=40556806;PartialHashAggregateStream=34209718;RepartitionExec=2756624
event	5695576	release_after_refusal	PartialHashAggregateStream[1]	1	16186172	16551608	61336976	8	4	0		FinalHashAggregateStream=40556806;PartialHashAggregateStream=18023546;RepartitionExec=2756624
event	5715780	refusal	PartialHashAggregateStream[0]	1	8982979	32512074	106774424	8	4	0	33554432	FinalHashAggregateStream=60867654;PartialHashAggregateStream=32512754;RepartitionExec=13394016
event	5717489	release_after_refusal	FinalHashAggregateStream[0]	1	33365762	680	76428323	8	4	0		PartialHashAggregateStream=37120959;FinalHashAggregateStream=28669972;RepartitionExec=10637392
event	5725349	release_after_refusal	PartialHashAggregateStream[0]	1	19764754	12747320	71114712	8	4	0		FinalHashAggregateStream=37761549;PartialHashAggregateStream=29412779;RepartitionExec=3940384
event	5730985	refusal	FinalHashAggregateStream[1]	1	13107259	31940101	90815006	8	4	0	33554432	FinalHashAggregateStream=44144982;PartialHashAggregateStream=39973016;RepartitionExec=6697008
event	5739752	refusal	PartialHashAggregateStream[1]	1	14225616	32740264	105155315	8	4	0	33554432	FinalHashAggregateStream=56911107;PartialHashAggregateStream=45487584;RepartitionExec=2756624
event	5749174	release_after_refusal	PartialHashAggregateStream[1]	1	16188656	16551608	88966659	8	4	0		FinalHashAggregateStream=56911107;PartialHashAggregateStream=29298928;RepartitionExec=2756624
event	5753839	release_after_refusal	FinalHashAggregateStream[1]	1	31939421	680	68030337	8	4	0		FinalHashAggregateStream=31247969;PartialHashAggregateStream=29298928;RepartitionExec=7483440
event	5757644	refusal	FinalHashAggregateStream[0]	1	3248723	31247289	72032168	8	4	0	33554432	FinalHashAggregateStream=34066040;PartialHashAggregateStream=29298928;RepartitionExec=8667200
event	5777076	release_after_refusal	FinalHashAggregateStream[0]	1	31246609	680	46134237	8	4	0		FinalHashAggregateStream=26160374;RepartitionExec=15364208;PartialHashAggregateStream=4609655
event	5781836	refusal	FinalHashAggregateStream[1]	1	2088401	31600937	63294904	8	4	0	33554432	FinalHashAggregateStream=36242644;PartialHashAggregateStream=18385060;RepartitionExec=8667200
event	5797785	refusal	PartialHashAggregateStream[0]	1	14226138	32739155	117682687	8	4	0	33554432	PartialHashAggregateStream=62261828;FinalHashAggregateStream=55420859
event	5798230	refusal	PartialHashAggregateStream[1]	1	8458416	29522673	117682687	8	4	0	33554432	PartialHashAggregateStream=62261828;FinalHashAggregateStream=55420859
event	5799790	release_after_refusal	FinalHashAggregateStream[1]	1	31600257	680	88413559	8	4	0		PartialHashAggregateStream=62261828;FinalHashAggregateStream=26151731
event	5806618	release_after_refusal	PartialHashAggregateStream[1]	1	15996601	13526072	72416958	8	4	0		PartialHashAggregateStream=46265227;FinalHashAggregateStream=26151731
event	5808235	release_after_refusal	PartialHashAggregateStream[0]	1	16187547	16551608	60037955	8	4	0		PartialHashAggregateStream=30077680;FinalHashAggregateStream=26151731;RepartitionExec=3808544
event	5820691	refusal	FinalHashAggregateStream[0]	1	14229920	31998278	83584582	8	4	0	33554432	FinalHashAggregateStream=46023462;PartialHashAggregateStream=30077680;RepartitionExec=7483440
event	5843466	release_after_refusal	FinalHashAggregateStream[0]	1	31997598	680	77456534	8	4	0		PartialHashAggregateStream=43776492;FinalHashAggregateStream=25143914;RepartitionExec=8536128
event	5849944	refusal	PartialHashAggregateStream[1]	1	14225814	32739047	84344015	8	4	0	33554432	PartialHashAggregateStream=49290655;FinalHashAggregateStream=32296736;RepartitionExec=2756624
event	5859122	release_after_refusal	PartialHashAggregateStream[1]	1	16187439	16551608	79178854	8	4	0		FinalHashAggregateStream=43319014;PartialHashAggregateStream=33103216;RepartitionExec=2756624
event	5865086	refusal	FinalHashAggregateStream[1]	1	13113185	31833167	83938775	8	4	0	33554432	FinalHashAggregateStream=57146535;PartialHashAggregateStream=16552288;RepartitionExec=10239952
event	5885980	release_after_refusal	FinalHashAggregateStream[1]	1	31832487	680	80062232	8	4	0		PartialHashAggregateStream=43776105;FinalHashAggregateStream=28802799;RepartitionExec=7483328
event	5893271	refusal	PartialHashAggregateStream[0]	1	14225751	32738579	87200019	8	4	0	33554432	PartialHashAggregateStream=49290187;FinalHashAggregateStream=35939640;RepartitionExec=1970192
event	5901421	refusal	FinalHashAggregateStream[0]	1	14229315	32050725	101019236	8	4	0	33554432	PartialHashAggregateStream=49290187;FinalHashAggregateStream=46215801;RepartitionExec=5513248
event	5903059	release_after_refusal	PartialHashAggregateStream[0]	1	16186971	16551608	87460825	8	4	0		FinalHashAggregateStream=51600985;PartialHashAggregateStream=33103216;RepartitionExec=2756624
event	5917315	refusal	FinalHashAggregateStream[1]	1	14209827	30830934	100192630	8	4	0	33554432	FinalHashAggregateStream=62881659;PartialHashAggregateStream=21160331;RepartitionExec=16150640
event	5926429	release_after_refusal	FinalHashAggregateStream[0]	1	32050045	680	80198511	8	4	0		PartialHashAggregateStream=33216257;FinalHashAggregateStream=30831614;RepartitionExec=16150640
event	5938538	refusal	PartialHashAggregateStream[1]	1	14225715	32738993	98206708	8	4	0	33554432	PartialHashAggregateStream=49290601;FinalHashAggregateStream=44189291;RepartitionExec=4726816
event	5939004	release_after_refusal	FinalHashAggregateStream[1]	1	30830254	680	67376454	8	4	0		PartialHashAggregateStream=49290601;FinalHashAggregateStream=13359037;RepartitionExec=4726816
event	5948699	release_after_refusal	PartialHashAggregateStream[1]	1	16187385	16551608	57674007	8	4	0		FinalHashAggregateStream=27768111;PartialHashAggregateStream=25179192;RepartitionExec=4726704
event	5956047	refusal	FinalHashAggregateStream[0]	1	3248246	31251405	88929767	8	4	0	33554432	PartialHashAggregateStream=41478061;FinalHashAggregateStream=34057690;RepartitionExec=13394016
event	5964604	refusal	PartialHashAggregateStream[0]	1	14225787	32738356	96741670	8	4	0	33554432	PartialHashAggregateStream=49289964;FinalHashAggregateStream=34057690;RepartitionExec=13394016
event	5974411	release_after_refusal	PartialHashAggregateStream[0]	1	16186748	16551608	80554922	8	4	0		FinalHashAggregateStream=34057690;PartialHashAggregateStream=33103216;RepartitionExec=13394016
event	5975052	release_after_refusal	FinalHashAggregateStream[0]	1	31250725	680	47334005	8	4	0		PartialHashAggregateStream=33103216;RepartitionExec=11423824;FinalHashAggregateStream=2806965
event	6003927	refusal	FinalHashAggregateStream[1]	1	3239093	32346573	92227043	8	4	0	33554432	FinalHashAggregateStream=47991827;PartialHashAggregateStream=41478592;RepartitionExec=2756624
event	6012565	refusal	PartialHashAggregateStream[1]	1	14226075	32738885	108333696	8	4	0	33554432	FinalHashAggregateStream=56286579;PartialHashAggregateStream=49290493;RepartitionExec=2756624
event	6025786	release_after_refusal	PartialHashAggregateStream[1]	1	16187277	16551608	92146419	8	4	0		FinalHashAggregateStream=56286579;PartialHashAggregateStream=33103216;RepartitionExec=2756624
event	6028207	release_after_refusal	FinalHashAggregateStream[1]	1	32345893	680	62557150	8	4	0		PartialHashAggregateStream=33103216;FinalHashAggregateStream=23940686;RepartitionExec=5513248
event	6044161	refusal	FinalHashAggregateStream[0]	1	14258429	31850816	84743763	8	4	0	33554432	FinalHashAggregateStream=48883923;PartialHashAggregateStream=33103216;RepartitionExec=2756624
event	6066692	release_after_refusal	FinalHashAggregateStream[0]	1	31850136	680	76296597	8	4	0		PartialHashAggregateStream=46074540;FinalHashAggregateStream=22738617;RepartitionExec=7483440
event	6071933	refusal	PartialHashAggregateStream[0]	1	14225823	32738635	87696104	8	4	0	33554432	PartialHashAggregateStream=49290243;FinalHashAggregateStream=27379365;RepartitionExec=11026496
event	6081646	release_after_refusal	PartialHashAggregateStream[0]	1	16187027	16551608	66479194	8	4	0		FinalHashAggregateStream=37835297;PartialHashAggregateStream=21160457;RepartitionExec=7483440
event	6094133	refusal	FinalHashAggregateStream[1]	1	3248588	31362241	87937851	8	4	0	33554432	FinalHashAggregateStream=46459601;PartialHashAggregateStream=41478250
event	6103534	refusal	PartialHashAggregateStream[1]	1	14225688	32738462	95749671	8	4	0	33554432	PartialHashAggregateStream=49290070;FinalHashAggregateStream=46459601
event	6112270	release_after_refusal	FinalHashAggregateStream[1]	1	31361561	680	64388110	8	4	0		PartialHashAggregateStream=49290070;FinalHashAggregateStream=15098040
event	6113276	release_after_refusal	PartialHashAggregateStream[1]	1	16186854	16551608	53714504	8	4	0		PartialHashAggregateStream=33103216;FinalHashAggregateStream=15098040;RepartitionExec=5513248
event	6133196	refusal	FinalHashAggregateStream[0]	1	14222999	31741805	89907002	8	4	0	33554432	FinalHashAggregateStream=48533914;PartialHashAggregateStream=33103216;RepartitionExec=8269872
event	6154278	release_after_refusal	FinalHashAggregateStream[0]	1	31741125	680	84201557	8	4	0		PartialHashAggregateStream=49289811;FinalHashAggregateStream=27428306;RepartitionExec=7483440
event	6157030	refusal	PartialHashAggregateStream[0]	1	14225931	32738203	82286316	8	4	0	33554432	PartialHashAggregateStream=49289811;FinalHashAggregateStream=30239881;RepartitionExec=2756624
event	6167190	release_after_refusal	PartialHashAggregateStream[0]	1	16186595	16551608	66118709	8	4	0		FinalHashAggregateStream=44053285;PartialHashAggregateStream=16552288;RepartitionExec=5513136
event	6171155	refusal	FinalHashAggregateStream[1]	1	14258564	31858235	75088275	8	4	0	33554432	FinalHashAggregateStream=48296931;PartialHashAggregateStream=16552288;RepartitionExec=10239056
event	6187816	refusal	FinalHashAggregateStream[0]	1	3244427	32364858	83917141	8	4	0	33554432	FinalHashAggregateStream=64223093;RepartitionExec=19692688;PartialHashAggregateStream=1360
event	6193733	release_after_refusal	FinalHashAggregateStream[1]	1	31857555	680	52059586	8	4	0		FinalHashAggregateStream=32365538;RepartitionExec=19692688;PartialHashAggregateStream=1360
event	6208452	release_after_refusal	FinalHashAggregateStream[0]	1	32364178	680	21049697	8	4	0		FinalHashAggregateStream=15535201;RepartitionExec=5513136;PartialHashAggregateStream=1360
event	6231240	refusal	PartialHashAggregateStream[0]	1	14225823	32738716	87667443	8	4	0	33554432	PartialHashAggregateStream=62262179;FinalHashAggregateStream=25405264
event	6234807	refusal	PartialHashAggregateStream[1]	1	14225688	32739256	90883236	8	4	0	33554432	PartialHashAggregateStream=65477972;FinalHashAggregateStream=25405264
event	6241295	release_after_refusal	PartialHashAggregateStream[0]	1	16187108	16551608	74696128	8	4	0		PartialHashAggregateStream=49290864;FinalHashAggregateStream=25405264
event	6244333	release_after_refusal	PartialHashAggregateStream[1]	1	16187648	16551608	61265104	8	4	0		PartialHashAggregateStream=33103216;FinalHashAggregateStream=25405264;RepartitionExec=2756624
event	6258779	refusal	FinalHashAggregateStream[1]	1	7857729	31898739	96431042	8	4	0	33554432	FinalHashAggregateStream=55844386;PartialHashAggregateStream=33103216;RepartitionExec=7483440
event	6271910	refusal	FinalHashAggregateStream[0]	1	7859121	31868973	93714016	8	4	0	33554432	FinalHashAggregateStream=63767712;PartialHashAggregateStream=16552288;RepartitionExec=13394016
event	6280190	release_after_refusal	FinalHashAggregateStream[1]	1	31898059	680	75723137	8	4	0		FinalHashAggregateStream=31869653;PartialHashAggregateStream=30459468;RepartitionExec=13394016
event	6292499	release_after_refusal	FinalHashAggregateStream[0]	1	31868293	680	66234107	8	4	0		PartialHashAggregateStream=49291161;FinalHashAggregateStream=12216130;RepartitionExec=4726816
event	6293551	refusal	PartialHashAggregateStream[1]	1	14225976	32739553	66234107	8	4	0	33554432	PartialHashAggregateStream=49291161;FinalHashAggregateStream=12216130;RepartitionExec=4726816
event	6303559	release_after_refusal	PartialHashAggregateStream[1]	1	16187945	16551608	49690435	8	4	0		FinalHashAggregateStream=23803423;PartialHashAggregateStream=21160196;RepartitionExec=4726816
event	6323897	refusal	PartialHashAggregateStream[0]	1	14226084	32738552	100624507	8	4	0	33554432	FinalHashAggregateStream=50161771;PartialHashAggregateStream=32739232;RepartitionExec=17723504
event	6333478	release_after_refusal	PartialHashAggregateStream[0]	1	16186944	16551608	99903846	8	4	0		FinalHashAggregateStream=52507639;PartialHashAggregateStream=30459135;RepartitionExec=16937072
event	6342934	refusal	FinalHashAggregateStream[0]	1	14192653	31965397	134077647	8	4	0	33554432	FinalHashAggregateStream=64368325;PartialHashAggregateStream=46075242;RepartitionExec=23634080
event	6343896	refusal	FinalHashAggregateStream[1]	1	2084417	32402928	134077647	8	4	0	33554432	FinalHashAggregateStream=64368325;PartialHashAggregateStream=46075242;RepartitionExec=23634080
event	6349103	refusal	PartialHashAggregateStream[1]	1	14226210	32739418	137293431	8	4	0	33554432	FinalHashAggregateStream=64368325;PartialHashAggregateStream=49291026;RepartitionExec=23634080
event	6358689	release_after_refusal	PartialHashAggregateStream[1]	1	16187810	16551608	121105621	8	4	0		FinalHashAggregateStream=64368325;PartialHashAggregateStream=33103216;RepartitionExec=23634080
event	6364889	release_after_refusal	FinalHashAggregateStream[1]	1	32402248	680	91459997	8	4	0		PartialHashAggregateStream=33103216;FinalHashAggregateStream=31966077;RepartitionExec=26390704
event	6367379	release_after_refusal	FinalHashAggregateStream[0]	1	31964717	680	56796177	8	4	0		PartialHashAggregateStream=33103216;RepartitionExec=20877456;FinalHashAggregateStream=2815505
event	6398921	refusal	PartialHashAggregateStream[0]	1	14225922	32738867	108409536	8	4	0	33554432	FinalHashAggregateStream=61608170;PartialHashAggregateStream=37347734;RepartitionExec=9453632
event	6400919	refusal	FinalHashAggregateStream[1]	1	14293070	31933352	112428199	8	4	0	33554432	FinalHashAggregateStream=61608170;PartialHashAggregateStream=41366397;RepartitionExec=9453632
event	6409320	release_after_refusal	PartialHashAggregateStream[0]	1	16187259	16551608	114838530	8	4	0		FinalHashAggregateStream=61608170;PartialHashAggregateStream=43776728;RepartitionExec=9453632
event	6416673	refusal	FinalHashAggregateStream[0]	1	13105142	32956028	130330488	8	4	0	33554432	FinalHashAggregateStream=64889380;PartialHashAggregateStream=49290468;RepartitionExec=16150640
event	6417918	refusal	PartialHashAggregateStream[1]	1	14226003	32738860	130330488	8	4	0	33554432	FinalHashAggregateStream=64889380;PartialHashAggregateStream=49290468;RepartitionExec=16150640
event	6423598	release_after_refusal	FinalHashAggregateStream[1]	1	31932672	680	98397816	8	4	0		PartialHashAggregateStream=49290468;FinalHashAggregateStream=32956708;RepartitionExec=16150640
event	6429307	release_after_refusal	PartialHashAggregateStream[1]	1	16187252	16551608	81982285	8	4	0		FinalHashAggregateStream=37455245;PartialHashAggregateStream=33103216;RepartitionExec=11423824
event	6441524	release_after_refusal	FinalHashAggregateStream[0]	1	32955348	680	69039457	8	4	0		PartialHashAggregateStream=33103216;FinalHashAggregateStream=22939553;RepartitionExec=12996688
event	6456112	refusal	FinalHashAggregateStream[1]	1	14232401	31939913	76302861	8	4	0	33554432	FinalHashAggregateStream=47540429;PartialHashAggregateStream=16552288;RepartitionExec=12210144
event	6477330	release_after_refusal	FinalHashAggregateStream[1]	1	31939233	680	72178958	8	4	0		FinalHashAggregateStream=28742453;PartialHashAggregateStream=24926681;RepartitionExec=18509824
event	6485972	refusal	PartialHashAggregateStream[1]	1	14225670	32738795	81319886	8	4	0	33554432	FinalHashAggregateStream=40310651;PartialHashAggregateStream=32739475;RepartitionExec=8269760
event	6495825	release_after_refusal	PartialHashAggregateStream[1]	1	16187187	16551608	72227206	8	4	0		FinalHashAggregateStream=44291250;PartialHashAggregateStream=25179444;RepartitionExec=2756512
event	6505048	refusal	FinalHashAggregateStream[0]	1	14366255	31990595	96502073	8	4	0	33554432	FinalHashAggregateStream=47540072;PartialHashAggregateStream=41478673;RepartitionExec=7483328
event	6514266	refusal	PartialHashAggregateStream[0]	1	14225634	32739463	104314471	8	4	0	33554432	PartialHashAggregateStream=49291071;FinalHashAggregateStream=47540072;RepartitionExec=7483328
event	6523568	release_after_refusal	PartialHashAggregateStream[0]	1	16187855	16551608	88126616	8	4	0		FinalHashAggregateStream=47540072;PartialHashAggregateStream=33103216;RepartitionExec=7483328
event	6528432	release_after_refusal	FinalHashAggregateStream[0]	1	31989915	680	63657586	8	4	0		PartialHashAggregateStream=33103216;FinalHashAggregateStream=23857362;RepartitionExec=6697008
event	6544552	refusal	FinalHashAggregateStream[1]	1	14216840	31757769	74249972	8	4	0	33554432	FinalHashAggregateStream=48494114;PartialHashAggregateStream=21029042;RepartitionExec=4726816
event	6560895	refusal	PartialHashAggregateStream[0]	1	8458281	29522934	110549688	8	4	0	33554432	FinalHashAggregateStream=61450890;PartialHashAggregateStream=34131918;RepartitionExec=14966880
event	6566104	release_after_refusal	FinalHashAggregateStream[1]	1	31757089	680	88091169	8	4	0		PartialHashAggregateStream=43430488;FinalHashAggregateStream=29693801;RepartitionExec=14966880
event	6569054	release_after_refusal	PartialHashAggregateStream[0]	1	15996862	13526072	72945607	8	4	0		FinalHashAggregateStream=32514975;PartialHashAggregateStream=30190568;RepartitionExec=10240064
event	6575709	refusal	FinalHashAggregateStream[0]	1	13105643	32928251	91744907	8	4	0	33554432	FinalHashAggregateStream=43969541;PartialHashAggregateStream=43048550;RepartitionExec=4726816
event	6580641	refusal	PartialHashAggregateStream[1]	1	14226138	32738253	94570576	8	4	0	33554432	FinalHashAggregateStream=48306251;PartialHashAggregateStream=46264325
event	6590137	release_after_refusal	PartialHashAggregateStream[1]	1	16186645	16551608	84516499	8	4	0		FinalHashAggregateStream=54438819;PartialHashAggregateStream=30077680
event	6599855	release_after_refusal	FinalHashAggregateStream[0]	1	32927571	680	67643078	8	4	0		PartialHashAggregateStream=30077680;FinalHashAggregateStream=26141574;RepartitionExec=11423824
event	6604639	refusal	FinalHashAggregateStream[1]	1	3248381	31269445	62572783	8	4	0	33554432	FinalHashAggregateStream=34079375;RepartitionExec=14966656;PartialHashAggregateStream=13526752
event	6624023	release_after_refusal	FinalHashAggregateStream[1]	1	31268765	680	66559831	8	4	0		PartialHashAggregateStream=30190773;FinalHashAggregateStream=24941122;RepartitionExec=11427936
event	6630832	refusal	FinalHashAggregateStream[0]	1	3248669	31188060	74221317	8	4	0	33554432	FinalHashAggregateStream=35829848;PartialHashAggregateStream=27225789;RepartitionExec=11165680
event	6637111	refusal	PartialHashAggregateStream[1]	1	14225533	32739380	83568051	8	4	0	33554432	FinalHashAggregateStream=45179671;PartialHashAggregateStream=32740060;RepartitionExec=5648320
event	6646472	release_after_refusal	PartialHashAggregateStream[1]	1	16187772	16551608	74661051	8	4	0		FinalHashAggregateStream=56269755;PartialHashAggregateStream=16552288;RepartitionExec=1839008
event	6649361	release_after_refusal	FinalHashAggregateStream[0]	1	31187380	680	50957111	8	4	0		FinalHashAggregateStream=25082375;PartialHashAggregateStream=16552288;RepartitionExec=9322448
event	6661959	refusal	FinalHashAggregateStream[1]	1	13115483	32999291	73815998	8	4	0	33554432	FinalHashAggregateStream=47142284;PartialHashAggregateStream=21160466;RepartitionExec=5513248
event	6682283	refusal	PartialHashAggregateStream[0]	1	14225949	32739445	120746325	8	4	0	33554432	PartialHashAggregateStream=59963870;FinalHashAggregateStream=52512807;RepartitionExec=8269648
event	6685316	release_after_refusal	FinalHashAggregateStream[1]	1	32998611	680	90046037	8	4	0		PartialHashAggregateStream=62262193;FinalHashAggregateStream=19514196;RepartitionExec=8269648
event	6690342	refusal	PartialHashAggregateStream[1]	1	14225850	32738766	90348763	8	4	0	33554432	PartialHashAggregateStream=65478211;FinalHashAggregateStream=24870552
event	6692624	release_after_refusal	PartialHashAggregateStream[0]	1	16187837	16551608	75991523	8	4	0		PartialHashAggregateStream=49290374;FinalHashAggregateStream=26701149
event	6699856	release_after_refusal	PartialHashAggregateStream[1]	1	16187158	16551608	73445453	8	4	0		FinalHashAggregateStream=40342237;PartialHashAggregateStream=33103216
event	6709065	refusal	FinalHashAggregateStream[0]	1	6326850	31869000	96434042	8	4	0	33554432	FinalHashAggregateStream=55847386;PartialHashAggregateStream=33103216;RepartitionExec=7483440
event	6719458	refusal	FinalHashAggregateStream[1]	1	13116795	31913769	91758657	8	4	0	33554432	FinalHashAggregateStream=63782769;PartialHashAggregateStream=16552288;RepartitionExec=11423600
event	6730251	release_after_refusal	FinalHashAggregateStream[0]	1	31868320	680	84814749	8	4	0		PartialHashAggregateStream=41476700;FinalHashAggregateStream=31914449;RepartitionExec=11423600
event	6737943	refusal	PartialHashAggregateStream[1]	1	8458515	29521247	89696810	8	4	0	33554432	PartialHashAggregateStream=46072855;FinalHashAggregateStream=38897363;RepartitionExec=4726592
event	6740559	release_after_refusal	FinalHashAggregateStream[1]	1	31913089	680	61030433	8	4	0		PartialHashAggregateStream=46072855;FinalHashAggregateStream=12201178;RepartitionExec=2756400
event	6746139	release_after_refusal	PartialHashAggregateStream[1]	1	15995175	13526072	38068581	8	4	0		FinalHashAggregateStream=22571637;PartialHashAggregateStream=13526752;RepartitionExec=1970192
event	6759604	refusal	FinalHashAggregateStream[0]	1	3208430	31221231	94434802	8	4	0	33554432	FinalHashAggregateStream=54143006;PartialHashAggregateStream=38452676;RepartitionExec=1839120
event	6769899	refusal	PartialHashAggregateStream[0]	1	14225940	32738838	102247036	8	4	0	33554432	FinalHashAggregateStream=54143006;PartialHashAggregateStream=46264910;RepartitionExec=1839120
event	6777678	release_after_refusal	FinalHashAggregateStream[0]	1	31220551	680	71026485	8	4	0		PartialHashAggregateStream=46264910;FinalHashAggregateStream=22922455;RepartitionExec=1839120
event	6779576	release_after_refusal	PartialHashAggregateStream[0]	1	16187230	16551608	53000135	8	4	0		PartialHashAggregateStream=30077680;FinalHashAggregateStream=22922455
event	6798247	refusal	FinalHashAggregateStream[1]	1	8425455	29872697	86416872	8	4	0	33554432	FinalHashAggregateStream=53999178;RepartitionExec=18509712;PartialHashAggregateStream=13907982
event	6816798	refusal	PartialHashAggregateStream[1]	1	14225539	31563622	133989788	8	4	0	33554432	PartialHashAggregateStream=58788634;FinalHashAggregateStream=58661634;RepartitionExec=16539520
event	6820080	release_after_refusal	FinalHashAggregateStream[1]	1	29872017	680	106416087	8	4	0		PartialHashAggregateStream=61086950;FinalHashAggregateStream=28789617;RepartitionExec=16539520
event	6823641	refusal	PartialHashAggregateStream[0]	1	14225868	32739310	106933200	8	4	0	33554432	PartialHashAggregateStream=64302932;FinalHashAggregateStream=31603996;RepartitionExec=11026272
event	6828049	release_after_refusal	PartialHashAggregateStream[1]	1	15013678	16549944	90820310	8	4	0		PartialHashAggregateStream=49289254;FinalHashAggregateStream=36018032;RepartitionExec=5513024
event	6833816	release_after_refusal	PartialHashAggregateStream[0]	1	16187702	16551608	79039960	8	4	0		FinalHashAggregateStream=45938408;PartialHashAggregateStream=33101552
event	6834899	refusal	FinalHashAggregateStream[0]	1	7867689	31971273	88163957	8	4	0	33554432	FinalHashAggregateStream=47578965;PartialHashAggregateStream=33101552;RepartitionExec=7483440
event	6852173	refusal	FinalHashAggregateStream[1]	1	9009459	30848459	90794180	8	4	0	33554432	FinalHashAggregateStream=62819732;PartialHashAggregateStream=16550624;RepartitionExec=11423824
event	6856678	release_after_refusal	FinalHashAggregateStream[0]	1	31970593	680	58823587	8	4	0		FinalHashAggregateStream=30849139;PartialHashAggregateStream=16550624;RepartitionExec=11423824
event	6873811	release_after_refusal	FinalHashAggregateStream[1]	1	30847779	680	39164171	8	4	0		PartialHashAggregateStream=16550624;FinalHashAggregateStream=15130107;RepartitionExec=7483440
event	6905292	refusal	PartialHashAggregateStream[0]	1	14225634	32738941	111636622	8	4	0	33554432	PartialHashAggregateStream=65477700;FinalHashAggregateStream=44188730;RepartitionExec=1970192
event	6907706	refusal	PartialHashAggregateStream[1]	1	14225832	32738759	111636622	8	4	0	33554432	PartialHashAggregateStream=65477700;FinalHashAggregateStream=44188730;RepartitionExec=1970192
event	6915189	release_after_refusal	PartialHashAggregateStream[0]	1	16187333	16551608	95449289	8	4	0		PartialHashAggregateStream=49290367;FinalHashAggregateStream=44188730;RepartitionExec=1970192
event	6917024	release_after_refusal	PartialHashAggregateStream[1]	1	16187151	16551608	83988442	8	4	0		FinalHashAggregateStream=44188730;PartialHashAggregateStream=33103216;RepartitionExec=6696496
event	6924596	refusal	FinalHashAggregateStream[0]	1	13628762	31792043	104949391	8	4	0	33554432	FinalHashAggregateStream=58063055;PartialHashAggregateStream=33103216;RepartitionExec=13783120
event	6937076	refusal	FinalHashAggregateStream[1]	1	14258681	32427011	104364955	8	4	0	33554432	FinalHashAggregateStream=64219054;PartialHashAggregateStream=25179021;RepartitionExec=14966880
event	6947555	release_after_refusal	FinalHashAggregateStream[0]	1	31791363	680	91170804	8	4	0		PartialHashAggregateStream=43776233;FinalHashAggregateStream=32427691;RepartitionExec=14966880
event	6954679	refusal	PartialHashAggregateStream[0]	1	14225886	32738860	92868980	8	4	0	33554432	PartialHashAggregateStream=49290468;FinalHashAggregateStream=39638128;RepartitionExec=3940384
event	6960327	release_after_refusal	FinalHashAggregateStream[1]	1	32426331	680	63373493	8	4	0		PartialHashAggregateStream=49290468;FinalHashAggregateStream=14083025
event	6964328	release_after_refusal	PartialHashAggregateStream[0]	1	16187252	16551608	55288506	8	4	0		PartialHashAggregateStream=33103216;FinalHashAggregateStream=20215098;RepartitionExec=1970192
event	6980075	refusal	FinalHashAggregateStream[0]	1	9015441	30776451	90065970	8	4	0	33554432	FinalHashAggregateStream=47510018;PartialHashAggregateStream=33103216;RepartitionExec=9452736
event	7000966	release_after_refusal	FinalHashAggregateStream[0]	1	30775771	680	76688684	8	4	0		PartialHashAggregateStream=43776267;FinalHashAggregateStream=26216417;RepartitionExec=6696000
event	7008677	refusal	PartialHashAggregateStream[1]	1	14225787	32738624	89527500	8	4	0	33554432	PartialHashAggregateStream=49290232;FinalHashAggregateStream=33540372;RepartitionExec=6696896
event	7023941	release_after_refusal	PartialHashAggregateStream[1]	1	16187016	16551608	80775987	8	4	0		FinalHashAggregateStream=50162001;PartialHashAggregateStream=21160466;RepartitionExec=9453520
event	7037964	refusal	FinalHashAggregateStream[1]	1	14258420	31782608	111825287	8	4	0	33554432	FinalHashAggregateStream=63649336;PartialHashAggregateStream=41478943;RepartitionExec=6697008
event	7041823	refusal	FinalHashAggregateStream[0]	1	13102178	31866728	118392120	8	4	0	33554432	FinalHashAggregateStream=63649336;PartialHashAggregateStream=46075584;RepartitionExec=8667200
event	7047364	refusal	PartialHashAggregateStream[0]	1	14225985	32739373	121607517	8	4	0	33554432	FinalHashAggregateStream=63649336;PartialHashAggregateStream=49290981;RepartitionExec=8667200
event	7057016	release_after_refusal	PartialHashAggregateStream[0]	1	16187765	16551608	105419752	8	4	0		FinalHashAggregateStream=63649336;PartialHashAggregateStream=33103216;RepartitionExec=8667200
event	7062226	release_after_refusal	FinalHashAggregateStream[1]	1	31781928	680	75608016	8	4	0		PartialHashAggregateStream=33103216;FinalHashAggregateStream=31867408;RepartitionExec=10637392
event	7064517	release_after_refusal	FinalHashAggregateStream[0]	1	31866048	680	41771776	8	4	0		PartialHashAggregateStream=33103216;RepartitionExec=8667200;FinalHashAggregateStream=1360
event	7097118	refusal	FinalHashAggregateStream[1]	1	14223407	31852283	108911063	8	4	0	33554432	FinalHashAggregateStream=56749877;PartialHashAggregateStream=49404562;RepartitionExec=2756624
event	7097843	refusal	PartialHashAggregateStream[1]	1	14225850	32739661	108911063	8	4	0	33554432	FinalHashAggregateStream=56749877;PartialHashAggregateStream=49404562;RepartitionExec=2756624
event	7107959	release_after_refusal	PartialHashAggregateStream[1]	1	16188053	16551608	108796337	8	4	0		FinalHashAggregateStream=56749877;PartialHashAggregateStream=49289836;RepartitionExec=2756624
event	7111449	refusal	PartialHashAggregateStream[0]	1	14225850	32738228	114309585	8	4	0	33554432	FinalHashAggregateStream=56749877;PartialHashAggregateStream=49289836;RepartitionExec=8269872
event	7117304	refusal	FinalHashAggregateStream[0]	1	3248723	31117142	122498429	8	4	0	33554432	FinalHashAggregateStream=62969425;PartialHashAggregateStream=49289836;RepartitionExec=10239168
event	7119297	release_after_refusal	FinalHashAggregateStream[1]	1	31851603	680	90646826	8	4	0		PartialHashAggregateStream=49289836;FinalHashAggregateStream=31117822;RepartitionExec=10239168
event	7121911	release_after_refusal	PartialHashAggregateStream[0]	1	16186620	16551608	71757555	8	4	0		FinalHashAggregateStream=33928419;PartialHashAggregateStream=33103216;RepartitionExec=4725920
event	7137716	release_after_refusal	FinalHashAggregateStream[0]	1	31116462	680	65679936	8	4	0		RepartitionExec=25205936;FinalHashAggregateStream=23921712;PartialHashAggregateStream=16552288
event	7160855	refusal	PartialHashAggregateStream[0]	1	14225535	32739310	106118827	8	4	0	33554432	FinalHashAggregateStream=54857717;PartialHashAggregateStream=49290918;RepartitionExec=1970192
event	7168334	refusal	FinalHashAggregateStream[1]	1	14284578	31831419	99886731	8	4	0	33554432	FinalHashAggregateStream=60568551;PartialHashAggregateStream=37347988;RepartitionExec=1970192
event	7171229	release_after_refusal	PartialHashAggregateStream[0]	1	16187702	16551608	87717584	8	4	0		FinalHashAggregateStream=60568551;PartialHashAggregateStream=25178841;RepartitionExec=1970192
event	7187005	refusal	PartialHashAggregateStream[1]	1	14225769	32738806	115768645	8	4	0	33554432	FinalHashAggregateStream=60568551;PartialHashAggregateStream=49290414;RepartitionExec=5909680
event	7189044	release_after_refusal	FinalHashAggregateStream[1]	1	31830739	680	83937906	8	4	0		PartialHashAggregateStream=49290414;FinalHashAggregateStream=28737812;RepartitionExec=5909680
event	7196813	release_after_refusal	PartialHashAggregateStream[1]	1	16187198	16551608	78691325	8	4	0		FinalHashAggregateStream=33378749;PartialHashAggregateStream=33103216;RepartitionExec=12209360
event	7203561	refusal	FinalHashAggregateStream[0]	1	7865415	31985621	95634826	8	4	0	33554432	FinalHashAggregateStream=45991866;PartialHashAggregateStream=33103216;RepartitionExec=16539744
event	7223938	refusal	FinalHashAggregateStream[1]	1	13097528	32858519	120429682	8	4	0	33554432	FinalHashAggregateStream=64844140;RepartitionExec=28360896;PartialHashAggregateStream=27224646
event	7225850	release_after_refusal	FinalHashAggregateStream[0]	1	31984941	680	93053036	8	4	0		FinalHashAggregateStream=32859199;PartialHashAggregateStream=31832941;RepartitionExec=28360896
event	7232840	refusal	PartialHashAggregateStream[0]	1	14225787	32737778	106745025	8	4	0	33554432	PartialHashAggregateStream=49402427;FinalHashAggregateStream=40008198;RepartitionExec=17334400
event	7242981	release_after_refusal	PartialHashAggregateStream[0]	1	16186170	16551608	105324000	8	4	0		FinalHashAggregateStream=48611818;PartialHashAggregateStream=46074790;RepartitionExec=10637392
event	7246575	refusal	PartialHashAggregateStream[1]	1	14225697	32739092	115295945	8	4	0	33554432	FinalHashAggregateStream=58124477;PartialHashAggregateStream=49290700;RepartitionExec=7880768
event	7246933	release_after_refusal	FinalHashAggregateStream[1]	1	32857839	680	82438106	8	4	0		PartialHashAggregateStream=49290700;FinalHashAggregateStream=25266638;RepartitionExec=7880768
event	7256714	release_after_refusal	PartialHashAggregateStream[1]	1	16187484	16551608	83278998	8	4	0		FinalHashAggregateStream=39538390;PartialHashAggregateStream=33103216;RepartitionExec=10637392
event	7257706	refusal	FinalHashAggregateStream[0]	1	9015864	30845612	85249190	8	4	0	33554432	FinalHashAggregateStream=39538390;PartialHashAggregateStream=33103216;RepartitionExec=12607584
event	7277568	release_after_refusal	FinalHashAggregateStream[0]	1	30844932	680	77931977	8	4	0		PartialHashAggregateStream=30459234;FinalHashAggregateStream=29741015;RepartitionExec=17731728
event	7282260	refusal	FinalHashAggregateStream[1]	1	14258564	32988716	98411899	8	4	0	33554432	PartialHashAggregateStream=41477897;FinalHashAggregateStream=37630306;RepartitionExec=19303696
event	7292569	refusal	PartialHashAggregateStream[0]	1	14225949	32738588	111647866	8	4	0	33554432	PartialHashAggregateStream=49290196;FinalHashAggregateStream=46994358;RepartitionExec=15363312
event	7303756	release_after_refusal	PartialHashAggregateStream[0]	1	16186980	16551608	102965460	8	4	0		FinalHashAggregateStream=60409508;PartialHashAggregateStream=33103216;RepartitionExec=9452736
event	7304827	release_after_refusal	FinalHashAggregateStream[1]	1	32988036	680	73095066	8	4	0		PartialHashAggregateStream=33103216;FinalHashAggregateStream=29752682;RepartitionExec=10239168
event	7310772	refusal	FinalHashAggregateStream[0]	1	13100576	32992547	62420924	8	4	0	33554432	FinalHashAggregateStream=38385308;PartialHashAggregateStream=16552288;RepartitionExec=7483328
event	7330589	refusal	PartialHashAggregateStream[1]	1	8458263	29522545	93778511	8	4	0	33554432	PartialHashAggregateStream=46074153;FinalHashAggregateStream=40221030;RepartitionExec=7483328
event	7331754	release_after_refusal	FinalHashAggregateStream[0]	1	32991867	680	60786644	8	4	0		PartialHashAggregateStream=46074153;RepartitionExec=7483328;FinalHashAggregateStream=7229163
event	7338375	release_after_refusal	PartialHashAggregateStream[1]	1	15996473	13526072	44449406	8	4	0		PartialHashAggregateStream=30077680;FinalHashAggregateStream=14371726
event	7364484	refusal	FinalHashAggregateStream[1]	1	13179977	33079559	87128600	8	4	0	33554432	FinalHashAggregateStream=65063064;PartialHashAggregateStream=16552288;RepartitionExec=5513248
event	7366725	refusal	FinalHashAggregateStream[0]	1	14202244	31983505	87128600	8	4	0	33554432	FinalHashAggregateStream=65063064;PartialHashAggregateStream=16552288;RepartitionExec=5513248
event	7387916	release_after_refusal	FinalHashAggregateStream[1]	1	33078879	680	54049721	8	4	0		FinalHashAggregateStream=31984185;PartialHashAggregateStream=16552288;RepartitionExec=5513248
event	7389457	release_after_refusal	FinalHashAggregateStream[0]	1	31982825	680	19310272	8	4	0		PartialHashAggregateStream=16552288;RepartitionExec=2756624;FinalHashAggregateStream=1360
event	7413815	refusal	PartialHashAggregateStream[0]	1	14225508	32737987	70852438	8	4	0	33554432	PartialHashAggregateStream=65476244;FinalHashAggregateStream=5376194
event	7416077	refusal	PartialHashAggregateStream[1]	1	14225850	32738257	70852438	8	4	0	33554432	PartialHashAggregateStream=65476244;FinalHashAggregateStream=5376194
event	7423342	release_after_refusal	PartialHashAggregateStream[0]	1	16186379	16551608	54666059	8	4	0		PartialHashAggregateStream=49289865;FinalHashAggregateStream=5376194
event	7425281	release_after_refusal	PartialHashAggregateStream[1]	1	16186649	16551608	43992658	8	4	0		PartialHashAggregateStream=33103216;RepartitionExec=5513248;FinalHashAggregateStream=5376194
event	7451829	refusal	FinalHashAggregateStream[1]	1	9147107	30614427	93727431	8	4	0	33554432	FinalHashAggregateStream=60511239;PartialHashAggregateStream=33216192
event	7465263	refusal	PartialHashAggregateStream[1]	1	14225634	32738705	111887055	8	4	0	33554432	FinalHashAggregateStream=62596742;PartialHashAggregateStream=49290313
event	7473858	release_after_refusal	FinalHashAggregateStream[1]	1	30613747	680	81273308	8	4	0		PartialHashAggregateStream=49290313;FinalHashAggregateStream=31982995
event	7474493	release_after_refusal	PartialHashAggregateStream[1]	1	16187097	16551608	70599459	8	4	0		PartialHashAggregateStream=33103216;FinalHashAggregateStream=31982995;RepartitionExec=5513248
event	7476684	refusal	FinalHashAggregateStream[0]	1	6403442	31982315	75326275	8	4	0	33554432	PartialHashAggregateStream=33103216;FinalHashAggregateStream=31982995;RepartitionExec=10240064
event	7497874	release_after_refusal	FinalHashAggregateStream[0]	1	31981635	680	54131456	8	4	0		FinalHashAggregateStream=27615278;PartialHashAggregateStream=13908594;RepartitionExec=12607584
event	7511576	refusal	PartialHashAggregateStream[0]	1	14226165	32739256	94335070	8	4	0	33554432	PartialHashAggregateStream=49404139;FinalHashAggregateStream=40990547;RepartitionExec=3940384
event	7521820	release_after_refusal	PartialHashAggregateStream[0]	1	16187648	16551608	103048646	8	4	0		FinalHashAggregateStream=53757809;PartialHashAggregateStream=49290837
event	7523357	refusal	PartialHashAggregateStream[1]	1	14225913	32739229	108561894	8	4	0	33554432	FinalHashAggregateStream=53757809;PartialHashAggregateStream=49290837;RepartitionExec=5513248
event	7529259	refusal	FinalHashAggregateStream[1]	1	13008032	31985885	113604296	8	4	0	33554432	FinalHashAggregateStream=64313459;PartialHashAggregateStream=49290837
event	7532877	release_after_refusal	PartialHashAggregateStream[1]	1	16187621	16551608	97416675	8	4	0		FinalHashAggregateStream=64313459;PartialHashAggregateStream=33103216
event	7537363	refusal	FinalHashAggregateStream[0]	1	3247604	32327574	104900115	8	4	0	33554432	FinalHashAggregateStream=64313459;PartialHashAggregateStream=33103216;RepartitionExec=7483440
event	7550646	release_after_refusal	FinalHashAggregateStream[1]	1	31985205	680	72914910	8	4	0		PartialHashAggregateStream=33103216;FinalHashAggregateStream=32328254;RepartitionExec=7483440
event	7557760	release_after_refusal	FinalHashAggregateStream[0]	1	32326894	680	45228980	8	4	0		PartialHashAggregateStream=33103216;RepartitionExec=7483440;FinalHashAggregateStream=4642324
event	7593684	refusal	PartialHashAggregateStream[0]	1	14225859	32063541	104386287	8	4	0	33554432	FinalHashAggregateStream=63695207;PartialHashAggregateStream=40691080
event	7603231	release_after_refusal	PartialHashAggregateStream[0]	1	15512445	16551096	107470919	8	4	0		FinalHashAggregateStream=63695207;PartialHashAggregateStream=43775712
event	7607583	refusal	FinalHashAggregateStream[0]	1	7850952	31902858	116919612	8	4	0	33554432	FinalHashAggregateStream=64873556;PartialHashAggregateStream=49289432;RepartitionExec=2756624
event	7609183	refusal	PartialHashAggregateStream[1]	1	14225886	32738336	116919612	8	4	0	33554432	FinalHashAggregateStream=64873556;PartialHashAggregateStream=49289432;RepartitionExec=2756624
event	7618985	release_after_refusal	PartialHashAggregateStream[1]	1	16186728	16551608	100732884	8	4	0		FinalHashAggregateStream=64873556;PartialHashAggregateStream=33102704;RepartitionExec=2756624
event	7623865	refusal	FinalHashAggregateStream[1]	1	14258375	32970698	106246132	8	4	0	33554432	FinalHashAggregateStream=64873556;PartialHashAggregateStream=33102704;RepartitionExec=8269872
event	7629540	release_after_refusal	FinalHashAggregateStream[0]	1	31902178	680	74343954	8	4	0		PartialHashAggregateStream=33102704;FinalHashAggregateStream=32971378;RepartitionExec=8269872
event	7647826	release_after_refusal	FinalHashAggregateStream[1]	1	32970018	680	48254263	8	4	0		PartialHashAggregateStream=21160349;FinalHashAggregateStream=15670090;RepartitionExec=11423824
event	7667154	refusal	PartialHashAggregateStream[0]	1	14225868	32738500	101968034	8	4	0	33554432	FinalHashAggregateStream=49921302;PartialHashAggregateStream=49290108;RepartitionExec=2756624
event	7676727	release_after_refusal	PartialHashAggregateStream[0]	1	16186892	16551608	79100701	8	4	0		FinalHashAggregateStream=59791901;PartialHashAggregateStream=16552288;RepartitionExec=2756512
event	7681661	refusal	FinalHashAggregateStream[0]	1	14294516	31485215	92148153	8	4	0	33554432	FinalHashAggregateStream=64212139;PartialHashAggregateStream=25179390;RepartitionExec=2756624
event	7698404	refusal	PartialHashAggregateStream[1]	1	14225832	32738914	116259285	8	4	0	33554432	FinalHashAggregateStream=64212139;PartialHashAggregateStream=49290522;RepartitionExec=2756624
event	7703574	release_after_refusal	FinalHashAggregateStream[0]	1	31484535	680	84774750	8	4	0		PartialHashAggregateStream=49290522;FinalHashAggregateStream=32727604;RepartitionExec=2756624
event	7707875	release_after_refusal	PartialHashAggregateStream[1]	1	16187306	16551608	71222163	8	4	0		FinalHashAggregateStream=38118947;PartialHashAggregateStream=33103216
event	7712592	refusal	FinalHashAggregateStream[1]	1	14258609	32726924	83621286	8	4	0	33554432	FinalHashAggregateStream=43034630;PartialHashAggregateStream=33103216;RepartitionExec=7483440
event	7736879	release_after_refusal	FinalHashAggregateStream[1]	1	32726244	680	77708718	8	4	0		PartialHashAggregateStream=33215735;FinalHashAggregateStream=27555911;RepartitionExec=16937072
event	7747879	refusal	PartialHashAggregateStream[1]	1	14225742	32738599	92365889	8	4	0	33554432	PartialHashAggregateStream=49290207;FinalHashAggregateStream=39135298;RepartitionExec=3940384
event	7757309	release_after_refusal	PartialHashAggregateStream[1]	1	16186991	16551608	85742237	8	4	0		FinalHashAggregateStream=52639021;PartialHashAggregateStream=33103216
event	7765741	refusal	FinalHashAggregateStream[0]	1	7860993	31941899	97256480	8	4	0	33554432	FinalHashAggregateStream=63767120;RepartitionExec=16937072;PartialHashAggregateStream=16552288
event	7769755	refusal	FinalHashAggregateStream[1]	1	14280063	31825221	97256480	8	4	0	33554432	FinalHashAggregateStream=63767120;RepartitionExec=16937072;PartialHashAggregateStream=16552288
event	7786517	release_after_refusal	FinalHashAggregateStream[0]	1	31941219	680	65315261	8	4	0		FinalHashAggregateStream=31825901;RepartitionExec=16937072;PartialHashAggregateStream=16552288
event	7791881	release_after_refusal	FinalHashAggregateStream[1]	1	31824541	680	31576664	8	4	0		PartialHashAggregateStream=16552288;RepartitionExec=12210256;FinalHashAggregateStream=2814120
event	7817534	refusal	PartialHashAggregateStream[0]	1	14225958	32739164	85576724	8	4	0	33554432	PartialHashAggregateStream=46646115;FinalHashAggregateStream=38930609
event	7826867	release_after_refusal	PartialHashAggregateStream[0]	1	16187556	16551608	85004224	8	4	0		PartialHashAggregateStream=46073615;FinalHashAggregateStream=38930609
event	7828082	refusal	PartialHashAggregateStream[1]	1	8458182	29522007	87760848	8	4	0	33554432	PartialHashAggregateStream=46073615;FinalHashAggregateStream=38930609;RepartitionExec=2756624
event	7835910	release_after_refusal	PartialHashAggregateStream[1]	1	15995935	13526072	90956876	8	4	0		FinalHashAggregateStream=52609324;PartialHashAggregateStream=30077680;RepartitionExec=8269872
event	7837703	refusal	FinalHashAggregateStream[0]	1	3242324	31169798	94330862	8	4	0	33554432	FinalHashAggregateStream=54930622;PartialHashAggregateStream=30077680;RepartitionExec=9322560
event	7847598	refusal	FinalHashAggregateStream[1]	1	1182543	33260171	102912705	8	4	0	33554432	FinalHashAggregateStream=64429969;PartialHashAggregateStream=30077680;RepartitionExec=8405056
event	7857088	release_after_refusal	FinalHashAggregateStream[0]	1	31169118	680	71743587	8	4	0		FinalHashAggregateStream=33260851;PartialHashAggregateStream=30077680;RepartitionExec=8405056
event	7865802	release_after_refusal	FinalHashAggregateStream[1]	1	33259491	680	46900035	8	4	0		PartialHashAggregateStream=30077680;FinalHashAggregateStream=11043747;RepartitionExec=5778608
event	7895564	refusal	PartialHashAggregateStream[0]	1	14225697	32738307	105613664	8	4	0	33554432	PartialHashAggregateStream=57665282;FinalHashAggregateStream=43221678;RepartitionExec=4726704
event	7905937	release_after_refusal	PartialHashAggregateStream[0]	1	16186699	16551608	97239894	8	4	0		PartialHashAggregateStream=49291512;FinalHashAggregateStream=43221678;RepartitionExec=4726704
event	7908767	refusal	PartialHashAggregateStream[1]	1	14225688	32739904	101753755	8	4	0	33554432	PartialHashAggregateStream=49291512;FinalHashAggregateStream=47735427;RepartitionExec=4726816
event	7918108	release_after_refusal	PartialHashAggregateStream[1]	1	16188296	16551608	89397369	8	4	0		FinalHashAggregateStream=56294153;PartialHashAggregateStream=33103216
event	7922564	refusal	FinalHashAggregateStream[0]	1	3229208	32316002	95663012	8	4	0	33554432	FinalHashAggregateStream=59803172;PartialHashAggregateStream=33103216;RepartitionExec=2756624
event	7931384	refusal	FinalHashAggregateStream[1]	1	13109999	31885145	105574235	8	4	0	33554432	FinalHashAggregateStream=64201147;PartialHashAggregateStream=33103216;RepartitionExec=8269872
event	7941669	release_after_refusal	FinalHashAggregateStream[0]	1	32315322	680	73258913	8	4	0		PartialHashAggregateStream=33103216;FinalHashAggregateStream=31885825;RepartitionExec=8269872
event	7952991	release_after_refusal	FinalHashAggregateStream[1]	1	31884465	680	47827886	8	4	0		PartialHashAggregateStream=33103216;FinalHashAggregateStream=12754478;RepartitionExec=1970192
event	7982721	refusal	PartialHashAggregateStream[0]	1	14225281	32738442	103232271	8	4	0	33554432	PartialHashAggregateStream=49403010;FinalHashAggregateStream=45162061;RepartitionExec=8667200
event	7992332	release_after_refusal	PartialHashAggregateStream[0]	1	16186834	16551608	103119639	8	4	0		PartialHashAggregateStream=49290378;FinalHashAggregateStream=45162061;RepartitionExec=8667200
event	7994564	refusal	PartialHashAggregateStream[1]	1	14225742	32738770	103906071	8	4	0	33554432	PartialHashAggregateStream=49290378;FinalHashAggregateStream=45162061;RepartitionExec=9453632
event	8003984	release_after_refusal	PartialHashAggregateStream[1]	1	16187162	16551608	108186038	8	4	0		FinalHashAggregateStream=59329510;PartialHashAggregateStream=33103216;RepartitionExec=15753312
event	8008046	refusal	FinalHashAggregateStream[1]	1	14231384	31823423	111029245	8	4	0	33554432	FinalHashAggregateStream=63745581;PartialHashAggregateStream=33103216;RepartitionExec=14180448
event	8009458	refusal	FinalHashAggregateStream[0]	1	7861293	31922158	111029245	8	4	0	33554432	FinalHashAggregateStream=63745581;PartialHashAggregateStream=33103216;RepartitionExec=14180448
event	8036219	release_after_refusal	FinalHashAggregateStream[0]	1	31921478	680	79107767	8	4	0		PartialHashAggregateStream=33103216;FinalHashAggregateStream=31824103;RepartitionExec=14180448
event	8045366	release_after_refusal	FinalHashAggregateStream[1]	1	31822743	680	53282945	8	4	0		PartialHashAggregateStream=33103216;FinalHashAggregateStream=11513425;RepartitionExec=8666304
event	8088975	refusal	PartialHashAggregateStream[0]	1	14225652	32738440	125978540	8	4	0	33554432	PartialHashAggregateStream=65477073;FinalHashAggregateStream=55774651;RepartitionExec=4726816
event	8090241	refusal	PartialHashAggregateStream[1]	1	14226210	32738633	125978540	8	4	0	33554432	PartialHashAggregateStream=65477073;FinalHashAggregateStream=55774651;RepartitionExec=4726816
event	8099636	release_after_refusal	PartialHashAggregateStream[0]	1	16186832	16551608	109791708	8	4	0		FinalHashAggregateStream=55774651;PartialHashAggregateStream=49290241;RepartitionExec=4726816
event	8101001	release_after_refusal	PartialHashAggregateStream[1]	1	16187025	16551608	96361307	8	4	0		FinalHashAggregateStream=55774651;PartialHashAggregateStream=33103216;RepartitionExec=7483440
event	8105866	refusal	FinalHashAggregateStream[0]	1	14177285	30903065	101823334	8	4	0	33554432	FinalHashAggregateStream=63206870;PartialHashAggregateStream=33103216;RepartitionExec=5513248
event	8108080	refusal	FinalHashAggregateStream[1]	1	2090243	32303805	105763718	8	4	0	33554432	FinalHashAggregateStream=63206870;PartialHashAggregateStream=33103216;RepartitionExec=9453632
event	8126027	release_after_refusal	FinalHashAggregateStream[0]	1	30902385	680	74861333	8	4	0		PartialHashAggregateStream=33103216;FinalHashAggregateStream=32304485;RepartitionExec=9453632
event	8127552	release_after_refusal	FinalHashAggregateStream[1]	1	32303125	680	39801584	8	4	0		PartialHashAggregateStream=33103216;RepartitionExec=6697008;FinalHashAggregateStream=1360
event	8156538	refusal	FinalHashAggregateStream[0]	1	2265693	33345063	75527328	8	4	0	33554432	FinalHashAggregateStream=63434735;RepartitionExec=7482992;PartialHashAggregateStream=4609601
event	8175570	refusal	PartialHashAggregateStream[1]	1	14225868	32737839	103656246	8	4	0	33554432	FinalHashAggregateStream=63434735;PartialHashAggregateStream=32738519;RepartitionExec=7482992
event	8176736	release_after_refusal	FinalHashAggregateStream[0]	1	33344383	680	70311863	8	4	0		PartialHashAggregateStream=32738519;FinalHashAggregateStream=30090352;RepartitionExec=7482992
event	8185155	release_after_refusal	PartialHashAggregateStream[1]	1	16186231	16551608	68085652	8	4	0		FinalHashAggregateStream=32900110;PartialHashAggregateStream=30458838;RepartitionExec=4726704
event	8191553	refusal	FinalHashAggregateStream[1]	1	1172928	33298681	85692573	8	4	0	33554432	PartialHashAggregateStream=41477409;FinalHashAggregateStream=40275676;RepartitionExec=3939488
event	8201058	refusal	PartialHashAggregateStream[0]	1	14225143	32737947	102681554	8	4	0	33554432	FinalHashAggregateStream=50250127;PartialHashAggregateStream=32738627;RepartitionExec=19692800
event	8211284	release_after_refusal	PartialHashAggregateStream[0]	1	16186979	16550968	107162835	8	4	0		FinalHashAggregateStream=57011836;PartialHashAggregateStream=30458423;RepartitionExec=19692576
event	8212781	release_after_refusal	FinalHashAggregateStream[1]	1	33298001	680	79378562	8	4	0		PartialHashAggregateStream=33215527;FinalHashAggregateStream=23713835;RepartitionExec=22449200
event	8223983	refusal	FinalHashAggregateStream[0]	1	3219974	32312702	114177422	8	4	0	33554432	PartialHashAggregateStream=49289106;FinalHashAggregateStream=45194844;RepartitionExec=19693472
event	8226764	refusal	PartialHashAggregateStream[1]	1	14225722	32738138	112262402	8	4	0	33554432	PartialHashAggregateStream=49289106;FinalHashAggregateStream=48006640;RepartitionExec=14966656
event	8236507	release_after_refusal	PartialHashAggregateStream[1]	1	16186530	16551608	99257135	8	4	0		FinalHashAggregateStream=58671119;PartialHashAggregateStream=33102576;RepartitionExec=7483440
event	8244419	refusal	FinalHashAggregateStream[1]	1	14258375	30757106	93015216	8	4	0	33554432	FinalHashAggregateStream=63069808;PartialHashAggregateStream=16552288;RepartitionExec=13393120
event	8245807	release_after_refusal	FinalHashAggregateStream[0]	1	32312022	680	60703194	8	4	0		FinalHashAggregateStream=30757786;PartialHashAggregateStream=16552288;RepartitionExec=13393120
event	8264330	release_after_refusal	FinalHashAggregateStream[1]	1	30756426	680	40712617	8	4	0		FinalHashAggregateStream=22590649;RepartitionExec=18120608;PartialHashAggregateStream=1360
event	8286455	refusal	PartialHashAggregateStream[1]	1	14225868	32738581	90438584	8	4	0	33554432	FinalHashAggregateStream=51120908;PartialHashAggregateStream=37347484;RepartitionExec=1970192
event	8296037	release_after_refusal	PartialHashAggregateStream[1]	1	16186973	16551608	94568763	8	4	0		FinalHashAggregateStream=51120908;PartialHashAggregateStream=41477663;RepartitionExec=1970192
event	8306734	refusal	PartialHashAggregateStream[0]	1	14225688	32738255	120039351	8	4	0	33554432	FinalHashAggregateStream=55782608;PartialHashAggregateStream=49289863;RepartitionExec=14966880
event	8313013	refusal	FinalHashAggregateStream[1]	1	14191823	32965346	128801322	8	4	0	33554432	FinalHashAggregateStream=59031331;PartialHashAggregateStream=49289863;RepartitionExec=20480128
event	8316354	release_after_refusal	PartialHashAggregateStream[0]	1	16186647	16551608	112614675	8	4	0		FinalHashAggregateStream=59031331;PartialHashAggregateStream=33103216;RepartitionExec=20480128
event	8322972	refusal	FinalHashAggregateStream[0]	1	1175265	33395721	117187787	8	4	0	33554432	FinalHashAggregateStream=66361067;PartialHashAggregateStream=33103216;RepartitionExec=17723504
event	8337722	release_after_refusal	FinalHashAggregateStream[1]	1	32964666	680	84223121	8	4	0		FinalHashAggregateStream=33396401;PartialHashAggregateStream=33103216;RepartitionExec=17723504
event	8342418	release_after_refusal	FinalHashAggregateStream[0]	1	33395041	680	38787052	8	4	0		RepartitionExec=16937072;PartialHashAggregateStream=16552288;FinalHashAggregateStream=5297692
event	8366555	refusal	PartialHashAggregateStream[1]	1	14225859	32738732	100878201	8	4	0	33554432	FinalHashAggregateStream=52814944;PartialHashAggregateStream=41366361;RepartitionExec=6696896
event	8375195	refusal	FinalHashAggregateStream[0]	1	7556684	30859190	119952064	8	4	0	33554432	PartialHashAggregateStream=59963454;FinalHashAggregateStream=57232098;RepartitionExec=2756512
event	8376368	release_after_refusal	PartialHashAggregateStream[1]	1	16187124	16551608	103764940	8	4	0		FinalHashAggregateStream=57232098;PartialHashAggregateStream=43776330;RepartitionExec=2756512
event	8383327	refusal	PartialHashAggregateStream[0]	1	14225517	32738901	119093688	8	4	0	33554432	FinalHashAggregateStream=59563227;PartialHashAggregateStream=49290509;RepartitionExec=10239952
event	8387837	refusal	FinalHashAggregateStream[1]	1	7861203	31949499	119582526	8	4	0	33554432	FinalHashAggregateStream=62808689;PartialHashAggregateStream=49290509;RepartitionExec=7483328
event	8393282	release_after_refusal	PartialHashAggregateStream[0]	1	16187293	16551608	103395233	8	4	0		FinalHashAggregateStream=62808689;PartialHashAggregateStream=33103216;RepartitionExec=7483328
event	8395138	release_after_refusal	FinalHashAggregateStream[0]	1	30858510	680	79233731	8	4	0		PartialHashAggregateStream=33103216;FinalHashAggregateStream=31950179;RepartitionExec=14180336
event	8410012	release_after_refusal	FinalHashAggregateStream[1]	1	31948819	680	55903883	8	4	0		PartialHashAggregateStream=33103216;FinalHashAggregateStream=15317227;RepartitionExec=7483440
event	8435562	refusal	FinalHashAggregateStream[0]	1	3231461	32365145	95232389	8	4	0	33554432	FinalHashAggregateStream=58671298;PartialHashAggregateStream=31834275;RepartitionExec=4726816
event	8442617	refusal	PartialHashAggregateStream[0]	1	14225418	32738894	110044477	8	4	0	33554432	FinalHashAggregateStream=58671298;PartialHashAggregateStream=46646363;RepartitionExec=4726816
event	8452248	release_after_refusal	PartialHashAggregateStream[0]	1	16187286	16551608	109472243	8	4	0		FinalHashAggregateStream=58671298;PartialHashAggregateStream=46074129;RepartitionExec=4726816
event	8456030	refusal	PartialHashAggregateStream[1]	1	14225587	32737970	114657884	8	4	0	33554432	FinalHashAggregateStream=58671298;PartialHashAggregateStream=49289578;RepartitionExec=6697008
event	8456448	release_after_refusal	FinalHashAggregateStream[0]	1	32364465	680	82293419	8	4	0		PartialHashAggregateStream=49289578;FinalHashAggregateStream=26306833;RepartitionExec=6697008
event	8465295	release_after_refusal	PartialHashAggregateStream[1]	1	16186362	16551608	77018389	8	4	0		FinalHashAggregateStream=33278677;PartialHashAggregateStream=33103216;RepartitionExec=10636496
event	8477577	refusal	FinalHashAggregateStream[1]	1	14234289	32024172	79102232	8	4	0	33554432	FinalHashAggregateStream=55853048;PartialHashAggregateStream=16552288;RepartitionExec=6696896
event	8498943	release_after_refusal	FinalHashAggregateStream[1]	1	32023492	680	83251098	8	4	0		PartialHashAggregateStream=46074178;FinalHashAggregateStream=31266344;RepartitionExec=5910576
event	8504250	refusal	PartialHashAggregateStream[0]	1	14225778	32738570	87167831	8	4	0	33554432	PartialHashAggregateStream=49290178;FinalHashAggregateStream=35907461;RepartitionExec=1970192
event	8513431	release_after_refusal	PartialHashAggregateStream[0]	1	16186962	16551608	80468101	8	4	0		FinalHashAggregateStream=47364885;PartialHashAggregateStream=33103216
event	8514635	refusal	FinalHashAggregateStream[0]	1	1167189	33358811	90741134	8	4	0	33554432	FinalHashAggregateStream=50154478;PartialHashAggregateStream=33103216;RepartitionExec=7483440
event	8534210	release_after_refusal	FinalHashAggregateStream[0]	1	33358131	680	73449469	8	4	0		FinalHashAggregateStream=32985118;PartialHashAggregateStream=21160655;RepartitionExec=19303696
event	8534309	refusal	FinalHashAggregateStream[1]	1	14258600	32984438	71479277	8	4	0	33554432	FinalHashAggregateStream=32985118;PartialHashAggregateStream=21160655;RepartitionExec=17333504
event	8555361	refusal	PartialHashAggregateStream[1]	1	14226066	32738577	110127110	8	4	0	33554432	FinalHashAggregateStream=56896541;PartialHashAggregateStream=49290185;RepartitionExec=3940384
event	8557074	release_after_refusal	FinalHashAggregateStream[1]	1	32983758	680	79474301	8	4	0		PartialHashAggregateStream=49290185;FinalHashAggregateStream=26243732;RepartitionExec=3940384
event	8565177	release_after_refusal	PartialHashAggregateStream[1]	1	16186969	16551608	56117016	8	4	0		FinalHashAggregateStream=34838024;PartialHashAggregateStream=16552288;RepartitionExec=4726704
event	8573970	refusal	FinalHashAggregateStream[0]	1	14258888	31822985	88449134	8	4	0	33554432	FinalHashAggregateStream=48538141;PartialHashAggregateStream=30459153;RepartitionExec=9451840
event	8591536	refusal	PartialHashAggregateStream[0]	1	14226075	32738887	119705865	8	4	0	33554432	FinalHashAggregateStream=63606895;PartialHashAggregateStream=46646234;RepartitionExec=9452736
event	8596618	release_after_refusal	FinalHashAggregateStream[0]	1	31822305	680	98902864	8	4	0		PartialHashAggregateStream=57665538;FinalHashAggregateStream=31784590;RepartitionExec=9452736
event	8601770	release_after_refusal	PartialHashAggregateStream[0]	1	16187279	16551608	85900814	8	4	0		PartialHashAggregateStream=46074358;FinalHashAggregateStream=37069832;RepartitionExec=2756624
event	8607931	refusal	FinalHashAggregateStream[1]	1	13097411	32956271	95032010	8	4	0	33554432	PartialHashAggregateStream=49290052;FinalHashAggregateStream=45741958
event	8608290	refusal	PartialHashAggregateStream[1]	1	14225877	32738444	95032010	8	4	0	33554432	PartialHashAggregateStream=49290052;FinalHashAggregateStream=45741958
event	8618055	release_after_refusal	PartialHashAggregateStream[1]	1	16186836	16551608	81765974	8	4	0		FinalHashAggregateStream=48662758;PartialHashAggregateStream=33103216
event	8631540	release_after_refusal	FinalHashAggregateStream[1]	1	32955591	680	71269698	8	4	0		PartialHashAggregateStream=33103216;FinalHashAggregateStream=28713746;RepartitionExec=9452736
event	8655061	refusal	PartialHashAggregateStream[1]	1	8458263	29522673	102179077	8	4	0	33554432	FinalHashAggregateStream=62018332;PartialHashAggregateStream=29523353;RepartitionExec=10637392
event	8663304	release_after_refusal	PartialHashAggregateStream[1]	1	15996601	13526072	106094376	8	4	0		FinalHashAggregateStream=65266722;PartialHashAggregateStream=30190262;RepartitionExec=10637392
event	8667272	refusal	FinalHashAggregateStream[1]	1	2300334	33305113	116195705	8	4	0	33554432	FinalHashAggregateStream=65266722;PartialHashAggregateStream=38452471;RepartitionExec=12476512
event	8668054	refusal	FinalHashAggregateStream[0]	1	14358422	31961609	116195705	8	4	0	33554432	FinalHashAggregateStream=65266722;PartialHashAggregateStream=38452471;RepartitionExec=12476512
event	8676901	refusal	PartialHashAggregateStream[0]	1	14226075	32738345	124007651	8	4	0	33554432	FinalHashAggregateStream=65266722;PartialHashAggregateStream=46264417;RepartitionExec=12476512
event	8686923	release_after_refusal	PartialHashAggregateStream[0]	1	16186737	16551608	107820914	8	4	0		FinalHashAggregateStream=65266722;PartialHashAggregateStream=30077680;RepartitionExec=12476512
event	8689582	release_after_refusal	FinalHashAggregateStream[1]	1	33304433	680	86725841	8	4	0		FinalHashAggregateStream=31962289;PartialHashAggregateStream=30077680;RepartitionExec=24685872
event	8693574	release_after_refusal	FinalHashAggregateStream[0]	1	31960929	680	57435486	8	4	0		PartialHashAggregateStream=30077680;RepartitionExec=22715680;FinalHashAggregateStream=4642126
event	8727247	refusal	FinalHashAggregateStream[0]	1	14258411	31851419	114902550	8	4	0	33554432	FinalHashAggregateStream=63724870;PartialHashAggregateStream=38832464;RepartitionExec=12345216
event	8738163	refusal	PartialHashAggregateStream[1]	1	14225697	32737767	138331064	8	4	0	33554432	FinalHashAggregateStream=63724870;PartialHashAggregateStream=62260978;RepartitionExec=12345216
event	8743380	refusal	PartialHashAggregateStream[0]	1	14225661	32739049	141546902	8	4	0	33554432	PartialHashAggregateStream=65476816;FinalHashAggregateStream=63724870;RepartitionExec=12345216
event	8748132	release_after_refusal	PartialHashAggregateStream[1]	1	16186159	16551608	125360743	8	4	0		FinalHashAggregateStream=63724870;PartialHashAggregateStream=49290657;RepartitionExec=12345216
event	8749135	release_after_refusal	FinalHashAggregateStream[0]	1	31850739	680	95480196	8	4	0		PartialHashAggregateStream=49290657;FinalHashAggregateStream=31874131;RepartitionExec=14315408
event	8753537	release_after_refusal	PartialHashAggregateStream[0]	1	16187441	16551608	79993218	8	4	0		FinalHashAggregateStream=36514978;PartialHashAggregateStream=33103216;RepartitionExec=10375024
event	8756448	refusal	FinalHashAggregateStream[1]	1	13111157	31873451	81963522	8	4	0	33554432	FinalHashAggregateStream=36514978;PartialHashAggregateStream=33103216;RepartitionExec=12345328
event	8781511	release_after_refusal	FinalHashAggregateStream[1]	1	31872771	680	65687086	8	4	0		FinalHashAggregateStream=32984158;PartialHashAggregateStream=16552288;RepartitionExec=16150640
event	8783051	refusal	FinalHashAggregateStream[0]	1	14257691	32983478	68193900	8	4	0	33554432	FinalHashAggregateStream=32984158;PartialHashAggregateStream=21029294;RepartitionExec=14180448
event	8802942	refusal	PartialHashAggregateStream[1]	1	14225593	32738224	110165698	8	4	0	33554432	FinalHashAggregateStream=58119242;PartialHashAggregateStream=49289832;RepartitionExec=2756624
event	8806074	release_after_refusal	FinalHashAggregateStream[0]	1	32982798	680	77182900	8	4	0		PartialHashAggregateStream=49289832;FinalHashAggregateStream=25136444;RepartitionExec=2756624
event	8812751	release_after_refusal	PartialHashAggregateStream[1]	1	16187256	16550968	67401833	8	4	0		FinalHashAggregateStream=34299257;PartialHashAggregateStream=33102576
event	8818573	refusal	FinalHashAggregateStream[1]	1	8384110	29797932	80057151	8	4	0	33554432	FinalHashAggregateStream=44984383;PartialHashAggregateStream=33102576;RepartitionExec=1970192
event	8839406	release_after_refusal	FinalHashAggregateStream[1]	1	29797252	680	50259899	8	4	0		PartialHashAggregateStream=33102576;FinalHashAggregateStream=15187131;RepartitionExec=1970192
event	8860312	refusal	FinalHashAggregateStream[0]	1	9002493	33298116	59430018	8	4	0	33554432	FinalHashAggregateStream=50094080;RepartitionExec=4726256;PartialHashAggregateStream=4609682
event	8878829	refusal	PartialHashAggregateStream[0]	1	14225733	32739364	87560380	8	4	0	33554432	FinalHashAggregateStream=50094080;PartialHashAggregateStream=32740044;RepartitionExec=4726256
event	8880952	release_after_refusal	FinalHashAggregateStream[0]	1	33297436	680	54262944	8	4	0		PartialHashAggregateStream=32740044;FinalHashAggregateStream=16796644;RepartitionExec=4726256
event	8888150	release_after_refusal	PartialHashAggregateStream[0]	1	16187756	16551608	46701885	8	4	0		PartialHashAggregateStream=25178985;FinalHashAggregateStream=16796644;RepartitionExec=4726256
event	8904179	refusal	PartialHashAggregateStream[1]	1	14225931	32738206	96062333	8	4	0	33554432	PartialHashAggregateStream=49289814;FinalHashAggregateStream=31806199;RepartitionExec=14966320
event	8906875	refusal	FinalHashAggregateStream[1]	1	14255405	31805519	96062333	8	4	0	33554432	PartialHashAggregateStream=49289814;FinalHashAggregateStream=31806199;RepartitionExec=14966320
event	8913539	release_after_refusal	PartialHashAggregateStream[1]	1	16186598	16551608	79875735	8	4	0		PartialHashAggregateStream=33103216;FinalHashAggregateStream=31806199;RepartitionExec=14966320
event	8928573	release_after_refusal	FinalHashAggregateStream[1]	1	31804839	680	43017954	8	4	0		PartialHashAggregateStream=16552288;FinalHashAggregateStream=15041842;RepartitionExec=11423824
event	8945279	refusal	FinalHashAggregateStream[0]	1	9015612	30721256	69149531	8	4	0	33554432	FinalHashAggregateStream=45788255;PartialHashAggregateStream=13907980;RepartitionExec=9453296
event	8958946	refusal	PartialHashAggregateStream[0]	1	14225778	32738082	98560575	8	4	0	33554432	FinalHashAggregateStream=59375092;PartialHashAggregateStream=37215291;RepartitionExec=1970192
event	8968460	release_after_refusal	PartialHashAggregateStream[0]	1	16186474	16551608	102822166	8	4	0		FinalHashAggregateStream=59375092;PartialHashAggregateStream=41476882;RepartitionExec=1970192
event	8970400	release_after_refusal	FinalHashAggregateStream[0]	1	30720576	680	74071782	8	4	0		PartialHashAggregateStream=41476882;FinalHashAggregateStream=28654516;RepartitionExec=3940384
event	8976214	refusal	PartialHashAggregateStream[1]	1	8458461	29521915	87370447	8	4	0	33554432	PartialHashAggregateStream=46073523;FinalHashAggregateStream=36570108;RepartitionExec=4726816
event	8978810	refusal	FinalHashAggregateStream[1]	1	14320012	31928518	89451524	8	4	0	33554432	PartialHashAggregateStream=46073523;FinalHashAggregateStream=40621377;RepartitionExec=2756624
event	8984474	release_after_refusal	PartialHashAggregateStream[1]	1	15995843	13526072	78768716	8	4	0		FinalHashAggregateStream=45934412;PartialHashAggregateStream=30077680;RepartitionExec=2756624
event	9001956	release_after_refusal	FinalHashAggregateStream[1]	1	31927838	680	61409169	8	4	0		FinalHashAggregateStream=30673441;PartialHashAggregateStream=16552288;RepartitionExec=14183440
event	9031054	refusal	FinalHashAggregateStream[0]	1	14258600	30672761	101178538	8	4	0	33554432	FinalHashAggregateStream=55896062;PartialHashAggregateStream=35829068;RepartitionExec=9453408
event	9038522	refusal	PartialHashAggregateStream[1]	1	14225674	31220138	113234140	8	4	0	33554432	FinalHashAggregateStream=55896062;PartialHashAggregateStream=47884670;RepartitionExec=9453408
event	9048040	release_after_refusal	PartialHashAggregateStream[1]	1	14670450	16549688	111422612	8	4	0		FinalHashAggregateStream=55896062;PartialHashAggregateStream=46073142;RepartitionExec=9453408
event	9051236	refusal	PartialHashAggregateStream[0]	1	14225661	32739418	117395200	8	4	0	33554432	FinalHashAggregateStream=55896062;PartialHashAggregateStream=49289106;RepartitionExec=12210032
event	9055627	release_after_refusal	FinalHashAggregateStream[0]	1	30672081	680	86723119	8	4	0		PartialHashAggregateStream=49289106;FinalHashAggregateStream=25223981;RepartitionExec=12210032
event	9061618	release_after_refusal	PartialHashAggregateStream[0]	1	16187810	16551608	70139762	8	4	0		PartialHashAggregateStream=33101296;FinalHashAggregateStream=32311650;RepartitionExec=4726816
event	9073810	refusal	FinalHashAggregateStream[1]	1	7435724	30787922	90843113	8	4	0	33554432	FinalHashAggregateStream=50258377;PartialHashAggregateStream=33101296;RepartitionExec=7483440
event	9093327	release_after_refusal	FinalHashAggregateStream[1]	1	30787242	680	76522605	8	4	0		FinalHashAggregateStream=31884420;PartialHashAggregateStream=30457737;RepartitionExec=14180448
event	9107378	refusal	PartialHashAggregateStream[0]	1	14225173	32739760	97305059	8	4	0	33554432	PartialHashAggregateStream=49289448;FinalHashAggregateStream=45258987;RepartitionExec=2756624
event	9118640	refusal	FinalHashAggregateStream[0]	1	14119324	31883740	112067008	8	4	0	33554432	FinalHashAggregateStream=58050744;PartialHashAggregateStream=49289448;RepartitionExec=4726816
event	9120210	release_after_refusal	PartialHashAggregateStream[0]	1	16188152	16551608	84459312	8	4	0		FinalHashAggregateStream=63180208;PartialHashAggregateStream=16552288;RepartitionExec=4726816
event	9123852	refusal	FinalHashAggregateStream[1]	1	1568418	33388823	93248675	8	4	0	33554432	FinalHashAggregateStream=65272563;PartialHashAggregateStream=16552288;RepartitionExec=11423824
event	9140187	release_after_refusal	FinalHashAggregateStream[0]	1	31883060	680	61365615	8	4	0		FinalHashAggregateStream=33389503;PartialHashAggregateStream=16552288;RepartitionExec=11423824
event	9142557	release_after_refusal	FinalHashAggregateStream[1]	1	33388143	680	26064221	8	4	0		PartialHashAggregateStream=16552288;RepartitionExec=6697008;FinalHashAggregateStream=2814925
event	9181728	refusal	PartialHashAggregateStream[0]	1	14225625	32737735	116851228	8	4	0	33554432	PartialHashAggregateStream=65476058;FinalHashAggregateStream=51375170
event	9183695	refusal	PartialHashAggregateStream[1]	1	14225715	32738323	116851228	8	4	0	33554432	PartialHashAggregateStream=65476058;FinalHashAggregateStream=51375170
event	9191329	release_after_refusal	PartialHashAggregateStream[0]	1	16186127	16551608	100665101	8	4	0		FinalHashAggregateStream=51375170;PartialHashAggregateStream=49289931
event	9193259	release_after_refusal	PartialHashAggregateStream[1]	1	16186715	16551608	87235010	8	4	0		FinalHashAggregateStream=51375170;PartialHashAggregateStream=33103216;RepartitionExec=2756624
event	9194391	refusal	FinalHashAggregateStream[0]	1	2362631	31233728	91961826	8	4	0	33554432	FinalHashAggregateStream=51375170;PartialHashAggregateStream=33103216;RepartitionExec=7483440
event	9212281	refusal	FinalHashAggregateStream[1]	1	14358521	31994741	104869249	8	4	0	33554432	FinalHashAggregateStream=63228469;PartialHashAggregateStream=21160988;RepartitionExec=20479792
event	9217359	release_after_refusal	FinalHashAggregateStream[0]	1	31233048	680	77654693	8	4	0		FinalHashAggregateStream=31995421;PartialHashAggregateStream=25179480;RepartitionExec=20479792
event	9234600	release_after_refusal	FinalHashAggregateStream[1]	1	31994061	680	72140818	8	4	0		PartialHashAggregateStream=49290248;FinalHashAggregateStream=20094282;RepartitionExec=2756288
event	9234829	refusal	PartialHashAggregateStream[1]	1	14225841	32738640	72140818	8	4	0	33554432	PartialHashAggregateStream=49290248;FinalHashAggregateStream=20094282;RepartitionExec=2756288
event	9244598	release_after_refusal	PartialHashAggregateStream[1]	1	16187032	16551608	70799377	8	4	0		FinalHashAggregateStream=35725969;PartialHashAggregateStream=33103216;RepartitionExec=1970192
event	9250473	refusal	FinalHashAggregateStream[0]	1	9146774	30700913	88039255	8	4	0	33554432	FinalHashAggregateStream=44695975;PartialHashAggregateStream=33103216;RepartitionExec=10240064
event	9271137	release_after_refusal	FinalHashAggregateStream[0]	1	30700233	680	75594009	8	4	0		PartialHashAggregateStream=41477800;FinalHashAggregateStream=23876145;RepartitionExec=10240064
event	9279365	refusal	PartialHashAggregateStream[0]	1	14225679	32739211	84698346	8	4	0	33554432	PartialHashAggregateStream=49290819;FinalHashAggregateStream=35407527
event	9290634	release_after_refusal	PartialHashAggregateStream[0]	1	16187603	16551608	76778868	8	4	0		FinalHashAggregateStream=43675652;PartialHashAggregateStream=33103216
event	9293419	refusal	FinalHashAggregateStream[1]	1	6335489	31889621	84386160	8	4	0	33554432	FinalHashAggregateStream=45769696;PartialHashAggregateStream=33103216;RepartitionExec=5513248
event	9314314	release_after_refusal	FinalHashAggregateStream[1]	1	31888941	680	76191630	8	4	0		PartialHashAggregateStream=43775486;FinalHashAggregateStream=24932928;RepartitionExec=7483216
event	9320705	refusal	PartialHashAggregateStream[1]	1	14225751	32738518	81372978	8	4	0	33554432	PartialHashAggregateStream=49290126;FinalHashAggregateStream=32082852
event	9330224	release_after_refusal	PartialHashAggregateStream[1]	1	16186910	16551608	85227699	8	4	0		FinalHashAggregateStream=43854611;PartialHashAggregateStream=33103216;RepartitionExec=8269872
event	9335944	refusal	FinalHashAggregateStream[0]	1	13057076	31865445	89294124	8	4	0	33554432	FinalHashAggregateStream=56988524;PartialHashAggregateStream=16552288;RepartitionExec=15753312
event	9347363	refusal	FinalHashAggregateStream[1]	1	6393246	31979148	99416461	8	4	0	33554432	FinalHashAggregateStream=63844593;RepartitionExec=21663888;PartialHashAggregateStream=13907980
event	9357056	release_after_refusal	FinalHashAggregateStream[0]	1	31864765	680	83167281	8	4	0		FinalHashAggregateStream=31979828;PartialHashAggregateStream=29523565;RepartitionExec=21663888
event	9360995	refusal	PartialHashAggregateStream[0]	1	14225607	32738858	84478932	8	4	0	33554432	FinalHashAggregateStream=34802322;PartialHashAggregateStream=32739538;RepartitionExec=16937072
event	9367647	release_after_refusal	FinalHashAggregateStream[1]	1	31978468	680	53468139	8	4	0		PartialHashAggregateStream=32739538;FinalHashAggregateStream=12061401;RepartitionExec=8667200
event	9371383	release_after_refusal	PartialHashAggregateStream[0]	1	16187250	16551608	41927692	8	4	0		PartialHashAggregateStream=21160511;FinalHashAggregateStream=16826797;RepartitionExec=3940384
event	9386057	refusal	FinalHashAggregateStream[0]	1	3214208	31209934	89410812	8	4	0	33554432	FinalHashAggregateStream=48006411;PartialHashAggregateStream=27224961;RepartitionExec=14179440
event	9392899	refusal	PartialHashAggregateStream[1]	1	14226012	32738579	117487835	8	4	0	33554432	FinalHashAggregateStream=58632445;PartialHashAggregateStream=46646142;RepartitionExec=12209248
event	9402937	release_after_refusal	PartialHashAggregateStream[1]	1	16186971	16551608	116916674	8	4	0		FinalHashAggregateStream=58632445;PartialHashAggregateStream=46074981;RepartitionExec=12209248
event	9404810	release_after_refusal	FinalHashAggregateStream[0]	1	31209254	680	88464044	8	4	0		PartialHashAggregateStream=46074981;FinalHashAggregateStream=27423191;RepartitionExec=14965872
event	9408439	refusal	PartialHashAggregateStream[0]	1	14225841	32739364	101530606	8	4	0	33554432	PartialHashAggregateStream=49290972;FinalHashAggregateStream=32546946;RepartitionExec=19692688
event	9414506	refusal	FinalHashAggregateStream[1]	1	14240192	31815656	107900077	8	4	0	33554432	PartialHashAggregateStream=49290972;FinalHashAggregateStream=42855905;RepartitionExec=15753200
event	9418361	release_after_refusal	PartialHashAggregateStream[0]	1	16187756	16551608	91309631	8	4	0		FinalHashAggregateStream=47179919;PartialHashAggregateStream=33103216;RepartitionExec=11026496
event	9434452	refusal	FinalHashAggregateStream[0]	1	1168776	33347286	102552444	8	4	0	33554432	FinalHashAggregateStream=65162942;PartialHashAggregateStream=25179246;RepartitionExec=12210256
event	9437887	release_after_refusal	FinalHashAggregateStream[1]	1	31814976	680	76017600	8	4	0		FinalHashAggregateStream=33347966;PartialHashAggregateStream=30459378;RepartitionExec=12210256
event	9452086	refusal	PartialHashAggregateStream[1]	1	14225751	32739130	97491976	8	4	0	33554432	PartialHashAggregateStream=49290738;FinalHashAggregateStream=46231046;RepartitionExec=1970192
event	9453024	release_after_refusal	FinalHashAggregateStream[0]	1	33346606	680	64145370	8	4	0		PartialHashAggregateStream=49290738;FinalHashAggregateStream=12884440;RepartitionExec=1970192
event	9462183	release_after_refusal	PartialHashAggregateStream[1]	1	16187522	16551608	64512895	8	4	0		PartialHashAggregateStream=33103216;FinalHashAggregateStream=28653055;RepartitionExec=2756624
event	9475028	refusal	FinalHashAggregateStream[1]	1	7856886	31936270	81806530	8	4	0	33554432	FinalHashAggregateStream=55800610;PartialHashAggregateStream=16552288;RepartitionExec=9453632
event	9490452	refusal	FinalHashAggregateStream[0]	1	13103789	32929475	82947461	8	4	0	33554432	FinalHashAggregateStream=64865745;RepartitionExec=9453632;PartialHashAggregateStream=8628084
event	9496162	release_after_refusal	FinalHashAggregateStream[1]	1	31935590	680	66152759	8	4	0		FinalHashAggregateStream=32930155;PartialHashAggregateStream=23768972;RepartitionExec=9453632
event	9511568	refusal	PartialHashAggregateStream[0]	1	14225976	31580807	76883866	8	4	0	33554432	FinalHashAggregateStream=43332187;PartialHashAggregateStream=31581487;RepartitionExec=1970192
event	9512110	release_after_refusal	FinalHashAggregateStream[0]	1	32928795	680	43955071	8	4	0		PartialHashAggregateStream=31581487;FinalHashAggregateStream=10403392;RepartitionExec=1970192
event	9520950	release_after_refusal	PartialHashAggregateStream[0]	1	15030223	16550584	35219083	8	4	0		PartialHashAggregateStream=21159343;FinalHashAggregateStream=14059740
event	9539654	refusal	PartialHashAggregateStream[1]	1	14226174	32738401	83645593	8	4	0	33554432	FinalHashAggregateStream=44327782;PartialHashAggregateStream=37347619;RepartitionExec=1970192
event	9549154	release_after_refusal	PartialHashAggregateStream[1]	1	16186793	16551608	92285407	8	4	0		FinalHashAggregateStream=48836542;PartialHashAggregateStream=41478673;RepartitionExec=1970192
event	9558737	refusal	PartialHashAggregateStream[0]	1	14225859	32739238	116874296	8	4	0	33554432	FinalHashAggregateStream=56160010;PartialHashAggregateStream=49290846;RepartitionExec=11423440
event	9567138	refusal	FinalHashAggregateStream[0]	1	13177725	32492949	110005394	8	4	0	33554432	FinalHashAggregateStream=61115220;PartialHashAggregateStream=32739918;RepartitionExec=16150256
event	9568457	release_after_refusal	PartialHashAggregateStream[0]	1	16187630	16551608	98426230	8	4	0		FinalHashAggregateStream=61115220;PartialHashAggregateStream=21160754;RepartitionExec=16150256
event	9577113	refusal	FinalHashAggregateStream[1]	1	14316155	31871093	114517608	8	4	0	33554432	FinalHashAggregateStream=64364042;PartialHashAggregateStream=33216878;RepartitionExec=16936688
event	9588852	refusal	PartialHashAggregateStream[1]	1	14225886	32739454	130591792	8	4	0	33554432	FinalHashAggregateStream=64364042;PartialHashAggregateStream=49291062;RepartitionExec=16936688
event	9589191	release_after_refusal	FinalHashAggregateStream[0]	1	32492269	680	98099523	8	4	0		PartialHashAggregateStream=49291062;FinalHashAggregateStream=31871773;RepartitionExec=16936688
event	9599310	release_after_refusal	PartialHashAggregateStream[1]	1	16187846	16551608	103216725	8	4	0		FinalHashAggregateStream=44906949;PartialHashAggregateStream=33103216;RepartitionExec=25206560
event	9599502	release_after_refusal	FinalHashAggregateStream[1]	1	31870413	680	71346312	8	4	0		PartialHashAggregateStream=33103216;RepartitionExec=25206560;FinalHashAggregateStream=13036536
event	9624810	refusal	FinalHashAggregateStream[0]	1	14243195	32061905	92411305	8	4	0	33554432	FinalHashAggregateStream=57625669;RepartitionExec=20877456;PartialHashAggregateStream=13908180
event	9627991	refusal	FinalHashAggregateStream[1]	1	2086304	31836920	98685076	8	4	0	33554432	FinalHashAggregateStream=63898825;RepartitionExec=18120832;PartialHashAggregateStream=16665419
event	9640187	refusal	PartialHashAggregateStream[0]	1	14225850	32738608	114758945	8	4	0	33554432	FinalHashAggregateStream=63898825;PartialHashAggregateStream=32739288;RepartitionExec=18120832
event	9645880	release_after_refusal	FinalHashAggregateStream[1]	1	31836240	680	82922705	8	4	0		PartialHashAggregateStream=32739288;FinalHashAggregateStream=32062585;RepartitionExec=18120832
event	9646708	release_after_refusal	FinalHashAggregateStream[0]	1	32061225	680	48891288	8	4	0		PartialHashAggregateStream=32739288;RepartitionExec=16150640;FinalHashAggregateStream=1360
event	9650626	release_after_refusal	PartialHashAggregateStream[0]	1	16187000	16551608	38013676	8	4	0		PartialHashAggregateStream=21160601;RepartitionExec=12210256;FinalHashAggregateStream=4642819
event	9677223	refusal	PartialHashAggregateStream[1]	1	14225985	32738228	111152692	8	4	0	33554432	FinalHashAggregateStream=57023636;PartialHashAggregateStream=49403136;RepartitionExec=4725920
event	9681533	refusal	FinalHashAggregateStream[1]	1	14258213	31853321	121713091	8	4	0	33554432	PartialHashAggregateStream=59963535;FinalHashAggregateStream=57023636;RepartitionExec=4725920
event	9688350	release_after_refusal	PartialHashAggregateStream[1]	1	16186620	16551608	111040634	8	4	0		FinalHashAggregateStream=57023636;PartialHashAggregateStream=49291078;RepartitionExec=4725920
event	9689863	refusal	PartialHashAggregateStream[0]	1	14225706	32739470	113010826	8	4	0	33554432	FinalHashAggregateStream=57023636;PartialHashAggregateStream=49291078;RepartitionExec=6696112
event	9699338	release_after_refusal	PartialHashAggregateStream[0]	1	16187862	16551608	110152224	8	4	0		FinalHashAggregateStream=61685696;PartialHashAggregateStream=33103216;RepartitionExec=15363312
event	9700856	refusal	FinalHashAggregateStream[0]	1	8429992	29832375	112908848	8	4	0	33554432	FinalHashAggregateStream=61685696;PartialHashAggregateStream=33103216;RepartitionExec=18119936
event	9703627	release_after_refusal	FinalHashAggregateStream[1]	1	31852641	680	81056207	8	4	0		PartialHashAggregateStream=33103216;FinalHashAggregateStream=29833055;RepartitionExec=18119936
event	9721838	release_after_refusal	FinalHashAggregateStream[0]	1	29831695	680	67467229	8	4	0		PartialHashAggregateStream=33103216;FinalHashAggregateStream=20183565;RepartitionExec=14180448
event	9737499	refusal	FinalHashAggregateStream[1]	1	14285700	31886379	89550494	8	4	0	33554432	FinalHashAggregateStream=46094571;PartialHashAggregateStream=33215859;RepartitionExec=10240064
event	9749679	refusal	PartialHashAggregateStream[1]	1	14225742	32738930	101594824	8	4	0	33554432	FinalHashAggregateStream=59520148;PartialHashAggregateStream=37347860;RepartitionExec=4726816
event	9759026	release_after_refusal	FinalHashAggregateStream[1]	1	31885699	680	90027296	8	4	0		PartialHashAggregateStream=57666031;FinalHashAggregateStream=27634449;RepartitionExec=4726816
event	9759246	release_after_refusal	PartialHashAggregateStream[1]	1	16187322	16551608	71083350	8	4	0		PartialHashAggregateStream=41478709;FinalHashAggregateStream=27634449;RepartitionExec=1970192
event	9770195	refusal	PartialHashAggregateStream[0]	1	14225697	32739220	103796636	8	4	0	33554432	PartialHashAggregateStream=49290828;FinalHashAggregateStream=44265744;RepartitionExec=10240064
event	9770703	refusal	FinalHashAggregateStream[0]	1	14251398	32061138	103796636	8	4	0	33554432	PartialHashAggregateStream=49290828;FinalHashAggregateStream=44265744;RepartitionExec=10240064
event	9780529	release_after_refusal	PartialHashAggregateStream[0]	1	16187612	16551608	81883689	8	4	0		FinalHashAggregateStream=55877881;PartialHashAggregateStream=16552288;RepartitionExec=9453520
event	9789052	refusal	FinalHashAggregateStream[1]	1	3245381	31279972	110737268	8	4	0	33554432	FinalHashAggregateStream=63341110;PartialHashAggregateStream=30459198;RepartitionExec=16936960
event	9794921	release_after_refusal	FinalHashAggregateStream[0]	1	32060458	680	89695943	8	4	0		PartialHashAggregateStream=41478331;FinalHashAggregateStream=31280652;RepartitionExec=16936960
event	9803448	refusal	PartialHashAggregateStream[1]	1	14226084	32739418	99446278	8	4	0	33554432	PartialHashAggregateStream=49291026;FinalHashAggregateStream=39915300;RepartitionExec=10239952
event	9807495	release_after_refusal	FinalHashAggregateStream[1]	1	31279292	680	70738896	8	4	0		PartialHashAggregateStream=49291026;FinalHashAggregateStream=13964430;RepartitionExec=7483440
event	9814265	release_after_refusal	PartialHashAggregateStream[1]	1	16187810	16551608	53297486	8	4	0		FinalHashAggregateStream=32018382;PartialHashAggregateStream=16552288;RepartitionExec=4726816
event	9828209	refusal	FinalHashAggregateStream[0]	1	14244341	31752521	106513566	8	4	0	33554432	FinalHashAggregateStream=55582199;PartialHashAggregateStream=41477735;RepartitionExec=9453632
event	9838021	refusal	PartialHashAggregateStream[0]	1	14225679	32738561	111914878	8	4	0	33554432	FinalHashAggregateStream=65113890;PartialHashAggregateStream=37347356;RepartitionExec=9453632
event	9840321	refusal	FinalHashAggregateStream[1]	1	9015954	33361369	115933478	8	4	0	33554432	FinalHashAggregateStream=65113890;PartialHashAggregateStream=41365956;RepartitionExec=9453632
event	9848662	release_after_refusal	PartialHashAggregateStream[0]	1	16186953	16551608	116045446	8	4	0		FinalHashAggregateStream=65113890;PartialHashAggregateStream=41477924;RepartitionExec=9453632
event	9850770	release_after_refusal	FinalHashAggregateStream[0]	1	31751841	680	98015457	8	4	0		PartialHashAggregateStream=43775952;FinalHashAggregateStream=33362049;RepartitionExec=20877456
event	9858316	refusal	PartialHashAggregateStream[1]	1	14225544	32738156	103817285	8	4	0	33554432	PartialHashAggregateStream=49289764;FinalHashAggregateStream=40347073;RepartitionExec=14180448
event	9861243	release_after_refusal	FinalHashAggregateStream[1]	1	33360689	680	72913691	8	4	0		PartialHashAggregateStream=49289764;FinalHashAggregateStream=12200103;RepartitionExec=11423824
event	9868606	release_after_refusal	PartialHashAggregateStream[1]	1	16186548	16551608	68674334	8	4	0		PartialHashAggregateStream=33103216;FinalHashAggregateStream=26117486;RepartitionExec=9453632
event	9883072	refusal	FinalHashAggregateStream[0]	1	9015612	33335761	95608378	8	4	0	33554432	FinalHashAggregateStream=58452100;PartialHashAggregateStream=30459270;RepartitionExec=6697008
event	9896152	refusal	FinalHashAggregateStream[1]	1	14258672	31854674	125230181	8	4	0	33554432	FinalHashAggregateStream=65190435;PartialHashAggregateStream=46646738;RepartitionExec=13393008
event	9899288	refusal	PartialHashAggregateStream[0]	1	14225643	32738959	127987312	8	4	0	33554432	FinalHashAggregateStream=65190435;PartialHashAggregateStream=49403869;RepartitionExec=13393008
event	9903805	release_after_refusal	FinalHashAggregateStream[0]	1	33335081	680	105212594	8	4	0		PartialHashAggregateStream=59964232;FinalHashAggregateStream=31855354;RepartitionExec=13393008
event	9909661	release_after_refusal	PartialHashAggregateStream[0]	1	16187351	16551608	95239156	8	4	0		PartialHashAggregateStream=49290448;FinalHashAggregateStream=36496084;RepartitionExec=9452624
event	9912177	refusal	PartialHashAggregateStream[1]	1	14225751	32738840	105955807	8	4	0	33554432	PartialHashAggregateStream=49290448;FinalHashAggregateStream=40515727;RepartitionExec=16149632
event	9918802	release_after_refusal	FinalHashAggregateStream[1]	1	31853994	680	76651456	8	4	0		PartialHashAggregateStream=49290448;FinalHashAggregateStream=15150864;RepartitionExec=12210144
event	9922026	release_after_refusal	PartialHashAggregateStream[1]	1	16187232	16551608	63723441	8	4	0		PartialHashAggregateStream=33103216;FinalHashAggregateStream=23923217;RepartitionExec=6697008
event	9935114	refusal	FinalHashAggregateStream[0]	1	14258600	30696923	90368732	8	4	0	33554432	FinalHashAggregateStream=45841692;PartialHashAggregateStream=33103216;RepartitionExec=11423824
event	9951612	refusal	FinalHashAggregateStream[1]	1	14256446	31835165	86049322	8	4	0	33554432	FinalHashAggregateStream=62532088;RepartitionExec=18907264;PartialHashAggregateStream=4609970
event	9955162	release_after_refusal	FinalHashAggregateStream[0]	1	30696243	680	59371769	8	4	0		FinalHashAggregateStream=31835845;RepartitionExec=18907264;PartialHashAggregateStream=8628660
event	9971678	refusal	PartialHashAggregateStream[0]	1	14225796	32738595	88808106	8	4	0	33554432	FinalHashAggregateStream=51342015;PartialHashAggregateStream=32739275;RepartitionExec=4726816
event	9973768	release_after_refusal	FinalHashAggregateStream[1]	1	31834485	680	64120634	8	4	0		PartialHashAggregateStream=37347399;FinalHashAggregateStream=24016611;RepartitionExec=2756624
event	9982186	release_after_refusal	PartialHashAggregateStream[0]	1	16186987	16551608	62368664	8	4	0		PartialHashAggregateStream=33215670;FinalHashAggregateStream=29152994
event	9994479	refusal	PartialHashAggregateStream[1]	1	14225490	32737711	94473635	8	4	0	33554432	PartialHashAggregateStream=49289319;FinalHashAggregateStream=45184316
event	9999690	refusal	FinalHashAggregateStream[0]	1	8446037	29802778	93521361	8	4	0	33554432	FinalHashAggregateStream=51329562;PartialHashAggregateStream=32738391;RepartitionExec=9453408
event	10004790	release_after_refusal	PartialHashAggregateStream[1]	1	16186103	16551608	85962054	8	4	0		FinalHashAggregateStream=51329562;PartialHashAggregateStream=25179084;RepartitionExec=9453408
event	10020300	release_after_refusal	FinalHashAggregateStream[0]	1	29802098	680	76727430	8	4	0		PartialHashAggregateStream=43776366;FinalHashAggregateStream=21527464;RepartitionExec=11423600
event	10030616	refusal	PartialHashAggregateStream[0]	1	14226066	32738957	91807324	8	4	0	33554432	PartialHashAggregateStream=49290565;FinalHashAggregateStream=33063127;RepartitionExec=9453632
event	10044517	release_after_refusal	PartialHashAggregateStream[0]	1	16187349	16551608	79463924	8	4	0		FinalHashAggregateStream=46760996;PartialHashAggregateStream=16552288;RepartitionExec=16150640
event	10056405	refusal	FinalHashAggregateStream[0]	1	8462551	29915790	112507725	8	4	0	33554432	FinalHashAggregateStream=61170339;PartialHashAggregateStream=33216554;RepartitionExec=18120832
event	10061556	refusal	FinalHashAggregateStream[1]	1	9008445	33346445	123189837	8	4	0	33554432	FinalHashAggregateStream=63262235;PartialHashAggregateStream=43776962;RepartitionExec=16150640
event	10069793	refusal	PartialHashAggregateStream[1]	1	14225769	32739254	128703737	8	4	0	33554432	FinalHashAggregateStream=63262235;PartialHashAggregateStream=49290862;RepartitionExec=16150640
event	10077965	release_after_refusal	FinalHashAggregateStream[0]	1	29915110	680	98788627	8	4	0		PartialHashAggregateStream=49290862;FinalHashAggregateStream=33347125;RepartitionExec=16150640
event	10079325	release_after_refusal	PartialHashAggregateStream[1]	1	16187646	16551608	82600981	8	4	0		FinalHashAggregateStream=33347125;PartialHashAggregateStream=33103216;RepartitionExec=16150640
event	10083962	release_after_refusal	FinalHashAggregateStream[1]	1	33345765	680	63868300	8	4	0		PartialHashAggregateStream=33103216;RepartitionExec=23633184;FinalHashAggregateStream=7131900
event	10119724	refusal	FinalHashAggregateStream[1]	1	9015900	33368542	112734852	8	4	0	33554432	FinalHashAggregateStream=65363136;PartialHashAggregateStream=43431332;RepartitionExec=3940384
event	10124617	refusal	PartialHashAggregateStream[0]	1	14226237	32739193	126969362	8	4	0	33554432	FinalHashAggregateStream=65363136;PartialHashAggregateStream=57665842;RepartitionExec=3940384
event	10134228	refusal	PartialHashAggregateStream[1]	1	14226228	32738154	134780867	8	4	0	33554432	PartialHashAggregateStream=65477347;FinalHashAggregateStream=65363136;RepartitionExec=3940384
event	10134307	release_after_refusal	PartialHashAggregateStream[0]	1	16187585	16551608	118593282	8	4	0		FinalHashAggregateStream=65363136;PartialHashAggregateStream=49289762;RepartitionExec=3940384
event	10140034	refusal	FinalHashAggregateStream[0]	1	14197169	31994594	125290290	8	4	0	33554432	FinalHashAggregateStream=65363136;PartialHashAggregateStream=49289762;RepartitionExec=10637392
event	10142324	release_after_refusal	FinalHashAggregateStream[1]	1	33367862	680	91922428	8	4	0		PartialHashAggregateStream=49289762;FinalHashAggregateStream=31995274;RepartitionExec=10637392
event	10145757	release_after_refusal	PartialHashAggregateStream[1]	1	16186546	16551608	73765690	8	4	0		PartialHashAggregateStream=33103216;FinalHashAggregateStream=31995274;RepartitionExec=8667200
event	10163919	release_after_refusal	FinalHashAggregateStream[0]	1	31993914	680	71940696	8	4	0		PartialHashAggregateStream=33103216;FinalHashAggregateStream=23870600;RepartitionExec=14966880
event	10188365	refusal	FinalHashAggregateStream[1]	1	14258681	32915981	104369608	8	4	0	33554432	FinalHashAggregateStream=58164592;PartialHashAggregateStream=41479096;RepartitionExec=4725920
event	10198776	refusal	PartialHashAggregateStream[1]	1	14225931	32739481	112181601	8	4	0	33554432	FinalHashAggregateStream=58164592;PartialHashAggregateStream=49291089;RepartitionExec=4725920
event	10207642	release_after_refusal	PartialHashAggregateStream[1]	1	16187873	16551608	95993728	8	4	0		FinalHashAggregateStream=58164592;PartialHashAggregateStream=33103216;RepartitionExec=4725920
event	10214101	release_after_refusal	FinalHashAggregateStream[1]	1	32915301	680	74073820	8	4	0		PartialHashAggregateStream=33103216;FinalHashAggregateStream=28761244;RepartitionExec=12209360
event	10222474	refusal	FinalHashAggregateStream[0]	1	14221822	32009413	82601798	8	4	0	33554432	FinalHashAggregateStream=37288326;PartialHashAggregateStream=33103216;RepartitionExec=12210256
event	10245118	release_after_refusal	FinalHashAggregateStream[0]	1	32008733	680	64690593	8	4	0		PartialHashAggregateStream=30458874;FinalHashAggregateStream=27534711;RepartitionExec=6697008
event	10260154	refusal	PartialHashAggregateStream[1]	1	14225805	32737769	103683286	8	4	0	33554432	PartialHashAggregateStream=57664195;FinalHashAggregateStream=44048899;RepartitionExec=1970192
event	10270351	refusal	PartialHashAggregateStream[0]	1	14225643	32738797	111495657	8	4	0	33554432	PartialHashAggregateStream=65476566;FinalHashAggregateStream=44048899;RepartitionExec=1970192
event	10270811	release_after_refusal	PartialHashAggregateStream[1]	1	16186161	16551608	95309496	8	4	0		PartialHashAggregateStream=49290405;FinalHashAggregateStream=44048899;RepartitionExec=1970192
event	10279619	release_after_refusal	PartialHashAggregateStream[0]	1	16187189	16551608	96869633	8	4	0		FinalHashAggregateStream=55099217;PartialHashAggregateStream=33103216;RepartitionExec=8667200
event	10288246	refusal	FinalHashAggregateStream[1]	1	14341431	31950720	91792803	8	4	0	33554432	FinalHashAggregateStream=61847395;PartialHashAggregateStream=16552288;RepartitionExec=13393120
event	10289068	refusal	FinalHashAggregateStream[0]	1	8444345	29896675	91792803	8	4	0	33554432	FinalHashAggregateStream=61847395;PartialHashAggregateStream=16552288;RepartitionExec=13393120
event	10309244	release_after_refusal	FinalHashAggregateStream[0]	1	29895995	680	61896808	8	4	0		FinalHashAggregateStream=31951400;PartialHashAggregateStream=16552288;RepartitionExec=13393120
event	10309530	release_after_refusal	FinalHashAggregateStream[1]	1	31950040	680	29946768	8	4	0		PartialHashAggregateStream=16552288;RepartitionExec=13393120;FinalHashAggregateStream=1360
event	10334798	refusal	PartialHashAggregateStream[1]	1	14225634	32737898	104948299	8	4	0	33554432	FinalHashAggregateStream=50032306;PartialHashAggregateStream=49402745;RepartitionExec=5513248
event	10344859	release_after_refusal	PartialHashAggregateStream[1]	1	16186290	16551608	104928307	8	4	0		FinalHashAggregateStream=55637562;PartialHashAggregateStream=49290745
event	10347042	refusal	PartialHashAggregateStream[0]	1	14225967	32739137	107684931	8	4	0	33554432	FinalHashAggregateStream=55637562;PartialHashAggregateStream=49290745;RepartitionExec=2756624
event	10349831	refusal	FinalHashAggregateStream[1]	1	14228847	32053125	108858969	8	4	0	33554432	FinalHashAggregateStream=56811600;PartialHashAggregateStream=49290745;RepartitionExec=2756624
event	10356839	release_after_refusal	PartialHashAggregateStream[0]	1	16187529	16551608	92671440	8	4	0		FinalHashAggregateStream=56811600;PartialHashAggregateStream=33103216;RepartitionExec=2756624
event	10366093	refusal	FinalHashAggregateStream[0]	1	3219608	31125645	107308482	8	4	0	33554432	FinalHashAggregateStream=63178770;PartialHashAggregateStream=33103216;RepartitionExec=11026496
event	10373875	release_after_refusal	FinalHashAggregateStream[1]	1	32052445	680	75256037	8	4	0		PartialHashAggregateStream=33103216;FinalHashAggregateStream=31126325;RepartitionExec=11026496
event	10385383	release_after_refusal	FinalHashAggregateStream[0]	1	31124965	680	53518439	8	4	0		PartialHashAggregateStream=33103216;FinalHashAggregateStream=12931783;RepartitionExec=7483440
event	10415639	refusal	PartialHashAggregateStream[1]	1	14226066	32738397	101590333	8	4	0	33554432	FinalHashAggregateStream=58254124;PartialHashAggregateStream=41366017;RepartitionExec=1970192
event	10425219	release_after_refusal	PartialHashAggregateStream[1]	1	16186789	16551608	104001008	8	4	0		FinalHashAggregateStream=58254124;PartialHashAggregateStream=43776692;RepartitionExec=1970192
event	10430893	refusal	PartialHashAggregateStream[0]	1	14225542	32739643	123004363	8	4	0	33554432	FinalHashAggregateStream=61502856;PartialHashAggregateStream=49291251;RepartitionExec=12210256
event	10434377	refusal	FinalHashAggregateStream[0]	1	14258717	30694568	123004363	8	4	0	33554432	FinalHashAggregateStream=61502856;PartialHashAggregateStream=49291251;RepartitionExec=12210256
event	10440595	release_after_refusal	PartialHashAggregateStream[0]	1	16188035	16551608	106816328	8	4	0		FinalHashAggregateStream=61502856;PartialHashAggregateStream=33103216;RepartitionExec=12210256
event	10445146	refusal	FinalHashAggregateStream[1]	1	9015648	30808288	112329576	8	4	0	33554432	FinalHashAggregateStream=61502856;PartialHashAggregateStream=33103216;RepartitionExec=17723504
event	10456033	release_after_refusal	FinalHashAggregateStream[0]	1	30693888	680	81635688	8	4	0		PartialHashAggregateStream=33103216;FinalHashAggregateStream=30808968;RepartitionExec=17723504
event	10466526	release_after_refusal	FinalHashAggregateStream[1]	1	30807608	680	70528843	8	4	0		PartialHashAggregateStream=33103216;RepartitionExec=24420512;FinalHashAggregateStream=13005115
event	10499342	refusal	PartialHashAggregateStream[1]	1	14225281	32739344	134449125	8	4	0	33554432	PartialHashAggregateStream=65478519;FinalHashAggregateStream=60700846;RepartitionExec=8269760
event	10500109	refusal	FinalHashAggregateStream[1]	1	13038431	31954580	134449125	8	4	0	33554432	PartialHashAggregateStream=65478519;FinalHashAggregateStream=60700846;RepartitionExec=8269760
event	10502453	refusal	PartialHashAggregateStream[0]	1	14226048	32739175	134449125	8	4	0	33554432	PartialHashAggregateStream=65478519;FinalHashAggregateStream=60700846;RepartitionExec=8269760
event	10510019	release_after_refusal	PartialHashAggregateStream[1]	1	16187736	16551608	118261389	8	4	0		FinalHashAggregateStream=60700846;PartialHashAggregateStream=49290783;RepartitionExec=8269760
event	10512642	release_after_refusal	PartialHashAggregateStream[0]	1	16187567	16551608	104830446	8	4	0		FinalHashAggregateStream=60700846;PartialHashAggregateStream=33103216;RepartitionExec=11026384
event	10518638	refusal	FinalHashAggregateStream[0]	1	14223577	31959856	118284100	8	4	0	33554432	FinalHashAggregateStream=63914436;PartialHashAggregateStream=33103216;RepartitionExec=21266448
event	10521446	release_after_refusal	FinalHashAggregateStream[1]	1	31953900	680	86330200	8	4	0		PartialHashAggregateStream=33103216;FinalHashAggregateStream=31960536;RepartitionExec=21266448
event	10542375	release_after_refusal	FinalHashAggregateStream[0]	1	31959176	680	72042324	8	4	0		PartialHashAggregateStream=33103216;FinalHashAggregateStream=23972228;RepartitionExec=14966880
event	10564506	refusal	FinalHashAggregateStream[1]	1	14283866	31882367	108049060	8	4	0	33554432	FinalHashAggregateStream=56789160;PartialHashAggregateStream=43777356;RepartitionExec=7482544
event	10571009	refusal	PartialHashAggregateStream[1]	1	14225616	32739160	117061277	8	4	0	33554432	FinalHashAggregateStream=63044589;PartialHashAggregateStream=49290768;RepartitionExec=4725920
event	10572063	refusal	FinalHashAggregateStream[0]	1	3248462	31162222	117061277	8	4	0	33554432	FinalHashAggregateStream=63044589;PartialHashAggregateStream=49290768;RepartitionExec=4725920
event	10581383	release_after_refusal	PartialHashAggregateStream[1]	1	16187552	16551608	100873725	8	4	0		FinalHashAggregateStream=63044589;PartialHashAggregateStream=33103216;RepartitionExec=4725920
event	10588885	release_after_refusal	FinalHashAggregateStream[1]	1	31881687	680	72932422	8	4	0		PartialHashAggregateStream=33103216;FinalHashAggregateStream=31162902;RepartitionExec=8666304
event	10592408	release_after_refusal	FinalHashAggregateStream[0]	1	31161542	680	42622252	8	4	0		PartialHashAggregateStream=33103216;RepartitionExec=6697008;FinalHashAggregateStream=2822028
event	10624101	refusal	PartialHashAggregateStream[0]	1	14225814	32738822	108495401	8	4	0	33554432	PartialHashAggregateStream=62261572;FinalHashAggregateStream=41508245;RepartitionExec=4725584
event	10630121	refusal	PartialHashAggregateStream[1]	1	14225535	32738604	116914833	8	4	0	33554432	PartialHashAggregateStream=65477426;FinalHashAggregateStream=51437407
event	10636078	release_after_refusal	PartialHashAggregateStream[0]	1	16187214	16551608	101902716	8	4	0		FinalHashAggregateStream=52612504;PartialHashAggregateStream=49290212
event	10639596	release_after_refusal	PartialHashAggregateStream[1]	1	16186996	16551608	88472344	8	4	0		FinalHashAggregateStream=52612504;PartialHashAggregateStream=33103216;RepartitionExec=2756624
event	10644627	refusal	FinalHashAggregateStream[1]	1	7850571	31908942	97973018	8	4	0	33554432	FinalHashAggregateStream=59356554;PartialHashAggregateStream=33103216;RepartitionExec=5513248
event	10655529	refusal	FinalHashAggregateStream[0]	1	14237147	32997161	115732823	8	4	0	33554432	FinalHashAggregateStream=64906103;PartialHashAggregateStream=33103216;RepartitionExec=17723504
event	10664632	release_after_refusal	FinalHashAggregateStream[1]	1	31908262	680	83824561	8	4	0		PartialHashAggregateStream=33103216;FinalHashAggregateStream=32997841;RepartitionExec=17723504
event	10679618	release_after_refusal	FinalHashAggregateStream[0]	1	32996481	680	51602602	8	4	0		PartialHashAggregateStream=25179246;FinalHashAggregateStream=16969724;RepartitionExec=9453632
event	10693870	refusal	FinalHashAggregateStream[1]	1	1185921	33335422	81504425	8	4	0	33554432	FinalHashAggregateStream=47372729;PartialHashAggregateStream=34131696
event	10699178	refusal	PartialHashAggregateStream[1]	1	14225841	32738487	100150996	8	4	0	33554432	FinalHashAggregateStream=53504694;PartialHashAggregateStream=46646302
event	10708908	release_after_refusal	PartialHashAggregateStream[1]	1	16186879	16551608	97282007	8	4	0		FinalHashAggregateStream=53504694;PartialHashAggregateStream=43777313
event	10712789	release_after_refusal	FinalHashAggregateStream[1]	1	33334742	680	79701058	8	4	0		PartialHashAggregateStream=49291042;FinalHashAggregateStream=20169952;RepartitionExec=10240064
event	10715661	refusal	PartialHashAggregateStream[0]	1	14225832	32739434	78312047	8	4	0	33554432	PartialHashAggregateStream=49291042;FinalHashAggregateStream=26264381;RepartitionExec=2756624
event	10725034	release_after_refusal	PartialHashAggregateStream[0]	1	16187826	16551608	79162539	8	4	0		FinalHashAggregateStream=40546075;PartialHashAggregateStream=33103216;RepartitionExec=5513248
event	10728833	refusal	FinalHashAggregateStream[0]	1	14266121	31891724	87242494	8	4	0	33554432	FinalHashAggregateStream=45869406;PartialHashAggregateStream=33103216;RepartitionExec=8269872
event	10751658	release_after_refusal	FinalHashAggregateStream[0]	1	31891044	680	80945511	8	4	0		FinalHashAggregateStream=31743490;PartialHashAggregateStream=25178949;RepartitionExec=24023072
event	10767422	refusal	PartialHashAggregateStream[0]	1	14225625	32739130	103886477	8	4	0	33554432	FinalHashAggregateStream=51839115;PartialHashAggregateStream=49290738;RepartitionExec=2756624
event	10774143	refusal	FinalHashAggregateStream[1]	1	14258465	31742810	89584574	8	4	0	33554432	FinalHashAggregateStream=56844764;PartialHashAggregateStream=32739810
event	10778108	release_after_refusal	PartialHashAggregateStream[0]	1	16187522	16551608	73397052	8	4	0		FinalHashAggregateStream=56844764;PartialHashAggregateStream=16552288
event	10791047	refusal	FinalHashAggregateStream[0]	1	9146738	30702398	91207752	8	4	0	33554432	FinalHashAggregateStream=62445208;PartialHashAggregateStream=16552288;RepartitionExec=12210256
event	10797945	release_after_refusal	FinalHashAggregateStream[1]	1	31742130	680	59465622	8	4	0		FinalHashAggregateStream=30703078;PartialHashAggregateStream=16552288;RepartitionExec=12210256
event	10813204	release_after_refusal	FinalHashAggregateStream[0]	1	30701718	680	37882246	8	4	0		PartialHashAggregateStream=21160484;FinalHashAggregateStream=13965138;RepartitionExec=2756624
event	10831867	refusal	PartialHashAggregateStream[1]	1	14226021	32739812	79434447	8	4	0	33554432	PartialHashAggregateStream=57666364;FinalHashAggregateStream=19797891;RepartitionExec=1970192
event	10841613	release_after_refusal	PartialHashAggregateStream[1]	1	16188204	16551608	71058389	8	4	0		PartialHashAggregateStream=49290306;FinalHashAggregateStream=19797891;RepartitionExec=1970192
event	10841677	refusal	PartialHashAggregateStream[0]	1	14225634	32738698	71058389	8	4	0	33554432	PartialHashAggregateStream=49290306;FinalHashAggregateStream=19797891;RepartitionExec=1970192
event	10851304	release_after_refusal	PartialHashAggregateStream[0]	1	16187090	16551608	74826550	8	4	0		PartialHashAggregateStream=33103216;FinalHashAggregateStream=29116646;RepartitionExec=12606688
event	10870813	refusal	FinalHashAggregateStream[0]	1	14258321	31809920	109444366	8	4	0	33554432	FinalHashAggregateStream=64804855;PartialHashAggregateStream=30459063;RepartitionExec=14180448
event	10873378	refusal	FinalHashAggregateStream[1]	1	14258321	32994935	112201398	8	4	0	33554432	FinalHashAggregateStream=64804855;PartialHashAggregateStream=33216095;RepartitionExec=14180448
event	10886882	refusal	PartialHashAggregateStream[1]	1	14225895	32738631	128275542	8	4	0	33554432	FinalHashAggregateStream=64804855;PartialHashAggregateStream=49290239;RepartitionExec=14180448
event	10893111	release_after_refusal	FinalHashAggregateStream[0]	1	31809240	680	96466302	8	4	0		PartialHashAggregateStream=49290239;FinalHashAggregateStream=32995615;RepartitionExec=14180448
event	10897323	release_after_refusal	PartialHashAggregateStream[1]	1	16187023	16551608	70991492	8	4	0		FinalHashAggregateStream=37502132;RepartitionExec=16937072;PartialHashAggregateStream=16552288
event	10897696	release_after_refusal	FinalHashAggregateStream[1]	1	32994255	680	42724053	8	4	0		RepartitionExec=21663888;PartialHashAggregateStream=16552288;FinalHashAggregateStream=4507877
event	10927005	refusal	PartialHashAggregateStream[0]	1	14225706	32738383	115491872	8	4	0	33554432	FinalHashAggregateStream=53879481;PartialHashAggregateStream=49402135;RepartitionExec=12210256
event	10937112	release_after_refusal	PartialHashAggregateStream[0]	1	16186775	16551608	113018769	8	4	0		FinalHashAggregateStream=61759298;PartialHashAggregateStream=49289279;RepartitionExec=1970192
event	10937694	refusal	FinalHashAggregateStream[1]	1	13107077	32959280	113018769	8	4	0	33554432	FinalHashAggregateStream=61759298;PartialHashAggregateStream=49289279;RepartitionExec=1970192
event	10939538	refusal	PartialHashAggregateStream[1]	1	14225769	32737671	113018769	8	4	0	33554432	FinalHashAggregateStream=61759298;PartialHashAggregateStream=49289279;RepartitionExec=1970192
event	10944407	refusal	FinalHashAggregateStream[0]	1	13108235	32048741	119024116	8	4	0	33554432	FinalHashAggregateStream=65008021;PartialHashAggregateStream=49289279;RepartitionExec=4726816
event	10949972	release_after_refusal	PartialHashAggregateStream[1]	1	16186063	16551608	102838053	8	4	0		FinalHashAggregateStream=65008021;PartialHashAggregateStream=33103216;RepartitionExec=4726816
event	10959655	release_after_refusal	FinalHashAggregateStream[1]	1	32958600	680	78546653	8	4	0		PartialHashAggregateStream=33103216;FinalHashAggregateStream=32049421;RepartitionExec=13394016
event	10966179	release_after_refusal	FinalHashAggregateStream[0]	1	32048061	680	47199550	8	4	0		PartialHashAggregateStream=33103216;RepartitionExec=9453632;FinalHashAggregateStream=4642702
event	10995552	refusal	FinalHashAggregateStream[1]	1	13111814	31882805	82301327	8	4	0	33554432	FinalHashAggregateStream=63665806;PartialHashAggregateStream=16665329;RepartitionExec=1970192
event	11009503	refusal	PartialHashAggregateStream[0]	1	14226093	32739013	123301336	8	4	0	33554432	FinalHashAggregateStream=63665806;PartialHashAggregateStream=57665338;RepartitionExec=1970192
event	11016662	release_after_refusal	FinalHashAggregateStream[1]	1	31882125	680	99231762	8	4	0		PartialHashAggregateStream=65477889;FinalHashAggregateStream=31783681;RepartitionExec=1970192
event	11019444	release_after_refusal	PartialHashAggregateStream[0]	1	16187405	16551608	81074165	8	4	0		PartialHashAggregateStream=49290484;FinalHashAggregateStream=31783681
event	11019798	refusal	PartialHashAggregateStream[1]	1	14225632	32738876	85800981	8	4	0	33554432	PartialHashAggregateStream=49290484;FinalHashAggregateStream=31783681;RepartitionExec=4726816
event	11026411	refusal	FinalHashAggregateStream[0]	1	14244884	31783001	88557605	8	4	0	33554432	PartialHashAggregateStream=49290484;FinalHashAggregateStream=31783681;RepartitionExec=7483440
event	11034466	release_after_refusal	PartialHashAggregateStream[1]	1	16187268	16551608	76298071	8	4	0		FinalHashAggregateStream=40438231;PartialHashAggregateStream=33103216;RepartitionExec=2756624
event	11055994	release_after_refusal	FinalHashAggregateStream[0]	1	31782321	680	62066037	8	4	0		FinalHashAggregateStream=28576901;RepartitionExec=16936848;PartialHashAggregateStream=16552288
event	11081911	refusal	PartialHashAggregateStream[1]	1	14225742	32737673	111459420	8	4	0	33554432	FinalHashAggregateStream=54686699;PartialHashAggregateStream=49289281;RepartitionExec=7483440
event	11085364	refusal	FinalHashAggregateStream[1]	1	13117772	31812821	118201957	8	4	0	33554432	FinalHashAggregateStream=64185860;PartialHashAggregateStream=49289281;RepartitionExec=4726816
event	11087650	refusal	FinalHashAggregateStream[0]	1	2089778	32373039	120172149	8	4	0	33554432	FinalHashAggregateStream=64185860;PartialHashAggregateStream=49289281;RepartitionExec=6697008
event	11093304	release_after_refusal	PartialHashAggregateStream[1]	1	16186065	16551608	103986084	8	4	0		FinalHashAggregateStream=64185860;PartialHashAggregateStream=33103216;RepartitionExec=6697008
event	11106375	release_after_refusal	FinalHashAggregateStream[0]	1	32372359	680	73583917	8	4	0		PartialHashAggregateStream=33103216;FinalHashAggregateStream=31813501;RepartitionExec=8667200
event	11108591	release_after_refusal	FinalHashAggregateStream[1]	1	31812141	680	25292182	8	4	0		PartialHashAggregateStream=16552288;RepartitionExec=5910576;FinalHashAggregateStream=2829318
event	11132389	refusal	PartialHashAggregateStream[0]	1	14225632	32738689	95780730	8	4	0	33554432	FinalHashAggregateStream=48902288;PartialHashAggregateStream=41365642;RepartitionExec=5512800
event	11142737	release_after_refusal	PartialHashAggregateStream[0]	1	16187081	16551608	95961664	8	4	0		FinalHashAggregateStream=54484060;PartialHashAggregateStream=41477604
event	11147531	refusal	FinalHashAggregateStream[1]	1	13118924	32968949	104063757	8	4	0	33554432	FinalHashAggregateStream=57989530;PartialHashAggregateStream=46074227
event	11150183	refusal	PartialHashAggregateStream[1]	1	8457775	29522619	104063757	8	4	0	33554432	FinalHashAggregateStream=57989530;PartialHashAggregateStream=46074227
event	11159052	release_after_refusal	PartialHashAggregateStream[1]	1	15996547	13526072	88067210	8	4	0		FinalHashAggregateStream=57989530;PartialHashAggregateStream=30077680
event	11167682	refusal	FinalHashAggregateStream[0]	1	3248390	31303530	105515951	8	4	0	33554432	FinalHashAggregateStream=64272479;PartialHashAggregateStream=30077680;RepartitionExec=11165792
event	11171446	release_after_refusal	FinalHashAggregateStream[1]	1	32968269	680	72547682	8	4	0		FinalHashAggregateStream=31304210;PartialHashAggregateStream=30077680;RepartitionExec=11165792
event	11188766	release_after_refusal	FinalHashAggregateStream[0]	1	31302850	680	60234313	8	4	0		PartialHashAggregateStream=25179390;FinalHashAggregateStream=22709707;RepartitionExec=12345216
event	11206166	refusal	PartialHashAggregateStream[1]	1	14225823	32739481	107057065	8	4	0	33554432	PartialHashAggregateStream=57665115;FinalHashAggregateStream=47421758;RepartitionExec=1970192
event	11213254	refusal	PartialHashAggregateStream[0]	1	8458290	29522158	119166062	8	4	0	33554432	PartialHashAggregateStream=62261639;FinalHashAggregateStream=56904423
event	11216485	release_after_refusal	PartialHashAggregateStream[1]	1	16187873	16551608	102978189	8	4	0		FinalHashAggregateStream=56904423;PartialHashAggregateStream=46073766
event	11221684	release_after_refusal	PartialHashAggregateStream[0]	1	15996086	13526072	89286421	8	4	0		FinalHashAggregateStream=59208741;PartialHashAggregateStream=30077680
event	11226788	refusal	FinalHashAggregateStream[1]	1	14280594	30774462	96498022	8	4	0	33554432	FinalHashAggregateStream=62479958;PartialHashAggregateStream=30077680;RepartitionExec=3940384
event	11229760	refusal	FinalHashAggregateStream[0]	1	14258672	31705496	96498022	8	4	0	33554432	FinalHashAggregateStream=62479958;PartialHashAggregateStream=30077680;RepartitionExec=3940384
event	11249700	release_after_refusal	FinalHashAggregateStream[1]	1	30773782	680	65724240	8	4	0		FinalHashAggregateStream=31706176;PartialHashAggregateStream=30077680;RepartitionExec=3940384
event	11253458	release_after_refusal	FinalHashAggregateStream[0]	1	31704816	680	32049232	8	4	0		PartialHashAggregateStream=30077680;RepartitionExec=1970192;FinalHashAggregateStream=1360
event	11286774	refusal	PartialHashAggregateStream[1]	1	14225404	32737596	91979143	8	4	0	33554432	FinalHashAggregateStream=59240867;PartialHashAggregateStream=32738276
event	11297627	release_after_refusal	PartialHashAggregateStream[1]	1	16186628	16550968	90305121	8	4	0		FinalHashAggregateStream=59240867;PartialHashAggregateStream=31064254
event	11310211	refusal	FinalHashAggregateStream[1]	1	14258366	32995880	115524202	8	4	0	33554432	FinalHashAggregateStream=65956678;PartialHashAggregateStream=47597332;RepartitionExec=1970192
event	11312992	refusal	PartialHashAggregateStream[0]	1	14225652	31046364	115524202	8	4	0	33554432	FinalHashAggregateStream=65956678;PartialHashAggregateStream=47597332;RepartitionExec=1970192
event	11312993	refusal	FinalHashAggregateStream[0]	1	13108100	32960798	115524202	8	4	0	33554432	FinalHashAggregateStream=65956678;PartialHashAggregateStream=47597332;RepartitionExec=1970192
event	11323565	release_after_refusal	PartialHashAggregateStream[0]	1	14496164	16550200	101028038	8	4	0		FinalHashAggregateStream=65956678;PartialHashAggregateStream=33101168;RepartitionExec=1970192
event	11337394	release_after_refusal	FinalHashAggregateStream[1]	1	32995200	680	73546086	8	4	0		PartialHashAggregateStream=33101168;FinalHashAggregateStream=32961478;RepartitionExec=7483440
event	11337649	release_after_refusal	FinalHashAggregateStream[0]	1	32960118	680	38615776	8	4	0		PartialHashAggregateStream=33101168;RepartitionExec=5513248;FinalHashAggregateStream=1360
event	11369180	refusal	PartialHashAggregateStream[1]	1	8458326	29521852	89798172	8	4	0	33554432	FinalHashAggregateStream=55667327;PartialHashAggregateStream=34130845
event	11377205	release_after_refusal	PartialHashAggregateStream[1]	1	15995780	13526072	93313422	8	4	0		FinalHashAggregateStream=63122503;PartialHashAggregateStream=30190919
event	11380866	refusal	FinalHashAggregateStream[1]	1	13422566	31878821	103414535	8	4	0	33554432	FinalHashAggregateStream=63122503;PartialHashAggregateStream=38452912;RepartitionExec=1839120
event	11381706	refusal	FinalHashAggregateStream[0]	1	3248543	31243682	105712734	8	4	0	33554432	FinalHashAggregateStream=63122503;PartialHashAggregateStream=40751111;RepartitionExec=1839120
event	11390250	refusal	PartialHashAggregateStream[0]	1	14225578	32738932	111226627	8	4	0	33554432	FinalHashAggregateStream=63122503;PartialHashAggregateStream=46265004;RepartitionExec=1839120
event	11399872	release_after_refusal	PartialHashAggregateStream[0]	1	16187324	16551608	95039303	8	4	0		FinalHashAggregateStream=63122503;PartialHashAggregateStream=30077680;RepartitionExec=1839120
event	11403094	release_after_refusal	FinalHashAggregateStream[0]	1	31243002	680	70493309	8	4	0		FinalHashAggregateStream=31879501;PartialHashAggregateStream=30077680;RepartitionExec=8536128
event	11404842	release_after_refusal	FinalHashAggregateStream[1]	1	31878141	680	36644976	8	4	0		PartialHashAggregateStream=30077680;RepartitionExec=6565936;FinalHashAggregateStream=1360
event	11439089	refusal	PartialHashAggregateStream[0]	1	14225778	32739155	110213391	8	4	0	33554432	FinalHashAggregateStream=60810460;PartialHashAggregateStream=49402931
event	11448815	release_after_refusal	PartialHashAggregateStream[0]	1	16187547	16551608	110099275	8	4	0		FinalHashAggregateStream=60810460;PartialHashAggregateStream=49288815
event	11449701	refusal	PartialHashAggregateStream[1]	1	14225180	32737207	115612523	8	4	0	33554432	FinalHashAggregateStream=60810460;PartialHashAggregateStream=49288815;RepartitionExec=5513248
event	11453872	refusal	FinalHashAggregateStream[1]	1	14209960	31915534	116075540	8	4	0	33554432	FinalHashAggregateStream=64030101;PartialHashAggregateStream=49288815;RepartitionExec=2756624
event	11455992	refusal	FinalHashAggregateStream[0]	1	13100477	32114567	116075540	8	4	0	33554432	FinalHashAggregateStream=64030101;PartialHashAggregateStream=49288815;RepartitionExec=2756624
event	11459996	release_after_refusal	PartialHashAggregateStream[1]	1	16185599	16551608	99889941	8	4	0		FinalHashAggregateStream=64030101;PartialHashAggregateStream=33103216;RepartitionExec=2756624
event	11478977	release_after_refusal	FinalHashAggregateStream[0]	1	32113887	680	77228790	8	4	0		PartialHashAggregateStream=33103216;FinalHashAggregateStream=31916214;RepartitionExec=12209360
event	11479053	release_after_refusal	FinalHashAggregateStream[1]	1	31914854	680	43343744	8	4	0		PartialHashAggregateStream=33103216;RepartitionExec=10239168;FinalHashAggregateStream=1360
event	11527726	refusal	PartialHashAggregateStream[1]	1	14225706	32738505	128301474	8	4	0	33554432	PartialHashAggregateStream=62261365;FinalHashAggregateStream=59343213;RepartitionExec=6696896
event	11531994	refusal	PartialHashAggregateStream[0]	1	14225877	32738248	131516862	8	4	0	33554432	PartialHashAggregateStream=65476753;FinalHashAggregateStream=59343213;RepartitionExec=6696896
event	11538090	release_after_refusal	PartialHashAggregateStream[1]	1	16186897	16551608	115329965	8	4	0		FinalHashAggregateStream=59343213;PartialHashAggregateStream=49289856;RepartitionExec=6696896
event	11541468	release_after_refusal	PartialHashAggregateStream[0]	1	16186640	16551608	99929757	8	4	0		FinalHashAggregateStream=59343213;PartialHashAggregateStream=33103216;RepartitionExec=7483328
event	11543399	refusal	FinalHashAggregateStream[0]	1	14249630	31834196	105935104	8	4	0	33554432	FinalHashAggregateStream=62591936;PartialHashAggregateStream=33103216;RepartitionExec=10239952
event	11546856	refusal	FinalHashAggregateStream[1]	1	9001392	30757740	105935104	8	4	0	33554432	FinalHashAggregateStream=62591936;PartialHashAggregateStream=33103216;RepartitionExec=10239952
event	11565088	release_after_refusal	FinalHashAggregateStream[0]	1	31833516	680	74101588	8	4	0		PartialHashAggregateStream=33103216;FinalHashAggregateStream=30758420;RepartitionExec=10239952
event	11569935	release_after_refusal	FinalHashAggregateStream[1]	1	30757060	680	51857879	8	4	0		PartialHashAggregateStream=33103216;RepartitionExec=13393904;FinalHashAggregateStream=5360759
event	11598668	refusal	FinalHashAggregateStream[1]	1	2083589	32356648	102131777	8	4	0	33554432	FinalHashAggregateStream=58683760;PartialHashAggregateStream=41477825;RepartitionExec=1970192
event	11608542	refusal	PartialHashAggregateStream[1]	1	14225850	32738244	109943804	8	4	0	33554432	FinalHashAggregateStream=58683760;PartialHashAggregateStream=49289852;RepartitionExec=1970192
event	11616969	release_after_refusal	FinalHashAggregateStream[1]	1	32355968	680	77587836	8	4	0		PartialHashAggregateStream=49289852;FinalHashAggregateStream=26327792;RepartitionExec=1970192
event	11618073	release_after_refusal	PartialHashAggregateStream[1]	1	16186636	16551608	59431008	8	4	0		PartialHashAggregateStream=33103216;FinalHashAggregateStream=26327792
event	11626832	refusal	FinalHashAggregateStream[0]	1	7868151	31893797	80386709	8	4	0	33554432	FinalHashAggregateStream=40586485;PartialHashAggregateStream=33103216;RepartitionExec=6697008
event	11648932	release_after_refusal	FinalHashAggregateStream[0]	1	31893117	680	75247244	8	4	0		PartialHashAggregateStream=41476918;FinalHashAggregateStream=25103126;RepartitionExec=8667200
event	11654568	refusal	PartialHashAggregateStream[1]	1	8458524	29521996	80140062	8	4	0	33554432	PartialHashAggregateStream=46073604;FinalHashAggregateStream=32096266;RepartitionExec=1970192
event	11662218	release_after_refusal	PartialHashAggregateStream[1]	1	15995924	13526072	74914861	8	4	0		FinalHashAggregateStream=42080557;PartialHashAggregateStream=30077680;RepartitionExec=2756624
event	11677099	refusal	FinalHashAggregateStream[1]	1	14258438	31851398	85204746	8	4	0	33554432	FinalHashAggregateStream=63051270;PartialHashAggregateStream=22153476
event	11693142	refusal	PartialHashAggregateStream[0]	1	14225850	32738608	110499669	8	4	0	33554432	FinalHashAggregateStream=64234989;PartialHashAggregateStream=46264680
event	11699249	release_after_refusal	FinalHashAggregateStream[1]	1	31850718	680	78648951	8	4	0		PartialHashAggregateStream=46264680;FinalHashAggregateStream=32384271
event	11702845	release_after_refusal	PartialHashAggregateStream[0]	1	16187000	16551608	54453695	8	4	0		FinalHashAggregateStream=32384271;PartialHashAggregateStream=16552288;RepartitionExec=5517136
event	11704004	refusal	FinalHashAggregateStream[0]	1	3243965	32383591	59180511	8	4	0	33554432	FinalHashAggregateStream=32384271;PartialHashAggregateStream=16552288;RepartitionExec=10243952
event	11725857	release_after_refusal	FinalHashAggregateStream[0]	1	32382911	680	73909246	8	4	0		PartialHashAggregateStream=29524449;FinalHashAggregateStream=27443837;RepartitionExec=16940960
event	11731072	refusal	PartialHashAggregateStream[1]	1	14225571	32739580	86670738	8	4	0	33554432	PartialHashAggregateStream=41366596;FinalHashAggregateStream=33880318;RepartitionExec=11423824
event	11741099	release_after_refusal	PartialHashAggregateStream[1]	1	16187972	16551608	92282863	8	4	0		FinalHashAggregateStream=43780442;PartialHashAggregateStream=43775605;RepartitionExec=4726816
event	11746392	refusal	PartialHashAggregateStream[0]	1	8458479	29522574	108615162	8	4	0	33554432	FinalHashAggregateStream=55843972;PartialHashAggregateStream=46074182;RepartitionExec=6697008
event	11749146	refusal	FinalHashAggregateStream[1]	1	13093199	31885616	112916303	8	4	0	33554432	FinalHashAggregateStream=58174921;PartialHashAggregateStream=46074182;RepartitionExec=8667200
event	11754891	release_after_refusal	PartialHashAggregateStream[0]	1	15996502	13526072	97280756	8	4	0		FinalHashAggregateStream=60506068;PartialHashAggregateStream=30077680;RepartitionExec=6697008
event	11761345	refusal	FinalHashAggregateStream[0]	1	14317195	33022393	103521817	8	4	0	33554432	FinalHashAggregateStream=64908009;PartialHashAggregateStream=30077680;RepartitionExec=8536128
event	11771805	release_after_refusal	FinalHashAggregateStream[1]	1	31884936	680	71636881	8	4	0		FinalHashAggregateStream=33023073;PartialHashAggregateStream=30077680;RepartitionExec=8536128
event	11783308	release_after_refusal	FinalHashAggregateStream[0]	1	33021713	680	57993188	8	4	0		PartialHashAggregateStream=30077680;FinalHashAggregateStream=13993092;RepartitionExec=13922416
event	11811471	refusal	PartialHashAggregateStream[0]	1	8458155	29522538	91686858	8	4	0	33554432	FinalHashAggregateStream=53536502;PartialHashAggregateStream=38150356
event	11819716	release_after_refusal	PartialHashAggregateStream[0]	1	15996466	13526072	94287764	8	4	0		FinalHashAggregateStream=53536502;PartialHashAggregateStream=40751262
event	11826753	refusal	PartialHashAggregateStream[1]	1	14225868	32738804	116789420	8	4	0	33554432	FinalHashAggregateStream=63036992;PartialHashAggregateStream=46264876;RepartitionExec=7487552
event	11829064	refusal	FinalHashAggregateStream[1]	1	13104467	32976932	116789420	8	4	0	33554432	FinalHashAggregateStream=63036992;PartialHashAggregateStream=46264876;RepartitionExec=7487552
event	11834197	refusal	FinalHashAggregateStream[0]	1	2276649	33308594	106512562	8	4	0	33554432	FinalHashAggregateStream=66285526;PartialHashAggregateStream=32739484;RepartitionExec=7487552
event	11837119	release_after_refusal	PartialHashAggregateStream[1]	1	16187196	16551608	90325366	8	4	0		FinalHashAggregateStream=66285526;PartialHashAggregateStream=16552288;RepartitionExec=7487552
event	11851087	release_after_refusal	FinalHashAggregateStream[1]	1	32976252	680	59319306	8	4	0		FinalHashAggregateStream=33309274;PartialHashAggregateStream=16552288;RepartitionExec=9457744
event	11855730	release_after_refusal	FinalHashAggregateStream[0]	1	33307914	680	28401315	8	4	0		PartialHashAggregateStream=16552288;RepartitionExec=6565936;FinalHashAggregateStream=5283091
event	11878607	refusal	PartialHashAggregateStream[0]	1	14225670	32739382	93867945	8	4	0	33554432	FinalHashAggregateStream=52501268;PartialHashAggregateStream=41366677
event	11888355	release_after_refusal	PartialHashAggregateStream[0]	1	16187774	16551608	96277105	8	4	0		FinalHashAggregateStream=52501268;PartialHashAggregateStream=43775837
event	11892667	refusal	PartialHashAggregateStream[1]	1	8458569	29522617	104849072	8	4	0	33554432	FinalHashAggregateStream=58774847;PartialHashAggregateStream=46074225
event	11897493	refusal	FinalHashAggregateStream[0]	1	1182534	33345957	112956986	8	4	0	33554432	FinalHashAggregateStream=64126137;PartialHashAggregateStream=46074225;RepartitionExec=2756624
event	11897597	refusal	FinalHashAggregateStream[1]	1	9015873	30780180	112956986	8	4	0	33554432	FinalHashAggregateStream=64126137;PartialHashAggregateStream=46074225;RepartitionExec=2756624
event	11901070	release_after_refusal	PartialHashAggregateStream[1]	1	15996545	13526072	96960441	8	4	0		FinalHashAggregateStream=64126137;PartialHashAggregateStream=30077680;RepartitionExec=2756624
event	11916734	release_after_refusal	FinalHashAggregateStream[0]	1	33345277	680	69525740	8	4	0		FinalHashAggregateStream=30780860;PartialHashAggregateStream=30077680;RepartitionExec=8667200
event	11919885	release_after_refusal	FinalHashAggregateStream[1]	1	30779500	680	36776048	8	4	0		PartialHashAggregateStream=30077680;RepartitionExec=6697008;FinalHashAggregateStream=1360
event	11953088	refusal	PartialHashAggregateStream[1]	1	14225769	32739067	92280496	8	4	0	33554432	FinalHashAggregateStream=54813933;PartialHashAggregateStream=32739747;RepartitionExec=4726816
event	11962461	release_after_refusal	PartialHashAggregateStream[1]	1	16187459	16551608	89999252	8	4	0		FinalHashAggregateStream=54813933;PartialHashAggregateStream=30458503;RepartitionExec=4726816
event	11973262	refusal	FinalHashAggregateStream[1]	1	14223581	32984252	119917810	8	4	0	33554432	FinalHashAggregateStream=59205050;PartialHashAggregateStream=49288936;RepartitionExec=11423824
event	11976102	refusal	PartialHashAggregateStream[0]	1	14225751	32737328	119917810	8	4	0	33554432	FinalHashAggregateStream=59205050;PartialHashAggregateStream=49288936;RepartitionExec=11423824
event	11985919	release_after_refusal	PartialHashAggregateStream[0]	1	16185720	16551608	103732090	8	4	0		FinalHashAggregateStream=59205050;PartialHashAggregateStream=33103216;RepartitionExec=11423824
event	11997732	release_after_refusal	FinalHashAggregateStream[1]	1	32983572	680	73561620	8	4	0		PartialHashAggregateStream=33103216;FinalHashAggregateStream=32975860;RepartitionExec=7482544
event	12000416	refusal	FinalHashAggregateStream[0]	1	14258483	32975180	70854276	8	4	0	33554432	FinalHashAggregateStream=35781764;PartialHashAggregateStream=33103216;RepartitionExec=1969296
event	12024746	release_after_refusal	FinalHashAggregateStream[0]	1	32974500	680	59337118	8	4	0		PartialHashAggregateStream=33216518;FinalHashAggregateStream=13911240;RepartitionExec=12209360
event	12043129	refusal	PartialHashAggregateStream[1]	1	14225733	32739400	95433768	8	4	0	33554432	PartialHashAggregateStream=49291008;FinalHashAggregateStream=36689128;RepartitionExec=9453632
event	12053977	release_after_refusal	PartialHashAggregateStream[1]	1	16187792	16551608	76829167	8	4	0		FinalHashAggregateStream=41488482;PartialHashAggregateStream=21160349;RepartitionExec=14180336
event	12077252	refusal	PartialHashAggregateStream[0]	1	14225823	32738662	114726183	8	4	0	33554432	FinalHashAggregateStream=62679289;PartialHashAggregateStream=49290270;RepartitionExec=2756624
event	12077623	refusal	FinalHashAggregateStream[1]	1	14269827	31853292	114726183	8	4	0	33554432	FinalHashAggregateStream=62679289;PartialHashAggregateStream=49290270;RepartitionExec=2756624
event	12077854	refusal	FinalHashAggregateStream[0]	1	14202478	30825997	114726183	8	4	0	33554432	FinalHashAggregateStream=62679289;PartialHashAggregateStream=49290270;RepartitionExec=2756624
event	12090510	release_after_refusal	PartialHashAggregateStream[0]	1	16187054	16551608	98539129	8	4	0		FinalHashAggregateStream=62679289;PartialHashAggregateStream=33103216;RepartitionExec=2756624
event	12101692	release_after_refusal	FinalHashAggregateStream[0]	1	30825317	680	76380116	8	4	0		PartialHashAggregateStream=33103216;FinalHashAggregateStream=31853972;RepartitionExec=11422928
event	12102398	release_after_refusal	FinalHashAggregateStream[1]	1	31852612	680	42558208	8	4	0		PartialHashAggregateStream=33103216;RepartitionExec=9453632;FinalHashAggregateStream=1360
event	12138414	refusal	PartialHashAggregateStream[1]	1	14225526	32738939	103982202	8	4	0	33554432	FinalHashAggregateStream=62616021;PartialHashAggregateStream=41366181
event	12148904	release_after_refusal	PartialHashAggregateStream[1]	1	16187331	16551608	106393316	8	4	0		FinalHashAggregateStream=62616021;PartialHashAggregateStream=43777295
event	12155345	refusal	PartialHashAggregateStream[0]	1	14225562	32739823	114193035	8	4	0	33554432	FinalHashAggregateStream=64901604;PartialHashAggregateStream=49291431
event	12155780	refusal	FinalHashAggregateStream[1]	1	13101359	32993561	114193035	8	4	0	33554432	FinalHashAggregateStream=64901604;PartialHashAggregateStream=49291431
event	12164683	release_after_refusal	PartialHashAggregateStream[0]	1	16188215	16551608	98004820	8	4	0		FinalHashAggregateStream=64901604;PartialHashAggregateStream=33103216
event	12169615	refusal	FinalHashAggregateStream[0]	1	14295781	31908043	103518068	8	4	0	33554432	FinalHashAggregateStream=64901604;PartialHashAggregateStream=33103216;RepartitionExec=5513248
event	12178862	release_after_refusal	FinalHashAggregateStream[1]	1	32992881	680	70525187	8	4	0		PartialHashAggregateStream=33103216;FinalHashAggregateStream=31908723;RepartitionExec=5513248
event	12193090	release_after_refusal	FinalHashAggregateStream[0]	1	31907363	680	52840734	8	4	0		RepartitionExec=20480016;PartialHashAggregateStream=16552288;FinalHashAggregateStream=15808430
event	12219170	refusal	PartialHashAggregateStream[1]	1	14225940	32738127	103492346	8	4	0	33554432	FinalHashAggregateStream=51445987;PartialHashAggregateStream=49289735;RepartitionExec=2756624
event	12229097	release_after_refusal	PartialHashAggregateStream[1]	1	16186519	16551608	82739812	8	4	0		FinalHashAggregateStream=60674276;PartialHashAggregateStream=16552288;RepartitionExec=5513248
event	12233632	refusal	FinalHashAggregateStream[1]	1	14223364	32022721	92980944	8	4	0	33554432	FinalHashAggregateStream=65044615;PartialHashAggregateStream=25179705;RepartitionExec=2756624
event	12234977	refusal	FinalHashAggregateStream[0]	1	13144641	33021894	92980944	8	4	0	33554432	FinalHashAggregateStream=65044615;PartialHashAggregateStream=25179705;RepartitionExec=2756624
event	12251897	refusal	PartialHashAggregateStream[0]	1	14225895	32739589	117092436	8	4	0	33554432	FinalHashAggregateStream=65044615;PartialHashAggregateStream=49291197;RepartitionExec=2756624
event	12259018	release_after_refusal	FinalHashAggregateStream[1]	1	32022041	680	85070395	8	4	0		PartialHashAggregateStream=49291197;FinalHashAggregateStream=33022574;RepartitionExec=2756624
event	12260394	release_after_refusal	FinalHashAggregateStream[0]	1	33021214	680	57562429	8	4	0		PartialHashAggregateStream=49291197;RepartitionExec=8269872;FinalHashAggregateStream=1360
event	12261822	release_after_refusal	PartialHashAggregateStream[0]	1	16187981	16551608	38617824	8	4	0		PartialHashAggregateStream=33103216;RepartitionExec=5513248;FinalHashAggregateStream=1360
event	12293903	refusal	FinalHashAggregateStream[1]	1	8387049	29835701	103227099	8	4	0	33554432	FinalHashAggregateStream=61747922;PartialHashAggregateStream=41479177
event	12298450	refusal	FinalHashAggregateStream[0]	1	14324547	31912221	105525325	8	4	0	33554432	FinalHashAggregateStream=61747922;PartialHashAggregateStream=43777403
event	12304857	refusal	PartialHashAggregateStream[1]	1	14225490	32740327	111039857	8	4	0	33554432	FinalHashAggregateStream=61747922;PartialHashAggregateStream=49291935
event	12314944	release_after_refusal	PartialHashAggregateStream[1]	1	16188719	16551608	94851138	8	4	0		FinalHashAggregateStream=61747922;PartialHashAggregateStream=33103216
event	12315882	release_after_refusal	FinalHashAggregateStream[1]	1	29835021	680	74468853	8	4	0		PartialHashAggregateStream=33103216;FinalHashAggregateStream=31912901;RepartitionExec=9452736
event	12322864	release_after_refusal	FinalHashAggregateStream[0]	1	31911541	680	47985023	8	4	0		PartialHashAggregateStream=33103216;RepartitionExec=10239168;FinalHashAggregateStream=4642639
event	12347894	refusal	PartialHashAggregateStream[0]	1	14225877	32738147	99972924	8	4	0	33554432	PartialHashAggregateStream=57663761;FinalHashAggregateStream=40338971;RepartitionExec=1970192
event	12357417	release_after_refusal	PartialHashAggregateStream[0]	1	16186539	16551608	91598637	8	4	0		PartialHashAggregateStream=49289474;FinalHashAggregateStream=40338971;RepartitionExec=1970192
event	12357676	refusal	PartialHashAggregateStream[1]	1	14225488	32737866	96325453	8	4	0	33554432	PartialHashAggregateStream=49289474;FinalHashAggregateStream=40338971;RepartitionExec=6697008
event	12366796	release_after_refusal	PartialHashAggregateStream[1]	1	16186258	16551608	87712476	8	4	0		FinalHashAggregateStream=44758300;PartialHashAggregateStream=33103216;RepartitionExec=9850960
event	12368734	refusal	FinalHashAggregateStream[1]	1	14258816	30673445	87712476	8	4	0	33554432	FinalHashAggregateStream=44758300;PartialHashAggregateStream=33103216;RepartitionExec=9850960
event	12388490	refusal	FinalHashAggregateStream[0]	1	13184038	33036433	110207110	8	4	0	33554432	FinalHashAggregateStream=63709878;PartialHashAggregateStream=33103216;RepartitionExec=13394016
event	12389629	release_after_refusal	FinalHashAggregateStream[1]	1	30672765	680	79534345	8	4	0		PartialHashAggregateStream=33103216;FinalHashAggregateStream=33037113;RepartitionExec=13394016
event	12409989	release_after_refusal	FinalHashAggregateStream[0]	1	33035753	680	58612244	8	4	0		FinalHashAggregateStream=23945030;PartialHashAggregateStream=18516574;RepartitionExec=16150640
event	12424775	refusal	PartialHashAggregateStream[0]	1	14225976	32738599	102128816	8	4	0	33554432	PartialHashAggregateStream=58113251;FinalHashAggregateStream=39288749;RepartitionExec=4726816
event	12434556	release_after_refusal	PartialHashAggregateStream[0]	1	16186991	16551608	85515412	8	4	0		FinalHashAggregateStream=55037852;PartialHashAggregateStream=24829128;RepartitionExec=5648432
event	12440470	refusal	FinalHashAggregateStream[1]	1	14253338	30697796	84906570	7	4	0	38347922	FinalHashAggregateStream=60606034;PartialHashAggregateStream=16551608;RepartitionExec=7748928
event	12441191	refusal	FinalHashAggregateStream[0]	1	8479299	29908238	84906570	7	4	0	38347922	FinalHashAggregateStream=60606034;PartialHashAggregateStream=16551608;RepartitionExec=7748928
event	12460913	release_after_refusal	FinalHashAggregateStream[1]	1	30697116	680	54209454	7	4	0		FinalHashAggregateStream=29908918;PartialHashAggregateStream=16551608;RepartitionExec=7748928
event	12461141	release_after_refusal	FinalHashAggregateStream[0]	1	29907558	680	22462776	7	4	0		PartialHashAggregateStream=16551608;RepartitionExec=5909808;FinalHashAggregateStream=1360
event	12503498	refusal	PartialHashAggregateStream[0]	1	14225542	32739625	80928153	7	4	0	38347922	FinalHashAggregateStream=48188528;PartialHashAggregateStream=32739625
event	12515710	release_after_refusal	PartialHashAggregateStream[0]	1	16188017	16551608	64740136	7	4	0		FinalHashAggregateStream=48188528;PartialHashAggregateStream=16551608
event	12529679	refusal	FinalHashAggregateStream[1]	1	7861944	34819826	78954835	7	4	0	38347922	FinalHashAggregateStream=62403227;PartialHashAggregateStream=16551608
event	12549269	release_after_refusal	FinalHashAggregateStream[1]	1	34819146	680	44135689	7	4	0		FinalHashAggregateStream=27584081;PartialHashAggregateStream=16551608
event	12557732	refusal	FinalHashAggregateStream[0]	1	14258717	30832052	40794778	7	4	0	38347922	FinalHashAggregateStream=38037586;RepartitionExec=2756512;PartialHashAggregateStream=680
event	12578071	release_after_refusal	FinalHashAggregateStream[0]	1	30831372	680	42700992	7	4	0		PartialHashAggregateStream=32738266;FinalHashAggregateStream=7206214;RepartitionExec=2756512
event	12578380	refusal	PartialHashAggregateStream[0]	1	14225715	32738266	42700992	7	4	0	38347922	PartialHashAggregateStream=32738266;FinalHashAggregateStream=7206214;RepartitionExec=2756512
event	12587488	release_after_refusal	PartialHashAggregateStream[0]	1	16186658	16551608	26514334	7	4	0		PartialHashAggregateStream=16551608;FinalHashAggregateStream=7206214;RepartitionExec=2756512
event	12632557	refusal	PartialHashAggregateStream[0]	1	14225715	32738840	85929021	7	4	0	38347922	FinalHashAggregateStream=51219989;PartialHashAggregateStream=32738840;RepartitionExec=1970192
event	12642003	release_after_refusal	PartialHashAggregateStream[0]	1	16187232	16551608	69741789	7	4	0		FinalHashAggregateStream=51219989;PartialHashAggregateStream=16551608;RepartitionExec=1970192
event	12655531	refusal	FinalHashAggregateStream[1]	1	14255943	31967334	88534690	7	4	0	38347922	FinalHashAggregateStream=63713210;PartialHashAggregateStream=16551608;RepartitionExec=8269872
event	12657889	refusal	FinalHashAggregateStream[0]	1	14258699	31745876	88534690	7	4	0	38347922	FinalHashAggregateStream=63713210;PartialHashAggregateStream=16551608;RepartitionExec=8269872
event	12678858	release_after_refusal	FinalHashAggregateStream[1]	1	31966654	680	56568036	7	4	0		FinalHashAggregateStream=31746556;PartialHashAggregateStream=16551608;RepartitionExec=8269872
event	12680029	release_after_refusal	FinalHashAggregateStream[0]	1	31745196	680	22066216	7	4	0		PartialHashAggregateStream=16551608;RepartitionExec=5513248;FinalHashAggregateStream=1360
event	12707175	refusal	PartialHashAggregateStream[0]	1	14225841	32738660	50153279	7	4	0	38347922	PartialHashAggregateStream=32738660;FinalHashAggregateStream=17414619
event	12716408	release_after_refusal	PartialHashAggregateStream[0]	1	16187052	16551608	33966227	7	4	0		FinalHashAggregateStream=17414619;PartialHashAggregateStream=16551608
event	12754597	refusal	PartialHashAggregateStream[0]	1	14225967	32738635	90256795	7	4	0	38347922	FinalHashAggregateStream=54761648;PartialHashAggregateStream=32738635;RepartitionExec=2756512
event	12763837	release_after_refusal	PartialHashAggregateStream[0]	1	16187027	16551608	74069768	7	4	0		FinalHashAggregateStream=54761648;PartialHashAggregateStream=16551608;RepartitionExec=2756512
event	12777151	refusal	FinalHashAggregateStream[1]	1	14289474	31864744	84043141	7	4	0	38347922	FinalHashAggregateStream=64734909;PartialHashAggregateStream=16551608;RepartitionExec=2756624
event	12779667	refusal	FinalHashAggregateStream[0]	1	13107314	32870165	84043141	7	4	0	38347922	FinalHashAggregateStream=64734909;PartialHashAggregateStream=16551608;RepartitionExec=2756624
event	12800325	release_after_refusal	FinalHashAggregateStream[1]	1	31864064	680	52179077	7	4	0		FinalHashAggregateStream=32870845;PartialHashAggregateStream=16551608;RepartitionExec=2756624
event	12801359	release_after_refusal	FinalHashAggregateStream[0]	1	32869485	680	16552968	7	4	0		PartialHashAggregateStream=16551608;FinalHashAggregateStream=1360
event	12828609	refusal	PartialHashAggregateStream[0]	1	14225823	32739139	53367818	7	4	0	38347922	PartialHashAggregateStream=32739139;FinalHashAggregateStream=20628679
event	12837700	release_after_refusal	PartialHashAggregateStream[0]	1	16187531	16551608	37180287	7	4	0		FinalHashAggregateStream=20628679;PartialHashAggregateStream=16551608
event	12879329	refusal	PartialHashAggregateStream[0]	1	14225751	32737933	95118317	7	4	0	38347922	FinalHashAggregateStream=59623760;PartialHashAggregateStream=32737933;RepartitionExec=2756624
event	12888565	release_after_refusal	PartialHashAggregateStream[0]	1	16186325	16551608	78931992	7	4	0		FinalHashAggregateStream=59623760;PartialHashAggregateStream=16551608;RepartitionExec=2756624
event	12894715	refusal	FinalHashAggregateStream[1]	1	7856778	34516001	82434618	7	4	0	38347922	FinalHashAggregateStream=63126386;PartialHashAggregateStream=16551608;RepartitionExec=2756624
event	12914860	release_after_refusal	FinalHashAggregateStream[1]	1	34515321	680	47919297	7	4	0		FinalHashAggregateStream=28611065;PartialHashAggregateStream=16551608;RepartitionExec=2756624
event	12927282	refusal	FinalHashAggregateStream[0]	1	14308259	33003869	53879889	7	4	0	38347922	FinalHashAggregateStream=46395769;RepartitionExec=7483440;PartialHashAggregateStream=680
event	12948756	refusal	PartialHashAggregateStream[0]	1	14225517	32738579	86617788	7	4	0	38347922	FinalHashAggregateStream=46395769;PartialHashAggregateStream=32738579;RepartitionExec=7483440
event	12951383	release_after_refusal	FinalHashAggregateStream[0]	1	33003189	680	53614599	7	4	0		PartialHashAggregateStream=32738579;FinalHashAggregateStream=13392580;RepartitionExec=7483440
event	12958490	release_after_refusal	PartialHashAggregateStream[0]	1	16186971	16551608	37076531	7	4	0		FinalHashAggregateStream=20524923;PartialHashAggregateStream=16551608
event	12979139	refusal	FinalHashAggregateStream[1]	1	9015819	33392507	73958356	7	4	0	38347922	FinalHashAggregateStream=57406748;PartialHashAggregateStream=16551608
event	12999531	release_after_refusal	FinalHashAggregateStream[1]	1	33391827	680	42897316	7	4	0		FinalHashAggregateStream=26345708;PartialHashAggregateStream=16551608
event	13023942	refusal	FinalHashAggregateStream[1]	1	8282112	49692672	87935188	5	4	0	53687091	FinalHashAggregateStream=87935188
event	13023944	release_after_refusal	FinalHashAggregateStream[1]	1	24846336	24846336	63088852	5	4	0		FinalHashAggregateStream=63088852
event	13051234	refusal	FinalHashAggregateStream[0]	1	8282112	66256896	91103232	4	4	0	67108864	FinalHashAggregateStream=91103232
event	13051236	release_after_refusal	FinalHashAggregateStream[0]	1	33128448	33128448	57974784	4	4	0		FinalHashAggregateStream=57974784
event	13074091	refusal	FinalHashAggregateStream[1]	1	8282112	66256896	99385344	4	4	0	67108864	FinalHashAggregateStream=99385344
event	13074093	release_after_refusal	FinalHashAggregateStream[1]	1	33128448	33128448	66256896	4	4	0		FinalHashAggregateStream=66256896
event	13113047	refusal	FinalHashAggregateStream[0]	1	8282112	66256896	99385344	4	4	0	67108864	FinalHashAggregateStream=99385344
event	13113049	release_after_refusal	FinalHashAggregateStream[0]	1	33128448	33128448	66256896	4	4	0		FinalHashAggregateStream=66256896
event	13134696	refusal	FinalHashAggregateStream[1]	1	8282112	66256896	99385344	4	4	0	67108864	FinalHashAggregateStream=99385344
event	13134698	release_after_refusal	FinalHashAggregateStream[1]	1	33128448	33128448	66256896	4	4	0		FinalHashAggregateStream=66256896
event	13176331	refusal	FinalHashAggregateStream[0]	1	8282112	66256896	99385344	4	4	0	67108864	FinalHashAggregateStream=99385344
event	13176333	release_after_refusal	FinalHashAggregateStream[0]	1	33128448	33128448	66256896	4	4	0		FinalHashAggregateStream=66256896
event	13200134	refusal	FinalHashAggregateStream[1]	1	8282112	66256896	99385344	4	4	0	67108864	FinalHashAggregateStream=99385344
event	13200136	release_after_refusal	FinalHashAggregateStream[1]	1	33128448	33128448	66256896	4	4	0		FinalHashAggregateStream=66256896
event	13237878	refusal	FinalHashAggregateStream[0]	1	8282112	66256896	99385344	4	4	0	67108864	FinalHashAggregateStream=99385344
event	13237881	release_after_refusal	FinalHashAggregateStream[0]	1	33128448	33128448	66256896	4	4	0		FinalHashAggregateStream=66256896
event	13264016	refusal	FinalHashAggregateStream[1]	1	8282112	66256896	99385344	4	4	0	67108864	FinalHashAggregateStream=99385344
event	13264019	release_after_refusal	FinalHashAggregateStream[1]	1	33128448	33128448	66256896	4	4	0		FinalHashAggregateStream=66256896
event	13301961	refusal	FinalHashAggregateStream[0]	1	8282112	66256896	99385344	4	4	0	67108864	FinalHashAggregateStream=99385344
event	13301963	release_after_refusal	FinalHashAggregateStream[0]	1	33128448	33128448	66256896	4	4	0		FinalHashAggregateStream=66256896
event	13325545	refusal	FinalHashAggregateStream[1]	1	8282112	66256896	99385344	4	4	0	67108864	FinalHashAggregateStream=99385344
event	13325547	release_after_refusal	FinalHashAggregateStream[1]	1	33128448	33128448	66256896	4	4	0		FinalHashAggregateStream=66256896
event	13366604	refusal	FinalHashAggregateStream[0]	1	8282112	66256896	99385344	4	4	0	67108864	FinalHashAggregateStream=99385344
event	13366607	release_after_refusal	FinalHashAggregateStream[0]	1	33128448	33128448	66256896	4	4	0		FinalHashAggregateStream=66256896
event	13389336	refusal	FinalHashAggregateStream[1]	1	8282112	66256896	99385344	4	4	0	67108864	FinalHashAggregateStream=99385344
event	13389338	release_after_refusal	FinalHashAggregateStream[1]	1	33128448	33128448	66256896	4	4	0		FinalHashAggregateStream=66256896
event	13440990	refusal	FinalHashAggregateStream[0]	1	8282112	66256896	99385344	4	4	0	67108864	FinalHashAggregateStream=99385344
event	13440992	release_after_refusal	FinalHashAggregateStream[0]	1	33128448	33128448	66256896	4	4	0		FinalHashAggregateStream=66256896
event	13460280	refusal	FinalHashAggregateStream[1]	1	8282112	66256896	99385344	4	4	0	67108864	FinalHashAggregateStream=99385344
event	13460282	release_after_refusal	FinalHashAggregateStream[1]	1	33128448	33128448	66256896	4	4	0		FinalHashAggregateStream=66256896
event	13504171	refusal	FinalHashAggregateStream[0]	1	8282112	66256896	99385344	4	4	0	67108864	FinalHashAggregateStream=99385344
event	13504173	release_after_refusal	FinalHashAggregateStream[0]	1	33128448	33128448	66256896	4	4	0		FinalHashAggregateStream=66256896
event	13526424	refusal	FinalHashAggregateStream[1]	1	8282112	66256896	99385344	4	4	0	67108864	FinalHashAggregateStream=99385344
event	13526425	release_after_refusal	FinalHashAggregateStream[1]	1	33128448	33128448	66256896	4	4	0		FinalHashAggregateStream=66256896
event	13566843	refusal	FinalHashAggregateStream[0]	1	8282112	66256896	99385344	4	4	0	67108864	FinalHashAggregateStream=99385344
event	13566845	release_after_refusal	FinalHashAggregateStream[0]	1	33128448	33128448	66256896	4	4	0		FinalHashAggregateStream=66256896
event	13590357	refusal	FinalHashAggregateStream[1]	1	8282112	66256896	99385344	4	4	0	67108864	FinalHashAggregateStream=99385344
event	13590360	release_after_refusal	FinalHashAggregateStream[1]	1	33128448	33128448	66256896	4	4	0		FinalHashAggregateStream=66256896
event	13634961	refusal	FinalHashAggregateStream[0]	1	8282112	66256896	99385344	4	4	0	67108864	FinalHashAggregateStream=99385344
event	13634964	release_after_refusal	FinalHashAggregateStream[0]	1	33128448	33128448	66256896	4	4	0		FinalHashAggregateStream=66256896
event	13656652	refusal	FinalHashAggregateStream[1]	1	8282112	66256896	99385344	4	4	0	67108864	FinalHashAggregateStream=99385344
event	13656654	release_after_refusal	FinalHashAggregateStream[1]	1	33128448	33128448	66256896	4	4	0		FinalHashAggregateStream=66256896
event	13696213	refusal	FinalHashAggregateStream[0]	1	8282112	66256896	99385344	4	4	0	67108864	FinalHashAggregateStream=99385344
event	13696216	release_after_refusal	FinalHashAggregateStream[0]	1	33128448	33128448	66256896	4	4	0		FinalHashAggregateStream=66256896
event	13718264	refusal	FinalHashAggregateStream[1]	1	8282112	66256896	99385344	4	4	0	67108864	FinalHashAggregateStream=99385344
event	13718267	release_after_refusal	FinalHashAggregateStream[1]	1	33128448	33128448	66256896	4	4	0		FinalHashAggregateStream=66256896
event	13754662	refusal	FinalHashAggregateStream[0]	1	8282112	66256896	99385344	4	4	0	67108864	FinalHashAggregateStream=99385344
event	13754665	release_after_refusal	FinalHashAggregateStream[0]	1	33128448	33128448	66256896	4	4	0		FinalHashAggregateStream=66256896
event	13777891	refusal	FinalHashAggregateStream[1]	1	8282112	66256896	99385344	4	4	0	67108864	FinalHashAggregateStream=99385344
event	13777895	release_after_refusal	FinalHashAggregateStream[1]	1	33128448	33128448	66256896	4	4	0		FinalHashAggregateStream=66256896
event	13817209	refusal	FinalHashAggregateStream[0]	1	8282112	66256896	99385344	4	4	0	67108864	FinalHashAggregateStream=99385344
event	13817212	release_after_refusal	FinalHashAggregateStream[0]	1	33128448	33128448	66256896	4	4	0		FinalHashAggregateStream=66256896
event	13842708	refusal	FinalHashAggregateStream[1]	1	8282112	66256896	99385344	4	4	0	67108864	FinalHashAggregateStream=99385344
event	13842711	release_after_refusal	FinalHashAggregateStream[1]	1	33128448	33128448	66256896	4	4	0		FinalHashAggregateStream=66256896
event	13877504	refusal	FinalHashAggregateStream[0]	1	8282112	66256896	99385344	4	4	0	67108864	FinalHashAggregateStream=99385344
event	13877507	release_after_refusal	FinalHashAggregateStream[0]	1	33128448	33128448	66256896	4	4	0		FinalHashAggregateStream=66256896
event	13908720	refusal	FinalHashAggregateStream[1]	1	8282112	66256896	99385344	4	4	0	67108864	FinalHashAggregateStream=99385344
event	13908723	release_after_refusal	FinalHashAggregateStream[1]	1	33128448	33128448	66256896	4	4	0		FinalHashAggregateStream=66256896
event	13941036	refusal	FinalHashAggregateStream[0]	1	8282112	66256896	99385344	4	4	0	67108864	FinalHashAggregateStream=99385344
event	13941038	release_after_refusal	FinalHashAggregateStream[0]	1	33128448	33128448	66256896	4	4	0		FinalHashAggregateStream=66256896
event	13968834	refusal	FinalHashAggregateStream[1]	1	8282112	66256896	99385344	4	4	0	67108864	FinalHashAggregateStream=99385344
event	13968836	release_after_refusal	FinalHashAggregateStream[1]	1	33128448	33128448	66256896	4	4	0		FinalHashAggregateStream=66256896
event	14000321	refusal	FinalHashAggregateStream[0]	1	8282112	66256896	99385344	4	4	0	67108864	FinalHashAggregateStream=99385344
event	14000324	release_after_refusal	FinalHashAggregateStream[0]	1	33128448	33128448	66256896	4	4	0		FinalHashAggregateStream=66256896
event	14034890	refusal	FinalHashAggregateStream[1]	1	8282112	66256896	99385344	4	4	0	67108864	FinalHashAggregateStream=99385344
event	14034893	release_after_refusal	FinalHashAggregateStream[1]	1	33128448	33128448	66256896	4	4	0		FinalHashAggregateStream=66256896
event	14063690	refusal	FinalHashAggregateStream[0]	1	8282112	66256896	99385344	4	4	0	67108864	FinalHashAggregateStream=99385344
event	14063693	release_after_refusal	FinalHashAggregateStream[0]	1	33128448	33128448	66256896	4	4	0		FinalHashAggregateStream=66256896
event	14096614	refusal	FinalHashAggregateStream[1]	1	8282112	66256896	99385344	4	4	0	67108864	FinalHashAggregateStream=99385344
event	14096616	release_after_refusal	FinalHashAggregateStream[1]	1	33128448	33128448	66256896	4	4	0		FinalHashAggregateStream=66256896
event	14126839	refusal	FinalHashAggregateStream[0]	1	8282112	66256896	99385344	4	4	0	67108864	FinalHashAggregateStream=99385344
event	14126842	release_after_refusal	FinalHashAggregateStream[0]	1	33128448	33128448	66256896	4	4	0		FinalHashAggregateStream=66256896
event	14161599	refusal	FinalHashAggregateStream[1]	1	8282112	66256896	99385344	4	4	0	67108864	FinalHashAggregateStream=99385344
event	14161601	release_after_refusal	FinalHashAggregateStream[1]	1	33128448	33128448	66256896	4	4	0		FinalHashAggregateStream=66256896
event	14189907	refusal	FinalHashAggregateStream[0]	1	8282112	66256896	99385344	4	4	0	67108864	FinalHashAggregateStream=99385344
event	14189909	release_after_refusal	FinalHashAggregateStream[0]	1	33128448	33128448	66256896	4	4	0		FinalHashAggregateStream=66256896
event	14226082	refusal	FinalHashAggregateStream[1]	1	8282112	66256896	99385344	4	4	0	67108864	FinalHashAggregateStream=99385344
event	14226084	release_after_refusal	FinalHashAggregateStream[1]	1	33128448	33128448	66256896	4	4	0		FinalHashAggregateStream=66256896
event	14251799	refusal	FinalHashAggregateStream[0]	1	8282112	66256896	99385344	4	4	0	67108864	FinalHashAggregateStream=99385344
event	14251802	release_after_refusal	FinalHashAggregateStream[0]	1	33128448	33128448	66256896	4	4	0		FinalHashAggregateStream=66256896
event	14288471	refusal	FinalHashAggregateStream[1]	1	8282112	66256896	99385344	4	4	0	67108864	FinalHashAggregateStream=99385344
event	14288474	release_after_refusal	FinalHashAggregateStream[1]	1	33128448	33128448	66256896	4	4	0		FinalHashAggregateStream=66256896
event	14311872	refusal	FinalHashAggregateStream[0]	1	8282112	66256896	99385344	4	4	0	67108864	FinalHashAggregateStream=99385344
event	14311874	release_after_refusal	FinalHashAggregateStream[0]	1	33128448	33128448	66256896	4	4	0		FinalHashAggregateStream=66256896
event	14353663	refusal	FinalHashAggregateStream[1]	1	8282112	66256896	99385344	4	4	0	67108864	FinalHashAggregateStream=99385344
event	14353666	release_after_refusal	FinalHashAggregateStream[1]	1	33128448	33128448	66256896	4	4	0		FinalHashAggregateStream=66256896
event	14378711	refusal	FinalHashAggregateStream[0]	1	8282112	66256896	99385344	4	4	0	67108864	FinalHashAggregateStream=99385344
event	14378713	release_after_refusal	FinalHashAggregateStream[0]	1	33128448	33128448	66256896	4	4	0		FinalHashAggregateStream=66256896
event	14422401	refusal	FinalHashAggregateStream[1]	1	8282112	66256896	99385344	4	4	0	67108864	FinalHashAggregateStream=99385344
event	14422403	release_after_refusal	FinalHashAggregateStream[1]	1	33128448	33128448	66256896	4	4	0		FinalHashAggregateStream=66256896
event	14449086	refusal	FinalHashAggregateStream[0]	1	8282112	66256896	99385344	4	4	0	67108864	FinalHashAggregateStream=99385344
event	14449088	release_after_refusal	FinalHashAggregateStream[0]	1	33128448	33128448	66256896	4	4	0		FinalHashAggregateStream=66256896
event	14578279	refusal	FinalHashAggregateStream[1]	1	8282112	66256896	99385344	4	4	0	67108864	FinalHashAggregateStream=99385344
event	14578282	release_after_refusal	FinalHashAggregateStream[1]	1	33128448	33128448	66256896	4	4	0		FinalHashAggregateStream=66256896
event	14749928	refusal	FinalHashAggregateStream[0]	1	8282112	66256896	99385344	4	4	0	67108864	FinalHashAggregateStream=99385344
event	14749930	release_after_refusal	FinalHashAggregateStream[0]	1	33128448	33128448	66256896	4	4	0		FinalHashAggregateStream=66256896
event	15114416	refusal	FinalHashAggregateStream[1]	1	8282112	66256896	99385344	4	4	0	67108864	FinalHashAggregateStream=99385344
event	15114418	release_after_refusal	FinalHashAggregateStream[1]	1	33128448	33128448	66256896	4	4	0		FinalHashAggregateStream=66256896
event	15308920	refusal	FinalHashAggregateStream[0]	1	8282112	66256896	99385344	4	4	0	67108864	FinalHashAggregateStream=99385344
event	15308922	release_after_refusal	FinalHashAggregateStream[0]	1	33128448	33128448	66256896	4	4	0		FinalHashAggregateStream=66256896
event	15731811	refusal	ExternalSorter[1]	1	5998564	59174408	134431233	4	4	10485760	64487424	FinalHashAggregateStream=64771065;ExternalSorter=59174408;ExternalSorterMerge=10485760
event	15732002	release_after_refusal	ExternalSorter[1]	1	3245042	55929366	131186191	4	4	10485760		FinalHashAggregateStream=64771065;ExternalSorter=55929366;ExternalSorterMerge=10485760
event	15809663	refusal	ExternalSorter[1]	1	4556788	60907312	136426281	4	4	10485760	64487424	FinalHashAggregateStream=65033209;ExternalSorter=60907312;ExternalSorterMerge=10485760
event	15809793	release_after_refusal	ExternalSorter[1]	1	2524154	58383158	133902127	4	4	10485760		FinalHashAggregateStream=65033209;ExternalSorter=58383158;ExternalSorterMerge=10485760
event	15873930	refusal	ExternalSorter[1]	1	6850564	55889800	146847150	4	4	20971520	61865984	ExternalSorter=71399052;FinalHashAggregateStream=54476578;ExternalSorterMerge=20971520
event	15874065	release_after_refusal	ExternalSorter[1]	1	3671034	52218766	143176116	4	4	20971520		ExternalSorter=67728018;FinalHashAggregateStream=54476578;ExternalSorterMerge=20971520
event	15926678	refusal	ExternalSorter[0]	1	5998564	59174408	171898190	4	4	20971520	61865984	ExternalSorter=95532588;FinalHashAggregateStream=55394082;ExternalSorterMerge=20971520
event	15926923	release_after_refusal	ExternalSorter[0]	1	3245042	55929366	168653148	4	4	20971520		ExternalSorter=92287546;FinalHashAggregateStream=55394082;ExternalSorterMerge=20971520
event	15949628	refusal	ExternalSorter[1]	1	5638148	56617012	153501433	4	4	20971520	61865984	ExternalSorter=75300832;FinalHashAggregateStream=57229081;ExternalSorterMerge=20971520
event	15949948	release_after_refusal	ExternalSorter[1]	1	1803266	54813746	151698167	4	4	20971520		ExternalSorter=73497566;FinalHashAggregateStream=57229081;ExternalSorterMerge=20971520
event	16003024	refusal	ExternalSorter[0]	1	4556788	60907312	183953078	4	4	20971520	61865984	ExternalSorter=107325332;FinalHashAggregateStream=55656226;ExternalSorterMerge=20971520
event	16003154	release_after_refusal	ExternalSorter[0]	1	2524154	58383158	181428924	4	4	20971520		ExternalSorter=104801178;FinalHashAggregateStream=55656226;ExternalSorterMerge=20971520
event	16032293	refusal	ExternalSorter[1]	1	4425748	61827252	158173318	4	4	20971520	61865984	ExternalSorter=81430660;FinalHashAggregateStream=55771138;ExternalSorterMerge=20971520
event	16032416	release_after_refusal	ExternalSorter[1]	1	2458634	59368618	155714684	4	4	20971520		ExternalSorter=78972026;FinalHashAggregateStream=55771138;ExternalSorterMerge=20971520
event	16066576	refusal	ExternalSorter[0]	1	6850564	55889800	157054958	4	4	20971520	61865984	ExternalSorter=80312300;FinalHashAggregateStream=55771138;ExternalSorterMerge=20971520
event	16066760	release_after_refusal	ExternalSorter[0]	1	3671034	52218766	153383924	4	4	20971520		ExternalSorter=76641266;FinalHashAggregateStream=55771138;ExternalSorterMerge=20971520
event	16100831	refusal	ExternalSorter[1]	1	6948900	61298908	161614070	4	4	20971520	61865984	ExternalSorter=84871412;FinalHashAggregateStream=55771138;ExternalSorterMerge=20971520
event	16101109	release_after_refusal	ExternalSorter[1]	1	3720202	57578706	157893868	4	4	20971520		ExternalSorter=81151210;FinalHashAggregateStream=55771138;ExternalSorterMerge=20971520
event	16143133	refusal	ExternalSorter[0]	1	5638148	56617012	161653042	4	4	20971520	61865984	ExternalSorter=84910384;FinalHashAggregateStream=55771138;ExternalSorterMerge=20971520
event	16143268	release_after_refusal	ExternalSorter[0]	1	3064834	53552178	158588208	4	4	20971520		ExternalSorter=81845550;FinalHashAggregateStream=55771138;ExternalSorterMerge=20971520
event	16176904	refusal	ExternalSorter[1]	1	5736484	57895380	165122538	4	4	20971520	61865984	ExternalSorter=88379880;FinalHashAggregateStream=55771138;ExternalSorterMerge=20971520
event	16177299	release_after_refusal	ExternalSorter[1]	1	3114002	54781378	169156294	4	4	20971520		ExternalSorter=85265878;FinalHashAggregateStream=62918896;ExternalSorterMerge=20971520
event	16221642	refusal	ExternalSorter[0]	1	4425748	61827252	179347922	4	4	20971520	61865984	ExternalSorter=102605264;FinalHashAggregateStream=55771138;ExternalSorterMerge=20971520
event	16221817	release_after_refusal	ExternalSorter[0]	1	3408898	58418354	175939024	4	4	20971520		ExternalSorter=99196366;FinalHashAggregateStream=55771138;ExternalSorterMerge=20971520
event	16249351	refusal	ExternalSorter[1]	1	4294708	58810912	154632818	4	4	20971520	61865984	ExternalSorter=77890160;FinalHashAggregateStream=55771138;ExternalSorterMerge=20971520
event	16249475	release_after_refusal	ExternalSorter[1]	1	2393114	56417798	152239704	4	4	20971520		ExternalSorter=75497046;FinalHashAggregateStream=55771138;ExternalSorterMerge=20971520
event	16290044	refusal	ExternalSorter[0]	1	6948900	61298908	172921418	4	4	20971520	61865984	ExternalSorter=96178760;FinalHashAggregateStream=55771138;ExternalSorterMerge=20971520
event	16290209	release_after_refusal	ExternalSorter[0]	1	2802698	58496210	170118720	4	4	20971520		ExternalSorter=93376062;FinalHashAggregateStream=55771138;ExternalSorterMerge=20971520
event	16314867	refusal	ExternalSorter[1]	1	6817860	59857468	153189070	4	4	20971520	61865984	ExternalSorter=76446412;FinalHashAggregateStream=55771138;ExternalSorterMerge=20971520
event	16314998	release_after_refusal	ExternalSorter[1]	1	3654682	56202786	149534388	4	4	20971520		ExternalSorter=72791730;FinalHashAggregateStream=55771138;ExternalSorterMerge=20971520
event	16367513	refusal	ExternalSorter[0]	1	5736484	57895380	168538438	4	4	20971520	61865984	ExternalSorter=91795780;FinalHashAggregateStream=55771138;ExternalSorterMerge=20971520
event	16367783	release_after_refusal	ExternalSorter[0]	1	1852434	56042946	166686004	4	4	20971520		ExternalSorter=89943346;FinalHashAggregateStream=55771138;ExternalSorterMerge=20971520
event	16397290	refusal	ExternalSorter[1]	1	5834736	59633440	167352278	4	4	20971520	61865984	ExternalSorter=90609620;FinalHashAggregateStream=55771138;ExternalSorterMerge=20971520
event	16397437	release_after_refusal	ExternalSorter[1]	1	3163128	56470312	164189150	4	4	20971520		ExternalSorter=87446492;FinalHashAggregateStream=55771138;ExternalSorterMerge=20971520
event	16439465	refusal	ExternalSorter[0]	1	4294708	58810912	172825049	4	4	20971520	61865984	ExternalSorter=96082400;FinalHashAggregateStream=55771129;ExternalSorterMerge=20971520
event	16439923	release_after_refusal	ExternalSorter[0]	1	3228690	55582222	166252981	4	4	20971520		ExternalSorter=92853710;FinalHashAggregateStream=55771129;ExternalSorterMerge=20971520
event	16476218	refusal	ExternalSorter[1]	1	4622308	59467516	165419062	4	4	20971520	61865984	ExternalSorter=88676404;FinalHashAggregateStream=55771138;ExternalSorterMerge=20971520
event	16476418	release_after_refusal	ExternalSorter[1]	1	2556914	56910602	162862148	4	4	20971520		ExternalSorter=86119490;FinalHashAggregateStream=55771138;ExternalSorterMerge=20971520
event	16505945	refusal	ExternalSorter[0]	1	6096796	59136404	155023458	4	4	20971520	61865984	ExternalSorter=78280800;FinalHashAggregateStream=55771138;ExternalSorterMerge=20971520
event	16506179	release_after_refusal	ExternalSorter[0]	1	2737178	56399226	157337048	4	4	20971520		ExternalSorter=75543622;FinalHashAggregateStream=60821906;ExternalSorterMerge=20971520
event	16541762	refusal	ExternalSorter[1]	1	6916056	55823740	155221334	4	4	20971520	61865984	ExternalSorter=78478676;FinalHashAggregateStream=55771138;ExternalSorterMerge=20971520
event	16542005	release_after_refusal	ExternalSorter[1]	1	3703780	52119960	151517554	4	4	20971520		ExternalSorter=74774896;FinalHashAggregateStream=55771138;ExternalSorterMerge=20971520
event	16586724	refusal	ExternalSorter[0]	1	5834708	60354224	168766666	4	4	20971520	61865984	ExternalSorter=92024008;FinalHashAggregateStream=55771138;ExternalSorterMerge=20971520
event	16587038	release_after_refusal	ExternalSorter[0]	1	3163114	57191110	165603552	4	4	20971520		ExternalSorter=88860894;FinalHashAggregateStream=55771138;ExternalSorterMerge=20971520
event	16622495	refusal	ExternalSorter[1]	1	5932960	61729696	176921258	4	4	20971520	61865984	ExternalSorter=100178600;FinalHashAggregateStream=55771138;ExternalSorterMerge=20971520
event	16622671	release_after_refusal	ExternalSorter[1]	1	3212240	58517456	173709018	4	4	20971520		ExternalSorter=96966360;FinalHashAggregateStream=55771138;ExternalSorterMerge=20971520
event	16660123	refusal	ExternalSorter[0]	1	3671868	59268564	170134314	4	4	20971520	61865984	ExternalSorter=93391656;FinalHashAggregateStream=55771138;ExternalSorterMerge=20971520
event	16660370	release_after_refusal	ExternalSorter[0]	1	3392490	55876074	166741824	4	4	20971520		ExternalSorter=89999166;FinalHashAggregateStream=55771138;ExternalSorterMerge=20971520
event	16702462	refusal	ExternalSorter[1]	1	4720532	60744288	172332966	4	4	20971520	61865984	ExternalSorter=95590308;FinalHashAggregateStream=55771138;ExternalSorterMerge=20971520
event	16702589	release_after_refusal	ExternalSorter[1]	1	2606026	58138262	169726940	4	4	20971520		ExternalSorter=92984282;FinalHashAggregateStream=55771138;ExternalSorterMerge=20971520
event	16727788	refusal	ExternalSorter[0]	1	6194964	59495216	156496258	4	4	20971520	61865984	ExternalSorter=79753600;FinalHashAggregateStream=55771138;ExternalSorterMerge=20971520
event	16728114	release_after_refusal	ExternalSorter[0]	1	2671574	56823642	153824684	4	4	20971520		ExternalSorter=77082026;FinalHashAggregateStream=55771138;ExternalSorterMerge=20971520
event	16771045	refusal	ExternalSorter[1]	1	3049324	59626084	162989574	4	4	20971520	61865984	ExternalSorter=86246916;FinalHashAggregateStream=55771138;ExternalSorterMerge=20971520
event	16771389	release_after_refusal	ExternalSorter[1]	1	2950090	56675994	160039484	4	4	20971520		ExternalSorter=83296826;FinalHashAggregateStream=55771138;ExternalSorterMerge=20971520
event	16810345	refusal	ExternalSorter[0]	1	5932904	61728632	163191130	4	4	20971520	61865984	ExternalSorter=86448472;FinalHashAggregateStream=55771138;ExternalSorterMerge=20971520
event	16810475	release_after_refusal	ExternalSorter[0]	1	3212212	58516420	159978918	4	4	20971520		ExternalSorter=83236260;FinalHashAggregateStream=55771138;ExternalSorterMerge=20971520
event	16847182	refusal	ExternalSorter[1]	1	6031156	56089880	167676330	4	4	20971520	61865984	ExternalSorter=90933672;FinalHashAggregateStream=55771138;ExternalSorterMerge=20971520
event	16847429	release_after_refusal	ExternalSorter[1]	1	3261338	52828542	164414992	4	4	20971520		ExternalSorter=87672334;FinalHashAggregateStream=55771138;ExternalSorterMerge=20971520
event	16888256	refusal	ExternalSorter[0]	1	4720476	60743728	176132814	4	4	20971520	61865984	ExternalSorter=99390156;FinalHashAggregateStream=55771138;ExternalSorterMerge=20971520
event	16888416	release_after_refusal	ExternalSorter[0]	1	2605998	58137730	173526816	4	4	20971520		ExternalSorter=96784158;FinalHashAggregateStream=55771138;ExternalSorterMerge=20971520
event	16920229	refusal	ExternalSorter[1]	1	3868344	58152688	160791486	4	4	20971520	61865984	ExternalSorter=84048828;FinalHashAggregateStream=55771138;ExternalSorterMerge=20971520
event	16920393	release_after_refusal	ExternalSorter[1]	1	2540450	55612238	158251036	4	4	20971520		ExternalSorter=81508378;FinalHashAggregateStream=55771138;ExternalSorterMerge=20971520
event	16958276	refusal	ExternalSorter[0]	1	3049324	60346644	167345046	4	4	20971520	61865984	ExternalSorter=90602388;FinalHashAggregateStream=55771138;ExternalSorterMerge=20971520
event	16958453	release_after_refusal	ExternalSorter[0]	1	1770422	58576222	165574624	4	4	20971520		ExternalSorter=88831966;FinalHashAggregateStream=55771138;ExternalSorterMerge=20971520
event	16983455	refusal	ExternalSorter[1]	1	6883128	55494432	145810642	4	4	20971520	61865984	ExternalSorter=69067984;FinalHashAggregateStream=55771138;ExternalSorterMerge=20971520
event	16983579	release_after_refusal	ExternalSorter[1]	1	3687316	51807116	142123326	4	4	20971520		ExternalSorter=65380668;FinalHashAggregateStream=55771138;ExternalSorterMerge=20971520
event	17039203	refusal	ExternalSorter[0]	1	6031212	57532540	175679662	4	4	20971520	61865984	ExternalSorter=98937004;FinalHashAggregateStream=55771138;ExternalSorterMerge=20971520
event	17039333	release_after_refusal	ExternalSorter[0]	1	3261366	54271174	172418296	4	4	20971520		ExternalSorter=95675638;FinalHashAggregateStream=55771138;ExternalSorterMerge=20971520
event	17061828	refusal	ExternalSorter[1]	1	5670712	57040344	151843702	4	4	20971520	61865984	ExternalSorter=75101044;FinalHashAggregateStream=55771138;ExternalSorterMerge=20971520
event	17062362	release_after_refusal	ExternalSorter[1]	1	3081116	53959228	148762586	4	4	20971520		ExternalSorter=72019928;FinalHashAggregateStream=55771138;ExternalSorterMerge=20971520
event	17112195	refusal	ExternalSorter[0]	1	4589408	57432044	179084811	4	4	20971520	61865984	ExternalSorter=98668264;FinalHashAggregateStream=59445027;ExternalSorterMerge=20971520
event	17112320	release_after_refusal	ExternalSorter[0]	1	2540464	54891580	176544347	4	4	20971520		ExternalSorter=96127800;FinalHashAggregateStream=59445027;ExternalSorterMerge=20971520
event	17138612	refusal	ExternalSorter[1]	1	4458200	59365572	155842118	4	4	20971520	61865984	ExternalSorter=79099460;FinalHashAggregateStream=55771138;ExternalSorterMerge=20971520
event	17138752	release_after_refusal	ExternalSorter[1]	1	2474860	56890712	153367258	4	4	20971520		ExternalSorter=76624600;FinalHashAggregateStream=55771138;ExternalSorterMerge=20971520
event	17175039	refusal	ExternalSorter[0]	1	6883156	55494964	161705810	4	4	20971520	61865984	ExternalSorter=84963152;FinalHashAggregateStream=55771138;ExternalSorterMerge=20971520
event	17175213	release_after_refusal	ExternalSorter[0]	1	2769840	52725124	158935970	4	4	20971520		ExternalSorter=82193312;FinalHashAggregateStream=55771138;ExternalSorterMerge=20971520
event	17207445	refusal	ExternalSorter[1]	1	6981240	60212660	161938329	4	4	20971520	61865984	ExternalSorter=80144984;FinalHashAggregateStream=60821825;ExternalSorterMerge=20971520
event	17207756	release_after_refusal	ExternalSorter[1]	1	3736372	56476288	158201957	4	4	20971520		ExternalSorter=76408612;FinalHashAggregateStream=60821825;ExternalSorterMerge=20971520
event	17258010	refusal	ExternalSorter[0]	1	5900004	60547948	171713611	4	4	20971520	61865984	ExternalSorter=91296992;FinalHashAggregateStream=59445099;ExternalSorterMerge=20971520
event	17258218	release_after_refusal	ExternalSorter[0]	1	3195762	57352186	168744712	4	4	20971520		ExternalSorter=92002054;FinalHashAggregateStream=55771138;ExternalSorterMerge=20971520
event	17289983	refusal	ExternalSorter[1]	1	5277024	60478604	169015058	4	4	20971520	61865984	ExternalSorter=92272400;FinalHashAggregateStream=55771138;ExternalSorterMerge=20971520
event	17290386	release_after_refusal	ExternalSorter[1]	1	3851068	56627536	165163990	4	4	20971520		ExternalSorter=88421332;FinalHashAggregateStream=55771138;ExternalSorterMerge=20971520
event	17338416	refusal	ExternalSorter[0]	1	4687548	60315580	178161166	4	4	20971520	61865984	ExternalSorter=101418508;FinalHashAggregateStream=55771138;ExternalSorterMerge=20971520
event	17338793	release_after_refusal	ExternalSorter[0]	1	2589534	57726046	175571632	4	4	20971520		ExternalSorter=98828974;FinalHashAggregateStream=55771138;ExternalSorterMerge=20971520
event	17371115	refusal	ExternalSorter[1]	1	4785632	61590448	169115032	4	4	20971520	61865984	ExternalSorter=87321948;FinalHashAggregateStream=60821564;ExternalSorterMerge=20971520
event	17371425	release_after_refusal	ExternalSorter[1]	1	2638576	58951872	166476456	4	4	20971520		ExternalSorter=84683372;FinalHashAggregateStream=60821564;ExternalSorterMerge=20971520
event	17397607	refusal	ExternalSorter[0]	1	6981296	56476364	152295641	4	4	20971520	61865984	ExternalSorter=75552992;FinalHashAggregateStream=55771129;ExternalSorterMerge=20971520
event	17397867	release_after_refusal	ExternalSorter[0]	1	2704222	53772142	149591419	4	4	20971520		ExternalSorter=72848770;FinalHashAggregateStream=55771129;ExternalSorterMerge=20971520
event	17444318	refusal	ExternalSorter[1]	1	3343632	59129160	168784586	4	4	20971520	61865984	ExternalSorter=92041928;FinalHashAggregateStream=55771138;ExternalSorterMerge=20971520
event	17444492	release_after_refusal	ExternalSorter[1]	1	1917576	57211584	166867010	4	4	20971520		ExternalSorter=90124352;FinalHashAggregateStream=55771138;ExternalSorterMerge=20971520
event	17472304	refusal	ExternalSorter[0]	1	5047816	57595380	148367758	4	4	20971520	61865984	ExternalSorter=71625100;FinalHashAggregateStream=55771138;ExternalSorterMerge=20971520
event	17472732	release_after_refusal	ExternalSorter[0]	1	1868632	55726748	146499126	4	4	20971520		ExternalSorter=69756468;FinalHashAggregateStream=55771138;ExternalSorterMerge=20971520
event	17520782	refusal	ExternalSorter[1]	1	5604344	57752580	181567000	4	4	20971520	61865984	ExternalSorter=99773808;FinalHashAggregateStream=60821672;ExternalSorterMerge=20971520
event	17521076	release_after_refusal	ExternalSorter[1]	1	2032264	55720316	179534736	4	4	20971520		ExternalSorter=97741544;FinalHashAggregateStream=60821672;ExternalSorterMerge=20971520
event	17549051	refusal	ExternalSorter[0]	1	3835304	60641364	158425342	4	4	20971520	61865984	ExternalSorter=81682684;FinalHashAggregateStream=55771138;ExternalSorterMerge=20971520
event	17549199	release_after_refusal	ExternalSorter[0]	1	2523930	58117434	155901412	4	4	20971520		ExternalSorter=79158754;FinalHashAggregateStream=55771138;ExternalSorterMerge=20971520
event	17602711	refusal	ExternalSorter[1]	1	5342244	60406344	183528857	4	4	20971520	61865984	ExternalSorter=106786208;FinalHashAggregateStream=55771129;ExternalSorterMerge=20971520
event	17602942	release_after_refusal	ExternalSorter[1]	1	2916882	57489462	180611975	4	4	20971520		ExternalSorter=103869326;FinalHashAggregateStream=55771129;ExternalSorterMerge=20971520
event	17619562	refusal	ExternalSorter[0]	1	3114368	61293316	148949838	4	4	20971520	61865984	ExternalSorter=72207180;FinalHashAggregateStream=55771138;ExternalSorterMerge=20971520
event	17619970	release_after_refusal	ExternalSorter[0]	1	1802944	59490372	147146894	4	4	20971520		ExternalSorter=70404236;FinalHashAggregateStream=55771138;ExternalSorterMerge=20971520
event	17675575	refusal	ExternalSorter[1]	1	3900356	60304772	174844745	4	4	20971520	61865984	ExternalSorter=94428288;FinalHashAggregateStream=59444937;ExternalSorterMerge=20971520
event	17675757	release_after_refusal	ExternalSorter[1]	1	2195938	58108834	173432640	4	4	20971520		ExternalSorter=96689982;FinalHashAggregateStream=55771138;ExternalSorterMerge=20971520
event	17703495	refusal	ExternalSorter[0]	1	6325464	60147340	152425354	4	4	20971520	61865984	ExternalSorter=75682696;FinalHashAggregateStream=55771138;ExternalSorterMerge=20971520
event	17703778	release_after_refusal	ExternalSorter[0]	1	2687596	57459744	149737758	4	4	20971520		ExternalSorter=72995100;FinalHashAggregateStream=55771138;ExternalSorterMerge=20971520
event	17750038	refusal	ExternalSorter[1]	1	5931692	59057964	171071652	4	4	20971520	61865984	ExternalSorter=90654880;FinalHashAggregateStream=59445252;ExternalSorterMerge=20971520
event	17750375	release_after_refusal	ExternalSorter[1]	1	2851228	56206736	167562054	4	4	20971520		ExternalSorter=90819396;FinalHashAggregateStream=55771138;ExternalSorterMerge=20971520
event	17788338	refusal	ExternalSorter[0]	1	4621264	59686736	162288090	4	4	20971520	61865984	ExternalSorter=85545432;FinalHashAggregateStream=55771138;ExternalSorterMerge=20971520
event	17788478	release_after_refusal	ExternalSorter[0]	1	2916910	56769826	159371180	4	4	20971520		ExternalSorter=82628522;FinalHashAggregateStream=55771138;ExternalSorterMerge=20971520
event	17826903	refusal	ExternalSorter[1]	1	5440272	56797064	167591922	4	4	20971520	61865984	ExternalSorter=90849264;FinalHashAggregateStream=55771138;ExternalSorterMerge=20971520
event	17827030	release_after_refusal	ExternalSorter[1]	1	2965896	53831168	164626026	4	4	20971520		ExternalSorter=87883368;FinalHashAggregateStream=55771138;ExternalSorterMerge=20971520
event	17863163	refusal	ExternalSorter[0]	1	3900412	59584520	170872706	4	4	20971520	61865984	ExternalSorter=89079640;FinalHashAggregateStream=60821546;ExternalSorterMerge=20971520
event	17863329	release_after_refusal	ExternalSorter[0]	1	1475070	58109450	169397636	4	4	20971520		ExternalSorter=87604570;FinalHashAggregateStream=60821546;ExternalSorterMerge=20971520
event	17900545	refusal	ExternalSorter[1]	1	3998440	58008556	161594326	4	4	20971520	61865984	ExternalSorter=84851668;FinalHashAggregateStream=55771138;ExternalSorterMerge=20971520
event	17900873	release_after_refusal	ExternalSorter[1]	1	1524084	56484472	160070242	4	4	20971520		ExternalSorter=83327584;FinalHashAggregateStream=55771138;ExternalSorterMerge=20971520
event	17936762	refusal	ExternalSorter[0]	1	6652840	59780456	163233050	4	4	20971520	61865984	ExternalSorter=86490392;FinalHashAggregateStream=55771138;ExternalSorterMerge=20971520
event	17937049	release_after_refusal	ExternalSorter[0]	1	2851284	56929172	160381766	4	4	20971520		ExternalSorter=83639108;FinalHashAggregateStream=55771138;ExternalSorterMerge=20971520
event	17972449	refusal	ExternalSorter[1]	1	6029804	60956176	162116130	4	4	20971520	61865984	ExternalSorter=85373472;FinalHashAggregateStream=55771138;ExternalSorterMerge=20971520
event	17972591	release_after_refusal	ExternalSorter[1]	1	3621180	57334996	158494950	4	4	20971520		ExternalSorter=81752292;FinalHashAggregateStream=55771138;ExternalSorterMerge=20971520
event	18019274	refusal	ExternalSorter[0]	1	4948640	60075292	169917930	4	4	20971520	61865984	ExternalSorter=93175272;FinalHashAggregateStream=55771138;ExternalSorterMerge=20971520
event	18019416	release_after_refusal	ExternalSorter[0]	1	3080598	56994694	166837332	4	4	20971520		ExternalSorter=90094674;FinalHashAggregateStream=55771138;ExternalSorterMerge=20971520
event	18051929	refusal	ExternalSorter[1]	1	5538328	56630084	155985509	4	4	20971520	61865984	ExternalSorter=79242860;FinalHashAggregateStream=55771129;ExternalSorterMerge=20971520
event	18052270	release_after_refusal	ExternalSorter[1]	1	2294028	54336056	153691481	4	4	20971520		ExternalSorter=76948832;FinalHashAggregateStream=55771129;ExternalSorterMerge=20971520
event	18104683	refusal	ExternalSorter[0]	1	4457108	58630760	185087346	4	4	20971520	61865984	ExternalSorter=108344688;FinalHashAggregateStream=55771138;ExternalSorterMerge=20971520
event	18105054	release_after_refusal	ExternalSorter[0]	1	3309960	55320800	181777386	4	4	20971520		ExternalSorter=105034728;FinalHashAggregateStream=55771138;ExternalSorterMerge=20971520
event	18124146	refusal	ExternalSorter[1]	1	3375488	59906264	149987310	4	4	20971520	61865984	ExternalSorter=73244652;FinalHashAggregateStream=55771138;ExternalSorterMerge=20971520
event	18124466	release_after_refusal	ExternalSorter[1]	1	3244300	56661964	146743010	4	4	20971520		ExternalSorter=70000352;FinalHashAggregateStream=55771138;ExternalSorterMerge=20971520
event	18170840	refusal	ExternalSorter[0]	1	6980120	58758968	173253938	4	4	20971520	61865984	ExternalSorter=96511280;FinalHashAggregateStream=55771138;ExternalSorterMerge=20971520
event	18170962	release_after_refusal	ExternalSorter[0]	1	3735812	55023156	169518126	4	4	20971520		ExternalSorter=92775468;FinalHashAggregateStream=55771138;ExternalSorterMerge=20971520
event	18189663	refusal	ExternalSorter[1]	1	6619576	55513776	144775241	4	4	20971520	61865984	ExternalSorter=68032592;FinalHashAggregateStream=55771129;ExternalSorterMerge=20971520
event	18189871	release_after_refusal	ExternalSorter[1]	1	3555548	51958228	141219693	4	4	20971520		ExternalSorter=64477044;FinalHashAggregateStream=55771129;ExternalSorterMerge=20971520
event	18247771	refusal	ExternalSorter[0]	1	5767648	56858636	175122474	4	4	20971520	61865984	ExternalSorter=98379816;FinalHashAggregateStream=55771138;ExternalSorterMerge=20971520
event	18247914	release_after_refusal	ExternalSorter[0]	1	3129584	53729052	171992890	4	4	20971520		ExternalSorter=95250232;FinalHashAggregateStream=55771138;ExternalSorterMerge=20971520
event	18274229	refusal	ExternalSorter[1]	1	5636440	60331192	161520698	4	4	20971520	61865984	ExternalSorter=84778040;FinalHashAggregateStream=55771138;ExternalSorterMerge=20971520
event	18274550	release_after_refusal	ExternalSorter[1]	1	3670236	56660956	157850462	4	4	20971520		ExternalSorter=81107804;FinalHashAggregateStream=55771138;ExternalSorterMerge=20971520
event	18326367	refusal	ExternalSorter[0]	1	3834100	60626104	183050374	4	4	20971520	61865984	ExternalSorter=106307716;FinalHashAggregateStream=55771138;ExternalSorterMerge=20971520
event	18326677	release_after_refusal	ExternalSorter[0]	1	3358960	57267144	179691414	4	4	20971520		ExternalSorter=102948756;FinalHashAggregateStream=55771138;ExternalSorterMerge=20971520
event	18352616	refusal	ExternalSorter[1]	1	4423984	60362808	155981146	4	4	20971520	61865984	ExternalSorter=79238488;FinalHashAggregateStream=55771138;ExternalSorterMerge=20971520
event	18352760	release_after_refusal	ExternalSorter[1]	1	2457752	57905056	153523394	4	4	20971520		ExternalSorter=76780736;FinalHashAggregateStream=55771138;ExternalSorterMerge=20971520
event	18393651	refusal	ExternalSorter[0]	1	2883928	61279812	173807254	4	4	20971520	61865984	ExternalSorter=97064596;FinalHashAggregateStream=55771138;ExternalSorterMerge=20971520
event	18393904	release_after_refusal	ExternalSorter[0]	1	3784876	57494936	170022378	4	4	20971520		ExternalSorter=93279720;FinalHashAggregateStream=55771138;ExternalSorterMerge=20971520
event	18418304	refusal	ExternalSorter[1]	1	6226072	60558412	150213038	4	4	20971520	61865984	ExternalSorter=73470380;FinalHashAggregateStream=55771138;ExternalSorterMerge=20971520
event	18418561	release_after_refusal	ExternalSorter[1]	1	3719306	56839106	146493732	4	4	20971520		ExternalSorter=69751074;FinalHashAggregateStream=55771138;ExternalSorterMerge=20971520
event	18475869	refusal	ExternalSorter[0]	1	6095164	60527172	182201013	4	4	20971520	61865984	ExternalSorter=100407992;FinalHashAggregateStream=60821501;ExternalSorterMerge=20971520
event	18476090	release_after_refusal	ExternalSorter[0]	1	2572446	57954726	179628567	4	4	20971520		ExternalSorter=97835546;FinalHashAggregateStream=60821501;ExternalSorterMerge=20971520
event	18497482	refusal	ExternalSorter[1]	1	5963956	60721960	156438238	4	4	20971520	61865984	ExternalSorter=79695580;FinalHashAggregateStream=55771138;ExternalSorterMerge=20971520
event	18497844	release_after_refusal	ExternalSorter[1]	1	3113092	57608868	153325146	4	4	20971520		ExternalSorter=76582488;FinalHashAggregateStream=55771138;ExternalSorterMerge=20971520
event	18554684	refusal	ExternalSorter[0]	1	4882680	57216440	177672834	4	4	20971520	61865984	ExternalSorter=100930176;FinalHashAggregateStream=55771138;ExternalSorterMerge=20971520
event	18554824	release_after_refusal	ExternalSorter[0]	1	2687100	54529340	174985734	4	4	20971520		ExternalSorter=98243076;FinalHashAggregateStream=55771138;ExternalSorterMerge=20971520
event	18577959	refusal	ExternalSorter[1]	1	4751416	58983624	156113092	4	4	20971520	61865984	ExternalSorter=74319792;FinalHashAggregateStream=60821780;ExternalSorterMerge=20971520
event	18578358	release_after_refusal	ExternalSorter[1]	1	3686490	55297134	152426602	4	4	20971520		ExternalSorter=70633302;FinalHashAggregateStream=60821780;ExternalSorterMerge=20971520
event	18623723	refusal	ExternalSorter[0]	1	2490408	60688284	179837257	4	4	20971520	61865984	ExternalSorter=98044056;FinalHashAggregateStream=60821681;ExternalSorterMerge=20971520
event	18623906	release_after_refusal	ExternalSorter[0]	1	1851482	58836802	177985775	4	4	20971520		ExternalSorter=96192574;FinalHashAggregateStream=60821681;ExternalSorterMerge=20971520
event	18652803	refusal	ExternalSorter[1]	1	2588520	61603916	155976406	4	4	20971520	61865984	ExternalSorter=79233748;FinalHashAggregateStream=55771138;ExternalSorterMerge=20971520
event	18653284	release_after_refusal	ExternalSorter[1]	1	1179642	60424274	154796764	4	4	20971520		ExternalSorter=78054106;FinalHashAggregateStream=55771138;ExternalSorterMerge=20971520
event	18701789	refusal	ExternalSorter[0]	1	6193276	58197692	167118094	4	4	20971520	61865984	ExternalSorter=90375436;FinalHashAggregateStream=55771138;ExternalSorterMerge=20971520
event	18702071	release_after_refusal	ExternalSorter[0]	1	1245260	56952432	165872834	4	4	20971520		ExternalSorter=89130176;FinalHashAggregateStream=55771138;ExternalSorterMerge=20971520
event	18733222	refusal	ExternalSorter[1]	1	6291388	59473092	166694820	4	4	20971520	61865984	ExternalSorter=84901376;FinalHashAggregateStream=60821924;ExternalSorterMerge=20971520
event	18733550	release_after_refusal	ExternalSorter[1]	1	3391454	56081638	161169044	4	4	20971520		ExternalSorter=84426386;FinalHashAggregateStream=55771138;ExternalSorterMerge=20971520
event	18781890	refusal	ExternalSorter[0]	1	4980792	58491644	173768586	4	4	20971520	61865984	ExternalSorter=97025928;FinalHashAggregateStream=55771138;ExternalSorterMerge=20971520
event	18782099	release_after_refusal	ExternalSorter[0]	1	2736156	55755488	171032430	4	4	20971520		ExternalSorter=94289772;FinalHashAggregateStream=55771138;ExternalSorterMerge=20971520
event	18810743	refusal	ExternalSorter[1]	1	5078876	59046204	160041191	4	4	20971520	61865984	ExternalSorter=79624592;FinalHashAggregateStream=59445079;ExternalSorterMerge=20971520
event	18811073	release_after_refusal	ExternalSorter[1]	1	3506142	55540062	156535049	4	4	20971520		ExternalSorter=76118450;FinalHashAggregateStream=59445079;ExternalSorterMerge=20971520
event	18857060	refusal	ExternalSorter[0]	1	2817840	59440348	175109710	4	4	20971520	61865984	ExternalSorter=98367052;FinalHashAggregateStream=55771138;ExternalSorterMerge=20971520
event	18857372	release_after_refusal	ExternalSorter[0]	1	2015198	57425150	178145253	4	4	20971520		ExternalSorter=96351854;FinalHashAggregateStream=60821879;ExternalSorterMerge=20971520
event	18884270	refusal	ExternalSorter[1]	1	3636876	59896124	151449413	4	4	20971520	61865984	ExternalSorter=74706764;FinalHashAggregateStream=55771129;ExternalSorterMerge=20971520
event	18884482	release_after_refusal	ExternalSorter[1]	1	1343302	58552822	150106111	4	4	20971520		ExternalSorter=73363462;FinalHashAggregateStream=55771129;ExternalSorterMerge=20971520
event	18935330	refusal	ExternalSorter[0]	1	6520624	61011480	178022522	4	4	20971520	61865984	ExternalSorter=101279864;FinalHashAggregateStream=55771138;ExternalSorterMerge=20971520
event	18935629	release_after_refusal	ExternalSorter[0]	1	1408976	59602504	176613546	4	4	20971520		ExternalSorter=99870888;FinalHashAggregateStream=55771138;ExternalSorterMerge=20971520
event	18956894	refusal	ExternalSorter[1]	1	6389360	58060208	155052882	4	4	20971520	61865984	ExternalSorter=78310224;FinalHashAggregateStream=55771138;ExternalSorterMerge=20971520
event	18957078	release_after_refusal	ExternalSorter[1]	1	3440440	54619768	151612442	4	4	20971520		ExternalSorter=74869784;FinalHashAggregateStream=55771138;ExternalSorterMerge=20971520
event	19014651	refusal	ExternalSorter[0]	1	5308112	57831732	177987558	4	4	20971520	61865984	ExternalSorter=101244900;FinalHashAggregateStream=55771138;ExternalSorterMerge=20971520
event	19014820	release_after_refusal	ExternalSorter[0]	1	2899816	54931916	175087742	4	4	20971520		ExternalSorter=98345084;FinalHashAggregateStream=55771138;ExternalSorterMerge=20971520
event	19036362	refusal	ExternalSorter[1]	1	5176876	56846588	150201710	4	4	20971520	61865984	ExternalSorter=73459052;FinalHashAggregateStream=55771138;ExternalSorterMerge=20971520
event	19036888	release_after_refusal	ExternalSorter[1]	1	2113302	54733286	148088408	4	4	20971520		ExternalSorter=71345750;FinalHashAggregateStream=55771138;ExternalSorterMerge=20971520
event	19092121	refusal	ExternalSorter[0]	1	3866224	59895552	187293358	4	4	20971520	61865984	ExternalSorter=110550700;FinalHashAggregateStream=55771138;ExternalSorterMerge=20971520
event	19092395	release_after_refusal	ExternalSorter[0]	1	2178872	57716680	185114486	4	4	20971520		ExternalSorter=108371828;FinalHashAggregateStream=55771138;ExternalSorterMerge=20971520
event	19110899	refusal	ExternalSorter[1]	1	3735100	60484192	149513650	4	4	20971520	61865984	ExternalSorter=72770992;FinalHashAggregateStream=55771138;ExternalSorterMerge=20971520
event	19111103	release_after_refusal	ExternalSorter[1]	1	2113310	58370882	147400340	4	4	20971520		ExternalSorter=70657682;FinalHashAggregateStream=55771138;ExternalSorterMerge=20971520
event	19166252	refusal	ExternalSorter[0]	1	6618680	60091068	181594281	4	4	20971520	61865984	ExternalSorter=99801116;FinalHashAggregateStream=60821645;ExternalSorterMerge=20971520
event	19166394	release_after_refusal	ExternalSorter[0]	1	3555100	56535968	178039181	4	4	20971520		ExternalSorter=96246016;FinalHashAggregateStream=60821645;ExternalSorterMerge=20971520
event	19183169	refusal	ExternalSorter[1]	1	6487500	57796292	148005702	4	4	20971520	61865984	ExternalSorter=71263044;FinalHashAggregateStream=55771138;ExternalSorterMerge=20971520
event	19183288	release_after_refusal	ExternalSorter[1]	1	3489510	54306782	144516192	4	4	20971520		ExternalSorter=67773534;FinalHashAggregateStream=55771138;ExternalSorterMerge=20971520
event	19252352	refusal	ExternalSorter[0]	1	5635572	61039768	193022666	4	4	20971520	61865984	ExternalSorter=116280008;FinalHashAggregateStream=55771138;ExternalSorterMerge=20971520
event	19252498	release_after_refusal	ExternalSorter[0]	1	3063546	57976222	189959120	4	4	20971520		ExternalSorter=113216462;FinalHashAggregateStream=55771138;ExternalSorterMerge=20971520
event	19263796	refusal	ExternalSorter[1]	1	5275072	59564928	141943158	4	4	20971520	61865984	ExternalSorter=65200500;FinalHashAggregateStream=55771138;ExternalSorterMerge=20971520
event	19264256	release_after_refusal	ExternalSorter[1]	1	2162400	57402528	139780758	4	4	20971520		ExternalSorter=63038100;FinalHashAggregateStream=55771138;ExternalSorterMerge=20971520
event	19332781	refusal	ExternalSorter[0]	1	3702136	61793764	198756633	4	4	20971520	61865984	ExternalSorter=122013984;FinalHashAggregateStream=55771129;ExternalSorterMerge=20971520
event	19332947	release_after_refusal	ExternalSorter[0]	1	2457346	59336418	196299287	4	4	20971520		ExternalSorter=119556638;FinalHashAggregateStream=55771129;ExternalSorterMerge=20971520
event	19337417	refusal	ExternalSorter[1]	1	3833240	60220220	163173936	4	4	20971520	61865984	ExternalSorter=86431278;FinalHashAggregateStream=55771138;ExternalSorterMerge=20971520
event	19337857	release_after_refusal	ExternalSorter[1]	1	3686098	56534122	159487838	4	4	20971520		ExternalSorter=82745180;FinalHashAggregateStream=55771138;ExternalSorterMerge=20971520
event	19404092	refusal	ExternalSorter[0]	1	6946268	59828052	187746150	4	4	20971520	61865984	ExternalSorter=111003492;FinalHashAggregateStream=55771138;ExternalSorterMerge=20971520
event	19404241	release_after_refusal	ExternalSorter[0]	1	3718886	56109166	184027264	4	4	20971520		ExternalSorter=107284606;FinalHashAggregateStream=55771138;ExternalSorterMerge=20971520
event	19413152	refusal	ExternalSorter[1]	1	5864576	57531676	141220602	4	4	20971520	61865984	ExternalSorter=64477944;FinalHashAggregateStream=55771138;ExternalSorterMerge=20971520
event	19413470	release_after_refusal	ExternalSorter[1]	1	3538566	53993110	137682036	4	4	20971520		ExternalSorter=60939378;FinalHashAggregateStream=55771138;ExternalSorterMerge=20971520
event	19485205	refusal	ExternalSorter[0]	1	5242024	59267708	189050190	4	4	20971520	61865984	ExternalSorter=112307532;FinalHashAggregateStream=55771138;ExternalSorterMerge=20971520
event	19485357	release_after_refusal	ExternalSorter[0]	1	3227290	56040418	185822900	4	4	20971520		ExternalSorter=109080242;FinalHashAggregateStream=55771138;ExternalSorterMerge=20971520
event	19494744	refusal	ExternalSorter[1]	1	4881384	58412868	140397550	4	4	20971520	61865984	ExternalSorter=63654892;FinalHashAggregateStream=55771138;ExternalSorterMerge=20971520
event	19495316	release_after_refusal	ExternalSorter[1]	1	3767936	54644932	136629614	4	4	20971520		ExternalSorter=59886956;FinalHashAggregateStream=55771138;ExternalSorterMerge=20971520
event	19567303	refusal	ExternalSorter[1]	1	4160588	59954024	196813242	4	4	20971520	61865984	ExternalSorter=120070584;FinalHashAggregateStream=55771138;ExternalSorterMerge=20971520
event	19567490	release_after_refusal	ExternalSorter[1]	1	2326054	57627970	194487188	4	4	20971520		ExternalSorter=117744530;FinalHashAggregateStream=55771138;ExternalSorterMerge=20971520
event	19568666	refusal	ExternalSorter[0]	1	4258720	60116560	150470622	4	4	34582924	58463133	ExternalSorter=60116560;FinalHashAggregateStream=55771138;ExternalSorterMerge=34582924
event	19569236	release_after_refusal	ExternalSorter[0]	1	1441372	58675188	154549838	4	4	40103512		ExternalSorter=58675188;FinalHashAggregateStream=55771138;ExternalSorterMerge=40103512
event	19635488	refusal	ExternalSorter[1]	1	6683612	55497668	188359946	4	4	20971520	61865984	ExternalSorter=111617288;FinalHashAggregateStream=55771138;ExternalSorterMerge=20971520
event	19635836	release_after_refusal	ExternalSorter[1]	1	2866670	52630998	185493276	4	4	20971520		ExternalSorter=108750618;FinalHashAggregateStream=55771138;ExternalSorterMerge=20971520
event	19637592	refusal	ExternalSorter[0]	1	3308492	56119620	151679564	4	4	32567880	58966894	ExternalSorter=63340546;FinalHashAggregateStream=55771138;ExternalSorterMerge=32567880
event	19637807	release_after_refusal	ExternalSorter[0]	1	1900006	54219614	149779558	4	4	32567880		ExternalSorter=61440540;FinalHashAggregateStream=55771138;ExternalSorterMerge=32567880
event	19713585	refusal	ExternalSorter[0]	1	6290324	59459260	197429306	4	4	20971520	61865984	ExternalSorter=120686648;FinalHashAggregateStream=55771138;ExternalSorterMerge=20971520
event	19713738	release_after_refusal	ExternalSorter[0]	1	3390922	56068338	194038384	4	4	20971520		ExternalSorter=117295726;FinalHashAggregateStream=55771138;ExternalSorterMerge=20971520
event	19717925	refusal	ExternalSorter[1]	1	4979412	61227388	173418924	4	4	20971520	61865984	ExternalSorter=96676266;FinalHashAggregateStream=55771138;ExternalSorterMerge=20971520
event	19718488	release_after_refusal	ExternalSorter[1]	1	1949160	59278228	174139566	4	4	20971520		ExternalSorter=97396908;FinalHashAggregateStream=55771138;ExternalSorterMerge=20971520
event	19793097	refusal	ExternalSorter[0]	1	4356776	60474416	193431018	4	4	20971520	61865984	ExternalSorter=116688360;FinalHashAggregateStream=55771138;ExternalSorterMerge=20971520
event	19793258	release_after_refusal	ExternalSorter[0]	1	2784666	57689750	190646352	4	4	20971520		ExternalSorter=113903694;FinalHashAggregateStream=55771138;ExternalSorterMerge=20971520
event	19794894	refusal	ExternalSorter[1]	1	3537496	56213944	152283114	4	4	37513318	57730534	ExternalSorter=58998658;FinalHashAggregateStream=55771138;ExternalSorterMerge=37513318
event	19795371	release_after_refusal	ExternalSorter[1]	1	3784064	52429880	148499050	4	4	37513318		FinalHashAggregateStream=55771138;ExternalSorter=55214594;ExternalSorterMerge=37513318
event	19864834	refusal	ExternalSorter[1]	1	6781600	57295892	194643222	4	4	20971520	61865984	ExternalSorter=117900564;FinalHashAggregateStream=55771138;ExternalSorterMerge=20971520
event	19865056	release_after_refusal	ExternalSorter[1]	1	1883478	55412414	192759744	4	4	20971520		ExternalSorter=116017086;FinalHashAggregateStream=55771138;ExternalSorterMerge=20971520
event	19869070	refusal	ExternalSorter[0]	1	2914888	60604672	177921970	4	4	20971520	61865984	ExternalSorter=101179312;FinalHashAggregateStream=55771138;ExternalSorterMerge=20971520
event	19869609	release_after_refusal	ExternalSorter[0]	1	2063722	58540950	175858248	4	4	20971520		ExternalSorter=99115590;FinalHashAggregateStream=55771138;ExternalSorterMerge=20971520
event	19939993	refusal	ExternalSorter[0]	1	6388380	57327496	187627190	4	4	20971520	61865984	ExternalSorter=110884532;FinalHashAggregateStream=55771138;ExternalSorterMerge=20971520
event	19940229	release_after_refusal	ExternalSorter[0]	1	3439950	53887546	184187240	4	4	20971520		ExternalSorter=107444582;FinalHashAggregateStream=55771138;ExternalSorterMerge=20971520
event	19949497	refusal	ExternalSorter[1]	1	5798476	59126136	142257174	4	4	20971520	61865984	ExternalSorter=65514516;FinalHashAggregateStream=55771138;ExternalSorterMerge=20971520
event	19949905	release_after_refusal	ExternalSorter[1]	1	1883472	57242664	140373702	4	4	20971520		ExternalSorter=63631044;FinalHashAggregateStream=55771138;ExternalSorterMerge=20971520
event	20021274	refusal	ExternalSorter[1]	1	4356700	59554816	197585958	4	4	20971520	61865984	ExternalSorter=120843300;FinalHashAggregateStream=55771138;ExternalSorterMerge=20971520
event	20021405	release_after_refusal	ExternalSorter[1]	1	2424110	57130706	195161848	4	4	20971520		ExternalSorter=118419190;FinalHashAggregateStream=55771138;ExternalSorterMerge=20971520
event	20026139	refusal	ExternalSorter[0]	1	5405244	61288484	156113984	4	4	20971520	61865984	ExternalSorter=79371326;FinalHashAggregateStream=55771138;ExternalSorterMerge=20971520
event	20026595	release_after_refusal	ExternalSorter[0]	1	3669326	57619158	153689120	4	4	20971520		ExternalSorter=76946462;FinalHashAggregateStream=55771138;ExternalSorterMerge=20971520
event	20093104	refusal	ExternalSorter[1]	1	6879852	60539380	191857034	4	4	20971520	61865984	ExternalSorter=115114376;FinalHashAggregateStream=55771138;ExternalSorterMerge=20971520
event	20093235	release_after_refusal	ExternalSorter[1]	1	3685678	56853702	188171356	4	4	20971520		ExternalSorter=111428698;FinalHashAggregateStream=55771138;ExternalSorterMerge=20971520
event	20101312	refusal	ExternalSorter[0]	1	3963440	58309060	141931570	4	4	20971520	61865984	ExternalSorter=65188912;FinalHashAggregateStream=55771138;ExternalSorterMerge=20971520
event	20101699	release_after_refusal	ExternalSorter[0]	1	3063070	55245990	138868500	4	4	20971520		ExternalSorter=62125842;FinalHashAggregateStream=55771138;ExternalSorterMerge=20971520
event	20168066	refusal	ExternalSorter[0]	1	6486576	56213520	189232749	4	4	20971520	61865984	ExternalSorter=112490100;FinalHashAggregateStream=55771129;ExternalSorterMerge=20971520
event	20168205	release_after_refusal	ExternalSorter[0]	1	3489048	52724472	185743701	4	4	20971520		ExternalSorter=109001052;FinalHashAggregateStream=55771129;ExternalSorterMerge=20971520
event	20171939	refusal	ExternalSorter[1]	1	5667408	56276580	149200669	4	4	20971520	61865984	ExternalSorter=72458020;FinalHashAggregateStream=55771129;ExternalSorterMerge=20971520
event	20172227	release_after_refusal	ExternalSorter[1]	1	2161974	54114606	149577471	4	4	20971520		ExternalSorter=72834822;FinalHashAggregateStream=55771129;ExternalSorterMerge=20971520
event	20245907	refusal	ExternalSorter[0]	1	5274064	57389360	194897354	4	4	20971520	61865984	ExternalSorter=118154696;FinalHashAggregateStream=55771138;ExternalSorterMerge=20971520
event	20246099	release_after_refusal	ExternalSorter[0]	1	2882792	54506568	192014562	4	4	20971520		ExternalSorter=115271904;FinalHashAggregateStream=55771138;ExternalSorterMerge=20971520
event	20250283	refusal	ExternalSorter[1]	1	4454952	60765336	170231432	4	4	20971520	61865984	ExternalSorter=93488774;FinalHashAggregateStream=55771138;ExternalSorterMerge=20971520
event	20250818	release_after_refusal	ExternalSorter[1]	1	3308840	57456496	166922592	4	4	20971520		ExternalSorter=90179934;FinalHashAggregateStream=55771138;ExternalSorterMerge=20971520
event	20317127	refusal	ExternalSorter[1]	1	6977964	59456148	197849254	4	4	20971520	61865984	ExternalSorter=121106596;FinalHashAggregateStream=55771138;ExternalSorterMerge=20971520
event	20317259	release_after_refusal	ExternalSorter[1]	1	3734734	55721414	194114520	4	4	20971520		ExternalSorter=117371862;FinalHashAggregateStream=55771138;ExternalSorterMerge=20971520
event	20322444	refusal	ExternalSorter[0]	1	3832288	61650448	176088912	4	4	20971520	61865984	ExternalSorter=99346254;FinalHashAggregateStream=55771138;ExternalSorterMerge=20971520
event	20322691	release_after_refusal	ExternalSorter[0]	1	2161904	59488544	173927008	4	4	20971520		ExternalSorter=97184350;FinalHashAggregateStream=55771138;ExternalSorterMerge=20971520
event	20396134	refusal	ExternalSorter[0]	1	6584744	60405096	199028986	4	4	20971520	61865984	ExternalSorter=117235956;FinalHashAggregateStream=60821510;ExternalSorterMerge=20971520
event	20396460	release_after_refusal	ExternalSorter[0]	1	2276592	58128504	196752394	4	4	20971520		ExternalSorter=114959364;FinalHashAggregateStream=60821510;ExternalSorterMerge=20971520
event	20397311	refusal	ExternalSorter[1]	1	5765492	56830860	145593494	4	4	32991496	58860990	ExternalSorter=56830860;FinalHashAggregateStream=55771138;ExternalSorterMerge=32991496
event	20397893	release_after_refusal	ExternalSorter[1]	1	1866966	54963894	149033212	4	4	38298180		FinalHashAggregateStream=55771138;ExternalSorter=54963894;ExternalSorterMerge=38298180
event	20470694	refusal	ExternalSorter[1]	1	4323660	57716852	188837963	4	4	20971520	61865984	ExternalSorter=107044636;FinalHashAggregateStream=60821807;ExternalSorterMerge=20971520
event	20470933	release_after_refusal	ExternalSorter[1]	1	1686694	56030158	187243428	4	4	20971520		ExternalSorter=110500770;FinalHashAggregateStream=55771138;ExternalSorterMerge=20971520
event	20481376	refusal	ExternalSorter[0]	1	5601580	59842816	140909134	4	4	20971520	61865984	ExternalSorter=64166476;FinalHashAggregateStream=55771138;ExternalSorterMerge=20971520
event	20481845	release_after_refusal	ExternalSorter[0]	1	1785052	58057764	139124082	4	4	20971520		ExternalSorter=62381424;FinalHashAggregateStream=55771138;ExternalSorterMerge=20971520
event	20537651	refusal	ExternalSorter[1]	1	6846784	59454708	185038238	4	4	20971520	61865984	ExternalSorter=108295580;FinalHashAggregateStream=55771138;ExternalSorterMerge=20971520
event	20537865	release_after_refusal	ExternalSorter[1]	1	2751654	56703054	185960743	4	4	20971520		ExternalSorter=105543926;FinalHashAggregateStream=59445297;ExternalSorterMerge=20971520
event	20555940	refusal	ExternalSorter[0]	1	4159720	59222768	148805298	4	4	20971520	61865984	ExternalSorter=72062640;FinalHashAggregateStream=55771138;ExternalSorterMerge=20971520
event	20556089	release_after_refusal	ExternalSorter[0]	1	2325620	56897148	146479678	4	4	20971520		ExternalSorter=69737020;FinalHashAggregateStream=55771138;ExternalSorterMerge=20971520
event	20622573	refusal	ExternalSorter[1]	1	5863688	60759916	199482718	4	4	20971520	61865984	ExternalSorter=117689436;FinalHashAggregateStream=60821762;ExternalSorterMerge=20971520
event	20622717	release_after_refusal	ExternalSorter[1]	1	3177604	57582312	196305114	4	4	20971520		ExternalSorter=114511832;FinalHashAggregateStream=60821762;ExternalSorterMerge=20971520
event	20623380	refusal	ExternalSorter[0]	1	6682744	56929520	142843538	4	4	20971520	61865984	ExternalSorter=66100880;FinalHashAggregateStream=55771138;ExternalSorterMerge=20971520
event	20623832	release_after_refusal	ExternalSorter[0]	1	3587132	53342388	130085046	4	4	20971520		FinalHashAggregateStream=55771138;ExternalSorter=53342388;ExternalSorterMerge=20971520
event	20700196	refusal	ExternalSorter[0]	1	5470344	58629848	194495054	4	4	20971520	61865984	ExternalSorter=117752396;FinalHashAggregateStream=55771138;ExternalSorterMerge=20971520
event	20700412	release_after_refusal	ExternalSorter[0]	1	2980932	55648916	191514122	4	4	20971520		ExternalSorter=114771464;FinalHashAggregateStream=55771138;ExternalSorterMerge=20971520
event	20704084	refusal	ExternalSorter[1]	1	3930196	59122548	157819686	4	4	20971520	61865984	ExternalSorter=81077028;FinalHashAggregateStream=55771138;ExternalSorterMerge=20971520
event	20704524	release_after_refusal	ExternalSorter[1]	1	2571376	56551172	155248310	4	4	20971520		ExternalSorter=78505652;FinalHashAggregateStream=55771138;ExternalSorterMerge=20971520
event	20774505	refusal	ExternalSorter[1]	1	2979968	60894488	201057288	4	4	20971520	61865984	ExternalSorter=119263880;FinalHashAggregateStream=60821888;ExternalSorterMerge=20971520
event	20774708	release_after_refusal	ExternalSorter[1]	1	2653254	58241234	198404034	4	4	20971520		ExternalSorter=116610626;FinalHashAggregateStream=60821888;ExternalSorterMerge=20971520
event	20774820	refusal	ExternalSorter[0]	1	4028512	58369392	172650794	4	4	20971520	61865984	ExternalSorter=95908136;FinalHashAggregateStream=55771138;ExternalSorterMerge=20971520
event	20775360	release_after_refusal	ExternalSorter[0]	1	3783756	54585636	131328294	4	4	20971520		FinalHashAggregateStream=55771138;ExternalSorter=54585636;ExternalSorterMerge=20971520
event	20850111	refusal	ExternalSorter[0]	1	6780956	61317376	193969714	4	4	20971520	61865984	ExternalSorter=117227056;FinalHashAggregateStream=55771138;ExternalSorterMerge=20971520
event	20850362	release_after_refusal	ExternalSorter[0]	1	2489392	58827984	191480322	4	4	20971520		ExternalSorter=114737664;FinalHashAggregateStream=55771138;ExternalSorterMerge=20971520
event	20855463	refusal	ExternalSorter[1]	1	5961828	55909680	173909424	4	4	20971520	61865984	ExternalSorter=97166766;FinalHashAggregateStream=55771138;ExternalSorterMerge=20971520
event	20855855	release_after_refusal	ExternalSorter[1]	1	1965120	53944560	171944304	4	4	20971520		ExternalSorter=95201646;FinalHashAggregateStream=55771138;ExternalSorterMerge=20971520
event	20936021	refusal	ExternalSorter[1]	1	4749344	59677220	196258258	4	4	20971520	61865984	ExternalSorter=119515600;FinalHashAggregateStream=55771138;ExternalSorterMerge=20971520
event	20936183	release_after_refusal	ExternalSorter[1]	1	2620432	57056788	193637826	4	4	20971520		ExternalSorter=116895168;FinalHashAggregateStream=55771138;ExternalSorterMerge=20971520
event	20938668	refusal	ExternalSorter[0]	1	5797860	59838380	160942332	4	4	24830964	60901123	ExternalSorter=80340230;FinalHashAggregateStream=55771138;ExternalSorterMerge=24830964
event	20939212	release_after_refusal	ExternalSorter[0]	1	2227214	57611166	158420162	4	4	24536008		ExternalSorter=78113016;FinalHashAggregateStream=55771138;ExternalSorterMerge=24536008
event	21012106	refusal	ExternalSorter[1]	1	3307484	61578856	200755956	4	4	20971520	61865984	ExternalSorter=118962584;FinalHashAggregateStream=60821852;ExternalSorterMerge=20971520
event	21012384	release_after_refusal	ExternalSorter[1]	1	1899502	59679354	198856454	4	4	20971520		ExternalSorter=117063082;FinalHashAggregateStream=60821852;ExternalSorterMerge=20971520
event	21018279	refusal	ExternalSorter[0]	1	3864340	61739728	178888988	4	4	20971520	61865984	ExternalSorter=102146330;FinalHashAggregateStream=55771138;ExternalSorterMerge=20971520
event	21018604	release_after_refusal	ExternalSorter[0]	1	2538448	59201280	176350540	4	4	20971520		ExternalSorter=99607882;FinalHashAggregateStream=55771138;ExternalSorterMerge=20971520
event	21092824	refusal	ExternalSorter[1]	1	6289316	59446436	193473958	4	4	20971520	61865984	ExternalSorter=116731300;FinalHashAggregateStream=55771138;ExternalSorterMerge=20971520
event	21093294	release_after_refusal	ExternalSorter[1]	1	2358254	57088182	196166490	4	4	20971520		ExternalSorter=114373046;FinalHashAggregateStream=60821924;ExternalSorterMerge=20971520
event	21094441	refusal	ExternalSorter[0]	1	2913972	57284864	143473470	4	4	30417468	59504497	ExternalSorter=57284864;FinalHashAggregateStream=55771138;ExternalSorterMerge=30417468
event	21095008	release_after_refusal	ExternalSorter[0]	1	1932226	55352638	143702970	4	4	32579194		FinalHashAggregateStream=55771138;ExternalSorter=55352638;ExternalSorterMerge=32579194
event	21178287	refusal	ExternalSorter[0]	1	6125152	60226024	201825446	4	4	20971520	61865984	ExternalSorter=121408764;FinalHashAggregateStream=59445162;ExternalSorterMerge=20971520
event	21178438	release_after_refusal	ExternalSorter[0]	1	3308336	56917688	198517110	4	4	20971520		ExternalSorter=118100428;FinalHashAggregateStream=59445162;ExternalSorterMerge=20971520
event	21179413	refusal	ExternalSorter[1]	1	4355852	61182740	142215570	4	4	20971520	61865984	ExternalSorter=65472912;FinalHashAggregateStream=55771138;ExternalSorterMerge=20971520
event	21180006	release_after_refusal	ExternalSorter[1]	1	1866714	59316026	137806390	4	4	22719226		ExternalSorter=59316026;FinalHashAggregateStream=55771138;ExternalSorterMerge=22719226
event	21253561	refusal	ExternalSorter[1]	1	2913964	61314956	191701474	4	4	20971520	61865984	ExternalSorter=114958816;FinalHashAggregateStream=55771138;ExternalSorterMerge=20971520
event	21253756	release_after_refusal	ExternalSorter[1]	1	1342364	59972592	190359110	4	4	20971520		ExternalSorter=113616452;FinalHashAggregateStream=55771138;ExternalSorterMerge=20971520
event	21255011	refusal	ExternalSorter[0]	1	3962284	53643860	151933494	4	4	38966372	57367271	ExternalSorter=57195984;FinalHashAggregateStream=55771138;ExternalSorterMerge=38966372
event	21255510	release_after_refusal	ExternalSorter[0]	1	3652386	49991474	149474946	4	4	36378710		ExternalSorter=57325098;FinalHashAggregateStream=55771138;ExternalSorterMerge=36378710
event	21317826	refusal	ExternalSorter[0]	1	6977012	54991480	182171057	4	4	20971520	61865984	ExternalSorter=105428408;FinalHashAggregateStream=55771129;ExternalSorterMerge=20971520
event	21318021	release_after_refusal	ExternalSorter[0]	1	3734258	51257222	178436799	4	4	20971520		ExternalSorter=101694150;FinalHashAggregateStream=55771129;ExternalSorterMerge=20971520
event	21327181	refusal	ExternalSorter[1]	1	6387428	56594980	140314641	4	4	20971520	61865984	ExternalSorter=63571992;FinalHashAggregateStream=55771129;ExternalSorterMerge=20971520
event	21327633	release_after_refusal	ExternalSorter[1]	1	2751346	53843634	137563295	4	4	20971520		ExternalSorter=60820646;FinalHashAggregateStream=55771129;ExternalSorterMerge=20971520
event	21395172	refusal	ExternalSorter[0]	1	5043532	57539772	183605530	4	4	20971520	61865984	ExternalSorter=106862872;FinalHashAggregateStream=55771138;ExternalSorterMerge=20971520
event	21395307	release_after_refusal	ExternalSorter[0]	1	3128044	54411728	180477486	4	4	20971520		ExternalSorter=103734828;FinalHashAggregateStream=55771138;ExternalSorterMerge=20971520
event	21407846	refusal	ExternalSorter[1]	1	5175028	58985028	140771218	4	4	20971520	61865984	ExternalSorter=64028560;FinalHashAggregateStream=55771138;ExternalSorterMerge=20971520
event	21407977	release_after_refusal	ExternalSorter[1]	1	2833274	56151754	137937944	4	4	20971520		ExternalSorter=61195286;FinalHashAggregateStream=55771138;ExternalSorterMerge=20971520
event	21476850	refusal	ExternalSorter[0]	1	4552056	60585896	196347649	4	4	20971520	61865984	ExternalSorter=119605000;FinalHashAggregateStream=55771129;ExternalSorterMerge=20971520
event	21477322	release_after_refusal	ExternalSorter[0]	1	1800892	58785004	194546757	4	4	20971520		ExternalSorter=117804108;FinalHashAggregateStream=55771129;ExternalSorterMerge=20971520
event	21482564	refusal	ExternalSorter[1]	1	3733168	59019104	178068530	4	4	20971520	61865984	ExternalSorter=101325872;FinalHashAggregateStream=55771138;ExternalSorterMerge=20971520
event	21482983	release_after_refusal	ExternalSorter[1]	1	3291998	55727106	174776532	4	4	20971520		ExternalSorter=98033874;FinalHashAggregateStream=55771138;ExternalSorterMerge=20971520
event	21538678	refusal	ExternalSorter[0]	1	6124796	55842480	172999030	4	4	20971520	61865984	ExternalSorter=96256372;FinalHashAggregateStream=55771138;ExternalSorterMerge=20971520
event	21538828	release_after_refusal	ExternalSorter[0]	1	2865852	52976628	170133178	4	4	20971520		ExternalSorter=93390520;FinalHashAggregateStream=55771138;ExternalSorterMerge=20971520
event	21556773	refusal	ExternalSorter[1]	1	6485596	57773416	146631998	4	4	20971520	61865984	ExternalSorter=69889340;FinalHashAggregateStream=55771138;ExternalSorterMerge=20971520
event	21557065	release_after_refusal	ExternalSorter[1]	1	3488558	54284858	143143440	4	4	20971520		ExternalSorter=66400782;FinalHashAggregateStream=55771138;ExternalSorterMerge=20971520
event	21621927	refusal	ExternalSorter[0]	1	5141672	60746056	187891662	4	4	20971520	61865984	ExternalSorter=111149004;FinalHashAggregateStream=55771138;ExternalSorterMerge=20971520
event	21622076	release_after_refusal	ExternalSorter[0]	1	3177114	57568942	184714548	4	4	20971520		ExternalSorter=107971890;FinalHashAggregateStream=55771138;ExternalSorterMerge=20971520
event	21634483	refusal	ExternalSorter[1]	1	5273196	60261212	142145542	4	4	20971520	61865984	ExternalSorter=65402884;FinalHashAggregateStream=55771138;ExternalSorterMerge=20971520
event	21634658	release_after_refusal	ExternalSorter[1]	1	2882358	57378854	139263184	4	4	20971520		ExternalSorter=62520526;FinalHashAggregateStream=55771138;ExternalSorterMerge=20971520
event	21704265	refusal	ExternalSorter[0]	1	4650224	58388548	196771238	4	4	20971520	61865984	ExternalSorter=120028580;FinalHashAggregateStream=55771138;ExternalSorterMerge=20971520
event	21704521	release_after_refusal	ExternalSorter[0]	1	2914942	55473606	193856296	4	4	20971520		ExternalSorter=117113638;FinalHashAggregateStream=55771138;ExternalSorterMerge=20971520
event	21709361	refusal	ExternalSorter[1]	1	3831420	61640032	175955092	4	4	20971520	61865984	ExternalSorter=99212434;FinalHashAggregateStream=55771138;ExternalSorterMerge=20971520
event	21709774	release_after_refusal	ExternalSorter[1]	1	3111734	58528298	172843358	4	4	20971520		ExternalSorter=96100700;FinalHashAggregateStream=55771138;ExternalSorterMerge=20971520
event	21769133	refusal	ExternalSorter[0]	1	6943944	56102928	180760530	4	4	20971520	61865984	ExternalSorter=104017872;FinalHashAggregateStream=55771138;ExternalSorterMerge=20971520
event	21769344	release_after_refusal	ExternalSorter[0]	1	2914936	53187992	177845594	4	4	20971520		ExternalSorter=101102936;FinalHashAggregateStream=55771138;ExternalSorterMerge=20971520
event	21781533	refusal	ExternalSorter[1]	1	6583876	59673588	146339206	4	4	20971520	61865984	ExternalSorter=69596548;FinalHashAggregateStream=55771138;ExternalSorterMerge=20971520
event	21781980	release_after_refusal	ExternalSorter[1]	1	2505534	57168054	143833672	4	4	20971520		ExternalSorter=67091014;FinalHashAggregateStream=55771138;ExternalSorterMerge=20971520
event	21849251	refusal	ExternalSorter[0]	1	5731472	56388432	184612229	4	4	20971520	61865984	ExternalSorter=107869580;FinalHashAggregateStream=55771129;ExternalSorterMerge=20971520
event	21849493	release_after_refusal	ExternalSorter[0]	1	3111496	53276936	181500733	4	4	20971520		ExternalSorter=104758084;FinalHashAggregateStream=55771129;ExternalSorterMerge=20971520
event	21859804	refusal	ExternalSorter[1]	1	5371448	56623220	139097350	4	4	20971520	61865984	ExternalSorter=62354692;FinalHashAggregateStream=55771138;ExternalSorterMerge=20971520
event	21860290	release_after_refusal	ExternalSorter[1]	1	3652386	52970834	135444964	4	4	20971520		ExternalSorter=58702306;FinalHashAggregateStream=55771138;ExternalSorterMerge=20971520
event	21924243	refusal	ExternalSorter[0]	1	4289668	58029732	191006110	4	4	20971520	61865984	ExternalSorter=114263452;FinalHashAggregateStream=55771138;ExternalSorterMerge=20971520
event	21924542	release_after_refusal	ExternalSorter[0]	1	1669698	56360034	189336412	4	4	20971520		ExternalSorter=112593754;FinalHashAggregateStream=55771138;ExternalSorterMerge=20971520
event	21934520	refusal	ExternalSorter[1]	1	3929532	59933876	140966202	4	4	20971520	61865984	ExternalSorter=64223544;FinalHashAggregateStream=55771138;ExternalSorterMerge=20971520
event	21935099	release_after_refusal	ExternalSorter[1]	1	2210526	57723350	138755676	4	4	20971520		ExternalSorter=62013018;FinalHashAggregateStream=55771138;ExternalSorterMerge=20971520
event	21991621	refusal	ExternalSorter[0]	1	6812792	59080908	183998314	4	4	20971520	61865984	ExternalSorter=107255656;FinalHashAggregateStream=55771138;ExternalSorterMerge=20971520
event	21991756	release_after_refusal	ExternalSorter[0]	1	3652148	55428760	180346166	4	4	20971520		ExternalSorter=103603508;FinalHashAggregateStream=55771138;ExternalSorterMerge=20971520
event	22006186	refusal	ExternalSorter[1]	1	6681960	60129532	146532846	4	4	20971520	61865984	ExternalSorter=69790188;FinalHashAggregateStream=55771138;ExternalSorterMerge=20971520
event	22006474	release_after_refusal	ExternalSorter[1]	1	3586740	56542792	142946106	4	4	20971520		ExternalSorter=66203448;FinalHashAggregateStream=55771138;ExternalSorterMerge=20971520
event	22079111	refusal	ExternalSorter[0]	1	5829668	60283748	189724367	4	4	20971520	61865984	ExternalSorter=107931292;FinalHashAggregateStream=60821555;ExternalSorterMerge=20971520
event	22079660	release_after_refusal	ExternalSorter[0]	1	2439698	57844050	187284669	4	4	20971520		ExternalSorter=105491594;FinalHashAggregateStream=60821555;ExternalSorterMerge=20971520
event	22091197	refusal	ExternalSorter[1]	1	5469532	57898480	140470806	4	4	20971520	61865984	ExternalSorter=63728148;FinalHashAggregateStream=55771138;ExternalSorterMerge=20971520
event	22091362	release_after_refusal	ExternalSorter[1]	1	2980526	54917954	137490280	4	4	20971520		ExternalSorter=60747622;FinalHashAggregateStream=55771138;ExternalSorterMerge=20971520
event	22157267	refusal	ExternalSorter[0]	1	4387836	58486712	191232766	4	4	20971520	61865984	ExternalSorter=114490108;FinalHashAggregateStream=55771138;ExternalSorterMerge=20971520
event	22157424	release_after_refusal	ExternalSorter[0]	1	2439678	56047034	188793088	4	4	20971520		ExternalSorter=112050430;FinalHashAggregateStream=55771138;ExternalSorterMerge=20971520
event	22165303	refusal	ExternalSorter[1]	1	4027728	59080740	140211234	4	4	20971520	61865984	ExternalSorter=63468576;FinalHashAggregateStream=55771138;ExternalSorterMerge=20971520
event	22165790	release_after_refusal	ExternalSorter[1]	1	1538728	57542012	138672506	4	4	20971520		ExternalSorter=61929848;FinalHashAggregateStream=55771138;ExternalSorterMerge=20971520
event	22225784	refusal	ExternalSorter[0]	1	6910904	58718292	184617294	4	4	20971520	61865984	ExternalSorter=107874636;FinalHashAggregateStream=55771138;ExternalSorterMerge=20971520
event	22225979	release_after_refusal	ExternalSorter[0]	1	3701204	55017088	180916090	4	4	20971520		ExternalSorter=104173432;FinalHashAggregateStream=55771138;ExternalSorterMerge=20971520
event	22233262	refusal	ExternalSorter[1]	1	6550724	55477692	139131254	4	4	20971520	61865984	ExternalSorter=62388596;FinalHashAggregateStream=55771138;ExternalSorterMerge=20971520
event	22233470	release_after_refusal	ExternalSorter[1]	1	3521122	51956570	135610132	4	4	20971520		ExternalSorter=58867474;FinalHashAggregateStream=55771138;ExternalSorterMerge=20971520
event	22308775	refusal	ExternalSorter[0]	1	5206744	60936252	193150118	4	4	20971520	61865984	ExternalSorter=116407460;FinalHashAggregateStream=55771138;ExternalSorterMerge=20971520
event	22308911	release_after_refusal	ExternalSorter[0]	1	3209650	57726602	189940468	4	4	20971520		ExternalSorter=113197810;FinalHashAggregateStream=55771138;ExternalSorterMerge=20971520
event	22310474	refusal	ExternalSorter[1]	1	5338268	55471208	152361372	4	4	41119026	56829107	FinalHashAggregateStream=55771138;ExternalSorter=55471208;ExternalSorterMerge=41119026
event	22310932	release_after_refusal	ExternalSorter[1]	1	3635810	51835398	148430570	4	4	37729030		FinalHashAggregateStream=55771138;ExternalSorter=54930402;ExternalSorterMerge=37729030
event	22385385	refusal	ExternalSorter[1]	1	3175372	60257228	196955434	4	4	20971520	61865984	ExternalSorter=120212776;FinalHashAggregateStream=55771138;ExternalSorterMerge=20971520
event	22385591	release_after_refusal	ExternalSorter[1]	1	2193964	58063264	194761470	4	4	20971520		ExternalSorter=118018812;FinalHashAggregateStream=55771138;ExternalSorterMerge=20971520
event	22389831	refusal	ExternalSorter[0]	1	3994288	59955548	174834713	4	4	20971520	61865984	ExternalSorter=98092064;FinalHashAggregateStream=55771129;ExternalSorterMerge=20971520
event	22390362	release_after_refusal	ExternalSorter[0]	1	3553700	56401848	171281013	4	4	20971520		ExternalSorter=94538364;FinalHashAggregateStream=55771129;ExternalSorterMerge=20971520
event	22458995	refusal	ExternalSorter[1]	1	6648836	59732268	193880026	4	4	20971520	61865984	ExternalSorter=117137368;FinalHashAggregateStream=55771138;ExternalSorterMerge=20971520
event	22459271	release_after_refusal	ExternalSorter[1]	1	2849282	56882986	191030744	4	4	20971520		ExternalSorter=114288086;FinalHashAggregateStream=55771138;ExternalSorterMerge=20971520
event	22461405	refusal	ExternalSorter[0]	1	3044060	57405100	154018250	4	4	38470368	57491272	ExternalSorter=59776744;FinalHashAggregateStream=55771138;ExternalSorterMerge=38470368
event	22461783	release_after_refusal	ExternalSorter[0]	1	1767790	55637310	152854058	4	4	36472946		ExternalSorter=60609974;FinalHashAggregateStream=55771138;ExternalSorterMerge=36472946
event	22544566	refusal	ExternalSorter[0]	1	6255212	60604988	198809085	4	4	20971520	61865984	ExternalSorter=122066436;FinalHashAggregateStream=55771129;ExternalSorterMerge=20971520
event	22544800	release_after_refusal	ExternalSorter[0]	1	3373366	57231622	195435719	4	4	20971520		ExternalSorter=118693070;FinalHashAggregateStream=55771129;ExternalSorterMerge=20971520
event	22546333	refusal	ExternalSorter[1]	1	5665700	61461448	156975236	4	4	39742650	57173201	ExternalSorter=61461448;FinalHashAggregateStream=55771138;ExternalSorterMerge=39742650
event	22547150	release_after_refusal	ExternalSorter[1]	1	3078610	58382838	155467726	4	4	41313750		ExternalSorter=58382838;FinalHashAggregateStream=55771138;ExternalSorterMerge=41313750
event	22622867	refusal	ExternalSorter[1]	1	4223924	57961504	194000106	4	4	20971520	61865984	ExternalSorter=117257448;FinalHashAggregateStream=55771138;ExternalSorterMerge=20971520
event	22623013	release_after_refusal	ExternalSorter[1]	1	2357722	55603782	191642384	4	4	20971520		ExternalSorter=114899726;FinalHashAggregateStream=55771138;ExternalSorterMerge=20971520
event	22627247	refusal	ExternalSorter[0]	1	4321636	59295944	160693978	4	4	20971520	61865984	ExternalSorter=83951320;FinalHashAggregateStream=55771138;ExternalSorterMerge=20971520
event	22627748	release_after_refusal	ExternalSorter[0]	1	2767096	56528848	157926882	4	4	20971520		ExternalSorter=81184224;FinalHashAggregateStream=55771138;ExternalSorterMerge=20971520
event	22690357	refusal	ExternalSorter[1]	1	6747004	57636408	193354262	4	4	20971520	61865984	ExternalSorter=116611604;FinalHashAggregateStream=55771138;ExternalSorterMerge=20971520
event	22690491	release_after_refusal	ExternalSorter[1]	1	3619262	54017146	189735000	4	4	20971520		ExternalSorter=112992342;FinalHashAggregateStream=55771138;ExternalSorterMerge=20971520
event	22699167	refusal	ExternalSorter[0]	1	3600840	61625652	145115314	4	4	20971520	61865984	ExternalSorter=68372656;FinalHashAggregateStream=55771138;ExternalSorterMerge=20971520
event	22699630	release_after_refusal	ExternalSorter[0]	1	1325284	60300368	143790030	4	4	20971520		ExternalSorter=67047372;FinalHashAggregateStream=55771138;ExternalSorterMerge=20971520
event	22767740	refusal	ExternalSorter[1]	1	5534492	56580580	191672125	4	4	20971520	61865984	ExternalSorter=114929476;FinalHashAggregateStream=55771129;ExternalSorterMerge=20971520
event	22767991	release_after_refusal	ExternalSorter[1]	1	2292110	54288470	189380015	4	4	20971520		ExternalSorter=112637366;FinalHashAggregateStream=55771129;ExternalSorterMerge=20971520
event	22773059	refusal	ExternalSorter[0]	1	6353352	58348896	168483329	4	4	20971520	61865984	ExternalSorter=91740680;FinalHashAggregateStream=55771129;ExternalSorterMerge=20971520
event	22773393	release_after_refusal	ExternalSorter[0]	1	3422436	54926460	165060893	4	4	20971520		ExternalSorter=88318244;FinalHashAggregateStream=55771129;ExternalSorterMerge=20971520
event	22841564	refusal	ExternalSorter[1]	1	3371484	59139056	188791021	4	4	20971520	61865984	ExternalSorter=112048372;FinalHashAggregateStream=55771129;ExternalSorterMerge=20971520
event	22841780	release_after_refusal	ExternalSorter[1]	1	2292090	56846966	186498931	4	4	20971520		ExternalSorter=109756282;FinalHashAggregateStream=55771129;ExternalSorterMerge=20971520
event	22851915	refusal	ExternalSorter[0]	1	5140924	57820864	137935006	4	4	20971520	61865984	ExternalSorter=61192348;FinalHashAggregateStream=55771138;ExternalSorterMerge=20971520
event	22852354	release_after_refusal	ExternalSorter[0]	1	3537124	54283740	134397882	4	4	20971520		ExternalSorter=57655224;FinalHashAggregateStream=55771138;ExternalSorterMerge=20971520
event	22914582	refusal	ExternalSorter[1]	1	6845020	60644212	196721830	4	4	20971520	61865984	ExternalSorter=119979172;FinalHashAggregateStream=55771138;ExternalSorterMerge=20971520
event	22914794	release_after_refusal	ExternalSorter[1]	1	3668262	56975950	193053568	4	4	20971520		ExternalSorter=116310910;FinalHashAggregateStream=55771138;ExternalSorterMerge=20971520
event	22920179	refusal	ExternalSorter[0]	1	3469716	59334960	179885896	4	4	20971520	61865984	ExternalSorter=103143238;FinalHashAggregateStream=55771138;ExternalSorterMerge=20971520
event	22920649	release_after_refusal	ExternalSorter[0]	1	1980618	57354342	177905278	4	4	20971520		ExternalSorter=101162620;FinalHashAggregateStream=55771138;ExternalSorterMerge=20971520
event	22995964	refusal	ExternalSorter[0]	1	6451520	60833968	198311818	4	4	20971520	61865984	ExternalSorter=121569160;FinalHashAggregateStream=55771138;ExternalSorterMerge=20971520
event	22996104	release_after_refusal	ExternalSorter[0]	1	3471520	57362448	194840298	4	4	20971520		ExternalSorter=118097640;FinalHashAggregateStream=55771138;ExternalSorterMerge=20971520
event	22997459	refusal	ExternalSorter[1]	1	5861924	60735192	148783222	4	4	32276892	59039641	ExternalSorter=60735192;FinalHashAggregateStream=55771138;ExternalSorterMerge=32276892
event	22997874	release_after_refusal	ExternalSorter[1]	1	3176722	57558470	149748092	4	4	36418484		ExternalSorter=57558470;FinalHashAggregateStream=55771138;ExternalSorterMerge=36418484
event	23079264	refusal	ExternalSorter[0]	1	5239064	58375956	194218193	4	4	20971520	61865984	ExternalSorter=117475544;FinalHashAggregateStream=55771129;ExternalSorterMerge=20971520
event	23079429	release_after_refusal	ExternalSorter[0]	1	2865292	55510664	191352901	4	4	20971520		ExternalSorter=114610252;FinalHashAggregateStream=55771129;ExternalSorterMerge=20971520
event	23085060	refusal	ExternalSorter[1]	1	4649468	59099588	166700119	4	4	20971520	61865984	ExternalSorter=89957470;FinalHashAggregateStream=55771129;ExternalSorterMerge=20971520
event	23085343	release_after_refusal	ExternalSorter[1]	1	2570494	56529094	164129625	4	4	20971520		ExternalSorter=87386976;FinalHashAggregateStream=55771129;ExternalSorterMerge=20971520
event	23155204	refusal	ExternalSorter[1]	1	2978176	60154216	201014390	4	4	20971520	61865984	ExternalSorter=119221108;FinalHashAggregateStream=60821762;ExternalSorterMerge=20971520
event	23155351	release_after_refusal	ExternalSorter[1]	1	3111104	57043112	197903286	4	4	20971520		ExternalSorter=116110004;FinalHashAggregateStream=60821762;ExternalSorterMerge=20971520
event	23155944	refusal	ExternalSorter[0]	1	3797204	59066892	137457330	4	4	22619300	61454039	ExternalSorter=59066892;FinalHashAggregateStream=55771138;ExternalSorterMerge=22619300
event	23156436	release_after_refusal	ExternalSorter[0]	1	2144362	56922530	141322412	4	4	28628744		ExternalSorter=56922530;FinalHashAggregateStream=55771138;ExternalSorterMerge=28628744
event	23229508	refusal	ExternalSorter[0]	1	6549716	60705264	192612906	4	4	20971520	61865984	ExternalSorter=115870248;FinalHashAggregateStream=55771138;ExternalSorterMerge=20971520
event	23229649	release_after_refusal	ExternalSorter[0]	1	3520618	57184646	189092288	4	4	20971520		ExternalSorter=112349630;FinalHashAggregateStream=55771138;ExternalSorterMerge=20971520
event	23239481	refusal	ExternalSorter[1]	1	6189356	61124964	144417338	4	4	20971520	61865984	ExternalSorter=67674680;FinalHashAggregateStream=55771138;ExternalSorterMerge=20971520
event	23239769	release_after_refusal	ExternalSorter[1]	1	3340438	57784526	141076900	4	4	20971520		ExternalSorter=64334242;FinalHashAggregateStream=55771138;ExternalSorterMerge=20971520
event	23314487	refusal	ExternalSorter[0]	1	5566636	60795336	196699238	4	4	20971520	61865984	ExternalSorter=119956580;FinalHashAggregateStream=55771138;ExternalSorterMerge=20971520
event	23314675	release_after_refusal	ExternalSorter[0]	1	3029078	57766258	193670160	4	4	20971520		ExternalSorter=116927502;FinalHashAggregateStream=55771138;ExternalSorterMerge=20971520
event	23319280	refusal	ExternalSorter[1]	1	4976844	59161244	171082648	4	4	20971520	61865984	ExternalSorter=94339990;FinalHashAggregateStream=55771138;ExternalSorterMerge=20971520
event	23319863	release_after_refusal	ExternalSorter[1]	1	2734182	56427062	168348466	4	4	20971520		ExternalSorter=91605808;FinalHashAggregateStream=55771138;ExternalSorterMerge=20971520
event	23392093	refusal	ExternalSorter[1]	1	3534984	60114484	202153662	4	4	20971520	61865984	ExternalSorter=120360416;FinalHashAggregateStream=60821726;ExternalSorterMerge=20971520
event	23392221	release_after_refusal	ExternalSorter[1]	1	2013252	58101232	200140410	4	4	20971520		ExternalSorter=118347164;FinalHashAggregateStream=60821726;ExternalSorterMerge=20971520
event	23392900	refusal	ExternalSorter[0]	1	4124832	60245932	136988590	4	4	20971520	61865984	ExternalSorter=60245932;FinalHashAggregateStream=55771138;ExternalSorterMerge=20971520
event	23393238	release_after_refusal	ExternalSorter[0]	1	2308176	57937756	140713164	4	4	27004270		ExternalSorter=57937756;FinalHashAggregateStream=55771138;ExternalSorterMerge=27004270
event	23468420	refusal	ExternalSorter[0]	1	6877192	61030444	199454966	4	4	20971520	61865984	ExternalSorter=122712308;FinalHashAggregateStream=55771138;ExternalSorterMerge=20971520
event	23468679	release_after_refusal	ExternalSorter[0]	1	2652212	58378232	196802754	4	4	20971520		ExternalSorter=120060096;FinalHashAggregateStream=55771138;ExternalSorterMerge=20971520
event	23471296	refusal	ExternalSorter[1]	1	6516760	61681864	163617054	4	4	28021356	60103525	ExternalSorter=79824560;FinalHashAggregateStream=55771138;ExternalSorterMerge=28021356
event	23471655	release_after_refusal	ExternalSorter[1]	1	3504140	58177724	161699100	4	4	25631316		ExternalSorter=80296646;FinalHashAggregateStream=55771138;ExternalSorterMerge=25631316
event	23552951	refusal	ExternalSorter[1]	1	5304276	58502844	192208669	4	4	20971520	61865984	ExternalSorter=115466020;FinalHashAggregateStream=55771129;ExternalSorterMerge=20971520
event	23553246	release_after_refusal	ExternalSorter[1]	1	2897898	55604946	189310771	4	4	20971520		ExternalSorter=112568122;FinalHashAggregateStream=55771129;ExternalSorterMerge=20971520
event	23567982	refusal	ExternalSorter[0]	1	5664776	56963176	144543762	4	4	20971520	61865984	ExternalSorter=67801104;FinalHashAggregateStream=55771138;ExternalSorterMerge=20971520
event	23568432	release_after_refusal	ExternalSorter[0]	1	1816580	55146596	142727182	4	4	20971520		ExternalSorter=65984524;FinalHashAggregateStream=55771138;ExternalSorterMerge=20971520
event	23626668	refusal	ExternalSorter[1]	1	3862444	60570556	187505758	4	4	20971520	61865984	ExternalSorter=110763100;FinalHashAggregateStream=55771138;ExternalSorterMerge=20971520
event	23626883	release_after_refusal	ExternalSorter[1]	1	2176982	58393574	185328776	4	4	20971520		ExternalSorter=108586118;FinalHashAggregateStream=55771138;ExternalSorterMerge=20971520
event	23646340	refusal	ExternalSorter[0]	1	4452320	61452184	149749238	4	4	20971520	61865984	ExternalSorter=73006580;FinalHashAggregateStream=55771138;ExternalSorterMerge=20971520
event	23646467	release_after_refusal	ExternalSorter[0]	1	2471920	58980264	147277318	4	4	20971520		ExternalSorter=70534660;FinalHashAggregateStream=55771138;ExternalSorterMerge=20971520
event	23699627	refusal	ExternalSorter[1]	1	6614928	60766828	185837902	4	4	20971520	61865984	ExternalSorter=109095244;FinalHashAggregateStream=55771138;ExternalSorterMerge=20971520
event	23699862	release_after_refusal	ExternalSorter[1]	1	3553224	57213604	182284678	4	4	20971520		ExternalSorter=105542020;FinalHashAggregateStream=55771138;ExternalSorterMerge=20971520
event	23715827	refusal	ExternalSorter[0]	1	6975472	61591200	151793106	4	4	20971520	61865984	ExternalSorter=75050448;FinalHashAggregateStream=55771138;ExternalSorterMerge=20971520
event	23716198	release_after_refusal	ExternalSorter[0]	1	2586608	59004592	149206498	4	4	20971520		ExternalSorter=72463840;FinalHashAggregateStream=55771138;ExternalSorterMerge=20971520
event	23782901	refusal	ExternalSorter[1]	1	5631820	60987184	190436978	4	4	20971520	61865984	ExternalSorter=113694320;FinalHashAggregateStream=55771138;ExternalSorterMerge=20971520
event	23783036	release_after_refusal	ExternalSorter[1]	1	3061670	57925514	187375308	4	4	20971520		ExternalSorter=110632650;FinalHashAggregateStream=55771138;ExternalSorterMerge=20971520
event	23793761	refusal	ExternalSorter[0]	1	5041992	57519780	139894258	4	4	20971520	61865984	ExternalSorter=63151600;FinalHashAggregateStream=55771138;ExternalSorterMerge=20971520
event	23794199	release_after_refusal	ExternalSorter[0]	1	3848184	53671596	136046074	4	4	20971520		ExternalSorter=59303416;FinalHashAggregateStream=55771138;ExternalSorterMerge=20971520
event	23863438	refusal	ExternalSorter[1]	1	4419364	60302664	194011038	4	4	20971520	61865984	ExternalSorter=117268380;FinalHashAggregateStream=55771138;ExternalSorterMerge=20971520
event	23863691	release_after_refusal	ExternalSorter[1]	1	2455442	57847222	191555596	4	4	20971520		ExternalSorter=114812938;FinalHashAggregateStream=55771138;ExternalSorterMerge=20971520
event	23873469	refusal	ExternalSorter[0]	1	4550544	61286884	142448906	4	4	20971520	61865984	ExternalSorter=65706248;FinalHashAggregateStream=55771138;ExternalSorterMerge=20971520
event	23873691	release_after_refusal	ExternalSorter[0]	1	2521032	58765852	139927874	4	4	20971520		ExternalSorter=63185216;FinalHashAggregateStream=55771138;ExternalSorterMerge=20971520
event	23931684	refusal	ExternalSorter[1]	1	6942516	61228684	192234236	4	4	20971520	61865984	ExternalSorter=110441116;FinalHashAggregateStream=60821600;ExternalSorterMerge=20971520
event	23931950	release_after_refusal	ExternalSorter[1]	1	3717010	57511674	188517226	4	4	20971520		ExternalSorter=106724106;FinalHashAggregateStream=60821600;ExternalSorterMerge=20971520
event	23937862	refusal	ExternalSorter[0]	1	6844320	55827360	164089136	4	4	20971520	61865984	ExternalSorter=87346478;FinalHashAggregateStream=55771138;ExternalSorterMerge=20971520
event	23938297	release_after_refusal	ExternalSorter[0]	1	2979784	52847576	161109352	4	4	20971520		ExternalSorter=84366694;FinalHashAggregateStream=55771138;ExternalSorterMerge=20971520
event	24022406	refusal	ExternalSorter[0]	1	5140216	61446652	199568186	4	4	20971520	61865984	ExternalSorter=122825528;FinalHashAggregateStream=55771138;ExternalSorterMerge=20971520
event	24022623	release_after_refusal	ExternalSorter[0]	1	1800144	59646508	197768042	4	4	20971520		ExternalSorter=121025384;FinalHashAggregateStream=55771138;ExternalSorterMerge=20971520
event	24045353	refusal	ExternalSorter[1]	1	5959392	61378876	149352350	4	4	20971520	61865984	ExternalSorter=72609692;FinalHashAggregateStream=55771138;ExternalSorterMerge=20971520
event	24045995	release_after_refusal	ExternalSorter[1]	1	3225456	58153420	146126894	4	4	20971520		ExternalSorter=69384236;FinalHashAggregateStream=55771138;ExternalSorterMerge=20971520
event	24111690	refusal	ExternalSorter[0]	1	4648768	58369396	188115334	4	4	20971520	61865984	ExternalSorter=111372676;FinalHashAggregateStream=55771138;ExternalSorterMerge=20971520
event	24111826	release_after_refusal	ExternalSorter[0]	1	2570144	55799252	185545190	4	4	20971520		ExternalSorter=108802532;FinalHashAggregateStream=55771138;ExternalSorterMerge=20971520
event	24126836	refusal	ExternalSorter[1]	1	4746992	61809136	148078706	4	4	20971520	61865984	ExternalSorter=71336048;FinalHashAggregateStream=55771138;ExternalSorterMerge=20971520
event	24127307	release_after_refusal	ExternalSorter[1]	1	3454832	58354304	144623874	4	4	20971520		ExternalSorter=67881216;FinalHashAggregateStream=55771138;ExternalSorterMerge=20971520
event	24173986	refusal	ExternalSorter[0]	1	6942516	56088396	177229518	4	4	20971520	61865984	ExternalSorter=100486860;FinalHashAggregateStream=55771138;ExternalSorterMerge=20971520
event	24174160	release_after_refusal	ExternalSorter[0]	1	3143570	52944826	174085948	4	4	20971520		ExternalSorter=97343290;FinalHashAggregateStream=55771138;ExternalSorterMerge=20971520
event	24193904	refusal	ExternalSorter[1]	1	3075840	60638320	149065946	4	4	20971520	61865984	ExternalSorter=72323288;FinalHashAggregateStream=55771138;ExternalSorterMerge=20971520
event	24194261	release_after_refusal	ExternalSorter[1]	1	1783680	58854640	147282266	4	4	20971520		ExternalSorter=70539608;FinalHashAggregateStream=55771138;ExternalSorterMerge=20971520
event	24257504	refusal	ExternalSorter[0]	1	5959364	60657560	183850138	4	4	20971520	61865984	ExternalSorter=107107480;FinalHashAggregateStream=55771138;ExternalSorterMerge=20971520
event	24257635	release_after_refusal	ExternalSorter[0]	1	3225442	57432118	180624696	4	4	20971520		ExternalSorter=103882038;FinalHashAggregateStream=55771138;ExternalSorterMerge=20971520
event	24270652	refusal	ExternalSorter[1]	1	6057728	57877248	140579270	4	4	20971520	61865984	ExternalSorter=63836612;FinalHashAggregateStream=55771138;ExternalSorterMerge=20971520
event	24270864	release_after_refusal	ExternalSorter[1]	1	3274624	54602624	142355621	4	4	20971520		FinalHashAggregateStream=60822113;ExternalSorter=60561988;ExternalSorterMerge=20971520
event	24335687	refusal	ExternalSorter[0]	1	4746964	61808772	192636406	4	4	20971520	61865984	ExternalSorter=115893748;FinalHashAggregateStream=55771138;ExternalSorterMerge=20971520
event	24335817	release_after_refusal	ExternalSorter[0]	1	2619242	59189530	190017164	4	4	20971520		ExternalSorter=113274506;FinalHashAggregateStream=55771138;ExternalSorterMerge=20971520
event	24343945	refusal	ExternalSorter[1]	1	4615952	58471552	139961174	4	4	20971520	61865984	ExternalSorter=63218516;FinalHashAggregateStream=55771138;ExternalSorterMerge=20971520
event	24344115	release_after_refusal	ExternalSorter[1]	1	2553736	55917816	137407438	4	4	20971520		ExternalSorter=60664780;FinalHashAggregateStream=55771138;ExternalSorterMerge=20971520
event	24404167	refusal	ExternalSorter[0]	1	3075812	60638012	193862110	4	4	20971520	61865984	ExternalSorter=117119452;FinalHashAggregateStream=55771138;ExternalSorterMerge=20971520
event	24404382	release_after_refusal	ExternalSorter[0]	1	1783666	58854346	192078444	4	4	20971520		ExternalSorter=115335786;FinalHashAggregateStream=55771138;ExternalSorterMerge=20971520
event	24406825	refusal	ExternalSorter[1]	1	6909728	56481440	150567832	4	4	24516730	60979681	ExternalSorter=70279964;FinalHashAggregateStream=55771138;ExternalSorterMerge=24516730
event	24406953	release_after_refusal	ExternalSorter[1]	1	3700616	52780824	146572224	4	4	21520576		ExternalSorter=69280510;FinalHashAggregateStream=55771138;ExternalSorterMerge=21520576
event	24484035	refusal	ExternalSorter[1]	1	5697312	57386144	160476382	4	4	20971520	61865984	ExternalSorter=83733724;FinalHashAggregateStream=55771138;ExternalSorterMerge=20971520
event	24484178	release_after_refusal	ExternalSorter[1]	1	1947536	55438608	158528846	4	4	20971520		ExternalSorter=81786188;FinalHashAggregateStream=55771138;ExternalSorterMerge=20971520
event	24520628	refusal	ExternalSorter[0]	1	6057700	57876884	172244070	4	4	20971520	61865984	ExternalSorter=95501412;FinalHashAggregateStream=55771138;ExternalSorterMerge=20971520
event	24520794	release_after_refusal	ExternalSorter[0]	1	3274610	54602274	168969460	4	4	20971520		ExternalSorter=92226802;FinalHashAggregateStream=55771138;ExternalSorterMerge=20971520
event	24559659	refusal	ExternalSorter[1]	1	4255536	58340848	170676074	4	4	20971520	61865984	ExternalSorter=93933416;FinalHashAggregateStream=55771138;ExternalSorterMerge=20971520
event	24559792	release_after_refusal	ExternalSorter[1]	1	2373528	55967320	168302546	4	4	20971520		ExternalSorter=91559888;FinalHashAggregateStream=55771138;ExternalSorterMerge=20971520
event	24595072	refusal	ExternalSorter[0]	1	4615924	58471216	164187730	4	4	20971520	61865984	ExternalSorter=87445072;FinalHashAggregateStream=55771138;ExternalSorterMerge=20971520
event	24595206	release_after_refusal	ExternalSorter[0]	1	2553722	55917494	161634008	4	4	20971520		ExternalSorter=84891350;FinalHashAggregateStream=55771138;ExternalSorterMerge=20971520
event	24625945	refusal	ExternalSorter[1]	1	6778688	59426576	161542614	4	4	20971520	61865984	ExternalSorter=84799956;FinalHashAggregateStream=55771138;ExternalSorterMerge=20971520
event	24626162	release_after_refusal	ExternalSorter[1]	1	3635096	55791480	157907518	4	4	20971520		ExternalSorter=81164860;FinalHashAggregateStream=55771138;ExternalSorterMerge=20971520
event	24647067	refusal	ExternalSorterMerge[1]	0	4132864	181846016	265870189	2	4	192331776		ExternalSorterMerge=192331776;ExternalSorter=49800852;FinalHashAggregateStream=23737561
event	24660440	refusal	ExternalSorter[0]	1	6680308	49800852	265870189	2	4	192331776	38051840	ExternalSorterMerge=192331776;ExternalSorter=49800852;FinalHashAggregateStream=23737561
event	24661200	release_after_refusal	ExternalSorter[0]	1	3585914	46214938	262284275	2	4	192331776		ExternalSorterMerge=192331776;ExternalSorter=46214938;FinalHashAggregateStream=23737561
event	24717546	refusal	ExternalSorter[0]	1	4321028	34699280	250768617	2	4	192331776	38051840	ExternalSorterMerge=192331776;ExternalSorter=34699280;FinalHashAggregateStream=23737561
event	24717827	release_after_refusal	ExternalSorter[0]	1	2406274	32293006	248362343	2	4	192331776		ExternalSorterMerge=192331776;ExternalSorter=32293006;FinalHashAggregateStream=23737561
event	24760446	refusal	ExternalSorter[0]	1	5926660	35064092	251133429	2	4	192331776	38051840	ExternalSorterMerge=192331776;ExternalSorter=35064092;FinalHashAggregateStream=23737561
event	24760597	release_after_refusal	ExternalSorter[0]	1	3209090	31855002	247924339	2	4	192331776		ExternalSorterMerge=192331776;ExternalSorter=31855002;FinalHashAggregateStream=23737561
event	24801887	refusal	ExternalSorter[0]	1	3338004	37914956	253984293	2	4	192331776	38051840	ExternalSorterMerge=192331776;ExternalSorter=37914956;FinalHashAggregateStream=23737561
event	24802015	release_after_refusal	ExternalSorter[0]	1	1914762	36000194	252069531	2	4	192331776		ExternalSorterMerge=192331776;ExternalSorter=36000194;FinalHashAggregateStream=23737561
event	24850073	refusal	ExternalSorter[0]	1	5173012	33126560	249195897	2	4	192331776	38051840	ExternalSorterMerge=192331776;ExternalSorter=33126560;FinalHashAggregateStream=23737561
event	24850204	release_after_refusal	ExternalSorter[0]	1	2832266	30294294	246363631	2	4	192331776		ExternalSorterMerge=192331776;ExternalSorter=30294294;FinalHashAggregateStream=23737561
event	24887753	refusal	ExternalSorter[0]	1	6549268	34478712	250548049	2	4	192331776	38051840	ExternalSorterMerge=192331776;ExternalSorter=34478712;FinalHashAggregateStream=23737561
event	24887931	release_after_refusal	ExternalSorter[0]	1	3405706	31073006	247142343	2	4	192331776		ExternalSorterMerge=192331776;ExternalSorter=31073006;FinalHashAggregateStream=23737561
event	24910539	refusal	ExternalSorterMerge[0]	0	4132864	82657280	264503296	0	4	264503296		ExternalSorterMerge=264503296
event	25043412	release_after_refusal	ExternalSorterMerge[1]	0	171360256	10485760	93143040	0	4	93143040		ExternalSorterMerge=93143040
event	25043434	refusal	ExternalSorterMerge[1]	0	4132864	181846016	264503296	0	4	264503296		ExternalSorterMerge=264503296
event	25091520	release_after_refusal	ExternalSorterMerge[0]	0	72171520	10485760	192331776	0	4	192331776		ExternalSorterMerge=192331776
event	25091544	refusal	ExternalSorterMerge[0]	0	4132864	82657280	264503296	0	4	264503296		ExternalSorterMerge=264503296
event	25259879	release_after_refusal	ExternalSorterMerge[0]	0	72171520	10485760	192331776	0	4	192331776		ExternalSorterMerge=192331776
event	25259899	refusal	ExternalSorterMerge[0]	0	4132864	82657280	264503296	0	4	264503296		ExternalSorterMerge=264503296
event	25418874	release_after_refusal	ExternalSorterMerge[0]	0	72171520	10485760	192331776	0	4	192331776		ExternalSorterMerge=192331776
event	25418894	refusal	ExternalSorterMerge[0]	0	4132864	82657280	264503296	0	4	264503296		ExternalSorterMerge=264503296
event	25432006	release_after_refusal	ExternalSorterMerge[1]	0	171360256	10485760	93143040	0	4	93143040		ExternalSorterMerge=93143040
event	25587142	release_after_refusal	ExternalSorterMerge[0]	0	72171520	10485760	149124632	0	4	149124632		ExternalSorterMerge=146870272;SortPreservingMergeExec=2254360
event	25587163	refusal	ExternalSorterMerge[0]	0	4132864	128118784	266757656	0	4	266757656		ExternalSorterMerge=264503296;SortPreservingMergeExec=2254360
event	25841289	release_after_refusal	ExternalSorterMerge[0]	0	117633024	10485760	149124632	0	4	149124632		ExternalSorterMerge=146870272;SortPreservingMergeExec=2254360
