#pool	name	limit	peak_reserved	refusals	events_dropped
pool	fair	268435456	268397503	988	0
#class	class	consumers	can_spill	w_sum_of_peaks	w_largest_peak	w_class_peak	refusals	refused_bytes	w_refusals_then_release	w_consumers_ending_refused
class	DataFusion-Cli	1	0	6073	6073	6073	0	0	0	0
class	ExternalSorter	2	2	123654504	61827252	123134048	237	1236783468	237	0
class	ExternalSorterMerge	2	0	289300480	231440384	264503800	17	70258688	17	0
class	FinalHashAggregateStream	2	2	132513792	66256896	132513792	405	4287127945	405	0
class	PartialHashAggregateStream	2	2	65480195	32740363	65479923	329	4482839125	329	0
class	RepartitionExec	2	2	62623248	31506624	35447008	0	0	0	0
class	SortPreservingMergeExec	1	0	10627096	10627096	10627096	0	0	0	0
#event	micros	kind	consumer	can_spill	bytes	w_held	reserved	w_registered_spillable	w_registered_unspillable	w_unspillable_bytes	w_fair_quota	w_top_classes
event	33550	refusal	PartialHashAggregateStream[0]	1	8457515	29521228	62260230	8	4	0	33554432	PartialHashAggregateStream=62260230
event	36720	refusal	PartialHashAggregateStream[1]	1	14225281	32739002	62260230	8	4	0	33554432	PartialHashAggregateStream=62260230
event	42691	release_after_refusal	PartialHashAggregateStream[0]	1	15996436	13524792	46263794	8	4	0		PartialHashAggregateStream=46263794
event	46810	release_after_refusal	PartialHashAggregateStream[1]	1	16187394	16551608	32890989	8	4	0		PartialHashAggregateStream=30076400;FinalHashAggregateStream=2814589
event	76270	refusal	FinalHashAggregateStream[0]	1	13121522	31834430	78734609	8	4	0	33554432	FinalHashAggregateStream=56802076;PartialHashAggregateStream=18516437;RepartitionExec=3416096
event	91821	refusal	PartialHashAggregateStream[0]	1	14225623	32739713	122480716	8	4	0	33554432	PartialHashAggregateStream=62262544;FinalHashAggregateStream=56802076;RepartitionExec=3416096
event	97335	refusal	PartialHashAggregateStream[1]	1	14225715	32738561	125696446	8	4	0	33554432	PartialHashAggregateStream=65478274;FinalHashAggregateStream=56802076;RepartitionExec=3416096
event	98290	release_after_refusal	FinalHashAggregateStream[0]	1	31833750	680	93862696	8	4	0		PartialHashAggregateStream=65478274;FinalHashAggregateStream=24968326;RepartitionExec=3416096
event	101786	release_after_refusal	PartialHashAggregateStream[0]	1	16188105	16551608	77674591	8	4	0		PartialHashAggregateStream=49290169;FinalHashAggregateStream=24968326;RepartitionExec=3416096
event	107267	release_after_refusal	PartialHashAggregateStream[1]	1	16186953	16551608	69041866	8	4	0		PartialHashAggregateStream=33103216;FinalHashAggregateStream=31211834;RepartitionExec=4726816
event	110001	refusal	FinalHashAggregateStream[1]	1	3248588	31211154	71798490	8	4	0	33554432	PartialHashAggregateStream=33103216;FinalHashAggregateStream=31211834;RepartitionExec=7483440
event	128509	release_after_refusal	FinalHashAggregateStream[1]	1	31210474	680	76411066	8	4	0		RepartitionExec=25993264;FinalHashAggregateStream=25238783;PartialHashAggregateStream=25179019
event	146015	refusal	PartialHashAggregateStream[1]	1	14225850	32738838	103870293	8	4	0	33554432	PartialHashAggregateStream=49290446;FinalHashAggregateStream=49066711;RepartitionExec=5513136
event	155197	release_after_refusal	PartialHashAggregateStream[1]	1	16187230	16551608	91229859	8	4	0		FinalHashAggregateStream=52613395;PartialHashAggregateStream=33103216;RepartitionExec=5513248
event	160909	refusal	FinalHashAggregateStream[1]	1	12964625	31757841	103781736	8	4	0	33554432	FinalHashAggregateStream=60438456;PartialHashAggregateStream=33103216;RepartitionExec=10240064
event	164373	refusal	FinalHashAggregateStream[0]	1	6389594	31907144	104251641	8	4	0	33554432	FinalHashAggregateStream=63664985;PartialHashAggregateStream=33103216;RepartitionExec=7483440
event	181000	release_after_refusal	FinalHashAggregateStream[1]	1	31757161	680	72494480	8	4	0		PartialHashAggregateStream=33103216;FinalHashAggregateStream=31907824;RepartitionExec=7483440
event	183381	release_after_refusal	FinalHashAggregateStream[0]	1	31906464	680	37892839	8	4	0		PartialHashAggregateStream=33103216;FinalHashAggregateStream=2819431;RepartitionExec=1970192
event	204907	refusal	PartialHashAggregateStream[0]	1	8458254	29521733	80756544	8	4	0	33554432	FinalHashAggregateStream=45721107;PartialHashAggregateStream=29522413;RepartitionExec=5513024
event	213013	release_after_refusal	PartialHashAggregateStream[0]	1	15995661	13526072	81173247	8	4	0		FinalHashAggregateStream=53739288;PartialHashAggregateStream=27433959
event	220012	refusal	FinalHashAggregateStream[1]	1	7853073	31928069	100215481	8	4	0	33554432	FinalHashAggregateStream=59464264;PartialHashAggregateStream=40751217
event	226621	refusal	PartialHashAggregateStream[1]	1	14226120	32739117	108060672	8	4	0	33554432	FinalHashAggregateStream=61795483;PartialHashAggregateStream=46265189
event	237206	release_after_refusal	PartialHashAggregateStream[1]	1	16187509	16551608	91873163	8	4	0		FinalHashAggregateStream=61795483;PartialHashAggregateStream=30077680
event	241716	refusal	FinalHashAggregateStream[0]	1	8444649	29867414	96599979	8	4	0	33554432	FinalHashAggregateStream=61795483;PartialHashAggregateStream=30077680;RepartitionExec=4726816
event	243425	release_after_refusal	FinalHashAggregateStream[1]	1	31927389	680	64672590	8	4	0		PartialHashAggregateStream=30077680;FinalHashAggregateStream=29868094;RepartitionExec=4726816
event	263771	release_after_refusal	FinalHashAggregateStream[0]	1	29866734	680	50640939	8	4	0		PartialHashAggregateStream=33215886;FinalHashAggregateStream=8888925;RepartitionExec=8536128
event	275075	refusal	PartialHashAggregateStream[0]	1	14225027	32738136	75840702	8	4	0	33554432	PartialHashAggregateStream=49289744;FinalHashAggregateStream=21824142;RepartitionExec=4726816
event	284602	release_after_refusal	PartialHashAggregateStream[0]	1	16186528	16551608	74913390	8	4	0		FinalHashAggregateStream=37083358;PartialHashAggregateStream=33103216;RepartitionExec=4726816
event	300029	refusal	FinalHashAggregateStream[1]	1	14257951	32083939	96886521	8	4	0	33554432	FinalHashAggregateStream=60680787;PartialHashAggregateStream=25179462;RepartitionExec=11026272
event	304261	refusal	FinalHashAggregateStream[0]	1	6300484	31816891	105386913	8	4	0	33554432	FinalHashAggregateStream=63900830;PartialHashAggregateStream=33216435;RepartitionExec=8269648
event	316627	refusal	PartialHashAggregateStream[1]	1	14225454	32738912	121460998	8	4	0	33554432	FinalHashAggregateStream=63900830;PartialHashAggregateStream=49290520;RepartitionExec=8269648
event	323307	release_after_refusal	FinalHashAggregateStream[1]	1	32083259	680	89377739	8	4	0		PartialHashAggregateStream=49290520;FinalHashAggregateStream=31817571;RepartitionExec=8269648
event	324885	release_after_refusal	FinalHashAggregateStream[0]	1	31816211	680	54804904	8	4	0		PartialHashAggregateStream=49290520;RepartitionExec=5513024;FinalHashAggregateStream=1360
event	326641	release_after_refusal	PartialHashAggregateStream[1]	1	16187304	16551608	44201404	8	4	0		PartialHashAggregateStream=33103216;RepartitionExec=8269648;FinalHashAggregateStream=2828540
event	375736	refusal	PartialHashAggregateStream[0]	1	8457806	29521044	126042127	8	4	0	33554432	PartialHashAggregateStream=62259461;FinalHashAggregateStream=61026490;RepartitionExec=2756176
event	378776	refusal	PartialHashAggregateStream[1]	1	14225778	32738417	126042127	8	4	0	33554432	PartialHashAggregateStream=62259461;FinalHashAggregateStream=61026490;RepartitionExec=2756176
event	383648	release_after_refusal	PartialHashAggregateStream[0]	1	15995612	13525432	110046515	8	4	0		FinalHashAggregateStream=61026490;PartialHashAggregateStream=46263849;RepartitionExec=2756176
event	386137	refusal	FinalHashAggregateStream[1]	1	2084549	32308514	109129459	8	4	0	33554432	FinalHashAggregateStream=61026490;PartialHashAggregateStream=46263849;RepartitionExec=1839120
event	388188	release_after_refusal	PartialHashAggregateStream[1]	1	16186809	16551608	98012730	8	4	0		FinalHashAggregateStream=64257450;PartialHashAggregateStream=30077040;RepartitionExec=3678240
event	390468	refusal	FinalHashAggregateStream[0]	1	7850631	31948936	102870618	8	4	0	33554432	FinalHashAggregateStream=64257450;PartialHashAggregateStream=30077040;RepartitionExec=8536128
event	406568	release_after_refusal	FinalHashAggregateStream[1]	1	32307834	680	70562784	8	4	0		FinalHashAggregateStream=31949616;PartialHashAggregateStream=30077040;RepartitionExec=8536128
event	410664	release_after_refusal	FinalHashAggregateStream[0]	1	31948256	680	41285237	8	4	0		PartialHashAggregateStream=30077040;RepartitionExec=6565936;FinalHashAggregateStream=4642261
event	444662	refusal	FinalHashAggregateStream[0]	1	13135468	31958341	105107351	8	4	0	33554432	FinalHashAggregateStream=63739701;PartialHashAggregateStream=41367650
event	447928	refusal	PartialHashAggregateStream[1]	1	14225515	32740309	110387402	8	4	0	33554432	FinalHashAggregateStream=63739701;PartialHashAggregateStream=46647701
event	457599	release_after_refusal	PartialHashAggregateStream[1]	1	16188701	16551608	109813620	8	4	0		FinalHashAggregateStream=63739701;PartialHashAggregateStream=46073919
event	462610	refusal	PartialHashAggregateStream[0]	1	14225598	32737677	117755802	8	4	0	33554432	FinalHashAggregateStream=63739701;PartialHashAggregateStream=49289285;RepartitionExec=4726816
event	462643	refusal	FinalHashAggregateStream[1]	1	14201993	31781360	117755802	8	4	0	33554432	FinalHashAggregateStream=63739701;PartialHashAggregateStream=49289285;RepartitionExec=4726816
event	467402	release_after_refusal	FinalHashAggregateStream[0]	1	31957661	680	85798141	8	4	0		PartialHashAggregateStream=49289285;FinalHashAggregateStream=31782040;RepartitionExec=4726816
event	472952	release_after_refusal	PartialHashAggregateStream[0]	1	16186069	16551608	72283051	8	4	0		FinalHashAggregateStream=36423211;PartialHashAggregateStream=33103216;RepartitionExec=2756624
event	486276	release_after_refusal	FinalHashAggregateStream[1]	1	31780680	680	66801511	8	4	0		PartialHashAggregateStream=33103216;RepartitionExec=16937072;FinalHashAggregateStream=16761223
event	512669	refusal	PartialHashAggregateStream[0]	1	14225740	32738568	104448804	8	4	0	33554432	FinalHashAggregateStream=52402004;PartialHashAggregateStream=49290176;RepartitionExec=2756624
event	516841	refusal	FinalHashAggregateStream[1]	1	2097857	32385117	111426107	8	4	0	33554432	FinalHashAggregateStream=62135931;PartialHashAggregateStream=49290176
event	522150	release_after_refusal	PartialHashAggregateStream[0]	1	16186960	16551608	95239147	8	4	0		FinalHashAggregateStream=62135931;PartialHashAggregateStream=33103216
event	530878	refusal	FinalHashAggregateStream[0]	1	14246462	32999438	103214587	8	4	0	33554432	FinalHashAggregateStream=65384555;PartialHashAggregateStream=33103216;RepartitionExec=4726816
event	534948	release_after_refusal	FinalHashAggregateStream[1]	1	32384437	680	70830150	8	4	0		PartialHashAggregateStream=33103216;FinalHashAggregateStream=33000118;RepartitionExec=4726816
event	554967	release_after_refusal	FinalHashAggregateStream[0]	1	32998758	680	52735194	8	4	0		PartialHashAggregateStream=30458811;FinalHashAggregateStream=14006511;RepartitionExec=8269872
event	569952	refusal	PartialHashAggregateStream[1]	1	14226021	32738815	76318528	8	4	0	33554432	FinalHashAggregateStream=40822745;PartialHashAggregateStream=32739495;RepartitionExec=2756288
event	579244	release_after_refusal	PartialHashAggregateStream[1]	1	16187207	16551608	68366835	8	4	0		FinalHashAggregateStream=43187861;PartialHashAggregateStream=25178974
event	590836	refusal	FinalHashAggregateStream[1]	1	14251679	31931816	107119025	8	4	0	33554432	FinalHashAggregateStream=58288481;PartialHashAggregateStream=46073920;RepartitionExec=2756624
event	596392	refusal	PartialHashAggregateStream[0]	1	14225596	32737997	112665596	8	4	0	33554432	FinalHashAggregateStream=60619367;PartialHashAggregateStream=49289605;RepartitionExec=2756624
event	605956	release_after_refusal	PartialHashAggregateStream[0]	1	16186389	16551608	96479207	8	4	0		FinalHashAggregateStream=60619367;PartialHashAggregateStream=33103216;RepartitionExec=2756624
event	613436	release_after_refusal	FinalHashAggregateStream[1]	1	31931136	680	70815348	8	4	0		PartialHashAggregateStream=33103216;FinalHashAggregateStream=32985316;RepartitionExec=4726816
event	616646	refusal	FinalHashAggregateStream[0]	1	14331677	32984636	68845156	8	4	0	33554432	PartialHashAggregateStream=33103216;FinalHashAggregateStream=32985316;RepartitionExec=2756624
event	640070	release_after_refusal	FinalHashAggregateStream[0]	1	32983956	680	62536328	8	4	0		PartialHashAggregateStream=43776778;FinalHashAggregateStream=14032734;RepartitionExec=4726816
event	648379	refusal	PartialHashAggregateStream[1]	1	14225931	32739171	73223864	8	4	0	33554432	PartialHashAggregateStream=49290779;FinalHashAggregateStream=21176461;RepartitionExec=2756624
event	658194	release_after_refusal	PartialHashAggregateStream[1]	1	16187563	16551608	57400149	8	4	0		FinalHashAggregateStream=36121605;PartialHashAggregateStream=16552288;RepartitionExec=4726256
event	676455	refusal	FinalHashAggregateStream[1]	1	14258618	31861715	108743249	8	4	0	33554432	FinalHashAggregateStream=62669472;PartialHashAggregateStream=46073777
event	678013	refusal	PartialHashAggregateStream[0]	1	8458497	29522169	108743249	8	4	0	33554432	FinalHashAggregateStream=62669472;PartialHashAggregateStream=46073777
event	686019	release_after_refusal	PartialHashAggregateStream[0]	1	15996097	13526072	92747152	8	4	0		FinalHashAggregateStream=62669472;PartialHashAggregateStream=30077680
event	690773	refusal	FinalHashAggregateStream[0]	1	14202325	30807757	98395584	8	4	0	33554432	FinalHashAggregateStream=62669472;PartialHashAggregateStream=30077680;RepartitionExec=5648432
event	700478	release_after_refusal	FinalHashAggregateStream[1]	1	31861035	680	66534549	8	4	0		FinalHashAggregateStream=30808437;PartialHashAggregateStream=30077680;RepartitionExec=5648432
event	711997	release_after_refusal	FinalHashAggregateStream[0]	1	30807077	680	34664006	8	4	0		PartialHashAggregateStream=18134831;FinalHashAggregateStream=12719863;RepartitionExec=3809312
event	732796	refusal	PartialHashAggregateStream[1]	1	14225967	32739292	90287098	8	4	0	33554432	PartialHashAggregateStream=46646810;FinalHashAggregateStream=41670096;RepartitionExec=1970192
event	742228	release_after_refusal	PartialHashAggregateStream[1]	1	16187684	16551608	89715267	8	4	0		PartialHashAggregateStream=46074979;FinalHashAggregateStream=41670096;RepartitionExec=1970192
event	747610	refusal	PartialHashAggregateStream[0]	1	14225697	32739137	116192953	8	4	0	33554432	FinalHashAggregateStream=49965136;PartialHashAggregateStream=49290745;RepartitionExec=16937072
event	756880	release_after_refusal	PartialHashAggregateStream[0]	1	16187529	16551608	89388438	8	4	0		FinalHashAggregateStream=56685510;PartialHashAggregateStream=16552288;RepartitionExec=16150640
event	760530	refusal	FinalHashAggregateStream[0]	1	14259014	31747724	96753636	8	4	0	33554432	FinalHashAggregateStream=56685510;PartialHashAggregateStream=21160862;RepartitionExec=18907264
event	769876	refusal	FinalHashAggregateStream[1]	1	13044149	32009657	108397390	8	4	0	33554432	FinalHashAggregateStream=63757381;PartialHashAggregateStream=33216185;RepartitionExec=11423824
event	780396	refusal	PartialHashAggregateStream[1]	1	14225823	32738752	124471565	8	4	0	33554432	FinalHashAggregateStream=63757381;PartialHashAggregateStream=49290360;RepartitionExec=11423824
event	783081	release_after_refusal	FinalHashAggregateStream[0]	1	31747044	680	92724521	8	4	0		PartialHashAggregateStream=49290360;FinalHashAggregateStream=32010337;RepartitionExec=11423824
event	790215	release_after_refusal	PartialHashAggregateStream[1]	1	16187144	16551608	93160163	8	4	0		FinalHashAggregateStream=39179491;PartialHashAggregateStream=33103216;RepartitionExec=20877456
event	790307	release_after_refusal	FinalHashAggregateStream[1]	1	32008977	680	61151186	8	4	0		PartialHashAggregateStream=33103216;RepartitionExec=20877456;FinalHashAggregateStream=7170514
event	816225	refusal	FinalHashAggregateStream[0]	1	14251569	32069805	91834385	8	4	0	33554432	FinalHashAggregateStream=58232266;RepartitionExec=19693696;PartialHashAggregateStream=13908423
event	819587	refusal	FinalHashAggregateStream[1]	1	1172061	33359805	99032020	8	4	0	33554432	FinalHashAggregateStream=65429610;RepartitionExec=16937072;PartialHashAggregateStream=16665338
event	831599	refusal	PartialHashAggregateStream[0]	1	14225697	32738316	115105678	8	4	0	33554432	FinalHashAggregateStream=65429610;PartialHashAggregateStream=32738996;RepartitionExec=16937072
event	838287	release_after_refusal	FinalHashAggregateStream[1]	1	33359125	680	81746553	8	4	0		PartialHashAggregateStream=32738996;FinalHashAggregateStream=32070485;RepartitionExec=16937072
event	838312	release_after_refusal	FinalHashAggregateStream[0]	1	32069125	680	47707236	8	4	0		PartialHashAggregateStream=32738996;RepartitionExec=14966880;FinalHashAggregateStream=1360
event	841272	release_after_refusal	PartialHashAggregateStream[0]	1	16186708	16551608	29550336	8	4	0		PartialHashAggregateStream=16552288;RepartitionExec=12996688;FinalHashAggregateStream=1360
event	859801	refusal	PartialHashAggregateStream[1]	1	8457650	29521973	90408459	8	4	0	33554432	FinalHashAggregateStream=51432398;PartialHashAggregateStream=29522653;RepartitionExec=9453408
event	868074	release_after_refusal	PartialHashAggregateStream[1]	1	15997181	13524792	86818656	8	4	0		FinalHashAggregateStream=59386771;PartialHashAggregateStream=27431885
event	871768	refusal	FinalHashAggregateStream[1]	1	14258537	31808975	95224165	8	4	0	33554432	FinalHashAggregateStream=59386771;PartialHashAggregateStream=30188962;RepartitionExec=5648432
event	877344	refusal	FinalHashAggregateStream[0]	1	13048636	31972054	110309534	8	4	0	33554432	FinalHashAggregateStream=63781029;PartialHashAggregateStream=40749001;RepartitionExec=5779504
event	883749	refusal	PartialHashAggregateStream[0]	1	14225895	32737814	115823139	8	4	0	33554432	FinalHashAggregateStream=63781029;PartialHashAggregateStream=46262606;RepartitionExec=5779504
event	892954	release_after_refusal	PartialHashAggregateStream[0]	1	16186206	16551608	99636933	8	4	0		FinalHashAggregateStream=63781029;PartialHashAggregateStream=30076400;RepartitionExec=5779504
event	893446	release_after_refusal	FinalHashAggregateStream[1]	1	31808295	680	71769022	8	4	0		FinalHashAggregateStream=31972734;PartialHashAggregateStream=30076400;RepartitionExec=9719888
event	899407	release_after_refusal	FinalHashAggregateStream[0]	1	31971374	680	43118687	8	4	0		PartialHashAggregateStream=30076400;FinalHashAggregateStream=7131711;RepartitionExec=5910576
event	929848	refusal	FinalHashAggregateStream[1]	1	14176085	31972265	100938740	8	4	0	33554432	FinalHashAggregateStream=59348774;PartialHashAggregateStream=41589966
event	940328	refusal	PartialHashAggregateStream[0]	1	14225769	32737610	124825955	8	4	0	33554432	PartialHashAggregateStream=65477181;FinalHashAggregateStream=59348774
event	943468	refusal	PartialHashAggregateStream[1]	1	14226012	32739571	124825955	8	4	0	33554432	PartialHashAggregateStream=65477181;FinalHashAggregateStream=59348774
event	950488	release_after_refusal	PartialHashAggregateStream[0]	1	16186002	16551608	108639953	8	4	0		FinalHashAggregateStream=59348774;PartialHashAggregateStream=49291179
event	952639	release_after_refusal	FinalHashAggregateStream[1]	1	31971585	680	84150912	8	4	0		PartialHashAggregateStream=49291179;FinalHashAggregateStream=27377189;RepartitionExec=7482544
event	953182	release_after_refusal	PartialHashAggregateStream[1]	1	16187963	16551608	65993653	8	4	0		PartialHashAggregateStream=33103216;FinalHashAggregateStream=27377189;RepartitionExec=5513248
event	961641	refusal	FinalHashAggregateStream[0]	1	13099454	32894396	89199788	8	4	0	33554432	FinalHashAggregateStream=43099884;PartialHashAggregateStream=33103216;RepartitionExec=12996688
event	984811	release_after_refusal	FinalHashAggregateStream[0]	1	32893716	680	83555016	8	4	0		PartialHashAggregateStream=43776298;FinalHashAggregateStream=24025854;RepartitionExec=15752864
event	988937	refusal	PartialHashAggregateStream[0]	1	8458254	29522898	83162870	8	4	0	33554432	PartialHashAggregateStream=46074506;FinalHashAggregateStream=26848748;RepartitionExec=10239616
event	996646	release_after_refusal	PartialHashAggregateStream[0]	1	15996826	13526072	73580023	8	4	0		FinalHashAggregateStream=37989095;PartialHashAggregateStream=30077680;RepartitionExec=5513248
event	1016703	refusal	FinalHashAggregateStream[1]	1	14337834	33047835	91837887	8	4	0	33554432	FinalHashAggregateStream=65049087;PartialHashAggregateStream=13526752;RepartitionExec=13262048
event	1021409	refusal	FinalHashAggregateStream[0]	1	14325282	32001252	91837887	8	4	0	33554432	FinalHashAggregateStream=65049087;PartialHashAggregateStream=13526752;RepartitionExec=13262048
event	1042190	release_after_refusal	FinalHashAggregateStream[1]	1	33047155	680	58790732	8	4	0		FinalHashAggregateStream=32001932;PartialHashAggregateStream=13526752;RepartitionExec=13262048
event	1044652	release_after_refusal	FinalHashAggregateStream[0]	1	32000572	680	24819968	8	4	0		PartialHashAggregateStream=13526752;RepartitionExec=11291856;FinalHashAggregateStream=1360
event	1071206	refusal	PartialHashAggregateStream[1]	1	14225389	32738381	94334785	8	4	0	33554432	PartialHashAggregateStream=59963733;FinalHashAggregateStream=34371052
event	1081430	refusal	PartialHashAggregateStream[0]	1	14225319	32738876	99848309	8	4	0	33554432	PartialHashAggregateStream=65477257;FinalHashAggregateStream=34371052
event	1083482	release_after_refusal	PartialHashAggregateStream[1]	1	16186773	16551608	83661536	8	4	0		PartialHashAggregateStream=49290484;FinalHashAggregateStream=34371052
event	1091242	release_after_refusal	PartialHashAggregateStream[0]	1	16187268	16551608	76554267	8	4	0		FinalHashAggregateStream=41481755;PartialHashAggregateStream=33103216;RepartitionExec=1969296
event	1101055	refusal	FinalHashAggregateStream[1]	1	14200970	31889750	101164078	8	4	0	33554432	FinalHashAggregateStream=59393662;PartialHashAggregateStream=33103216;RepartitionExec=8667200
event	1109952	refusal	FinalHashAggregateStream[0]	1	14296315	31932763	103622737	8	4	0	33554432	FinalHashAggregateStream=63822513;PartialHashAggregateStream=33103216;RepartitionExec=6697008
event	1124847	release_after_refusal	FinalHashAggregateStream[1]	1	31889070	680	71733667	8	4	0		PartialHashAggregateStream=33103216;FinalHashAggregateStream=31933443;RepartitionExec=6697008
event	1131456	release_after_refusal	FinalHashAggregateStream[0]	1	31932083	680	30555034	8	4	0		PartialHashAggregateStream=16552288;FinalHashAggregateStream=7305962;RepartitionExec=6696784
event	1161008	refusal	PartialHashAggregateStream[0]	1	14225715	32737725	98111431	8	4	0	33554432	PartialHashAggregateStream=65476313;FinalHashAggregateStream=32635118
event	1161632	refusal	PartialHashAggregateStream[1]	1	14225778	32738588	98111431	8	4	0	33554432	PartialHashAggregateStream=65476313;FinalHashAggregateStream=32635118
event	1170905	release_after_refusal	PartialHashAggregateStream[0]	1	16186117	16551608	81925314	8	4	0		PartialHashAggregateStream=49290196;FinalHashAggregateStream=32635118
event	1172541	release_after_refusal	PartialHashAggregateStream[1]	1	16186980	16551608	68494958	8	4	0		PartialHashAggregateStream=33103216;FinalHashAggregateStream=32635118;RepartitionExec=2756624
event	1186941	refusal	FinalHashAggregateStream[1]	1	13106471	31850249	99060602	8	4	0	33554432	FinalHashAggregateStream=58076618;PartialHashAggregateStream=33103216;RepartitionExec=7880768
event	1199730	refusal	FinalHashAggregateStream[0]	1	14243672	32953973	111301454	8	4	0	33554432	FinalHashAggregateStream=64804222;PartialHashAggregateStream=33103216;RepartitionExec=13394016
event	1208659	release_after_refusal	FinalHashAggregateStream[1]	1	31849569	680	79451885	8	4	0		PartialHashAggregateStream=33103216;FinalHashAggregateStream=32954653;RepartitionExec=13394016
event	1222753	release_after_refusal	FinalHashAggregateStream[0]	1	32953293	680	44699014	8	4	0		PartialHashAggregateStream=25178994;FinalHashAggregateStream=14006772;RepartitionExec=5513248
event	1240716	refusal	PartialHashAggregateStream[1]	1	14225614	32739004	88462354	8	4	0	33554432	PartialHashAggregateStream=49402697;FinalHashAggregateStream=39059657
event	1250900	release_after_refusal	PartialHashAggregateStream[1]	1	16187396	16551608	88349664	8	4	0		PartialHashAggregateStream=49290007;FinalHashAggregateStream=39059657
event	1251955	refusal	PartialHashAggregateStream[0]	1	14225841	32738399	88349664	8	4	0	33554432	PartialHashAggregateStream=49290007;FinalHashAggregateStream=39059657
event	1261290	release_after_refusal	PartialHashAggregateStream[0]	1	16186791	16551608	86740805	8	4	0		FinalHashAggregateStream=53637589;PartialHashAggregateStream=33103216
event	1266196	refusal	FinalHashAggregateStream[1]	1	14258393	31811018	95241224	8	4	0	33554432	FinalHashAggregateStream=59381384;PartialHashAggregateStream=33103216;RepartitionExec=2756624
event	1274109	refusal	FinalHashAggregateStream[0]	1	7875354	31994237	107148535	8	4	0	33554432	FinalHashAggregateStream=63805255;PartialHashAggregateStream=33103216;RepartitionExec=10240064
event	1288788	release_after_refusal	FinalHashAggregateStream[1]	1	31810338	680	75338197	8	4	0		PartialHashAggregateStream=33103216;FinalHashAggregateStream=31994917;RepartitionExec=10240064
event	1294787	release_after_refusal	FinalHashAggregateStream[0]	1	31993557	680	42967768	8	4	0		PartialHashAggregateStream=33103216;FinalHashAggregateStream=7107928;RepartitionExec=2756624
event	1318409	refusal	PartialHashAggregateStream[1]	1	8458281	29522736	80876602	8	4	0	33554432	FinalHashAggregateStream=42726976;PartialHashAggregateStream=38149626
event	1326919	release_after_refusal	PartialHashAggregateStream[1]	1	15996664	13526072	83477070	8	4	0		FinalHashAggregateStream=42726976;PartialHashAggregateStream=40750094
event	1331878	refusal	PartialHashAggregateStream[0]	1	8458135	29522716	88490921	8	4	0	33554432	FinalHashAggregateStream=45442133;PartialHashAggregateStream=43048788
event	1340083	release_after_refusal	PartialHashAggregateStream[0]	1	15996644	13526072	88914134	8	4	0		FinalHashAggregateStream=58183750;PartialHashAggregateStream=27052144;RepartitionExec=3678240
event	1341894	refusal	FinalHashAggregateStream[1]	1	14160180	31936047	85185211	8	4	0	33554432	FinalHashAggregateStream=60492667;PartialHashAggregateStream=13526752;RepartitionExec=11165792
event	1349634	refusal	FinalHashAggregateStream[0]	1	13150845	32969991	87890534	8	4	0	33554432	FinalHashAggregateStream=64906038;PartialHashAggregateStream=13526752;RepartitionExec=9457744
event	1366154	release_after_refusal	FinalHashAggregateStream[1]	1	31935367	680	85478427	8	4	0		PartialHashAggregateStream=43050012;FinalHashAggregateStream=32970671;RepartitionExec=9457744
event	1370634	refusal	PartialHashAggregateStream[1]	1	14225472	32739553	88564273	8	4	0	33554432	PartialHashAggregateStream=46265625;FinalHashAggregateStream=38358264;RepartitionExec=3940384
event	1372197	release_after_refusal	FinalHashAggregateStream[0]	1	32969311	680	57428227	8	4	0		PartialHashAggregateStream=46265625;FinalHashAggregateStream=7222218;RepartitionExec=3940384
event	1380338	release_after_refusal	PartialHashAggregateStream[1]	1	16187945	16551608	49471180	8	4	0		PartialHashAggregateStream=30077680;FinalHashAggregateStream=17554380;RepartitionExec=1839120
event	1400697	refusal	FinalHashAggregateStream[1]	1	7851594	31923305	83088748	8	4	0	33554432	FinalHashAggregateStream=58178369;PartialHashAggregateStream=22153755;RepartitionExec=2756624
event	1417569	refusal	PartialHashAggregateStream[1]	1	14225949	32739652	107200717	8	4	0	33554432	FinalHashAggregateStream=58178369;PartialHashAggregateStream=46265724;RepartitionExec=2756624
event	1421439	release_after_refusal	FinalHashAggregateStream[1]	1	31922625	680	75278092	8	4	0		PartialHashAggregateStream=46265724;FinalHashAggregateStream=26255744;RepartitionExec=2756624
event	1427524	release_after_refusal	PartialHashAggregateStream[1]	1	16188044	16551608	51146421	8	4	0		FinalHashAggregateStream=29077109;PartialHashAggregateStream=16552288;RepartitionExec=5517024
event	1435697	refusal	FinalHashAggregateStream[0]	1	13096292	31838690	71103520	8	4	0	33554432	FinalHashAggregateStream=44046144;PartialHashAggregateStream=16552288;RepartitionExec=10505088
event	1456704	refusal	PartialHashAggregateStream[0]	1	14225625	32738381	122236289	8	4	0	33554432	FinalHashAggregateStream=56814545;PartialHashAggregateStream=49403408;RepartitionExec=16018336
event	1456721	release_after_refusal	FinalHashAggregateStream[0]	1	31838010	680	90398279	8	4	0		PartialHashAggregateStream=49403408;FinalHashAggregateStream=24976535;RepartitionExec=16018336
event	1466740	release_after_refusal	PartialHashAggregateStream[0]	1	16186773	16551608	91205996	8	4	0		PartialHashAggregateStream=49290873;FinalHashAggregateStream=37188307;RepartitionExec=4726816
event	1467795	refusal	PartialHashAggregateStream[1]	1	14225796	32739265	93176188	8	4	0	33554432	PartialHashAggregateStream=49290873;FinalHashAggregateStream=37188307;RepartitionExec=6697008
event	1477042	release_after_refusal	PartialHashAggregateStream[1]	1	16187657	16551608	90206451	8	4	0		FinalHashAggregateStream=47649603;PartialHashAggregateStream=33103216;RepartitionExec=9453632
event	1485075	refusal	FinalHashAggregateStream[1]	1	3184586	31253792	113307223	8	4	0	33554432	FinalHashAggregateStream=62480503;PartialHashAggregateStream=33103216;RepartitionExec=17723504
event	1485510	refusal	FinalHashAggregateStream[0]	1	3248408	31226711	113307223	8	4	0	33554432	FinalHashAggregateStream=62480503;PartialHashAggregateStream=33103216;RepartitionExec=17723504
event	1503081	release_after_refusal	FinalHashAggregateStream[1]	1	31253112	680	82054111	8	4	0		PartialHashAggregateStream=33103216;FinalHashAggregateStream=31227391;RepartitionExec=17723504
event	1503421	release_after_refusal	FinalHashAggregateStream[0]	1	31226031	680	48071456	8	4	0		PartialHashAggregateStream=33103216;RepartitionExec=14966880;FinalHashAggregateStream=1360
event	1528231	refusal	PartialHashAggregateStream[0]	1	14225814	32738487	91138539	8	4	0	33554432	FinalHashAggregateStream=53672556;PartialHashAggregateStream=32739167;RepartitionExec=4726816
event	1534616	refusal	FinalHashAggregateStream[1]	1	9015540	30814081	98312505	8	4	0	33554432	FinalHashAggregateStream=56946425;PartialHashAggregateStream=41366080
event	1538323	release_after_refusal	PartialHashAggregateStream[0]	1	16186879	16551608	90162871	8	4	0		FinalHashAggregateStream=56946425;PartialHashAggregateStream=33216446
event	1545594	refusal	FinalHashAggregateStream[0]	1	3248408	31254661	118383391	8	4	0	33554432	FinalHashAggregateStream=62068742;PartialHashAggregateStream=46074585;RepartitionExec=10240064
event	1551128	refusal	PartialHashAggregateStream[1]	1	14225940	32738788	121599202	8	4	0	33554432	FinalHashAggregateStream=62068742;PartialHashAggregateStream=49290396;RepartitionExec=10240064
event	1555331	release_after_refusal	FinalHashAggregateStream[1]	1	30813401	680	90785801	8	4	0		PartialHashAggregateStream=49290396;FinalHashAggregateStream=31255341;RepartitionExec=10240064
event	1561035	release_after_refusal	PartialHashAggregateStream[1]	1	16187180	16551608	74332519	8	4	0		FinalHashAggregateStream=35716055;PartialHashAggregateStream=33103216;RepartitionExec=5513248
event	1565898	release_after_refusal	FinalHashAggregateStream[0]	1	31253981	680	56016920	8	4	0		PartialHashAggregateStream=33103216;FinalHashAggregateStream=12673640;RepartitionExec=10240064
event	1593291	refusal	FinalHashAggregateStream[1]	1	14169580	31865924	89284962	8	4	0	33554432	FinalHashAggregateStream=61599909;PartialHashAggregateStream=24928429;RepartitionExec=2756624
event	1601707	refusal	PartialHashAggregateStream[1]	1	12356427	32739850	107826828	8	4	0	33554432	FinalHashAggregateStream=63702824;PartialHashAggregateStream=41367380;RepartitionExec=2756624
event	1610928	release_after_refusal	PartialHashAggregateStream[1]	1	16189906	16549944	110233725	8	4	0		FinalHashAggregateStream=63702824;PartialHashAggregateStream=43774277;RepartitionExec=2756624
event	1615697	release_after_refusal	FinalHashAggregateStream[1]	1	31865244	680	87822857	8	4	0		PartialHashAggregateStream=49288269;FinalHashAggregateStream=31837580;RepartitionExec=6697008
event	1616242	refusal	FinalHashAggregateStream[0]	1	14138505	31836900	85066233	8	4	0	33554432	PartialHashAggregateStream=49288269;FinalHashAggregateStream=31837580;RepartitionExec=3940384
event	1618528	refusal	PartialHashAggregateStream[0]	1	14226003	32738325	85907056	8	4	0	33554432	PartialHashAggregateStream=49288269;FinalHashAggregateStream=34648595;RepartitionExec=1970192
event	1627868	release_after_refusal	PartialHashAggregateStream[0]	1	16186717	16551608	73886968	8	4	0		FinalHashAggregateStream=38815224;PartialHashAggregateStream=33101552;RepartitionExec=1970192
event	1640332	release_after_refusal	FinalHashAggregateStream[0]	1	31836220	680	53533931	8	4	0		RepartitionExec=18907264;FinalHashAggregateStream=18076043;PartialHashAggregateStream=16550624
event	1663375	refusal	PartialHashAggregateStream[0]	1	8457916	29521953	110039707	8	4	0	33554432	FinalHashAggregateStream=49000930;PartialHashAggregateStream=46071897;RepartitionExec=14966880
event	1670300	refusal	FinalHashAggregateStream[1]	1	3204959	31187225	102568344	8	4	0	33554432	FinalHashAggregateStream=62019215;PartialHashAggregateStream=29522633;RepartitionExec=11026496
event	1671829	release_after_refusal	PartialHashAggregateStream[0]	1	15996521	13525432	91179911	8	4	0		FinalHashAggregateStream=62019215;PartialHashAggregateStream=18134200;RepartitionExec=11026496
event	1676739	refusal	FinalHashAggregateStream[0]	1	14203461	30831990	102448283	8	4	0	33554432	FinalHashAggregateStream=62019215;PartialHashAggregateStream=27433148;RepartitionExec=12995920
event	1691011	release_after_refusal	FinalHashAggregateStream[1]	1	31186545	680	90093539	8	4	0		PartialHashAggregateStream=46264949;FinalHashAggregateStream=30832670;RepartitionExec=12995920
event	1691453	refusal	PartialHashAggregateStream[1]	1	14225643	32739517	87336915	8	4	0	33554432	PartialHashAggregateStream=46264949;FinalHashAggregateStream=30832670;RepartitionExec=10239296
event	1699617	release_after_refusal	FinalHashAggregateStream[0]	1	30831310	680	58493717	8	4	0		PartialHashAggregateStream=46264949;FinalHashAggregateStream=10259344;RepartitionExec=1969424
event	1701247	release_after_refusal	PartialHashAggregateStream[1]	1	16187909	16551608	45984816	8	4	0		PartialHashAggregateStream=30077040;FinalHashAggregateStream=10259344;RepartitionExec=5648432
event	1724848	refusal	FinalHashAggregateStream[1]	1	14261239	30992260	85356095	8	4	0	33554432	FinalHashAggregateStream=59599903;PartialHashAggregateStream=21160448;RepartitionExec=4595744
event	1744203	refusal	PartialHashAggregateStream[0]	1	14225958	32738219	116733945	8	4	0	33554432	FinalHashAggregateStream=62848374;PartialHashAggregateStream=49289827;RepartitionExec=4595744
event	1745113	release_after_refusal	FinalHashAggregateStream[1]	1	30991580	680	85742365	8	4	0		PartialHashAggregateStream=49289827;FinalHashAggregateStream=31856794;RepartitionExec=4595744
event	1754092	release_after_refusal	PartialHashAggregateStream[0]	1	16186611	16551608	61193791	8	4	0		FinalHashAggregateStream=40033370;PartialHashAggregateStream=21160421
event	1758771	refusal	FinalHashAggregateStream[0]	1	9015459	33045017	82406806	8	4	0	33554432	FinalHashAggregateStream=45251649;PartialHashAggregateStream=30459045;RepartitionExec=6696112
event	1774516	refusal	PartialHashAggregateStream[1]	1	14225778	32738118	106785544	8	4	0	33554432	FinalHashAggregateStream=59080874;PartialHashAggregateStream=32738798;RepartitionExec=14965872
event	1780740	release_after_refusal	FinalHashAggregateStream[0]	1	33044337	680	85913488	8	4	0		PartialHashAggregateStream=41365846;FinalHashAggregateStream=32338282;RepartitionExec=12209360
event	1784584	release_after_refusal	PartialHashAggregateStream[1]	1	16186510	16551608	75879734	8	4	0		FinalHashAggregateStream=35180138;PartialHashAggregateStream=33216156;RepartitionExec=7483440
event	1789639	refusal	FinalHashAggregateStream[1]	1	3248327	32337602	101397324	8	4	0	33554432	PartialHashAggregateStream=43776148;FinalHashAggregateStream=42654296;RepartitionExec=14966880
event	1796722	refusal	PartialHashAggregateStream[0]	1	14225688	32738179	109239815	8	4	0	33554432	FinalHashAggregateStream=52466588;PartialHashAggregateStream=49289787;RepartitionExec=7483440
event	1806564	release_after_refusal	PartialHashAggregateStream[0]	1	16186571	16551608	93740766	8	4	0		FinalHashAggregateStream=58667358;PartialHashAggregateStream=33103216;RepartitionExec=1970192
event	1811311	release_after_refusal	FinalHashAggregateStream[1]	1	32336922	680	70482933	8	4	0		PartialHashAggregateStream=33103216;FinalHashAggregateStream=28712517;RepartitionExec=8667200
event	1819577	refusal	FinalHashAggregateStream[0]	1	14369324	31981236	85987792	8	4	0	33554432	FinalHashAggregateStream=40674320;PartialHashAggregateStream=33103216;RepartitionExec=12210256
event	1842405	release_after_refusal	FinalHashAggregateStream[0]	1	31980556	680	70653273	8	4	0		FinalHashAggregateStream=29695796;PartialHashAggregateStream=29534549;RepartitionExec=11422928
event	1851035	refusal	PartialHashAggregateStream[0]	1	14226039	32738728	90794286	8	4	0	33554432	PartialHashAggregateStream=49402657;FinalHashAggregateStream=36665709;RepartitionExec=4725920
event	1860737	release_after_refusal	PartialHashAggregateStream[0]	1	16187120	16551608	95936790	8	4	0		PartialHashAggregateStream=49289478;FinalHashAggregateStream=46647312
event	1862202	refusal	PartialHashAggregateStream[1]	1	14225850	32737870	98693414	8	4	0	33554432	PartialHashAggregateStream=49289478;FinalHashAggregateStream=46647312;RepartitionExec=2756624
event	1870416	refusal	FinalHashAggregateStream[1]	1	14258438	32943488	106039958	8	4	0	33554432	FinalHashAggregateStream=56750480;PartialHashAggregateStream=49289478
event	1872044	release_after_refusal	PartialHashAggregateStream[1]	1	16186262	16551608	96117035	8	4	0		FinalHashAggregateStream=63013819;PartialHashAggregateStream=33103216
event	1880638	refusal	FinalHashAggregateStream[0]	1	8997318	33346810	108847146	8	4	0	33554432	FinalHashAggregateStream=66290298;PartialHashAggregateStream=33103216;RepartitionExec=9453632
event	1894757	release_after_refusal	FinalHashAggregateStream[1]	1	32942808	680	75904338	8	4	0		FinalHashAggregateStream=33347490;PartialHashAggregateStream=33103216;RepartitionExec=9453632
event	1902089	release_after_refusal	FinalHashAggregateStream[0]	1	33346130	680	44484475	8	4	0		PartialHashAggregateStream=33103216;FinalHashAggregateStream=8624635;RepartitionExec=2756624
event	1942167	refusal	PartialHashAggregateStream[1]	1	14226246	32739765	117843537	8	4	0	33554432	PartialHashAggregateStream=59965047;FinalHashAggregateStream=51181818;RepartitionExec=6696672
event	1948994	refusal	PartialHashAggregateStream[0]	1	14225589	32739445	123357700	8	4	0	33554432	PartialHashAggregateStream=65479210;FinalHashAggregateStream=51181818;RepartitionExec=6696672
event	1952161	release_after_refusal	PartialHashAggregateStream[1]	1	16188157	16551608	107169543	8	4	0		FinalHashAggregateStream=51181818;PartialHashAggregateStream=49291053;RepartitionExec=6696672
event	1958868	release_after_refusal	PartialHashAggregateStream[0]	1	16187837	16551608	105878752	8	4	0		FinalHashAggregateStream=59779184;PartialHashAggregateStream=33103216;RepartitionExec=12996352
event	1961777	refusal	FinalHashAggregateStream[0]	1	3229076	31247951	111046739	8	4	0	33554432	FinalHashAggregateStream=62976643;PartialHashAggregateStream=33103216;RepartitionExec=14966880
event	1967787	refusal	FinalHashAggregateStream[1]	1	14250650	32906063	110253918	8	4	0	33554432	FinalHashAggregateStream=64154014;PartialHashAggregateStream=33103216;RepartitionExec=12996688
event	1990486	release_after_refusal	FinalHashAggregateStream[0]	1	31247271	680	79006647	8	4	0		PartialHashAggregateStream=33103216;FinalHashAggregateStream=32906743;RepartitionExec=12996688
event	1991013	release_after_refusal	FinalHashAggregateStream[1]	1	32905383	680	45314832	8	4	0		PartialHashAggregateStream=33103216;RepartitionExec=12210256;FinalHashAggregateStream=1360
event	2041734	refusal	PartialHashAggregateStream[1]	1	14225886	32738921	119058505	8	4	0	33554432	FinalHashAggregateStream=59424051;PartialHashAggregateStream=57664262;RepartitionExec=1970192
event	2049118	refusal	PartialHashAggregateStream[0]	1	8458051	29521820	123654984	8	4	0	33554432	PartialHashAggregateStream=62260741;FinalHashAggregateStream=59424051;RepartitionExec=1970192
event	2052651	release_after_refusal	PartialHashAggregateStream[1]	1	16187313	16551608	107467671	8	4	0		FinalHashAggregateStream=59424051;PartialHashAggregateStream=46073428;RepartitionExec=1970192
event	2057450	release_after_refusal	PartialHashAggregateStream[0]	1	15996388	13525432	94719538	8	4	0		FinalHashAggregateStream=62672306;PartialHashAggregateStream=30077040;RepartitionExec=1970192
event	2062836	refusal	FinalHashAggregateStream[0]	1	14289509	31850447	105225858	8	4	0	33554432	FinalHashAggregateStream=62672306;PartialHashAggregateStream=30077040;RepartitionExec=12476512
event	2062913	refusal	FinalHashAggregateStream[1]	1	9015666	30821859	105225858	8	4	0	33554432	FinalHashAggregateStream=62672306;PartialHashAggregateStream=30077040;RepartitionExec=12476512
event	2086694	release_after_refusal	FinalHashAggregateStream[1]	1	30821179	680	74404679	8	4	0		FinalHashAggregateStream=31851127;PartialHashAggregateStream=30077040;RepartitionExec=12476512
event	2087921	release_after_refusal	FinalHashAggregateStream[0]	1	31849767	680	40584720	8	4	0		PartialHashAggregateStream=30077040;RepartitionExec=10506320;FinalHashAggregateStream=1360
event	2124848	refusal	PartialHashAggregateStream[1]	1	14225832	32738905	107257592	8	4	0	33554432	FinalHashAggregateStream=60611065;PartialHashAggregateStream=46646527
event	2134637	release_after_refusal	PartialHashAggregateStream[1]	1	16187297	16551608	106686123	8	4	0		FinalHashAggregateStream=60611065;PartialHashAggregateStream=46075058
event	2138754	refusal	PartialHashAggregateStream[0]	1	14225895	32739495	115415416	8	4	0	33554432	FinalHashAggregateStream=60611065;PartialHashAggregateStream=49291103;RepartitionExec=5513248
event	2142303	refusal	FinalHashAggregateStream[1]	1	14239225	32012866	115901146	8	4	0	33554432	FinalHashAggregateStream=63853419;PartialHashAggregateStream=49291103;RepartitionExec=2756624
event	2144500	refusal	FinalHashAggregateStream[0]	1	13096955	31840553	115901146	8	4	0	33554432	FinalHashAggregateStream=63853419;PartialHashAggregateStream=49291103;RepartitionExec=2756624
event	2149089	release_after_refusal	PartialHashAggregateStream[0]	1	16187887	16551608	99713259	8	4	0		FinalHashAggregateStream=63853419;PartialHashAggregateStream=33103216;RepartitionExec=2756624
event	2167345	release_after_refusal	FinalHashAggregateStream[1]	1	32012186	680	73610753	8	4	0		PartialHashAggregateStream=33103216;FinalHashAggregateStream=31841233;RepartitionExec=8666304
event	2175921	release_after_refusal	FinalHashAggregateStream[0]	1	31839873	680	50060006	8	4	0		PartialHashAggregateStream=33103216;FinalHashAggregateStream=11046214;RepartitionExec=5910576
event	2201733	refusal	FinalHashAggregateStream[1]	1	2269023	33319103	94396254	8	4	0	33554432	FinalHashAggregateStream=61985186;PartialHashAggregateStream=24927628;RepartitionExec=7483440
event	2212631	refusal	PartialHashAggregateStream[0]	1	14225724	32738892	112113471	8	4	0	33554432	FinalHashAggregateStream=65233882;PartialHashAggregateStream=41366341;RepartitionExec=5513248
event	2223331	release_after_refusal	PartialHashAggregateStream[0]	1	16187284	16551608	116822084	8	4	0		FinalHashAggregateStream=65233882;PartialHashAggregateStream=46074954;RepartitionExec=5513248
event	2223402	release_after_refusal	FinalHashAggregateStream[1]	1	33318423	680	83503661	8	4	0		PartialHashAggregateStream=46074954;FinalHashAggregateStream=31915459;RepartitionExec=5513248
event	2228964	refusal	PartialHashAggregateStream[1]	1	14225967	32738824	89320197	8	4	0	33554432	PartialHashAggregateStream=49290432;FinalHashAggregateStream=37273141;RepartitionExec=2756624
event	2229016	refusal	FinalHashAggregateStream[0]	1	14258762	31914779	89320197	8	4	0	33554432	PartialHashAggregateStream=49290432;FinalHashAggregateStream=37273141;RepartitionExec=2756624
event	2238910	release_after_refusal	PartialHashAggregateStream[1]	1	16187216	16551608	74977237	8	4	0		FinalHashAggregateStream=39117397;PartialHashAggregateStream=33103216;RepartitionExec=2756624
event	2253404	release_after_refusal	FinalHashAggregateStream[0]	1	31914099	680	59727371	8	4	0		FinalHashAggregateStream=25172745;PartialHashAggregateStream=21160610;RepartitionExec=13394016
event	2273012	refusal	PartialHashAggregateStream[1]	1	14225904	32739103	105017462	8	4	0	33554432	FinalHashAggregateStream=50213503;PartialHashAggregateStream=49290711;RepartitionExec=5513248
event	2286750	release_after_refusal	PartialHashAggregateStream[1]	1	16187495	16551608	98763671	8	4	0		FinalHashAggregateStream=63690263;PartialHashAggregateStream=33103216;RepartitionExec=1970192
event	2288324	refusal	FinalHashAggregateStream[1]	1	14278467	30775542	102704055	8	4	0	33554432	FinalHashAggregateStream=63690263;PartialHashAggregateStream=33103216;RepartitionExec=5910576
event	2291571	refusal	FinalHashAggregateStream[0]	1	14258600	32914721	102704055	8	4	0	33554432	FinalHashAggregateStream=63690263;PartialHashAggregateStream=33103216;RepartitionExec=5910576
event	2309147	release_after_refusal	FinalHashAggregateStream[1]	1	30774862	680	71929193	8	4	0		PartialHashAggregateStream=33103216;FinalHashAggregateStream=32915401;RepartitionExec=5910576
event	2315471	release_after_refusal	FinalHashAggregateStream[0]	1	32914041	680	39715570	8	4	0		PartialHashAggregateStream=33103216;FinalHashAggregateStream=4642162;RepartitionExec=1970192
event	2350583	refusal	PartialHashAggregateStream[1]	1	14225571	32739013	91865866	8	4	0	33554432	PartialHashAggregateStream=49290621;FinalHashAggregateStream=42575245
event	2359901	release_after_refusal	PartialHashAggregateStream[1]	1	16187405	16551608	75678461	8	4	0		FinalHashAggregateStream=42575245;PartialHashAggregateStream=33103216
event	2369150	refusal	FinalHashAggregateStream[1]	1	14258339	30682595	85557767	8	4	0	33554432	FinalHashAggregateStream=56913905;PartialHashAggregateStream=21160646;RepartitionExec=7483216
event	2389852	release_after_refusal	FinalHashAggregateStream[1]	1	30681915	680	82613596	8	4	0		PartialHashAggregateStream=49290351;FinalHashAggregateStream=28596653;RepartitionExec=4726592
event	2391441	refusal	PartialHashAggregateStream[0]	1	14225868	32738743	79857196	8	4	0	33554432	PartialHashAggregateStream=49290351;FinalHashAggregateStream=28596653;RepartitionExec=1970192
event	2400949	release_after_refusal	PartialHashAggregateStream[0]	1	16187135	16551608	61955868	8	4	0		FinalHashAggregateStream=38825102;PartialHashAggregateStream=21160574;RepartitionExec=1970192
event	2405604	refusal	FinalHashAggregateStream[0]	1	14254967	31844543	74011665	8	4	0	33554432	FinalHashAggregateStream=38825102;PartialHashAggregateStream=30459747;RepartitionExec=4726816
event	2419664	refusal	PartialHashAggregateStream[1]	1	14225769	32739472	92842998	8	4	0	33554432	PartialHashAggregateStream=49291080;FinalHashAggregateStream=38825102;RepartitionExec=4726816
event	2427791	release_after_refusal	FinalHashAggregateStream[0]	1	31843863	680	60999135	8	4	0		PartialHashAggregateStream=49291080;FinalHashAggregateStream=6981239;RepartitionExec=4726816
event	2428886	release_after_refusal	PartialHashAggregateStream[1]	1	16187864	16551608	46781463	8	4	0		PartialHashAggregateStream=33103216;FinalHashAggregateStream=6981239;RepartitionExec=6697008
event	2454001	refusal	FinalHashAggregateStream[1]	1	3219608	32363525	99025937	8	4	0	33554432	FinalHashAggregateStream=57540127;PartialHashAggregateStream=33215938;RepartitionExec=8269872
event	2466492	refusal	PartialHashAggregateStream[0]	1	14225638	32738307	111086297	8	4	0	33554432	FinalHashAggregateStream=64285698;PartialHashAggregateStream=37346967;RepartitionExec=9453632
event	2466773	refusal	FinalHashAggregateStream[0]	1	14317372	31922173	111086297	8	4	0	33554432	FinalHashAggregateStream=64285698;PartialHashAggregateStream=37346967;RepartitionExec=9453632
event	2474995	release_after_refusal	FinalHashAggregateStream[1]	1	32362845	680	90778854	8	4	0		PartialHashAggregateStream=49402369;FinalHashAggregateStream=31922853;RepartitionExec=9453632
event	2477895	release_after_refusal	PartialHashAggregateStream[0]	1	16187339	16550968	80154864	8	4	0		PartialHashAggregateStream=41477293;FinalHashAggregateStream=34737187;RepartitionExec=3940384
event	2487042	refusal	PartialHashAggregateStream[1]	1	14225697	32738507	102747560	8	4	0	33554432	PartialHashAggregateStream=49289475;FinalHashAggregateStream=45975541;RepartitionExec=7482544
event	2489935	release_after_refusal	FinalHashAggregateStream[0]	1	31921493	680	75552883	8	4	0		PartialHashAggregateStream=49289475;FinalHashAggregateStream=14054048;RepartitionExec=12209360
event	2496820	release_after_refusal	PartialHashAggregateStream[1]	1	16186899	16551608	76848088	8	4	0		FinalHashAggregateStream=33505448;PartialHashAggregateStream=33102576;RepartitionExec=10240064
event	2511423	refusal	FinalHashAggregateStream[1]	1	14281572	33034626	97781840	8	4	0	33554432	FinalHashAggregateStream=57082353;PartialHashAggregateStream=30459423;RepartitionExec=10240064
event	2523674	refusal	PartialHashAggregateStream[0]	1	8458497	29522696	114878065	8	4	0	33554432	FinalHashAggregateStream=64993271;PartialHashAggregateStream=34131482;RepartitionExec=15753312
event	2524619	refusal	FinalHashAggregateStream[0]	1	14346911	31958645	114878065	8	4	0	33554432	FinalHashAggregateStream=64993271;PartialHashAggregateStream=34131482;RepartitionExec=15753312
event	2531849	release_after_refusal	PartialHashAggregateStream[0]	1	15996624	13526072	110937565	8	4	0		FinalHashAggregateStream=64993271;PartialHashAggregateStream=30190982;RepartitionExec=15753312
event	2535996	release_after_refusal	FinalHashAggregateStream[1]	1	33033946	680	92273879	8	4	0		PartialHashAggregateStream=40751930;FinalHashAggregateStream=31959325;RepartitionExec=19562624
event	2543795	refusal	PartialHashAggregateStream[1]	1	14225886	32739328	93968299	8	4	0	33554432	PartialHashAggregateStream=46265400;FinalHashAggregateStream=39166771;RepartitionExec=8536128
event	2545890	release_after_refusal	FinalHashAggregateStream[0]	1	31957965	680	62322334	8	4	0		PartialHashAggregateStream=46265400;FinalHashAggregateStream=10277430;RepartitionExec=5779504
event	2553701	release_after_refusal	PartialHashAggregateStream[1]	1	16187720	16551608	60276844	8	4	0		PartialHashAggregateStream=30077680;FinalHashAggregateStream=22842684;RepartitionExec=7356480
event	2571692	refusal	FinalHashAggregateStream[1]	1	14303391	33045219	91931843	8	4	0	33554432	FinalHashAggregateStream=59478889;PartialHashAggregateStream=21160538;RepartitionExec=11292416
event	2584723	refusal	FinalHashAggregateStream[0]	1	14222832	32067075	104101525	8	4	0	33554432	FinalHashAggregateStream=65112294;PartialHashAggregateStream=29535599;RepartitionExec=9453632
event	2594437	refusal	PartialHashAggregateStream[0]	1	14225841	32739067	132230805	8	4	0	33554432	FinalHashAggregateStream=65112294;PartialHashAggregateStream=57664879;RepartitionExec=9453632
event	2595260	release_after_refusal	FinalHashAggregateStream[1]	1	33044539	680	99186266	8	4	0		PartialHashAggregateStream=57664879;FinalHashAggregateStream=32067755;RepartitionExec=9453632
event	2604180	refusal	PartialHashAggregateStream[1]	1	14224964	32738363	108945394	8	4	0	33554432	PartialHashAggregateStream=65477430;FinalHashAggregateStream=40711340;RepartitionExec=2756624
event	2604821	release_after_refusal	PartialHashAggregateStream[0]	1	16187459	16551608	92757935	8	4	0		PartialHashAggregateStream=49289971;FinalHashAggregateStream=40711340;RepartitionExec=2756624
event	2606607	release_after_refusal	FinalHashAggregateStream[0]	1	32066395	680	68782228	8	4	0		PartialHashAggregateStream=49289971;FinalHashAggregateStream=12795249;RepartitionExec=6697008
event	2614219	release_after_refusal	PartialHashAggregateStream[1]	1	16186755	16551608	71125751	8	4	0		PartialHashAggregateStream=33103216;FinalHashAggregateStream=28568903;RepartitionExec=9453632
event	2628379	refusal	FinalHashAggregateStream[1]	1	14258672	30688253	88623266	8	4	0	33554432	FinalHashAggregateStream=56879510;PartialHashAggregateStream=25046748;RepartitionExec=6697008
event	2640407	refusal	FinalHashAggregateStream[0]	1	13099265	32930057	109290077	8	4	0	33554432	FinalHashAggregateStream=63618310;PartialHashAggregateStream=29521463;RepartitionExec=16150304
event	2642048	refusal	PartialHashAggregateStream[0]	1	8458033	29520783	109290077	8	4	0	33554432	FinalHashAggregateStream=63618310;PartialHashAggregateStream=29521463;RepartitionExec=16150304
event	2649663	release_after_refusal	FinalHashAggregateStream[1]	1	30687573	680	78602504	8	4	0		FinalHashAggregateStream=32930737;PartialHashAggregateStream=29521463;RepartitionExec=16150304
event	2650189	release_after_refusal	PartialHashAggregateStream[0]	1	15995351	13525432	60636961	8	4	0		FinalHashAggregateStream=32930737;RepartitionExec=14180112;PartialHashAggregateStream=13526112
event	2662036	release_after_refusal	FinalHashAggregateStream[0]	1	32929377	680	36840042	8	4	0		FinalHashAggregateStream=13991706;PartialHashAggregateStream=13526112;RepartitionExec=9322224
event	2684266	refusal	FinalHashAggregateStream[1]	1	13122830	32990936	99582228	8	4	0	33554432	FinalHashAggregateStream=58215163;PartialHashAggregateStream=41367065
event	2686565	refusal	PartialHashAggregateStream[1]	1	14226003	32739517	104862387	8	4	0	33554432	FinalHashAggregateStream=58215163;PartialHashAggregateStream=46647224
event	2696383	release_after_refusal	PartialHashAggregateStream[1]	1	16187909	16551608	104289512	8	4	0		FinalHashAggregateStream=58215163;PartialHashAggregateStream=46074349
event	2700982	refusal	PartialHashAggregateStream[0]	1	14226021	32738615	112553980	8	4	0	33554432	FinalHashAggregateStream=60507133;PartialHashAggregateStream=49290223;RepartitionExec=2756624
event	2706573	release_after_refusal	FinalHashAggregateStream[1]	1	32990256	680	85464473	8	4	0		PartialHashAggregateStream=49290223;FinalHashAggregateStream=28690810;RepartitionExec=7483440
event	2709109	refusal	FinalHashAggregateStream[0]	1	6384931	31929382	84035696	8	4	0	33554432	PartialHashAggregateStream=49290223;FinalHashAggregateStream=34745473
event	2710867	release_after_refusal	PartialHashAggregateStream[0]	1	16187007	16551608	67848689	8	4	0		FinalHashAggregateStream=34745473;PartialHashAggregateStream=33103216
event	2729344	release_after_refusal	FinalHashAggregateStream[0]	1	31928702	680	55681935	8	4	0		FinalHashAggregateStream=24949311;PartialHashAggregateStream=16552288;RepartitionExec=14180336
event	2747920	refusal	FinalHashAggregateStream[1]	1	9015828	33329565	96826346	8	4	0	33554432	FinalHashAggregateStream=50292202;PartialHashAggregateStream=43777520;RepartitionExec=2756624
event	2757369	refusal	PartialHashAggregateStream[0]	1	14225895	32739832	106379410	8	4	0	33554432	FinalHashAggregateStream=57087970;PartialHashAggregateStream=49291440
event	2766752	release_after_refusal	PartialHashAggregateStream[0]	1	16188224	16551608	90191186	8	4	0		FinalHashAggregateStream=57087970;PartialHashAggregateStream=33103216
event	2770639	release_after_refusal	FinalHashAggregateStream[1]	1	33328885	680	61588221	8	4	0		PartialHashAggregateStream=33103216;FinalHashAggregateStream=23759085;RepartitionExec=4725920
event	2777180	refusal	FinalHashAggregateStream[0]	1	2105615	32328241	72639358	8	4	0	33554432	FinalHashAggregateStream=39536142;PartialHashAggregateStream=33103216
event	2796467	release_after_refusal	FinalHashAggregateStream[0]	1	32327561	680	54368400	8	4	0		PartialHashAggregateStream=41478043;FinalHashAggregateStream=12890357
event	2806278	refusal	PartialHashAggregateStream[1]	1	14225787	32738671	78189624	8	4	0	33554432	PartialHashAggregateStream=49290279;FinalHashAggregateStream=28899345
event	2816075	release_after_refusal	PartialHashAggregateStream[1]	1	16187063	16551608	63057906	8	4	0		FinalHashAggregateStream=39140573;PartialHashAggregateStream=21160709;RepartitionExec=2756624
event	2828979	refusal	FinalHashAggregateStream[1]	1	8992344	30765141	105036375	8	4	0	33554432	FinalHashAggregateStream=44719741;PartialHashAggregateStream=43776890;RepartitionExec=16539744
event	2834578	refusal	PartialHashAggregateStream[0]	1	14225805	32739245	110550338	8	4	0	33554432	PartialHashAggregateStream=49290853;FinalHashAggregateStream=44719741;RepartitionExec=16539744
event	2844095	release_after_refusal	PartialHashAggregateStream[0]	1	16187637	16551608	94362701	8	4	0		FinalHashAggregateStream=44719741;PartialHashAggregateStream=33103216;RepartitionExec=16539744
event	2850167	release_after_refusal	FinalHashAggregateStream[1]	1	30764461	680	62864604	8	4	0		PartialHashAggregateStream=33103216;FinalHashAggregateStream=16764700;RepartitionExec=12996688
event	2869599	refusal	FinalHashAggregateStream[0]	1	14258240	32946374	87951172	8	4	0	33554432	FinalHashAggregateStream=50007948;PartialHashAggregateStream=33216408;RepartitionExec=4726816
event	2883534	refusal	PartialHashAggregateStream[1]	1	14226039	32739335	111622524	8	4	0	33554432	FinalHashAggregateStream=64345002;PartialHashAggregateStream=41366946;RepartitionExec=5910576
event	2893274	release_after_refusal	PartialHashAggregateStream[1]	1	16187727	16551608	114032369	8	4	0		FinalHashAggregateStream=64345002;PartialHashAggregateStream=43776791;RepartitionExec=5910576
event	2895464	release_after_refusal	FinalHashAggregateStream[0]	1	32945694	680	88111861	8	4	0		PartialHashAggregateStream=46075161;FinalHashAggregateStream=31399308;RepartitionExec=10637392
event	2898031	refusal	FinalHashAggregateStream[1]	1	3248687	31398628	86141669	8	4	0	33554432	PartialHashAggregateStream=46075161;FinalHashAggregateStream=31399308;RepartitionExec=8667200
event	2901460	refusal	PartialHashAggregateStream[0]	1	14225364	32739535	92028693	8	4	0	33554432	PartialHashAggregateStream=49291143;FinalHashAggregateStream=36040542;RepartitionExec=6697008
event	2911162	release_after_refusal	PartialHashAggregateStream[0]	1	16187927	16551608	81175891	8	4	0		FinalHashAggregateStream=48072675;PartialHashAggregateStream=33103216
event	2918721	release_after_refusal	FinalHashAggregateStream[1]	1	31397948	680	65137724	8	4	0		PartialHashAggregateStream=33103216;FinalHashAggregateStream=27308588;RepartitionExec=4725920
event	2951563	refusal	PartialHashAggregateStream[0]	1	14225749	32739011	122032160	8	4	0	33554432	FinalHashAggregateStream=63729519;PartialHashAggregateStream=41366577;RepartitionExec=16936064
event	2961782	release_after_refusal	PartialHashAggregateStream[0]	1	16187403	16551608	124442300	8	4	0		FinalHashAggregateStream=63729519;PartialHashAggregateStream=43776717;RepartitionExec=16936064
event	2965965	refusal	FinalHashAggregateStream[0]	1	13106588	32895272	130743377	8	4	0	33554432	FinalHashAggregateStream=63729519;PartialHashAggregateStream=49290466;RepartitionExec=17723392
event	2968352	refusal	PartialHashAggregateStream[1]	1	14225922	32738858	130297407	8	4	0	33554432	FinalHashAggregateStream=66040173;PartialHashAggregateStream=49290466;RepartitionExec=14966768
event	2971630	refusal	FinalHashAggregateStream[1]	1	13248379	33144901	130297407	8	4	0	33554432	FinalHashAggregateStream=66040173;PartialHashAggregateStream=49290466;RepartitionExec=14966768
event	2978710	release_after_refusal	PartialHashAggregateStream[1]	1	16187250	16551608	114110157	8	4	0		FinalHashAggregateStream=66040173;PartialHashAggregateStream=33103216;RepartitionExec=14966768
event	2993012	release_after_refusal	FinalHashAggregateStream[0]	1	32894592	680	85942381	8	4	0		FinalHashAggregateStream=33145581;PartialHashAggregateStream=33103216;RepartitionExec=19693584
event	2997114	release_after_refusal	FinalHashAggregateStream[1]	1	33144221	680	49913929	8	4	0		PartialHashAggregateStream=33103216;RepartitionExec=11423712;FinalHashAggregateStream=5387001
event	3032546	refusal	FinalHashAggregateStream[0]	1	9015639	30756805	102552286	8	4	0	33554432	FinalHashAggregateStream=61475274;PartialHashAggregateStream=24927268;RepartitionExec=16149744
event	3036672	refusal	FinalHashAggregateStream[1]	1	9015702	30718469	113477178	8	4	0	33554432	FinalHashAggregateStream=61475274;PartialHashAggregateStream=35852160;RepartitionExec=16149744
event	3044558	refusal	PartialHashAggregateStream[1]	1	14225796	32738950	127028874	8	4	0	33554432	FinalHashAggregateStream=61475274;PartialHashAggregateStream=49403856;RepartitionExec=16149744
event	3053692	release_after_refusal	PartialHashAggregateStream[1]	1	16187342	16551608	126916139	8	4	0		FinalHashAggregateStream=61475274;PartialHashAggregateStream=49291121;RepartitionExec=16149744
event	3055533	refusal	PartialHashAggregateStream[0]	1	14225724	32739513	136368875	8	4	0	33554432	FinalHashAggregateStream=61475274;PartialHashAggregateStream=49291121;RepartitionExec=25602480
event	3055647	release_after_refusal	FinalHashAggregateStream[0]	1	30756125	680	105612750	8	4	0		PartialHashAggregateStream=49291121;FinalHashAggregateStream=30719149;RepartitionExec=25602480
event	3058347	release_after_refusal	FinalHashAggregateStream[1]	1	30717789	680	72924769	8	4	0		PartialHashAggregateStream=49291121;RepartitionExec=23632288;FinalHashAggregateStream=1360
event	3066272	release_after_refusal	PartialHashAggregateStream[0]	1	16187905	16551608	68501104	8	4	0		PartialHashAggregateStream=33103216;FinalHashAggregateStream=18462608;RepartitionExec=16935280
event	3091523	refusal	FinalHashAggregateStream[0]	1	14165962	31950925	111359963	8	4	0	33554432	FinalHashAggregateStream=64888161;PartialHashAggregateStream=29535626;RepartitionExec=16936176
event	3095283	refusal	FinalHashAggregateStream[1]	1	14258942	32937236	117676942	8	4	0	33554432	FinalHashAggregateStream=64888161;PartialHashAggregateStream=35852605;RepartitionExec=16936176
event	3103010	refusal	PartialHashAggregateStream[1]	1	14225958	32738752	139490163	8	4	0	33554432	FinalHashAggregateStream=64888161;PartialHashAggregateStream=57665826;RepartitionExec=16936176
event	3112718	refusal	PartialHashAggregateStream[0]	1	14225877	32739526	147302615	8	4	0	33554432	PartialHashAggregateStream=65478278;FinalHashAggregateStream=64888161;RepartitionExec=16936176
event	3113107	release_after_refusal	PartialHashAggregateStream[1]	1	16187144	16551608	131115471	8	4	0		FinalHashAggregateStream=64888161;PartialHashAggregateStream=49291134;RepartitionExec=16936176
event	3116376	release_after_refusal	FinalHashAggregateStream[0]	1	31950245	680	111375482	8	4	0		PartialHashAggregateStream=49291134;FinalHashAggregateStream=32937916;RepartitionExec=29146432
event	3120340	release_after_refusal	FinalHashAggregateStream[1]	1	32936556	680	76555240	8	4	0		PartialHashAggregateStream=49291134;RepartitionExec=24420512;FinalHashAggregateStream=2843594
event	3123600	release_after_refusal	PartialHashAggregateStream[0]	1	16187918	16551608	66375523	8	4	0		PartialHashAggregateStream=33103216;RepartitionExec=27963568;FinalHashAggregateStream=5308739
event	3148123	refusal	FinalHashAggregateStream[0]	1	7856484	32066351	97053247	8	4	0	33554432	FinalHashAggregateStream=61723391;RepartitionExec=30720192;PartialHashAggregateStream=4609664
event	3156334	refusal	FinalHashAggregateStream[1]	1	14232032	32905763	114995619	8	4	0	33554432	FinalHashAggregateStream=64972114;RepartitionExec=28750000;PartialHashAggregateStream=21273505
event	3168375	refusal	PartialHashAggregateStream[1]	1	14225787	32738435	153685669	8	4	0	33554432	FinalHashAggregateStream=64972114;PartialHashAggregateStream=59963555;RepartitionExec=28750000
event	3169879	release_after_refusal	FinalHashAggregateStream[0]	1	32065671	680	121619998	8	4	0		PartialHashAggregateStream=59963555;FinalHashAggregateStream=32906443;RepartitionExec=28750000
event	3176364	refusal	PartialHashAggregateStream[0]	1	14225868	32738923	123307003	8	4	0	33554432	PartialHashAggregateStream=65477358;FinalHashAggregateStream=40106141;RepartitionExec=17723504
event	3178779	release_after_refusal	PartialHashAggregateStream[1]	1	16186827	16551608	107432557	8	4	0		PartialHashAggregateStream=49290531;FinalHashAggregateStream=43175146;RepartitionExec=14966880
event	3179664	release_after_refusal	FinalHashAggregateStream[1]	1	32905083	680	76497666	8	4	0		PartialHashAggregateStream=49290531;RepartitionExec=16937072;FinalHashAggregateStream=10270063
event	3186270	release_after_refusal	PartialHashAggregateStream[0]	1	16187315	16551608	78864133	8	4	0		PartialHashAggregateStream=33103216;FinalHashAggregateStream=26854549;RepartitionExec=18906368
event	3201626	refusal	FinalHashAggregateStream[0]	1	9015765	30758218	93858620	8	4	0	33554432	FinalHashAggregateStream=54460476;RepartitionExec=22845856;PartialHashAggregateStream=16552288
event	3209040	refusal	FinalHashAggregateStream[1]	1	2085218	32260890	117110932	8	4	0	33554432	FinalHashAggregateStream=63019108;PartialHashAggregateStream=30458640;RepartitionExec=23633184
event	3221982	release_after_refusal	FinalHashAggregateStream[0]	1	30757538	680	105184419	8	4	0		PartialHashAggregateStream=49289665;FinalHashAggregateStream=32261570;RepartitionExec=23633184
event	3222470	refusal	PartialHashAggregateStream[1]	1	14225823	32738057	103215123	8	4	0	33554432	PartialHashAggregateStream=49289665;FinalHashAggregateStream=32261570;RepartitionExec=21663888
event	3227723	release_after_refusal	FinalHashAggregateStream[1]	1	32260210	680	70769604	8	4	0		PartialHashAggregateStream=49289665;RepartitionExec=16150640;FinalHashAggregateStream=5329299
event	3232158	release_after_refusal	PartialHashAggregateStream[1]	1	16186449	16551608	45606697	8	4	0		PartialHashAggregateStream=16552288;FinalHashAggregateStream=15660393;RepartitionExec=13394016
event	3251525	refusal	PartialHashAggregateStream[0]	1	8458159	29521854	93844723	8	4	0	33554432	FinalHashAggregateStream=53685693;PartialHashAggregateStream=29522534;RepartitionExec=10636496
event	3257017	refusal	FinalHashAggregateStream[0]	1	14436475	32058661	109029190	8	4	0	33554432	FinalHashAggregateStream=56933930;PartialHashAggregateStream=43428956;RepartitionExec=8666304
event	3259874	release_after_refusal	PartialHashAggregateStream[0]	1	15996422	13525432	95789764	8	4	0		FinalHashAggregateStream=56933930;PartialHashAggregateStream=30189530;RepartitionExec=8666304
event	3270780	refusal	FinalHashAggregateStream[1]	1	3230426	32231911	122271027	8	4	0	33554432	FinalHashAggregateStream=64290572;PartialHashAggregateStream=41696423;RepartitionExec=16284032
event	3275773	refusal	PartialHashAggregateStream[1]	1	14225958	31386739	125486775	8	4	0	33554432	FinalHashAggregateStream=64290572;PartialHashAggregateStream=44912171;RepartitionExec=16284032
event	3280555	release_after_refusal	FinalHashAggregateStream[0]	1	32057981	680	93428794	8	4	0		PartialHashAggregateStream=44912171;FinalHashAggregateStream=32232591;RepartitionExec=16284032
event	3285999	release_after_refusal	PartialHashAggregateStream[1]	1	14836283	16550456	79294059	8	4	0		FinalHashAggregateStream=36873627;PartialHashAggregateStream=30075888;RepartitionExec=12344544
event	3292539	release_after_refusal	FinalHashAggregateStream[1]	1	32231231	680	58423847	8	4	0		PartialHashAggregateStream=30075888;RepartitionExec=14314736;FinalHashAggregateStream=14033223
event	3311765	refusal	FinalHashAggregateStream[0]	1	13102445	31905389	87269791	8	4	0	33554432	FinalHashAggregateStream=54842129;PartialHashAggregateStream=30457470;RepartitionExec=1970192
event	3324386	refusal	PartialHashAggregateStream[0]	1	8458002	29522448	106321772	8	4	0	33554432	FinalHashAggregateStream=59503883;PartialHashAggregateStream=38150689;RepartitionExec=8667200
event	3332421	release_after_refusal	FinalHashAggregateStream[0]	1	31904709	680	93015031	8	4	0		PartialHashAggregateStream=56748657;FinalHashAggregateStream=27599174;RepartitionExec=8667200
event	3332683	release_after_refusal	PartialHashAggregateStream[0]	1	15996376	13526072	75048463	8	4	0		PartialHashAggregateStream=40752281;FinalHashAggregateStream=27599174;RepartitionExec=6697008
event	3339996	refusal	PartialHashAggregateStream[1]	1	14225524	32740363	93903792	8	4	0	33554432	PartialHashAggregateStream=46266435;FinalHashAggregateStream=37131037;RepartitionExec=10506320
event	3342924	refusal	FinalHashAggregateStream[1]	1	13053617	32489501	99312525	8	4	0	33554432	PartialHashAggregateStream=46266435;FinalHashAggregateStream=45296394;RepartitionExec=7749696
event	3349978	release_after_refusal	PartialHashAggregateStream[1]	1	16188755	16551608	83484536	8	4	0		FinalHashAggregateStream=47627352;PartialHashAggregateStream=30077680;RepartitionExec=5779504
event	3365429	release_after_refusal	FinalHashAggregateStream[1]	1	32488821	680	70283804	8	4	0		FinalHashAggregateStream=31802908;RepartitionExec=21928608;PartialHashAggregateStream=16552288
event	3366321	refusal	FinalHashAggregateStream[0]	1	14258708	31802228	68444684	8	4	0	33554432	FinalHashAggregateStream=31802908;RepartitionExec=20089488;PartialHashAggregateStream=16552288
event	3387278	release_after_refusal	FinalHashAggregateStream[0]	1	31801548	680	38344576	8	4	0		FinalHashAggregateStream=25068518;RepartitionExec=8666448;PartialHashAggregateStream=4609610
event	3408927	refusal	PartialHashAggregateStream[1]	1	14225436	32739319	84697238	8	4	0	33554432	FinalHashAggregateStream=47348944;PartialHashAggregateStream=37348294
event	3418825	release_after_refusal	PartialHashAggregateStream[1]	1	16187711	16551608	88827381	8	4	0		FinalHashAggregateStream=47348944;PartialHashAggregateStream=41478437
event	3423116	refusal	FinalHashAggregateStream[1]	1	3221948	31335368	96180511	8	4	0	33554432	FinalHashAggregateStream=47348944;PartialHashAggregateStream=46074943;RepartitionExec=2756624
event	3427210	refusal	PartialHashAggregateStream[0]	1	14225994	32738973	99396149	8	4	0	33554432	PartialHashAggregateStream=49290581;FinalHashAggregateStream=47348944;RepartitionExec=2756624
event	3436518	release_after_refusal	PartialHashAggregateStream[0]	1	16187365	16551608	83208784	8	4	0		FinalHashAggregateStream=47348944;PartialHashAggregateStream=33103216;RepartitionExec=2756624
event	3443349	release_after_refusal	FinalHashAggregateStream[1]	1	31334688	680	72379194	8	4	0		PartialHashAggregateStream=33103216;FinalHashAggregateStream=24309098;RepartitionExec=14966880
event	3457405	refusal	FinalHashAggregateStream[0]	1	14258303	32219831	74420170	8	4	0	33554432	FinalHashAggregateStream=47746455;PartialHashAggregateStream=21160691;RepartitionExec=5513024
event	3476293	refusal	FinalHashAggregateStream[1]	1	14262991	30712426	110639319	8	4	0	33554432	FinalHashAggregateStream=62932257;PartialHashAggregateStream=32740182;RepartitionExec=14966880
event	3476985	refusal	PartialHashAggregateStream[0]	1	14225985	32739502	110639319	8	4	0	33554432	FinalHashAggregateStream=62932257;PartialHashAggregateStream=32740182;RepartitionExec=14966880
event	3480492	release_after_refusal	FinalHashAggregateStream[0]	1	32219151	680	78420168	8	4	0		PartialHashAggregateStream=32740182;FinalHashAggregateStream=30713106;RepartitionExec=14966880
event	3486868	release_after_refusal	PartialHashAggregateStream[0]	1	16187894	16551608	62932998	8	4	0		FinalHashAggregateStream=35354214;PartialHashAggregateStream=16552288;RepartitionExec=11026496
event	3497057	release_after_refusal	FinalHashAggregateStream[1]	1	30711746	680	43890104	8	4	0		PartialHashAggregateStream=16552288;FinalHashAggregateStream=15127560;RepartitionExec=12210256
event	3516530	refusal	FinalHashAggregateStream[0]	1	13101776	32988170	86463593	8	4	0	33554432	FinalHashAggregateStream=56940341;PartialHashAggregateStream=29523252
event	3522352	refusal	PartialHashAggregateStream[1]	1	14225796	32737596	98305800	8	4	0	33554432	FinalHashAggregateStream=56940341;PartialHashAggregateStream=41365459
event	3532812	release_after_refusal	PartialHashAggregateStream[1]	1	16185988	16551608	98628473	8	4	0		FinalHashAggregateStream=56940341;PartialHashAggregateStream=41688132
event	3540717	release_after_refusal	FinalHashAggregateStream[0]	1	32987490	680	84512870	8	4	0		PartialHashAggregateStream=47202214;FinalHashAggregateStream=26284160;RepartitionExec=11026496
event	3543549	refusal	PartialHashAggregateStream[0]	1	14225877	30650606	88077565	8	4	0	33554432	PartialHashAggregateStream=47202214;FinalHashAggregateStream=31421719;RepartitionExec=9453632
event	3551166	refusal	FinalHashAggregateStream[1]	1	14258312	31862945	90655397	8	4	0	33554432	PartialHashAggregateStream=47202214;FinalHashAggregateStream=43453183
event	3552829	release_after_refusal	PartialHashAggregateStream[0]	1	14100790	16549816	76554607	8	4	0		FinalHashAggregateStream=43453183;PartialHashAggregateStream=33101424
event	3574082	release_after_refusal	FinalHashAggregateStream[1]	1	31862265	680	68221209	8	4	0		FinalHashAggregateStream=33011674;PartialHashAggregateStream=21029087;RepartitionExec=14180448
event	3590598	refusal	PartialHashAggregateStream[0]	1	8458135	29521989	94167982	8	4	0	33554432	FinalHashAggregateStream=48094385;PartialHashAggregateStream=46073597
event	3598410	release_after_refusal	PartialHashAggregateStream[0]	1	15995917	13526072	79041207	8	4	0		FinalHashAggregateStream=56888428;PartialHashAggregateStream=22152779
event	3603373	refusal	FinalHashAggregateStream[0]	1	14281703	33010994	95297902	8	4	0	33554432	FinalHashAggregateStream=59329225;PartialHashAggregateStream=30190069;RepartitionExec=5778608
event	3613140	refusal	FinalHashAggregateStream[1]	1	14073694	30737080	107913570	8	4	0	33554432	FinalHashAggregateStream=63748074;PartialHashAggregateStream=32738456;RepartitionExec=11427040
event	3615244	refusal	PartialHashAggregateStream[1]	1	14226039	32737776	107913570	8	4	0	33554432	FinalHashAggregateStream=63748074;PartialHashAggregateStream=32738456;RepartitionExec=11427040
event	3624764	release_after_refusal	PartialHashAggregateStream[1]	1	16186168	16551608	91727402	8	4	0		FinalHashAggregateStream=63748074;PartialHashAggregateStream=16552288;RepartitionExec=11427040
event	3627985	release_after_refusal	FinalHashAggregateStream[0]	1	33010314	680	60686384	8	4	0		FinalHashAggregateStream=30737760;PartialHashAggregateStream=16552288;RepartitionExec=13396336
event	3634621	release_after_refusal	FinalHashAggregateStream[1]	1	30736400	680	29581639	8	4	0		PartialHashAggregateStream=16552288;RepartitionExec=7617728;FinalHashAggregateStream=5411623
event	3659865	refusal	PartialHashAggregateStream[0]	1	14226201	32738705	88635383	8	4	0	33554432	FinalHashAggregateStream=49317718;PartialHashAggregateStream=37347473;RepartitionExec=1970192
event	3660923	refusal	FinalHashAggregateStream[0]	1	9015864	31215669	88635383	8	4	0	33554432	FinalHashAggregateStream=49317718;PartialHashAggregateStream=37347473;RepartitionExec=1970192
event	3669793	release_after_refusal	PartialHashAggregateStream[0]	1	16187097	16551608	84504383	8	4	0		FinalHashAggregateStream=49317718;PartialHashAggregateStream=33216473;RepartitionExec=1970192
event	3680912	refusal	PartialHashAggregateStream[1]	1	14225517	32739661	104519563	8	4	0	33554432	FinalHashAggregateStream=49317718;PartialHashAggregateStream=49291269;RepartitionExec=5910576
event	3684170	release_after_refusal	FinalHashAggregateStream[0]	1	31214989	680	73304574	8	4	0		PartialHashAggregateStream=49291269;FinalHashAggregateStream=18102729;RepartitionExec=5910576
event	3690532	release_after_refusal	PartialHashAggregateStream[1]	1	16188053	16551608	64514082	8	4	0		PartialHashAggregateStream=33103216;FinalHashAggregateStream=22743666;RepartitionExec=8667200
event	3704833	refusal	FinalHashAggregateStream[1]	1	3248876	31175305	98403280	8	4	0	33554432	FinalHashAggregateStream=56287669;PartialHashAggregateStream=25178651;RepartitionExec=16936960
event	3719252	refusal	PartialHashAggregateStream[0]	1	8458191	29522565	121922950	8	4	0	33554432	FinalHashAggregateStream=64157712;PartialHashAggregateStream=34131270;RepartitionExec=23633968
event	3724566	release_after_refusal	FinalHashAggregateStream[1]	1	31174625	680	100047282	8	4	0		PartialHashAggregateStream=43430227;FinalHashAggregateStream=32983087;RepartitionExec=23633968
event	3727706	release_after_refusal	PartialHashAggregateStream[0]	1	15996493	13526072	84837647	8	4	0		FinalHashAggregateStream=32983087;PartialHashAggregateStream=30190784;RepartitionExec=21663776
event	3738734	refusal	PartialHashAggregateStream[1]	1	14225958	32738633	105399207	8	4	0	33554432	FinalHashAggregateStream=48498006;PartialHashAggregateStream=46264705;RepartitionExec=10636496
event	3747891	release_after_refusal	PartialHashAggregateStream[1]	1	16187025	16551608	93156170	8	4	0		FinalHashAggregateStream=59139002;PartialHashAggregateStream=30077680;RepartitionExec=3939488
event	3752745	refusal	FinalHashAggregateStream[0]	1	14258330	32982407	96600766	8	4	0	33554432	FinalHashAggregateStream=61797166;PartialHashAggregateStream=30077680;RepartitionExec=4725920
event	3757733	refusal	FinalHashAggregateStream[1]	1	14225398	32035933	107309492	8	4	0	33554432	FinalHashAggregateStream=65018340;PartialHashAggregateStream=30077680;RepartitionExec=12213472
event	3775774	release_after_refusal	FinalHashAggregateStream[0]	1	32981727	680	74327765	8	4	0		FinalHashAggregateStream=32036613;PartialHashAggregateStream=30077680;RepartitionExec=12213472
event	3778956	release_after_refusal	FinalHashAggregateStream[1]	1	32035253	680	41316994	8	4	0		PartialHashAggregateStream=30077680;RepartitionExec=8405056;FinalHashAggregateStream=2834258
event	3815501	refusal	PartialHashAggregateStream[0]	1	14225715	32738813	116298008	8	4	0	33554432	FinalHashAggregateStream=59548016;PartialHashAggregateStream=52024184;RepartitionExec=4725808
event	3824224	refusal	PartialHashAggregateStream[1]	1	8458551	29522077	126534714	8	4	0	33554432	PartialHashAggregateStream=62260890;FinalHashAggregateStream=59548016;RepartitionExec=4725808
event	3825375	release_after_refusal	PartialHashAggregateStream[0]	1	16187205	16551608	110347509	8	4	0		FinalHashAggregateStream=59548016;PartialHashAggregateStream=46073685;RepartitionExec=4725808
event	3830086	refusal	FinalHashAggregateStream[0]	1	14366282	31946216	113104133	8	4	0	33554432	FinalHashAggregateStream=59548016;PartialHashAggregateStream=46073685;RepartitionExec=7482432
event	3832114	release_after_refusal	PartialHashAggregateStream[1]	1	15996005	13526072	97108128	8	4	0		FinalHashAggregateStream=59548016;PartialHashAggregateStream=30077680;RepartitionExec=7482432
event	3843138	refusal	FinalHashAggregateStream[1]	1	14376104	32055116	104323188	8	4	0	33554432	FinalHashAggregateStream=64001332;PartialHashAggregateStream=30077680;RepartitionExec=10244176
event	3853444	release_after_refusal	FinalHashAggregateStream[0]	1	31945536	680	72377652	8	4	0		FinalHashAggregateStream=32055796;PartialHashAggregateStream=30077680;RepartitionExec=10244176
event	3865897	release_after_refusal	FinalHashAggregateStream[1]	1	32054436	680	59030143	8	4	0		PartialHashAggregateStream=30077680;RepartitionExec=14835808;FinalHashAggregateStream=14116655
event	3887089	refusal	FinalHashAggregateStream[0]	1	8352749	29807647	78055888	8	4	0	33554432	FinalHashAggregateStream=55091936;PartialHashAggregateStream=19285936;RepartitionExec=3678016
event	3896440	refusal	PartialHashAggregateStream[0]	1	8458267	29522603	89933275	8	4	0	33554432	FinalHashAggregateStream=58571096;PartialHashAggregateStream=29523283;RepartitionExec=1838896
event	3904051	release_after_refusal	PartialHashAggregateStream[0]	1	15997171	13525432	73936104	8	4	0		FinalHashAggregateStream=58571096;PartialHashAggregateStream=13526112;RepartitionExec=1838896
event	3908559	release_after_refusal	FinalHashAggregateStream[0]	1	29806967	680	52888149	8	4	0		FinalHashAggregateStream=32005781;PartialHashAggregateStream=13526112;RepartitionExec=7356256
event	3911069	refusal	FinalHashAggregateStream[1]	1	7863369	32005101	46239291	8	4	0	33554432	FinalHashAggregateStream=34810219;RepartitionExec=11427712;PartialHashAggregateStream=1360
event	3933485	release_after_refusal	FinalHashAggregateStream[1]	1	32004421	680	62899643	8	4	0		PartialHashAggregateStream=41590382;FinalHashAggregateStream=15529981;RepartitionExec=5779280
event	3942854	refusal	PartialHashAggregateStream[1]	1	14225886	32737616	89681809	8	4	0	33554432	PartialHashAggregateStream=65475819;FinalHashAggregateStream=24205990
event	3945823	refusal	PartialHashAggregateStream[0]	1	14225652	32738203	93836739	8	4	0	33554432	PartialHashAggregateStream=65475819;FinalHashAggregateStream=28360920
event	3952377	release_after_refusal	PartialHashAggregateStream[1]	1	16186008	16551608	77650731	8	4	0		PartialHashAggregateStream=49289811;FinalHashAggregateStream=28360920
event	3954921	release_after_refusal	PartialHashAggregateStream[0]	1	16186595	16551608	66977384	8	4	0		PartialHashAggregateStream=33103216;FinalHashAggregateStream=28360920;RepartitionExec=5513248
event	3973021	refusal	FinalHashAggregateStream[0]	1	14274294	31820481	91287688	8	4	0	33554432	FinalHashAggregateStream=62525144;PartialHashAggregateStream=16552288;RepartitionExec=12210256
event	3974385	refusal	FinalHashAggregateStream[1]	1	14240495	30704663	91287688	8	4	0	33554432	FinalHashAggregateStream=62525144;PartialHashAggregateStream=16552288;RepartitionExec=12210256
event	3995945	release_after_refusal	FinalHashAggregateStream[0]	1	31819801	680	59467887	8	4	0		FinalHashAggregateStream=30705343;PartialHashAggregateStream=16552288;RepartitionExec=12210256
event	3995951	release_after_refusal	FinalHashAggregateStream[1]	1	30703983	680	28763904	8	4	0		PartialHashAggregateStream=16552288;RepartitionExec=12210256;FinalHashAggregateStream=1360
event	4028267	refusal	PartialHashAggregateStream[1]	1	14225598	32738606	96967728	8	4	0	33554432	PartialHashAggregateStream=57665086;FinalHashAggregateStream=39302642
event	4038556	refusal	PartialHashAggregateStream[0]	1	14225652	32738453	104779701	8	4	0	33554432	PartialHashAggregateStream=65477059;FinalHashAggregateStream=39302642
event	4040570	release_after_refusal	PartialHashAggregateStream[1]	1	16186998	16551608	88592703	8	4	0		PartialHashAggregateStream=49290061;FinalHashAggregateStream=39302642
event	4049384	release_after_refusal	PartialHashAggregateStream[0]	1	16186845	16551608	87404782	8	4	0		FinalHashAggregateStream=51544942;PartialHashAggregateStream=33103216;RepartitionExec=2756624
event	4054376	refusal	FinalHashAggregateStream[0]	1	13080360	32070045	98874160	8	4	0	33554432	FinalHashAggregateStream=58287504;PartialHashAggregateStream=33103216;RepartitionExec=7483440
event	4063982	refusal	FinalHashAggregateStream[1]	1	14227097	31796807	109966756	8	4	0	33554432	FinalHashAggregateStream=63866852;PartialHashAggregateStream=33103216;RepartitionExec=12996688
event	4076302	release_after_refusal	FinalHashAggregateStream[0]	1	32069365	680	77897391	8	4	0		PartialHashAggregateStream=33103216;FinalHashAggregateStream=31797487;RepartitionExec=12996688
event	4085662	release_after_refusal	FinalHashAggregateStream[1]	1	31796127	680	55037393	8	4	0		PartialHashAggregateStream=33103216;RepartitionExec=11026496;FinalHashAggregateStream=10907681
event	4113646	refusal	PartialHashAggregateStream[0]	1	14225616	32738190	99530208	8	4	0	33554432	FinalHashAggregateStream=50127585;PartialHashAggregateStream=49402623
event	4123635	release_after_refusal	PartialHashAggregateStream[0]	1	16186582	16551608	99417891	8	4	0		FinalHashAggregateStream=50127585;PartialHashAggregateStream=49290306
event	4124629	refusal	PartialHashAggregateStream[1]	1	14225787	32738698	102174515	8	4	0	33554432	FinalHashAggregateStream=50127585;PartialHashAggregateStream=49290306;RepartitionExec=2756624
event	4130839	refusal	FinalHashAggregateStream[0]	1	1181064	33190491	107624043	8	4	0	33554432	FinalHashAggregateStream=58333737;PartialHashAggregateStream=49290306
event	4133972	release_after_refusal	PartialHashAggregateStream[1]	1	16187090	16551608	91436953	8	4	0		FinalHashAggregateStream=58333737;PartialHashAggregateStream=33103216
event	4150115	refusal	FinalHashAggregateStream[1]	1	14264690	32998973	96134872	8	4	0	33554432	FinalHashAggregateStream=66189464;PartialHashAggregateStream=16552288;RepartitionExec=13393120
event	4150916	release_after_refusal	FinalHashAggregateStream[0]	1	33189811	680	62945061	8	4	0		FinalHashAggregateStream=32999653;PartialHashAggregateStream=16552288;RepartitionExec=13393120
event	4172662	release_after_refusal	FinalHashAggregateStream[1]	1	32998293	680	67598030	8	4	0		PartialHashAggregateStream=30459333;FinalHashAggregateStream=26501305;RepartitionExec=10637392
event	4189487	refusal	PartialHashAggregateStream[1]	1	14225886	32739067	105548283	8	4	0	33554432	PartialHashAggregateStream=57665347;FinalHashAggregateStream=47882936
event	4199061	refusal	PartialHashAggregateStream[0]	1	14225715	32737713	113359716	8	4	0	33554432	PartialHashAggregateStream=65476780;FinalHashAggregateStream=47882936
event	4199473	release_after_refusal	PartialHashAggregateStream[1]	1	16187459	16551608	97172257	8	4	0		PartialHashAggregateStream=49289321;FinalHashAggregateStream=47882936
event	4204976	refusal	FinalHashAggregateStream[0]	1	14233921	30934192	105537474	8	4	0	33554432	FinalHashAggregateStream=53491529;PartialHashAggregateStream=49289321;RepartitionExec=2756624
event	4208777	release_after_refusal	PartialHashAggregateStream[0]	1	16186105	16551608	90536684	8	4	0		FinalHashAggregateStream=54676844;PartialHashAggregateStream=33103216;RepartitionExec=2756624
event	4221170	refusal	FinalHashAggregateStream[1]	1	3235262	32369467	113343947	8	4	0	33554432	FinalHashAggregateStream=63303659;PartialHashAggregateStream=33103216;RepartitionExec=16937072
event	4227107	release_after_refusal	FinalHashAggregateStream[0]	1	30933512	680	82410435	8	4	0		PartialHashAggregateStream=33103216;FinalHashAggregateStream=32370147;RepartitionExec=16937072
event	4242097	release_after_refusal	FinalHashAggregateStream[1]	1	32368787	680	56938446	8	4	0		PartialHashAggregateStream=33103216;FinalHashAggregateStream=15168030;RepartitionExec=8667200
event	4273182	refusal	PartialHashAggregateStream[0]	1	14225814	32738109	103411841	8	4	0	33554432	FinalHashAggregateStream=56766457;PartialHashAggregateStream=46645384
event	4282937	release_after_refusal	PartialHashAggregateStream[0]	1	16186501	16551608	102840673	8	4	0		FinalHashAggregateStream=56766457;PartialHashAggregateStream=46074216
event	4287859	refusal	PartialHashAggregateStream[1]	1	14225742	32738419	117037230	8	4	0	33554432	FinalHashAggregateStream=63020387;PartialHashAggregateStream=49290027;RepartitionExec=4726816
event	4287923	refusal	FinalHashAggregateStream[0]	1	14258312	31854041	117037230	8	4	0	33554432	FinalHashAggregateStream=63020387;PartialHashAggregateStream=49290027;RepartitionExec=4726816
event	4292325	refusal	FinalHashAggregateStream[1]	1	3248678	31166346	119007422	8	4	0	33554432	FinalHashAggregateStream=63020387;PartialHashAggregateStream=49290027;RepartitionExec=6697008
event	4298122	release_after_refusal	PartialHashAggregateStream[1]	1	16186811	16551608	102820611	8	4	0		FinalHashAggregateStream=63020387;PartialHashAggregateStream=33103216;RepartitionExec=6697008
event	4314879	release_after_refusal	FinalHashAggregateStream[0]	1	31853361	680	77664258	8	4	0		PartialHashAggregateStream=33103216;FinalHashAggregateStream=31167026;RepartitionExec=13394016
event	4322276	release_after_refusal	FinalHashAggregateStream[1]	1	31165666	680	46922952	8	4	0		PartialHashAggregateStream=33103216;FinalHashAggregateStream=7122728;RepartitionExec=6697008
event	4349191	refusal	FinalHashAggregateStream[0]	1	14165854	31919971	90255831	8	4	0	33554432	FinalHashAggregateStream=60720331;PartialHashAggregateStream=29535500
event	4357671	refusal	PartialHashAggregateStream[0]	1	14225598	32738489	112223462	8	4	0	33554432	FinalHashAggregateStream=62819631;PartialHashAggregateStream=49403831
event	4366946	release_after_refusal	PartialHashAggregateStream[0]	1	16186881	16551608	112111341	8	4	0		FinalHashAggregateStream=62819631;PartialHashAggregateStream=49291710
event	4368043	refusal	PartialHashAggregateStream[1]	1	14225985	32740102	119594781	8	4	0	33554432	FinalHashAggregateStream=62819631;PartialHashAggregateStream=49291710;RepartitionExec=7483440
event	4372057	refusal	FinalHashAggregateStream[1]	1	14212274	30899660	119594781	8	4	0	33554432	FinalHashAggregateStream=62819631;PartialHashAggregateStream=49291710;RepartitionExec=7483440
event	4372101	release_after_refusal	FinalHashAggregateStream[0]	1	31919291	680	87675490	8	4	0		PartialHashAggregateStream=49291710;FinalHashAggregateStream=30900340;RepartitionExec=7483440
event	4378019	release_after_refusal	PartialHashAggregateStream[1]	1	16188494	16551608	71124269	8	4	0		FinalHashAggregateStream=35264429;PartialHashAggregateStream=33103216;RepartitionExec=2756624
event	4395168	release_after_refusal	FinalHashAggregateStream[1]	1	30898980	680	57568319	8	4	0		FinalHashAggregateStream=24983750;PartialHashAggregateStream=21160745;RepartitionExec=11423824
event	4414742	refusal	PartialHashAggregateStream[1]	1	14225670	32739202	103994910	8	4	0	33554432	FinalHashAggregateStream=54704100;PartialHashAggregateStream=49290810
event	4419286	refusal	FinalHashAggregateStream[0]	1	6190517	31741664	99342532	8	4	0	33554432	FinalHashAggregateStream=59119322;PartialHashAggregateStream=32739882;RepartitionExec=7483328
event	4424458	release_after_refusal	PartialHashAggregateStream[1]	1	16187594	16551608	82689729	8	4	0		FinalHashAggregateStream=61410737;PartialHashAggregateStream=16552288;RepartitionExec=4726704
event	4431422	refusal	FinalHashAggregateStream[1]	1	14221889	32960117	102091108	8	4	0	33554432	FinalHashAggregateStream=64701781;PartialHashAggregateStream=25179183;RepartitionExec=12210144
event	4440551	release_after_refusal	FinalHashAggregateStream[0]	1	31740984	680	88947255	8	4	0		PartialHashAggregateStream=43776314;FinalHashAggregateStream=32960797;RepartitionExec=12210144
event	4448207	refusal	PartialHashAggregateStream[0]	1	14225526	32738446	94884167	8	4	0	33554432	PartialHashAggregateStream=49290054;FinalHashAggregateStream=40080865;RepartitionExec=5513248
event	4453952	release_after_refusal	FinalHashAggregateStream[1]	1	32959437	680	70086207	8	4	0		PartialHashAggregateStream=49290054;FinalHashAggregateStream=15282905;RepartitionExec=5513248
event	4457894	release_after_refusal	PartialHashAggregateStream[0]	1	16186838	16551608	42826990	8	4	0		FinalHashAggregateStream=22334318;PartialHashAggregateStream=16552288;RepartitionExec=3940384
event	4473449	refusal	FinalHashAggregateStream[0]	1	8373518	29846896	87079423	8	4	0	33554432	FinalHashAggregateStream=53863106;PartialHashAggregateStream=30459693;RepartitionExec=2756624
event	4487359	refusal	PartialHashAggregateStream[1]	1	14225625	32739031	107096029	8	4	0	33554432	FinalHashAggregateStream=55048766;PartialHashAggregateStream=49290639;RepartitionExec=2756624
event	4494326	release_after_refusal	FinalHashAggregateStream[0]	1	29846216	680	77249813	8	4	0		PartialHashAggregateStream=49290639;FinalHashAggregateStream=25202550;RepartitionExec=2756624
event	4497923	release_after_refusal	PartialHashAggregateStream[1]	1	16187423	16551608	61118627	8	4	0		PartialHashAggregateStream=33103216;FinalHashAggregateStream=28015411
event	4506749	refusal	FinalHashAggregateStream[1]	1	7850694	31939263	77397764	8	4	0	33554432	FinalHashAggregateStream=42324356;PartialHashAggregateStream=33103216;RepartitionExec=1970192
event	4528873	release_after_refusal	FinalHashAggregateStream[1]	1	31938583	680	82597493	8	4	0		PartialHashAggregateStream=46075042;FinalHashAggregateStream=26282387;RepartitionExec=10240064
event	4534458	refusal	PartialHashAggregateStream[1]	1	14225535	32739353	85582648	8	4	0	33554432	PartialHashAggregateStream=49290961;FinalHashAggregateStream=30778439;RepartitionExec=5513248
event	4544023	release_after_refusal	PartialHashAggregateStream[1]	1	16187745	16551608	61786519	8	4	0		FinalHashAggregateStream=42477607;PartialHashAggregateStream=16552288;RepartitionExec=2756624
event	4552904	refusal	FinalHashAggregateStream[0]	1	9015801	30702254	85961588	8	4	0	33554432	FinalHashAggregateStream=56841598;PartialHashAggregateStream=25179606;RepartitionExec=3940384
event	4563721	refusal	FinalHashAggregateStream[1]	1	14236308	30886176	94725184	8	4	0	33554432	FinalHashAggregateStream=61588430;PartialHashAggregateStream=27226178;RepartitionExec=5910576
event	4571370	refusal	PartialHashAggregateStream[0]	1	14225904	32739598	100239284	8	4	0	33554432	FinalHashAggregateStream=61588430;PartialHashAggregateStream=32740278;RepartitionExec=5910576
event	4575316	release_after_refusal	FinalHashAggregateStream[0]	1	30701574	680	69537710	8	4	0		PartialHashAggregateStream=32740278;FinalHashAggregateStream=30886856;RepartitionExec=5910576
event	4581576	release_after_refusal	PartialHashAggregateStream[0]	1	16187990	16551608	54050309	8	4	0		FinalHashAggregateStream=35527829;PartialHashAggregateStream=16552288;RepartitionExec=1970192
event	4585296	release_after_refusal	FinalHashAggregateStream[1]	1	30885496	680	39425577	8	4	0		PartialHashAggregateStream=16552288;RepartitionExec=14179552;FinalHashAggregateStream=8693737
event	4620387	refusal	PartialHashAggregateStream[0]	1	14225760	32738023	103638821	8	4	0	33554432	FinalHashAggregateStream=56993118;PartialHashAggregateStream=46645703
event	4630557	release_after_refusal	PartialHashAggregateStream[0]	1	16186415	16551608	103067100	8	4	0		FinalHashAggregateStream=56993118;PartialHashAggregateStream=46073982
event	4634493	refusal	PartialHashAggregateStream[1]	1	14225967	32738149	109039499	8	4	0	33554432	FinalHashAggregateStream=56993118;PartialHashAggregateStream=49289757;RepartitionExec=2756624
event	4636236	refusal	FinalHashAggregateStream[0]	1	14258600	31757324	111332354	8	4	0	33554432	FinalHashAggregateStream=59285973;PartialHashAggregateStream=49289757;RepartitionExec=2756624
event	4643838	refusal	FinalHashAggregateStream[1]	1	9015756	30800898	116574795	8	4	0	33554432	FinalHashAggregateStream=62558222;PartialHashAggregateStream=49289757;RepartitionExec=4726816
event	4644406	release_after_refusal	PartialHashAggregateStream[1]	1	16186541	16551608	100388254	8	4	0		FinalHashAggregateStream=62558222;PartialHashAggregateStream=33103216;RepartitionExec=4726816
event	4657793	release_after_refusal	FinalHashAggregateStream[0]	1	31756644	680	75328618	8	4	0		PartialHashAggregateStream=33103216;FinalHashAggregateStream=30801578;RepartitionExec=11423824
event	4664662	release_after_refusal	FinalHashAggregateStream[1]	1	30800218	680	44985392	8	4	0		PartialHashAggregateStream=33103216;FinalHashAggregateStream=7155360;RepartitionExec=4726816
event	4689580	refusal	FinalHashAggregateStream[0]	1	13070543	32003900	64177373	8	4	0	33554432	FinalHashAggregateStream=59567772;PartialHashAggregateStream=4609601
event	4709273	refusal	PartialHashAggregateStream[1]	1	14225895	32737976	118399360	8	4	0	33554432	FinalHashAggregateStream=60735309;PartialHashAggregateStream=57664051
event	4710823	release_after_refusal	FinalHashAggregateStream[0]	1	32003220	680	88694258	8	4	0		PartialHashAggregateStream=59962169;FinalHashAggregateStream=28732089
event	4718492	refusal	PartialHashAggregateStream[0]	1	14225859	32738003	94208068	8	4	0	33554432	PartialHashAggregateStream=65475979;FinalHashAggregateStream=28732089
event	4719152	release_after_refusal	PartialHashAggregateStream[1]	1	16186368	16551608	78021700	8	4	0		PartialHashAggregateStream=49289611;FinalHashAggregateStream=28732089
event	4727794	refusal	FinalHashAggregateStream[1]	1	6400791	31989972	85921362	8	4	0	33554432	PartialHashAggregateStream=49289611;FinalHashAggregateStream=36631751
event	4728389	release_after_refusal	PartialHashAggregateStream[0]	1	16186395	16551608	69734967	8	4	0		FinalHashAggregateStream=36631751;PartialHashAggregateStream=33103216
event	4748839	release_after_refusal	FinalHashAggregateStream[1]	1	31989292	680	63493079	8	4	0		FinalHashAggregateStream=27366575;PartialHashAggregateStream=21160520;RepartitionExec=14965984
event	4768290	refusal	PartialHashAggregateStream[0]	1	14225832	32738923	107944139	8	4	0	33554432	FinalHashAggregateStream=55896984;PartialHashAggregateStream=49290531;RepartitionExec=2756624
event	4777801	refusal	FinalHashAggregateStream[0]	1	14258213	31814819	100067424	8	4	0	33554432	FinalHashAggregateStream=62602013;PartialHashAggregateStream=32739603;RepartitionExec=4725808
event	4777933	release_after_refusal	PartialHashAggregateStream[0]	1	16187315	16551608	83880109	8	4	0		FinalHashAggregateStream=62602013;PartialHashAggregateStream=16552288;RepartitionExec=4725808
event	4785317	refusal	FinalHashAggregateStream[1]	1	13199472	33082050	103468770	8	4	0	33554432	FinalHashAggregateStream=64896869;PartialHashAggregateStream=25178893;RepartitionExec=13393008
event	4800330	release_after_refusal	FinalHashAggregateStream[0]	1	31814139	680	95766456	8	4	0		PartialHashAggregateStream=49290718;FinalHashAggregateStream=33082730;RepartitionExec=13393008
event	4801968	refusal	PartialHashAggregateStream[1]	1	14225895	32739110	93797160	8	4	0	33554432	PartialHashAggregateStream=49290718;FinalHashAggregateStream=33082730;RepartitionExec=11423712
event	4808750	release_after_refusal	FinalHashAggregateStream[1]	1	33081370	680	63502613	8	4	0		PartialHashAggregateStream=49290718;FinalHashAggregateStream=10271511;RepartitionExec=3940384
event	4812146	release_after_refusal	PartialHashAggregateStream[1]	1	16187502	16551608	45879295	8	4	0		PartialHashAggregateStream=33103216;FinalHashAggregateStream=12776079
event	4840065	refusal	FinalHashAggregateStream[0]	1	14330604	33057162	110794403	8	4	0	33554432	FinalHashAggregateStream=64935887;PartialHashAggregateStream=41132708;RepartitionExec=4725808
event	4848300	refusal	PartialHashAggregateStream[0]	1	14225562	32738687	129625700	8	4	0	33554432	FinalHashAggregateStream=64935887;PartialHashAggregateStream=59964005;RepartitionExec=4725808
event	4855160	refusal	PartialHashAggregateStream[1]	1	14225796	32739058	135139440	8	4	0	33554432	PartialHashAggregateStream=65477745;FinalHashAggregateStream=64935887;RepartitionExec=4725808
event	4858771	release_after_refusal	PartialHashAggregateStream[0]	1	16187079	16551608	118952361	8	4	0		FinalHashAggregateStream=64935887;PartialHashAggregateStream=49290666;RepartitionExec=4725808
event	4864095	refusal	FinalHashAggregateStream[1]	1	14258672	31878725	124465609	8	4	0	33554432	FinalHashAggregateStream=64935887;PartialHashAggregateStream=49290666;RepartitionExec=10239056
event	4864660	release_after_refusal	PartialHashAggregateStream[1]	1	16187450	16551608	108278159	8	4	0		FinalHashAggregateStream=64935887;PartialHashAggregateStream=33103216;RepartitionExec=10239056
event	4865169	release_after_refusal	FinalHashAggregateStream[0]	1	33056482	680	79948493	8	4	0		PartialHashAggregateStream=33103216;FinalHashAggregateStream=31879405;RepartitionExec=14965872
event	4887005	release_after_refusal	FinalHashAggregateStream[1]	1	31878045	680	64041948	8	4	0		FinalHashAggregateStream=23975114;PartialHashAggregateStream=21160466;RepartitionExec=18906368
event	4906722	refusal	PartialHashAggregateStream[1]	1	14225994	32739227	104681074	8	4	0	33554432	FinalHashAggregateStream=52633615;PartialHashAggregateStream=49290835;RepartitionExec=2756624
event	4916740	release_after_refusal	PartialHashAggregateStream[1]	1	16187619	16551608	85747191	8	4	0		FinalHashAggregateStream=61711575;PartialHashAggregateStream=16552288;RepartitionExec=7483328
event	4919403	refusal	FinalHashAggregateStream[0]	1	14300426	31884785	87837494	8	4	0	33554432	FinalHashAggregateStream=63801878;PartialHashAggregateStream=16552288;RepartitionExec=7483328
event	4920031	refusal	FinalHashAggregateStream[1]	1	12997845	31917093	92445942	8	4	0	33554432	FinalHashAggregateStream=63801878;PartialHashAggregateStream=21160736;RepartitionExec=7483328
event	4941027	release_after_refusal	FinalHashAggregateStream[1]	1	31916413	680	88658078	8	4	0		PartialHashAggregateStream=49289285;FinalHashAggregateStream=31885465;RepartitionExec=7483328
event	4941056	refusal	PartialHashAggregateStream[0]	1	14225661	32737677	85901566	8	4	0	33554432	PartialHashAggregateStream=49289285;FinalHashAggregateStream=31885465;RepartitionExec=4726816
event	4941771	release_after_refusal	FinalHashAggregateStream[0]	1	31884105	680	54017461	8	4	0		PartialHashAggregateStream=49289285;RepartitionExec=4726816;FinalHashAggregateStream=1360
event	4951090	release_after_refusal	PartialHashAggregateStream[0]	1	16186069	16551608	60847997	8	4	0		PartialHashAggregateStream=33103216;FinalHashAggregateStream=20261341;RepartitionExec=7483440
event	4976351	refusal	FinalHashAggregateStream[1]	1	14244485	31849247	101121504	8	4	0	33554432	FinalHashAggregateStream=64808716;PartialHashAggregateStream=25286516;RepartitionExec=11026272
event	4977589	refusal	FinalHashAggregateStream[0]	1	13096235	32959469	103419397	8	4	0	33554432	FinalHashAggregateStream=64808716;PartialHashAggregateStream=27584409;RepartitionExec=11026272
event	4983028	refusal	PartialHashAggregateStream[1]	1	14225470	30799504	106635172	8	4	0	33554432	FinalHashAggregateStream=64808716;PartialHashAggregateStream=30800184;RepartitionExec=11026272
event	4992149	release_after_refusal	PartialHashAggregateStream[1]	1	14249560	16549944	92385612	8	4	0		FinalHashAggregateStream=64808716;PartialHashAggregateStream=16550624;RepartitionExec=11026272
event	4998848	release_after_refusal	FinalHashAggregateStream[1]	1	31848567	680	62507237	8	4	0		FinalHashAggregateStream=32960149;PartialHashAggregateStream=16550624;RepartitionExec=12996464
event	4999652	release_after_refusal	FinalHashAggregateStream[0]	1	32958789	680	26791824	8	4	0		PartialHashAggregateStream=16550624;RepartitionExec=10239840;FinalHashAggregateStream=1360
event	5026242	refusal	PartialHashAggregateStream[0]	1	14225850	32739715	84535323	8	4	0	33554432	FinalHashAggregateStream=45216351;PartialHashAggregateStream=37348780;RepartitionExec=1970192
event	5040653	release_after_refusal	PartialHashAggregateStream[0]	1	16188107	16551608	98599134	8	4	0		FinalHashAggregateStream=52523622;PartialHashAggregateStream=46075512
event	5046043	refusal	PartialHashAggregateStream[1]	1	14225796	32739706	107572538	8	4	0	33554432	FinalHashAggregateStream=58281224;PartialHashAggregateStream=49291314
event	5053533	refusal	FinalHashAggregateStream[0]	1	7853019	32052963	116030241	8	4	0	33554432	FinalHashAggregateStream=63982303;PartialHashAggregateStream=49291314;RepartitionExec=2756624
event	5055488	refusal	FinalHashAggregateStream[1]	1	13110075	31929340	116030241	8	4	0	33554432	FinalHashAggregateStream=63982303;PartialHashAggregateStream=49291314;RepartitionExec=2756624
event	5056486	release_after_refusal	PartialHashAggregateStream[1]	1	16188098	16551608	99842143	8	4	0		FinalHashAggregateStream=63982303;PartialHashAggregateStream=33103216;RepartitionExec=2756624
event	5076146	release_after_refusal	FinalHashAggregateStream[0]	1	32052283	680	72516676	8	4	0		PartialHashAggregateStream=33103216;FinalHashAggregateStream=31930020;RepartitionExec=7483440
event	5077843	release_after_refusal	FinalHashAggregateStream[1]	1	31928660	680	37831392	8	4	0		PartialHashAggregateStream=33103216;RepartitionExec=4726816;FinalHashAggregateStream=1360
event	5113480	refusal	PartialHashAggregateStream[0]	1	14226039	32739184	88877784	8	4	0	33554432	FinalHashAggregateStream=56137920;PartialHashAggregateStream=32739864
event	5123022	release_after_refusal	PartialHashAggregateStream[0]	1	16187576	16551608	89354654	8	4	0		FinalHashAggregateStream=56137920;PartialHashAggregateStream=33216734
event	5130589	refusal	FinalHashAggregateStream[1]	1	3207743	31270845	115173089	8	4	0	33554432	FinalHashAggregateStream=63584284;PartialHashAggregateStream=46075557;RepartitionExec=5513248
event	5131143	refusal	FinalHashAggregateStream[0]	1	3243860	32313439	115173089	8	4	0	33554432	FinalHashAggregateStream=63584284;PartialHashAggregateStream=46075557;RepartitionExec=5513248
event	5136092	refusal	PartialHashAggregateStream[1]	1	14226039	32739733	118388873	8	4	0	33554432	FinalHashAggregateStream=63584284;PartialHashAggregateStream=49291341;RepartitionExec=5513248
event	5146623	release_after_refusal	PartialHashAggregateStream[1]	1	16188125	16551608	102200748	8	4	0		FinalHashAggregateStream=63584284;PartialHashAggregateStream=33103216;RepartitionExec=5513248
event	5150304	release_after_refusal	FinalHashAggregateStream[1]	1	31270165	680	75657399	8	4	0		PartialHashAggregateStream=33103216;FinalHashAggregateStream=32314119;RepartitionExec=10240064
event	5152210	release_after_refusal	FinalHashAggregateStream[0]	1	32312759	680	43344640	8	4	0		PartialHashAggregateStream=33103216;RepartitionExec=10240064;FinalHashAggregateStream=1360
event	5184052	refusal	FinalHashAggregateStream[0]	1	3248426	31250887	87130805	8	4	0	33554432	FinalHashAggregateStream=57607114;PartialHashAggregateStream=29523691
event	5187990	refusal	PartialHashAggregateStream[1]	1	14225742	32738570	92677772	8	4	0	33554432	FinalHashAggregateStream=59938522;PartialHashAggregateStream=32739250
event	5197330	release_after_refusal	PartialHashAggregateStream[1]	1	16186962	16551608	76490810	8	4	0		FinalHashAggregateStream=59938522;PartialHashAggregateStream=16552288
event	5202713	release_after_refusal	FinalHashAggregateStream[0]	1	31250207	680	55912061	8	4	0		FinalHashAggregateStream=31876333;PartialHashAggregateStream=16552288;RepartitionExec=7483440
event	5203825	refusal	FinalHashAggregateStream[1]	1	7859136	31875653	53941869	8	4	0	33554432	FinalHashAggregateStream=31876333;PartialHashAggregateStream=16552288;RepartitionExec=5513248
event	5227492	release_after_refusal	FinalHashAggregateStream[1]	1	31874973	680	77069584	8	4	0		PartialHashAggregateStream=38150460;FinalHashAggregateStream=23952356;RepartitionExec=14966768
event	5231262	refusal	PartialHashAggregateStream[0]	1	14225616	32738930	82882119	8	4	0	33554432	PartialHashAggregateStream=46646646;FinalHashAggregateStream=26781953;RepartitionExec=9453520
event	5240904	release_after_refusal	PartialHashAggregateStream[0]	1	16187322	16551608	85725096	8	4	0		PartialHashAggregateStream=46075197;FinalHashAggregateStream=36893387;RepartitionExec=2756512
event	5245107	refusal	PartialHashAggregateStream[1]	1	14226102	32739508	90079710	8	4	0	33554432	PartialHashAggregateStream=49291116;FinalHashAggregateStream=40788594
event	5254560	release_after_refusal	PartialHashAggregateStream[1]	1	16187900	16551608	82967121	8	4	0		FinalHashAggregateStream=61689025;PartialHashAggregateStream=16552288;RepartitionExec=4725808
event	5258536	refusal	FinalHashAggregateStream[0]	1	14258474	31841834	91729128	8	4	0	33554432	FinalHashAggregateStream=64937784;PartialHashAggregateStream=16552288;RepartitionExec=10239056
event	5262971	refusal	FinalHashAggregateStream[1]	1	14312314	33095950	94485752	8	4	0	33554432	FinalHashAggregateStream=64937784;PartialHashAggregateStream=16552288;RepartitionExec=12995680
event	5281211	release_after_refusal	FinalHashAggregateStream[0]	1	31841154	680	62644598	8	4	0		FinalHashAggregateStream=33096630;PartialHashAggregateStream=16552288;RepartitionExec=12995680
event	5284235	release_after_refusal	FinalHashAggregateStream[1]	1	33095270	680	27640705	8	4	0		PartialHashAggregateStream=16552288;RepartitionExec=8269872;FinalHashAggregateStream=2818545
event	5317833	refusal	PartialHashAggregateStream[1]	1	14225715	32739220	105334053	8	4	0	33554432	PartialHashAggregateStream=59963582;FinalHashAggregateStream=45370471
event	5324182	refusal	PartialHashAggregateStream[0]	1	14225733	32738282	110847973	8	4	0	33554432	PartialHashAggregateStream=65477502;FinalHashAggregateStream=45370471
event	5327809	release_after_refusal	PartialHashAggregateStream[1]	1	16187612	16551608	94660361	8	4	0		PartialHashAggregateStream=49289890;FinalHashAggregateStream=45370471
event	5333852	release_after_refusal	PartialHashAggregateStream[0]	1	16186674	16551608	90489761	8	4	0		FinalHashAggregateStream=52659729;PartialHashAggregateStream=33103216;RepartitionExec=4726816
event	5341097	refusal	FinalHashAggregateStream[0]	1	9015666	30775800	93331253	8	4	0	33554432	FinalHashAggregateStream=58257845;PartialHashAggregateStream=33103216;RepartitionExec=1970192
event	5346124	refusal	FinalHashAggregateStream[1]	1	9015846	30730786	86726074	8	4	0	33554432	FinalHashAggregateStream=61506586;PartialHashAggregateStream=16552288;RepartitionExec=8667200
event	5363048	release_after_refusal	FinalHashAggregateStream[0]	1	30775120	680	55950954	8	4	0		FinalHashAggregateStream=30731466;PartialHashAggregateStream=16552288;RepartitionExec=8667200
event	5366898	release_after_refusal	FinalHashAggregateStream[1]	1	30730106	680	24972098	8	4	0		PartialHashAggregateStream=16552288;FinalHashAggregateStream=4479426;RepartitionExec=3940384
event	5403594	refusal	PartialHashAggregateStream[1]	1	14226066	32738426	107974557	8	4	0	33554432	PartialHashAggregateStream=57665698;FinalHashAggregateStream=50308859
event	5413120	release_after_refusal	PartialHashAggregateStream[1]	1	16186818	16551608	99599948	8	4	0		FinalHashAggregateStream=50308859;PartialHashAggregateStream=49291089
event	5413291	refusal	PartialHashAggregateStream[0]	1	14225616	32739481	101570140	8	4	0	33554432	FinalHashAggregateStream=50308859;PartialHashAggregateStream=49291089;RepartitionExec=1970192
event	5421911	refusal	FinalHashAggregateStream[0]	1	8438745	29844404	106575224	8	4	0	33554432	FinalHashAggregateStream=57284135;PartialHashAggregateStream=49291089
event	5422656	release_after_refusal	PartialHashAggregateStream[0]	1	16187873	16551608	90387351	8	4	0		FinalHashAggregateStream=57284135;PartialHashAggregateStream=33103216
event	5430280	refusal	FinalHashAggregateStream[1]	1	13098491	31880471	103495291	8	4	0	33554432	FinalHashAggregateStream=61724875;PartialHashAggregateStream=33103216;RepartitionExec=8667200
event	5443407	release_after_refusal	FinalHashAggregateStream[0]	1	29843724	680	73651567	8	4	0		PartialHashAggregateStream=33103216;FinalHashAggregateStream=31881151;RepartitionExec=8667200
event	5450607	release_after_refusal	FinalHashAggregateStream[1]	1	31879791	680	42472581	8	4	0		PartialHashAggregateStream=33103216;RepartitionExec=4726816;FinalHashAggregateStream=4642549
event	5483246	refusal	PartialHashAggregateStream[0]	1	14225652	32738608	117077738	8	4	0	33554432	FinalHashAggregateStream=59412245;PartialHashAggregateStream=57665493
event	5491473	refusal	PartialHashAggregateStream[1]	1	14225706	32739544	124890397	8	4	0	33554432	PartialHashAggregateStream=65478152;FinalHashAggregateStream=59412245
event	5492861	release_after_refusal	PartialHashAggregateStream[0]	1	16187000	16551608	108703397	8	4	0		FinalHashAggregateStream=59412245;PartialHashAggregateStream=49291152
event	5497807	refusal	FinalHashAggregateStream[0]	1	14246558	31817666	112639102	8	4	0	33554432	FinalHashAggregateStream=60591326;PartialHashAggregateStream=49291152;RepartitionExec=2756624
event	5500898	release_after_refusal	PartialHashAggregateStream[1]	1	16187936	16551608	96451166	8	4	0		FinalHashAggregateStream=60591326;PartialHashAggregateStream=33103216;RepartitionExec=2756624
event	5510369	refusal	FinalHashAggregateStream[1]	1	14237426	32022356	113482982	8	4	0	33554432	FinalHashAggregateStream=63840022;PartialHashAggregateStream=33103216;RepartitionExec=16539744
event	5521775	release_after_refusal	FinalHashAggregateStream[0]	1	31816986	680	81665996	8	4	0		PartialHashAggregateStream=33103216;FinalHashAggregateStream=32023036;RepartitionExec=16539744
event	5533488	release_after_refusal	FinalHashAggregateStream[1]	1	32021676	680	58864171	8	4	0		PartialHashAggregateStream=33103216;RepartitionExec=12996688;FinalHashAggregateStream=12764267
event	5563628	refusal	PartialHashAggregateStream[0]	1	8458263	29521998	104040849	8	4	0	33554432	FinalHashAggregateStream=60611351;PartialHashAggregateStream=43429498
event	5571609	release_after_refusal	PartialHashAggregateStream[0]	1	15995926	13526072	101361688	8	4	0		FinalHashAggregateStream=60611351;PartialHashAggregateStream=40750337
event	5577198	refusal	FinalHashAggregateStream[0]	1	14409649	32073352	117610195	8	4	0	33554432	FinalHashAggregateStream=63859687;PartialHashAggregateStream=46263852;RepartitionExec=7486656
event	5579690	refusal	PartialHashAggregateStream[1]	1	14225823	32737780	117610195	8	4	0	33554432	FinalHashAggregateStream=63859687;PartialHashAggregateStream=46263852;RepartitionExec=7486656
event	5581941	refusal	FinalHashAggregateStream[1]	1	14006922	31786335	117610195	8	4	0	33554432	FinalHashAggregateStream=63859687;PartialHashAggregateStream=46263852;RepartitionExec=7486656
event	5590189	release_after_refusal	PartialHashAggregateStream[1]	1	16186172	16551608	101424023	8	4	0		FinalHashAggregateStream=63859687;PartialHashAggregateStream=30077680;RepartitionExec=7486656
event	5601988	release_after_refusal	FinalHashAggregateStream[0]	1	32072672	680	74078167	8	4	0		FinalHashAggregateStream=31787015;PartialHashAggregateStream=30077680;RepartitionExec=12213472
event	5605357	release_after_refusal	FinalHashAggregateStream[1]	1	31785655	680	41309929	8	4	0		PartialHashAggregateStream=30077680;RepartitionExec=8405056;FinalHashAggregateStream=2827193
event	5650164	refusal	PartialHashAggregateStream[1]	1	14225616	32740264	123714841	8	4	0	33554432	PartialHashAggregateStream=62264168;FinalHashAggregateStream=59611665;RepartitionExec=1839008
event	5654881	refusal	PartialHashAggregateStream[0]	1	14225895	32739659	126930596	8	4	0	33554432	PartialHashAggregateStream=65479923;FinalHashAggregateStream=59611665;RepartitionExec=1839008
event	5660361	release_after_refusal	PartialHashAggregateStream[1]	1	16188656	16551608	110741940	8	4	0		FinalHashAggregateStream=59611665;PartialHashAggregateStream=49291267;RepartitionExec=1839008
event	5664343	release_after_refusal	PartialHashAggregateStream[0]	1	16188051	16551608	100067137	8	4	0		FinalHashAggregateStream=59611665;PartialHashAggregateStream=33103216;RepartitionExec=7352256
event	5665199	refusal	FinalHashAggregateStream[0]	1	14207171	31988909	100984753	8	4	0	33554432	FinalHashAggregateStream=59611665;PartialHashAggregateStream=33103216;RepartitionExec=8269872
event	5673434	refusal	FinalHashAggregateStream[1]	1	9015630	30901044	103476609	8	4	0	33554432	FinalHashAggregateStream=62889953;PartialHashAggregateStream=33103216;RepartitionExec=7483440
event	5687839	release_after_refusal	FinalHashAggregateStream[0]	1	31988229	680	71488380	8	4	0		PartialHashAggregateStream=33103216;FinalHashAggregateStream=30901724;RepartitionExec=7483440
event	5694533	release_after_refusal	FinalHashAggregateStream[1]	1	30900364	680	44292668	8	4	0		PartialHashAggregateStream=33103216;RepartitionExec=5909680;FinalHashAggregateStream=5279772
event	5722845	refusal	PartialHashAggregateStream[1]	1	8458416	29522673	92296576	8	4	0	33554432	FinalHashAggregateStream=57260087;PartialHashAggregateStream=29523353;RepartitionExec=5513136
event	5730875	release_after_refusal	PartialHashAggregateStream[1]	1	15996601	13526072	96212757	8	4	0		FinalHashAggregateStream=60508396;PartialHashAggregateStream=30191225;RepartitionExec=5513136
event	5735394	refusal	FinalHashAggregateStream[0]	1	14321464	31904017	106314050	8	4	0	33554432	FinalHashAggregateStream=60508396;PartialHashAggregateStream=38453398;RepartitionExec=7352256
event	5744697	refusal	PartialHashAggregateStream[0]	1	14226084	32739103	114125827	8	4	0	33554432	FinalHashAggregateStream=60508396;PartialHashAggregateStream=46265175;RepartitionExec=7352256
event	5753768	release_after_refusal	PartialHashAggregateStream[0]	1	16187495	16551608	97938332	8	4	0		FinalHashAggregateStream=60508396;PartialHashAggregateStream=30077680;RepartitionExec=7352256
event	5759251	release_after_refusal	FinalHashAggregateStream[0]	1	31903337	680	71261993	8	4	0		FinalHashAggregateStream=31861753;PartialHashAggregateStream=30077680;RepartitionExec=9322560
event	5763047	refusal	FinalHashAggregateStream[1]	1	14210678	31861073	69291801	8	4	0	33554432	FinalHashAggregateStream=31861753;PartialHashAggregateStream=30077680;RepartitionExec=7352368
event	5784255	release_after_refusal	FinalHashAggregateStream[1]	1	31860393	680	69044412	8	4	0		PartialHashAggregateStream=30459036;FinalHashAggregateStream=26371904;RepartitionExec=12213472
event	5799378	refusal	PartialHashAggregateStream[1]	1	14225814	32739047	100042553	8	4	0	33554432	PartialHashAggregateStream=49290655;FinalHashAggregateStream=43268458;RepartitionExec=7483440
event	5808942	release_after_refusal	PartialHashAggregateStream[1]	1	16187439	16551608	82290046	8	4	0		FinalHashAggregateStream=58372956;PartialHashAggregateStream=21160466;RepartitionExec=2756624
event	5816379	refusal	FinalHashAggregateStream[1]	1	7852011	31958022	99904291	8	4	0	33554432	FinalHashAggregateStream=63931376;PartialHashAggregateStream=33216291;RepartitionExec=2756624
event	5828986	refusal	PartialHashAggregateStream[0]	1	14226057	32738759	115978367	8	4	0	33554432	FinalHashAggregateStream=63931376;PartialHashAggregateStream=49290367;RepartitionExec=2756624
event	5837357	release_after_refusal	FinalHashAggregateStream[1]	1	31957342	680	84021025	8	4	0		PartialHashAggregateStream=49290367;FinalHashAggregateStream=31974034;RepartitionExec=2756624
event	5838836	release_after_refusal	PartialHashAggregateStream[0]	1	16187151	16551608	71774258	8	4	0		PartialHashAggregateStream=33103216;FinalHashAggregateStream=31974034;RepartitionExec=6697008
event	5841714	refusal	FinalHashAggregateStream[0]	1	13033235	31973354	76553610	8	4	0	33554432	FinalHashAggregateStream=34783194;PartialHashAggregateStream=33103216;RepartitionExec=8667200
event	5863276	release_after_refusal	FinalHashAggregateStream[0]	1	31972674	680	68454267	8	4	0		PartialHashAggregateStream=33216257;FinalHashAggregateStream=22630538;RepartitionExec=12607472
event	5874209	refusal	PartialHashAggregateStream[1]	1	14225715	32738993	87310529	8	4	0	33554432	PartialHashAggregateStream=49290601;FinalHashAggregateStream=31323032;RepartitionExec=6696896
event	5883493	release_after_refusal	PartialHashAggregateStream[1]	1	16187385	16551608	80765656	8	4	0		FinalHashAggregateStream=47662440;PartialHashAggregateStream=33103216
event	5896066	refusal	FinalHashAggregateStream[1]	1	1177806	33362755	105734899	8	4	0	33554432	FinalHashAggregateStream=65148243;PartialHashAggregateStream=33103216;RepartitionExec=7483440
event	5896503	refusal	FinalHashAggregateStream[0]	1	14258708	31785488	105734899	8	4	0	33554432	FinalHashAggregateStream=65148243;PartialHashAggregateStream=33103216;RepartitionExec=7483440
event	5915155	release_after_refusal	FinalHashAggregateStream[1]	1	33362075	680	72372824	8	4	0		PartialHashAggregateStream=33103216;FinalHashAggregateStream=31786168;RepartitionExec=7483440
event	5917792	release_after_refusal	FinalHashAggregateStream[0]	1	31784808	680	26877350	8	4	0		PartialHashAggregateStream=16552288;RepartitionExec=7483440;FinalHashAggregateStream=2841622
event	5947161	refusal	PartialHashAggregateStream[0]	1	14225886	32739715	100990110	8	4	0	33554432	PartialHashAggregateStream=49404895;FinalHashAggregateStream=48828703;RepartitionExec=2756512
event	5956715	release_after_refusal	PartialHashAggregateStream[0]	1	16188107	16551608	100875708	8	4	0		PartialHashAggregateStream=49290493;FinalHashAggregateStream=48828703;RepartitionExec=2756512
event	5959327	refusal	PartialHashAggregateStream[1]	1	14226075	32738885	106388956	8	4	0	33554432	PartialHashAggregateStream=49290493;FinalHashAggregateStream=48828703;RepartitionExec=8269760
event	5969055	release_after_refusal	PartialHashAggregateStream[1]	1	16187277	16551608	104800790	8	4	0		FinalHashAggregateStream=55547046;PartialHashAggregateStream=33103216;RepartitionExec=16150528
event	5969105	refusal	FinalHashAggregateStream[0]	1	6237999	31764378	104800790	8	4	0	33554432	FinalHashAggregateStream=55547046;PartialHashAggregateStream=33103216;RepartitionExec=16150528
event	5980811	refusal	FinalHashAggregateStream[1]	1	3248642	32387717	103952319	8	4	0	33554432	FinalHashAggregateStream=64152095;PartialHashAggregateStream=33103216;RepartitionExec=6697008
event	5989320	release_after_refusal	FinalHashAggregateStream[0]	1	31763698	680	72188621	8	4	0		PartialHashAggregateStream=33103216;FinalHashAggregateStream=32388397;RepartitionExec=6697008
event	6000256	release_after_refusal	FinalHashAggregateStream[1]	1	32387037	680	33916426	8	4	0		PartialHashAggregateStream=22807247;FinalHashAggregateStream=7168795;RepartitionExec=3940384
event	6024681	refusal	PartialHashAggregateStream[0]	1	8982979	32512074	80035697	8	4	0	33554432	FinalHashAggregateStream=38069311;PartialHashAggregateStream=32512754;RepartitionExec=9453632
event	6035337	release_after_refusal	PartialHashAggregateStream[0]	1	19764754	12747320	82980404	8	4	0		FinalHashAggregateStream=51598324;PartialHashAggregateStream=29411888;RepartitionExec=1970192
event	6046718	refusal	FinalHashAggregateStream[0]	1	13095264	33146682	120347586	8	4	0	33554432	FinalHashAggregateStream=57138300;PartialHashAggregateStream=45485782;RepartitionExec=17723504
event	6048514	refusal	PartialHashAggregateStream[1]	1	14225688	32738462	120347586	8	4	0	33554432	FinalHashAggregateStream=57138300;PartialHashAggregateStream=45485782;RepartitionExec=17723504
event	6059111	release_after_refusal	PartialHashAggregateStream[1]	1	16186854	16551608	104160732	8	4	0		FinalHashAggregateStream=57138300;PartialHashAggregateStream=29298928;RepartitionExec=17723504
event	6069645	release_after_refusal	FinalHashAggregateStream[0]	1	33146002	680	71728384	8	4	0		PartialHashAggregateStream=29298928;FinalHashAggregateStream=28646336;RepartitionExec=13783120
event	6074905	refusal	FinalHashAggregateStream[1]	1	13095035	31897805	77896043	8	4	0	33554432	FinalHashAggregateStream=37173291;PartialHashAggregateStream=29298928;RepartitionExec=11423824
event	6095718	release_after_refusal	FinalHashAggregateStream[1]	1	31897125	680	68422147	8	4	0		PartialHashAggregateStream=46074817;FinalHashAggregateStream=12893698;RepartitionExec=9453632
event	6099193	refusal	PartialHashAggregateStream[0]	1	14226138	32739155	69667901	8	4	0	33554432	PartialHashAggregateStream=49290763;FinalHashAggregateStream=12893698;RepartitionExec=7483440
event	6109624	release_after_refusal	PartialHashAggregateStream[0]	1	16187547	16551608	72239406	8	4	0		PartialHashAggregateStream=33103216;FinalHashAggregateStream=29683198;RepartitionExec=9452992
event	6127128	refusal	FinalHashAggregateStream[0]	1	13149280	32108986	88288480	8	4	0	33554432	FinalHashAggregateStream=64371489;PartialHashAggregateStream=21160367;RepartitionExec=2756624
event	6131615	refusal	FinalHashAggregateStream[1]	1	14258465	32262503	92307134	8	4	0	33554432	FinalHashAggregateStream=64371489;PartialHashAggregateStream=25179021;RepartitionExec=2756624
event	6148285	refusal	PartialHashAggregateStream[1]	1	14225688	32739256	116418977	8	4	0	33554432	FinalHashAggregateStream=64371489;PartialHashAggregateStream=49290864;RepartitionExec=2756624
event	6149096	release_after_refusal	FinalHashAggregateStream[0]	1	32108306	680	84310671	8	4	0		PartialHashAggregateStream=49290864;FinalHashAggregateStream=32263183;RepartitionExec=2756624
event	6154691	release_after_refusal	FinalHashAggregateStream[1]	1	32261823	680	52129709	8	4	0		PartialHashAggregateStream=49290864;FinalHashAggregateStream=2838845
event	6158499	release_after_refusal	PartialHashAggregateStream[1]	1	16187648	16551608	41167343	8	4	0		PartialHashAggregateStream=33103216;FinalHashAggregateStream=5307503;RepartitionExec=2756624
event	6193441	refusal	PartialHashAggregateStream[0]	1	14225751	32738579	110385239	8	4	0	33554432	FinalHashAggregateStream=56254979;PartialHashAggregateStream=49403444;RepartitionExec=4726816
event	6203006	release_after_refusal	PartialHashAggregateStream[0]	1	16186971	16551608	110272956	8	4	0		FinalHashAggregateStream=56254979;PartialHashAggregateStream=49291161;RepartitionExec=4726816
event	6203513	refusal	PartialHashAggregateStream[1]	1	14225976	32739553	113029580	8	4	0	33554432	FinalHashAggregateStream=56254979;PartialHashAggregateStream=49291161;RepartitionExec=7483440
event	6211615	refusal	FinalHashAggregateStream[0]	1	14318219	32035748	121791227	8	4	0	33554432	FinalHashAggregateStream=59503378;PartialHashAggregateStream=49291161;RepartitionExec=12996688
event	6213076	release_after_refusal	PartialHashAggregateStream[1]	1	16187945	16551608	105603282	8	4	0		FinalHashAggregateStream=59503378;PartialHashAggregateStream=33103216;RepartitionExec=12996688
event	6221570	refusal	FinalHashAggregateStream[1]	1	6356968	31882123	105290959	8	4	0	33554432	FinalHashAggregateStream=63917871;PartialHashAggregateStream=33103216;RepartitionExec=8269872
event	6234894	release_after_refusal	FinalHashAggregateStream[0]	1	32035068	680	73255891	8	4	0		PartialHashAggregateStream=33103216;FinalHashAggregateStream=31882803;RepartitionExec=8269872
event	6241987	release_after_refusal	FinalHashAggregateStream[1]	1	31881443	680	57252694	8	4	0		PartialHashAggregateStream=33103216;RepartitionExec=16937072;FinalHashAggregateStream=7212406
event	6270228	refusal	PartialHashAggregateStream[0]	1	14225787	32738356	110760473	8	4	0	33554432	FinalHashAggregateStream=58713885;PartialHashAggregateStream=49289964;RepartitionExec=2756624
event	6279490	refusal	FinalHashAggregateStream[0]	1	9015729	30773415	111745785	8	4	0	33554432	FinalHashAggregateStream=63129710;PartialHashAggregateStream=46645883;RepartitionExec=1970192
event	6280120	release_after_refusal	PartialHashAggregateStream[0]	1	16186748	16551608	95559037	8	4	0		FinalHashAggregateStream=63129710;PartialHashAggregateStream=30459135;RepartitionExec=1970192
event	6294043	refusal	PartialHashAggregateStream[1]	1	14226210	32739418	119116848	8	4	0	33554432	FinalHashAggregateStream=63129710;PartialHashAggregateStream=49291026;RepartitionExec=6696112
event	6299390	release_after_refusal	FinalHashAggregateStream[0]	1	30772735	680	88344113	8	4	0		PartialHashAggregateStream=49291026;FinalHashAggregateStream=32356975;RepartitionExec=6696112
event	6303551	release_after_refusal	PartialHashAggregateStream[1]	1	16187810	16551608	74786939	8	4	0		FinalHashAggregateStream=37743339;PartialHashAggregateStream=33103216;RepartitionExec=3940384
event	6308008	refusal	FinalHashAggregateStream[1]	1	3248651	32356295	90840235	8	4	0	33554432	FinalHashAggregateStream=42770139;PartialHashAggregateStream=33103216;RepartitionExec=14966880
event	6329350	release_after_refusal	FinalHashAggregateStream[1]	1	32355615	680	61889959	8	4	0		RepartitionExec=31116624;FinalHashAggregateStream=30771975;PartialHashAggregateStream=1360
event	6330862	refusal	FinalHashAggregateStream[0]	1	9015828	30771295	64527891	8	4	0	33554432	FinalHashAggregateStream=30771975;RepartitionExec=29146432;PartialHashAggregateStream=4609484
event	6350038	refusal	PartialHashAggregateStream[0]	1	14225823	32738635	100812848	8	4	0	33554432	FinalHashAggregateStream=55863277;PartialHashAggregateStream=32739315;RepartitionExec=12210256
event	6350804	release_after_refusal	FinalHashAggregateStream[0]	1	30770615	680	68486017	8	4	0		PartialHashAggregateStream=32739315;FinalHashAggregateStream=26293070;RepartitionExec=9453632
event	6359907	release_after_refusal	PartialHashAggregateStream[0]	1	16187027	16551608	64311564	8	4	0		FinalHashAggregateStream=31882057;PartialHashAggregateStream=30459315;RepartitionExec=1970192
event	6360520	refusal	FinalHashAggregateStream[1]	1	13107851	31881377	67068188	8	4	0	33554432	FinalHashAggregateStream=31882057;PartialHashAggregateStream=30459315;RepartitionExec=4726816
event	6375029	refusal	PartialHashAggregateStream[1]	1	14226003	32738860	100530376	8	4	0	33554432	FinalHashAggregateStream=46913380;PartialHashAggregateStream=32739540;RepartitionExec=20877456
event	6380697	release_after_refusal	FinalHashAggregateStream[1]	1	31880697	680	70827286	8	4	0		PartialHashAggregateStream=32739540;FinalHashAggregateStream=19180482;RepartitionExec=18907264
event	6386560	release_after_refusal	PartialHashAggregateStream[1]	1	16187252	16551608	69771902	8	4	0		FinalHashAggregateStream=29625839;PartialHashAggregateStream=25179183;RepartitionExec=14966880
event	6401007	refusal	FinalHashAggregateStream[0]	1	8284117	29646408	116212972	8	4	0	33554432	FinalHashAggregateStream=54712905;PartialHashAggregateStream=49289811;RepartitionExec=12210256
event	6403531	refusal	PartialHashAggregateStream[0]	1	14225931	32738203	114623234	8	4	0	33554432	FinalHashAggregateStream=55879791;PartialHashAggregateStream=49289811;RepartitionExec=9453632
event	6413652	release_after_refusal	PartialHashAggregateStream[0]	1	16186595	16551608	98485751	8	4	0		FinalHashAggregateStream=62625911;PartialHashAggregateStream=33103216;RepartitionExec=2756624
event	6414697	refusal	FinalHashAggregateStream[1]	1	13105829	32979503	104396327	8	4	0	33554432	FinalHashAggregateStream=62625911;PartialHashAggregateStream=33103216;RepartitionExec=8667200
event	6423933	release_after_refusal	FinalHashAggregateStream[0]	1	29645728	680	74750599	8	4	0		PartialHashAggregateStream=33103216;FinalHashAggregateStream=32980183;RepartitionExec=8667200
event	6435944	release_after_refusal	FinalHashAggregateStream[1]	1	32978823	680	47350389	8	4	0		PartialHashAggregateStream=21160754;FinalHashAggregateStream=13979379;RepartitionExec=12210256
event	6457569	refusal	PartialHashAggregateStream[1]	1	14225670	32738795	103481554	8	4	0	33554432	FinalHashAggregateStream=51322038;PartialHashAggregateStream=46646268;RepartitionExec=5513248
event	6467128	release_after_refusal	PartialHashAggregateStream[1]	1	16187187	16551608	101354284	8	4	0		FinalHashAggregateStream=54821544;PartialHashAggregateStream=43776116;RepartitionExec=2756624
event	6473041	refusal	PartialHashAggregateStream[0]	1	14225823	32738716	112087272	8	4	0	33554432	FinalHashAggregateStream=58070132;PartialHashAggregateStream=49290324;RepartitionExec=4726816
event	6476967	refusal	FinalHashAggregateStream[1]	1	14258276	30704618	112087272	8	4	0	33554432	FinalHashAggregateStream=58070132;PartialHashAggregateStream=49290324;RepartitionExec=4726816
event	6482805	release_after_refusal	PartialHashAggregateStream[0]	1	16187108	16551608	95900164	8	4	0		FinalHashAggregateStream=58070132;PartialHashAggregateStream=33103216;RepartitionExec=4726816
event	6493754	refusal	FinalHashAggregateStream[0]	1	14258474	31782674	104256812	8	4	0	33554432	FinalHashAggregateStream=62487292;PartialHashAggregateStream=33103216;RepartitionExec=8666304
event	6498872	release_after_refusal	FinalHashAggregateStream[1]	1	30703938	680	73552874	8	4	0		PartialHashAggregateStream=33103216;FinalHashAggregateStream=31783354;RepartitionExec=8666304
event	6514767	release_after_refusal	FinalHashAggregateStream[0]	1	31781994	680	62188533	8	4	0		PartialHashAggregateStream=33103216;FinalHashAggregateStream=15691301;RepartitionExec=13394016
event	6545591	refusal	PartialHashAggregateStream[1]	1	14226138	32738253	122737760	8	4	0	33554432	PartialHashAggregateStream=62261176;FinalHashAggregateStream=60476584
event	6549414	refusal	PartialHashAggregateStream[0]	1	14226084	32738552	125953389	8	4	0	33554432	PartialHashAggregateStream=65476805;FinalHashAggregateStream=60476584
event	6555689	release_after_refusal	PartialHashAggregateStream[1]	1	16186645	16551608	109766744	8	4	0		FinalHashAggregateStream=60476584;PartialHashAggregateStream=49290160
event	6558920	release_after_refusal	PartialHashAggregateStream[0]	1	16186944	16551608	96336424	8	4	0		FinalHashAggregateStream=60476584;PartialHashAggregateStream=33103216;RepartitionExec=2756624
event	6561395	refusal	FinalHashAggregateStream[1]	1	14303404	31936678	109825175	8	4	0	33554432	FinalHashAggregateStream=63725271;PartialHashAggregateStream=33103216;RepartitionExec=12996688
event	6565431	refusal	FinalHashAggregateStream[0]	1	14235665	31788593	109825175	8	4	0	33554432	FinalHashAggregateStream=63725271;PartialHashAggregateStream=33103216;RepartitionExec=12996688
event	6584711	release_after_refusal	FinalHashAggregateStream[1]	1	31935998	680	77889177	8	4	0		PartialHashAggregateStream=33103216;FinalHashAggregateStream=31789273;RepartitionExec=12996688
event	6586312	release_after_refusal	FinalHashAggregateStream[0]	1	31787913	680	46101264	8	4	0		PartialHashAggregateStream=33103216;RepartitionExec=12996688;FinalHashAggregateStream=1360
event	6633956	refusal	PartialHashAggregateStream[1]	1	14225533	32739380	124912599	8	4	0	33554432	PartialHashAggregateStream=62262861;FinalHashAggregateStream=60679546;RepartitionExec=1970192
event	6638612	refusal	PartialHashAggregateStream[0]	1	14225922	32738867	128127985	8	4	0	33554432	PartialHashAggregateStream=65478247;FinalHashAggregateStream=60679546;RepartitionExec=1970192
event	6643775	release_after_refusal	PartialHashAggregateStream[1]	1	16187772	16551608	111940213	8	4	0		FinalHashAggregateStream=60679546;PartialHashAggregateStream=49290475;RepartitionExec=1970192
event	6648236	release_after_refusal	PartialHashAggregateStream[0]	1	16187259	16551608	98890227	8	4	0		FinalHashAggregateStream=61846627;PartialHashAggregateStream=33103216;RepartitionExec=3940384
event	6648784	refusal	FinalHashAggregateStream[0]	1	13140410	33028736	96920035	8	4	0	33554432	FinalHashAggregateStream=61846627;PartialHashAggregateStream=33103216;RepartitionExec=1970192
event	6657442	refusal	FinalHashAggregateStream[1]	1	14231161	32066569	104108201	8	4	0	33554432	FinalHashAggregateStream=65095305;PartialHashAggregateStream=33103216;RepartitionExec=5909680
event	6671873	release_after_refusal	FinalHashAggregateStream[0]	1	33028056	680	71080145	8	4	0		PartialHashAggregateStream=33103216;FinalHashAggregateStream=32067249;RepartitionExec=5909680
event	6679990	release_after_refusal	FinalHashAggregateStream[1]	1	32065889	680	61289743	8	4	0		PartialHashAggregateStream=33103216;RepartitionExec=20876560;FinalHashAggregateStream=7309967
event	6706743	refusal	PartialHashAggregateStream[1]	1	14225850	32738766	98301464	8	4	0	33554432	PartialHashAggregateStream=49290374;FinalHashAggregateStream=49011090
event	6716341	release_after_refusal	PartialHashAggregateStream[1]	1	16187158	16551608	76452707	8	4	0		FinalHashAggregateStream=57143907;PartialHashAggregateStream=16552288;RepartitionExec=2756512
event	6723816	refusal	FinalHashAggregateStream[1]	1	14248862	32923778	99839921	8	4	0	33554432	FinalHashAggregateStream=63634093;PartialHashAggregateStream=25179444;RepartitionExec=11026384
event	6723819	refusal	FinalHashAggregateStream[0]	1	14232281	30710315	99839921	8	4	0	33554432	FinalHashAggregateStream=63634093;PartialHashAggregateStream=25179444;RepartitionExec=11026384
event	6741711	refusal	PartialHashAggregateStream[0]	1	14225634	32739463	123951548	8	4	0	33554432	FinalHashAggregateStream=63634093;PartialHashAggregateStream=49291071;RepartitionExec=11026384
event	6746611	release_after_refusal	FinalHashAggregateStream[0]	1	30709635	680	93241913	8	4	0		PartialHashAggregateStream=49291071;FinalHashAggregateStream=32924458;RepartitionExec=11026384
event	6748416	release_after_refusal	FinalHashAggregateStream[1]	1	32923098	680	57562191	8	4	0		PartialHashAggregateStream=49291071;RepartitionExec=8269760;FinalHashAggregateStream=1360
event	6751396	release_after_refusal	PartialHashAggregateStream[0]	1	16187855	16551608	44037319	8	4	0		PartialHashAggregateStream=33103216;FinalHashAggregateStream=8177479;RepartitionExec=2756624
event	6779253	refusal	FinalHashAggregateStream[0]	1	7891620	31821479	104717817	8	4	0	33554432	FinalHashAggregateStream=60484493;PartialHashAggregateStream=41476700;RepartitionExec=2756624
event	6785803	refusal	PartialHashAggregateStream[1]	1	8458515	29521247	111413281	8	4	0	33554432	FinalHashAggregateStream=62583802;PartialHashAggregateStream=46072855;RepartitionExec=2756624
event	6793779	release_after_refusal	PartialHashAggregateStream[1]	1	15995175	13526072	95418106	8	4	0		FinalHashAggregateStream=62583802;PartialHashAggregateStream=30077680;RepartitionExec=2756624
event	6798160	refusal	FinalHashAggregateStream[1]	1	8990712	30762323	99096346	8	4	0	33554432	FinalHashAggregateStream=62583802;PartialHashAggregateStream=30077680;RepartitionExec=6434864
event	6800154	release_after_refusal	FinalHashAggregateStream[0]	1	31820799	680	67275547	8	4	0		FinalHashAggregateStream=30763003;PartialHashAggregateStream=30077680;RepartitionExec=6434864
event	6819132	release_after_refusal	FinalHashAggregateStream[1]	1	30761643	680	50123411	8	4	0		PartialHashAggregateStream=40750582;RepartitionExec=6565936;FinalHashAggregateStream=2806893
event	6822595	refusal	PartialHashAggregateStream[0]	1	8458281	29522934	50451643	8	4	0	33554432	PartialHashAggregateStream=43049006;RepartitionExec=4595744;FinalHashAggregateStream=2806893
event	6831417	release_after_refusal	PartialHashAggregateStream[0]	1	15996862	13526072	42705101	8	4	0		FinalHashAggregateStream=16833245;PartialHashAggregateStream=13526752;RepartitionExec=12345104
event	6857661	refusal	PartialHashAggregateStream[1]	1	14225539	31563622	103769041	8	4	0	33554432	FinalHashAggregateStream=54870035;PartialHashAggregateStream=45089694;RepartitionExec=3809312
event	6866960	release_after_refusal	PartialHashAggregateStream[1]	1	15013678	16549944	93779852	8	4	0		FinalHashAggregateStream=63703836;PartialHashAggregateStream=30076016
event	6867419	refusal	FinalHashAggregateStream[1]	1	13098242	31834691	96536476	8	4	0	33554432	FinalHashAggregateStream=63703836;PartialHashAggregateStream=30076016;RepartitionExec=2756624
event	6871656	refusal	FinalHashAggregateStream[0]	1	14281099	31869145	96536476	8	4	0	33554432	FinalHashAggregateStream=63703836;PartialHashAggregateStream=30076016;RepartitionExec=2756624
event	6889837	release_after_refusal	FinalHashAggregateStream[1]	1	31834011	680	64702465	8	4	0		FinalHashAggregateStream=31869825;PartialHashAggregateStream=30076016;RepartitionExec=2756624
event	6894221	release_after_refusal	FinalHashAggregateStream[0]	1	31868465	680	23318309	8	4	0		PartialHashAggregateStream=16550624;RepartitionExec=3940384;FinalHashAggregateStream=2827301
event	6915686	refusal	PartialHashAggregateStream[0]	1	14225949	32739445	84790578	8	4	0	33554432	PartialHashAggregateStream=46647026;FinalHashAggregateStream=26719728;RepartitionExec=11423824
event	6925388	release_after_refusal	PartialHashAggregateStream[0]	1	16187837	16551608	84218009	8	4	0		PartialHashAggregateStream=46074457;FinalHashAggregateStream=26719728;RepartitionExec=11423824
event	6930390	refusal	PartialHashAggregateStream[1]	1	14225832	32738759	94717897	8	4	0	33554432	PartialHashAggregateStream=49290367;FinalHashAggregateStream=33217786;RepartitionExec=12209744
event	6939838	release_after_refusal	PartialHashAggregateStream[1]	1	16187151	16551608	80846680	8	4	0		FinalHashAggregateStream=48144264;PartialHashAggregateStream=16552288;RepartitionExec=16150128
event	6945285	refusal	FinalHashAggregateStream[0]	1	14258699	32346551	94374403	8	4	0	33554432	FinalHashAggregateStream=55015803;PartialHashAggregateStream=25179048;RepartitionExec=14179552
event	6956016	refusal	FinalHashAggregateStream[1]	1	3242138	31867291	115472887	8	4	0	33554432	FinalHashAggregateStream=64213842;PartialHashAggregateStream=43776501;RepartitionExec=7482544
event	6963420	refusal	PartialHashAggregateStream[0]	1	14225940	32738838	120986832	8	4	0	33554432	FinalHashAggregateStream=64213842;PartialHashAggregateStream=49290446;RepartitionExec=7482544
event	6969102	release_after_refusal	FinalHashAggregateStream[0]	1	32345871	680	88640961	8	4	0		PartialHashAggregateStream=49290446;FinalHashAggregateStream=31867971;RepartitionExec=7482544
event	6973083	release_after_refusal	PartialHashAggregateStream[0]	1	16187230	16551608	77235317	8	4	0		FinalHashAggregateStream=34678469;PartialHashAggregateStream=33103216;RepartitionExec=9453632
event	6974905	release_after_refusal	FinalHashAggregateStream[1]	1	31866611	680	53844732	8	4	0		PartialHashAggregateStream=33103216;RepartitionExec=15363312;FinalHashAggregateStream=5378204
event	7003723	refusal	FinalHashAggregateStream[0]	1	14312513	31949180	99415055	8	4	0	33554432	FinalHashAggregateStream=64359300;PartialHashAggregateStream=18516347;RepartitionExec=16539408
event	7004426	refusal	FinalHashAggregateStream[1]	1	2085734	32410120	99415055	8	4	0	33554432	FinalHashAggregateStream=64359300;PartialHashAggregateStream=18516347;RepartitionExec=16539408
event	7021734	refusal	PartialHashAggregateStream[1]	1	14225787	32738624	143160660	8	4	0	33554432	FinalHashAggregateStream=64359300;PartialHashAggregateStream=62261952;RepartitionExec=16539408
event	7024660	release_after_refusal	FinalHashAggregateStream[1]	1	32409440	680	113967202	8	4	0		PartialHashAggregateStream=65477934;FinalHashAggregateStream=31949860;RepartitionExec=16539408
event	7026197	refusal	PartialHashAggregateStream[0]	1	14225868	32739310	111210578	8	4	0	33554432	PartialHashAggregateStream=65477934;FinalHashAggregateStream=31949860;RepartitionExec=13782784
event	7032758	release_after_refusal	PartialHashAggregateStream[1]	1	16187016	16551608	94265385	8	4	0		PartialHashAggregateStream=49290918;FinalHashAggregateStream=42218067;RepartitionExec=2756400
event	7034325	release_after_refusal	FinalHashAggregateStream[0]	1	31948500	680	67043701	8	4	0		PartialHashAggregateStream=49290918;FinalHashAggregateStream=10269567;RepartitionExec=7483216
event	7038103	release_after_refusal	PartialHashAggregateStream[0]	1	16187702	16551608	51765500	8	4	0		PartialHashAggregateStream=33103216;FinalHashAggregateStream=13935468;RepartitionExec=4726816
event	7059339	refusal	FinalHashAggregateStream[1]	1	14305590	31955511	87932309	8	4	0	33554432	FinalHashAggregateStream=58105296;PartialHashAggregateStream=21160709;RepartitionExec=8666304
event	7078931	refusal	PartialHashAggregateStream[1]	1	14225850	32739661	116924010	8	4	0	33554432	FinalHashAggregateStream=63692357;PartialHashAggregateStream=49291269;RepartitionExec=3940384
event	7081361	release_after_refusal	FinalHashAggregateStream[1]	1	31954831	680	84969179	8	4	0		PartialHashAggregateStream=49291269;FinalHashAggregateStream=31737526;RepartitionExec=3940384
event	7089638	release_after_refusal	PartialHashAggregateStream[1]	1	16188053	16551608	61708701	8	4	0		FinalHashAggregateStream=40429597;PartialHashAggregateStream=16552288;RepartitionExec=4726816
event	7090565	refusal	FinalHashAggregateStream[0]	1	14258627	31736846	66435517	8	4	0	33554432	FinalHashAggregateStream=40429597;PartialHashAggregateStream=16552288;RepartitionExec=9453632
event	7111730	release_after_refusal	FinalHashAggregateStream[0]	1	31736166	680	76320935	8	4	0		FinalHashAggregateStream=31762126;PartialHashAggregateStream=27225305;RepartitionExec=17333504
event	7120493	refusal	PartialHashAggregateStream[0]	1	14225634	32738941	98524169	8	4	0	33554432	PartialHashAggregateStream=46646378;FinalHashAggregateStream=40454863;RepartitionExec=11422928
event	7131173	release_after_refusal	PartialHashAggregateStream[0]	1	16187333	16551608	105352725	8	4	0		FinalHashAggregateStream=54551432;PartialHashAggregateStream=46074477;RepartitionExec=4726816
event	7136622	refusal	PartialHashAggregateStream[1]	1	14225769	32738806	115987445	8	4	0	33554432	FinalHashAggregateStream=59213591;PartialHashAggregateStream=49290414;RepartitionExec=7483440
event	7145273	refusal	FinalHashAggregateStream[0]	1	14258807	30700859	119236159	8	4	0	33554432	FinalHashAggregateStream=62462305;PartialHashAggregateStream=49290414;RepartitionExec=7483440
event	7146344	release_after_refusal	PartialHashAggregateStream[1]	1	16187198	16551608	103048961	8	4	0		FinalHashAggregateStream=62462305;PartialHashAggregateStream=33103216;RepartitionExec=7483440
event	7151584	refusal	FinalHashAggregateStream[1]	1	13100396	32941523	110925150	8	4	0	33554432	FinalHashAggregateStream=63642382;PartialHashAggregateStream=33103216;RepartitionExec=14179552
event	7173319	release_after_refusal	FinalHashAggregateStream[0]	1	30700179	680	80224971	8	4	0		PartialHashAggregateStream=33103216;FinalHashAggregateStream=32942203;RepartitionExec=14179552
event	7173395	release_after_refusal	FinalHashAggregateStream[1]	1	32940843	680	45314832	8	4	0		PartialHashAggregateStream=33103216;RepartitionExec=12210256;FinalHashAggregateStream=1360
event	7218643	refusal	PartialHashAggregateStream[0]	1	14225886	32738860	121379075	8	4	0	33554432	PartialHashAggregateStream=59963773;FinalHashAggregateStream=59445110;RepartitionExec=1970192
event	7226096	refusal	PartialHashAggregateStream[1]	1	14225697	32739092	126893254	8	4	0	33554432	PartialHashAggregateStream=65477952;FinalHashAggregateStream=59445110;RepartitionExec=1970192
event	7228877	release_after_refusal	PartialHashAggregateStream[0]	1	16187252	16551608	110706002	8	4	0		FinalHashAggregateStream=59445110;PartialHashAggregateStream=49290700;RepartitionExec=1970192
event	7233454	refusal	FinalHashAggregateStream[0]	1	7876119	32074667	113863582	8	4	0	33554432	FinalHashAggregateStream=60632498;PartialHashAggregateStream=49290700;RepartitionExec=3940384
event	7235480	release_after_refusal	PartialHashAggregateStream[1]	1	16187484	16551608	97676098	8	4	0		FinalHashAggregateStream=60632498;PartialHashAggregateStream=33103216;RepartitionExec=3940384
event	7244415	refusal	FinalHashAggregateStream[1]	1	14258429	31806455	104467778	8	4	0	33554432	FinalHashAggregateStream=63881122;PartialHashAggregateStream=33103216;RepartitionExec=7483440
event	7255457	release_after_refusal	FinalHashAggregateStream[0]	1	32073987	680	72393791	8	4	0		PartialHashAggregateStream=33103216;FinalHashAggregateStream=31807135;RepartitionExec=7483440
event	7266736	release_after_refusal	FinalHashAggregateStream[1]	1	31805775	680	51838027	8	4	0		RepartitionExec=22450320;PartialHashAggregateStream=16552288;FinalHashAggregateStream=12835419
event	7291897	refusal	PartialHashAggregateStream[0]	1	14225985	32739373	92244802	8	4	0	33554432	PartialHashAggregateStream=49290981;FinalHashAggregateStream=42953821
event	7301242	refusal	FinalHashAggregateStream[1]	1	14062525	31781329	102886982	8	4	0	33554432	FinalHashAggregateStream=61520143;PartialHashAggregateStream=41366839
event	7301758	release_after_refusal	PartialHashAggregateStream[0]	1	16187765	16551608	86699217	8	4	0		FinalHashAggregateStream=61520143;PartialHashAggregateStream=25179074
event	7311518	refusal	FinalHashAggregateStream[0]	1	14188625	32987150	113271530	8	4	0	33554432	FinalHashAggregateStream=64768479;PartialHashAggregateStream=43776235;RepartitionExec=4726816
event	7316849	refusal	PartialHashAggregateStream[1]	1	8458263	29522545	115569448	8	4	0	33554432	FinalHashAggregateStream=64768479;PartialHashAggregateStream=46074153;RepartitionExec=4726816
event	7322925	release_after_refusal	FinalHashAggregateStream[1]	1	31780649	680	83788799	8	4	0		PartialHashAggregateStream=46074153;FinalHashAggregateStream=32987830;RepartitionExec=4726816
event	7324937	release_after_refusal	PartialHashAggregateStream[1]	1	15996473	13526072	65822134	8	4	0		FinalHashAggregateStream=32987830;PartialHashAggregateStream=30077680;RepartitionExec=2756624
event	7336266	release_after_refusal	FinalHashAggregateStream[0]	1	32986470	680	44742652	8	4	0		PartialHashAggregateStream=16552288;RepartitionExec=14183664;FinalHashAggregateStream=14006700
event	7363787	refusal	PartialHashAggregateStream[1]	1	14225850	32738257	110943097	8	4	0	33554432	FinalHashAggregateStream=53383360;PartialHashAggregateStream=49289865;RepartitionExec=8269872
event	7367384	refusal	FinalHashAggregateStream[1]	1	14258357	30674006	110943097	8	4	0	33554432	FinalHashAggregateStream=53383360;PartialHashAggregateStream=49289865;RepartitionExec=8269872
event	7375437	release_after_refusal	PartialHashAggregateStream[1]	1	16186649	16551608	95108655	8	4	0		FinalHashAggregateStream=62005439;PartialHashAggregateStream=33103216
event	7379988	refusal	FinalHashAggregateStream[0]	1	9015594	33429815	103117613	8	4	0	33554432	FinalHashAggregateStream=64103821;PartialHashAggregateStream=33103216;RepartitionExec=5910576
event	7389164	release_after_refusal	FinalHashAggregateStream[1]	1	30673326	680	72444287	8	4	0		FinalHashAggregateStream=33430495;PartialHashAggregateStream=33103216;RepartitionExec=5910576
event	7400810	release_after_refusal	FinalHashAggregateStream[0]	1	33429135	680	53776828	8	4	0		PartialHashAggregateStream=33103216;FinalHashAggregateStream=13976604;RepartitionExec=6697008
event	7426437	refusal	PartialHashAggregateStream[1]	1	14225634	32738705	102936744	8	4	0	33554432	PartialHashAggregateStream=59963418;FinalHashAggregateStream=40216702;RepartitionExec=2756624
event	7432445	refusal	PartialHashAggregateStream[0]	1	14225850	32738228	108450259	8	4	0	33554432	PartialHashAggregateStream=65476933;FinalHashAggregateStream=40216702;RepartitionExec=2756624
event	7436274	release_after_refusal	PartialHashAggregateStream[1]	1	16187097	16551608	92263162	8	4	0		PartialHashAggregateStream=49289836;FinalHashAggregateStream=40216702;RepartitionExec=2756624
event	7442173	release_after_refusal	PartialHashAggregateStream[0]	1	16186620	16551608	92313540	8	4	0		FinalHashAggregateStream=48970260;PartialHashAggregateStream=33103216;RepartitionExec=10240064
event	7456794	refusal	FinalHashAggregateStream[1]	1	14258609	31859009	92761195	8	4	0	33554432	FinalHashAggregateStream=64785979;PartialHashAggregateStream=16552288;RepartitionExec=11422928
event	7458152	refusal	FinalHashAggregateStream[0]	1	13122602	32926970	92761195	8	4	0	33554432	FinalHashAggregateStream=64785979;PartialHashAggregateStream=16552288;RepartitionExec=11422928
event	7478747	release_after_refusal	FinalHashAggregateStream[1]	1	31858329	680	93641415	8	4	0		PartialHashAggregateStream=49290837;FinalHashAggregateStream=32927650;RepartitionExec=11422928
event	7479686	refusal	PartialHashAggregateStream[1]	1	14225913	32739229	91672119	8	4	0	33554432	PartialHashAggregateStream=49290837;FinalHashAggregateStream=32927650;RepartitionExec=9453632
event	7480743	release_after_refusal	FinalHashAggregateStream[0]	1	32926290	680	58745829	8	4	0		PartialHashAggregateStream=49290837;RepartitionExec=9453632;FinalHashAggregateStream=1360
event	7490968	release_after_refusal	PartialHashAggregateStream[1]	1	16187621	16551608	64909361	8	4	0		PartialHashAggregateStream=33103216;FinalHashAggregateStream=21566081;RepartitionExec=10240064
event	7515766	refusal	FinalHashAggregateStream[0]	1	13110719	31853264	101475462	8	4	0	33554432	FinalHashAggregateStream=64914200;PartialHashAggregateStream=31834446;RepartitionExec=4726816
event	7517038	refusal	FinalHashAggregateStream[1]	1	14347506	33060936	101475462	8	4	0	33554432	FinalHashAggregateStream=64914200;PartialHashAggregateStream=31834446;RepartitionExec=4726816
event	7524372	refusal	PartialHashAggregateStream[0]	1	14225535	32739310	119045011	8	4	0	33554432	FinalHashAggregateStream=64914200;PartialHashAggregateStream=49403995;RepartitionExec=4726816
event	7534164	release_after_refusal	PartialHashAggregateStream[0]	1	16187702	16551608	115715077	8	4	0		FinalHashAggregateStream=64914200;PartialHashAggregateStream=46074061;RepartitionExec=4726816
event	7537079	release_after_refusal	FinalHashAggregateStream[0]	1	31852584	680	91805192	8	4	0		PartialHashAggregateStream=49289944;FinalHashAggregateStream=33061616;RepartitionExec=9453632
event	7537717	refusal	PartialHashAggregateStream[1]	1	14225886	32738336	92591624	8	4	0	33554432	PartialHashAggregateStream=49289944;FinalHashAggregateStream=33061616;RepartitionExec=10240064
event	7540793	release_after_refusal	FinalHashAggregateStream[1]	1	33060256	680	59531368	8	4	0		PartialHashAggregateStream=49289944;RepartitionExec=10240064;FinalHashAggregateStream=1360
event	7548279	release_after_refusal	PartialHashAggregateStream[1]	1	16186728	16551608	65151368	8	4	0		PartialHashAggregateStream=33103216;FinalHashAggregateStream=19837896;RepartitionExec=12210256
event	7582573	refusal	PartialHashAggregateStream[0]	1	14225787	32737778	108671157	8	4	0	33554432	FinalHashAggregateStream=59381771;PartialHashAggregateStream=49289386
event	7591924	release_after_refusal	PartialHashAggregateStream[0]	1	16186170	16551608	92484987	8	4	0		FinalHashAggregateStream=59381771;PartialHashAggregateStream=33103216
event	7598766	refusal	FinalHashAggregateStream[1]	1	14231979	33161463	109246739	8	4	0	33554432	FinalHashAggregateStream=63933267;PartialHashAggregateStream=33103216;RepartitionExec=12210256
event	7600246	refusal	FinalHashAggregateStream[0]	1	14149773	30771804	109246739	8	4	0	33554432	FinalHashAggregateStream=63933267;PartialHashAggregateStream=33103216;RepartitionExec=12210256
event	7622913	release_after_refusal	FinalHashAggregateStream[0]	1	30771124	680	78475615	8	4	0		FinalHashAggregateStream=33162143;PartialHashAggregateStream=33103216;RepartitionExec=12210256
event	7624686	release_after_refusal	FinalHashAggregateStream[1]	1	33160783	680	43344640	8	4	0		PartialHashAggregateStream=33103216;RepartitionExec=10240064;FinalHashAggregateStream=1360
event	7660705	refusal	PartialHashAggregateStream[0]	1	14225949	32738588	112761232	8	4	0	33554432	PartialHashAggregateStream=59963402;FinalHashAggregateStream=52797830
event	7667289	refusal	PartialHashAggregateStream[1]	1	14225832	32738914	118275332	8	4	0	33554432	PartialHashAggregateStream=65477502;FinalHashAggregateStream=52797830
event	7670866	release_after_refusal	PartialHashAggregateStream[0]	1	16186980	16551608	102088352	8	4	0		FinalHashAggregateStream=52797830;PartialHashAggregateStream=49290522
event	7676815	release_after_refusal	PartialHashAggregateStream[1]	1	16187306	16551608	98823933	8	4	0		FinalHashAggregateStream=57450845;PartialHashAggregateStream=33103216;RepartitionExec=8269872
event	7684207	refusal	FinalHashAggregateStream[1]	1	13090594	31980671	104940127	8	4	0	33554432	FinalHashAggregateStream=65139903;PartialHashAggregateStream=33103216;RepartitionExec=6697008
event	7684359	refusal	FinalHashAggregateStream[0]	1	14256211	33159232	104940127	8	4	0	33554432	FinalHashAggregateStream=65139903;PartialHashAggregateStream=33103216;RepartitionExec=6697008
event	7705507	release_after_refusal	FinalHashAggregateStream[1]	1	31979991	680	72960136	8	4	0		FinalHashAggregateStream=33159912;PartialHashAggregateStream=33103216;RepartitionExec=6697008
event	7707973	release_after_refusal	FinalHashAggregateStream[0]	1	33158552	680	41771776	8	4	0		PartialHashAggregateStream=33103216;RepartitionExec=8667200;FinalHashAggregateStream=1360
event	7735180	refusal	PartialHashAggregateStream[0]	1	14225508	32737987	85283197	8	4	0	33554432	FinalHashAggregateStream=52544530;PartialHashAggregateStream=32738667
event	7744972	release_after_refusal	PartialHashAggregateStream[0]	1	16186379	16551608	83302800	8	4	0		FinalHashAggregateStream=58124103;PartialHashAggregateStream=25178697
event	7749855	refusal	FinalHashAggregateStream[1]	1	13095995	31851221	94836890	8	4	0	33554432	FinalHashAggregateStream=61621155;PartialHashAggregateStream=33215735
event	7761744	refusal	PartialHashAggregateStream[1]	1	14225742	32738599	110911362	8	4	0	33554432	FinalHashAggregateStream=61621155;PartialHashAggregateStream=49290207
event	7770918	release_after_refusal	PartialHashAggregateStream[1]	1	16186991	16551608	94724371	8	4	0		FinalHashAggregateStream=61621155;PartialHashAggregateStream=33103216
event	7771769	release_after_refusal	FinalHashAggregateStream[1]	1	31850541	680	69569942	8	4	0		PartialHashAggregateStream=33103216;FinalHashAggregateStream=29770614;RepartitionExec=6696112
event	7776082	refusal	FinalHashAggregateStream[0]	1	8380685	29769934	74996960	8	4	0	33554432	FinalHashAggregateStream=34411200;PartialHashAggregateStream=33103216;RepartitionExec=7482544
event	7796434	release_after_refusal	FinalHashAggregateStream[0]	1	29769254	680	63356620	8	4	0		PartialHashAggregateStream=30459522;FinalHashAggregateStream=16747354;RepartitionExec=16149744
event	7811547	refusal	PartialHashAggregateStream[0]	1	14226165	32739256	81986457	8	4	0	33554432	PartialHashAggregateStream=49290864;FinalHashAggregateStream=30725401;RepartitionExec=1970192
event	7821043	release_after_refusal	PartialHashAggregateStream[0]	1	16187648	16551608	73076831	8	4	0		FinalHashAggregateStream=44315183;PartialHashAggregateStream=16552288;RepartitionExec=12209360
event	7828204	refusal	FinalHashAggregateStream[0]	1	9015729	30816917	81061335	8	4	0	33554432	FinalHashAggregateStream=57025607;PartialHashAggregateStream=16552288;RepartitionExec=7483440
event	7841099	refusal	FinalHashAggregateStream[1]	1	14227658	32972672	87825317	8	4	0	33554432	FinalHashAggregateStream=63789589;PartialHashAggregateStream=16552288;RepartitionExec=7483440
event	7848202	release_after_refusal	FinalHashAggregateStream[0]	1	30816237	680	57009080	8	4	0		FinalHashAggregateStream=32973352;PartialHashAggregateStream=16552288;RepartitionExec=7483440
event	7862966	release_after_refusal	FinalHashAggregateStream[1]	1	32971992	680	27102104	8	4	0		FinalHashAggregateStream=15795756;RepartitionExec=6697008;PartialHashAggregateStream=4609340
event	7883851	refusal	PartialHashAggregateStream[1]	1	8458182	29522007	96708673	8	4	0	33554432	PartialHashAggregateStream=61585548;FinalHashAggregateStream=35123125
event	7886436	refusal	PartialHashAggregateStream[0]	1	14225859	32063541	96708673	8	4	0	33554432	PartialHashAggregateStream=61585548;FinalHashAggregateStream=35123125
event	7891621	release_after_refusal	PartialHashAggregateStream[1]	1	15995935	13526072	80712738	8	4	0		PartialHashAggregateStream=45589613;FinalHashAggregateStream=35123125
event	7895960	release_after_refusal	PartialHashAggregateStream[0]	1	15512445	16551096	70180571	8	4	0		FinalHashAggregateStream=36294091;PartialHashAggregateStream=30077168;RepartitionExec=3809312
event	7911227	refusal	FinalHashAggregateStream[0]	1	6351390	31933539	101921109	8	4	0	33554432	FinalHashAggregateStream=65278005;PartialHashAggregateStream=30077168;RepartitionExec=6565936
event	7911895	refusal	FinalHashAggregateStream[1]	1	1166049	33344466	101921109	8	4	0	33554432	FinalHashAggregateStream=65278005;PartialHashAggregateStream=30077168;RepartitionExec=6565936
event	7930332	release_after_refusal	FinalHashAggregateStream[1]	1	33343786	680	68577323	8	4	0		FinalHashAggregateStream=31934219;PartialHashAggregateStream=30077168;RepartitionExec=6565936
event	7931321	release_after_refusal	FinalHashAggregateStream[0]	1	31932859	680	39532160	8	4	0		PartialHashAggregateStream=30077168;RepartitionExec=9453632;FinalHashAggregateStream=1360
event	7961220	refusal	PartialHashAggregateStream[0]	1	14225868	32738500	92661557	8	4	0	33554432	PartialHashAggregateStream=57665475;FinalHashAggregateStream=33157074;RepartitionExec=1839008
event	7971124	release_after_refusal	PartialHashAggregateStream[0]	1	16186892	16551608	86957184	8	4	0		PartialHashAggregateStream=49291512;FinalHashAggregateStream=37665672
event	7975130	refusal	PartialHashAggregateStream[1]	1	14225688	32739904	92470432	8	4	0	33554432	PartialHashAggregateStream=49291512;FinalHashAggregateStream=37665672;RepartitionExec=5513248
event	7987050	release_after_refusal	PartialHashAggregateStream[1]	1	16188296	16551608	87736840	8	4	0		FinalHashAggregateStream=51877000;PartialHashAggregateStream=33103216;RepartitionExec=2756624
event	7991261	refusal	FinalHashAggregateStream[1]	1	2089700	32091524	94729840	8	4	0	33554432	FinalHashAggregateStream=61626624;PartialHashAggregateStream=33103216
event	7998181	refusal	FinalHashAggregateStream[0]	1	13055658	32771142	102692698	8	4	0	33554432	FinalHashAggregateStream=64862666;PartialHashAggregateStream=33103216;RepartitionExec=4726816
event	8016418	release_after_refusal	FinalHashAggregateStream[1]	1	32090844	680	70601854	8	4	0		PartialHashAggregateStream=33103216;FinalHashAggregateStream=32771822;RepartitionExec=4726816
event	8020286	release_after_refusal	FinalHashAggregateStream[0]	1	32770462	680	35861200	8	4	0		PartialHashAggregateStream=33103216;RepartitionExec=2756624;FinalHashAggregateStream=1360
event	8064052	refusal	PartialHashAggregateStream[1]	1	14225742	32738770	115187947	8	4	0	33554432	PartialHashAggregateStream=62262249;FinalHashAggregateStream=50169074;RepartitionExec=2756624
event	8069416	refusal	PartialHashAggregateStream[0]	1	14225958	32739164	118403632	8	4	0	33554432	PartialHashAggregateStream=65477934;FinalHashAggregateStream=50169074;RepartitionExec=2756624
event	8075791	release_after_refusal	PartialHashAggregateStream[1]	1	16187162	16551608	102216470	8	4	0		FinalHashAggregateStream=50169074;PartialHashAggregateStream=49290772;RepartitionExec=2756624
event	8079444	release_after_refusal	PartialHashAggregateStream[0]	1	16187556	16551608	86028914	8	4	0		FinalHashAggregateStream=50169074;PartialHashAggregateStream=33103216;RepartitionExec=2756624
event	8090849	refusal	FinalHashAggregateStream[0]	1	13107443	31823303	104419353	8	4	0	33554432	FinalHashAggregateStream=62649833;PartialHashAggregateStream=33103216;RepartitionExec=8666304
event	8090857	refusal	FinalHashAggregateStream[1]	1	7493082	30826530	104419353	8	4	0	33554432	FinalHashAggregateStream=62649833;PartialHashAggregateStream=33103216;RepartitionExec=8666304
event	8110180	release_after_refusal	FinalHashAggregateStream[1]	1	30825850	680	73593503	8	4	0		PartialHashAggregateStream=33103216;FinalHashAggregateStream=31823983;RepartitionExec=8666304
event	8112052	release_after_refusal	FinalHashAggregateStream[0]	1	31822623	680	39014256	8	4	0		PartialHashAggregateStream=33103216;RepartitionExec=5909680;FinalHashAggregateStream=1360
event	8139186	refusal	PartialHashAggregateStream[0]	1	14225697	32738307	97570619	8	4	0	33554432	FinalHashAggregateStream=57466632;PartialHashAggregateStream=37347363;RepartitionExec=2756624
event	8149171	release_after_refusal	PartialHashAggregateStream[0]	1	16186699	16551608	101701767	8	4	0		FinalHashAggregateStream=57466632;PartialHashAggregateStream=41478511;RepartitionExec=2756624
event	8153749	refusal	FinalHashAggregateStream[1]	1	3228689	31166169	111810907	8	4	0	33554432	FinalHashAggregateStream=57466632;PartialHashAggregateStream=46074403;RepartitionExec=8269872
event	8157875	refusal	PartialHashAggregateStream[1]	1	14226210	32738633	115026745	8	4	0	33554432	FinalHashAggregateStream=57466632;PartialHashAggregateStream=49290241;RepartitionExec=8269872
event	8166898	release_after_refusal	PartialHashAggregateStream[1]	1	16187025	16551608	98839720	8	4	0		FinalHashAggregateStream=57466632;PartialHashAggregateStream=33103216;RepartitionExec=8269872
event	8173712	release_after_refusal	FinalHashAggregateStream[1]	1	31165489	680	70024737	8	4	0		PartialHashAggregateStream=33103216;FinalHashAggregateStream=28651649;RepartitionExec=8269872
event	8179687	refusal	FinalHashAggregateStream[0]	1	14258402	31899638	70265467	8	4	0	33554432	FinalHashAggregateStream=37162251;PartialHashAggregateStream=33103216
event	8201174	release_after_refusal	FinalHashAggregateStream[0]	1	31898958	680	71381625	8	4	0		PartialHashAggregateStream=30459117;FinalHashAggregateStream=23985436;RepartitionExec=16937072
event	8217036	refusal	PartialHashAggregateStream[0]	1	14225281	32738442	98181070	8	4	0	33554432	PartialHashAggregateStream=49290050;FinalHashAggregateStream=46920828;RepartitionExec=1970192
event	8226552	release_after_refusal	PartialHashAggregateStream[0]	1	16186834	16551608	87060531	8	4	0		FinalHashAggregateStream=50457825;PartialHashAggregateStream=25178994;RepartitionExec=11423712
event	8238889	refusal	FinalHashAggregateStream[0]	1	14205774	30886113	115518402	8	4	0	33554432	FinalHashAggregateStream=59533100;PartialHashAggregateStream=43775158;RepartitionExec=12210144
event	8243891	refusal	FinalHashAggregateStream[1]	1	13136320	32993971	119866539	8	4	0	33554432	FinalHashAggregateStream=63880084;PartialHashAggregateStream=49289447;RepartitionExec=6697008
event	8245638	refusal	PartialHashAggregateStream[1]	1	14225868	32737839	119866539	8	4	0	33554432	FinalHashAggregateStream=63880084;PartialHashAggregateStream=49289447;RepartitionExec=6697008
event	8256531	release_after_refusal	PartialHashAggregateStream[1]	1	16186231	16551608	103680308	8	4	0		FinalHashAggregateStream=63880084;PartialHashAggregateStream=33103216;RepartitionExec=6697008
event	8262998	release_after_refusal	FinalHashAggregateStream[0]	1	30885433	680	74764171	8	4	0		PartialHashAggregateStream=33103216;FinalHashAggregateStream=32994651;RepartitionExec=8666304
event	8268337	release_after_refusal	FinalHashAggregateStream[1]	1	32993291	680	52076090	8	4	0		PartialHashAggregateStream=33103216;RepartitionExec=16149744;FinalHashAggregateStream=2823130
event	8301648	refusal	FinalHashAggregateStream[1]	1	14258411	30706436	110063519	8	4	0	33554432	FinalHashAggregateStream=61907649;PartialHashAggregateStream=43430174;RepartitionExec=4725696
event	8305341	refusal	PartialHashAggregateStream[0]	1	14225652	32738440	124298274	8	4	0	33554432	FinalHashAggregateStream=61907649;PartialHashAggregateStream=57664929;RepartitionExec=4725696
event	8315213	refusal	PartialHashAggregateStream[1]	1	14225722	32738138	132109923	8	4	0	33554432	PartialHashAggregateStream=65476578;FinalHashAggregateStream=61907649;RepartitionExec=4725696
event	8315434	release_after_refusal	PartialHashAggregateStream[0]	1	16186832	16551608	115923091	8	4	0		FinalHashAggregateStream=61907649;PartialHashAggregateStream=49289746;RepartitionExec=4725696
event	8319774	refusal	FinalHashAggregateStream[0]	1	3248957	31201213	118679715	8	4	0	33554432	FinalHashAggregateStream=61907649;PartialHashAggregateStream=49289746;RepartitionExec=7482320
event	8323196	release_after_refusal	FinalHashAggregateStream[1]	1	30705756	680	87973959	8	4	0		PartialHashAggregateStream=49289746;FinalHashAggregateStream=31201893;RepartitionExec=7482320
event	8325279	release_after_refusal	PartialHashAggregateStream[1]	1	16186530	16551608	69818133	8	4	0		PartialHashAggregateStream=33103216;FinalHashAggregateStream=31201893;RepartitionExec=5513024
event	8339902	release_after_refusal	FinalHashAggregateStream[0]	1	31200533	680	64887488	8	4	0		PartialHashAggregateStream=33103216;FinalHashAggregateStream=16817392;RepartitionExec=14966880
event	8367424	refusal	PartialHashAggregateStream[1]	1	14225868	32738581	105397868	8	4	0	33554432	FinalHashAggregateStream=51380863;PartialHashAggregateStream=49290189;RepartitionExec=4726816
event	8375155	refusal	FinalHashAggregateStream[1]	1	7857855	31924253	108706358	8	4	0	33554432	FinalHashAggregateStream=59416169;PartialHashAggregateStream=49290189
event	8376941	release_after_refusal	PartialHashAggregateStream[1]	1	16186973	16551608	92519385	8	4	0		FinalHashAggregateStream=59416169;PartialHashAggregateStream=33103216
event	8387626	refusal	FinalHashAggregateStream[0]	1	14153432	31909481	101663766	8	4	0	33554432	FinalHashAggregateStream=63833734;PartialHashAggregateStream=33103216;RepartitionExec=4726816
event	8396536	release_after_refusal	FinalHashAggregateStream[1]	1	31923573	680	69740193	8	4	0		PartialHashAggregateStream=33103216;FinalHashAggregateStream=31910161;RepartitionExec=4726816
event	8410088	release_after_refusal	FinalHashAggregateStream[0]	1	31908801	680	38619753	8	4	0		PartialHashAggregateStream=21029159;FinalHashAggregateStream=12863778;RepartitionExec=4726816
event	8432218	refusal	PartialHashAggregateStream[0]	1	14225143	32737947	85287671	8	4	0	33554432	FinalHashAggregateStream=52549044;PartialHashAggregateStream=32738627
event	8441859	release_after_refusal	PartialHashAggregateStream[0]	1	16186979	16550968	85764985	8	4	0		FinalHashAggregateStream=52549044;PartialHashAggregateStream=33215941
event	8453039	refusal	FinalHashAggregateStream[1]	1	14241884	30743843	112479040	8	4	0	33554432	FinalHashAggregateStream=60432716;PartialHashAggregateStream=49289700;RepartitionExec=2756624
event	8453382	refusal	PartialHashAggregateStream[1]	1	14225859	32738732	112479040	8	4	0	33554432	FinalHashAggregateStream=60432716;PartialHashAggregateStream=49289700;RepartitionExec=2756624
event	8460060	refusal	FinalHashAggregateStream[0]	1	14258789	31793375	116553734	8	4	0	33554432	FinalHashAggregateStream=62537218;PartialHashAggregateStream=49289700;RepartitionExec=4726816
event	8464503	release_after_refusal	PartialHashAggregateStream[1]	1	16187124	16551608	100366610	8	4	0		FinalHashAggregateStream=62537218;PartialHashAggregateStream=33102576;RepartitionExec=4726816
event	8475828	release_after_refusal	FinalHashAggregateStream[1]	1	30743163	680	79077079	8	4	0		PartialHashAggregateStream=33102576;FinalHashAggregateStream=31794055;RepartitionExec=14180448
event	8483315	release_after_refusal	FinalHashAggregateStream[0]	1	31792695	680	47558780	8	4	0		PartialHashAggregateStream=33102576;RepartitionExec=7483440;FinalHashAggregateStream=6972764
event	8514673	refusal	PartialHashAggregateStream[0]	1	14225688	32738255	111949888	8	4	0	33554432	PartialHashAggregateStream=59962550;FinalHashAggregateStream=50017146;RepartitionExec=1970192
event	8521606	refusal	PartialHashAggregateStream[1]	1	14225587	32737970	117463563	8	4	0	33554432	PartialHashAggregateStream=65476225;FinalHashAggregateStream=50017146;RepartitionExec=1970192
event	8524210	release_after_refusal	PartialHashAggregateStream[0]	1	16186647	16551608	101276916	8	4	0		FinalHashAggregateStream=50017146;PartialHashAggregateStream=49289578;RepartitionExec=1970192
event	8530888	release_after_refusal	PartialHashAggregateStream[1]	1	16186362	16551608	92147558	8	4	0		FinalHashAggregateStream=52348230;PartialHashAggregateStream=33103216;RepartitionExec=6696112
event	8537233	refusal	FinalHashAggregateStream[1]	1	2083322	32365937	110720141	8	4	0	33554432	FinalHashAggregateStream=64222909;PartialHashAggregateStream=33103216;RepartitionExec=13394016
event	8538880	refusal	FinalHashAggregateStream[0]	1	13096352	31856972	110720141	8	4	0	33554432	FinalHashAggregateStream=64222909;PartialHashAggregateStream=33103216;RepartitionExec=13394016
event	8555703	release_after_refusal	FinalHashAggregateStream[1]	1	32365257	680	78354884	8	4	0		PartialHashAggregateStream=33103216;FinalHashAggregateStream=31857652;RepartitionExec=13394016
event	8559377	release_after_refusal	FinalHashAggregateStream[0]	1	31856292	680	44580484	8	4	0		PartialHashAggregateStream=33103216;RepartitionExec=8667200;FinalHashAggregateStream=2810068
event	8585750	refusal	FinalHashAggregateStream[1]	1	2105357	32351651	107872775	8	4	0	33554432	FinalHashAggregateStream=56285009;PartialHashAggregateStream=46074518;RepartitionExec=5513248
event	8590026	refusal	PartialHashAggregateStream[0]	1	14225517	32738901	99870433	8	4	0	33554432	FinalHashAggregateStream=59765861;PartialHashAggregateStream=37347948;RepartitionExec=2756624
event	8600185	release_after_refusal	PartialHashAggregateStream[0]	1	16187293	16551608	96917907	8	4	0		FinalHashAggregateStream=60944549;PartialHashAggregateStream=33216734;RepartitionExec=2756624
event	8605091	release_after_refusal	FinalHashAggregateStream[1]	1	32350971	680	86677138	8	4	0		PartialHashAggregateStream=43776908;FinalHashAggregateStream=30689974;RepartitionExec=12210256
event	8608172	refusal	FinalHashAggregateStream[0]	1	14243504	30689294	87055682	8	4	0	33554432	PartialHashAggregateStream=46075026;FinalHashAggregateStream=33497216;RepartitionExec=7483440
event	8611595	refusal	PartialHashAggregateStream[1]	1	14226066	32738577	92466858	8	4	0	33554432	PartialHashAggregateStream=49290185;FinalHashAggregateStream=37663425;RepartitionExec=5513248
event	8620996	release_after_refusal	PartialHashAggregateStream[1]	1	16186969	16551608	79868294	8	4	0		FinalHashAggregateStream=44008454;PartialHashAggregateStream=33103216;RepartitionExec=2756624
event	8631045	release_after_refusal	FinalHashAggregateStream[0]	1	30688614	680	69850511	8	4	0		PartialHashAggregateStream=33103216;FinalHashAggregateStream=23750607;RepartitionExec=12996688
event	8641003	refusal	FinalHashAggregateStream[1]	1	2095925	32362999	72256463	8	4	0	33554432	FinalHashAggregateStream=41564194;PartialHashAggregateStream=25179021;RepartitionExec=5513248
event	8658231	refusal	PartialHashAggregateStream[1]	1	14225877	32738444	105716426	8	4	0	33554432	FinalHashAggregateStream=63523894;PartialHashAggregateStream=32739124;RepartitionExec=9453408
event	8660841	release_after_refusal	FinalHashAggregateStream[1]	1	32362319	680	77962618	8	4	0		PartialHashAggregateStream=37347635;FinalHashAggregateStream=31161575;RepartitionExec=9453408
event	8668865	release_after_refusal	PartialHashAggregateStream[1]	1	16186836	16551608	74294864	8	4	0		FinalHashAggregateStream=38322135;PartialHashAggregateStream=33216329;RepartitionExec=2756400
event	8673416	refusal	FinalHashAggregateStream[0]	1	3248255	31160895	90382201	8	4	0	33554432	FinalHashAggregateStream=43848669;PartialHashAggregateStream=43776908;RepartitionExec=2756624
event	8681313	refusal	PartialHashAggregateStream[0]	1	14225418	32738894	97072086	8	4	0	33554432	PartialHashAggregateStream=49290502;FinalHashAggregateStream=45024960;RepartitionExec=2756624
event	8690568	release_after_refusal	PartialHashAggregateStream[0]	1	16187286	16551608	80884800	8	4	0		FinalHashAggregateStream=45024960;PartialHashAggregateStream=33103216;RepartitionExec=2756624
event	8694007	release_after_refusal	FinalHashAggregateStream[0]	1	31160215	680	58053120	8	4	0		PartialHashAggregateStream=33103216;FinalHashAggregateStream=15496272;RepartitionExec=9453632
event	8720274	refusal	FinalHashAggregateStream[1]	1	14226739	31982101	102671007	8	4	0	33554432	FinalHashAggregateStream=58436576;PartialHashAggregateStream=41477807;RepartitionExec=2756624
event	8729321	refusal	PartialHashAggregateStream[0]	1	14225778	32738570	110483378	8	4	0	33554432	FinalHashAggregateStream=58436576;PartialHashAggregateStream=49290178;RepartitionExec=2756624
event	8738239	release_after_refusal	PartialHashAggregateStream[0]	1	16186962	16551608	94296416	8	4	0		FinalHashAggregateStream=58436576;PartialHashAggregateStream=33103216;RepartitionExec=2756624
event	8743594	release_after_refusal	FinalHashAggregateStream[1]	1	31981421	680	72915726	8	4	0		PartialHashAggregateStream=33103216;FinalHashAggregateStream=28786014;RepartitionExec=11026496
event	8749972	refusal	FinalHashAggregateStream[0]	1	13088157	32012433	75906848	8	4	0	33554432	FinalHashAggregateStream=37290384;PartialHashAggregateStream=33103216;RepartitionExec=5513248
event	8771220	release_after_refusal	FinalHashAggregateStream[0]	1	32011753	680	70450725	8	4	0		PartialHashAggregateStream=35837348;FinalHashAggregateStream=25159745;RepartitionExec=9453632
event	8779768	refusal	PartialHashAggregateStream[1]	1	8458263	29522673	82128625	8	4	0	33554432	PartialHashAggregateStream=46074281;FinalHashAggregateStream=36054344
event	8787566	release_after_refusal	PartialHashAggregateStream[1]	1	15996601	13526072	81776127	8	4	0		FinalHashAggregateStream=48941823;PartialHashAggregateStream=30077680;RepartitionExec=2756624
event	8799871	refusal	FinalHashAggregateStream[1]	1	14293682	33045578	99882794	8	4	0	33554432	FinalHashAggregateStream=64287754;PartialHashAggregateStream=30077680;RepartitionExec=5517360
event	8800364	refusal	FinalHashAggregateStream[0]	1	3222413	31242176	99882794	8	4	0	33554432	FinalHashAggregateStream=64287754;PartialHashAggregateStream=30077680;RepartitionExec=5517360
event	8820512	release_after_refusal	FinalHashAggregateStream[0]	1	31241496	680	68641298	8	4	0		FinalHashAggregateStream=33046258;PartialHashAggregateStream=30077680;RepartitionExec=5517360
event	8824099	release_after_refusal	FinalHashAggregateStream[1]	1	33044898	680	26883241	8	4	0		PartialHashAggregateStream=16552288;RepartitionExec=7487440;FinalHashAggregateStream=2843513
event	8850206	refusal	PartialHashAggregateStream[1]	1	14225697	32737767	79831065	8	4	0	33554432	PartialHashAggregateStream=62260861;FinalHashAggregateStream=17570204
event	8855768	refusal	PartialHashAggregateStream[0]	1	14226075	32738887	83046858	8	4	0	33554432	PartialHashAggregateStream=65476654;FinalHashAggregateStream=17570204
event	8860439	release_after_refusal	PartialHashAggregateStream[1]	1	16186159	16551608	66860699	8	4	0		PartialHashAggregateStream=49290495;FinalHashAggregateStream=17570204
event	8865741	release_after_refusal	PartialHashAggregateStream[0]	1	16187279	16551608	68372122	8	4	0		PartialHashAggregateStream=33103216;FinalHashAggregateStream=26999034;RepartitionExec=8269872
event	8884739	refusal	FinalHashAggregateStream[1]	1	7857198	31949944	97828974	8	4	0	33554432	FinalHashAggregateStream=62755566;PartialHashAggregateStream=33103216;RepartitionExec=1970192
event	8905479	release_after_refusal	FinalHashAggregateStream[1]	1	31949264	680	67054441	8	4	0		PartialHashAggregateStream=33103216;FinalHashAggregateStream=31981033;RepartitionExec=1970192
event	8909923	refusal	FinalHashAggregateStream[0]	1	14385338	31980353	59870271	8	4	0	33554432	FinalHashAggregateStream=36621871;PartialHashAggregateStream=16552288;RepartitionExec=6696112
event	8931271	release_after_refusal	FinalHashAggregateStream[0]	1	31979673	680	62598455	8	4	0		PartialHashAggregateStream=49289953;RepartitionExec=8666304;FinalHashAggregateStream=4642198
event	8933937	refusal	PartialHashAggregateStream[0]	1	14226075	32738345	60710924	8	4	0	33554432	PartialHashAggregateStream=49289953;FinalHashAggregateStream=7480587;RepartitionExec=3940384
event	8943535	release_after_refusal	PartialHashAggregateStream[0]	1	16186737	16551608	46316398	8	4	0		PartialHashAggregateStream=30458955;FinalHashAggregateStream=9946867;RepartitionExec=5910576
event	8958923	refusal	PartialHashAggregateStream[1]	1	14225593	32738224	90298193	8	4	0	33554432	PartialHashAggregateStream=49289832;FinalHashAggregateStream=22101097;RepartitionExec=18907264
event	8968128	release_after_refusal	PartialHashAggregateStream[1]	1	16187256	16550968	74038612	8	4	0		FinalHashAggregateStream=35036756;RepartitionExec=22450208;PartialHashAggregateStream=16551648
event	8972930	refusal	FinalHashAggregateStream[1]	1	13098464	31835972	81157576	8	4	0	33554432	FinalHashAggregateStream=42274340;PartialHashAggregateStream=21159844;RepartitionExec=17723392
event	8994038	release_after_refusal	FinalHashAggregateStream[1]	1	31835292	680	88695621	8	4	0		PartialHashAggregateStream=49290017;FinalHashAggregateStream=31922276;RepartitionExec=7483328
event	8994549	refusal	PartialHashAggregateStream[0]	1	14225661	32739049	89879493	8	4	0	33554432	PartialHashAggregateStream=49290017;FinalHashAggregateStream=31922276;RepartitionExec=8667200
event	9000536	refusal	FinalHashAggregateStream[0]	1	14372439	33098457	95934787	8	4	0	33554432	PartialHashAggregateStream=49290017;FinalHashAggregateStream=39947762;RepartitionExec=6697008
event	9004821	release_after_refusal	PartialHashAggregateStream[0]	1	16187441	16551608	86563932	8	4	0		FinalHashAggregateStream=44007724;PartialHashAggregateStream=33102576;RepartitionExec=9453632
event	9025418	release_after_refusal	FinalHashAggregateStream[0]	1	33097777	680	72734137	8	4	0		RepartitionExec=29933200;FinalHashAggregateStream=26135565;PartialHashAggregateStream=16665372
event	9031409	refusal	FinalHashAggregateStream[1]	1	9015702	33321492	92864479	8	4	0	33554432	FinalHashAggregateStream=37794664;PartialHashAggregateStream=31833623;RepartitionExec=23236192
event	9041271	refusal	PartialHashAggregateStream[1]	1	14225931	32738206	108800423	8	4	0	33554432	PartialHashAggregateStream=49403134;FinalHashAggregateStream=47187033;RepartitionExec=12210256
event	9051346	release_after_refusal	PartialHashAggregateStream[1]	1	16186598	16551608	107664413	8	4	0		FinalHashAggregateStream=59618997;PartialHashAggregateStream=46075224;RepartitionExec=1970192
event	9056863	refusal	PartialHashAggregateStream[0]	1	14225733	32739364	121502248	8	4	0	33554432	FinalHashAggregateStream=60787452;PartialHashAggregateStream=49290972;RepartitionExec=11423824
event	9061783	refusal	FinalHashAggregateStream[0]	1	14196592	30845449	126851929	8	4	0	33554432	FinalHashAggregateStream=64166941;PartialHashAggregateStream=49290972;RepartitionExec=13394016
event	9063763	release_after_refusal	FinalHashAggregateStream[1]	1	33320812	680	93531117	8	4	0		PartialHashAggregateStream=49290972;FinalHashAggregateStream=30846129;RepartitionExec=13394016
event	9067326	release_after_refusal	PartialHashAggregateStream[0]	1	16187756	16551608	75373169	8	4	0		PartialHashAggregateStream=33103216;FinalHashAggregateStream=30846129;RepartitionExec=11423824
event	9083270	release_after_refusal	FinalHashAggregateStream[0]	1	30844769	680	61291023	8	4	0		PartialHashAggregateStream=33103216;FinalHashAggregateStream=16763983;RepartitionExec=11423824
event	9102160	refusal	FinalHashAggregateStream[1]	1	13096862	32985653	77507334	8	4	0	33554432	FinalHashAggregateStream=49781509;PartialHashAggregateStream=21028817;RepartitionExec=6697008
event	9120976	refusal	PartialHashAggregateStream[1]	1	8458461	29521915	106416827	8	4	0	33554432	FinalHashAggregateStream=64802569;PartialHashAggregateStream=34130818;RepartitionExec=7483440
event	9126098	release_after_refusal	FinalHashAggregateStream[1]	1	32984973	680	82730251	8	4	0		PartialHashAggregateStream=43429215;FinalHashAggregateStream=31817596;RepartitionExec=7483440
event	9129898	release_after_refusal	PartialHashAggregateStream[1]	1	15995843	13526072	75850505	8	4	0		PartialHashAggregateStream=38452442;FinalHashAggregateStream=34641439;RepartitionExec=2756624
event	9134995	refusal	FinalHashAggregateStream[0]	1	14258402	31816916	84051306	8	4	0	33554432	PartialHashAggregateStream=43048687;FinalHashAggregateStream=41002619
event	9140704	refusal	PartialHashAggregateStream[0]	1	14225778	32738082	87266773	8	4	0	33554432	PartialHashAggregateStream=46264154;FinalHashAggregateStream=41002619
event	9150022	release_after_refusal	PartialHashAggregateStream[0]	1	16186474	16551608	71080299	8	4	0		FinalHashAggregateStream=41002619;PartialHashAggregateStream=30077680
event	9159285	release_after_refusal	FinalHashAggregateStream[0]	1	31816236	680	59415320	8	4	0		PartialHashAggregateStream=30077680;FinalHashAggregateStream=17914712;RepartitionExec=11422928
event	9183696	refusal	FinalHashAggregateStream[1]	1	3248660	32306583	106617212	8	4	0	33554432	FinalHashAggregateStream=59758374;PartialHashAggregateStream=43049526;RepartitionExec=3809312
event	9188854	refusal	PartialHashAggregateStream[0]	1	14225661	32739418	103234271	8	4	0	33554432	FinalHashAggregateStream=63006845;PartialHashAggregateStream=32740098;RepartitionExec=7487328
event	9198824	release_after_refusal	PartialHashAggregateStream[0]	1	16187810	16551608	103709654	8	4	0		FinalHashAggregateStream=63006845;PartialHashAggregateStream=33215481;RepartitionExec=7487328
event	9205053	release_after_refusal	FinalHashAggregateStream[1]	1	32305903	680	90156004	8	4	0		PartialHashAggregateStream=43775900;FinalHashAggregateStream=32983096;RepartitionExec=13397008
event	9206545	refusal	FinalHashAggregateStream[0]	1	13093298	32982416	90484326	8	4	0	33554432	PartialHashAggregateStream=46074414;FinalHashAggregateStream=32983096;RepartitionExec=11426816
event	9214882	refusal	PartialHashAggregateStream[1]	1	14225674	31220138	96492705	8	4	0	33554432	PartialHashAggregateStream=47771746;FinalHashAggregateStream=42811279;RepartitionExec=5909680
event	9224432	release_after_refusal	PartialHashAggregateStream[1]	1	14670450	16549688	96835788	8	4	0		FinalHashAggregateStream=57037484;PartialHashAggregateStream=33101296;RepartitionExec=6697008
event	9231147	release_after_refusal	FinalHashAggregateStream[0]	1	32981736	680	75183786	8	4	0		PartialHashAggregateStream=33101296;FinalHashAggregateStream=28688474;RepartitionExec=13394016
event	9240326	refusal	FinalHashAggregateStream[1]	1	14189345	31957535	76067667	8	4	0	33554432	FinalHashAggregateStream=40650214;PartialHashAggregateStream=25177389;RepartitionExec=10240064
event	9257312	refusal	PartialHashAggregateStream[0]	1	14225173	32739760	109108051	8	4	0	33554432	FinalHashAggregateStream=57061979;PartialHashAggregateStream=49289448;RepartitionExec=2756624
event	9263710	release_after_refusal	FinalHashAggregateStream[1]	1	31956855	680	77151196	8	4	0		PartialHashAggregateStream=49289448;FinalHashAggregateStream=25105124;RepartitionExec=2756624
event	9267264	release_after_refusal	PartialHashAggregateStream[0]	1	16188152	16551608	63771462	8	4	0		PartialHashAggregateStream=33101296;FinalHashAggregateStream=27913542;RepartitionExec=2756624
event	9280166	refusal	FinalHashAggregateStream[0]	1	14258645	31841162	90119450	8	4	0	33554432	FinalHashAggregateStream=47564522;PartialHashAggregateStream=33101296;RepartitionExec=9453632
event	9306377	release_after_refusal	FinalHashAggregateStream[0]	1	31840482	680	96763436	8	4	0		PartialHashAggregateStream=57664065;FinalHashAggregateStream=31218603;RepartitionExec=7880768
event	9307298	refusal	PartialHashAggregateStream[1]	1	14225715	32738323	97091281	8	4	0	33554432	PartialHashAggregateStream=59962102;FinalHashAggregateStream=31218603;RepartitionExec=5910576
event	9314929	refusal	PartialHashAggregateStream[0]	1	14225625	32737735	107357671	8	4	0	33554432	PartialHashAggregateStream=65476058;FinalHashAggregateStream=39911421;RepartitionExec=1970192
event	9317602	release_after_refusal	PartialHashAggregateStream[1]	1	16186715	16551608	91170956	8	4	0		PartialHashAggregateStream=49289343;FinalHashAggregateStream=39911421;RepartitionExec=1970192
event	9323206	refusal	FinalHashAggregateStream[1]	1	14282743	31217923	100060187	8	4	0	33554432	PartialHashAggregateStream=49289343;FinalHashAggregateStream=48014220;RepartitionExec=2756624
event	9324239	release_after_refusal	PartialHashAggregateStream[0]	1	16186127	16551608	83874060	8	4	0		FinalHashAggregateStream=48014220;PartialHashAggregateStream=33103216;RepartitionExec=2756624
event	9338814	refusal	FinalHashAggregateStream[0]	1	13097966	32108237	111396256	8	4	0	33554432	FinalHashAggregateStream=63326160;PartialHashAggregateStream=33103216;RepartitionExec=14966880
event	9345360	release_after_refusal	FinalHashAggregateStream[1]	1	31217243	680	80179013	8	4	0		PartialHashAggregateStream=33103216;FinalHashAggregateStream=32108917;RepartitionExec=14966880
event	9361983	release_after_refusal	FinalHashAggregateStream[0]	1	32107557	680	60475724	8	4	0		PartialHashAggregateStream=33103216;FinalHashAggregateStream=15162252;RepartitionExec=12210256
event	9389773	refusal	PartialHashAggregateStream[0]	1	14225679	32739211	113663029	8	4	0	33554432	PartialHashAggregateStream=59964246;FinalHashAggregateStream=53698783
event	9395994	refusal	PartialHashAggregateStream[1]	1	14225841	32738640	119176634	8	4	0	33554432	PartialHashAggregateStream=65477851;FinalHashAggregateStream=53698783
event	9400276	release_after_refusal	PartialHashAggregateStream[0]	1	16187603	16551608	102989031	8	4	0		FinalHashAggregateStream=53698783;PartialHashAggregateStream=49290248
event	9405295	refusal	FinalHashAggregateStream[1]	1	8336576	29849170	105745655	8	4	0	33554432	FinalHashAggregateStream=53698783;PartialHashAggregateStream=49290248;RepartitionExec=2756624
event	9405770	release_after_refusal	PartialHashAggregateStream[1]	1	16187032	16551608	89558623	8	4	0		FinalHashAggregateStream=53698783;PartialHashAggregateStream=33103216;RepartitionExec=2756624
event	9416128	refusal	FinalHashAggregateStream[0]	1	3241046	31293545	109999243	8	4	0	33554432	FinalHashAggregateStream=61142715;PartialHashAggregateStream=33103216;RepartitionExec=15753312
event	9426428	release_after_refusal	FinalHashAggregateStream[1]	1	29848490	680	80150753	8	4	0		PartialHashAggregateStream=33103216;FinalHashAggregateStream=31294225;RepartitionExec=15753312
event	9435366	release_after_refusal	FinalHashAggregateStream[0]	1	31292865	680	47834614	8	4	0		PartialHashAggregateStream=33103216;FinalHashAggregateStream=9218150;RepartitionExec=5513248
event	9460965	refusal	FinalHashAggregateStream[1]	1	3230795	32239429	111011765	8	4	0	33554432	FinalHashAggregateStream=56208391;PartialHashAggregateStream=49290126;RepartitionExec=5513248
event	9463477	refusal	PartialHashAggregateStream[1]	1	14225751	32738518	109424985	8	4	0	33554432	FinalHashAggregateStream=57378235;PartialHashAggregateStream=49290126;RepartitionExec=2756624
event	9473542	release_after_refusal	PartialHashAggregateStream[1]	1	16186910	16551608	94417369	8	4	0		FinalHashAggregateStream=58557529;PartialHashAggregateStream=33103216;RepartitionExec=2756624
event	9480899	release_after_refusal	FinalHashAggregateStream[1]	1	32238749	680	74062555	8	4	0		PartialHashAggregateStream=33103216;FinalHashAggregateStream=30719275;RepartitionExec=10240064
event	9484147	refusal	FinalHashAggregateStream[0]	1	7858461	31895519	56000567	8	4	0	33554432	FinalHashAggregateStream=34721463;PartialHashAggregateStream=16552288;RepartitionExec=4726816
event	9506572	release_after_refusal	FinalHashAggregateStream[0]	1	31894839	680	67159547	8	4	0		PartialHashAggregateStream=34131788;FinalHashAggregateStream=26330751;RepartitionExec=6697008
event	9509971	refusal	PartialHashAggregateStream[0]	1	14225607	32738858	77762467	8	4	0	33554432	PartialHashAggregateStream=46646221;FinalHashAggregateStream=29146054;RepartitionExec=1970192
event	9520124	release_after_refusal	PartialHashAggregateStream[0]	1	16187250	16551608	84603770	8	4	0		PartialHashAggregateStream=46074340;FinalHashAggregateStream=38529430
event	9525766	refusal	PartialHashAggregateStream[1]	1	14226012	32738579	97667960	8	4	0	33554432	PartialHashAggregateStream=49290187;FinalHashAggregateStream=45621149;RepartitionExec=2756624
event	9534678	refusal	FinalHashAggregateStream[1]	1	14330208	31910121	106941740	8	4	0	33554432	FinalHashAggregateStream=55682257;PartialHashAggregateStream=49290187;RepartitionExec=1969296
event	9535774	release_after_refusal	PartialHashAggregateStream[1]	1	16186971	16551608	93085763	8	4	0		FinalHashAggregateStream=58013251;PartialHashAggregateStream=33103216;RepartitionExec=1969296
event	9542607	refusal	FinalHashAggregateStream[0]	1	2088398	32372938	106838115	8	4	0	33554432	FinalHashAggregateStream=64283059;PartialHashAggregateStream=33103216;RepartitionExec=9451840
event	9557173	release_after_refusal	FinalHashAggregateStream[1]	1	31909441	680	74928674	8	4	0		PartialHashAggregateStream=33103216;FinalHashAggregateStream=32373618;RepartitionExec=9451840
event	9561737	release_after_refusal	FinalHashAggregateStream[0]	1	32372258	680	40331131	8	4	0		PartialHashAggregateStream=33103216;FinalHashAggregateStream=5258619;RepartitionExec=1969296
event	9592045	refusal	PartialHashAggregateStream[1]	1	14225751	32739130	91509966	8	4	0	33554432	PartialHashAggregateStream=49403833;FinalHashAggregateStream=42106133
event	9602172	release_after_refusal	PartialHashAggregateStream[1]	1	16187522	16551608	91397105	8	4	0		PartialHashAggregateStream=49290972;FinalHashAggregateStream=42106133
event	9603151	refusal	PartialHashAggregateStream[0]	1	14225841	32739364	96123921	8	4	0	33554432	PartialHashAggregateStream=49290972;FinalHashAggregateStream=42106133;RepartitionExec=4726816
event	9612355	release_after_refusal	PartialHashAggregateStream[0]	1	16187756	16551608	87606848	8	4	0		FinalHashAggregateStream=54503632;PartialHashAggregateStream=33103216
event	9617468	refusal	FinalHashAggregateStream[1]	1	14279026	31873519	98580707	8	4	0	33554432	FinalHashAggregateStream=57994051;PartialHashAggregateStream=33103216;RepartitionExec=7483440
event	9622358	refusal	FinalHashAggregateStream[0]	1	1167975	33324595	100271522	8	4	0	33554432	FinalHashAggregateStream=65198114;PartialHashAggregateStream=33103216;RepartitionExec=1970192
event	9640227	release_after_refusal	FinalHashAggregateStream[1]	1	31872839	680	68398683	8	4	0		FinalHashAggregateStream=33325275;PartialHashAggregateStream=33103216;RepartitionExec=1970192
event	9641619	release_after_refusal	FinalHashAggregateStream[0]	1	33323915	680	35861200	8	4	0		PartialHashAggregateStream=33103216;RepartitionExec=2756624;FinalHashAggregateStream=1360
event	9680707	refusal	PartialHashAggregateStream[0]	1	14225976	31580807	114638743	8	4	0	33554432	PartialHashAggregateStream=61103604;FinalHashAggregateStream=53535139
event	9685145	refusal	PartialHashAggregateStream[1]	1	14226174	32738401	117854347	8	4	0	33554432	PartialHashAggregateStream=64319208;FinalHashAggregateStream=53535139
event	9691430	release_after_refusal	PartialHashAggregateStream[0]	1	15030223	16550584	102824124	8	4	0		FinalHashAggregateStream=53535139;PartialHashAggregateStream=49288985
event	9694563	release_after_refusal	PartialHashAggregateStream[1]	1	16186793	16551608	87815635	8	4	0		FinalHashAggregateStream=54713443;PartialHashAggregateStream=33102192
event	9702284	refusal	FinalHashAggregateStream[1]	1	13085819	32007782	109515996	8	4	0	33554432	FinalHashAggregateStream=64990876;PartialHashAggregateStream=33102192;RepartitionExec=11422928
event	9705973	refusal	FinalHashAggregateStream[0]	1	14258258	32983094	109515996	8	4	0	33554432	FinalHashAggregateStream=64990876;PartialHashAggregateStream=33102192;RepartitionExec=11422928
event	9723070	release_after_refusal	FinalHashAggregateStream[1]	1	32007102	680	77508894	8	4	0		PartialHashAggregateStream=33102192;FinalHashAggregateStream=32983774;RepartitionExec=11422928
event	9730029	release_after_refusal	FinalHashAggregateStream[0]	1	32982414	680	45136785	8	4	0		PartialHashAggregateStream=33102192;FinalHashAggregateStream=7307777;RepartitionExec=4726816
event	9757592	refusal	PartialHashAggregateStream[1]	1	14225886	32739454	102440116	8	4	0	33554432	FinalHashAggregateStream=55792748;PartialHashAggregateStream=46647368
event	9767167	release_after_refusal	PartialHashAggregateStream[1]	1	16187846	16551608	101867612	8	4	0		FinalHashAggregateStream=55792748;PartialHashAggregateStream=46074864
event	9772518	refusal	PartialHashAggregateStream[0]	1	14225859	32739238	108569750	8	4	0	33554432	FinalHashAggregateStream=59278904;PartialHashAggregateStream=49290846
event	9774128	refusal	FinalHashAggregateStream[1]	1	13103249	32433287	109735853	8	4	0	33554432	FinalHashAggregateStream=60445007;PartialHashAggregateStream=49290846
event	9782187	release_after_refusal	PartialHashAggregateStream[0]	1	16187630	16551608	93548223	8	4	0		FinalHashAggregateStream=60445007;PartialHashAggregateStream=33103216
event	9793463	refusal	FinalHashAggregateStream[0]	1	14358312	32438732	108215299	8	4	0	33554432	FinalHashAggregateStream=64872019;PartialHashAggregateStream=33103216;RepartitionExec=10240064
event	9796921	release_after_refusal	FinalHashAggregateStream[1]	1	32432607	680	75782692	8	4	0		PartialHashAggregateStream=33103216;FinalHashAggregateStream=32439412;RepartitionExec=10240064
event	9816647	release_after_refusal	FinalHashAggregateStream[0]	1	32438052	680	52033833	8	4	0		FinalHashAggregateStream=24057721;PartialHashAggregateStream=16552288;RepartitionExec=11423824
event	9838770	refusal	PartialHashAggregateStream[1]	1	14225985	32738228	103097079	8	4	0	33554432	FinalHashAggregateStream=53807243;PartialHashAggregateStream=49289836
event	9848414	release_after_refusal	PartialHashAggregateStream[1]	1	16186620	16551608	86597237	8	4	0		FinalHashAggregateStream=56138129;PartialHashAggregateStream=30459108
event	9853193	refusal	FinalHashAggregateStream[1]	1	8409096	29889194	94442175	8	4	0	33554432	FinalHashAggregateStream=58469204;PartialHashAggregateStream=33216347;RepartitionExec=2756624
event	9863961	refusal	PartialHashAggregateStream[0]	1	14225850	32738608	110516044	8	4	0	33554432	FinalHashAggregateStream=58469204;PartialHashAggregateStream=49290216;RepartitionExec=2756624
event	9873234	release_after_refusal	FinalHashAggregateStream[1]	1	29888514	680	80627530	8	4	0		PartialHashAggregateStream=49290216;FinalHashAggregateStream=28580690;RepartitionExec=2756624
event	9873452	release_after_refusal	PartialHashAggregateStream[0]	1	16187000	16551608	64440530	8	4	0		PartialHashAggregateStream=33103216;FinalHashAggregateStream=28580690;RepartitionExec=2756624
event	9880484	refusal	FinalHashAggregateStream[0]	1	13105538	31828571	76494929	8	4	0	33554432	FinalHashAggregateStream=38664897;PartialHashAggregateStream=33103216;RepartitionExec=4726816
event	9902794	release_after_refusal	FinalHashAggregateStream[0]	1	31827891	680	59621776	8	4	0		PartialHashAggregateStream=25179165;FinalHashAggregateStream=24988979;RepartitionExec=9453632
event	9920220	refusal	PartialHashAggregateStream[0]	1	14225706	32739470	107255274	8	4	0	33554432	FinalHashAggregateStream=49296996;PartialHashAggregateStream=49291078;RepartitionExec=8667200
event	9925651	refusal	FinalHashAggregateStream[1]	1	9001596	33316018	97965557	8	4	0	33554432	FinalHashAggregateStream=55890494;PartialHashAggregateStream=37348247;RepartitionExec=4726816
event	9930430	release_after_refusal	PartialHashAggregateStream[0]	1	16187862	16551608	97677716	8	4	0		FinalHashAggregateStream=64462166;PartialHashAggregateStream=30458926;RepartitionExec=2756624
event	9935027	refusal	FinalHashAggregateStream[0]	1	2083187	32314888	113813645	8	4	0	33554432	FinalHashAggregateStream=65630906;PartialHashAggregateStream=33215859;RepartitionExec=14966880
event	9946896	refusal	PartialHashAggregateStream[1]	1	14225742	32738930	129888324	8	4	0	33554432	FinalHashAggregateStream=65630906;PartialHashAggregateStream=49290538;RepartitionExec=14966880
event	9947976	release_after_refusal	FinalHashAggregateStream[1]	1	33315338	680	96572986	8	4	0		PartialHashAggregateStream=49290538;FinalHashAggregateStream=32315568;RepartitionExec=14966880
event	9956015	release_after_refusal	FinalHashAggregateStream[0]	1	32314208	680	67681484	8	4	0		PartialHashAggregateStream=49290538;FinalHashAggregateStream=10907506;RepartitionExec=7483440
event	9956741	release_after_refusal	PartialHashAggregateStream[1]	1	16187322	16551608	54250786	8	4	0		PartialHashAggregateStream=33103216;FinalHashAggregateStream=10907506;RepartitionExec=10240064
event	9977277	refusal	FinalHashAggregateStream[1]	1	2099174	32370461	97585277	8	4	0	33554432	FinalHashAggregateStream=58855826;PartialHashAggregateStream=33216203;RepartitionExec=5513248
event	9986795	refusal	FinalHashAggregateStream[0]	1	6417629	32007245	108143990	8	4	0	33554432	FinalHashAggregateStream=64377706;PartialHashAggregateStream=32739900;RepartitionExec=11026384
event	9988344	refusal	PartialHashAggregateStream[0]	1	14225697	32739220	112752240	8	4	0	33554432	FinalHashAggregateStream=64377706;PartialHashAggregateStream=37348150;RepartitionExec=11026384
event	9995912	release_after_refusal	FinalHashAggregateStream[1]	1	32369781	680	92438052	8	4	0		PartialHashAggregateStream=49403743;FinalHashAggregateStream=32007925;RepartitionExec=11026384
event	9998895	release_after_refusal	PartialHashAggregateStream[0]	1	16187612	16551608	81810225	8	4	0		PartialHashAggregateStream=41478331;FinalHashAggregateStream=34818758;RepartitionExec=5513136
event	10007763	release_after_refusal	FinalHashAggregateStream[0]	1	32006565	680	72438116	8	4	0		PartialHashAggregateStream=49291026;FinalHashAggregateStream=12907138;RepartitionExec=10239952
event	10009515	refusal	PartialHashAggregateStream[1]	1	14226084	32739418	69681604	8	4	0	33554432	PartialHashAggregateStream=49291026;FinalHashAggregateStream=12907138;RepartitionExec=7483440
event	10019480	release_after_refusal	PartialHashAggregateStream[1]	1	16187810	16551608	56980594	8	4	0		FinalHashAggregateStream=33731298;PartialHashAggregateStream=16552288;RepartitionExec=6697008
event	10033989	refusal	FinalHashAggregateStream[1]	1	9015513	30769720	88495821	8	4	0	33554432	FinalHashAggregateStream=55834364;PartialHashAggregateStream=25178913;RepartitionExec=7482544
event	10048828	refusal	FinalHashAggregateStream[0]	1	14266887	31806009	106278522	8	4	0	33554432	FinalHashAggregateStream=62575729;PartialHashAggregateStream=29523241;RepartitionExec=14179552
event	10053860	refusal	PartialHashAggregateStream[0]	1	14225679	32738561	109494522	8	4	0	33554432	FinalHashAggregateStream=62575729;PartialHashAggregateStream=32739241;RepartitionExec=14179552
event	10059122	release_after_refusal	FinalHashAggregateStream[1]	1	30769040	680	78725482	8	4	0		PartialHashAggregateStream=32739241;FinalHashAggregateStream=31806689;RepartitionExec=14179552
event	10064338	release_after_refusal	PartialHashAggregateStream[0]	1	16186953	16551608	61128658	8	4	0		FinalHashAggregateStream=37092930;PartialHashAggregateStream=16552288;RepartitionExec=7483440
event	10072317	release_after_refusal	FinalHashAggregateStream[0]	1	31805329	680	48116514	8	4	0		PartialHashAggregateStream=21160403;RepartitionExec=14180448;FinalHashAggregateStream=12775663
event	10091888	refusal	PartialHashAggregateStream[1]	1	14225544	32738156	95949807	8	4	0	33554432	FinalHashAggregateStream=54584139;PartialHashAggregateStream=41365668
event	10103026	release_after_refusal	PartialHashAggregateStream[1]	1	16186548	16551608	98360795	8	4	0		FinalHashAggregateStream=54584139;PartialHashAggregateStream=43776656
event	10108777	refusal	FinalHashAggregateStream[1]	1	14339321	31948721	108174879	8	4	0	33554432	FinalHashAggregateStream=56915016;PartialHashAggregateStream=49290567;RepartitionExec=1969296
event	10111327	refusal	PartialHashAggregateStream[0]	1	14225643	32738959	108174879	8	4	0	33554432	FinalHashAggregateStream=56915016;PartialHashAggregateStream=49290567;RepartitionExec=1969296
event	10121314	release_after_refusal	PartialHashAggregateStream[0]	1	16187351	16551608	98258209	8	4	0		FinalHashAggregateStream=63185697;PartialHashAggregateStream=33103216;RepartitionExec=1969296
event	10125710	refusal	FinalHashAggregateStream[0]	1	3221612	31236976	101014833	8	4	0	33554432	FinalHashAggregateStream=63185697;PartialHashAggregateStream=33103216;RepartitionExec=4725920
event	10132905	release_after_refusal	FinalHashAggregateStream[1]	1	31948041	680	69066792	8	4	0		PartialHashAggregateStream=33103216;FinalHashAggregateStream=31237656;RepartitionExec=4725920
event	10145867	release_after_refusal	FinalHashAggregateStream[0]	1	31236296	680	46212444	8	4	0		RepartitionExec=16936064;PartialHashAggregateStream=16552288;FinalHashAggregateStream=12724092
event	10167755	refusal	PartialHashAggregateStream[1]	1	14225751	32738840	107695496	8	4	0	33554432	FinalHashAggregateStream=50135176;PartialHashAggregateStream=49290448;RepartitionExec=8269872
event	10178102	release_after_refusal	PartialHashAggregateStream[1]	1	16187232	16551608	84274903	8	4	0		FinalHashAggregateStream=63114005;PartialHashAggregateStream=21160898
event	10181218	refusal	FinalHashAggregateStream[1]	1	14288013	31841100	93019513	8	4	0	33554432	FinalHashAggregateStream=63114005;PartialHashAggregateStream=25179588;RepartitionExec=4725920
event	10182691	refusal	FinalHashAggregateStream[0]	1	3248462	31272905	98299328	8	4	0	33554432	FinalHashAggregateStream=63114005;PartialHashAggregateStream=30459403;RepartitionExec=4725920
event	10197635	refusal	PartialHashAggregateStream[0]	1	14225796	32738595	117130128	8	4	0	33554432	FinalHashAggregateStream=63114005;PartialHashAggregateStream=49290203;RepartitionExec=4725920
event	10203287	release_after_refusal	FinalHashAggregateStream[1]	1	31840420	680	85289708	8	4	0		PartialHashAggregateStream=49290203;FinalHashAggregateStream=31273585;RepartitionExec=4725920
event	10203352	release_after_refusal	FinalHashAggregateStream[0]	1	31272225	680	52048187	8	4	0		PartialHashAggregateStream=49290203;RepartitionExec=2756624;FinalHashAggregateStream=1360
event	10207814	release_after_refusal	PartialHashAggregateStream[0]	1	16186987	16551608	47877720	8	4	0		PartialHashAggregateStream=33103216;RepartitionExec=7483440;FinalHashAggregateStream=7291064
event	10241978	refusal	FinalHashAggregateStream[1]	1	14290555	31978459	107999702	8	4	0	33554432	FinalHashAggregateStream=63878115;PartialHashAggregateStream=41365187;RepartitionExec=2756400
event	10242846	refusal	FinalHashAggregateStream[0]	1	6378059	31899656	107999702	8	4	0	33554432	FinalHashAggregateStream=63878115;PartialHashAggregateStream=41365187;RepartitionExec=2756400
event	10245259	refusal	PartialHashAggregateStream[1]	1	14225490	32737711	113279744	8	4	0	33554432	FinalHashAggregateStream=63878115;PartialHashAggregateStream=46645229;RepartitionExec=2756400
event	10255301	release_after_refusal	PartialHashAggregateStream[1]	1	16186103	16551608	112709080	8	4	0		FinalHashAggregateStream=63878115;PartialHashAggregateStream=46074565;RepartitionExec=2756400
event	10260223	refusal	PartialHashAggregateStream[0]	1	14226066	32738957	120651896	8	4	0	33554432	FinalHashAggregateStream=63878115;PartialHashAggregateStream=49290565;RepartitionExec=7483216
event	10264546	release_after_refusal	FinalHashAggregateStream[0]	1	31898976	680	88752920	8	4	0		PartialHashAggregateStream=49290565;FinalHashAggregateStream=31979139;RepartitionExec=7483216
event	10265553	release_after_refusal	FinalHashAggregateStream[1]	1	31977779	680	54018741	8	4	0		PartialHashAggregateStream=49290565;RepartitionExec=4726816;FinalHashAggregateStream=1360
event	10270826	release_after_refusal	PartialHashAggregateStream[0]	1	16187349	16551608	49268078	8	4	0		PartialHashAggregateStream=33103216;FinalHashAggregateStream=11438046;RepartitionExec=4726816
event	10294101	refusal	FinalHashAggregateStream[0]	1	3248444	31198753	93874314	8	4	0	33554432	FinalHashAggregateStream=58687784;PartialHashAggregateStream=33216338;RepartitionExec=1970192
event	10305688	refusal	PartialHashAggregateStream[0]	1	14226237	32739193	109948777	8	4	0	33554432	FinalHashAggregateStream=58687784;PartialHashAggregateStream=49290801;RepartitionExec=1970192
event	10312093	release_after_refusal	FinalHashAggregateStream[0]	1	31198073	680	78750704	8	4	0		PartialHashAggregateStream=49290801;FinalHashAggregateStream=27489711;RepartitionExec=1970192
event	10315060	release_after_refusal	PartialHashAggregateStream[0]	1	16187585	16551608	63349551	8	4	0		PartialHashAggregateStream=33103216;FinalHashAggregateStream=27489711;RepartitionExec=2756624
event	10323095	refusal	FinalHashAggregateStream[1]	1	14161158	31913073	61884473	8	4	0	33554432	FinalHashAggregateStream=40606265;PartialHashAggregateStream=16552288;RepartitionExec=4725920
event	10345376	release_after_refusal	FinalHashAggregateStream[1]	1	31912393	680	66565256	8	4	0		FinalHashAggregateStream=27450656;RepartitionExec=22449424;PartialHashAggregateStream=16665176
event	10358106	refusal	PartialHashAggregateStream[0]	1	14225643	32738797	81564044	8	4	0	33554432	FinalHashAggregateStream=41341127;PartialHashAggregateStream=32739477;RepartitionExec=7483440
event	10367416	release_after_refusal	PartialHashAggregateStream[0]	1	16187189	16551608	70307599	8	4	0		FinalHashAggregateStream=53755311;PartialHashAggregateStream=16552288
event	10378642	refusal	FinalHashAggregateStream[0]	1	13096202	32977730	106380063	8	4	0	33554432	FinalHashAggregateStream=64893637;PartialHashAggregateStream=33216554;RepartitionExec=8269872
event	10381842	refusal	FinalHashAggregateStream[1]	1	14273273	31915907	114642083	8	4	0	33554432	FinalHashAggregateStream=64893637;PartialHashAggregateStream=41478574;RepartitionExec=8269872
event	10390727	refusal	PartialHashAggregateStream[1]	1	14225769	32739254	122454371	8	4	0	33554432	FinalHashAggregateStream=64893637;PartialHashAggregateStream=49290862;RepartitionExec=8269872
event	10400040	release_after_refusal	PartialHashAggregateStream[1]	1	16187646	16551608	106266725	8	4	0		FinalHashAggregateStream=64893637;PartialHashAggregateStream=33103216;RepartitionExec=8269872
event	10401064	release_after_refusal	FinalHashAggregateStream[0]	1	32977050	680	78016491	8	4	0		PartialHashAggregateStream=33103216;FinalHashAggregateStream=31916587;RepartitionExec=12996688
event	10404697	release_after_refusal	FinalHashAggregateStream[1]	1	31915227	680	43400949	8	4	0		PartialHashAggregateStream=33103216;RepartitionExec=7483440;FinalHashAggregateStream=2814293
event	10433676	refusal	PartialHashAggregateStream[0]	1	14225967	32739137	94411794	8	4	0	33554432	FinalHashAggregateStream=57063736;PartialHashAggregateStream=37348058
event	10443303	release_after_refusal	PartialHashAggregateStream[0]	1	16187529	16551608	90280335	8	4	0		FinalHashAggregateStream=57063736;PartialHashAggregateStream=33216599
event	10454854	refusal	FinalHashAggregateStream[1]	1	9015387	30740059	119013374	8	4	0	33554432	FinalHashAggregateStream=61453740;PartialHashAggregateStream=49289762;RepartitionExec=8269872
event	10456257	refusal	PartialHashAggregateStream[1]	1	14226228	32738154	118559628	8	4	0	33554432	FinalHashAggregateStream=63756618;PartialHashAggregateStream=49289762;RepartitionExec=5513248
event	10458262	refusal	FinalHashAggregateStream[0]	1	13129070	33016559	118559628	8	4	0	33554432	FinalHashAggregateStream=63756618;PartialHashAggregateStream=49289762;RepartitionExec=5513248
event	10467272	release_after_refusal	PartialHashAggregateStream[1]	1	16186546	16551608	102373082	8	4	0		FinalHashAggregateStream=63756618;PartialHashAggregateStream=33103216;RepartitionExec=5513248
event	10477821	release_after_refusal	FinalHashAggregateStream[1]	1	30739379	680	77543383	8	4	0		PartialHashAggregateStream=33103216;FinalHashAggregateStream=33017239;RepartitionExec=11422928
event	10480343	release_after_refusal	FinalHashAggregateStream[0]	1	33015879	680	42557312	8	4	0		PartialHashAggregateStream=33103216;RepartitionExec=9452736;FinalHashAggregateStream=1360
event	10514734	refusal	PartialHashAggregateStream[1]	1	14225931	32739481	114953041	8	4	0	33554432	PartialHashAggregateStream=57666123;FinalHashAggregateStream=57286918
event	10522888	refusal	PartialHashAggregateStream[0]	1	14225542	32739643	122766042	8	4	0	33554432	PartialHashAggregateStream=65479124;FinalHashAggregateStream=57286918
event	10525011	release_after_refusal	PartialHashAggregateStream[1]	1	16187873	16551608	106578169	8	4	0		FinalHashAggregateStream=57286918;PartialHashAggregateStream=49291251
event	10532963	refusal	FinalHashAggregateStream[0]	1	7868346	31969053	118931661	8	4	0	33554432	FinalHashAggregateStream=64913594;PartialHashAggregateStream=49291251;RepartitionExec=4726816
event	10533598	release_after_refusal	PartialHashAggregateStream[0]	1	16188035	16551608	104713818	8	4	0		FinalHashAggregateStream=64913594;PartialHashAggregateStream=33103216;RepartitionExec=6697008
event	10535347	refusal	FinalHashAggregateStream[1]	1	13096514	32944541	106684010	8	4	0	33554432	FinalHashAggregateStream=64913594;PartialHashAggregateStream=33103216;RepartitionExec=8667200
event	10553465	release_after_refusal	FinalHashAggregateStream[0]	1	31968373	680	74715637	8	4	0		PartialHashAggregateStream=33103216;FinalHashAggregateStream=32945221;RepartitionExec=8667200
event	10558479	release_after_refusal	FinalHashAggregateStream[1]	1	32943861	680	47199505	8	4	0		PartialHashAggregateStream=33103216;RepartitionExec=9453632;FinalHashAggregateStream=4642657
event	10599612	refusal	PartialHashAggregateStream[0]	1	14226048	32739175	113662722	8	4	0	33554432	FinalHashAggregateStream=64259249;PartialHashAggregateStream=49403473
event	10609079	release_after_refusal	PartialHashAggregateStream[0]	1	16187567	16551608	113548626	8	4	0		FinalHashAggregateStream=64259249;PartialHashAggregateStream=49289377
event	10611172	refusal	PartialHashAggregateStream[1]	1	14225805	32737769	119061874	8	4	0	33554432	FinalHashAggregateStream=64259249;PartialHashAggregateStream=49289377;RepartitionExec=5513248
event	10613527	refusal	FinalHashAggregateStream[1]	1	3236315	31292448	119061874	8	4	0	33554432	FinalHashAggregateStream=64259249;PartialHashAggregateStream=49289377;RepartitionExec=5513248
event	10614167	refusal	FinalHashAggregateStream[0]	1	14258357	32966801	119061874	8	4	0	33554432	FinalHashAggregateStream=64259249;PartialHashAggregateStream=49289377;RepartitionExec=5513248
event	10621547	release_after_refusal	PartialHashAggregateStream[1]	1	16186161	16551608	102875713	8	4	0		FinalHashAggregateStream=64259249;PartialHashAggregateStream=33103216;RepartitionExec=5513248
event	10632221	release_after_refusal	FinalHashAggregateStream[1]	1	31291768	680	75524329	8	4	0		PartialHashAggregateStream=33103216;FinalHashAggregateStream=32967481;RepartitionExec=9453632
event	10639457	release_after_refusal	FinalHashAggregateStream[0]	1	32966121	680	52294702	8	4	0		PartialHashAggregateStream=33103216;RepartitionExec=12210256;FinalHashAggregateStream=6981230
event	10667939	refusal	FinalHashAggregateStream[1]	1	3227186	31229831	104055219	8	4	0	33554432	FinalHashAggregateStream=59820275;PartialHashAggregateStream=41478320;RepartitionExec=2756624
event	10676639	refusal	PartialHashAggregateStream[1]	1	14225634	32737898	113952202	8	4	0	33554432	FinalHashAggregateStream=61906072;PartialHashAggregateStream=49289506;RepartitionExec=2756624
event	10685778	release_after_refusal	PartialHashAggregateStream[1]	1	16186290	16551608	97765912	8	4	0		FinalHashAggregateStream=61906072;PartialHashAggregateStream=33103216;RepartitionExec=2756624
event	10688207	release_after_refusal	FinalHashAggregateStream[1]	1	31229151	680	71263577	8	4	0		PartialHashAggregateStream=33103216;FinalHashAggregateStream=30676921;RepartitionExec=7483440
event	10690830	refusal	FinalHashAggregateStream[0]	1	14258537	30676241	69293385	8	4	0	33554432	PartialHashAggregateStream=33103216;FinalHashAggregateStream=30676921;RepartitionExec=5513248
event	10713046	release_after_refusal	FinalHashAggregateStream[0]	1	30675561	680	63485487	8	4	0		PartialHashAggregateStream=46074637;RepartitionExec=10240064;FinalHashAggregateStream=7170786
event	10719533	refusal	PartialHashAggregateStream[0]	1	14225814	32738822	66392075	8	4	0	33554432	PartialHashAggregateStream=49290430;FinalHashAggregateStream=14345021;RepartitionExec=2756624
event	10729602	release_after_refusal	PartialHashAggregateStream[0]	1	16187214	16551608	63787333	8	4	0		PartialHashAggregateStream=33103216;FinalHashAggregateStream=27927493;RepartitionExec=2756624
event	10748890	refusal	FinalHashAggregateStream[0]	1	14235416	30853514	71229338	8	4	0	33554432	FinalHashAggregateStream=62560778;RepartitionExec=8667200;PartialHashAggregateStream=1360
event	10749150	refusal	FinalHashAggregateStream[1]	1	13107665	31707264	71229338	8	4	0	33554432	FinalHashAggregateStream=62560778;RepartitionExec=8667200;PartialHashAggregateStream=1360
event	10770898	release_after_refusal	FinalHashAggregateStream[1]	1	31706584	680	39522754	8	4	0		FinalHashAggregateStream=30854194;RepartitionExec=8667200;PartialHashAggregateStream=1360
event	10771404	release_after_refusal	FinalHashAggregateStream[0]	1	30852834	680	5913296	8	4	0		RepartitionExec=5910576;FinalHashAggregateStream=1360;PartialHashAggregateStream=1360
event	10799468	refusal	PartialHashAggregateStream[0]	1	14225832	32739434	76874648	8	4	0	33554432	PartialHashAggregateStream=65477831;FinalHashAggregateStream=7456433;RepartitionExec=3940384
event	10802024	refusal	PartialHashAggregateStream[1]	1	14226066	32738397	76874648	8	4	0	33554432	PartialHashAggregateStream=65477831;FinalHashAggregateStream=7456433;RepartitionExec=3940384
event	10809340	release_after_refusal	PartialHashAggregateStream[0]	1	16187826	16551608	60686822	8	4	0		PartialHashAggregateStream=49290005;FinalHashAggregateStream=7456433;RepartitionExec=3940384
event	10812435	release_after_refusal	PartialHashAggregateStream[1]	1	16186789	16551608	45286465	8	4	0		PartialHashAggregateStream=33103216;FinalHashAggregateStream=7456433;RepartitionExec=4726816
event	10839220	refusal	FinalHashAggregateStream[1]	1	3248552	31265785	104056792	8	4	0	33554432	FinalHashAggregateStream=64256568;PartialHashAggregateStream=33103216;RepartitionExec=6697008
event	10843058	refusal	FinalHashAggregateStream[0]	1	14247584	32990783	104056792	8	4	0	33554432	FinalHashAggregateStream=64256568;PartialHashAggregateStream=33103216;RepartitionExec=6697008
event	10857261	release_after_refusal	FinalHashAggregateStream[1]	1	31265105	680	72791687	8	4	0		PartialHashAggregateStream=33103216;FinalHashAggregateStream=32991463;RepartitionExec=6697008
event	10865600	release_after_refusal	FinalHashAggregateStream[0]	1	32990103	680	44492125	8	4	0		PartialHashAggregateStream=33103216;FinalHashAggregateStream=8632285;RepartitionExec=2756624
event	10891288	refusal	PartialHashAggregateStream[0]	1	14225625	32739130	84219270	8	4	0	33554432	PartialHashAggregateStream=62262780;FinalHashAggregateStream=19986298;RepartitionExec=1970192
event	10896004	refusal	PartialHashAggregateStream[1]	1	14225281	32739344	87434964	8	4	0	33554432	PartialHashAggregateStream=65478474;FinalHashAggregateStream=19986298;RepartitionExec=1970192
event	10901340	release_after_refusal	PartialHashAggregateStream[0]	1	16187522	16551608	71247442	8	4	0		PartialHashAggregateStream=49290952;FinalHashAggregateStream=19986298;RepartitionExec=1970192
event	10905584	release_after_refusal	PartialHashAggregateStream[1]	1	16187736	16551608	55059706	8	4	0		PartialHashAggregateStream=33103216;FinalHashAggregateStream=19986298;RepartitionExec=1970192
event	10926144	refusal	FinalHashAggregateStream[1]	1	14258573	31752305	85097227	8	4	0	33554432	FinalHashAggregateStream=59210017;PartialHashAggregateStream=21160394;RepartitionExec=4726816
event	10943911	refusal	PartialHashAggregateStream[0]	1	14225634	32738698	113227139	8	4	0	33554432	FinalHashAggregateStream=59210017;PartialHashAggregateStream=49290306;RepartitionExec=4726816
event	10948377	release_after_refusal	FinalHashAggregateStream[1]	1	31751625	680	81475514	8	4	0		PartialHashAggregateStream=49290306;FinalHashAggregateStream=27458392;RepartitionExec=4726816
event	10953797	release_after_refusal	PartialHashAggregateStream[0]	1	16187090	16551608	72840013	8	4	0		PartialHashAggregateStream=33103216;FinalHashAggregateStream=30284061;RepartitionExec=9452736
event	10962560	refusal	FinalHashAggregateStream[0]	1	7871064	31873954	90186476	8	4	0	33554432	FinalHashAggregateStream=44086572;PartialHashAggregateStream=33103216;RepartitionExec=12996688
event	10983389	release_after_refusal	FinalHashAggregateStream[0]	1	31873274	680	83318991	8	4	0		PartialHashAggregateStream=49290768;FinalHashAggregateStream=23788159;RepartitionExec=10240064
event	10985848	refusal	PartialHashAggregateStream[1]	1	14225616	32739160	80614170	8	4	0	33554432	PartialHashAggregateStream=49290768;FinalHashAggregateStream=26596586;RepartitionExec=4726816
event	10995087	release_after_refusal	PartialHashAggregateStream[1]	1	16187552	16551608	72517704	8	4	0		FinalHashAggregateStream=36657864;PartialHashAggregateStream=33103216;RepartitionExec=2756624
event	11003942	refusal	FinalHashAggregateStream[1]	1	1179222	33365351	103824160	8	4	0	33554432	FinalHashAggregateStream=57327824;PartialHashAggregateStream=33103216;RepartitionExec=13393120
event	11016133	refusal	FinalHashAggregateStream[0]	1	14273729	31767710	115958885	8	4	0	33554432	FinalHashAggregateStream=65133061;PartialHashAggregateStream=33103216;RepartitionExec=17722608
event	11024659	release_after_refusal	FinalHashAggregateStream[1]	1	33364671	680	82594214	8	4	0		PartialHashAggregateStream=33103216;FinalHashAggregateStream=31768390;RepartitionExec=17722608
event	11048128	release_after_refusal	FinalHashAggregateStream[0]	1	31767030	680	58596415	8	4	0		PartialHashAggregateStream=25178841;FinalHashAggregateStream=25147702;RepartitionExec=8269872
event	11068457	refusal	PartialHashAggregateStream[0]	1	14225706	32738383	80470061	8	4	0	33554432	PartialHashAggregateStream=41365895;FinalHashAggregateStream=39104166
event	11078648	release_after_refusal	PartialHashAggregateStream[0]	1	16186775	16551608	82880388	8	4	0		PartialHashAggregateStream=43776222;FinalHashAggregateStream=39104166
event	11085748	refusal	PartialHashAggregateStream[1]	1	14225535	32738604	96326797	8	4	0	33554432	PartialHashAggregateStream=49290212;FinalHashAggregateStream=43096201;RepartitionExec=3940384
event	11094671	refusal	FinalHashAggregateStream[1]	1	13143382	32999410	108711931	8	4	0	33554432	FinalHashAggregateStream=59421719;PartialHashAggregateStream=49290212
event	11097004	release_after_refusal	PartialHashAggregateStream[1]	1	16186996	16551608	92524935	8	4	0		FinalHashAggregateStream=59421719;PartialHashAggregateStream=33103216
event	11107783	refusal	FinalHashAggregateStream[0]	1	8994267	30838137	109937451	8	4	0	33554432	FinalHashAggregateStream=63837547;PartialHashAggregateStream=33103216;RepartitionExec=12996688
event	11117789	release_after_refusal	FinalHashAggregateStream[1]	1	32998730	680	76938721	8	4	0		PartialHashAggregateStream=33103216;FinalHashAggregateStream=30838817;RepartitionExec=12996688
event	11129462	release_after_refusal	FinalHashAggregateStream[0]	1	30837457	680	56212258	8	4	0		PartialHashAggregateStream=33103216;FinalHashAggregateStream=12082546;RepartitionExec=11026496
event	11156269	refusal	PartialHashAggregateStream[0]	1	14226093	32739013	87320488	8	4	0	33554432	PartialHashAggregateStream=46646918;FinalHashAggregateStream=40673570
event	11165778	release_after_refusal	PartialHashAggregateStream[0]	1	16187405	16551608	86748025	8	4	0		PartialHashAggregateStream=46074455;FinalHashAggregateStream=40673570
event	11170131	refusal	PartialHashAggregateStream[1]	1	14225841	32738487	92720289	8	4	0	33554432	PartialHashAggregateStream=49290095;FinalHashAggregateStream=40673570;RepartitionExec=2756624
event	11177258	refusal	FinalHashAggregateStream[1]	1	3248543	32340563	112698954	8	4	0	33554432	FinalHashAggregateStream=58682939;PartialHashAggregateStream=49290095;RepartitionExec=4725920
event	11180825	release_after_refusal	PartialHashAggregateStream[1]	1	16186879	16551608	103206984	8	4	0		FinalHashAggregateStream=59864600;PartialHashAggregateStream=33103216;RepartitionExec=10239168
event	11188186	refusal	FinalHashAggregateStream[0]	1	7867974	31940588	109593727	8	4	0	33554432	FinalHashAggregateStream=64281151;PartialHashAggregateStream=33103216;RepartitionExec=12209360
event	11199653	release_after_refusal	FinalHashAggregateStream[1]	1	32339883	680	77253844	8	4	0		PartialHashAggregateStream=33103216;FinalHashAggregateStream=31941268;RepartitionExec=12209360
event	11209184	release_after_refusal	FinalHashAggregateStream[0]	1	31939908	680	41911652	8	4	0		PartialHashAggregateStream=16552288;RepartitionExec=14966880;FinalHashAggregateStream=10392484
event	11239645	refusal	PartialHashAggregateStream[0]	1	14225632	32738689	104333882	8	4	0	33554432	FinalHashAggregateStream=54930058;PartialHashAggregateStream=49403824
event	11249325	release_after_refusal	PartialHashAggregateStream[0]	1	16187081	16551608	104221478	8	4	0		FinalHashAggregateStream=54930058;PartialHashAggregateStream=49291420
event	11251972	refusal	PartialHashAggregateStream[1]	1	14226021	32739812	104221478	8	4	0	33554432	FinalHashAggregateStream=54930058;PartialHashAggregateStream=49291420
event	11256723	refusal	FinalHashAggregateStream[1]	1	13157894	33000068	110226933	8	4	0	33554432	FinalHashAggregateStream=58178889;PartialHashAggregateStream=49291420;RepartitionExec=2756624
event	11262184	release_after_refusal	PartialHashAggregateStream[1]	1	16188204	16551608	96369669	8	4	0		FinalHashAggregateStream=60509829;PartialHashAggregateStream=33103216;RepartitionExec=2756624
event	11271081	refusal	FinalHashAggregateStream[0]	1	9016161	30758358	107101706	8	4	0	33554432	FinalHashAggregateStream=63758426;PartialHashAggregateStream=33103216;RepartitionExec=10240064
event	11281549	release_after_refusal	FinalHashAggregateStream[1]	1	32999388	680	74102318	8	4	0		PartialHashAggregateStream=33103216;FinalHashAggregateStream=30759038;RepartitionExec=10240064
event	11292750	release_after_refusal	FinalHashAggregateStream[0]	1	30757678	680	39966901	8	4	0		PartialHashAggregateStream=16552288;FinalHashAggregateStream=12777221;RepartitionExec=10637392
event	11312682	refusal	PartialHashAggregateStream[0]	1	8458290	29522158	84962229	8	4	0	33554432	FinalHashAggregateStream=46890820;PartialHashAggregateStream=34131025;RepartitionExec=3940384
event	11320934	release_after_refusal	PartialHashAggregateStream[0]	1	15996086	13526072	89504657	8	4	0		FinalHashAggregateStream=59314098;PartialHashAggregateStream=30190559
event	11326041	refusal	FinalHashAggregateStream[1]	1	14311918	31953781	104234837	8	4	0	33554432	FinalHashAggregateStream=61644912;PartialHashAggregateStream=40750805;RepartitionExec=1839120
event	11333905	refusal	PartialHashAggregateStream[1]	1	14225895	32738631	109748735	8	4	0	33554432	FinalHashAggregateStream=61644912;PartialHashAggregateStream=46264703;RepartitionExec=1839120
event	11343937	release_after_refusal	PartialHashAggregateStream[1]	1	16187023	16551608	93561712	8	4	0		FinalHashAggregateStream=61644912;PartialHashAggregateStream=30077680;RepartitionExec=1839120
event	11348988	refusal	FinalHashAggregateStream[0]	1	6237466	31795915	100393312	8	4	0	33554432	FinalHashAggregateStream=63749696;PartialHashAggregateStream=30077680;RepartitionExec=6565936
event	11351177	release_after_refusal	FinalHashAggregateStream[1]	1	31953101	680	68440211	8	4	0		FinalHashAggregateStream=31796595;PartialHashAggregateStream=30077680;RepartitionExec=6565936
event	11370897	release_after_refusal	FinalHashAggregateStream[0]	1	31795235	680	57774608	8	4	0		PartialHashAggregateStream=25179336;FinalHashAggregateStream=24059144;RepartitionExec=8536128
event	11389277	refusal	PartialHashAggregateStream[0]	1	14225652	31046364	94860726	8	4	0	33554432	PartialHashAggregateStream=47597972;FinalHashAggregateStream=41749506;RepartitionExec=5513248
event	11397713	refusal	FinalHashAggregateStream[1]	1	8445694	29889639	94827547	8	4	0	33554432	FinalHashAggregateStream=55154170;PartialHashAggregateStream=39673377
event	11399409	release_after_refusal	PartialHashAggregateStream[0]	1	14496164	16550200	87942563	8	4	0		FinalHashAggregateStream=57485281;PartialHashAggregateStream=30457282
event	11408538	refusal	FinalHashAggregateStream[0]	1	13070340	32013195	107646545	8	4	0	33554432	FinalHashAggregateStream=61902834;PartialHashAggregateStream=43773519;RepartitionExec=1970192
event	11415539	refusal	PartialHashAggregateStream[1]	1	14225769	32737671	113160897	8	4	0	33554432	FinalHashAggregateStream=61902834;PartialHashAggregateStream=49287871;RepartitionExec=1970192
event	11419818	release_after_refusal	FinalHashAggregateStream[1]	1	29888959	680	83271938	8	4	0		PartialHashAggregateStream=49287871;FinalHashAggregateStream=32013875;RepartitionExec=1970192
event	11426618	release_after_refusal	PartialHashAggregateStream[1]	1	16186063	16551608	69756566	8	4	0		FinalHashAggregateStream=36654758;PartialHashAggregateStream=33101808
event	11431967	release_after_refusal	FinalHashAggregateStream[0]	1	32012515	680	43765512	8	4	0		PartialHashAggregateStream=33101808;FinalHashAggregateStream=8693512;RepartitionExec=1970192
event	11456155	refusal	FinalHashAggregateStream[1]	1	14258564	30766679	72261581	8	4	0	33554432	FinalHashAggregateStream=58353014;PartialHashAggregateStream=13908567
event	11469200	refusal	PartialHashAggregateStream[0]	1	14225578	32738932	92268626	8	4	0	33554432	FinalHashAggregateStream=59529014;PartialHashAggregateStream=32739612
event	11477204	release_after_refusal	FinalHashAggregateStream[1]	1	30765999	680	61502627	8	4	0		PartialHashAggregateStream=32739612;FinalHashAggregateStream=28763015
event	11478441	release_after_refusal	PartialHashAggregateStream[0]	1	16187324	16551608	45315303	8	4	0		FinalHashAggregateStream=28763015;PartialHashAggregateStream=16552288
event	11493247	refusal	FinalHashAggregateStream[0]	1	14255117	32010770	85772515	8	4	0	33554432	FinalHashAggregateStream=46338054;PartialHashAggregateStream=27225213;RepartitionExec=12209248
event	11501468	refusal	PartialHashAggregateStream[1]	1	14225632	32738876	104648612	8	4	0	33554432	FinalHashAggregateStream=55091621;PartialHashAggregateStream=37347743;RepartitionExec=12209248
event	11510944	release_after_refusal	PartialHashAggregateStream[1]	1	16187268	16551608	108779342	8	4	0		FinalHashAggregateStream=55091621;PartialHashAggregateStream=41478473;RepartitionExec=12209248
event	11517331	release_after_refusal	FinalHashAggregateStream[0]	1	32010090	680	91180147	8	4	0		PartialHashAggregateStream=46074943;FinalHashAggregateStream=25412516;RepartitionExec=19692688
event	11521573	refusal	PartialHashAggregateStream[0]	1	14225778	32739155	97107862	8	4	0	33554432	PartialHashAggregateStream=49290763;FinalHashAggregateStream=31667467;RepartitionExec=16149632
event	11528150	refusal	FinalHashAggregateStream[1]	1	14258429	30941900	96689523	8	4	0	33554432	FinalHashAggregateStream=43191355;PartialHashAggregateStream=37347752;RepartitionExec=16150416
event	11531694	release_after_refusal	PartialHashAggregateStream[0]	1	16187547	16551608	84583998	8	4	0		FinalHashAggregateStream=47981539;PartialHashAggregateStream=25178859;RepartitionExec=11423600
event	11547355	refusal	FinalHashAggregateStream[0]	1	1173060	33366740	118324737	8	4	0	33554432	FinalHashAggregateStream=64308640;PartialHashAggregateStream=49289281;RepartitionExec=4726816
event	11548630	refusal	PartialHashAggregateStream[1]	1	14225742	32737673	118324737	8	4	0	33554432	FinalHashAggregateStream=64308640;PartialHashAggregateStream=49289281;RepartitionExec=4726816
event	11550747	release_after_refusal	FinalHashAggregateStream[1]	1	30941220	680	87383517	8	4	0		PartialHashAggregateStream=49289281;FinalHashAggregateStream=33367420;RepartitionExec=4726816
event	11558675	release_after_refusal	PartialHashAggregateStream[1]	1	16186065	16551608	73868377	8	4	0		FinalHashAggregateStream=38008537;PartialHashAggregateStream=33103216;RepartitionExec=2756624
event	11566530	release_after_refusal	FinalHashAggregateStream[0]	1	33366060	680	53219710	8	4	0		PartialHashAggregateStream=33103216;RepartitionExec=11422928;FinalHashAggregateStream=8693566
event	11593845	refusal	FinalHashAggregateStream[1]	1	14258600	31805156	104648641	8	4	0	33554432	FinalHashAggregateStream=60414413;PartialHashAggregateStream=41477604;RepartitionExec=2756624
event	11600943	refusal	PartialHashAggregateStream[1]	1	8457775	29522619	109752690	8	4	0	33554432	FinalHashAggregateStream=63678463;PartialHashAggregateStream=46074227
event	11609128	release_after_refusal	PartialHashAggregateStream[1]	1	15996547	13526072	93756143	8	4	0		FinalHashAggregateStream=63678463;PartialHashAggregateStream=30077680
event	11613995	refusal	FinalHashAggregateStream[0]	1	14258420	31873307	99404575	8	4	0	33554432	FinalHashAggregateStream=63678463;PartialHashAggregateStream=30077680;RepartitionExec=5648432
event	11618602	release_after_refusal	FinalHashAggregateStream[1]	1	31804476	680	67600099	8	4	0		FinalHashAggregateStream=31873987;PartialHashAggregateStream=30077680;RepartitionExec=5648432
event	11637106	release_after_refusal	FinalHashAggregateStream[0]	1	31872627	680	45101147	8	4	0		PartialHashAggregateStream=27433797;FinalHashAggregateStream=13858038;RepartitionExec=3809312
event	11650370	refusal	PartialHashAggregateStream[0]	1	14225877	32738248	70227400	8	4	0	33554432	FinalHashAggregateStream=33679384;PartialHashAggregateStream=32738928;RepartitionExec=3809088
event	11660166	release_after_refusal	PartialHashAggregateStream[0]	1	16186640	16551608	82059844	8	4	0		FinalHashAggregateStream=48843506;PartialHashAggregateStream=33216338
event	11672913	refusal	PartialHashAggregateStream[1]	1	14225823	32739481	114648996	8	4	0	33554432	FinalHashAggregateStream=57088035;PartialHashAggregateStream=49291089;RepartitionExec=8269872
event	11675724	refusal	FinalHashAggregateStream[1]	1	14228520	32062164	114206794	8	4	0	33554432	FinalHashAggregateStream=59402457;PartialHashAggregateStream=49291089;RepartitionExec=5513248
event	11682860	release_after_refusal	PartialHashAggregateStream[1]	1	16187873	16551608	96946473	8	4	0		FinalHashAggregateStream=63843257;PartialHashAggregateStream=33103216
event	11687791	refusal	FinalHashAggregateStream[0]	1	13100711	32961383	102853579	8	4	0	33554432	FinalHashAggregateStream=65023547;PartialHashAggregateStream=33103216;RepartitionExec=4726816
event	11698738	release_after_refusal	FinalHashAggregateStream[1]	1	32061484	680	70792095	8	4	0		PartialHashAggregateStream=33103216;FinalHashAggregateStream=32962063;RepartitionExec=4726816
event	11711264	release_after_refusal	FinalHashAggregateStream[0]	1	32960703	680	34581118	8	4	0		PartialHashAggregateStream=21160628;FinalHashAggregateStream=8693674;RepartitionExec=4726816
event	11731383	refusal	PartialHashAggregateStream[0]	1	14225850	32738608	77339896	8	4	0	33554432	FinalHashAggregateStream=41843984;PartialHashAggregateStream=32739288;RepartitionExec=2756624
event	11741402	release_after_refusal	PartialHashAggregateStream[0]	1	16187000	16551608	82929348	8	4	0		FinalHashAggregateStream=52471077;PartialHashAggregateStream=30458271
event	11750470	refusal	FinalHashAggregateStream[1]	1	13103399	31842398	104162467	8	4	0	33554432	FinalHashAggregateStream=58088939;PartialHashAggregateStream=46073528
event	11755675	refusal	PartialHashAggregateStream[1]	1	14225404	32737596	107378143	8	4	0	33554432	FinalHashAggregateStream=58088939;PartialHashAggregateStream=49289204
event	11765212	release_after_refusal	PartialHashAggregateStream[1]	1	16186628	16550968	91191515	8	4	0		FinalHashAggregateStream=58088939;PartialHashAggregateStream=33102576
event	11772831	release_after_refusal	FinalHashAggregateStream[1]	1	31841718	680	67530549	8	4	0		PartialHashAggregateStream=33102576;FinalHashAggregateStream=29701157;RepartitionExec=4726816
event	11777845	refusal	FinalHashAggregateStream[0]	1	13108100	32908262	80105020	8	4	0	33554432	FinalHashAggregateStream=37549708;PartialHashAggregateStream=33102576;RepartitionExec=9452736
event	11801676	release_after_refusal	FinalHashAggregateStream[0]	1	32907582	680	73499951	8	4	0		FinalHashAggregateStream=30702793;PartialHashAggregateStream=29403142;RepartitionExec=13394016
event	11808098	refusal	PartialHashAggregateStream[1]	1	8458326	29521852	89391920	8	4	0	33554432	PartialHashAggregateStream=43428686;FinalHashAggregateStream=36509602;RepartitionExec=9453632
event	11816109	release_after_refusal	PartialHashAggregateStream[1]	1	15995780	13526072	89736630	8	4	0		FinalHashAggregateStream=47016369;PartialHashAggregateStream=40750069;RepartitionExec=1970192
event	11818933	refusal	FinalHashAggregateStream[1]	1	13112135	31867958	91692390	8	4	0	33554432	FinalHashAggregateStream=48643744;PartialHashAggregateStream=43048646
event	11820976	refusal	PartialHashAggregateStream[0]	1	8458479	29522574	91692390	8	4	0	33554432	FinalHashAggregateStream=48643744;PartialHashAggregateStream=43048646
event	11829169	release_after_refusal	PartialHashAggregateStream[0]	1	15996502	13526072	83990613	8	4	0		FinalHashAggregateStream=56938469;PartialHashAggregateStream=27052144
event	11842642	release_after_refusal	FinalHashAggregateStream[1]	1	31867278	680	59754148	8	4	0		FinalHashAggregateStream=32960452;PartialHashAggregateStream=13526752;RepartitionExec=13266944
event	11844662	refusal	FinalHashAggregateStream[0]	1	13116197	32959772	57783956	8	4	0	33554432	FinalHashAggregateStream=32960452;PartialHashAggregateStream=13526752;RepartitionExec=11296752
event	11867055	release_after_refusal	FinalHashAggregateStream[0]	1	32959092	680	51642236	8	4	0		PartialHashAggregateStream=32811065;FinalHashAggregateStream=15021971;RepartitionExec=3809200
event	11876214	refusal	PartialHashAggregateStream[0]	1	8458155	29522538	64550868	8	4	0	33554432	PartialHashAggregateStream=43048610;FinalHashAggregateStream=19663250;RepartitionExec=1839008
event	11883915	release_after_refusal	PartialHashAggregateStream[0]	1	15996466	13526072	48554402	8	4	0		PartialHashAggregateStream=27052144;FinalHashAggregateStream=19663250;RepartitionExec=1839008
event	11902003	refusal	FinalHashAggregateStream[1]	1	13080016	31906841	75201075	8	4	0	33554432	FinalHashAggregateStream=55763747;PartialHashAggregateStream=13526752;RepartitionExec=5910576
event	11922240	release_after_refusal	FinalHashAggregateStream[1]	1	31906161	680	80227764	8	4	0		PartialHashAggregateStream=41366561;FinalHashAggregateStream=32950627;RepartitionExec=5910576
event	11925571	refusal	PartialHashAggregateStream[0]	1	14225670	32739382	83537407	8	4	0	33554432	PartialHashAggregateStream=46646396;FinalHashAggregateStream=32950627;RepartitionExec=3940384
event	11935154	release_after_refusal	PartialHashAggregateStream[0]	1	16187774	16551608	90730974	8	4	0		FinalHashAggregateStream=46955553;PartialHashAggregateStream=43775421
event	11940253	refusal	FinalHashAggregateStream[0]	1	14235095	32949947	101776329	8	4	0	33554432	FinalHashAggregateStream=49730890;PartialHashAggregateStream=49288815;RepartitionExec=2756624
event	11942235	refusal	PartialHashAggregateStream[1]	1	14225180	32737207	108908632	8	4	0	33554432	FinalHashAggregateStream=56863193;PartialHashAggregateStream=49288815;RepartitionExec=2756624
event	11952813	release_after_refusal	PartialHashAggregateStream[1]	1	16185599	16551608	106793471	8	4	0		FinalHashAggregateStream=61480895;PartialHashAggregateStream=33103216;RepartitionExec=12209360
event	11966724	release_after_refusal	FinalHashAggregateStream[0]	1	32949267	680	91277684	8	4	0		PartialHashAggregateStream=41477357;FinalHashAggregateStream=29710199;RepartitionExec=20090128
event	11976221	refusal	PartialHashAggregateStream[0]	1	14225751	32737328	100733905	8	4	0	33554432	PartialHashAggregateStream=49288936;FinalHashAggregateStream=40807577;RepartitionExec=10637392
event	11985518	release_after_refusal	PartialHashAggregateStream[0]	1	16185720	16551608	88313536	8	4	0		FinalHashAggregateStream=51269936;PartialHashAggregateStream=33103216;RepartitionExec=3940384
event	11994586	refusal	FinalHashAggregateStream[1]	1	14249417	32958035	103309711	8	4	0	33554432	FinalHashAggregateStream=59179999;PartialHashAggregateStream=33103216;RepartitionExec=11026496
event	11998955	refusal	FinalHashAggregateStream[0]	1	8952969	33436673	113281044	8	4	0	33554432	FinalHashAggregateStream=66394708;PartialHashAggregateStream=33103216;RepartitionExec=13783120
event	12018532	release_after_refusal	FinalHashAggregateStream[1]	1	32957355	680	80323689	8	4	0		FinalHashAggregateStream=33437353;PartialHashAggregateStream=33103216;RepartitionExec=13783120
event	12019120	release_after_refusal	FinalHashAggregateStream[0]	1	33435993	680	44131072	8	4	0		PartialHashAggregateStream=33103216;RepartitionExec=11026496;FinalHashAggregateStream=1360
event	12054721	refusal	PartialHashAggregateStream[1]	1	14225706	32738505	99745406	8	4	0	33554432	FinalHashAggregateStream=58379380;PartialHashAggregateStream=41366026
event	12066284	release_after_refusal	PartialHashAggregateStream[1]	1	16186897	16551608	103333770	8	4	0		FinalHashAggregateStream=59557321;PartialHashAggregateStream=43776449
event	12074440	refusal	PartialHashAggregateStream[0]	1	14225823	32738662	119974737	8	4	0	33554432	FinalHashAggregateStream=63987459;PartialHashAggregateStream=49290270;RepartitionExec=6697008
event	12076419	refusal	FinalHashAggregateStream[1]	1	14380191	33089793	123113114	8	4	0	33554432	FinalHashAggregateStream=65155644;PartialHashAggregateStream=49290270;RepartitionExec=8667200
event	12081531	refusal	FinalHashAggregateStream[0]	1	14376504	32065851	123113114	8	4	0	33554432	FinalHashAggregateStream=65155644;PartialHashAggregateStream=49290270;RepartitionExec=8667200
event	12085201	release_after_refusal	PartialHashAggregateStream[0]	1	16187054	16551608	106926060	8	4	0		FinalHashAggregateStream=65155644;PartialHashAggregateStream=33103216;RepartitionExec=8667200
event	12100987	release_after_refusal	FinalHashAggregateStream[1]	1	33089113	680	75807139	8	4	0		PartialHashAggregateStream=33103216;FinalHashAggregateStream=32066531;RepartitionExec=10637392
event	12104710	release_after_refusal	FinalHashAggregateStream[0]	1	32065171	680	41771776	8	4	0		PartialHashAggregateStream=33103216;RepartitionExec=8667200;FinalHashAggregateStream=1360
event	12130035	refusal	PartialHashAggregateStream[1]	1	14225850	32738244	88926756	8	4	0	33554432	FinalHashAggregateStream=56187832;PartialHashAggregateStream=32738924
event	12139975	release_after_refusal	PartialHashAggregateStream[1]	1	16186636	16551608	89404098	8	4	0		FinalHashAggregateStream=56187832;PartialHashAggregateStream=33216266
event	12144673	refusal	FinalHashAggregateStream[1]	1	8457521	29890246	102296211	8	4	0	33554432	FinalHashAggregateStream=58518916;PartialHashAggregateStream=43777295
event	12152951	refusal	PartialHashAggregateStream[0]	1	14225562	32739823	107810347	8	4	0	33554432	FinalHashAggregateStream=58518916;PartialHashAggregateStream=49291431
event	12162097	release_after_refusal	PartialHashAggregateStream[0]	1	16188215	16551608	91622132	8	4	0		FinalHashAggregateStream=58518916;PartialHashAggregateStream=33103216
event	12166602	release_after_refusal	FinalHashAggregateStream[1]	1	29889566	680	66992104	8	4	0		PartialHashAggregateStream=33103216;FinalHashAggregateStream=31918696;RepartitionExec=1970192
event	12169265	refusal	FinalHashAggregateStream[0]	1	13099730	31918016	65021912	8	4	0	33554432	PartialHashAggregateStream=33103216;FinalHashAggregateStream=31918696
event	12190990	release_after_refusal	FinalHashAggregateStream[0]	1	31917336	680	57315520	8	4	0		FinalHashAggregateStream=26226473;PartialHashAggregateStream=25178471;RepartitionExec=5910576
event	12205593	refusal	PartialHashAggregateStream[1]	1	8458524	29521996	86305525	8	4	0	33554432	PartialHashAggregateStream=46073604;FinalHashAggregateStream=40231921
event	12213400	release_after_refusal	PartialHashAggregateStream[1]	1	15995924	13526072	89773289	8	4	0		FinalHashAggregateStream=56938985;PartialHashAggregateStream=30077680;RepartitionExec=2756624
event	12214948	refusal	FinalHashAggregateStream[1]	1	13099916	31847558	95552793	8	4	0	33554432	FinalHashAggregateStream=56938985;PartialHashAggregateStream=30077680;RepartitionExec=8536128
event	12226184	refusal	FinalHashAggregateStream[0]	1	13103681	32891540	92672771	8	4	0	33554432	FinalHashAggregateStream=64739098;PartialHashAggregateStream=22154169;RepartitionExec=5779504
event	12237277	release_after_refusal	FinalHashAggregateStream[1]	1	31846878	680	79423204	8	4	0		PartialHashAggregateStream=40751480;FinalHashAggregateStream=32892220;RepartitionExec=5779504
event	12244714	refusal	PartialHashAggregateStream[0]	1	14225895	32739589	85637893	8	4	0	33554432	PartialHashAggregateStream=46265661;FinalHashAggregateStream=37533112;RepartitionExec=1839120
event	12249832	release_after_refusal	FinalHashAggregateStream[0]	1	32890860	680	56798401	8	4	0		PartialHashAggregateStream=46265661;FinalHashAggregateStream=8693620;RepartitionExec=1839120
event	12254516	release_after_refusal	PartialHashAggregateStream[0]	1	16187981	16551608	39648404	8	4	0		FinalHashAggregateStream=19286804;PartialHashAggregateStream=16552288;RepartitionExec=3809312
event	12281956	refusal	FinalHashAggregateStream[1]	1	14220395	32997746	78800267	8	4	0	33554432	FinalHashAggregateStream=59377819;PartialHashAggregateStream=16665824;RepartitionExec=2756624
event	12294829	refusal	PartialHashAggregateStream[1]	1	14225571	32739580	97205769	8	4	0	33554432	FinalHashAggregateStream=61708885;PartialHashAggregateStream=32740260;RepartitionExec=2756624
event	12303952	release_after_refusal	PartialHashAggregateStream[1]	1	16187972	16551608	81017797	8	4	0		FinalHashAggregateStream=61708885;PartialHashAggregateStream=16552288;RepartitionExec=2756624
event	12306701	release_after_refusal	FinalHashAggregateStream[1]	1	32997066	680	53533979	8	4	0		FinalHashAggregateStream=28711819;PartialHashAggregateStream=16552288;RepartitionExec=8269872
event	12313160	refusal	FinalHashAggregateStream[0]	1	14311195	31959835	61238248	8	4	0	33554432	FinalHashAggregateStream=39172712;PartialHashAggregateStream=16552288;RepartitionExec=5513248
event	12335431	refusal	PartialHashAggregateStream[0]	1	14225877	32738147	93975715	8	4	0	33554432	PartialHashAggregateStream=49289755;FinalHashAggregateStream=39172712;RepartitionExec=5513248
event	12336345	release_after_refusal	FinalHashAggregateStream[0]	1	31959155	680	62016560	8	4	0		PartialHashAggregateStream=49289755;FinalHashAggregateStream=7213557;RepartitionExec=5513248
event	12344846	release_after_refusal	PartialHashAggregateStream[0]	1	16186539	16551608	41383915	8	4	0		FinalHashAggregateStream=18134619;PartialHashAggregateStream=16552288;RepartitionExec=6697008
event	12369875	refusal	PartialHashAggregateStream[1]	1	14225868	32738804	117433509	8	4	0	33554432	FinalHashAggregateStream=65274024;PartialHashAggregateStream=46646349;RepartitionExec=5513136
event	12373906	refusal	FinalHashAggregateStream[1]	1	14317586	31922198	120190550	8	4	0	33554432	FinalHashAggregateStream=65274024;PartialHashAggregateStream=49403390;RepartitionExec=5513136
event	12380333	release_after_refusal	PartialHashAggregateStream[1]	1	16187196	16551608	116861853	8	4	0		FinalHashAggregateStream=65274024;PartialHashAggregateStream=46074693;RepartitionExec=5513136
event	12385038	refusal	PartialHashAggregateStream[0]	1	14225976	32738599	125590615	8	4	0	33554432	FinalHashAggregateStream=65274024;PartialHashAggregateStream=49290207;RepartitionExec=11026384
event	12385708	refusal	FinalHashAggregateStream[0]	1	9015765	33351826	125590615	8	4	0	33554432	FinalHashAggregateStream=65274024;PartialHashAggregateStream=49290207;RepartitionExec=11026384
event	12394626	release_after_refusal	PartialHashAggregateStream[0]	1	16186991	16551608	109403624	8	4	0		FinalHashAggregateStream=65274024;PartialHashAggregateStream=33103216;RepartitionExec=11026384
event	12396734	release_after_refusal	FinalHashAggregateStream[1]	1	31921518	680	81422490	8	4	0		FinalHashAggregateStream=33352506;PartialHashAggregateStream=33103216;RepartitionExec=14966768
event	12409681	release_after_refusal	FinalHashAggregateStream[0]	1	33351146	680	60189932	8	4	0		PartialHashAggregateStream=33103216;RepartitionExec=14179552;FinalHashAggregateStream=12907164
event	12443572	refusal	FinalHashAggregateStream[1]	1	14296223	31997921	99220380	8	4	0	33554432	FinalHashAggregateStream=63723451;PartialHashAggregateStream=32740305;RepartitionExec=2756624
event	12443743	refusal	PartialHashAggregateStream[0]	1	14225542	32739625	99220380	8	4	0	33554432	FinalHashAggregateStream=63723451;PartialHashAggregateStream=32740305;RepartitionExec=2756624
event	12454560	release_after_refusal	PartialHashAggregateStream[0]	1	16188017	16551608	103503332	8	4	0		FinalHashAggregateStream=64909522;PartialHashAggregateStream=35837186;RepartitionExec=2756624
event	12459743	refusal	FinalHashAggregateStream[0]	1	14258591	32911601	113412175	8	4	0	33554432	FinalHashAggregateStream=64909522;PartialHashAggregateStream=43775837;RepartitionExec=4726816
event	12465368	refusal	PartialHashAggregateStream[1]	1	8458569	29522617	115710563	8	4	0	33554432	FinalHashAggregateStream=64909522;PartialHashAggregateStream=46074225;RepartitionExec=4726816
event	12466341	release_after_refusal	FinalHashAggregateStream[1]	1	31997241	680	83713322	8	4	0		PartialHashAggregateStream=46074225;FinalHashAggregateStream=32912281;RepartitionExec=4726816
event	12473549	release_after_refusal	PartialHashAggregateStream[1]	1	15996545	13526072	69980829	8	4	0		FinalHashAggregateStream=39903149;PartialHashAggregateStream=30077680
event	12485696	release_after_refusal	FinalHashAggregateStream[0]	1	32910921	680	61040278	8	4	0		PartialHashAggregateStream=30077680;FinalHashAggregateStream=21504854;RepartitionExec=9457744
event	12503205	refusal	FinalHashAggregateStream[1]	1	1167315	33409447	94546628	8	4	0	33554432	FinalHashAggregateStream=48341229;PartialHashAggregateStream=41478583;RepartitionExec=4726816
event	12513677	refusal	PartialHashAggregateStream[1]	1	14225769	32739067	111749178	8	4	0	33554432	FinalHashAggregateStream=59701879;PartialHashAggregateStream=49290675;RepartitionExec=2756624
event	12523053	release_after_refusal	PartialHashAggregateStream[1]	1	16187459	16551608	95561719	8	4	0		FinalHashAggregateStream=59701879;PartialHashAggregateStream=33103216;RepartitionExec=2756624
event	12524513	release_after_refusal	FinalHashAggregateStream[1]	1	33408767	680	67666200	8	4	0		PartialHashAggregateStream=33103216;FinalHashAggregateStream=26293112;RepartitionExec=8269872
event	12536150	refusal	FinalHashAggregateStream[0]	1	14162690	31847612	67053593	8	4	0	33554432	FinalHashAggregateStream=45774489;PartialHashAggregateStream=16552288;RepartitionExec=4726816
event	12559777	release_after_refusal	FinalHashAggregateStream[0]	1	31846932	680	85527771	8	4	0		PartialHashAggregateStream=46187662;FinalHashAggregateStream=30672909;RepartitionExec=8667200
event	12563527	refusal	PartialHashAggregateStream[1]	1	14225733	32739400	95035635	8	4	0	33554432	PartialHashAggregateStream=57665718;FinalHashAggregateStream=30672909;RepartitionExec=6697008
event	12572972	refusal	PartialHashAggregateStream[0]	1	14225715	32738266	109133594	8	4	0	33554432	PartialHashAggregateStream=65477666;FinalHashAggregateStream=43655928
event	12573676	release_after_refusal	PartialHashAggregateStream[1]	1	16187792	16551608	92945802	8	4	0		PartialHashAggregateStream=49289874;FinalHashAggregateStream=43655928
event	12579350	refusal	FinalHashAggregateStream[1]	1	9005187	30672229	106761260	8	4	0	33554432	FinalHashAggregateStream=54714762;PartialHashAggregateStream=49289874;RepartitionExec=2756624
event	12582785	release_after_refusal	PartialHashAggregateStream[0]	1	16186658	16551608	90574602	8	4	0		FinalHashAggregateStream=54714762;PartialHashAggregateStream=33103216;RepartitionExec=2756624
event	12597761	refusal	FinalHashAggregateStream[0]	1	6356503	31875223	118887420	8	4	0	33554432	FinalHashAggregateStream=62547452;PartialHashAggregateStream=33103216;RepartitionExec=23236752
event	12601702	release_after_refusal	FinalHashAggregateStream[1]	1	30671549	680	88215871	8	4	0		PartialHashAggregateStream=33103216;FinalHashAggregateStream=31875903;RepartitionExec=23236752
event	12618748	release_after_refusal	FinalHashAggregateStream[0]	1	31874543	680	48740808	8	4	0		PartialHashAggregateStream=21160718;FinalHashAggregateStream=20096650;RepartitionExec=7483440
event	12641549	refusal	PartialHashAggregateStream[0]	1	14225715	32738840	109132200	8	4	0	33554432	PartialHashAggregateStream=57666067;FinalHashAggregateStream=51466133
event	12651245	release_after_refusal	PartialHashAggregateStream[0]	1	16187232	16551608	100756680	8	4	0		FinalHashAggregateStream=51466133;PartialHashAggregateStream=49290547
event	12651258	refusal	PartialHashAggregateStream[1]	1	14225526	32738939	100756680	8	4	0	33554432	FinalHashAggregateStream=51466133;PartialHashAggregateStream=49290547
event	12657772	refusal	FinalHashAggregateStream[1]	1	14305473	31975011	109182740	8	4	0	33554432	FinalHashAggregateStream=57135569;PartialHashAggregateStream=49290547;RepartitionExec=2756624
event	12661508	release_after_refusal	PartialHashAggregateStream[1]	1	16187331	16551608	92600010	8	4	0		FinalHashAggregateStream=59496794;PartialHashAggregateStream=33103216
event	12670256	refusal	FinalHashAggregateStream[0]	1	8400108	29852876	102414543	8	4	0	33554432	FinalHashAggregateStream=61827887;PartialHashAggregateStream=33103216;RepartitionExec=7483440
event	12681391	release_after_refusal	FinalHashAggregateStream[1]	1	31974331	680	70440212	8	4	0		PartialHashAggregateStream=33103216;FinalHashAggregateStream=29853556;RepartitionExec=7483440
event	12691648	release_after_refusal	FinalHashAggregateStream[0]	1	29852196	680	59888099	8	4	0		PartialHashAggregateStream=33103216;RepartitionExec=13783120;FinalHashAggregateStream=13001763
event	12717262	refusal	FinalHashAggregateStream[1]	1	6357509	31952012	101986910	8	4	0	33554432	FinalHashAggregateStream=55912770;PartialHashAggregateStream=46074140
event	12721482	refusal	PartialHashAggregateStream[1]	1	14225940	32738127	105202505	8	4	0	33554432	FinalHashAggregateStream=55912770;PartialHashAggregateStream=49289735
event	12731066	release_after_refusal	PartialHashAggregateStream[1]	1	16186519	16551608	89015986	8	4	0		FinalHashAggregateStream=55912770;PartialHashAggregateStream=33103216
event	12739090	release_after_refusal	FinalHashAggregateStream[1]	1	31951332	680	65284088	8	4	0		PartialHashAggregateStream=33103216;FinalHashAggregateStream=27454056;RepartitionExec=4726816
event	12746316	refusal	FinalHashAggregateStream[0]	1	7872255	31872579	79588843	8	4	0	33554432	FinalHashAggregateStream=39002187;PartialHashAggregateStream=33103216;RepartitionExec=7483440
event	12768618	release_after_refusal	FinalHashAggregateStream[0]	1	31871899	680	64518490	8	4	0		PartialHashAggregateStream=33329694;FinalHashAggregateStream=23705468;RepartitionExec=7483328
event	12780243	refusal	PartialHashAggregateStream[1]	1	14225490	32740327	98923073	8	4	0	33554432	PartialHashAggregateStream=65478987;FinalHashAggregateStream=30687574;RepartitionExec=2756512
event	12781331	refusal	PartialHashAggregateStream[0]	1	14225841	32738660	98923073	8	4	0	33554432	PartialHashAggregateStream=65478987;FinalHashAggregateStream=30687574;RepartitionExec=2756512
event	12790243	release_after_refusal	PartialHashAggregateStream[1]	1	16188719	16551608	82734354	8	4	0		PartialHashAggregateStream=49290268;FinalHashAggregateStream=30687574;RepartitionExec=2756512
event	12791203	release_after_refusal	PartialHashAggregateStream[0]	1	16187052	16551608	69303926	8	4	0		PartialHashAggregateStream=33103216;FinalHashAggregateStream=30687574;RepartitionExec=5513136
event	12805223	refusal	FinalHashAggregateStream[1]	1	7480090	30812830	95154642	8	4	0	33554432	FinalHashAggregateStream=54567986;PartialHashAggregateStream=33103216;RepartitionExec=7483440
event	12814116	refusal	FinalHashAggregateStream[0]	1	3248858	31203214	99716254	8	4	0	33554432	FinalHashAggregateStream=62016044;PartialHashAggregateStream=21160466;RepartitionExec=16539744
event	12825362	release_after_refusal	FinalHashAggregateStream[1]	1	30812150	680	89220860	8	4	0		PartialHashAggregateStream=41477222;FinalHashAggregateStream=31203894;RepartitionExec=16539744
event	12833092	release_after_refusal	FinalHashAggregateStream[0]	1	31202534	680	61953222	8	4	0		PartialHashAggregateStream=49289474;FinalHashAggregateStream=7150500;RepartitionExec=5513248
event	12833841	refusal	PartialHashAggregateStream[1]	1	14225488	32737866	62270700	8	4	0	33554432	PartialHashAggregateStream=49289474;FinalHashAggregateStream=10224602;RepartitionExec=2756624
event	12843929	release_after_refusal	PartialHashAggregateStream[1]	1	16186258	16551608	64525070	8	4	0		PartialHashAggregateStream=33103216;FinalHashAggregateStream=28665230;RepartitionExec=2756624
event	12859968	refusal	FinalHashAggregateStream[1]	1	14512318	31944258	84001308	8	4	0	33554432	FinalHashAggregateStream=58114233;PartialHashAggregateStream=21160259;RepartitionExec=4726816
event	12879566	refusal	PartialHashAggregateStream[0]	1	14225967	32738635	115715977	8	4	0	33554432	FinalHashAggregateStream=63669110;PartialHashAggregateStream=49290243;RepartitionExec=2756624
event	12882891	release_after_refusal	FinalHashAggregateStream[1]	1	31943578	680	83772399	8	4	0		PartialHashAggregateStream=49290243;FinalHashAggregateStream=31725532;RepartitionExec=2756624
event	12889290	release_after_refusal	PartialHashAggregateStream[0]	1	16187027	16551608	60044665	8	4	0		FinalHashAggregateStream=32895544;PartialHashAggregateStream=25178929;RepartitionExec=1970192
event	12894290	refusal	FinalHashAggregateStream[0]	1	14244260	32894864	75564844	8	4	0	33554432	PartialHashAggregateStream=33215668;FinalHashAggregateStream=32895544;RepartitionExec=9453632
event	12918387	release_after_refusal	FinalHashAggregateStream[0]	1	32894184	680	54167106	8	4	0		PartialHashAggregateStream=24829128;FinalHashAggregateStream=22772042;RepartitionExec=6565936
event	12962693	refusal	PartialHashAggregateStream[0]	1	14225823	32739139	96220408	7	4	0	38347922	FinalHashAggregateStream=58754453;PartialHashAggregateStream=32739139;RepartitionExec=4726816
event	12971955	release_after_refusal	PartialHashAggregateStream[0]	1	16187531	16551608	80032877	7	4	0		FinalHashAggregateStream=58754453;PartialHashAggregateStream=16551608;RepartitionExec=4726816
event	12976588	refusal	FinalHashAggregateStream[1]	1	14251172	32087240	85120576	7	4	0	38347922	FinalHashAggregateStream=61085528;PartialHashAggregateStream=16551608;RepartitionExec=7483440
event	12984854	refusal	FinalHashAggregateStream[0]	1	14235839	32246912	97821936	7	4	0	38347922	FinalHashAggregateStream=64334152;RepartitionExec=16936176;PartialHashAggregateStream=16551608
event	12999510	release_after_refusal	FinalHashAggregateStream[1]	1	32086560	680	65735376	7	4	0		FinalHashAggregateStream=32247592;RepartitionExec=16936176;PartialHashAggregateStream=16551608
event	13005954	release_after_refusal	FinalHashAggregateStream[0]	1	32246232	680	31304801	7	4	0		PartialHashAggregateStream=16551608;RepartitionExec=9452736;FinalHashAggregateStream=5300457
event	13053991	refusal	PartialHashAggregateStream[0]	1	14225751	32737933	66652013	7	4	0	38347922	PartialHashAggregateStream=32737933;FinalHashAggregateStream=31157456;RepartitionExec=2756624
event	13064410	release_after_refusal	PartialHashAggregateStream[0]	1	16186325	16551608	50465688	7	4	0		FinalHashAggregateStream=31157456;PartialHashAggregateStream=16551608;RepartitionExec=2756624
event	13081273	refusal	FinalHashAggregateStream[1]	1	9004692	30847726	69565555	7	4	0	38347922	FinalHashAggregateStream=50257323;PartialHashAggregateStream=16551608;RepartitionExec=2756624
event	13101147	release_after_refusal	FinalHashAggregateStream[1]	1	30847046	680	44391632	7	4	0		FinalHashAggregateStream=25083400;PartialHashAggregateStream=16551608;RepartitionExec=2756624
event	13128242	refusal	PartialHashAggregateStream[0]	1	14225517	32738579	65302802	7	4	0	38347922	PartialHashAggregateStream=32738579;FinalHashAggregateStream=32564223
event	13138345	release_after_refusal	PartialHashAggregateStream[0]	1	16186971	16551608	49115831	7	4	0		FinalHashAggregateStream=32564223;PartialHashAggregateStream=16551608
event	13154775	refusal	FinalHashAggregateStream[0]	1	8974395	38092478	76248164	7	4	0	38347922	FinalHashAggregateStream=54969740;PartialHashAggregateStream=16551608;RepartitionExec=4726816
event	13178046	release_after_refusal	FinalHashAggregateStream[0]	1	38091798	680	41336346	7	4	0		FinalHashAggregateStream=31288778;RepartitionExec=10047568
event	13196690	refusal	FinalHashAggregateStream[1]	1	8282112	66256896	87778662	4	4	0	67108864	FinalHashAggregateStream=87778662
event	13196692	release_after_refusal	FinalHashAggregateStream[1]	1	33128448	33128448	54650214	4	4	0		FinalHashAggregateStream=54650214
event	13203413	refusal	FinalHashAggregateStream[0]	1	8282112	66256896	99385344	4	4	0	67108864	FinalHashAggregateStream=99385344
event	13203415	release_after_refusal	FinalHashAggregateStream[0]	1	33128448	33128448	66256896	4	4	0		FinalHashAggregateStream=66256896
event	13261547	refusal	FinalHashAggregateStream[1]	1	8282112	66256896	99385344	4	4	0	67108864	FinalHashAggregateStream=99385344
event	13261549	release_after_refusal	FinalHashAggregateStream[1]	1	33128448	33128448	66256896	4	4	0		FinalHashAggregateStream=66256896
event	13273616	refusal	FinalHashAggregateStream[0]	1	8282112	66256896	99385344	4	4	0	67108864	FinalHashAggregateStream=99385344
event	13273618	release_after_refusal	FinalHashAggregateStream[0]	1	33128448	33128448	66256896	4	4	0		FinalHashAggregateStream=66256896
event	13329176	refusal	FinalHashAggregateStream[1]	1	8282112	66256896	99385344	4	4	0	67108864	FinalHashAggregateStream=99385344
event	13329179	release_after_refusal	FinalHashAggregateStream[1]	1	33128448	33128448	66256896	4	4	0		FinalHashAggregateStream=66256896
event	13339009	refusal	FinalHashAggregateStream[0]	1	8282112	66256896	99385344	4	4	0	67108864	FinalHashAggregateStream=99385344
event	13339012	release_after_refusal	FinalHashAggregateStream[0]	1	33128448	33128448	66256896	4	4	0		FinalHashAggregateStream=66256896
event	13394042	refusal	FinalHashAggregateStream[1]	1	8282112	66256896	99385344	4	4	0	67108864	FinalHashAggregateStream=99385344
event	13394045	release_after_refusal	FinalHashAggregateStream[1]	1	33128448	33128448	66256896	4	4	0		FinalHashAggregateStream=66256896
event	13401434	refusal	FinalHashAggregateStream[0]	1	8282112	66256896	99385344	4	4	0	67108864	FinalHashAggregateStream=99385344
event	13401436	release_after_refusal	FinalHashAggregateStream[0]	1	33128448	33128448	66256896	4	4	0		FinalHashAggregateStream=66256896
event	13463241	refusal	FinalHashAggregateStream[1]	1	8282112	66256896	99385344	4	4	0	67108864	FinalHashAggregateStream=99385344
event	13463244	release_after_refusal	FinalHashAggregateStream[1]	1	33128448	33128448	66256896	4	4	0		FinalHashAggregateStream=66256896
event	13466589	refusal	FinalHashAggregateStream[0]	1	8282112	66256896	99385344	4	4	0	67108864	FinalHashAggregateStream=99385344
event	13466591	release_after_refusal	FinalHashAggregateStream[0]	1	33128448	33128448	66256896	4	4	0		FinalHashAggregateStream=66256896
event	13532010	refusal	FinalHashAggregateStream[1]	1	8282112	66256896	99385344	4	4	0	67108864	FinalHashAggregateStream=99385344
event	13532013	release_after_refusal	FinalHashAggregateStream[1]	1	33128448	33128448	66256896	4	4	0		FinalHashAggregateStream=66256896
event	13532880	refusal	FinalHashAggregateStream[0]	1	8282112	66256896	99385344	4	4	0	67108864	FinalHashAggregateStream=99385344
event	13532881	release_after_refusal	FinalHashAggregateStream[0]	1	33128448	33128448	66256896	4	4	0		FinalHashAggregateStream=66256896
event	13599660	refusal	FinalHashAggregateStream[1]	1	8282112	66256896	99385344	4	4	0	67108864	FinalHashAggregateStream=99385344
event	13599663	release_after_refusal	FinalHashAggregateStream[1]	1	33128448	33128448	66256896	4	4	0		FinalHashAggregateStream=66256896
event	13601731	refusal	FinalHashAggregateStream[0]	1	8282112	66256896	99385344	4	4	0	67108864	FinalHashAggregateStream=99385344
event	13601733	release_after_refusal	FinalHashAggregateStream[0]	1	33128448	33128448	66256896	4	4	0		FinalHashAggregateStream=66256896
event	13669279	refusal	FinalHashAggregateStream[1]	1	8282112	66256896	99385344	4	4	0	67108864	FinalHashAggregateStream=99385344
event	13669281	release_after_refusal	FinalHashAggregateStream[1]	1	33128448	33128448	66256896	4	4	0		FinalHashAggregateStream=66256896
event	13671139	refusal	FinalHashAggregateStream[0]	1	8282112	66256896	99385344	4	4	0	67108864	FinalHashAggregateStream=99385344
event	13671141	release_after_refusal	FinalHashAggregateStream[0]	1	33128448	33128448	66256896	4	4	0		FinalHashAggregateStream=66256896
event	13734070	refusal	FinalHashAggregateStream[0]	1	8282112	66256896	99385344	4	4	0	67108864	FinalHashAggregateStream=99385344
event	13734073	release_after_refusal	FinalHashAggregateStream[0]	1	33128448	33128448	66256896	4	4	0		FinalHashAggregateStream=66256896
event	13735616	refusal	FinalHashAggregateStream[1]	1	8282112	66256896	99385344	4	4	0	67108864	FinalHashAggregateStream=99385344
event	13735618	release_after_refusal	FinalHashAggregateStream[1]	1	33128448	33128448	66256896	4	4	0		FinalHashAggregateStream=66256896
event	13796207	refusal	FinalHashAggregateStream[1]	1	8282112	66256896	99385344	4	4	0	67108864	FinalHashAggregateStream=99385344
event	13796210	release_after_refusal	FinalHashAggregateStream[1]	1	33128448	33128448	66256896	4	4	0		FinalHashAggregateStream=66256896
event	13796971	refusal	FinalHashAggregateStream[0]	1	8282112	66256896	99385344	4	4	0	67108864	FinalHashAggregateStream=99385344
event	13796973	release_after_refusal	FinalHashAggregateStream[0]	1	33128448	33128448	66256896	4	4	0		FinalHashAggregateStream=66256896
event	13862195	refusal	FinalHashAggregateStream[1]	1	8282112	66256896	99385344	4	4	0	67108864	FinalHashAggregateStream=99385344
event	13862198	release_after_refusal	FinalHashAggregateStream[1]	1	33128448	33128448	66256896	4	4	0		FinalHashAggregateStream=66256896
event	13862521	refusal	FinalHashAggregateStream[0]	1	8282112	66256896	99385344	4	4	0	67108864	FinalHashAggregateStream=99385344
event	13862522	release_after_refusal	FinalHashAggregateStream[0]	1	33128448	33128448	66256896	4	4	0		FinalHashAggregateStream=66256896
event	13923728	refusal	FinalHashAggregateStream[1]	1	8282112	66256896	99385344	4	4	0	67108864	FinalHashAggregateStream=99385344
event	13923730	release_after_refusal	FinalHashAggregateStream[1]	1	33128448	33128448	66256896	4	4	0		FinalHashAggregateStream=66256896
event	13928645	refusal	FinalHashAggregateStream[0]	1	8282112	66256896	99385344	4	4	0	67108864	FinalHashAggregateStream=99385344
event	13928646	release_after_refusal	FinalHashAggregateStream[0]	1	33128448	33128448	66256896	4	4	0		FinalHashAggregateStream=66256896
event	13987822	refusal	FinalHashAggregateStream[1]	1	8282112	66256896	99385344	4	4	0	67108864	FinalHashAggregateStream=99385344
event	13987824	release_after_refusal	FinalHashAggregateStream[1]	1	33128448	33128448	66256896	4	4	0		FinalHashAggregateStream=66256896
event	13991913	refusal	FinalHashAggregateStream[0]	1	8282112	66256896	99385344	4	4	0	67108864	FinalHashAggregateStream=99385344
event	13991915	release_after_refusal	FinalHashAggregateStream[0]	1	33128448	33128448	66256896	4	4	0		FinalHashAggregateStream=66256896
event	14052356	refusal	FinalHashAggregateStream[1]	1	8282112	66256896	99385344	4	4	0	67108864	FinalHashAggregateStream=99385344
event	14052358	release_after_refusal	FinalHashAggregateStream[1]	1	33128448	33128448	66256896	4	4	0		FinalHashAggregateStream=66256896
event	14059006	refusal	FinalHashAggregateStream[0]	1	8282112	66256896	99385344	4	4	0	67108864	FinalHashAggregateStream=99385344
event	14059008	release_after_refusal	FinalHashAggregateStream[0]	1	33128448	33128448	66256896	4	4	0		FinalHashAggregateStream=66256896
event	14113610	refusal	FinalHashAggregateStream[1]	1	8282112	66256896	99385344	4	4	0	67108864	FinalHashAggregateStream=99385344
event	14113613	release_after_refusal	FinalHashAggregateStream[1]	1	33128448	33128448	66256896	4	4	0		FinalHashAggregateStream=66256896
event	14120535	refusal	FinalHashAggregateStream[0]	1	8282112	66256896	99385344	4	4	0	67108864	FinalHashAggregateStream=99385344
event	14120536	release_after_refusal	FinalHashAggregateStream[0]	1	33128448	33128448	66256896	4	4	0		FinalHashAggregateStream=66256896
event	14174942	refusal	FinalHashAggregateStream[1]	1	8282112	66256896	99385344	4	4	0	67108864	FinalHashAggregateStream=99385344
event	14174944	release_after_refusal	FinalHashAggregateStream[1]	1	33128448	33128448	66256896	4	4	0		FinalHashAggregateStream=66256896
event	14182329	refusal	FinalHashAggregateStream[0]	1	8282112	66256896	99385344	4	4	0	67108864	FinalHashAggregateStream=99385344
event	14182330	release_after_refusal	FinalHashAggregateStream[0]	1	33128448	33128448	66256896	4	4	0		FinalHashAggregateStream=66256896
event	14242564	refusal	FinalHashAggregateStream[1]	1	8282112	66256896	99385344	4	4	0	67108864	FinalHashAggregateStream=99385344
event	14242567	release_after_refusal	FinalHashAggregateStream[1]	1	33128448	33128448	66256896	4	4	0		FinalHashAggregateStream=66256896
event	14245744	refusal	FinalHashAggregateStream[0]	1	8282112	66256896	99385344	4	4	0	67108864	FinalHashAggregateStream=99385344
event	14245745	release_after_refusal	FinalHashAggregateStream[0]	1	33128448	33128448	66256896	4	4	0		FinalHashAggregateStream=66256896
event	14305238	refusal	FinalHashAggregateStream[0]	1	8282112	66256896	132513792	4	4	0	67108864	FinalHashAggregateStream=132513792
event	14305243	release_after_refusal	FinalHashAggregateStream[0]	1	33128448	33128448	99385344	4	4	0		FinalHashAggregateStream=99385344
event	14305238	refusal	FinalHashAggregateStream[1]	1	8282112	66256896	132513792	4	4	0	67108864	FinalHashAggregateStream=99385344
event	14305248	release_after_refusal	FinalHashAggregateStream[1]	1	33128448	33128448	66256896	4	4	0		FinalHashAggregateStream=66256896
event	14369871	refusal	FinalHashAggregateStream[0]	1	8282112	66256896	99385344	4	4	0	67108864	FinalHashAggregateStream=99385344
event	14369873	release_after_refusal	FinalHashAggregateStream[0]	1	33128448	33128448	66256896	4	4	0		FinalHashAggregateStream=66256896
event	14371634	refusal	FinalHashAggregateStream[1]	1	8282112	66256896	99385344	4	4	0	67108864	FinalHashAggregateStream=99385344
event	14371635	release_after_refusal	FinalHashAggregateStream[1]	1	33128448	33128448	66256896	4	4	0		FinalHashAggregateStream=66256896
event	14430846	refusal	FinalHashAggregateStream[1]	1	8282112	66256896	99385344	4	4	0	67108864	FinalHashAggregateStream=99385344
event	14430848	release_after_refusal	FinalHashAggregateStream[1]	1	33128448	33128448	66256896	4	4	0		FinalHashAggregateStream=66256896
event	14435018	refusal	FinalHashAggregateStream[0]	1	8282112	66256896	99385344	4	4	0	67108864	FinalHashAggregateStream=99385344
event	14435020	release_after_refusal	FinalHashAggregateStream[0]	1	33128448	33128448	66256896	4	4	0		FinalHashAggregateStream=66256896
event	14491634	refusal	FinalHashAggregateStream[1]	1	8282112	66256896	99385344	4	4	0	67108864	FinalHashAggregateStream=99385344
event	14491637	release_after_refusal	FinalHashAggregateStream[1]	1	33128448	33128448	66256896	4	4	0		FinalHashAggregateStream=66256896
event	14497393	refusal	FinalHashAggregateStream[0]	1	8282112	66256896	99385344	4	4	0	67108864	FinalHashAggregateStream=99385344
event	14497394	release_after_refusal	FinalHashAggregateStream[0]	1	33128448	33128448	66256896	4	4	0		FinalHashAggregateStream=66256896
event	14555886	refusal	FinalHashAggregateStream[1]	1	8282112	66256896	99385344	4	4	0	67108864	FinalHashAggregateStream=99385344
event	14555888	release_after_refusal	FinalHashAggregateStream[1]	1	33128448	33128448	66256896	4	4	0		FinalHashAggregateStream=66256896
event	14559530	refusal	FinalHashAggregateStream[0]	1	8282112	66256896	99385344	4	4	0	67108864	FinalHashAggregateStream=99385344
event	14559531	release_after_refusal	FinalHashAggregateStream[0]	1	33128448	33128448	66256896	4	4	0		FinalHashAggregateStream=66256896
event	14618933	refusal	FinalHashAggregateStream[1]	1	8282112	66256896	99385344	4	4	0	67108864	FinalHashAggregateStream=99385344
event	14618935	release_after_refusal	FinalHashAggregateStream[1]	1	33128448	33128448	66256896	4	4	0		FinalHashAggregateStream=66256896
event	14619968	refusal	FinalHashAggregateStream[0]	1	8282112	66256896	99385344	4	4	0	67108864	FinalHashAggregateStream=99385344
event	14619970	release_after_refusal	FinalHashAggregateStream[0]	1	33128448	33128448	66256896	4	4	0		FinalHashAggregateStream=66256896
event	14957255	refusal	FinalHashAggregateStream[1]	1	8282112	66256896	99385344	4	4	0	67108864	FinalHashAggregateStream=99385344
event	14957257	release_after_refusal	FinalHashAggregateStream[1]	1	33128448	33128448	66256896	4	4	0		FinalHashAggregateStream=66256896
event	15013679	refusal	FinalHashAggregateStream[0]	1	8282112	66256896	99385344	4	4	0	67108864	FinalHashAggregateStream=99385344
event	15013681	release_after_refusal	FinalHashAggregateStream[0]	1	33128448	33128448	66256896	4	4	0		FinalHashAggregateStream=66256896
event	15492038	refusal	FinalHashAggregateStream[1]	1	8282112	66256896	99385344	4	4	0	67108864	FinalHashAggregateStream=99385344
event	15492041	release_after_refusal	FinalHashAggregateStream[1]	1	33128448	33128448	66256896	4	4	0		FinalHashAggregateStream=66256896
event	15554515	refusal	FinalHashAggregateStream[0]	1	8282112	66256896	99385344	4	4	0	67108864	FinalHashAggregateStream=99385344
event	15554517	release_after_refusal	FinalHashAggregateStream[0]	1	33128448	33128448	66256896	4	4	0		FinalHashAggregateStream=66256896
event	16115247	refusal	ExternalSorter[1]	1	5998564	59174408	132969698	4	4	20971520	61865984	ExternalSorter=78617840;FinalHashAggregateStream=33380338;ExternalSorterMerge=20971520
event	16115552	release_after_refusal	ExternalSorter[1]	1	2098162	57076246	130871536	4	4	20971520		ExternalSorter=76519678;FinalHashAggregateStream=33380338;ExternalSorterMerge=20971520
event	16161693	refusal	ExternalSorter[0]	1	5998564	59174408	161320604	4	4	20971520	61865984	ExternalSorter=100738420;FinalHashAggregateStream=39610664;ExternalSorterMerge=20971520
event	16161865	release_after_refusal	ExternalSorter[0]	1	3245042	55929366	158075562	4	4	20971520		ExternalSorter=97493378;FinalHashAggregateStream=39610664;ExternalSorterMerge=20971520
event	16190110	refusal	ExternalSorter[1]	1	4556788	60907312	143644338	4	4	20971520	61865984	ExternalSorter=86277824;FinalHashAggregateStream=36394994;ExternalSorterMerge=20971520
event	16190235	release_after_refusal	ExternalSorter[1]	1	2524154	58383158	141120184	4	4	20971520		ExternalSorter=83753670;FinalHashAggregateStream=36394994;ExternalSorterMerge=20971520
event	16236592	refusal	ExternalSorter[0]	1	4556788	60907312	159706610	4	4	20971520	61865984	ExternalSorter=103784144;FinalHashAggregateStream=34950946;ExternalSorterMerge=20971520
event	16236729	release_after_refusal	ExternalSorter[0]	1	2524154	58383158	157182456	4	4	20971520		ExternalSorter=101259990;FinalHashAggregateStream=34950946;ExternalSorterMerge=20971520
event	16252720	refusal	ExternalSorter[1]	1	6850564	55889800	121155218	4	4	20971520	61865984	ExternalSorter=65232752;FinalHashAggregateStream=34950946;ExternalSorterMerge=20971520
event	16252838	release_after_refusal	ExternalSorter[1]	1	3671034	52218766	117484184	4	4	20971520		ExternalSorter=61561718;FinalHashAggregateStream=34950946;ExternalSorterMerge=20971520
event	16298854	refusal	ExternalSorter[0]	1	6850564	55889800	143794090	4	4	20971520	61865984	ExternalSorter=87756712;FinalHashAggregateStream=35065858;ExternalSorterMerge=20971520
event	16299076	release_after_refusal	ExternalSorter[0]	1	3671034	52218766	140123056	4	4	20971520		ExternalSorter=84085678;FinalHashAggregateStream=35065858;ExternalSorterMerge=20971520
event	16327509	refusal	ExternalSorter[1]	1	5638148	56617012	132423745	4	4	20971520	61865984	ExternalSorter=76386376;FinalHashAggregateStream=35065849;ExternalSorterMerge=20971520
event	16327670	release_after_refusal	ExternalSorter[1]	1	3064834	53552178	129358911	4	4	20971520		ExternalSorter=73321542;FinalHashAggregateStream=35065849;ExternalSorterMerge=20971520
event	16371809	refusal	ExternalSorter[0]	1	5638148	56617012	152744050	4	4	20971520	61865984	ExternalSorter=96706672;FinalHashAggregateStream=35065858;ExternalSorterMerge=20971520
event	16372093	release_after_refusal	ExternalSorter[0]	1	3064834	53552178	149679216	4	4	20971520		ExternalSorter=93641838;FinalHashAggregateStream=35065858;ExternalSorterMerge=20971520
event	16408682	refusal	ExternalSorter[1]	1	4425748	61827252	155134174	4	4	20971520	61865984	ExternalSorter=99096796;FinalHashAggregateStream=35065858;ExternalSorterMerge=20971520
event	16408811	release_after_refusal	ExternalSorter[1]	1	2458634	59368618	152675540	4	4	20971520		ExternalSorter=96638162;FinalHashAggregateStream=35065858;ExternalSorterMerge=20971520
event	16452704	refusal	ExternalSorter[0]	1	4425748	61827252	153661762	4	4	20971520	61865984	ExternalSorter=97624384;FinalHashAggregateStream=35065858;ExternalSorterMerge=20971520
event	16452930	release_after_refusal	ExternalSorter[0]	1	3294210	58533042	150367552	4	4	20971520		ExternalSorter=94330174;FinalHashAggregateStream=35065858;ExternalSorterMerge=20971520
event	16475168	refusal	ExternalSorter[1]	1	6948900	61298908	131301658	4	4	20971520	61865984	ExternalSorter=75264280;FinalHashAggregateStream=35065858;ExternalSorterMerge=20971520
event	16475326	release_after_refusal	ExternalSorter[1]	1	3720202	57578706	127581456	4	4	20971520		ExternalSorter=71544078;FinalHashAggregateStream=35065858;ExternalSorterMerge=20971520
event	16519453	refusal	ExternalSorter[0]	1	6948900	61298908	149989886	4	4	20971520	61865984	ExternalSorter=93952508;FinalHashAggregateStream=35065858;ExternalSorterMerge=20971520
event	16519577	release_after_refusal	ExternalSorter[0]	1	3720202	57578706	146269684	4	4	20971520		ExternalSorter=90232306;FinalHashAggregateStream=35065858;ExternalSorterMerge=20971520
event	16550034	refusal	ExternalSorter[1]	1	5736484	57895380	134193802	4	4	20971520	61865984	ExternalSorter=78156424;FinalHashAggregateStream=35065858;ExternalSorterMerge=20971520
event	16550187	release_after_refusal	ExternalSorter[1]	1	3114002	54781378	131079800	4	4	20971520		ExternalSorter=75042422;FinalHashAggregateStream=35065858;ExternalSorterMerge=20971520
event	16597467	refusal	ExternalSorter[0]	1	5736484	57895380	159761358	4	4	20971520	61865984	ExternalSorter=98673392;FinalHashAggregateStream=40116446;ExternalSorterMerge=20971520
event	16597640	release_after_refusal	ExternalSorter[0]	1	3114002	54781378	156647356	4	4	20971520		ExternalSorter=95559390;FinalHashAggregateStream=40116446;ExternalSorterMerge=20971520
event	16624940	refusal	ExternalSorter[1]	1	4294708	58810912	139170482	4	4	20971520	61865984	ExternalSorter=83133104;FinalHashAggregateStream=35065858;ExternalSorterMerge=20971520
event	16625101	release_after_refusal	ExternalSorter[1]	1	2393114	56417798	136777368	4	4	20971520		ExternalSorter=80739990;FinalHashAggregateStream=35065858;ExternalSorterMerge=20971520
event	16668224	refusal	ExternalSorter[0]	1	4294708	58810912	149728133	4	4	20971520	61865984	ExternalSorter=93690764;FinalHashAggregateStream=35065849;ExternalSorterMerge=20971520
event	16668362	release_after_refusal	ExternalSorter[0]	1	2393114	56417798	152385760	4	4	20971520		ExternalSorter=91297650;FinalHashAggregateStream=40116590;ExternalSorterMerge=20971520
event	16690513	refusal	ExternalSorter[1]	1	6817860	59857468	129467098	4	4	20971520	61865984	ExternalSorter=73429720;FinalHashAggregateStream=35065858;ExternalSorterMerge=20971520
event	16690854	release_after_refusal	ExternalSorter[1]	1	2622490	57234978	126844608	4	4	20971520		ExternalSorter=70807230;FinalHashAggregateStream=35065858;ExternalSorterMerge=20971520
event	16734696	refusal	ExternalSorter[0]	1	6096796	59136404	144615702	4	4	20971520	61865984	ExternalSorter=88578324;FinalHashAggregateStream=35065858;ExternalSorterMerge=20971520
event	16734898	release_after_refusal	ExternalSorter[0]	1	3654668	55481736	140961034	4	4	20971520		ExternalSorter=84923656;FinalHashAggregateStream=35065858;ExternalSorterMerge=20971520
event	16770537	refusal	ExternalSorter[1]	1	5834736	59633440	138325754	4	4	20971520	61865984	ExternalSorter=82288376;FinalHashAggregateStream=35065858;ExternalSorterMerge=20971520
event	16770854	release_after_refusal	ExternalSorter[1]	1	1786914	57846526	136538840	4	4	20971520		ExternalSorter=80501462;FinalHashAggregateStream=35065858;ExternalSorterMerge=20971520
event	16817633	refusal	ExternalSorter[0]	1	5834708	60354224	156909170	4	4	20971520	61865984	ExternalSorter=100871792;FinalHashAggregateStream=35065858;ExternalSorterMerge=20971520
event	16817934	release_after_refusal	ExternalSorter[0]	1	3048454	57305770	153860716	4	4	20971520		ExternalSorter=97823338;FinalHashAggregateStream=35065858;ExternalSorterMerge=20971520
event	16850471	refusal	ExternalSorter[1]	1	4622308	59467516	146972194	4	4	20971520	61865984	ExternalSorter=90934816;FinalHashAggregateStream=35065858;ExternalSorterMerge=20971520
event	16850774	release_after_refusal	ExternalSorter[1]	1	3392504	56075012	143579690	4	4	20971520		ExternalSorter=87542312;FinalHashAggregateStream=35065858;ExternalSorterMerge=20971520
event	16893501	refusal	ExternalSorter[0]	1	3671868	59268564	151757818	4	4	20971520	61865984	ExternalSorter=95720440;FinalHashAggregateStream=35065858;ExternalSorterMerge=20971520
event	16893762	release_after_refusal	ExternalSorter[0]	1	1721316	57547248	150036502	4	4	20971520		ExternalSorter=93999124;FinalHashAggregateStream=35065858;ExternalSorterMerge=20971520
event	16912296	refusal	ExternalSorter[1]	1	6916056	55823740	125206087	4	4	20971520	61865984	ExternalSorter=64117860;FinalHashAggregateStream=40116707;ExternalSorterMerge=20971520
event	16912563	release_after_refusal	ExternalSorter[1]	1	3703780	52119960	121303086	4	4	20971520		ExternalSorter=65265708;FinalHashAggregateStream=35065858;ExternalSorterMerge=20971520
event	16964472	refusal	ExternalSorter[0]	1	6194964	59495216	151759110	4	4	20971520	61865984	ExternalSorter=95721732;FinalHashAggregateStream=35065858;ExternalSorterMerge=20971520
event	16964728	release_after_refusal	ExternalSorter[0]	1	3703752	55791464	148055358	4	4	20971520		ExternalSorter=92017980;FinalHashAggregateStream=35065858;ExternalSorterMerge=20971520
event	16994133	refusal	ExternalSorter[1]	1	5932960	61729696	137142470	4	4	20971520	61865984	ExternalSorter=81105092;FinalHashAggregateStream=35065858;ExternalSorterMerge=20971520
event	16994501	release_after_refusal	ExternalSorter[1]	1	2753502	58976194	134388968	4	4	20971520		ExternalSorter=78351590;FinalHashAggregateStream=35065858;ExternalSorterMerge=20971520
event	17055020	refusal	ExternalSorter[0]	1	5932904	61728632	165724958	4	4	20971520	61865984	ExternalSorter=109687580;FinalHashAggregateStream=35065858;ExternalSorterMerge=20971520
event	17055531	release_after_refusal	ExternalSorter[0]	1	3212212	58516420	162512746	4	4	20971520		ExternalSorter=106475368;FinalHashAggregateStream=35065858;ExternalSorterMerge=20971520
event	17074023	refusal	ExternalSorter[1]	1	4720532	60744288	133927195	4	4	20971520	61865984	ExternalSorter=72839472;FinalHashAggregateStream=40116203;ExternalSorterMerge=20971520
event	17074185	release_after_refusal	ExternalSorter[1]	1	2606026	58138262	131321169	4	4	20971520		ExternalSorter=70233446;FinalHashAggregateStream=40116203;ExternalSorterMerge=20971520
event	17133846	refusal	ExternalSorter[0]	1	4720476	60743728	174308362	4	4	20971520	61865984	ExternalSorter=118270984;FinalHashAggregateStream=35065858;ExternalSorterMerge=20971520
event	17133991	release_after_refusal	ExternalSorter[0]	1	2605998	58137730	171702364	4	4	20971520		ExternalSorter=115664986;FinalHashAggregateStream=35065858;ExternalSorterMerge=20971520
event	17143202	refusal	ExternalSorter[1]	1	3049324	59626084	120383938	4	4	20971520	61865984	ExternalSorter=64346560;FinalHashAggregateStream=35065858;ExternalSorterMerge=20971520
event	17143631	release_after_refusal	ExternalSorter[1]	1	1049526	58576558	119334412	4	4	20971520		ExternalSorter=63297034;FinalHashAggregateStream=35065858;ExternalSorterMerge=20971520
event	17200615	refusal	ExternalSorter[0]	1	3049324	60346644	155756690	4	4	20971520	61865984	ExternalSorter=99719312;FinalHashAggregateStream=35065858;ExternalSorterMerge=20971520
event	17200750	release_after_refusal	ExternalSorter[0]	1	1770422	58576222	153986268	4	4	20971520		ExternalSorter=97948890;FinalHashAggregateStream=35065858;ExternalSorterMerge=20971520
event	17220957	refusal	ExternalSorter[1]	1	6031156	56089880	121963358	4	4	20971520	61865984	ExternalSorter=65925980;FinalHashAggregateStream=35065858;ExternalSorterMerge=20971520
event	17221092	release_after_refusal	ExternalSorter[1]	1	3261338	52828542	118702020	4	4	20971520		ExternalSorter=62664642;FinalHashAggregateStream=35065858;ExternalSorterMerge=20971520
event	17279781	refusal	ExternalSorter[0]	1	6031212	57532540	164381265	4	4	20971520	61865984	ExternalSorter=103293344;FinalHashAggregateStream=40116401;ExternalSorterMerge=20971520
event	17280093	release_after_refusal	ExternalSorter[0]	1	2229174	55303366	162152091	4	4	20971520		ExternalSorter=101064170;FinalHashAggregateStream=40116401;ExternalSorterMerge=20971520
event	17296126	refusal	ExternalSorter[1]	1	3868344	58152688	125760830	4	4	20971520	61865984	ExternalSorter=69723452;FinalHashAggregateStream=35065858;ExternalSorterMerge=20971520
event	17296340	release_after_refusal	ExternalSorter[1]	1	2540450	55612238	123220380	4	4	20971520		ExternalSorter=67183002;FinalHashAggregateStream=35065858;ExternalSorterMerge=20971520
event	17351491	refusal	ExternalSorter[0]	1	4589408	57432044	168963854	4	4	20971520	61865984	ExternalSorter=112926476;FinalHashAggregateStream=35065858;ExternalSorterMerge=20971520
event	17351631	release_after_refusal	ExternalSorter[0]	1	2540464	54891580	166423390	4	4	20971520		ExternalSorter=110386012;FinalHashAggregateStream=35065858;ExternalSorterMerge=20971520
event	17356038	refusal	ExternalSorter[1]	1	6883128	55494432	146325504	4	4	20971520	61865984	ExternalSorter=90288126;FinalHashAggregateStream=35065858;ExternalSorterMerge=20971520
event	17356192	release_after_refusal	ExternalSorter[1]	1	3687316	51807116	142638188	4	4	20971520		ExternalSorter=86600810;FinalHashAggregateStream=35065858;ExternalSorterMerge=20971520
event	17411919	refusal	ExternalSorter[0]	1	6883156	55494964	152936806	4	4	20971520	61865984	ExternalSorter=96899428;FinalHashAggregateStream=35065858;ExternalSorterMerge=20971520
event	17412192	release_after_refusal	ExternalSorter[0]	1	2966434	52528530	149970372	4	4	20971520		ExternalSorter=93932994;FinalHashAggregateStream=35065858;ExternalSorterMerge=20971520
event	17432736	refusal	ExternalSorter[1]	1	5670712	57040344	126026710	4	4	20971520	61865984	ExternalSorter=69989332;FinalHashAggregateStream=35065858;ExternalSorterMerge=20971520
event	17432931	release_after_refusal	ExternalSorter[1]	1	1934236	55106108	124092474	4	4	20971520		ExternalSorter=68055096;FinalHashAggregateStream=35065858;ExternalSorterMerge=20971520
event	17492088	refusal	ExternalSorter[0]	1	5900004	60547948	163952554	4	4	20971520	61865984	ExternalSorter=107915176;FinalHashAggregateStream=35065858;ExternalSorterMerge=20971520
event	17492240	release_after_refusal	ExternalSorter[0]	1	3195762	57352186	165807101	4	4	20971520		ExternalSorter=104719414;FinalHashAggregateStream=40116167;ExternalSorterMerge=20971520
event	17509727	refusal	ExternalSorter[1]	1	4458200	59365572	127432334	4	4	20971520	61865984	ExternalSorter=71394956;FinalHashAggregateStream=35065858;ExternalSorterMerge=20971520
event	17509936	release_after_refusal	ExternalSorter[1]	1	2474860	56890712	124957474	4	4	20971520		ExternalSorter=68920096;FinalHashAggregateStream=35065858;ExternalSorterMerge=20971520
event	17569621	refusal	ExternalSorter[0]	1	4687548	60315580	169813770	4	4	20971520	61865984	ExternalSorter=113776392;FinalHashAggregateStream=35065858;ExternalSorterMerge=20971520
event	17569778	release_after_refusal	ExternalSorter[0]	1	2589534	57726046	167224236	4	4	20971520		ExternalSorter=111186858;FinalHashAggregateStream=35065858;ExternalSorterMerge=20971520
event	17571504	refusal	ExternalSorter[1]	1	6751848	53460812	120517914	4	4	31991244	59111053	ExternalSorter=53460812;FinalHashAggregateStream=35065858;ExternalSorterMerge=31991244
event	17571865	release_after_refusal	ExternalSorter[1]	1	3162946	50297866	123468124	4	4	38104400		ExternalSorter=50297866;ExternalSorterMerge=38104400;FinalHashAggregateStream=35065858
event	17631726	refusal	ExternalSorter[0]	1	6981296	56476364	158766657	4	4	20971520	61865984	ExternalSorter=102729288;FinalHashAggregateStream=35065849;ExternalSorterMerge=20971520
event	17631970	release_after_refusal	ExternalSorter[0]	1	3015504	53460860	155751153	4	4	20971520		ExternalSorter=99713784;FinalHashAggregateStream=35065849;ExternalSorterMerge=20971520
event	17650204	refusal	ExternalSorter[1]	1	5768684	61461768	130742545	4	4	20971520	61865984	ExternalSorter=74705176;FinalHashAggregateStream=35065849;ExternalSorterMerge=20971520
event	17650503	release_after_refusal	ExternalSorter[1]	1	2409206	59052562	128333339	4	4	20971520		ExternalSorter=72295970;FinalHashAggregateStream=35065849;ExternalSorterMerge=20971520
event	17707159	refusal	ExternalSorter[0]	1	5047816	57595380	164143122	4	4	20971520	61865984	ExternalSorter=108105744;FinalHashAggregateStream=35065858;ExternalSorterMerge=20971520
event	17707309	release_after_refusal	ExternalSorter[0]	1	3130186	54465194	161012936	4	4	20971520		ExternalSorter=104975558;FinalHashAggregateStream=35065858;ExternalSorterMerge=20971520
event	17722436	refusal	ExternalSorter[1]	1	4326880	58475996	124838354	4	4	20971520	61865984	ExternalSorter=68800976;FinalHashAggregateStream=35065858;ExternalSorterMerge=20971520
event	17722591	release_after_refusal	ExternalSorter[1]	1	2409200	56066796	122429154	4	4	20971520		ExternalSorter=66391776;FinalHashAggregateStream=35065858;ExternalSorterMerge=20971520
event	17784647	refusal	ExternalSorter[0]	1	3835304	60641364	172563074	4	4	20971520	61865984	ExternalSorter=116525696;FinalHashAggregateStream=35065858;ExternalSorterMerge=20971520
event	17784885	release_after_refusal	ExternalSorter[0]	1	2523930	58117434	170039144	4	4	20971520		ExternalSorter=114001766;FinalHashAggregateStream=35065858;ExternalSorterMerge=20971520
event	17787283	refusal	ExternalSorter[1]	1	6849836	55884332	140145182	4	4	22468880	61491644	ExternalSorter=82610444;FinalHashAggregateStream=35065858;ExternalSorterMerge=22468880
event	17787620	release_after_refusal	ExternalSorter[1]	1	2949774	52934558	137211496	4	4	21058968		ExternalSorter=81086670;FinalHashAggregateStream=35065858;ExternalSorterMerge=21058968
event	17855409	refusal	ExternalSorter[0]	1	3114368	61293316	165645466	4	4	20971520	61865984	ExternalSorter=109608088;FinalHashAggregateStream=35065858;ExternalSorterMerge=20971520
event	17855569	release_after_refusal	ExternalSorter[0]	1	1802944	59490372	163842522	4	4	20971520		ExternalSorter=107805144;FinalHashAggregateStream=35065858;ExternalSorterMerge=20971520
event	17869049	refusal	ExternalSorter[1]	1	5866628	57917912	120413402	4	4	20971520	61865984	ExternalSorter=64376024;FinalHashAggregateStream=35065858;ExternalSorterMerge=20971520
event	17869468	release_after_refusal	ExternalSorter[1]	1	1917576	56000336	118495826	4	4	20971520		ExternalSorter=62458448;FinalHashAggregateStream=35065858;ExternalSorterMerge=20971520
event	17937231	refusal	ExternalSorter[0]	1	6325464	60147340	170199486	4	4	20971520	61865984	ExternalSorter=114162108;FinalHashAggregateStream=35065858;ExternalSorterMerge=20971520
event	17937492	release_after_refusal	ExternalSorter[0]	1	2687596	57459744	167511890	4	4	20971520		ExternalSorter=111474512;FinalHashAggregateStream=35065858;ExternalSorterMerge=20971520
event	17946180	refusal	ExternalSorter[1]	1	4654116	57718500	120081342	4	4	20971520	61865984	ExternalSorter=64043964;FinalHashAggregateStream=35065858;ExternalSorterMerge=20971520
event	17946635	release_after_refusal	ExternalSorter[1]	1	1770030	55948470	118311312	4	4	20971520		ExternalSorter=62273934;FinalHashAggregateStream=35065858;ExternalSorterMerge=20971520
event	18013392	refusal	ExternalSorter[1]	1	2982852	61647584	172258774	4	4	20971520	61865984	ExternalSorter=116221396;FinalHashAggregateStream=35065858;ExternalSorterMerge=20971520
event	18013607	release_after_refusal	ExternalSorter[1]	1	2916882	58730702	169341892	4	4	20971520		ExternalSorter=113304514;FinalHashAggregateStream=35065858;ExternalSorterMerge=20971520
event	18021816	refusal	ExternalSorter[0]	1	4621264	59686736	118706966	4	4	20971520	61865984	ExternalSorter=62669588;FinalHashAggregateStream=35065858;ExternalSorterMerge=20971520
event	18022148	release_after_refusal	ExternalSorter[0]	1	3752564	55934172	114954402	4	4	20971520		ExternalSorter=58917024;FinalHashAggregateStream=35065858;ExternalSorterMerge=20971520
event	18101279	refusal	ExternalSorter[0]	1	3900412	59584520	176091178	4	4	20971520	61865984	ExternalSorter=120053800;FinalHashAggregateStream=35065858;ExternalSorterMerge=20971520
event	18101480	release_after_refusal	ExternalSorter[0]	1	1475070	58109450	174616108	4	4	20971520		ExternalSorter=118578730;FinalHashAggregateStream=35065858;ExternalSorterMerge=20971520
event	18105486	refusal	ExternalSorter[1]	1	6194004	60469280	157811710	4	4	20971520	61865984	ExternalSorter=101774332;FinalHashAggregateStream=35065858;ExternalSorterMerge=20971520
event	18105917	release_after_refusal	ExternalSorter[1]	1	2621866	57847414	155189844	4	4	20971520		ExternalSorter=99152466;FinalHashAggregateStream=35065858;ExternalSorterMerge=20971520
event	18175336	refusal	ExternalSorter[0]	1	6652840	59780456	169566686	4	4	20971520	61865984	ExternalSorter=113529308;FinalHashAggregateStream=35065858;ExternalSorterMerge=20971520
event	18175775	release_after_refusal	ExternalSorter[0]	1	2851284	56929172	166715402	4	4	20971520		ExternalSorter=110678024;FinalHashAggregateStream=35065858;ExternalSorterMerge=20971520
event	18183956	refusal	ExternalSorter[1]	1	4981520	58500996	121191214	4	4	20971520	61865984	ExternalSorter=65153836;FinalHashAggregateStream=35065858;ExternalSorterMerge=20971520
event	18184301	release_after_refusal	ExternalSorter[1]	1	2736520	55764476	118454694	4	4	20971520		ExternalSorter=62417316;FinalHashAggregateStream=35065858;ExternalSorterMerge=20971520
event	18250900	refusal	ExternalSorter[1]	1	3310368	59023840	169696210	4	4	20971520	61865984	ExternalSorter=113658832;FinalHashAggregateStream=35065858;ExternalSorterMerge=20971520
event	18251018	release_after_refusal	ExternalSorter[1]	1	1900944	57122896	167795266	4	4	20971520		ExternalSorter=111757888;FinalHashAggregateStream=35065858;ExternalSorterMerge=20971520
event	18252483	refusal	ExternalSorter[0]	1	5440300	54634992	128683978	4	4	36852816	57895660	ExternalSorter=56765304;ExternalSorterMerge=36852816;FinalHashAggregateStream=35065858
event	18252736	release_after_refusal	ExternalSorter[0]	1	2965910	51669082	125718068	4	4	36852816		ExternalSorter=53799394;ExternalSorterMerge=36852816;FinalHashAggregateStream=35065858
event	18331481	refusal	ExternalSorter[0]	1	4227732	59843328	173200453	4	4	20971520	61865984	ExternalSorter=117163084;FinalHashAggregateStream=35065849;ExternalSorterMerge=20971520
event	18331666	release_after_refusal	ExternalSorter[0]	1	1638730	58204598	171561723	4	4	20971520		ExternalSorter=115524354;FinalHashAggregateStream=35065849;ExternalSorterMerge=20971520
event	18333212	refusal	ExternalSorter[1]	1	6292088	57319756	133449253	4	4	38703946	57432877	ExternalSorter=59679458;ExternalSorterMerge=38703946;FinalHashAggregateStream=35065849
event	18333709	release_after_refusal	ExternalSorter[1]	1	1524084	55795672	131630213	4	4	38408990		ExternalSorter=58155374;ExternalSorterMerge=38408990;FinalHashAggregateStream=35065849
event	18399770	refusal	ExternalSorter[0]	1	6750728	56235972	162578349	4	4	20971520	61865984	ExternalSorter=106540980;FinalHashAggregateStream=35065849;ExternalSorterMerge=20971520
event	18399986	release_after_refusal	ExternalSorter[0]	1	2900228	53335744	164728664	4	4	20971520		ExternalSorter=103640752;FinalHashAggregateStream=40116392;ExternalSorterMerge=20971520
event	18412370	refusal	ExternalSorter[1]	1	5079604	59776088	129544314	4	4	20971520	61865984	ExternalSorter=73506936;FinalHashAggregateStream=35065858;ExternalSorterMerge=20971520
event	18412770	release_after_refusal	ExternalSorter[1]	1	2785562	56990526	126758752	4	4	20971520		ExternalSorter=70721374;FinalHashAggregateStream=35065858;ExternalSorterMerge=20971520
event	18474064	refusal	ExternalSorter[0]	1	5538272	58071092	173489946	4	4	20971520	61865984	ExternalSorter=117452568;FinalHashAggregateStream=35065858;ExternalSorterMerge=20971520
event	18474197	release_after_refusal	ExternalSorter[0]	1	3014896	55056196	170475050	4	4	20971520		ExternalSorter=114437672;FinalHashAggregateStream=35065858;ExternalSorterMerge=20971520
event	18479130	refusal	ExternalSorter[1]	1	3408424	59381476	149083148	4	4	20971520	61865984	ExternalSorter=93045770;FinalHashAggregateStream=35065858;ExternalSorterMerge=20971520
event	18479412	release_after_refusal	ExternalSorter[1]	1	1949972	57431504	147133176	4	4	20971520		ExternalSorter=91095798;FinalHashAggregateStream=35065858;ExternalSorterMerge=20971520
event	18548219	refusal	ExternalSorter[0]	1	4096412	58463212	167655678	4	4	20971520	61865984	ExternalSorter=111618300;FinalHashAggregateStream=35065858;ExternalSorterMerge=20971520
event	18548347	release_after_refusal	ExternalSorter[0]	1	2293966	56169246	165361712	4	4	20971520		ExternalSorter=109324334;FinalHashAggregateStream=35065858;ExternalSorterMerge=20971520
event	18555739	refusal	ExternalSorter[1]	1	6390200	59315912	119449693	4	4	20971520	61865984	ExternalSorter=63412324;FinalHashAggregateStream=35065849;ExternalSorterMerge=20971520
event	18556193	release_after_refusal	ExternalSorter[1]	1	2064660	57251252	117385033	4	4	20971520		ExternalSorter=61347664;FinalHashAggregateStream=35065849;ExternalSorterMerge=20971520
event	18614505	refusal	ExternalSorter[0]	1	5898456	56233664	151432566	4	4	20971520	61865984	ExternalSorter=95395188;FinalHashAggregateStream=35065858;ExternalSorterMerge=20971520
event	18614659	release_after_refusal	ExternalSorter[0]	1	3555506	52678158	147877060	4	4	20971520		ExternalSorter=91839682;FinalHashAggregateStream=35065858;ExternalSorterMerge=20971520
event	18643356	refusal	ExternalSorter[1]	1	5407064	61314328	139438930	4	4	20971520	61865984	ExternalSorter=83401552;FinalHashAggregateStream=35065858;ExternalSorterMerge=20971520
event	18643968	release_after_refusal	ExternalSorter[1]	1	1654984	59659344	137783946	4	4	20971520		ExternalSorter=81746568;FinalHashAggregateStream=35065858;ExternalSorterMerge=20971520
event	18691977	refusal	ExternalSorter[0]	1	5407064	57086200	160840427	4	4	20971520	61865984	ExternalSorter=99752560;FinalHashAggregateStream=40116347;ExternalSorterMerge=20971520
event	18692281	release_after_refusal	ExternalSorter[0]	1	2949292	54136908	155659045	4	4	20971520		ExternalSorter=99621676;FinalHashAggregateStream=35065849;ExternalSorterMerge=20971520
event	18723565	refusal	ExternalSorter[1]	1	4194608	61575264	146220630	4	4	20971520	61865984	ExternalSorter=90183252;FinalHashAggregateStream=35065858;ExternalSorterMerge=20971520
event	18723861	release_after_refusal	ExternalSorter[1]	1	2343064	59232200	143877566	4	4	20971520		ExternalSorter=87840188;FinalHashAggregateStream=35065858;ExternalSorterMerge=20971520
event	18770643	refusal	ExternalSorter[0]	1	4194580	60853920	156870690	4	4	20971520	61865984	ExternalSorter=100833312;FinalHashAggregateStream=35065858;ExternalSorterMerge=20971520
event	18770848	release_after_refusal	ExternalSorter[0]	1	2343050	58510870	154527640	4	4	20971520		ExternalSorter=98490262;FinalHashAggregateStream=35065858;ExternalSorterMerge=20971520
event	18791785	refusal	ExternalSorter[1]	1	6717716	58035304	126623486	4	4	20971520	61865984	ExternalSorter=70586108;FinalHashAggregateStream=35065858;ExternalSorterMerge=20971520
event	18791958	release_after_refusal	ExternalSorter[1]	1	3604618	54430686	123018868	4	4	20971520		ExternalSorter=66981490;FinalHashAggregateStream=35065858;ExternalSorterMerge=20971520
event	18839735	refusal	ExternalSorter[0]	1	5996596	57313428	146907110	4	4	20971520	61865984	ExternalSorter=90869732;FinalHashAggregateStream=35065858;ExternalSorterMerge=20971520
event	18839955	release_after_refusal	ExternalSorter[0]	1	3604576	53708852	148352789	4	4	20971520		ExternalSorter=87265156;FinalHashAggregateStream=40116113;ExternalSorterMerge=20971520
event	18868437	refusal	ExternalSorter[1]	1	5505232	56920872	134815110	4	4	20971520	61865984	ExternalSorter=78777732;FinalHashAggregateStream=35065858;ExternalSorterMerge=20971520
event	18868857	release_after_refusal	ExternalSorter[1]	1	3719306	53201566	131095804	4	4	20971520		ExternalSorter=75058426;FinalHashAggregateStream=35065858;ExternalSorterMerge=20971520
event	18916997	refusal	ExternalSorter[0]	1	5505176	57640732	157784918	4	4	20971520	61865984	ExternalSorter=101747540;FinalHashAggregateStream=35065858;ExternalSorterMerge=20971520
event	18917282	release_after_refusal	ExternalSorter[0]	1	3833946	53806786	153950972	4	4	20971520		ExternalSorter=97913594;FinalHashAggregateStream=35065858;ExternalSorterMerge=20971520
event	18945050	refusal	ExternalSorter[1]	1	3571544	61408844	140122118	4	4	20971520	61865984	ExternalSorter=84084740;FinalHashAggregateStream=35065858;ExternalSorterMerge=20971520
event	18945273	release_after_refusal	ExternalSorter[1]	1	2392120	59016724	137729998	4	4	20971520		ExternalSorter=81692620;FinalHashAggregateStream=35065858;ExternalSorterMerge=20971520
event	18993474	refusal	ExternalSorter[0]	1	4292664	61408144	157488242	4	4	20971520	61865984	ExternalSorter=101450864;FinalHashAggregateStream=35065858;ExternalSorterMerge=20971520
event	18993793	release_after_refusal	ExternalSorter[0]	1	1671196	59736948	155817046	4	4	20971520		ExternalSorter=99779668;FinalHashAggregateStream=35065858;ExternalSorterMerge=20971520
event	19011467	refusal	ExternalSorter[1]	1	6815760	57671736	122523818	4	4	20971520	61865984	ExternalSorter=66486440;FinalHashAggregateStream=35065858;ExternalSorterMerge=20971520
event	19011691	release_after_refusal	ExternalSorter[1]	1	1785884	55885852	120737934	4	4	20971520		ExternalSorter=64700556;FinalHashAggregateStream=35065858;ExternalSorterMerge=20971520
event	19068278	refusal	ExternalSorter[0]	1	6815704	57671400	153361867	4	4	20971520	61865984	ExternalSorter=92273964;FinalHashAggregateStream=40116383;ExternalSorterMerge=20971520
event	19068416	release_after_refusal	ExternalSorter[0]	1	3653604	54017796	149708263	4	4	20971520		ExternalSorter=88620360;FinalHashAggregateStream=40116383;ExternalSorterMerge=20971520
event	19099108	refusal	ExternalSorter[1]	1	5832636	59604208	133794494	4	4	20971520	61865984	ExternalSorter=77757116;FinalHashAggregateStream=35065858;ExternalSorterMerge=20971520
event	19099536	release_after_refusal	ExternalSorter[1]	1	2244588	57359620	131549906	4	4	20971520		ExternalSorter=75512528;FinalHashAggregateStream=35065858;ExternalSorterMerge=20971520
event	19151816	refusal	ExternalSorter[0]	1	5832496	58160932	161645574	4	4	20971520	61865984	ExternalSorter=105608196;FinalHashAggregateStream=35065858;ExternalSorterMerge=20971520
event	19152104	release_after_refusal	ExternalSorter[0]	1	2441112	55719820	159204462	4	4	20971520		ExternalSorter=103167084;FinalHashAggregateStream=35065858;ExternalSorterMerge=20971520
event	19172870	refusal	ExternalSorter[1]	1	4390804	58522412	132745406	4	4	20971520	61865984	ExternalSorter=76708028;FinalHashAggregateStream=35065858;ExternalSorterMerge=20971520
event	19173035	release_after_refusal	ExternalSorter[1]	1	2441162	56081250	130304244	4	4	20971520		ExternalSorter=74266866;FinalHashAggregateStream=35065858;ExternalSorterMerge=20971520
event	19230872	refusal	ExternalSorter[0]	1	4619984	61469268	168851790	4	4	20971520	61865984	ExternalSorter=112814412;FinalHashAggregateStream=35065858;ExternalSorterMerge=20971520
event	19231031	release_after_refusal	ExternalSorter[0]	1	1834856	59634412	167016934	4	4	20971520		ExternalSorter=110979556;FinalHashAggregateStream=35065858;ExternalSorterMerge=20971520
event	19238472	refusal	ExternalSorter[1]	1	6192668	58029596	149183096	4	4	20971520	61865984	ExternalSorter=93145718;FinalHashAggregateStream=35065858;ExternalSorterMerge=20971520
event	19238807	release_after_refusal	ExternalSorter[1]	1	3702674	54326922	145480422	4	4	20971520		ExternalSorter=89443044;FinalHashAggregateStream=35065858;ExternalSorterMerge=20971520
event	19296238	refusal	ExternalSorter[0]	1	6913760	56521760	147322246	4	4	20971520	61865984	ExternalSorter=91284868;FinalHashAggregateStream=35065858;ExternalSorterMerge=20971520
event	19296355	release_after_refusal	ExternalSorter[0]	1	3702632	52819128	143619614	4	4	20971520		ExternalSorter=87582236;FinalHashAggregateStream=35065858;ExternalSorterMerge=20971520
event	19324051	refusal	ExternalSorter[1]	1	5930608	60254584	134213834	4	4	20971520	61865984	ExternalSorter=78176456;FinalHashAggregateStream=35065858;ExternalSorterMerge=20971520
event	19324329	release_after_refusal	ExternalSorter[1]	1	3211064	57043520	131002770	4	4	20971520		ExternalSorter=74965392;FinalHashAggregateStream=35065858;ExternalSorterMerge=20971520
event	19379021	refusal	ExternalSorter[0]	1	5930552	59533156	164034378	4	4	20971520	61865984	ExternalSorter=102946844;FinalHashAggregateStream=40116014;ExternalSorterMerge=20971520
event	19379186	release_after_refusal	ExternalSorter[0]	1	3211036	56322120	160823342	4	4	20971520		ExternalSorter=99735808;FinalHashAggregateStream=40116014;ExternalSorterMerge=20971520
event	19400866	refusal	ExternalSorter[1]	1	4718152	59992536	134509698	4	4	20971520	61865984	ExternalSorter=78472320;FinalHashAggregateStream=35065858;ExternalSorterMerge=20971520
event	19401013	release_after_refusal	ExternalSorter[1]	1	2604836	57387700	131904862	4	4	20971520		ExternalSorter=75867484;FinalHashAggregateStream=35065858;ExternalSorterMerge=20971520
event	19458367	refusal	ExternalSorter[0]	1	3997060	59992032	172811606	4	4	20971520	61865984	ExternalSorter=116774228;FinalHashAggregateStream=35065858;ExternalSorterMerge=20971520
event	19458601	release_after_refusal	ExternalSorter[0]	1	2604808	57387224	170206798	4	4	20971520		ExternalSorter=114169420;FinalHashAggregateStream=35065858;ExternalSorterMerge=20971520
event	19467108	refusal	ExternalSorter[1]	1	3046972	59599792	119634230	4	4	20971520	61865984	ExternalSorter=63596852;FinalHashAggregateStream=35065858;ExternalSorterMerge=20971520
event	19467491	release_after_refusal	ExternalSorter[1]	1	3063574	56536218	116570656	4	4	20971520		ExternalSorter=60533278;FinalHashAggregateStream=35065858;ExternalSorterMerge=20971520
event	19529416	refusal	ExternalSorter[0]	1	3046916	59599148	159381106	4	4	20971520	61865984	ExternalSorter=99669724;FinalHashAggregateStream=38739862;ExternalSorterMerge=20971520
event	19529556	release_after_refusal	ExternalSorter[0]	1	1769218	57829930	157611888	4	4	20971520		ExternalSorter=97900506;FinalHashAggregateStream=38739862;ExternalSorterMerge=20971520
event	19553765	refusal	ExternalSorter[1]	1	6258124	61367212	130968510	4	4	20971520	61865984	ExternalSorter=74931132;FinalHashAggregateStream=35065858;ExternalSorterMerge=20971520
event	19553935	release_after_refusal	ExternalSorter[1]	1	3374822	57992390	127593688	4	4	20971520		ExternalSorter=71556310;FinalHashAggregateStream=35065858;ExternalSorterMerge=20971520
event	19610108	refusal	ExternalSorter[0]	1	6028748	56058940	160756206	4	4	20971520	61865984	ExternalSorter=99668168;FinalHashAggregateStream=40116518;ExternalSorterMerge=20971520
event	19610379	release_after_refusal	ExternalSorter[0]	1	1883906	54175034	158872300	4	4	20971520		ExternalSorter=97784262;FinalHashAggregateStream=40116518;ExternalSorterMerge=20971520
event	19632747	refusal	ExternalSorter[1]	1	4324688	61498364	136310114	4	4	20971520	61865984	ExternalSorter=80272736;FinalHashAggregateStream=35065858;ExternalSorterMerge=20971520
event	19633004	release_after_refusal	ExternalSorter[1]	1	3604198	57894166	132705916	4	4	20971520		ExternalSorter=76668538;FinalHashAggregateStream=35065858;ExternalSorterMerge=20971520
event	19691347	refusal	ExternalSorter[0]	1	4816264	60547152	171726954	4	4	20971520	61865984	ExternalSorter=115689576;FinalHashAggregateStream=35065858;ExternalSorterMerge=20971520
event	19691501	release_after_refusal	ExternalSorter[0]	1	2653892	57893260	169073062	4	4	20971520		ExternalSorter=113035684;FinalHashAggregateStream=35065858;ExternalSorterMerge=20971520
event	19706841	refusal	ExternalSorter[1]	1	3603864	60941044	126119281	4	4	20971520	61865984	ExternalSorter=70081912;FinalHashAggregateStream=35065849;ExternalSorterMerge=20971520
event	19707056	release_after_refusal	ExternalSorter[1]	1	1326796	59614248	124792485	4	4	20971520		ExternalSorter=68755116;FinalHashAggregateStream=35065849;ExternalSorterMerge=20971520
event	19763797	refusal	ExternalSorter[0]	1	2653284	60218144	159731490	4	4	20971520	61865984	ExternalSorter=103694112;FinalHashAggregateStream=35065858;ExternalSorterMerge=20971520
event	19763934	release_after_refusal	ExternalSorter[0]	1	1932920	58285224	157798570	4	4	20971520		ExternalSorter=101761192;FinalHashAggregateStream=35065858;ExternalSorterMerge=20971520
event	19784932	refusal	ExternalSorter[1]	1	5864576	61135540	125820814	4	4	20971520	61865984	ExternalSorter=69783436;FinalHashAggregateStream=35065858;ExternalSorterMerge=20971520
event	19785409	release_after_refusal	ExternalSorter[1]	1	3538566	57596974	122282248	4	4	20971520		ExternalSorter=66244870;FinalHashAggregateStream=35065858;ExternalSorterMerge=20971520
event	19845657	refusal	ExternalSorter[0]	1	5864268	61622048	157398334	4	4	20971520	61865984	ExternalSorter=101360956;FinalHashAggregateStream=35065858;ExternalSorterMerge=20971520
event	19845910	release_after_refusal	ExternalSorter[0]	1	1326698	60295350	156071636	4	4	20971520		ExternalSorter=100034258;FinalHashAggregateStream=35065858;ExternalSorterMerge=20971520
event	19868446	refusal	ExternalSorter[1]	1	4881384	58412868	129978922	4	4	20971520	61865984	ExternalSorter=73941544;FinalHashAggregateStream=35065858;ExternalSorterMerge=20971520
event	19868657	release_after_refusal	ExternalSorter[1]	1	3046970	55365898	126931952	4	4	20971520		ExternalSorter=70894574;FinalHashAggregateStream=35065858;ExternalSorterMerge=20971520
event	19930685	refusal	ExternalSorter[0]	1	5602196	60572336	173325857	4	4	20971520	61865984	ExternalSorter=113614320;FinalHashAggregateStream=38740017;ExternalSorterMerge=20971520
event	19930886	release_after_refusal	ExternalSorter[0]	1	3046858	57525478	170278999	4	4	20971520		ExternalSorter=110567462;FinalHashAggregateStream=38740017;ExternalSorterMerge=20971520
event	19942754	refusal	ExternalSorter[1]	1	4160588	59954024	121593589	4	4	20971520	61865984	ExternalSorter=65556220;FinalHashAggregateStream=35065849;ExternalSorterMerge=20971520
event	19943061	release_after_refusal	ExternalSorter[1]	1	3391020	56563004	118202569	4	4	20971520		ExternalSorter=62165200;FinalHashAggregateStream=35065849;ExternalSorterMerge=20971520
event	20005307	refusal	ExternalSorter[0]	1	4160420	61393744	170869820	4	4	20971520	61865984	ExternalSorter=111158184;FinalHashAggregateStream=38740116;ExternalSorterMerge=20971520
event	20005510	release_after_refusal	ExternalSorter[0]	1	2325970	59067774	168543850	4	4	20971520		ExternalSorter=108832214;FinalHashAggregateStream=38740116;ExternalSorterMerge=20971520
event	20011819	refusal	ExternalSorter[1]	1	6683612	55497668	141753602	4	4	20971520	61865984	ExternalSorter=85716224;FinalHashAggregateStream=35065858;ExternalSorterMerge=20971520
event	20012161	release_after_refusal	ExternalSorter[1]	1	2866670	52630998	138886932	4	4	20971520		ExternalSorter=82849554;FinalHashAggregateStream=35065858;ExternalSorterMerge=20971520
event	20081872	refusal	ExternalSorter[0]	1	6912724	60735820	163717570	4	4	20971520	61865984	ExternalSorter=107680192;FinalHashAggregateStream=35065858;ExternalSorterMerge=20971520
event	20082069	release_after_refusal	ExternalSorter[0]	1	2784666	57951154	160932904	4	4	20971520		ExternalSorter=104895526;FinalHashAggregateStream=35065858;ExternalSorterMerge=20971520
event	20102640	refusal	ExternalSorter[1]	1	4979412	61227388	130302458	4	4	20971520	61865984	ExternalSorter=74265080;FinalHashAggregateStream=35065858;ExternalSorterMerge=20971520
event	20102804	release_after_refusal	ExternalSorter[1]	1	3095984	58131404	127206474	4	4	20971520		ExternalSorter=71169096;FinalHashAggregateStream=35065858;ExternalSorterMerge=20971520
event	20163421	refusal	ExternalSorter[0]	1	5700280	56703832	163327264	4	4	20971520	61865984	ExternalSorter=102239388;FinalHashAggregateStream=40116356;ExternalSorterMerge=20971520
event	20163549	release_after_refusal	ExternalSorter[0]	1	3095900	53607932	160231364	4	4	20971520		ExternalSorter=99143488;FinalHashAggregateStream=40116356;ExternalSorterMerge=20971520
event	20185728	refusal	ExternalSorter[1]	1	3766844	59751440	132856722	4	4	20971520	61865984	ExternalSorter=76819344;FinalHashAggregateStream=35065858;ExternalSorterMerge=20971520
event	20186005	release_after_refusal	ExternalSorter[1]	1	1768804	57982636	131087918	4	4	20971520		ExternalSorter=75050540;FinalHashAggregateStream=35065858;ExternalSorterMerge=20971520
event	20243850	refusal	ExternalSorter[0]	1	4487768	59750124	169545889	4	4	20971520	61865984	ExternalSorter=113508520;FinalHashAggregateStream=35065849;ExternalSorterMerge=20971520
event	20244081	release_after_refusal	ExternalSorter[0]	1	2489644	57260480	167056245	4	4	20971520		ExternalSorter=111018876;FinalHashAggregateStream=35065849;ExternalSorterMerge=20971520
event	20255688	refusal	ExternalSorter[1]	1	2816672	60539996	121065133	4	4	20971520	61865984	ExternalSorter=65027764;FinalHashAggregateStream=35065849;ExternalSorterMerge=20971520
event	20255887	release_after_refusal	ExternalSorter[1]	1	3751248	56788748	117313885	4	4	20971520		ExternalSorter=61276516;FinalHashAggregateStream=35065849;ExternalSorterMerge=20971520
event	20313375	refusal	ExternalSorter[0]	1	2816560	60538764	153622514	4	4	20971520	61865984	ExternalSorter=97585136;FinalHashAggregateStream=35065858;ExternalSorterMerge=20971520
event	20313624	release_after_refusal	ExternalSorter[0]	1	3751192	56787572	149871322	4	4	20971520		ExternalSorter=93833944;FinalHashAggregateStream=35065858;ExternalSorterMerge=20971520
event	20339206	refusal	ExternalSorter[1]	1	6027852	58143012	126822886	4	4	20971520	61865984	ExternalSorter=70785508;FinalHashAggregateStream=35065858;ExternalSorterMerge=20971520
event	20339568	release_after_refusal	ExternalSorter[1]	1	3259686	54883326	123563200	4	4	20971520		ExternalSorter=67525822;FinalHashAggregateStream=35065858;ExternalSorterMerge=20971520
event	20393946	refusal	ExternalSorter[0]	1	6027824	60305056	162073502	4	4	20971520	61865984	ExternalSorter=106036124;FinalHashAggregateStream=35065858;ExternalSorterMerge=20971520
event	20394108	release_after_refusal	ExternalSorter[0]	1	3259672	57045384	158813830	4	4	20971520		ExternalSorter=102776452;FinalHashAggregateStream=35065858;ExternalSorterMerge=20971520
event	20411603	refusal	ExternalSorter[1]	1	4586076	58113040	126435442	4	4	20971520	61865984	ExternalSorter=70398064;FinalHashAggregateStream=35065858;ExternalSorterMerge=20971520
event	20411812	release_after_refusal	ExternalSorter[1]	1	2538798	55574242	123896644	4	4	20971520		ExternalSorter=67859266;FinalHashAggregateStream=35065858;ExternalSorterMerge=20971520
event	20472783	refusal	ExternalSorter[0]	1	4094304	60535392	172755450	4	4	20971520	61865984	ExternalSorter=116718072;FinalHashAggregateStream=35065858;ExternalSorterMerge=20971520
event	20473131	release_after_refusal	ExternalSorter[0]	1	1932534	58602858	170822916	4	4	20971520		ExternalSorter=114785538;FinalHashAggregateStream=35065858;ExternalSorterMerge=20971520
event	20478228	refusal	ExternalSorter[1]	1	6879852	56182680	147827384	4	4	20971520	61865984	ExternalSorter=91790006;FinalHashAggregateStream=35065858;ExternalSorterMerge=20971520
event	20478435	release_after_refusal	ExternalSorter[1]	1	3685678	52497002	144141706	4	4	20971520		ExternalSorter=88104328;FinalHashAggregateStream=35065858;ExternalSorterMerge=20971520
event	20539254	refusal	ExternalSorter[0]	1	3144160	60668832	162336102	4	4	20971520	61865984	ExternalSorter=106298724;FinalHashAggregateStream=35065858;ExternalSorterMerge=20971520
event	20539396	release_after_refusal	ExternalSorter[0]	1	1817840	58850992	160518262	4	4	20971520		ExternalSorter=104480884;FinalHashAggregateStream=35065858;ExternalSorterMerge=20971520
event	20554872	refusal	ExternalSorter[1]	1	5667408	56276580	118831654	4	4	20971520	61865984	ExternalSorter=62794276;FinalHashAggregateStream=35065858;ExternalSorterMerge=20971520
event	20554997	release_after_refusal	ExternalSorter[1]	1	3079464	53197116	115752190	4	4	20971520		ExternalSorter=59714812;FinalHashAggregateStream=35065858;ExternalSorterMerge=20971520
event	20618336	refusal	ExternalSorter[0]	1	6126048	58765408	167346346	4	4	20971520	61865984	ExternalSorter=111308968;FinalHashAggregateStream=35065858;ExternalSorterMerge=20971520
event	20618769	release_after_refusal	ExternalSorter[0]	1	3308784	55456624	164037562	4	4	20971520		ExternalSorter=108000184;FinalHashAggregateStream=35065858;ExternalSorterMerge=20971520
event	20633058	refusal	ExternalSorter[1]	1	4454952	60765336	128563010	4	4	20971520	61865984	ExternalSorter=72525632;FinalHashAggregateStream=35065858;ExternalSorterMerge=20971520
event	20633544	release_after_refusal	ExternalSorter[1]	1	3538216	57227120	125024794	4	4	20971520		ExternalSorter=68987416;FinalHashAggregateStream=35065858;ExternalSorterMerge=20971520
event	20701050	refusal	ExternalSorter[0]	1	5142828	61088080	176581606	4	4	20971520	61865984	ExternalSorter=120544228;FinalHashAggregateStream=35065858;ExternalSorterMerge=20971520
event	20701211	release_after_refusal	ExternalSorter[0]	1	2817174	58270906	173764432	4	4	20971520		ExternalSorter=117727054;FinalHashAggregateStream=35065858;ExternalSorterMerge=20971520
event	20703603	refusal	ExternalSorter[1]	1	6977964	59456148	139513978	4	4	29237440	59799504	ExternalSorter=75210680;FinalHashAggregateStream=35065858;ExternalSorterMerge=29237440
event	20704036	release_after_refusal	ExternalSorter[1]	1	3734734	55721414	135484252	4	4	28942448		ExternalSorter=71475946;FinalHashAggregateStream=35065858;ExternalSorterMerge=28942448
event	20768623	refusal	ExternalSorter[0]	1	2750584	59355904	162102294	4	4	20971520	61865984	ExternalSorter=106064916;FinalHashAggregateStream=35065858;ExternalSorterMerge=20971520
event	20768753	release_after_refusal	ExternalSorter[0]	1	1981570	57374334	160120724	4	4	20971520		ExternalSorter=104083346;FinalHashAggregateStream=35065858;ExternalSorterMerge=20971520
event	20781797	refusal	ExternalSorter[1]	1	5765492	56830860	119319790	4	4	20971520	61865984	ExternalSorter=63282412;FinalHashAggregateStream=35065858;ExternalSorterMerge=20971520
event	20782190	release_after_refusal	ExternalSorter[1]	1	3128506	53702354	116191284	4	4	20971520		ExternalSorter=60153906;FinalHashAggregateStream=35065858;ExternalSorterMerge=20971520
event	20847443	refusal	ExternalSorter[0]	1	6453368	60858048	174913215	4	4	20971520	61865984	ExternalSorter=115201624;FinalHashAggregateStream=38740071;ExternalSorterMerge=20971520
event	20847641	release_after_refusal	ExternalSorter[0]	1	3472444	57385604	171440771	4	4	20971520		ExternalSorter=111729180;FinalHashAggregateStream=38740071;ExternalSorterMerge=20971520
event	20853426	refusal	ExternalSorter[1]	1	4323660	57716852	155005634	4	4	20971520	61865984	ExternalSorter=98968256;FinalHashAggregateStream=35065858;ExternalSorterMerge=20971520
event	20853926	release_after_refusal	ExternalSorter[1]	1	3357882	54358970	151647752	4	4	20971520		ExternalSorter=95610374;FinalHashAggregateStream=35065858;ExternalSorterMerge=20971520
event	20921099	refusal	ExternalSorter[1]	1	6846784	59454708	175373285	4	4	20971520	61865984	ExternalSorter=114285364;FinalHashAggregateStream=40116401;ExternalSorterMerge=20971520
event	20921241	release_after_refusal	ExternalSorter[1]	1	3669144	55785564	171704141	4	4	20971520		ExternalSorter=110616220;FinalHashAggregateStream=40116401;ExternalSorterMerge=20971520
event	20922060	refusal	ExternalSorter[0]	1	5011592	54830656	119759463	4	4	29862958	59643124	ExternalSorter=54830656;FinalHashAggregateStream=35065849;ExternalSorterMerge=29862958
event	20922511	release_after_refusal	ExternalSorter[0]	1	2751556	52079100	121544557	4	4	34399608		ExternalSorter=52079100;FinalHashAggregateStream=35065849;ExternalSorterMerge=34399608
event	20988559	refusal	ExternalSorter[0]	1	2619404	59354632	165112678	4	4	20971520	61865984	ExternalSorter=109075300;FinalHashAggregateStream=35065858;ExternalSorterMerge=20971520
event	20988801	release_after_refusal	ExternalSorter[0]	1	3095620	56259012	162017058	4	4	20971520		ExternalSorter=105979680;FinalHashAggregateStream=35065858;ExternalSorterMerge=20971520
event	21003537	refusal	ExternalSorter[1]	1	5863688	60759916	122986477	4	4	20971520	61865984	ExternalSorter=66949108;FinalHashAggregateStream=35065849;ExternalSorterMerge=20971520
event	21003922	release_after_refusal	ExternalSorter[1]	1	1916064	58843852	121070413	4	4	20971520		ExternalSorter=65033044;FinalHashAggregateStream=35065849;ExternalSorterMerge=20971520
event	21069318	refusal	ExternalSorter[0]	1	6322216	58431924	161014410	4	4	20971520	61865984	ExternalSorter=104977032;FinalHashAggregateStream=35065858;ExternalSorterMerge=20971520
event	21069453	release_after_refusal	ExternalSorter[0]	1	3406868	55025056	157607542	4	4	20971520		ExternalSorter=101570164;FinalHashAggregateStream=35065858;ExternalSorterMerge=20971520
event	21089390	refusal	ExternalSorter[1]	1	3930196	59122548	134093654	4	4	20971520	61865984	ExternalSorter=78056276;FinalHashAggregateStream=35065858;ExternalSorterMerge=20971520
event	21089676	release_after_refusal	ExternalSorter[1]	1	2571376	56551172	131522278	4	4	20971520		ExternalSorter=75484900;FinalHashAggregateStream=35065858;ExternalSorterMerge=20971520
event	21153619	refusal	ExternalSorter[0]	1	5339108	61083560	178015426	4	4	20971520	61865984	ExternalSorter=121978048;FinalHashAggregateStream=35065858;ExternalSorterMerge=20971520
event	21153818	release_after_refusal	ExternalSorter[0]	1	2194418	58889142	175821008	4	4	20971520		ExternalSorter=119783630;FinalHashAggregateStream=35065858;ExternalSorterMerge=20971520
event	21158234	refusal	ExternalSorter[1]	1	2979968	60894488	153332890	4	4	20971520	61865984	ExternalSorter=97295512;FinalHashAggregateStream=35065858;ExternalSorterMerge=20971520
event	21158724	release_after_refusal	ExternalSorter[1]	1	1965154	58929334	151367736	4	4	20971520		ExternalSorter=95330358;FinalHashAggregateStream=35065858;ExternalSorterMerge=20971520
event	21228292	refusal	ExternalSorter[0]	1	3897248	60267448	166482054	4	4	20971520	61865984	ExternalSorter=110444676;FinalHashAggregateStream=35065858;ExternalSorterMerge=20971520
event	21228544	release_after_refusal	ExternalSorter[0]	1	3144690	57122758	163337364	4	4	20971520		ExternalSorter=107299986;FinalHashAggregateStream=35065858;ExternalSorterMerge=20971520
event	21236302	refusal	ExternalSorter[1]	1	5961828	55909680	115844306	4	4	20971520	61865984	ExternalSorter=59806928;FinalHashAggregateStream=35065858;ExternalSorterMerge=20971520
event	21236568	release_after_refusal	ExternalSorter[1]	1	3226674	52683006	112617632	4	4	20971520		ExternalSorter=56580254;FinalHashAggregateStream=35065858;ExternalSorterMerge=20971520
event	21299720	refusal	ExternalSorter[0]	1	5928500	56857336	164482373	4	4	20971520	61865984	ExternalSorter=108445004;FinalHashAggregateStream=35065849;ExternalSorterMerge=20971520
event	21299890	release_after_refusal	ExternalSorter[0]	1	2849632	54007704	161632741	4	4	20971520		ExternalSorter=105595372;FinalHashAggregateStream=35065849;ExternalSorterMerge=20971520
event	21314494	refusal	ExternalSorter[1]	1	4749344	59677220	128521998	4	4	20971520	61865984	ExternalSorter=72484620;FinalHashAggregateStream=35065858;ExternalSorterMerge=20971520
event	21314726	release_after_refusal	ExternalSorter[1]	1	2620432	57056788	125901566	4	4	20971520		ExternalSorter=69864188;FinalHashAggregateStream=35065858;ExternalSorterMerge=20971520
event	21379324	refusal	ExternalSorter[0]	1	5437052	56755204	171293330	4	4	20971520	61865984	ExternalSorter=115255952;FinalHashAggregateStream=35065858;ExternalSorterMerge=20971520
event	21379450	release_after_refusal	ExternalSorter[0]	1	2964286	53790918	168329044	4	4	20971520		ExternalSorter=112291666;FinalHashAggregateStream=35065858;ExternalSorterMerge=20971520
event	21391110	refusal	ExternalSorter[1]	1	3307484	61578856	123053286	4	4	20971520	61865984	ExternalSorter=67015908;FinalHashAggregateStream=35065858;ExternalSorterMerge=20971520
event	21391604	release_after_refusal	ExternalSorter[1]	1	1899502	59679354	121153784	4	4	20971520		ExternalSorter=65116406;FinalHashAggregateStream=35065858;ExternalSorterMerge=20971520
event	21458024	refusal	ExternalSorter[0]	1	4224568	61243568	171388450	4	4	20971520	61865984	ExternalSorter=115351072;FinalHashAggregateStream=35065858;ExternalSorterMerge=20971520
event	21458167	release_after_refusal	ExternalSorter[0]	1	2358044	58885524	169030406	4	4	20971520		ExternalSorter=112993028;FinalHashAggregateStream=35065858;ExternalSorterMerge=20971520
event	21467725	refusal	ExternalSorter[1]	1	6289316	59446436	119708382	4	4	20971520	61865984	ExternalSorter=63671004;FinalHashAggregateStream=35065858;ExternalSorterMerge=20971520
event	21468266	release_after_refusal	ExternalSorter[1]	1	2587630	56858806	117120752	4	4	20971520		ExternalSorter=61083374;FinalHashAggregateStream=35065858;ExternalSorterMerge=20971520
event	21526389	refusal	ExternalSorter[0]	1	6747620	56922372	160288082	4	4	20971520	61865984	ExternalSorter=104250704;FinalHashAggregateStream=35065858;ExternalSorterMerge=20971520
event	21526516	release_after_refusal	ExternalSorter[0]	1	3619570	53302802	156668512	4	4	20971520		ExternalSorter=100631134;FinalHashAggregateStream=35065858;ExternalSorterMerge=20971520
event	21544819	refusal	ExternalSorter[1]	1	4355852	61182740	133956834	4	4	20971520	61865984	ExternalSorter=77919456;FinalHashAggregateStream=35065858;ExternalSorterMerge=20971520
event	21544944	release_after_refusal	ExternalSorter[1]	1	2784204	58398536	131172630	4	4	20971520		ExternalSorter=75135252;FinalHashAggregateStream=35065858;ExternalSorterMerge=20971520
event	21603636	refusal	ExternalSorter[0]	1	5535192	58752200	170243726	4	4	20971520	61865984	ExternalSorter=114206348;FinalHashAggregateStream=35065858;ExternalSorterMerge=20971520
event	21603962	release_after_refusal	ExternalSorter[0]	1	2292460	56459740	167951266	4	4	20971520		ExternalSorter=111913888;FinalHashAggregateStream=35065858;ExternalSorterMerge=20971520
event	21616471	refusal	ExternalSorter[1]	1	2913964	61314956	126561577	4	4	20971520	61865984	ExternalSorter=66850148;FinalHashAggregateStream=38739909;ExternalSorterMerge=20971520
event	21616937	release_after_refusal	ExternalSorter[1]	1	1342364	59972592	125219213	4	4	20971520		ExternalSorter=65507784;FinalHashAggregateStream=38739909;ExternalSorterMerge=20971520
event	21678893	refusal	ExternalSorter[0]	1	4093332	58426084	164900390	4	4	20971520	61865984	ExternalSorter=108863012;FinalHashAggregateStream=35065858;ExternalSorterMerge=20971520
event	21679026	release_after_refusal	ExternalSorter[0]	1	2292426	56133658	162607964	4	4	20971520		ExternalSorter=106570586;FinalHashAggregateStream=35065858;ExternalSorterMerge=20971520
event	21689832	refusal	ExternalSorter[1]	1	6387428	56594980	116725690	4	4	20971520	61865984	ExternalSorter=60688312;FinalHashAggregateStream=35065858;ExternalSorterMerge=20971520
event	21690242	release_after_refusal	ExternalSorter[1]	1	3439474	53155506	113286216	4	4	20971520		ExternalSorter=57248838;FinalHashAggregateStream=35065858;ExternalSorterMerge=20971520
event	21748553	refusal	ExternalSorter[0]	1	6616440	56921044	153537098	4	4	20971520	61865984	ExternalSorter=97499720;FinalHashAggregateStream=35065858;ExternalSorterMerge=20971520
event	21748836	release_after_refusal	ExternalSorter[0]	1	3553980	53367064	149983118	4	4	20971520		ExternalSorter=93945740;FinalHashAggregateStream=35065858;ExternalSorterMerge=20971520
event	21773950	refusal	ExternalSorter[1]	1	5175028	58985028	133754770	4	4	20971520	61865984	ExternalSorter=77717392;FinalHashAggregateStream=35065858;ExternalSorterMerge=20971520
event	21774387	release_after_refusal	ExternalSorter[1]	1	2145146	56839882	131609624	4	4	20971520		ExternalSorter=75572246;FinalHashAggregateStream=35065858;ExternalSorterMerge=20971520
event	21829064	refusal	ExternalSorter[0]	1	5633332	61729164	166962398	4	4	20971520	61865984	ExternalSorter=110925020;FinalHashAggregateStream=35065858;ExternalSorterMerge=20971520
event	21829244	release_after_refusal	ExternalSorter[0]	1	3062426	58666738	163899972	4	4	20971520		ExternalSorter=107862594;FinalHashAggregateStream=35065858;ExternalSorterMerge=20971520
event	21848819	refusal	ExternalSorter[1]	1	3733168	59019104	131923542	4	4	20971520	61865984	ExternalSorter=75886164;FinalHashAggregateStream=35065858;ExternalSorterMerge=20971520
event	21849137	release_after_refusal	ExternalSorter[1]	1	2112344	56906760	129811198	4	4	20971520		ExternalSorter=73773820;FinalHashAggregateStream=35065858;ExternalSorterMerge=20971520
event	21906168	refusal	ExternalSorter[0]	1	3699840	60322040	161849770	4	4	20971520	61865984	ExternalSorter=105812392;FinalHashAggregateStream=35065858;ExternalSorterMerge=20971520
event	21906318	release_after_refusal	ExternalSorter[0]	1	2456198	57865842	159393572	4	4	20971520		ExternalSorter=103356194;FinalHashAggregateStream=35065858;ExternalSorterMerge=20971520
event	21920210	refusal	ExternalSorter[1]	1	6485596	57773416	122160858	4	4	20971520	61865984	ExternalSorter=66123480;FinalHashAggregateStream=35065858;ExternalSorterMerge=20971520
event	21920479	release_after_refusal	ExternalSorter[1]	1	3488558	54284858	118672300	4	4	20971520		ExternalSorter=62634922;FinalHashAggregateStream=35065858;ExternalSorterMerge=20971520
event	21976749	refusal	ExternalSorter[0]	1	6943944	59802768	161658026	4	4	20971520	61865984	ExternalSorter=105620648;FinalHashAggregateStream=35065858;ExternalSorterMerge=20971520
event	21977029	release_after_refusal	ExternalSorter[0]	1	3717724	56085044	157940302	4	4	20971520		ExternalSorter=101902924;FinalHashAggregateStream=35065858;ExternalSorterMerge=20971520
event	21996234	refusal	ExternalSorter[1]	1	5273196	60261212	129429942	4	4	20971520	61865984	ExternalSorter=73392564;FinalHashAggregateStream=35065858;ExternalSorterMerge=20971520
event	21996556	release_after_refusal	ExternalSorter[1]	1	2882358	57378854	126547584	4	4	20971520		ExternalSorter=70510206;FinalHashAggregateStream=35065858;ExternalSorterMerge=20971520
event	22059637	refusal	ExternalSorter[0]	1	5731472	56388432	170463798	4	4	20971520	61865984	ExternalSorter=114426420;FinalHashAggregateStream=35065858;ExternalSorterMerge=20971520
event	22059862	release_after_refusal	ExternalSorter[0]	1	3111496	53276936	167352302	4	4	20971520		ExternalSorter=111314924;FinalHashAggregateStream=35065858;ExternalSorterMerge=20971520
event	22072233	refusal	ExternalSorter[1]	1	3831420	61640032	123408882	4	4	20971520	61865984	ExternalSorter=67371504;FinalHashAggregateStream=35065858;ExternalSorterMerge=20971520
event	22072423	release_after_refusal	ExternalSorter[1]	1	2161470	59478562	121247412	4	4	20971520		ExternalSorter=65210034;FinalHashAggregateStream=35065858;ExternalSorterMerge=20971520
event	22141277	refusal	ExternalSorter[0]	1	4289668	58029732	168107206	4	4	20971520	61865984	ExternalSorter=112069828;FinalHashAggregateStream=35065858;ExternalSorterMerge=20971520
event	22141445	release_after_refusal	ExternalSorter[0]	1	3226184	54803548	164881022	4	4	20971520		ExternalSorter=108843644;FinalHashAggregateStream=35065858;ExternalSorterMerge=20971520
event	22151497	refusal	ExternalSorter[1]	1	6583876	59673588	120000634	4	4	20971520	61865984	ExternalSorter=63963256;FinalHashAggregateStream=35065858;ExternalSorterMerge=20971520
event	22151801	release_after_refusal	ExternalSorter[1]	1	2816802	56856786	117183832	4	4	20971520		ExternalSorter=61146454;FinalHashAggregateStream=35065858;ExternalSorterMerge=20971520
event	22209019	refusal	ExternalSorter[0]	1	6812792	59080908	157003418	4	4	20971520	61865984	ExternalSorter=100966040;FinalHashAggregateStream=35065858;ExternalSorterMerge=20971520
event	22209143	release_after_refusal	ExternalSorter[0]	1	3652148	55428760	153351270	4	4	20971520		ExternalSorter=97313892;FinalHashAggregateStream=35065858;ExternalSorterMerge=20971520
event	22226718	refusal	ExternalSorter[1]	1	5371448	56623220	125398494	4	4	20971520	61865984	ExternalSorter=69361116;FinalHashAggregateStream=35065858;ExternalSorterMerge=20971520
event	22227181	release_after_refusal	ExternalSorter[1]	1	2358044	54265176	123040450	4	4	20971520		ExternalSorter=67003072;FinalHashAggregateStream=35065858;ExternalSorterMerge=20971520
event	22294435	refusal	ExternalSorter[0]	1	5829668	60283748	176255002	4	4	20971520	61865984	ExternalSorter=120217624;FinalHashAggregateStream=35065858;ExternalSorterMerge=20971520
event	22294717	release_after_refusal	ExternalSorter[0]	1	3766844	56516904	172488158	4	4	20971520		ExternalSorter=116450780;FinalHashAggregateStream=35065858;ExternalSorterMerge=20971520
event	22301144	refusal	ExternalSorter[1]	1	3929532	59933876	150027410	4	4	20971520	61865984	ExternalSorter=93990032;FinalHashAggregateStream=35065858;ExternalSorterMerge=20971520
event	22301640	release_after_refusal	ExternalSorter[1]	1	3160860	56773016	146866550	4	4	20971520		ExternalSorter=90829172;FinalHashAggregateStream=35065858;ExternalSorterMerge=20971520
event	22368582	refusal	ExternalSorter[0]	1	4387836	58486712	174653622	4	4	20971520	61865984	ExternalSorter=118616244;FinalHashAggregateStream=35065858;ExternalSorterMerge=20971520
event	22368754	release_after_refusal	ExternalSorter[0]	1	2439678	56047034	172213944	4	4	20971520		ExternalSorter=116176566;FinalHashAggregateStream=35065858;ExternalSorterMerge=20971520
event	22373020	refusal	ExternalSorter[1]	1	6681960	60129532	152923796	4	4	20971520	61865984	ExternalSorter=96886418;FinalHashAggregateStream=35065858;ExternalSorterMerge=20971520
event	22373255	release_after_refusal	ExternalSorter[1]	1	3242690	56886842	149681106	4	4	20971520		ExternalSorter=93643728;FinalHashAggregateStream=35065858;ExternalSorterMerge=20971520
event	22445780	refusal	ExternalSorter[0]	1	6910904	58718292	167453631	4	4	20971520	61865984	ExternalSorter=106365836;FinalHashAggregateStream=40116275;ExternalSorterMerge=20971520
event	22446023	release_after_refusal	ExternalSorter[0]	1	2669054	56049238	164784577	4	4	20971520		ExternalSorter=103696782;FinalHashAggregateStream=40116275;ExternalSorterMerge=20971520
event	22458039	refusal	ExternalSorter[1]	1	5469532	57898480	125897323	4	4	20971520	61865984	ExternalSorter=64809384;FinalHashAggregateStream=40116419;ExternalSorterMerge=20971520
event	22458327	release_after_refusal	ExternalSorter[1]	1	2980526	54917954	122916797	4	4	20971520		ExternalSorter=61828858;FinalHashAggregateStream=40116419;ExternalSorterMerge=20971520
event	22529155	refusal	ExternalSorter[0]	1	5206744	60936252	176054370	4	4	20971520	61865984	ExternalSorter=120016992;FinalHashAggregateStream=35065858;ExternalSorterMerge=20971520
event	22529450	release_after_refusal	ExternalSorter[0]	1	3209650	57726602	172844720	4	4	20971520		ExternalSorter=116807342;FinalHashAggregateStream=35065858;ExternalSorterMerge=20971520
event	22531435	refusal	ExternalSorter[1]	1	4027728	59080740	134380648	4	4	34799278	58409044	ExternalSorter=64515512;FinalHashAggregateStream=35065858;ExternalSorterMerge=34799278
event	22531764	release_after_refusal	ExternalSorter[1]	1	3095214	55985526	130990478	4	4	34504322		ExternalSorter=61420298;FinalHashAggregateStream=35065858;ExternalSorterMerge=34504322
event	22597732	refusal	ExternalSorter[1]	1	6550724	55477692	162728098	4	4	20971520	61865984	ExternalSorter=106690720;FinalHashAggregateStream=35065858;ExternalSorterMerge=20971520
event	22597992	release_after_refusal	ExternalSorter[1]	1	2374312	53103380	160353786	4	4	20971520		ExternalSorter=104316408;FinalHashAggregateStream=35065858;ExternalSorterMerge=20971520
event	22610607	refusal	ExternalSorter[0]	1	3994288	59955548	128314808	4	4	20971520	61865984	ExternalSorter=66506272;FinalHashAggregateStream=40837016;ExternalSorterMerge=20971520
event	22610915	release_after_refusal	ExternalSorter[0]	1	2603422	57352126	125999290	4	4	20971520		ExternalSorter=69961930;FinalHashAggregateStream=35065840;ExternalSorterMerge=20971520
event	22681981	refusal	ExternalSorter[1]	1	5567644	60809476	177296014	4	4	20971520	61865984	ExternalSorter=121258636;FinalHashAggregateStream=35065858;ExternalSorterMerge=20971520
event	22682334	release_after_refusal	ExternalSorter[1]	1	3029582	57779894	174266432	4	4	20971520		ExternalSorter=118229054;FinalHashAggregateStream=35065858;ExternalSorterMerge=20971520
event	22684111	refusal	ExternalSorter[0]	1	2552400	60449160	138483560	4	4	36895428	57885007	ExternalSorter=66522274;ExternalSorterMerge=36895428;FinalHashAggregateStream=35065858
event	22684560	release_after_refusal	ExternalSorter[0]	1	3062146	57387014	132354146	4	4	32523820		ExternalSorter=64764468;FinalHashAggregateStream=35065858;ExternalSorterMerge=32523820
event	22760919	refusal	ExternalSorter[1]	1	4125756	58094332	171692638	4	4	20971520	61865984	ExternalSorter=115655260;FinalHashAggregateStream=35065858;ExternalSorterMerge=20971520
event	22761077	release_after_refusal	ExternalSorter[1]	1	1587742	56506590	170104896	4	4	20971520		ExternalSorter=114067518;FinalHashAggregateStream=35065858;ExternalSorterMerge=20971520
event	22766667	refusal	ExternalSorter[0]	1	6255212	57560928	151682980	4	4	20971520	61865984	ExternalSorter=95645602;FinalHashAggregateStream=35065858;ExternalSorterMerge=20971520
event	22767250	release_after_refusal	ExternalSorter[0]	1	1276256	56284672	150406724	4	4	20971520		ExternalSorter=94369346;FinalHashAggregateStream=35065858;ExternalSorterMerge=20971520
event	22829683	refusal	ExternalSorter[1]	1	6648836	56556896	158138458	4	4	20971520	61865984	ExternalSorter=102101080;FinalHashAggregateStream=35065858;ExternalSorterMerge=20971520
event	22829898	release_after_refusal	ExternalSorter[1]	1	2849282	53707614	155289176	4	4	20971520		ExternalSorter=99251798;FinalHashAggregateStream=35065858;ExternalSorterMerge=20971520
event	22847933	refusal	ExternalSorter[0]	1	4321636	59295944	131052650	4	4	20971520	61865984	ExternalSorter=75015272;FinalHashAggregateStream=35065858;ExternalSorterMerge=20971520
event	22848096	release_after_refusal	ExternalSorter[0]	1	2767096	56528848	128285554	4	4	20971520		ExternalSorter=72248176;FinalHashAggregateStream=35065858;ExternalSorterMerge=20971520
event	22913006	refusal	ExternalSorter[1]	1	5665700	61461448	176474022	4	4	20971520	61865984	ExternalSorter=120436644;FinalHashAggregateStream=35065858;ExternalSorterMerge=20971520
event	22913178	release_after_refusal	ExternalSorter[1]	1	3078610	58382838	173395412	4	4	20971520		ExternalSorter=117358034;FinalHashAggregateStream=35065858;ExternalSorterMerge=20971520
event	22921725	refusal	ExternalSorter[0]	1	3600840	61625652	117663030	4	4	20971520	61865984	ExternalSorter=61625652;FinalHashAggregateStream=35065858;ExternalSorterMerge=20971520
event	22922189	release_after_refusal	ExternalSorter[0]	1	3225834	58399818	120102896	4	4	20971520		ExternalSorter=64065518;FinalHashAggregateStream=35065858;ExternalSorterMerge=20971520
event	22988166	refusal	ExternalSorter[1]	1	4223924	57961504	166223802	4	4	20971520	61865984	ExternalSorter=110186424;FinalHashAggregateStream=35065858;ExternalSorterMerge=20971520
event	22988303	release_after_refusal	ExternalSorter[1]	1	2357722	55603782	163866080	4	4	20971520		ExternalSorter=107828702;FinalHashAggregateStream=35065858;ExternalSorterMerge=20971520
event	22995327	refusal	ExternalSorter[0]	1	6353352	58348896	139041650	4	4	20971520	61865984	ExternalSorter=83004272;FinalHashAggregateStream=35065858;ExternalSorterMerge=20971520
event	22995701	release_after_refusal	ExternalSorter[0]	1	3422436	54926460	135619214	4	4	20971520		ExternalSorter=79581836;FinalHashAggregateStream=35065858;ExternalSorterMerge=20971520
event	23058783	refusal	ExternalSorter[1]	1	6747004	57636408	157448134	4	4	20971520	61865984	ExternalSorter=101410756;FinalHashAggregateStream=35065858;ExternalSorterMerge=20971520
event	23059000	release_after_refusal	ExternalSorter[1]	1	2472410	55163998	154975724	4	4	20971520		ExternalSorter=98938346;FinalHashAggregateStream=35065858;ExternalSorterMerge=20971520
event	23079525	refusal	ExternalSorter[0]	1	5140924	57820864	130593110	4	4	20971520	61865984	ExternalSorter=74555732;FinalHashAggregateStream=35065858;ExternalSorterMerge=20971520
event	23079698	release_after_refusal	ExternalSorter[0]	1	2816222	55004642	127776888	4	4	20971520		ExternalSorter=71739510;FinalHashAggregateStream=35065858;ExternalSorterMerge=20971520
event	23135623	refusal	ExternalSorter[1]	1	5534492	56580580	165701605	4	4	20971520	61865984	ExternalSorter=109664236;FinalHashAggregateStream=35065849;ExternalSorterMerge=20971520
event	23135940	release_after_refusal	ExternalSorter[1]	1	1866182	54714398	163835423	4	4	20971520		ExternalSorter=107798054;FinalHashAggregateStream=35065849;ExternalSorterMerge=20971520
event	23151683	refusal	ExternalSorter[0]	1	3469716	59334960	120906821	4	4	20971520	61865984	ExternalSorter=64869452;FinalHashAggregateStream=35065849;ExternalSorterMerge=20971520
event	23151848	release_after_refusal	ExternalSorter[0]	1	1980618	57354342	118926203	4	4	20971520		ExternalSorter=62888834;FinalHashAggregateStream=35065849;ExternalSorterMerge=20971520
event	23213311	refusal	ExternalSorter[1]	1	3371484	59139056	158032098	4	4	20971520	61865984	ExternalSorter=101994720;FinalHashAggregateStream=35065858;ExternalSorterMerge=20971520
event	23213542	release_after_refusal	ExternalSorter[1]	1	2292090	56846966	155740008	4	4	20971520		ExternalSorter=99702630;FinalHashAggregateStream=35065858;ExternalSorterMerge=20971520
event	23232731	refusal	ExternalSorter[0]	1	6451520	60833968	129615218	4	4	20971520	61865984	ExternalSorter=68527432;FinalHashAggregateStream=40116266;ExternalSorterMerge=20971520
event	23233155	release_after_refusal	ExternalSorter[0]	1	3471520	57362448	125644646	4	4	20971520		ExternalSorter=69607268;FinalHashAggregateStream=35065858;ExternalSorterMerge=20971520
event	23286033	refusal	ExternalSorter[1]	1	6845020	60644212	157116002	4	4	20971520	61865984	ExternalSorter=101078624;FinalHashAggregateStream=35065858;ExternalSorterMerge=20971520
event	23286161	release_after_refusal	ExternalSorter[1]	1	3668262	56975950	153447740	4	4	20971520		ExternalSorter=97410362;FinalHashAggregateStream=35065858;ExternalSorterMerge=20971520
event	23310853	refusal	ExternalSorter[0]	1	5239064	58375956	132298637	4	4	20971520	61865984	ExternalSorter=71210536;FinalHashAggregateStream=40116581;ExternalSorterMerge=20971520
event	23311202	release_after_refusal	ExternalSorter[0]	1	3586208	54789748	127000541	4	4	20971520		ExternalSorter=70963172;FinalHashAggregateStream=35065849;ExternalSorterMerge=20971520
event	23370064	refusal	ExternalSorter[1]	1	5861924	60735192	168933182	4	4	20971520	61865984	ExternalSorter=112895804;FinalHashAggregateStream=35065858;ExternalSorterMerge=20971520
event	23370234	release_after_refusal	ExternalSorter[1]	1	3176722	57558470	165756460	4	4	20971520		ExternalSorter=109719082;FinalHashAggregateStream=35065858;ExternalSorterMerge=20971520
event	23384158	refusal	ExternalSorter[0]	1	3797204	59066892	126016431	4	4	20971520	61865984	ExternalSorter=64928816;FinalHashAggregateStream=40116095;ExternalSorterMerge=20971520
event	23384400	release_after_refusal	ExternalSorter[0]	1	2144362	56922530	123872069	4	4	20971520		ExternalSorter=62784454;FinalHashAggregateStream=40116095;ExternalSorterMerge=20971520
event	23451685	refusal	ExternalSorter[1]	1	4649468	59099588	175842230	4	4	20971520	61865984	ExternalSorter=119804852;FinalHashAggregateStream=35065858;ExternalSorterMerge=20971520
event	23451999	release_after_refusal	ExternalSorter[1]	1	2570494	56529094	173271736	4	4	20971520		ExternalSorter=117234358;FinalHashAggregateStream=35065858;ExternalSorterMerge=20971520
event	23457605	refusal	ExternalSorter[0]	1	6549716	60705264	150657922	4	4	20971520	61865984	ExternalSorter=94620544;FinalHashAggregateStream=35065858;ExternalSorterMerge=20971520
event	23457964	release_after_refusal	ExternalSorter[0]	1	3520618	57184646	147137304	4	4	20971520		ExternalSorter=91099926;FinalHashAggregateStream=35065858;ExternalSorterMerge=20971520
event	23522432	refusal	ExternalSorter[1]	1	2978176	60154216	162384286	4	4	20971520	61865984	ExternalSorter=106346908;FinalHashAggregateStream=35065858;ExternalSorterMerge=20971520
event	23522687	release_after_refusal	ExternalSorter[1]	1	3111104	57043112	159273182	4	4	20971520		ExternalSorter=103235804;FinalHashAggregateStream=35065858;ExternalSorterMerge=20971520
event	23542664	refusal	ExternalSorter[0]	1	5566636	60795336	126455370	4	4	20971520	61865984	ExternalSorter=70417992;FinalHashAggregateStream=35065858;ExternalSorterMerge=20971520
event	23542874	release_after_refusal	ExternalSorter[0]	1	3029078	57766258	123426292	4	4	20971520		ExternalSorter=67388914;FinalHashAggregateStream=35065858;ExternalSorterMerge=20971520
event	23604217	refusal	ExternalSorter[1]	1	6189356	61124964	174897344	4	4	20971520	61865984	ExternalSorter=113809360;FinalHashAggregateStream=40116464;ExternalSorterMerge=20971520
event	23604355	release_after_refusal	ExternalSorter[1]	1	3340438	57784526	171556906	4	4	20971520		ExternalSorter=110468922;FinalHashAggregateStream=40116464;ExternalSorterMerge=20971520
event	23616004	refusal	ExternalSorter[0]	1	4124832	60245932	122472666	4	4	20971520	61865984	ExternalSorter=66435288;FinalHashAggregateStream=35065858;ExternalSorterMerge=20971520
event	23616198	release_after_refusal	ExternalSorter[0]	1	2308176	57937756	120164490	4	4	20971520		ExternalSorter=64127112;FinalHashAggregateStream=35065858;ExternalSorterMerge=20971520
event	23684475	refusal	ExternalSorter[1]	1	4976844	59161244	176229057	4	4	20971520	61865984	ExternalSorter=120191688;FinalHashAggregateStream=35065849;ExternalSorterMerge=20971520
event	23684797	release_after_refusal	ExternalSorter[1]	1	2734182	56427062	173494875	4	4	20971520		ExternalSorter=117457506;FinalHashAggregateStream=35065849;ExternalSorterMerge=20971520
event	23687557	refusal	ExternalSorter[0]	1	6877192	61030444	138986204	4	4	23940510	61123736	ExternalSorter=79979836;FinalHashAggregateStream=35065858;ExternalSorterMerge=23940510
event	23688070	release_after_refusal	ExternalSorter[0]	1	2766900	58263544	136445658	4	4	22320332		ExternalSorter=79059468;FinalHashAggregateStream=35065858;ExternalSorterMerge=22320332
event	23761568	refusal	ExternalSorter[1]	1	3534984	60114484	173115029	4	4	20971520	61865984	ExternalSorter=117077660;FinalHashAggregateStream=35065849;ExternalSorterMerge=20971520
event	23761738	release_after_refusal	ExternalSorter[1]	1	2013252	58101232	171101777	4	4	20971520		ExternalSorter=115064408;FinalHashAggregateStream=35065849;ExternalSorterMerge=20971520
event	23766164	refusal	ExternalSorter[0]	1	5664776	56963176	153155982	4	4	20971520	61865984	ExternalSorter=97118604;FinalHashAggregateStream=35065858;ExternalSorterMerge=20971520
event	23766671	release_after_refusal	ExternalSorter[0]	1	1931268	55031908	151224714	4	4	20971520		ExternalSorter=95187336;FinalHashAggregateStream=35065858;ExternalSorterMerge=20971520
event	23851387	refusal	ExternalSorter[1]	1	6516760	61681864	179171426	4	4	20971520	61865984	ExternalSorter=123134048;FinalHashAggregateStream=35065858;ExternalSorterMerge=20971520
event	23851559	release_after_refusal	ExternalSorter[1]	1	3504140	58177724	175667286	4	4	20971520		ExternalSorter=119629908;FinalHashAggregateStream=35065858;ExternalSorterMerge=20971520
event	23863595	refusal	ExternalSorter[0]	1	4452320	61452184	129056820	4	4	20971520	61865984	ExternalSorter=67968944;FinalHashAggregateStream=40116356;ExternalSorterMerge=20971520
event	23864131	release_after_refusal	ExternalSorter[0]	1	1636336	59815848	127420484	4	4	20971520		ExternalSorter=66332608;FinalHashAggregateStream=40116356;ExternalSorterMerge=20971520
event	23928163	refusal	ExternalSorter[1]	1	5304276	58502844	176131422	4	4	20971520	61865984	ExternalSorter=120094044;FinalHashAggregateStream=35065858;ExternalSorterMerge=20971520
event	23928463	release_after_refusal	ExternalSorter[1]	1	2897898	55604946	173233524	4	4	20971520		ExternalSorter=117196146;FinalHashAggregateStream=35065858;ExternalSorterMerge=20971520
event	23930810	refusal	ExternalSorter[0]	1	6975472	61591200	135648678	4	4	26755728	60419932	ExternalSorter=73827092;FinalHashAggregateStream=35065858;ExternalSorterMerge=26755728
event	23931098	release_after_refusal	ExternalSorter[0]	1	2930672	58660528	132993388	4	4	25086522		ExternalSorter=72841008;FinalHashAggregateStream=35065858;ExternalSorterMerge=25086522
event	24001282	refusal	ExternalSorter[1]	1	3862444	60570556	169315070	4	4	20971520	61865984	ExternalSorter=113277692;FinalHashAggregateStream=35065858;ExternalSorterMerge=20971520
event	24001460	release_after_refusal	ExternalSorter[1]	1	2176982	58393574	170812400	4	4	20971520		ExternalSorter=111100710;FinalHashAggregateStream=38740170;ExternalSorterMerge=20971520
event	24002495	refusal	ExternalSorter[0]	1	4812644	52707136	126843338	4	4	39070344	57341278	ExternalSorter=52707136;ExternalSorterMerge=39070344;FinalHashAggregateStream=35065858
event	24002890	release_after_refusal	ExternalSorter[0]	1	3848184	48858952	124631544	4	4	40706734		ExternalSorter=48858952;ExternalSorterMerge=40706734;FinalHashAggregateStream=35065858
event	24082677	refusal	ExternalSorter[1]	1	6614928	60766828	174490774	4	4	20971520	61865984	ExternalSorter=118453396;FinalHashAggregateStream=35065858;ExternalSorterMerge=20971520
event	24082906	release_after_refusal	ExternalSorter[1]	1	2291670	58475158	172199104	4	4	20971520		ExternalSorter=116161726;FinalHashAggregateStream=35065858;ExternalSorterMerge=20971520
event	24085788	refusal	ExternalSorter[0]	1	4091792	57686568	137847120	4	4	24680944	60938628	ExternalSorter=78100318;FinalHashAggregateStream=35065858;ExternalSorterMerge=24680944
event	24086157	release_after_refusal	ExternalSorter[0]	1	2406378	55280190	136715486	4	4	22012376		ExternalSorter=79637252;FinalHashAggregateStream=35065858;ExternalSorterMerge=22012376
event	24153772	refusal	ExternalSorter[0]	1	6614928	57625392	164074442	4	4	20971520	61865984	ExternalSorter=108037064;FinalHashAggregateStream=35065858;ExternalSorterMerge=20971520
event	24154023	release_after_refusal	ExternalSorter[0]	1	3553224	54072168	160521218	4	4	20971520		ExternalSorter=104483840;FinalHashAggregateStream=35065858;ExternalSorterMerge=20971520
event	24168203	refusal	ExternalSorter[1]	1	5631820	60987184	130483810	4	4	20971520	61865984	ExternalSorter=74446432;FinalHashAggregateStream=35065858;ExternalSorterMerge=20971520
event	24168708	release_after_refusal	ExternalSorter[1]	1	1914832	59072352	128568978	4	4	20971520		ExternalSorter=72531600;FinalHashAggregateStream=35065858;ExternalSorterMerge=20971520
event	24232321	refusal	ExternalSorter[0]	1	5402500	57027204	165880820	4	4	20971520	61865984	ExternalSorter=106169040;FinalHashAggregateStream=38740260;ExternalSorterMerge=20971520
event	24232450	release_after_refusal	ExternalSorter[0]	1	2226114	54801090	163654706	4	4	20971520		ExternalSorter=103942926;FinalHashAggregateStream=38740260;ExternalSorterMerge=20971520
event	24249583	refusal	ExternalSorter[1]	1	4419364	60302664	127374418	4	4	20971520	61865984	ExternalSorter=71337040;FinalHashAggregateStream=35065858;ExternalSorterMerge=20971520
event	24249856	release_after_refusal	ExternalSorter[1]	1	2455442	57847222	124918976	4	4	20971520		ExternalSorter=68881598;FinalHashAggregateStream=35065858;ExternalSorterMerge=20971520
event	24314745	refusal	ExternalSorter[0]	1	4190016	60794364	171347284	4	4	20971520	61865984	ExternalSorter=115309924;FinalHashAggregateStream=35065840;ExternalSorterMerge=20971520
event	24314892	release_after_refusal	ExternalSorter[0]	1	2340768	58453596	169006516	4	4	20971520		ExternalSorter=112969156;FinalHashAggregateStream=35065840;ExternalSorterMerge=20971520
event	24316858	refusal	ExternalSorter[1]	1	6713124	54515560	130399955	4	4	38477744	57489428	ExternalSorter=56856362;ExternalSorterMerge=38477744;FinalHashAggregateStream=35065849
event	24317254	release_after_refusal	ExternalSorter[1]	1	2570130	51945430	127534833	4	4	35727262		ExternalSorter=56741722;ExternalSorterMerge=35727262;FinalHashAggregateStream=35065849
event	24383835	refusal	ExternalSorter[0]	1	6713124	57984680	161291202	4	4	20971520	61865984	ExternalSorter=105253824;FinalHashAggregateStream=35065858;ExternalSorterMerge=20971520
event	24383955	release_after_refusal	ExternalSorter[0]	1	3602322	54382358	157688880	4	4	20971520		ExternalSorter=101651502;FinalHashAggregateStream=35065858;ExternalSorterMerge=20971520
event	24396192	refusal	ExternalSorter[1]	1	4779632	57582352	127275370	4	4	20971520	61865984	ExternalSorter=71237992;FinalHashAggregateStream=35065858;ExternalSorterMerge=20971520
event	24396651	release_after_refusal	ExternalSorter[1]	1	1128332	56454020	126147038	4	4	20971520		ExternalSorter=70109660;FinalHashAggregateStream=35065858;ExternalSorterMerge=20971520
event	24464655	refusal	ExternalSorter[0]	1	5729988	61640696	177132138	4	4	20971520	61865984	ExternalSorter=121094760;FinalHashAggregateStream=35065858;ExternalSorterMerge=20971520
event	24464912	release_after_refusal	ExternalSorter[0]	1	2307966	59332730	174824172	4	4	20971520		ExternalSorter=118786794;FinalHashAggregateStream=35065858;ExternalSorterMerge=20971520
event	24469684	refusal	ExternalSorter[1]	1	4058864	59454064	152584114	4	4	20971520	61865984	ExternalSorter=96546736;FinalHashAggregateStream=35065858;ExternalSorterMerge=20971520
event	24469919	release_after_refusal	ExternalSorter[1]	1	2275192	57178872	150308922	4	4	20971520		ExternalSorter=94271544;FinalHashAggregateStream=35065858;ExternalSorterMerge=20971520
event	24535278	refusal	ExternalSorter[1]	1	6582000	57263184	172033522	4	4	20971520	61865984	ExternalSorter=115996144;FinalHashAggregateStream=35065858;ExternalSorterMerge=20971520
event	24535399	release_after_refusal	ExternalSorter[1]	1	3536760	53726424	168496762	4	4	20971520		ExternalSorter=112459384;FinalHashAggregateStream=35065858;ExternalSorterMerge=20971520
event	24537621	refusal	ExternalSorter[0]	1	4288212	58732960	135788882	4	4	29558768	59719172	ExternalSorter=71164256;FinalHashAggregateStream=35065858;ExternalSorterMerge=29558768
event	24538003	release_after_refusal	ExternalSorter[0]	1	2389866	56343094	133399016	4	4	29558768		ExternalSorter=68774390;FinalHashAggregateStream=35065858;ExternalSorterMerge=29558768
event	24604981	refusal	ExternalSorter[0]	1	6811364	59786012	168143334	4	4	20971520	61865984	ExternalSorter=107055116;FinalHashAggregateStream=40116698;ExternalSorterMerge=20971520
event	24605098	release_after_refusal	ExternalSorter[0]	1	3651434	56134578	164491900	4	4	20971520		ExternalSorter=103403682;FinalHashAggregateStream=40116698;ExternalSorterMerge=20971520
event	24617825	refusal	ExternalSorter[1]	1	5369600	57320176	123015354	4	4	20971520	61865984	ExternalSorter=66977976;FinalHashAggregateStream=35065858;ExternalSorterMerge=20971520
event	24618284	release_after_refusal	ExternalSorter[1]	1	3766144	53554032	119249210	4	4	20971520		ExternalSorter=63211832;FinalHashAggregateStream=35065858;ExternalSorterMerge=20971520
event	24685147	refusal	ExternalSorter[1]	1	3698448	59098432	176842170	4	4	20971520	61865984	ExternalSorter=120804792;FinalHashAggregateStream=35065858;ExternalSorterMerge=20971520
event	24685269	release_after_refusal	ExternalSorter[1]	1	2094984	57003448	174747186	4	4	20971520		ExternalSorter=118709808;FinalHashAggregateStream=35065858;ExternalSorterMerge=20971520
event	24687691	refusal	ExternalSorter[0]	1	5828324	61706360	134317682	4	4	21879032	61639106	ExternalSorter=77372792;FinalHashAggregateStream=35065858;ExternalSorterMerge=21879032
event	24687828	release_after_refusal	ExternalSorter[0]	1	3159922	58546438	133262728	4	4	20971520		ExternalSorter=77225350;FinalHashAggregateStream=35065858;ExternalSorterMerge=20971520
event	24760888	refusal	ExternalSorter[0]	1	4386548	59912992	163256761	4	4	20971520	61865984	ExternalSorter=107219392;FinalHashAggregateStream=35065849;ExternalSorterMerge=20971520
event	24761025	release_after_refusal	ExternalSorter[0]	1	2439034	57473958	160817727	4	4	20971520		ExternalSorter=104780358;FinalHashAggregateStream=35065849;ExternalSorterMerge=20971520
event	24792788	refusal	ExternalSorter[1]	1	6450960	59520192	139784061	4	4	20971520	61865984	ExternalSorter=83746692;FinalHashAggregateStream=35065849;ExternalSorterMerge=20971520
event	24793268	release_after_refusal	ExternalSorter[1]	1	3471240	56048952	141363445	4	4	20971520		ExternalSorter=80275452;FinalHashAggregateStream=40116473;ExternalSorterMerge=20971520
event	24826863	refusal	ExternalSorter[0]	1	6909700	60867708	143065086	4	4	20971520	61865984	ExternalSorter=87027708;FinalHashAggregateStream=35065858;ExternalSorterMerge=20971520
event	24826986	release_after_refusal	ExternalSorter[0]	1	3700602	57167106	139364484	4	4	20971520		ExternalSorter=83327106;FinalHashAggregateStream=35065858;ExternalSorterMerge=20971520
event	24873366	refusal	ExternalSorter[1]	1	5238560	59810944	148918125	4	4	20971520	61865984	ExternalSorter=87829916;FinalHashAggregateStream=40116689;ExternalSorterMerge=20971520
event	24873620	release_after_refusal	ExternalSorter[1]	1	2865040	56945904	146053085	4	4	20971520		ExternalSorter=84964876;FinalHashAggregateStream=40116689;ExternalSorterMerge=20971520
event	24905738	refusal	ExternalSorter[0]	1	5697284	57385780	141909718	4	4	20971520	61865984	ExternalSorter=85872340;FinalHashAggregateStream=35065858;ExternalSorterMerge=20971520
event	24906104	release_after_refusal	ExternalSorter[0]	1	1947522	55438258	139962196	4	4	20971520		ExternalSorter=83924818;FinalHashAggregateStream=35065858;ExternalSorterMerge=20971520
event	24945891	refusal	ExternalSorter[1]	1	3796784	61224400	154886129	4	4	20971520	61865984	ExternalSorter=98848760;FinalHashAggregateStream=35065849;ExternalSorterMerge=20971520
event	24946085	release_after_refusal	ExternalSorter[1]	1	2144152	59080248	152741977	4	4	20971520		ExternalSorter=96704608;FinalHashAggregateStream=35065849;ExternalSorterMerge=20971520
event	24981744	refusal	ExternalSorter[0]	1	4255508	58340512	140599234	4	4	20971520	61865984	ExternalSorter=84561856;FinalHashAggregateStream=35065858;ExternalSorterMerge=20971520
event	24981872	release_after_refusal	ExternalSorter[0]	1	2373514	55966998	138225720	4	4	20971520		ExternalSorter=82188342;FinalHashAggregateStream=35065858;ExternalSorterMerge=20971520
event	25023550	refusal	ExternalSorter[1]	1	6549296	60700224	151343054	4	4	20971520	61865984	ExternalSorter=95305676;FinalHashAggregateStream=35065858;ExternalSorterMerge=20971520
event	25023787	release_after_refusal	ExternalSorter[1]	1	3520408	57179816	147822646	4	4	20971520		ExternalSorter=91785268;FinalHashAggregateStream=35065858;ExternalSorterMerge=20971520
event	25049624	refusal	ExternalSorter[0]	1	6778660	59426268	131605390	4	4	20971520	61865984	ExternalSorter=75568012;FinalHashAggregateStream=35065858;ExternalSorterMerge=20971520
event	25049776	release_after_refusal	ExternalSorter[0]	1	3635082	55791186	127970308	4	4	20971520		ExternalSorter=71932930;FinalHashAggregateStream=35065858;ExternalSorterMerge=20971520
event	25078923	refusal	ExternalSorterMerge[1]	0	4132864	231440384	266973985	2	4	241926144		ExternalSorterMerge=241926144;FinalHashAggregateStream=15455449;ExternalSorter=9592392
event	25118349	refusal	ExternalSorter[0]	1	4194600	10674844	252600988	2	4	241926144	13254656	ExternalSorterMerge=241926144;ExternalSorter=10674844
event	25118429	release_after_refusal	ExternalSorter[0]	1	623862	10050982	251977126	2	4	241926144		ExternalSorterMerge=241926144;ExternalSorter=10050982
event	25119869	refusal	ExternalSorterMerge[0]	0	4132864	33062912	264503296	0	4	264503296		ExternalSorterMerge=264503296
event	25181684	release_after_refusal	ExternalSorterMerge[0]	0	22577152	10485760	241926144	0	4	241926144		ExternalSorterMerge=241926144
event	25181704	refusal	ExternalSorterMerge[0]	0	4132864	33062912	264503296	0	4	264503296		ExternalSorterMerge=264503296
event	25247822	release_after_refusal	ExternalSorterMerge[0]	0	22577152	10485760	241926144	0	4	241926144		ExternalSorterMerge=241926144
event	25247843	refusal	ExternalSorterMerge[0]	0	4132864	33062912	264503296	0	4	264503296		ExternalSorterMerge=264503296
event	25310393	release_after_refusal	ExternalSorterMerge[0]	0	22577152	10485760	241926144	0	4	241926144		ExternalSorterMerge=241926144
event	25310411	refusal	ExternalSorterMerge[0]	0	4132864	33062912	264503296	0	4	264503296		ExternalSorterMerge=264503296
event	25375842	release_after_refusal	ExternalSorterMerge[0]	0	22577152	10485760	241926144	0	4	241926144		ExternalSorterMerge=241926144
event	25375860	refusal	ExternalSorterMerge[0]	0	4132864	33062912	264503296	0	4	264503296		ExternalSorterMerge=264503296
event	25437926	release_after_refusal	ExternalSorterMerge[0]	0	22577152	10485760	241926144	0	4	241926144		ExternalSorterMerge=241926144
event	25437945	refusal	ExternalSorterMerge[0]	0	4132864	33062912	264503296	0	4	264503296		ExternalSorterMerge=264503296
event	25508517	release_after_refusal	ExternalSorterMerge[0]	0	22577152	10485760	241926144	0	4	241926144		ExternalSorterMerge=241926144
event	25508538	refusal	ExternalSorterMerge[0]	0	4132864	33062912	264503296	0	4	264503296		ExternalSorterMerge=264503296
event	25579513	release_after_refusal	ExternalSorterMerge[0]	0	22577152	10485760	241926144	0	4	241926144		ExternalSorterMerge=241926144
event	25579532	refusal	ExternalSorterMerge[0]	0	4132864	33062912	264503296	0	4	264503296		ExternalSorterMerge=264503296
event	25589178	release_after_refusal	ExternalSorterMerge[1]	0	220954624	10485760	43548672	0	4	43548672		ExternalSorterMerge=43548672
event	25589206	refusal	ExternalSorterMerge[1]	0	4132864	231440384	264503296	0	4	264503296		ExternalSorterMerge=264503296
event	25666187	release_after_refusal	ExternalSorterMerge[0]	0	22577152	10485760	241926144	0	4	241926144		ExternalSorterMerge=241926144
event	25666206	refusal	ExternalSorterMerge[0]	0	4132864	33062912	264503296	0	4	264503296		ExternalSorterMerge=264503296
event	25729114	release_after_refusal	ExternalSorterMerge[0]	0	22577152	10485760	241926144	0	4	241926144		ExternalSorterMerge=241926144
event	25729133	refusal	ExternalSorterMerge[0]	0	4132864	33062912	264503296	0	4	264503296		ExternalSorterMerge=264503296
event	25798464	release_after_refusal	ExternalSorterMerge[0]	0	22577152	10485760	241926144	0	4	241926144		ExternalSorterMerge=241926144
event	25798483	refusal	ExternalSorterMerge[0]	0	4132864	33062912	264503296	0	4	264503296		ExternalSorterMerge=264503296
event	25863988	release_after_refusal	ExternalSorterMerge[0]	0	22577152	10485760	241926144	0	4	241926144		ExternalSorterMerge=241926144
event	25864010	refusal	ExternalSorterMerge[0]	0	4132864	33062912	264503296	0	4	264503296		ExternalSorterMerge=264503296
event	25929985	release_after_refusal	ExternalSorterMerge[0]	0	22577152	10485760	241926144	0	4	241926144		ExternalSorterMerge=241926144
event	25930005	refusal	ExternalSorterMerge[0]	0	4132864	33062912	264503296	0	4	264503296		ExternalSorterMerge=264503296
event	25996411	release_after_refusal	ExternalSorterMerge[0]	0	22577152	10485760	241926144	0	4	241926144		ExternalSorterMerge=241926144
event	25996429	refusal	ExternalSorterMerge[0]	0	4132864	33062912	264503296	0	4	264503296		ExternalSorterMerge=264503296
event	26059641	release_after_refusal	ExternalSorterMerge[0]	0	22577152	10485760	241926144	0	4	241926144		ExternalSorterMerge=241926144
event	26059660	refusal	ExternalSorterMerge[0]	0	4132864	33063416	264503800	0	4	264503800		ExternalSorterMerge=264503800
event	26119248	release_after_refusal	ExternalSorterMerge[1]	0	220954624	10485760	43549176	0	4	43549176		ExternalSorterMerge=43549176
event	26179974	release_after_refusal	ExternalSorterMerge[0]	0	22577656	10485760	49935896	0	4	49935896		ExternalSorterMerge=47681536;SortPreservingMergeExec=2254360
