#pool	name	limit	peak_reserved	refusals	events_dropped
pool	fair	268435456	267462165	971	0
#class	class	consumers	can_spill	w_sum_of_peaks	w_largest_peak	w_class_peak	refusals	refused_bytes	w_refusals_then_release	w_consumers_ending_refused
class	DataFusion-Cli	1	0	5995	5995	5995	0	0	0	0
class	ExternalSorter	2	2	126122386	64286952	122849013	221	1026479681	221	0
class	ExternalSorterMerge	2	0	467013632	252104704	264503296	8	33062912	8	0
class	FinalHashAggregateStream	2	2	132513792	66256896	99385344	404	4389846575	404	0
class	PartialHashAggregateStream	2	2	70707911	37972964	65333758	337	4149397821	337	0
class	RepartitionExec	2	2	63803524	33083332	35447008	1	2756624	0	0
class	SortPreservingMergeExec	1	0	10448536	10448536	10448536	0	0	0	0
#event	micros	kind	consumer	can_spill	bytes	w_held	reserved	w_registered_spillable	w_registered_unspillable	w_unspillable_bytes	w_fair_quota	w_top_classes
event	29390	refusal	PartialHashAggregateStream[1]	1	8453637	29380650	61962485	8	4	0	33554432	PartialHashAggregateStream=61962485
event	31879	refusal	PartialHashAggregateStream[0]	1	14217888	32581835	61962485	8	4	0	33554432	PartialHashAggregateStream=61962485
event	38320	release_after_refusal	PartialHashAggregateStream[1]	1	15863538	13517112	46098947	8	4	0		PartialHashAggregateStream=46098947
event	42312	release_after_refusal	PartialHashAggregateStream[0]	1	16040467	16541368	34731729	8	4	0		PartialHashAggregateStream=30058480;FinalHashAggregateStream=2834129;RepartitionExec=1839120
event	75106	refusal	FinalHashAggregateStream[0]	1	9015603	33309241	96873140	8	4	0	33554432	FinalHashAggregateStream=65315578;PartialHashAggregateStream=31557562
event	80574	refusal	PartialHashAggregateStream[1]	1	8454658	29382169	108463098	8	4	0	33554432	FinalHashAggregateStream=65315578;PartialHashAggregateStream=43147520
event	89108	release_after_refusal	PartialHashAggregateStream[1]	1	15861217	13520952	108201470	8	4	0		FinalHashAggregateStream=65315578;PartialHashAggregateStream=42885892
event	93797	refusal	FinalHashAggregateStream[1]	1	14213043	32006337	111414898	8	4	0	33554432	FinalHashAggregateStream=65315578;PartialHashAggregateStream=46099320
event	94346	refusal	PartialHashAggregateStream[0]	1	14217582	32578368	111414898	8	4	0	33554432	FinalHashAggregateStream=65315578;PartialHashAggregateStream=46099320
event	102792	release_after_refusal	FinalHashAggregateStream[0]	1	33308561	680	78106337	8	4	0		PartialHashAggregateStream=46099320;FinalHashAggregateStream=32007017
event	104572	release_after_refusal	PartialHashAggregateStream[0]	1	16039560	16538808	62066777	8	4	0		FinalHashAggregateStream=32007017;PartialHashAggregateStream=30059760
event	120243	release_after_refusal	FinalHashAggregateStream[1]	1	32005657	680	42080754	8	4	0		FinalHashAggregateStream=15165106;PartialHashAggregateStream=13521632;RepartitionExec=13394016
event	145879	refusal	PartialHashAggregateStream[0]	1	14219515	32585459	102832523	8	4	0	33554432	FinalHashAggregateStream=54886992;PartialHashAggregateStream=46106411;RepartitionExec=1839120
event	152976	refusal	FinalHashAggregateStream[0]	1	8371831	29845731	102369472	8	4	0	33554432	FinalHashAggregateStream=61632524;PartialHashAggregateStream=37062189;RepartitionExec=3674759
event	156164	release_after_refusal	PartialHashAggregateStream[0]	1	16041531	16543928	90343999	8	4	0		FinalHashAggregateStream=61632524;PartialHashAggregateStream=25036716;RepartitionExec=3674759
event	160802	refusal	FinalHashAggregateStream[1]	1	14213045	31786793	101135277	8	4	0	33554432	FinalHashAggregateStream=61632524;PartialHashAggregateStream=33071370;RepartitionExec=6431383
event	172207	refusal	PartialHashAggregateStream[1]	1	14222979	32597914	117205749	8	4	0	33554432	FinalHashAggregateStream=61632524;PartialHashAggregateStream=49141842;RepartitionExec=6431383
event	175540	release_after_refusal	FinalHashAggregateStream[0]	1	29845051	680	87360698	8	4	0		PartialHashAggregateStream=49141842;FinalHashAggregateStream=31787473;RepartitionExec=6431383
event	181833	release_after_refusal	PartialHashAggregateStream[1]	1	16050146	16547768	72934716	8	4	0		FinalHashAggregateStream=37086396;PartialHashAggregateStream=33091696;RepartitionExec=2756624
event	187447	release_after_refusal	FinalHashAggregateStream[1]	1	31786113	680	53763033	8	4	0		PartialHashAggregateStream=33091696;FinalHashAggregateStream=10431273;RepartitionExec=10240064
event	218255	refusal	PartialHashAggregateStream[1]	1	14224333	32601389	104085044	8	4	0	33554432	FinalHashAggregateStream=64008410;PartialHashAggregateStream=32602069;RepartitionExec=7474565
event	220264	refusal	FinalHashAggregateStream[0]	1	14359765	31904053	104085044	8	4	0	33554432	FinalHashAggregateStream=64008410;PartialHashAggregateStream=32602069;RepartitionExec=7474565
event	220401	refusal	FinalHashAggregateStream[1]	1	13089964	32104357	104085044	8	4	0	33554432	FinalHashAggregateStream=64008410;PartialHashAggregateStream=32602069;RepartitionExec=7474565
event	227945	release_after_refusal	PartialHashAggregateStream[1]	1	16051061	16550328	88033983	8	4	0		FinalHashAggregateStream=64008410;PartialHashAggregateStream=16551008;RepartitionExec=7474565
event	244483	release_after_refusal	FinalHashAggregateStream[1]	1	32103677	680	58686930	8	4	0		FinalHashAggregateStream=31904733;PartialHashAggregateStream=16551008;RepartitionExec=10231189
event	245735	release_after_refusal	FinalHashAggregateStream[0]	1	31903373	680	25997125	8	4	0		PartialHashAggregateStream=16551008;RepartitionExec=9444757;FinalHashAggregateStream=1360
event	267898	refusal	PartialHashAggregateStream[0]	1	14219296	32584911	89601799	8	4	0	33554432	FinalHashAggregateStream=46551430;PartialHashAggregateStream=41080177;RepartitionExec=1970192
event	277581	release_after_refusal	PartialHashAggregateStream[0]	1	16039703	16545208	93462568	8	4	0		FinalHashAggregateStream=47725441;PartialHashAggregateStream=43766935;RepartitionExec=1970192
event	281311	refusal	PartialHashAggregateStream[1]	1	8457049	29518921	103243202	8	4	0	33554432	FinalHashAggregateStream=47725441;PartialHashAggregateStream=46064129;RepartitionExec=9453632
event	286112	refusal	FinalHashAggregateStream[0]	1	6380224	31914160	107632240	8	4	0	33554432	FinalHashAggregateStream=52114479;PartialHashAggregateStream=46064129;RepartitionExec=9453632
event	288890	release_after_refusal	PartialHashAggregateStream[1]	1	15994769	13524152	91637471	8	4	0		FinalHashAggregateStream=52114479;PartialHashAggregateStream=30069360;RepartitionExec=9453632
event	306399	refusal	FinalHashAggregateStream[1]	1	14265251	31902752	103999376	8	4	0	33554432	FinalHashAggregateStream=63816912;PartialHashAggregateStream=30069360;RepartitionExec=10113104
event	308941	release_after_refusal	FinalHashAggregateStream[0]	1	31913480	680	72085896	8	4	0		FinalHashAggregateStream=31903432;PartialHashAggregateStream=30069360;RepartitionExec=10113104
event	330798	release_after_refusal	FinalHashAggregateStream[1]	1	31902072	680	51672396	8	4	0		FinalHashAggregateStream=25195760;RepartitionExec=17849586;PartialHashAggregateStream=8627050
event	348162	refusal	PartialHashAggregateStream[1]	1	14225931	32734405	105150447	8	4	0	33554432	PartialHashAggregateStream=59801615;FinalHashAggregateStream=45348832
event	354260	refusal	PartialHashAggregateStream[0]	1	14216389	32574289	119099296	8	4	0	33554432	PartialHashAggregateStream=65308694;FinalHashAggregateStream=53790602
event	358233	release_after_refusal	PartialHashAggregateStream[1]	1	16182797	16551608	102916499	8	4	0		FinalHashAggregateStream=53790602;PartialHashAggregateStream=49125897
event	364040	release_after_refusal	PartialHashAggregateStream[0]	1	16036761	16537528	100690825	8	4	0		FinalHashAggregateStream=59331817;PartialHashAggregateStream=33089136;RepartitionExec=8269872
event	367528	refusal	FinalHashAggregateStream[0]	1	14256137	31945130	107782745	8	4	0	33554432	FinalHashAggregateStream=61696921;PartialHashAggregateStream=33089136;RepartitionExec=12996688
event	373404	refusal	FinalHashAggregateStream[1]	1	13152193	33022759	105540465	8	4	0	33554432	FinalHashAggregateStream=64967889;PartialHashAggregateStream=33089136;RepartitionExec=7483440
event	402811	release_after_refusal	FinalHashAggregateStream[0]	1	31944450	680	73596015	8	4	0		PartialHashAggregateStream=33089136;FinalHashAggregateStream=33023439;RepartitionExec=7483440
event	403559	release_after_refusal	FinalHashAggregateStream[1]	1	33022079	680	38603744	8	4	0		PartialHashAggregateStream=33089136;RepartitionExec=5513248;FinalHashAggregateStream=1360
event	440205	refusal	PartialHashAggregateStream[0]	1	14216903	32577559	105433680	8	4	0	33554432	FinalHashAggregateStream=53705602;PartialHashAggregateStream=51728078
event	449502	refusal	PartialHashAggregateStream[1]	1	8456110	29385681	115668842	8	4	0	33554432	PartialHashAggregateStream=61963240;FinalHashAggregateStream=53705602
event	449667	release_after_refusal	PartialHashAggregateStream[0]	1	16038751	16538808	99630091	8	4	0		FinalHashAggregateStream=53705602;PartialHashAggregateStream=45924489
event	457301	release_after_refusal	PartialHashAggregateStream[1]	1	15862809	13522872	90500604	8	4	0		FinalHashAggregateStream=60438924;PartialHashAggregateStream=30061680
event	459022	refusal	FinalHashAggregateStream[0]	1	13101650	32947157	99397696	8	4	0	33554432	FinalHashAggregateStream=63687584;PartialHashAggregateStream=30061680;RepartitionExec=5648432
event	464837	refusal	FinalHashAggregateStream[1]	1	13146897	33008838	107444715	8	4	0	33554432	FinalHashAggregateStream=65955995;PartialHashAggregateStream=30061680;RepartitionExec=11427040
event	484751	release_after_refusal	FinalHashAggregateStream[0]	1	32946477	680	74498238	8	4	0		FinalHashAggregateStream=33009518;PartialHashAggregateStream=30061680;RepartitionExec=11427040
event	489326	release_after_refusal	FinalHashAggregateStream[1]	1	33008158	680	40492615	8	4	0		PartialHashAggregateStream=30061680;RepartitionExec=7617728;FinalHashAggregateStream=2813207
event	514930	refusal	PartialHashAggregateStream[1]	1	12355354	32732866	90221158	8	4	0	33554432	FinalHashAggregateStream=57487612;PartialHashAggregateStream=32733546
event	523831	release_after_refusal	PartialHashAggregateStream[1]	1	16185482	16547384	87797383	8	4	0		FinalHashAggregateStream=57487612;PartialHashAggregateStream=30309771
event	528766	refusal	FinalHashAggregateStream[0]	1	3226661	31257379	109407790	8	4	0	33554432	FinalHashAggregateStream=59818606;PartialHashAggregateStream=41319312;RepartitionExec=8269872
event	537879	refusal	FinalHashAggregateStream[1]	1	13096016	32943587	125532834	8	4	0	33554432	FinalHashAggregateStream=64200966;PartialHashAggregateStream=49121612;RepartitionExec=12210256
event	538291	refusal	PartialHashAggregateStream[0]	1	14216026	32574228	125532834	8	4	0	33554432	FinalHashAggregateStream=64200966;PartialHashAggregateStream=49121612;RepartitionExec=12210256
event	548224	release_after_refusal	PartialHashAggregateStream[0]	1	16037340	16536888	109495494	8	4	0		FinalHashAggregateStream=64200966;PartialHashAggregateStream=33084272;RepartitionExec=12210256
event	549933	release_after_refusal	FinalHashAggregateStream[0]	1	31256699	680	80995419	8	4	0		PartialHashAggregateStream=33084272;FinalHashAggregateStream=32944267;RepartitionExec=14966880
event	565808	release_after_refusal	FinalHashAggregateStream[1]	1	32942907	680	46202232	8	4	0		FinalHashAggregateStream=20211800;PartialHashAggregateStream=16537568;RepartitionExec=9452864
event	583641	refusal	FinalHashAggregateStream[0]	1	14296306	31006954	87474065	8	4	0	33554432	FinalHashAggregateStream=53610859;PartialHashAggregateStream=33863206
event	588357	refusal	PartialHashAggregateStream[1]	1	14224387	32734622	102575217	8	4	0	33554432	FinalHashAggregateStream=56072997;PartialHashAggregateStream=46502220
event	598544	release_after_refusal	PartialHashAggregateStream[1]	1	16184294	16550328	101992305	8	4	0		FinalHashAggregateStream=56072997;PartialHashAggregateStream=45919308
event	602645	refusal	PartialHashAggregateStream[0]	1	14219092	32582435	109146144	8	4	0	33554432	FinalHashAggregateStream=56072997;PartialHashAggregateStream=49132763;RepartitionExec=3940384
event	607540	refusal	FinalHashAggregateStream[1]	1	3248642	31298373	115378474	8	4	0	33554432	FinalHashAggregateStream=62305327;PartialHashAggregateStream=49132763;RepartitionExec=3940384
event	608503	release_after_refusal	FinalHashAggregateStream[0]	1	31006274	680	84372200	8	4	0		PartialHashAggregateStream=49132763;FinalHashAggregateStream=31299053;RepartitionExec=3940384
event	612380	release_after_refusal	PartialHashAggregateStream[0]	1	16038507	16543928	66363501	8	4	0		PartialHashAggregateStream=33094256;FinalHashAggregateStream=31299053;RepartitionExec=1970192
event	630218	release_after_refusal	FinalHashAggregateStream[1]	1	31297693	680	59742425	8	4	0		FinalHashAggregateStream=26264234;RepartitionExec=16927183;PartialHashAggregateStream=16551008
event	655147	refusal	PartialHashAggregateStream[0]	1	14218782	32585595	96275767	8	4	0	33554432	FinalHashAggregateStream=58178378;PartialHashAggregateStream=32586275;RepartitionExec=5511114
event	655417	refusal	FinalHashAggregateStream[0]	1	13111841	31851599	96275767	8	4	0	33554432	FinalHashAggregateStream=58178378;PartialHashAggregateStream=32586275;RepartitionExec=5511114
event	665519	release_after_refusal	PartialHashAggregateStream[0]	1	16041667	16543928	96338281	8	4	0		FinalHashAggregateStream=60509489;PartialHashAggregateStream=30317678;RepartitionExec=5511114
event	674767	refusal	FinalHashAggregateStream[1]	1	14033033	31906577	125439116	8	4	0	33554432	FinalHashAggregateStream=63758176;PartialHashAggregateStream=45929762;RepartitionExec=15751178
event	679427	release_after_refusal	FinalHashAggregateStream[0]	1	31850919	680	96802938	8	4	0		PartialHashAggregateStream=49144503;FinalHashAggregateStream=31907257;RepartitionExec=15751178
event	680559	refusal	PartialHashAggregateStream[1]	1	14224830	32600575	94046314	8	4	0	33554432	PartialHashAggregateStream=49144503;FinalHashAggregateStream=31907257;RepartitionExec=12994554
event	690537	release_after_refusal	PartialHashAggregateStream[1]	1	16050247	16550328	80043854	8	4	0		FinalHashAggregateStream=42223678;PartialHashAggregateStream=33094256;RepartitionExec=4725920
event	701357	release_after_refusal	FinalHashAggregateStream[1]	1	31905897	680	76505177	8	4	0		PartialHashAggregateStream=33094256;FinalHashAggregateStream=26473849;RepartitionExec=16937072
event	711020	refusal	FinalHashAggregateStream[0]	1	7858566	32061472	66686850	8	4	0	33554432	FinalHashAggregateStream=44225266;PartialHashAggregateStream=16551008;RepartitionExec=5910576
event	731645	refusal	PartialHashAggregateStream[0]	1	14217068	32579930	106938012	8	4	0	33554432	FinalHashAggregateStream=55837562;PartialHashAggregateStream=49130258;RepartitionExec=1970192
event	738022	release_after_refusal	FinalHashAggregateStream[0]	1	32060792	680	74877220	8	4	0		PartialHashAggregateStream=49130258;FinalHashAggregateStream=23776770;RepartitionExec=1970192
event	741049	release_after_refusal	PartialHashAggregateStream[0]	1	16038562	16541368	59625090	8	4	0		PartialHashAggregateStream=33091696;FinalHashAggregateStream=23776770;RepartitionExec=2756624
event	768882	refusal	PartialHashAggregateStream[1]	1	14354763	32596612	132891459	8	4	0	33554432	FinalHashAggregateStream=59752189;PartialHashAggregateStream=49118895;RepartitionExec=24020375
event	778523	release_after_refusal	PartialHashAggregateStream[1]	1	16049484	16547128	132904904	8	4	0		FinalHashAggregateStream=59752189;PartialHashAggregateStream=49132340;RepartitionExec=24020375
event	779317	refusal	PartialHashAggregateStream[0]	1	14219886	32585212	130151089	8	4	0	33554432	FinalHashAggregateStream=59752189;PartialHashAggregateStream=49132340;RepartitionExec=21266560
event	780840	refusal	FinalHashAggregateStream[1]	1	2091311	32330695	130151089	8	4	0	33554432	FinalHashAggregateStream=59752189;PartialHashAggregateStream=49132340;RepartitionExec=21266560
event	788539	release_after_refusal	PartialHashAggregateStream[0]	1	16037444	16547768	114113645	8	4	0		FinalHashAggregateStream=59752189;PartialHashAggregateStream=33094896;RepartitionExec=21266560
event	798890	refusal	FinalHashAggregateStream[0]	1	13094447	32833925	133706524	8	4	0	33554432	FinalHashAggregateStream=65164620;RepartitionExec=35447008;PartialHashAggregateStream=33094896
event	802305	release_after_refusal	FinalHashAggregateStream[1]	1	32330015	680	101376509	8	4	0		RepartitionExec=35447008;PartialHashAggregateStream=33094896;FinalHashAggregateStream=32834605
event	824157	release_after_refusal	FinalHashAggregateStream[0]	1	32833245	680	68908683	8	4	0		PartialHashAggregateStream=33094896;FinalHashAggregateStream=26360155;RepartitionExec=9453632
event	834686	refusal	FinalHashAggregateStream[1]	1	14234217	32099949	68082401	8	4	0	33554432	FinalHashAggregateStream=45091798;PartialHashAggregateStream=21020411;RepartitionExec=1970192
event	850006	refusal	PartialHashAggregateStream[0]	1	8448130	29363767	92972885	8	4	0	33554432	PartialHashAggregateStream=45910895;FinalHashAggregateStream=45091798;RepartitionExec=1970192
event	857958	release_after_refusal	PartialHashAggregateStream[0]	1	15851775	13511992	77121110	8	4	0		FinalHashAggregateStream=45091798;PartialHashAggregateStream=30059120;RepartitionExec=1970192
event	859091	release_after_refusal	FinalHashAggregateStream[1]	1	32099269	680	46860961	8	4	0		PartialHashAggregateStream=30059120;FinalHashAggregateStream=12992529;RepartitionExec=3809312
event	889684	refusal	FinalHashAggregateStream[0]	1	14199125	31937465	117619242	8	4	0	33554432	FinalHashAggregateStream=63767164;PartialHashAggregateStream=49125262;RepartitionExec=4726816
event	892163	refusal	PartialHashAggregateStream[0]	1	14219412	32578134	117619242	8	4	0	33554432	FinalHashAggregateStream=63767164;PartialHashAggregateStream=49125262;RepartitionExec=4726816
event	894133	refusal	FinalHashAggregateStream[1]	1	14258186	31829699	117619242	8	4	0	33554432	FinalHashAggregateStream=63767164;PartialHashAggregateStream=49125262;RepartitionExec=4726816
event	902877	release_after_refusal	PartialHashAggregateStream[0]	1	16035486	16542648	101583756	8	4	0		FinalHashAggregateStream=63767164;PartialHashAggregateStream=33089776;RepartitionExec=4726816
event	916944	release_after_refusal	FinalHashAggregateStream[0]	1	31936785	680	74372891	8	4	0		PartialHashAggregateStream=33089776;FinalHashAggregateStream=31830379;RepartitionExec=9452736
event	918403	release_after_refusal	FinalHashAggregateStream[1]	1	31829019	680	40573680	8	4	0		PartialHashAggregateStream=33089776;RepartitionExec=7482544;FinalHashAggregateStream=1360
event	951485	refusal	PartialHashAggregateStream[0]	1	14217645	32580371	109396865	8	4	0	33554432	PartialHashAggregateStream=59669236;FinalHashAggregateStream=47757437;RepartitionExec=1970192
event	956984	refusal	PartialHashAggregateStream[1]	1	14224432	32601108	114909108	8	4	0	33554432	PartialHashAggregateStream=65181479;FinalHashAggregateStream=47757437;RepartitionExec=1970192
event	961799	release_after_refusal	PartialHashAggregateStream[0]	1	16037723	16542648	98871385	8	4	0		PartialHashAggregateStream=49143756;FinalHashAggregateStream=47757437;RepartitionExec=1970192
event	966672	release_after_refusal	PartialHashAggregateStream[1]	1	16050780	16550328	92634832	8	4	0		FinalHashAggregateStream=50088224;PartialHashAggregateStream=33092976;RepartitionExec=9453632
event	970191	refusal	FinalHashAggregateStream[0]	1	8389849	29870700	93421264	8	4	0	33554432	FinalHashAggregateStream=50088224;PartialHashAggregateStream=33092976;RepartitionExec=10240064
event	985365	refusal	FinalHashAggregateStream[1]	1	14346866	31941176	107901540	8	4	0	33554432	FinalHashAggregateStream=61811876;PartialHashAggregateStream=33092976;RepartitionExec=12996688
event	993296	release_after_refusal	FinalHashAggregateStream[0]	1	29870020	680	78031520	8	4	0		PartialHashAggregateStream=33092976;FinalHashAggregateStream=31941856;RepartitionExec=12996688
event	1010651	release_after_refusal	FinalHashAggregateStream[1]	1	31940496	680	61164732	8	4	0		PartialHashAggregateStream=33092976;RepartitionExec=14180448;FinalHashAggregateStream=13891308
event	1041611	refusal	PartialHashAggregateStream[0]	1	8447352	29364181	94891450	8	4	0	33554432	FinalHashAggregateStream=57032643;PartialHashAggregateStream=37858807
event	1049780	release_after_refusal	PartialHashAggregateStream[0]	1	15852189	13511992	95466557	8	4	0		FinalHashAggregateStream=57032643;PartialHashAggregateStream=38433914
event	1058843	refusal	FinalHashAggregateStream[0]	1	14341890	31992765	117386665	8	4	0	33554432	FinalHashAggregateStream=61684881;PartialHashAggregateStream=46244040;RepartitionExec=9457744
event	1059320	refusal	PartialHashAggregateStream[1]	1	14223580	32732048	117386665	8	4	0	33554432	FinalHashAggregateStream=61684881;PartialHashAggregateStream=46244040;RepartitionExec=9457744
event	1066717	refusal	FinalHashAggregateStream[1]	1	14248244	31798094	119492643	8	4	0	33554432	FinalHashAggregateStream=63790859;PartialHashAggregateStream=46244040;RepartitionExec=9457744
event	1072022	release_after_refusal	PartialHashAggregateStream[1]	1	16183640	16548408	103309003	8	4	0		FinalHashAggregateStream=63790859;PartialHashAggregateStream=30060400;RepartitionExec=9457744
event	1086917	release_after_refusal	FinalHashAggregateStream[0]	1	31992085	680	73286214	8	4	0		FinalHashAggregateStream=31798774;PartialHashAggregateStream=30060400;RepartitionExec=11427040
event	1092875	release_after_refusal	FinalHashAggregateStream[1]	1	31797414	680	29385832	8	4	0		PartialHashAggregateStream=16549088;FinalHashAggregateStream=7058136;RepartitionExec=5778608
event	1116868	refusal	PartialHashAggregateStream[0]	1	14218330	32579319	92542300	8	4	0	33554432	FinalHashAggregateStream=53517214;PartialHashAggregateStream=37054894;RepartitionExec=1970192
event	1126756	release_after_refusal	PartialHashAggregateStream[0]	1	16035391	16543928	96818890	8	4	0		FinalHashAggregateStream=53517214;PartialHashAggregateStream=41331484;RepartitionExec=1970192
event	1133351	refusal	PartialHashAggregateStream[1]	1	8454916	29383003	117932942	8	4	0	33554432	FinalHashAggregateStream=59795755;PartialHashAggregateStream=45926931;RepartitionExec=12210256
event	1135636	refusal	FinalHashAggregateStream[1]	1	3248507	31193197	117932942	8	4	0	33554432	FinalHashAggregateStream=59795755;PartialHashAggregateStream=45926931;RepartitionExec=12210256
event	1141270	release_after_refusal	PartialHashAggregateStream[1]	1	15862051	13520952	102070891	8	4	0		FinalHashAggregateStream=59795755;PartialHashAggregateStream=30064880;RepartitionExec=12210256
event	1149524	refusal	FinalHashAggregateStream[0]	1	14078150	31851380	103349521	8	4	0	33554432	FinalHashAggregateStream=63044577;PartialHashAggregateStream=30064880;RepartitionExec=10240064
event	1158147	release_after_refusal	FinalHashAggregateStream[1]	1	31192517	680	72157004	8	4	0		FinalHashAggregateStream=31852060;PartialHashAggregateStream=30064880;RepartitionExec=10240064
event	1174761	release_after_refusal	FinalHashAggregateStream[0]	1	31850700	680	53489958	8	4	0		PartialHashAggregateStream=27284654;FinalHashAggregateStream=13995048;RepartitionExec=12210256
event	1188949	refusal	PartialHashAggregateStream[0]	1	14216625	32573931	79498076	8	4	0	33554432	PartialHashAggregateStream=46094883;FinalHashAggregateStream=29724953;RepartitionExec=3678240
event	1198596	release_after_refusal	PartialHashAggregateStream[0]	1	16036403	16537528	85166426	8	4	0		FinalHashAggregateStream=51429706;PartialHashAggregateStream=30058480;RepartitionExec=3678240
event	1208415	refusal	FinalHashAggregateStream[0]	1	7872717	31952751	107505397	8	4	0	33554432	FinalHashAggregateStream=61693605;PartialHashAggregateStream=30058480;RepartitionExec=15753312
event	1213273	refusal	FinalHashAggregateStream[1]	1	14116067	32989352	111540327	8	4	0	33554432	FinalHashAggregateStream=64942103;PartialHashAggregateStream=30058480;RepartitionExec=16539744
event	1232244	release_after_refusal	FinalHashAggregateStream[0]	1	31952071	680	79588256	8	4	0		FinalHashAggregateStream=32990032;PartialHashAggregateStream=30058480;RepartitionExec=16539744
event	1239043	release_after_refusal	FinalHashAggregateStream[1]	1	32988672	680	42747987	8	4	0		PartialHashAggregateStream=30058480;FinalHashAggregateStream=7176259;RepartitionExec=5513248
event	1262778	refusal	PartialHashAggregateStream[1]	1	8456008	29384778	84855143	8	4	0	33554432	PartialHashAggregateStream=58742669;FinalHashAggregateStream=19549347;RepartitionExec=6563127
event	1266919	refusal	PartialHashAggregateStream[0]	1	14216024	32570728	88067980	8	4	0	33554432	PartialHashAggregateStream=61955506;FinalHashAggregateStream=19549347;RepartitionExec=6563127
event	1271326	release_after_refusal	PartialHashAggregateStream[1]	1	15862546	13522232	72205434	8	4	0		PartialHashAggregateStream=46092960;FinalHashAggregateStream=19549347;RepartitionExec=6563127
event	1276558	release_after_refusal	PartialHashAggregateStream[0]	1	16035760	16534968	61629116	8	4	0		PartialHashAggregateStream=30057200;FinalHashAggregateStream=25792412;RepartitionExec=5779504
event	1296108	refusal	FinalHashAggregateStream[0]	1	9004020	30932862	91379857	8	4	0	33554432	FinalHashAggregateStream=60702081;PartialHashAggregateStream=25162550;RepartitionExec=5515226
event	1312711	refusal	PartialHashAggregateStream[1]	1	14225922	32734947	115487222	8	4	0	33554432	FinalHashAggregateStream=60702081;PartialHashAggregateStream=49269915;RepartitionExec=5515226
event	1319553	release_after_refusal	FinalHashAggregateStream[0]	1	30932182	680	84555040	8	4	0		PartialHashAggregateStream=49269915;FinalHashAggregateStream=29769899;RepartitionExec=5515226
event	1322196	release_after_refusal	PartialHashAggregateStream[1]	1	16183339	16551608	67508447	8	4	0		PartialHashAggregateStream=33086576;FinalHashAggregateStream=32584885;RepartitionExec=1836986
event	1329120	refusal	FinalHashAggregateStream[1]	1	13148690	33008573	78033222	8	4	0	33554432	FinalHashAggregateStream=40219830;PartialHashAggregateStream=33086576;RepartitionExec=4726816
event	1354763	release_after_refusal	FinalHashAggregateStream[1]	1	33007893	680	78238460	8	4	0		PartialHashAggregateStream=43615279;FinalHashAggregateStream=25169549;RepartitionExec=9453632
event	1357928	refusal	PartialHashAggregateStream[0]	1	8446415	29360719	78565316	8	4	0	33554432	PartialHashAggregateStream=45912327;FinalHashAggregateStream=25169549;RepartitionExec=7483440
event	1365526	release_after_refusal	PartialHashAggregateStream[0]	1	15850007	13510712	68051147	8	4	0		FinalHashAggregateStream=37988827;PartialHashAggregateStream=30062320
event	1378299	refusal	FinalHashAggregateStream[0]	1	13162253	33045863	90489717	8	4	0	33554432	FinalHashAggregateStream=60427397;PartialHashAggregateStream=30062320
event	1401697	refusal	PartialHashAggregateStream[0]	1	8446462	29363052	112512108	8	4	0	33554432	FinalHashAggregateStream=62788136;PartialHashAggregateStream=45914660;RepartitionExec=3809312
event	1404075	release_after_refusal	FinalHashAggregateStream[0]	1	33045183	680	79466925	8	4	0		PartialHashAggregateStream=45914660;FinalHashAggregateStream=29742953;RepartitionExec=3809312
event	1409630	release_after_refusal	PartialHashAggregateStream[0]	1	15852980	13510072	64273761	8	4	0		FinalHashAggregateStream=34212081;PartialHashAggregateStream=30061680
event	1418404	refusal	FinalHashAggregateStream[1]	1	14220776	32990654	93207219	8	4	0	33554432	FinalHashAggregateStream=48305619;PartialHashAggregateStream=30061680;RepartitionExec=14839920
event	1437307	refusal	FinalHashAggregateStream[0]	1	14172341	31910366	98101069	8	4	0	33554432	FinalHashAggregateStream=64901020;RepartitionExec=19425663;PartialHashAggregateStream=13774386
event	1444881	release_after_refusal	FinalHashAggregateStream[1]	1	32989974	680	78424858	8	4	0		FinalHashAggregateStream=31911046;PartialHashAggregateStream=27088149;RepartitionExec=19425663
event	1452141	refusal	PartialHashAggregateStream[1]	1	14222922	32598889	82775345	8	4	0	33554432	FinalHashAggregateStream=39024097;PartialHashAggregateStream=32599569;RepartitionExec=11151679
event	1461549	release_after_refusal	PartialHashAggregateStream[1]	1	16049841	16549048	70366676	8	4	0		FinalHashAggregateStream=51987829;PartialHashAggregateStream=16549728;RepartitionExec=1829119
event	1462127	release_after_refusal	FinalHashAggregateStream[0]	1	31909686	680	52530067	8	4	0		FinalHashAggregateStream=23911156;PartialHashAggregateStream=16549728;RepartitionExec=12069183
event	1476546	refusal	FinalHashAggregateStream[1]	1	8975475	30675904	87597037	8	4	0	33554432	FinalHashAggregateStream=43518794;PartialHashAggregateStream=41321619;RepartitionExec=2756624
event	1486323	refusal	PartialHashAggregateStream[0]	1	14215618	32572112	95396578	8	4	0	33554432	PartialHashAggregateStream=49121160;FinalHashAggregateStream=43518794;RepartitionExec=2756624
event	1495261	release_after_refusal	PartialHashAggregateStream[0]	1	16030744	16541368	79365834	8	4	0		FinalHashAggregateStream=43518794;PartialHashAggregateStream=33090416;RepartitionExec=2756624
event	1500976	release_after_refusal	FinalHashAggregateStream[1]	1	30675224	680	55420533	8	4	0		PartialHashAggregateStream=33090416;FinalHashAggregateStream=15633109;RepartitionExec=6697008
event	1524863	refusal	FinalHashAggregateStream[0]	1	14258609	30670298	87496733	8	4	0	33554432	FinalHashAggregateStream=60749452;PartialHashAggregateStream=24777089;RepartitionExec=1970192
event	1534318	refusal	PartialHashAggregateStream[0]	1	14219125	32578565	117694667	8	4	0	33554432	FinalHashAggregateStream=63997869;PartialHashAggregateStream=51726606;RepartitionExec=1970192
event	1543572	refusal	PartialHashAggregateStream[1]	1	8453538	29382207	127928833	8	4	0	33554432	FinalHashAggregateStream=63997869;PartialHashAggregateStream=61960772;RepartitionExec=1970192
event	1543680	release_after_refusal	PartialHashAggregateStream[0]	1	16037197	16541368	111891636	8	4	0		FinalHashAggregateStream=63997869;PartialHashAggregateStream=45923575;RepartitionExec=1970192
event	1548940	refusal	FinalHashAggregateStream[1]	1	9015558	33327571	119375076	8	4	0	33554432	FinalHashAggregateStream=63997869;PartialHashAggregateStream=45923575;RepartitionExec=9453632
event	1549727	release_after_refusal	FinalHashAggregateStream[0]	1	30669618	680	88705458	8	4	0		PartialHashAggregateStream=45923575;FinalHashAggregateStream=33328251;RepartitionExec=9453632
event	1552219	release_after_refusal	PartialHashAggregateStream[1]	1	15861255	13520952	70874011	8	4	0		FinalHashAggregateStream=33328251;PartialHashAggregateStream=30062320;RepartitionExec=7483440
event	1573639	release_after_refusal	FinalHashAggregateStream[1]	1	33326891	680	58822468	8	4	0		FinalHashAggregateStream=27308912;PartialHashAggregateStream=16542048;RepartitionExec=14971508
event	1596454	refusal	PartialHashAggregateStream[1]	1	14223572	32598004	105493763	8	4	0	33554432	FinalHashAggregateStream=53597767;PartialHashAggregateStream=49139372;RepartitionExec=2756624
event	1604711	refusal	FinalHashAggregateStream[0]	1	14258627	32885570	103522983	8	4	0	33554432	FinalHashAggregateStream=63705184;PartialHashAggregateStream=37071512;RepartitionExec=2746287
event	1606645	release_after_refusal	PartialHashAggregateStream[1]	1	16048956	16549048	87474027	8	4	0		FinalHashAggregateStream=63705184;PartialHashAggregateStream=21022556;RepartitionExec=2746287
event	1621770	refusal	PartialHashAggregateStream[0]	1	8448658	29367283	117094618	8	4	0	33554432	FinalHashAggregateStream=63705184;PartialHashAggregateStream=45916331;RepartitionExec=7473103
event	1629576	release_after_refusal	PartialHashAggregateStream[0]	1	15855291	13511992	101239327	8	4	0		FinalHashAggregateStream=63705184;PartialHashAggregateStream=30061040;RepartitionExec=7473103
event	1629656	release_after_refusal	FinalHashAggregateStream[0]	1	32884890	680	68354437	8	4	0		FinalHashAggregateStream=30820294;PartialHashAggregateStream=30061040;RepartitionExec=7473103
event	1636783	refusal	FinalHashAggregateStream[1]	1	14187560	31985441	73760371	8	4	0	33554432	FinalHashAggregateStream=39103587;PartialHashAggregateStream=30061040;RepartitionExec=4595744
event	1660490	release_after_refusal	FinalHashAggregateStream[1]	1	31984761	680	64239954	8	4	0		FinalHashAggregateStream=28708319;PartialHashAggregateStream=22137619;RepartitionExec=13394016
event	1675651	refusal	PartialHashAggregateStream[1]	1	8457319	29517281	88829940	8	4	0	33554432	FinalHashAggregateStream=43830475;PartialHashAggregateStream=43029273;RepartitionExec=1970192
event	1683470	release_after_refusal	PartialHashAggregateStream[1]	1	15993129	13524152	72405467	8	4	0		FinalHashAggregateStream=54940251;PartialHashAggregateStream=13524832;RepartitionExec=3940384
event	1688171	refusal	FinalHashAggregateStream[0]	1	14173994	31956227	89353530	8	4	0	33554432	FinalHashAggregateStream=61690934;PartialHashAggregateStream=22014164;RepartitionExec=5648432
event	1693118	refusal	FinalHashAggregateStream[1]	1	13113977	31831682	99613172	8	4	0	33554432	FinalHashAggregateStream=63787909;PartialHashAggregateStream=30045759;RepartitionExec=5779504
event	1705960	refusal	PartialHashAggregateStream[0]	1	14217900	32584248	115675813	8	4	0	33554432	FinalHashAggregateStream=63787909;PartialHashAggregateStream=46108400;RepartitionExec=5779504
event	1715348	release_after_refusal	FinalHashAggregateStream[0]	1	31955547	680	83720266	8	4	0		PartialHashAggregateStream=46108400;FinalHashAggregateStream=31832362;RepartitionExec=5779504
event	1715359	release_after_refusal	PartialHashAggregateStream[0]	1	16042880	16541368	65707194	8	4	0		FinalHashAggregateStream=31832362;PartialHashAggregateStream=30065520;RepartitionExec=3809312
event	1716136	release_after_refusal	FinalHashAggregateStream[1]	1	31831002	680	39389440	8	4	0		PartialHashAggregateStream=30065520;RepartitionExec=9322560;FinalHashAggregateStream=1360
event	1748459	refusal	PartialHashAggregateStream[1]	1	8456550	29519598	109645444	8	4	0	33554432	FinalHashAggregateStream=60827854;PartialHashAggregateStream=46060966;RepartitionExec=2756624
event	1751775	refusal	FinalHashAggregateStream[0]	1	13107104	32970806	112874901	8	4	0	33554432	FinalHashAggregateStream=64057311;PartialHashAggregateStream=46060966;RepartitionExec=2756624
event	1756637	release_after_refusal	PartialHashAggregateStream[1]	1	15995446	13524152	96879455	8	4	0		FinalHashAggregateStream=64057311;PartialHashAggregateStream=30065520;RepartitionExec=2756624
event	1760969	refusal	FinalHashAggregateStream[1]	1	3248264	31086505	100557695	8	4	0	33554432	FinalHashAggregateStream=64057311;PartialHashAggregateStream=30065520;RepartitionExec=6434864
event	1775514	release_after_refusal	FinalHashAggregateStream[0]	1	32970126	680	67587569	8	4	0		FinalHashAggregateStream=31087185;PartialHashAggregateStream=30065520;RepartitionExec=6434864
event	1782467	release_after_refusal	FinalHashAggregateStream[1]	1	31085825	680	25112412	8	4	0		PartialHashAggregateStream=17998491;FinalHashAggregateStream=5274801;RepartitionExec=1839120
event	1799999	refusal	PartialHashAggregateStream[0]	1	8451777	29373018	70071904	8	4	0	33554432	FinalHashAggregateStream=40698206;PartialHashAggregateStream=29373698
event	1807862	release_after_refusal	PartialHashAggregateStream[0]	1	15856546	13516472	69299318	8	4	0		FinalHashAggregateStream=41876537;PartialHashAggregateStream=27422781
event	1821316	refusal	FinalHashAggregateStream[0]	1	9007773	30714911	108556269	8	4	0	33554432	FinalHashAggregateStream=60467399;PartialHashAggregateStream=46249750;RepartitionExec=1839120
event	1822233	refusal	PartialHashAggregateStream[1]	1	14225605	32733278	108556269	8	4	0	33554432	FinalHashAggregateStream=60467399;PartialHashAggregateStream=46249750;RepartitionExec=1839120
event	1832295	release_after_refusal	PartialHashAggregateStream[1]	1	16181670	16551608	92374599	8	4	0		FinalHashAggregateStream=60467399;PartialHashAggregateStream=30068080;RepartitionExec=1839120
event	1841292	refusal	FinalHashAggregateStream[1]	1	14258834	33000698	109405929	8	4	0	33554432	FinalHashAggregateStream=63715609;PartialHashAggregateStream=30068080;RepartitionExec=15622240
event	1846014	release_after_refusal	FinalHashAggregateStream[0]	1	30714231	680	78691698	8	4	0		FinalHashAggregateStream=33001378;PartialHashAggregateStream=30068080;RepartitionExec=15622240
event	1866484	release_after_refusal	FinalHashAggregateStream[1]	1	33000018	680	49070400	8	4	0		PartialHashAggregateStream=30319230;FinalHashAggregateStream=14024354;RepartitionExec=4726816
event	1877685	refusal	PartialHashAggregateStream[0]	1	8451801	29375718	62059627	8	4	0	33554432	FinalHashAggregateStream=32683229;PartialHashAggregateStream=29376398
event	1885500	release_after_refusal	PartialHashAggregateStream[0]	1	15857966	13517752	61174206	8	4	0		FinalHashAggregateStream=39162532;PartialHashAggregateStream=22011674
event	1899838	refusal	FinalHashAggregateStream[0]	1	9015828	30867814	101070026	8	4	0	33554432	FinalHashAggregateStream=58036570;PartialHashAggregateStream=43033456
event	1901787	refusal	PartialHashAggregateStream[1]	1	8454974	29515704	101070026	8	4	0	33554432	FinalHashAggregateStream=58036570;PartialHashAggregateStream=43033456
event	1909812	release_after_refusal	PartialHashAggregateStream[1]	1	15993472	13522232	85076554	8	4	0		FinalHashAggregateStream=58036570;PartialHashAggregateStream=27039984
event	1920994	refusal	FinalHashAggregateStream[1]	1	13108490	32744690	100372376	8	4	0	33554432	FinalHashAggregateStream=63612504;PartialHashAggregateStream=27039984;RepartitionExec=9719888
event	1923870	release_after_refusal	FinalHashAggregateStream[0]	1	30867134	680	69505242	8	4	0		FinalHashAggregateStream=32745370;PartialHashAggregateStream=27039984;RepartitionExec=9719888
event	1945061	release_after_refusal	FinalHashAggregateStream[1]	1	32744010	680	42767444	8	4	0		FinalHashAggregateStream=23890604;PartialHashAggregateStream=12966264;RepartitionExec=5910576
event	1964402	refusal	PartialHashAggregateStream[0]	1	8448144	29368716	99997816	8	4	0	33554432	PartialHashAggregateStream=62101872;FinalHashAggregateStream=37895944
event	1964755	refusal	PartialHashAggregateStream[1]	1	14224660	32733156	99997816	8	4	0	33554432	PartialHashAggregateStream=62101872;FinalHashAggregateStream=37895944
event	1972582	release_after_refusal	PartialHashAggregateStream[0]	1	15856084	13512632	84141732	8	4	0		PartialHashAggregateStream=46245788;FinalHashAggregateStream=37895944
event	1974753	release_after_refusal	PartialHashAggregateStream[1]	1	16184108	16549048	67957624	8	4	0		FinalHashAggregateStream=37895944;PartialHashAggregateStream=30061680
event	1990151	refusal	FinalHashAggregateStream[0]	1	14258627	31800149	101889501	8	4	0	33554432	FinalHashAggregateStream=60403997;PartialHashAggregateStream=30061680;RepartitionExec=11423824
event	1994692	refusal	FinalHashAggregateStream[1]	1	14256845	30693353	102008814	8	4	0	33554432	FinalHashAggregateStream=62493502;PartialHashAggregateStream=30061680;RepartitionExec=9453632
event	2015775	release_after_refusal	FinalHashAggregateStream[0]	1	31799469	680	70209345	8	4	0		FinalHashAggregateStream=30694033;PartialHashAggregateStream=30061680;RepartitionExec=9453632
event	2022957	release_after_refusal	FinalHashAggregateStream[1]	1	30692673	680	28263073	8	4	0		PartialHashAggregateStream=13513312;RepartitionExec=10107194;FinalHashAggregateStream=4642567
event	2051854	refusal	PartialHashAggregateStream[1]	1	14223348	32600976	97033934	8	4	0	33554432	PartialHashAggregateStream=57380111;FinalHashAggregateStream=39653823
event	2062758	release_after_refusal	PartialHashAggregateStream[1]	1	16051288	16549688	88786043	8	4	0		PartialHashAggregateStream=49132220;FinalHashAggregateStream=39653823
event	2063574	refusal	PartialHashAggregateStream[0]	1	14218580	32582532	88786043	8	4	0	33554432	PartialHashAggregateStream=49132220;FinalHashAggregateStream=39653823
event	2076135	release_after_refusal	PartialHashAggregateStream[0]	1	16041804	16540728	92853749	8	4	0		FinalHashAggregateStream=57006709;PartialHashAggregateStream=33090416;RepartitionExec=2756624
event	2080061	refusal	FinalHashAggregateStream[0]	1	14258384	31718201	97542271	8	4	0	33554432	FinalHashAggregateStream=60511471;PartialHashAggregateStream=33090416;RepartitionExec=3940384
event	2088586	refusal	FinalHashAggregateStream[1]	1	14397922	32041831	98820640	8	4	0	33554432	FinalHashAggregateStream=63760032;PartialHashAggregateStream=33090416;RepartitionExec=1970192
event	2116061	release_after_refusal	FinalHashAggregateStream[0]	1	31717521	680	67103119	8	4	0		PartialHashAggregateStream=33090416;FinalHashAggregateStream=32042511;RepartitionExec=1970192
event	2116094	release_after_refusal	FinalHashAggregateStream[1]	1	32041151	680	33091776	8	4	0		PartialHashAggregateStream=33090416;FinalHashAggregateStream=1360
event	2140347	refusal	PartialHashAggregateStream[1]	1	14223834	32599617	93543096	8	4	0	33554432	PartialHashAggregateStream=51745624;FinalHashAggregateStream=41797472
event	2149507	refusal	PartialHashAggregateStream[0]	1	8452839	29379881	103776970	8	4	0	33554432	PartialHashAggregateStream=61979498;FinalHashAggregateStream=41797472
event	2150032	release_after_refusal	PartialHashAggregateStream[1]	1	16051209	16548408	87725761	8	4	0		PartialHashAggregateStream=45928289;FinalHashAggregateStream=41797472
event	2157776	release_after_refusal	PartialHashAggregateStream[0]	1	15860849	13519032	85323018	8	4	0		FinalHashAggregateStream=51315194;PartialHashAggregateStream=30067440;RepartitionExec=3940384
event	2169503	refusal	FinalHashAggregateStream[0]	1	14230637	31737617	108031048	8	4	0	33554432	FinalHashAggregateStream=63779048;PartialHashAggregateStream=30067440;RepartitionExec=14184560
event	2171042	refusal	FinalHashAggregateStream[1]	1	14369664	32041431	108031048	8	4	0	33554432	FinalHashAggregateStream=63779048;PartialHashAggregateStream=30067440;RepartitionExec=14184560
event	2193501	release_after_refusal	FinalHashAggregateStream[0]	1	31736937	680	76294111	8	4	0		FinalHashAggregateStream=32042111;PartialHashAggregateStream=30067440;RepartitionExec=14184560
event	2195748	release_after_refusal	FinalHashAggregateStream[1]	1	32040751	680	43388721	8	4	0		PartialHashAggregateStream=30067440;RepartitionExec=10506320;FinalHashAggregateStream=2814961
event	2238076	refusal	PartialHashAggregateStream[0]	1	14221036	32588881	109423367	8	4	0	33554432	PartialHashAggregateStream=65322786;FinalHashAggregateStream=42130389;RepartitionExec=1970192
event	2238504	refusal	PartialHashAggregateStream[1]	1	14224481	32733905	109423367	8	4	0	33554432	PartialHashAggregateStream=65322786;FinalHashAggregateStream=42130389;RepartitionExec=1970192
event	2248558	release_after_refusal	PartialHashAggregateStream[0]	1	16043673	16545208	93379694	8	4	0		PartialHashAggregateStream=49279113;FinalHashAggregateStream=42130389;RepartitionExec=1970192
event	2248629	release_after_refusal	PartialHashAggregateStream[1]	1	16184217	16549688	77195477	8	4	0		FinalHashAggregateStream=42130389;PartialHashAggregateStream=33094896;RepartitionExec=1970192
event	2261758	refusal	FinalHashAggregateStream[0]	1	14300793	31876029	101235813	8	4	0	33554432	FinalHashAggregateStream=60657477;PartialHashAggregateStream=33094896;RepartitionExec=7483440
event	2267739	refusal	FinalHashAggregateStream[1]	1	13047731	32010584	106435141	8	4	0	33554432	FinalHashAggregateStream=63886613;PartialHashAggregateStream=33094896;RepartitionExec=9453632
event	2286256	release_after_refusal	FinalHashAggregateStream[0]	1	31875349	680	74559792	8	4	0		PartialHashAggregateStream=33094896;FinalHashAggregateStream=32011264;RepartitionExec=9453632
event	2291785	release_after_refusal	FinalHashAggregateStream[1]	1	32009904	680	47190654	8	4	0		PartialHashAggregateStream=33094896;RepartitionExec=9453632;FinalHashAggregateStream=4642126
event	2325078	refusal	PartialHashAggregateStream[0]	1	8452984	29376629	106515932	8	4	0	33554432	PartialHashAggregateStream=54163964;FinalHashAggregateStream=52351968
event	2330732	refusal	PartialHashAggregateStream[1]	1	8455377	29381802	111110399	8	4	0	33554432	PartialHashAggregateStream=58758431;FinalHashAggregateStream=52351968
event	2333131	release_after_refusal	PartialHashAggregateStream[0]	1	15858237	13518392	95252162	8	4	0		FinalHashAggregateStream=52351968;PartialHashAggregateStream=42900194
event	2338515	release_after_refusal	PartialHashAggregateStream[1]	1	15860850	13520952	88631374	8	4	0		FinalHashAggregateStream=59752910;PartialHashAggregateStream=27039344;RepartitionExec=1839120
event	2344480	refusal	FinalHashAggregateStream[1]	1	2104544	32350082	96050364	8	4	0	33554432	FinalHashAggregateStream=65332780;PartialHashAggregateStream=27039344;RepartitionExec=3678240
event	2345533	refusal	FinalHashAggregateStream[0]	1	14228570	32982698	96050364	8	4	0	33554432	FinalHashAggregateStream=65332780;PartialHashAggregateStream=27039344;RepartitionExec=3678240
event	2365653	release_after_refusal	FinalHashAggregateStream[1]	1	32349402	680	63700962	8	4	0		FinalHashAggregateStream=32983378;PartialHashAggregateStream=27039344;RepartitionExec=3678240
event	2372382	release_after_refusal	FinalHashAggregateStream[0]	1	32982018	680	41641020	8	4	0		PartialHashAggregateStream=27039344;RepartitionExec=7618624;FinalHashAggregateStream=6983052
event	2403382	refusal	PartialHashAggregateStream[1]	1	14223938	32602361	105662163	8	4	0	33554432	PartialHashAggregateStream=57382780;FinalHashAggregateStream=46440263;RepartitionExec=1839120
event	2409436	refusal	PartialHashAggregateStream[0]	1	8451143	29374486	110256230	8	4	0	33554432	PartialHashAggregateStream=61976847;FinalHashAggregateStream=46440263;RepartitionExec=1839120
event	2413190	release_after_refusal	PartialHashAggregateStream[1]	1	16053313	16549048	94202917	8	4	0		FinalHashAggregateStream=46440263;PartialHashAggregateStream=45923534;RepartitionExec=1839120
event	2417435	release_after_refusal	PartialHashAggregateStream[0]	1	15858014	13516472	85369596	8	4	0		FinalHashAggregateStream=48738140;PartialHashAggregateStream=30065520;RepartitionExec=6565936
event	2426955	refusal	FinalHashAggregateStream[0]	1	3248705	32336464	109031841	8	4	0	33554432	FinalHashAggregateStream=65704273;PartialHashAggregateStream=30065520;RepartitionExec=13262048
event	2429671	refusal	FinalHashAggregateStream[1]	1	9015558	33367809	109031841	8	4	0	33554432	FinalHashAggregateStream=65704273;PartialHashAggregateStream=30065520;RepartitionExec=13262048
event	2449472	release_after_refusal	FinalHashAggregateStream[0]	1	32335784	680	76696057	8	4	0		FinalHashAggregateStream=33368489;PartialHashAggregateStream=30065520;RepartitionExec=13262048
event	2452916	release_after_refusal	FinalHashAggregateStream[1]	1	33367129	680	45168048	8	4	0		PartialHashAggregateStream=30065520;RepartitionExec=15101168;FinalHashAggregateStream=1360
event	2487051	refusal	PartialHashAggregateStream[1]	1	8456478	29387487	112486661	8	4	0	33554432	PartialHashAggregateStream=58760067;FinalHashAggregateStream=53726594
event	2488674	refusal	PartialHashAggregateStream[0]	1	8451296	29372580	112486661	8	4	0	33554432	PartialHashAggregateStream=58760067;FinalHashAggregateStream=53726594
event	2495033	release_after_refusal	PartialHashAggregateStream[1]	1	15863335	13524152	96623326	8	4	0		FinalHashAggregateStream=53726594;PartialHashAggregateStream=42896732
event	2496591	release_after_refusal	PartialHashAggregateStream[0]	1	15856108	13516472	82606338	8	4	0		FinalHashAggregateStream=53726594;PartialHashAggregateStream=27040624;RepartitionExec=1839120
event	2503455	refusal	FinalHashAggregateStream[1]	1	9002277	30728521	91163249	8	4	0	33554432	FinalHashAggregateStream=60444385;PartialHashAggregateStream=27040624;RepartitionExec=3678240
event	2508360	refusal	FinalHashAggregateStream[0]	1	13099637	32949704	98468545	8	4	0	33554432	FinalHashAggregateStream=63678225;PartialHashAggregateStream=27040624;RepartitionExec=7749696
event	2527883	release_after_refusal	FinalHashAggregateStream[1]	1	30727841	680	67740704	8	4	0		FinalHashAggregateStream=32950384;PartialHashAggregateStream=27040624;RepartitionExec=7749696
event	2533247	release_after_refusal	FinalHashAggregateStream[0]	1	32949024	680	33805125	8	4	0		PartialHashAggregateStream=27040624;RepartitionExec=3940384;FinalHashAggregateStream=2824117
event	2558370	refusal	PartialHashAggregateStream[0]	1	8453448	29378233	79478895	8	4	0	33554432	FinalHashAggregateStream=50099982;PartialHashAggregateStream=29378913
event	2566486	release_after_refusal	PartialHashAggregateStream[0]	1	15859201	13519032	83804233	8	4	0		FinalHashAggregateStream=56379158;PartialHashAggregateStream=27425075
event	2572822	refusal	FinalHashAggregateStream[1]	1	1180326	33347269	106811187	8	4	0	33554432	FinalHashAggregateStream=61904089;PartialHashAggregateStream=39389738;RepartitionExec=5517360
event	2583748	refusal	PartialHashAggregateStream[1]	1	14224355	31385011	113777231	8	4	0	33554432	FinalHashAggregateStream=66278943;PartialHashAggregateStream=39879664;RepartitionExec=7618624
event	2593039	release_after_refusal	PartialHashAggregateStream[1]	1	14834555	16550456	117536762	8	4	0		FinalHashAggregateStream=66278943;PartialHashAggregateStream=43639195;RepartitionExec=7618624
event	2595780	release_after_refusal	FinalHashAggregateStream[1]	1	33346589	680	88457377	8	4	0		PartialHashAggregateStream=45936207;FinalHashAggregateStream=32932354;RepartitionExec=9588816
event	2600332	refusal	PartialHashAggregateStream[0]	1	14223967	32600674	91325412	8	4	0	33554432	PartialHashAggregateStream=49151130;FinalHashAggregateStream=38233898;RepartitionExec=3940384
event	2609896	release_after_refusal	PartialHashAggregateStream[0]	1	16052266	16548408	87672264	8	4	0		FinalHashAggregateStream=48662824;PartialHashAggregateStream=33098864;RepartitionExec=5910576
event	2614845	refusal	FinalHashAggregateStream[0]	1	14259023	32931674	92972718	8	4	0	33554432	FinalHashAggregateStream=53176846;PartialHashAggregateStream=33098864;RepartitionExec=6697008
event	2641292	release_after_refusal	FinalHashAggregateStream[0]	1	32930994	680	86273709	8	4	0		PartialHashAggregateStream=43635505;FinalHashAggregateStream=32000812;RepartitionExec=10637392
event	2647470	refusal	PartialHashAggregateStream[1]	1	14222898	32599158	92486161	8	4	0	33554432	PartialHashAggregateStream=49147566;FinalHashAggregateStream=36641587;RepartitionExec=6697008
event	2656841	release_after_refusal	PartialHashAggregateStream[1]	1	16051390	16547768	80262686	8	4	0		FinalHashAggregateStream=47166510;PartialHashAggregateStream=33096176
event	2660584	refusal	FinalHashAggregateStream[1]	1	13698482	32000132	94529546	8	4	0	33554432	FinalHashAggregateStream=55920122;PartialHashAggregateStream=33096176;RepartitionExec=5513248
event	2673940	refusal	FinalHashAggregateStream[0]	1	14258492	31124009	105673949	8	4	0	33554432	FinalHashAggregateStream=63124141;PartialHashAggregateStream=33096176;RepartitionExec=9453632
event	2684060	release_after_refusal	FinalHashAggregateStream[1]	1	31999452	680	73674497	8	4	0		PartialHashAggregateStream=33096176;FinalHashAggregateStream=31124689;RepartitionExec=9453632
event	2696120	release_after_refusal	FinalHashAggregateStream[0]	1	31123329	680	53213761	8	4	0		PartialHashAggregateStream=33096176;FinalHashAggregateStream=14207905;RepartitionExec=5909680
event	2731581	refusal	PartialHashAggregateStream[1]	1	14224160	32733830	117379558	8	4	0	33554432	PartialHashAggregateStream=57523107;FinalHashAggregateStream=57102409;RepartitionExec=2754042
event	2739431	refusal	PartialHashAggregateStream[0]	1	14223165	32599928	125190209	8	4	0	33554432	PartialHashAggregateStream=65333758;FinalHashAggregateStream=57102409;RepartitionExec=2754042
event	2741358	release_after_refusal	PartialHashAggregateStream[1]	1	16183502	16550328	109006707	8	4	0		FinalHashAggregateStream=57102409;PartialHashAggregateStream=49150256;RepartitionExec=2754042
event	2746487	refusal	FinalHashAggregateStream[1]	1	14227300	32000575	114519955	8	4	0	33554432	FinalHashAggregateStream=57102409;PartialHashAggregateStream=49150256;RepartitionExec=8267290
event	2748995	release_after_refusal	PartialHashAggregateStream[0]	1	16050880	16549048	98469075	8	4	0		FinalHashAggregateStream=57102409;PartialHashAggregateStream=33099376;RepartitionExec=8267290
event	2763629	refusal	FinalHashAggregateStream[0]	1	13112180	33000728	115037751	8	4	0	33554432	FinalHashAggregateStream=65001303;PartialHashAggregateStream=33099376;RepartitionExec=16937072
event	2770601	release_after_refusal	FinalHashAggregateStream[1]	1	31999895	680	83037856	8	4	0		PartialHashAggregateStream=33099376;FinalHashAggregateStream=33001408;RepartitionExec=16937072
event	2786476	release_after_refusal	FinalHashAggregateStream[0]	1	33000048	680	50154266	8	4	0		FinalHashAggregateStream=20210138;PartialHashAggregateStream=16551008;RepartitionExec=13393120
event	2809485	refusal	PartialHashAggregateStream[0]	1	14223608	32596373	107336840	8	4	0	33554432	FinalHashAggregateStream=58210369;PartialHashAggregateStream=49126471
event	2819288	release_after_refusal	PartialHashAggregateStream[0]	1	16047325	16549048	107361145	8	4	0		FinalHashAggregateStream=58210369;PartialHashAggregateStream=49150776
event	2820210	refusal	PartialHashAggregateStream[1]	1	14223987	32601728	107361145	8	4	0	33554432	FinalHashAggregateStream=58210369;PartialHashAggregateStream=49150776
event	2824193	refusal	FinalHashAggregateStream[1]	1	14378983	31973101	109692085	8	4	0	33554432	FinalHashAggregateStream=60541309;PartialHashAggregateStream=49150776
event	2830279	release_after_refusal	PartialHashAggregateStream[1]	1	16051400	16550328	93640685	8	4	0		FinalHashAggregateStream=60541309;PartialHashAggregateStream=33099376
event	2839785	refusal	FinalHashAggregateStream[0]	1	13095299	32995016	104764501	8	4	0	33554432	FinalHashAggregateStream=64968117;PartialHashAggregateStream=33099376;RepartitionExec=6697008
event	2851288	release_after_refusal	FinalHashAggregateStream[1]	1	31972421	680	72792080	8	4	0		PartialHashAggregateStream=33099376;FinalHashAggregateStream=32995696;RepartitionExec=6697008
event	2864307	release_after_refusal	FinalHashAggregateStream[0]	1	32994336	680	59520252	8	4	0		PartialHashAggregateStream=33099376;FinalHashAggregateStream=14210620;RepartitionExec=12210256
event	2895168	refusal	PartialHashAggregateStream[0]	1	14224054	32729596	116992995	8	4	0	33554432	FinalHashAggregateStream=52775289;PartialHashAggregateStream=49257452;RepartitionExec=14960254
event	2904688	release_after_refusal	PartialHashAggregateStream[0]	1	16177988	16551608	116884425	8	4	0		FinalHashAggregateStream=52775289;PartialHashAggregateStream=49148882;RepartitionExec=14960254
event	2907393	refusal	PartialHashAggregateStream[1]	1	14223467	32597274	116089849	8	4	0	33554432	FinalHashAggregateStream=53946861;PartialHashAggregateStream=49148882;RepartitionExec=12994106
event	2916692	release_after_refusal	PartialHashAggregateStream[1]	1	16049506	16547768	98796371	8	4	0		FinalHashAggregateStream=57429705;PartialHashAggregateStream=33099376;RepartitionExec=8267290
event	2916760	refusal	FinalHashAggregateStream[1]	1	8457810	29909945	98796371	8	4	0	33554432	FinalHashAggregateStream=57429705;PartialHashAggregateStream=33099376;RepartitionExec=8267290
event	2925221	refusal	FinalHashAggregateStream[0]	1	8339414	29850943	111367618	8	4	0	33554432	FinalHashAggregateStream=59760888;PartialHashAggregateStream=33099376;RepartitionExec=18507354
event	2937634	release_after_refusal	FinalHashAggregateStream[1]	1	29909265	680	81458353	8	4	0		PartialHashAggregateStream=33099376;FinalHashAggregateStream=29851623;RepartitionExec=18507354
event	2947896	release_after_refusal	FinalHashAggregateStream[0]	1	29850263	680	53394899	8	4	0		PartialHashAggregateStream=33099376;FinalHashAggregateStream=12812083;RepartitionExec=7483440
event	2968548	refusal	FinalHashAggregateStream[1]	1	7853694	31998836	108491932	8	4	0	33554432	FinalHashAggregateStream=54614255;PartialHashAggregateStream=43637613;RepartitionExec=10240064
event	2975919	refusal	PartialHashAggregateStream[1]	1	14224041	32597848	112572922	8	4	0	33554432	FinalHashAggregateStream=63212977;PartialHashAggregateStream=41090073;RepartitionExec=8269872
event	2985463	release_after_refusal	PartialHashAggregateStream[1]	1	16049440	16548408	115113856	8	4	0		FinalHashAggregateStream=63212977;PartialHashAggregateStream=43631007;RepartitionExec=8269872
event	2989957	refusal	FinalHashAggregateStream[0]	1	3248426	31214141	119380894	8	4	0	33554432	FinalHashAggregateStream=63212977;PartialHashAggregateStream=45927853;RepartitionExec=10240064
event	2990062	refusal	PartialHashAggregateStream[0]	1	8452929	29379445	119380894	8	4	0	33554432	FinalHashAggregateStream=63212977;PartialHashAggregateStream=45927853;RepartitionExec=10240064
event	2992059	release_after_refusal	FinalHashAggregateStream[1]	1	31998156	680	87382738	8	4	0		PartialHashAggregateStream=45927853;FinalHashAggregateStream=31214821;RepartitionExec=10240064
event	2998399	release_after_refusal	PartialHashAggregateStream[0]	1	15860413	13519032	70351472	8	4	0		FinalHashAggregateStream=38313840;PartialHashAggregateStream=30067440;RepartitionExec=1970192
event	3012571	release_after_refusal	FinalHashAggregateStream[0]	1	31213461	680	57355562	8	4	0		FinalHashAggregateStream=23992250;RepartitionExec=16814224;PartialHashAggregateStream=16549088
event	3048142	refusal	PartialHashAggregateStream[0]	1	14222277	32595791	102538133	8	4	0	33554432	FinalHashAggregateStream=53393934;PartialHashAggregateStream=49144199
event	3055201	refusal	FinalHashAggregateStream[1]	1	14304707	31849496	107129623	8	4	0	33554432	FinalHashAggregateStream=57985424;PartialHashAggregateStream=49144199
event	3059437	release_after_refusal	PartialHashAggregateStream[0]	1	16048663	16547128	92266968	8	4	0		FinalHashAggregateStream=59171432;PartialHashAggregateStream=33095536
event	3068817	refusal	FinalHashAggregateStream[0]	1	8334543	29784101	99455949	8	4	0	33554432	FinalHashAggregateStream=61633597;PartialHashAggregateStream=33095536;RepartitionExec=4726816
event	3081066	release_after_refusal	FinalHashAggregateStream[1]	1	31848816	680	67607133	8	4	0		PartialHashAggregateStream=33095536;FinalHashAggregateStream=29784781;RepartitionExec=4726816
event	3091416	release_after_refusal	FinalHashAggregateStream[0]	1	29783421	680	29968541	8	4	0		PartialHashAggregateStream=16547808;FinalHashAggregateStream=8693917;RepartitionExec=4726816
event	3118097	refusal	PartialHashAggregateStream[1]	1	14224426	32734390	90383440	8	4	0	33554432	PartialHashAggregateStream=46504500;FinalHashAggregateStream=41908748;RepartitionExec=1970192
event	3127814	release_after_refusal	PartialHashAggregateStream[1]	1	16183422	16550968	89806569	8	4	0		PartialHashAggregateStream=45927629;FinalHashAggregateStream=41908748;RepartitionExec=1970192
event	3132586	refusal	PartialHashAggregateStream[0]	1	14220919	32589156	103982959	8	4	0	33554432	PartialHashAggregateStream=49140124;FinalHashAggregateStream=44205443;RepartitionExec=10637392
event	3142431	refusal	FinalHashAggregateStream[1]	1	14258492	32984039	119437301	8	4	0	33554432	PartialHashAggregateStream=49140124;FinalHashAggregateStream=48633289;RepartitionExec=21663888
event	3142849	release_after_refusal	PartialHashAggregateStream[0]	1	16043948	16545208	103393353	8	4	0		FinalHashAggregateStream=48633289;PartialHashAggregateStream=33096176;RepartitionExec=21663888
event	3163183	refusal	FinalHashAggregateStream[0]	1	13101152	32987318	91184445	8	4	0	33554432	FinalHashAggregateStream=65971357;PartialHashAggregateStream=16545888;RepartitionExec=8667200
event	3168223	release_after_refusal	FinalHashAggregateStream[1]	1	32983359	680	66695329	8	4	0		FinalHashAggregateStream=32987998;PartialHashAggregateStream=25040131;RepartitionExec=8667200
event	3184456	refusal	PartialHashAggregateStream[1]	1	14224068	32599905	93230540	8	4	0	33554432	PartialHashAggregateStream=49145113;FinalHashAggregateStream=40145043;RepartitionExec=3940384
event	3187816	release_after_refusal	FinalHashAggregateStream[0]	1	32986638	680	60243902	8	4	0		PartialHashAggregateStream=49145113;FinalHashAggregateStream=7158405;RepartitionExec=3940384
event	3195152	release_after_refusal	PartialHashAggregateStream[1]	1	16051497	16548408	51590065	8	4	0		PartialHashAggregateStream=33093616;FinalHashAggregateStream=11799441;RepartitionExec=6697008
event	3217720	refusal	FinalHashAggregateStream[1]	1	8466571	29911671	102278071	8	4	0	33554432	FinalHashAggregateStream=61718978;PartialHashAggregateStream=30319925;RepartitionExec=10239168
event	3222483	refusal	FinalHashAggregateStream[0]	1	14258555	31807307	101468994	8	4	0	33554432	FinalHashAggregateStream=61718978;PartialHashAggregateStream=24786729;RepartitionExec=14963287
event	3230533	refusal	PartialHashAggregateStream[0]	1	8454367	29379682	106062627	8	4	0	33554432	FinalHashAggregateStream=61718978;PartialHashAggregateStream=29380362;RepartitionExec=14963287
event	3238685	release_after_refusal	PartialHashAggregateStream[0]	1	15859370	13520312	90203257	8	4	0		FinalHashAggregateStream=61718978;RepartitionExec=14963287;PartialHashAggregateStream=13520992
event	3240824	release_after_refusal	FinalHashAggregateStream[1]	1	29910991	680	62262458	8	4	0		FinalHashAggregateStream=31807987;RepartitionExec=16933479;PartialHashAggregateStream=13520992
event	3247376	release_after_refusal	FinalHashAggregateStream[0]	1	31806627	680	29385955	8	4	0		PartialHashAggregateStream=13520992;RepartitionExec=8664503;FinalHashAggregateStream=7200460
event	3270670	refusal	PartialHashAggregateStream[1]	1	14224672	32601046	104177946	8	4	0	33554432	FinalHashAggregateStream=55048722;PartialHashAggregateStream=49129224
event	3281000	release_after_refusal	PartialHashAggregateStream[1]	1	16051358	16549688	104195404	8	4	0		FinalHashAggregateStream=55048722;PartialHashAggregateStream=49146682
event	3281793	refusal	PartialHashAggregateStream[0]	1	14223740	32596994	106952028	8	4	0	33554432	FinalHashAggregateStream=55048722;PartialHashAggregateStream=49146682;RepartitionExec=2756624
event	3289804	refusal	FinalHashAggregateStream[1]	1	13125717	33014850	109746864	8	4	0	33554432	FinalHashAggregateStream=60600182;PartialHashAggregateStream=49146682
event	3291917	release_after_refusal	PartialHashAggregateStream[0]	1	16048586	16548408	93698278	8	4	0		FinalHashAggregateStream=60600182;PartialHashAggregateStream=33098096
event	3301082	refusal	FinalHashAggregateStream[0]	1	14212105	30833992	109157194	8	4	0	33554432	FinalHashAggregateStream=63848842;PartialHashAggregateStream=33098096;RepartitionExec=12210256
event	3315325	release_after_refusal	FinalHashAggregateStream[1]	1	33014170	680	76143024	8	4	0		PartialHashAggregateStream=33098096;FinalHashAggregateStream=30834672;RepartitionExec=12210256
event	3323909	release_after_refusal	FinalHashAggregateStream[0]	1	30833312	680	46892681	8	4	0		PartialHashAggregateStream=33098096;FinalHashAggregateStream=7097577;RepartitionExec=6697008
event	3350997	refusal	PartialHashAggregateStream[0]	1	14222833	32595682	108419960	8	4	0	33554432	FinalHashAggregateStream=59294933;PartialHashAggregateStream=49125027
event	3360696	release_after_refusal	PartialHashAggregateStream[0]	1	16047914	16547768	108443873	8	4	0		FinalHashAggregateStream=59294933;PartialHashAggregateStream=49148940
event	3362305	refusal	PartialHashAggregateStream[1]	1	14355845	32601172	111200497	8	4	0	33554432	FinalHashAggregateStream=59294933;PartialHashAggregateStream=49148940;RepartitionExec=2756624
event	3363742	refusal	FinalHashAggregateStream[1]	1	7875873	31906778	111200497	8	4	0	33554432	FinalHashAggregateStream=59294933;PartialHashAggregateStream=49148940;RepartitionExec=2756624
event	3371802	release_after_refusal	PartialHashAggregateStream[1]	1	16051484	16549688	97480268	8	4	0		FinalHashAggregateStream=61626188;PartialHashAggregateStream=33097456;RepartitionExec=2756624
event	3378803	refusal	FinalHashAggregateStream[0]	1	13112126	32895884	103413366	8	4	0	33554432	FinalHashAggregateStream=64802662;PartialHashAggregateStream=33097456;RepartitionExec=5513248
event	3388432	release_after_refusal	FinalHashAggregateStream[1]	1	31906098	680	71507268	8	4	0		PartialHashAggregateStream=33097456;FinalHashAggregateStream=32896564;RepartitionExec=5513248
event	3403002	release_after_refusal	FinalHashAggregateStream[0]	1	32895204	680	56120310	8	4	0		PartialHashAggregateStream=33097456;FinalHashAggregateStream=15539414;RepartitionExec=7483440
event	3427210	refusal	FinalHashAggregateStream[1]	1	7862415	31893032	90405928	8	4	0	33554432	FinalHashAggregateStream=58267941;PartialHashAggregateStream=29383609;RepartitionExec=2754378
event	3433288	refusal	PartialHashAggregateStream[0]	1	14222178	32597634	100428001	8	4	0	33554432	FinalHashAggregateStream=60599187;PartialHashAggregateStream=37074436;RepartitionExec=2754378
event	3443477	release_after_refusal	PartialHashAggregateStream[0]	1	16050506	16547128	104692712	8	4	0		FinalHashAggregateStream=60599187;PartialHashAggregateStream=41339147;RepartitionExec=2754378
event	3450559	refusal	FinalHashAggregateStream[0]	1	6339618	31893636	124816934	8	4	0	33554432	FinalHashAggregateStream=63786668;PartialHashAggregateStream=46065632;RepartitionExec=14964634
event	3450866	refusal	PartialHashAggregateStream[1]	1	8457091	29518504	124816934	8	4	0	33554432	FinalHashAggregateStream=63786668;PartialHashAggregateStream=46065632;RepartitionExec=14964634
event	3452770	release_after_refusal	FinalHashAggregateStream[1]	1	31892352	680	92924582	8	4	0		PartialHashAggregateStream=46065632;FinalHashAggregateStream=31894316;RepartitionExec=14964634
event	3459360	release_after_refusal	PartialHashAggregateStream[1]	1	15994992	13523512	76300164	8	4	0		FinalHashAggregateStream=38746084;PartialHashAggregateStream=30070640;RepartitionExec=7483440
event	3474053	release_after_refusal	FinalHashAggregateStream[0]	1	31892956	680	57322991	8	4	0		FinalHashAggregateStream=23844011;RepartitionExec=19954788;PartialHashAggregateStream=13524192
event	3481545	refusal	FinalHashAggregateStream[1]	1	3248651	31259612	80135120	8	4	0	33554432	FinalHashAggregateStream=35901706;PartialHashAggregateStream=27293126;RepartitionExec=16940288
event	3492307	refusal	PartialHashAggregateStream[0]	1	8453533	29377674	103725656	8	4	0	33554432	FinalHashAggregateStream=55176038;PartialHashAggregateStream=42901186;RepartitionExec=5648432
event	3500567	release_after_refusal	PartialHashAggregateStream[0]	1	15859282	13518392	82324869	8	4	0		FinalHashAggregateStream=58681724;PartialHashAggregateStream=18126908;RepartitionExec=5516237
event	3502198	release_after_refusal	FinalHashAggregateStream[1]	1	31258932	680	59044769	8	4	0		FinalHashAggregateStream=29753192;PartialHashAggregateStream=18126908;RepartitionExec=11164669
event	3507815	refusal	FinalHashAggregateStream[0]	1	13094039	32935304	76242336	8	4	0	33554432	FinalHashAggregateStream=38312986;PartialHashAggregateStream=30180550;RepartitionExec=7748800
event	3521549	refusal	PartialHashAggregateStream[1]	1	14225016	32733721	101976776	8	4	0	33554432	FinalHashAggregateStream=53132181;PartialHashAggregateStream=41226867;RepartitionExec=7617728
event	3531592	release_after_refusal	PartialHashAggregateStream[1]	1	16182113	16551608	109364151	8	4	0		FinalHashAggregateStream=58110729;PartialHashAggregateStream=43635694;RepartitionExec=7617728
event	3532825	release_after_refusal	FinalHashAggregateStream[0]	1	32934624	680	83453717	8	4	0		PartialHashAggregateStream=45933068;FinalHashAggregateStream=25176105;RepartitionExec=12344544
event	3535638	refusal	PartialHashAggregateStream[0]	1	8454678	29381460	81483525	8	4	0	33554432	PartialHashAggregateStream=45933068;FinalHashAggregateStream=25176105;RepartitionExec=10374352
event	3543858	release_after_refusal	PartialHashAggregateStream[0]	1	15860508	13520952	84281195	8	4	0		FinalHashAggregateStream=44755003;PartialHashAggregateStream=30072560;RepartitionExec=9453632
event	3544330	refusal	FinalHashAggregateStream[1]	1	7871607	31870176	86120315	8	4	0	33554432	FinalHashAggregateStream=44755003;PartialHashAggregateStream=30072560;RepartitionExec=11292752
event	3566384	refusal	FinalHashAggregateStream[0]	1	14256707	31879820	101420503	8	4	0	33554432	FinalHashAggregateStream=63749996;PartialHashAggregateStream=27295259;RepartitionExec=10375248
event	3568308	release_after_refusal	FinalHashAggregateStream[1]	1	31869496	680	69551007	8	4	0		FinalHashAggregateStream=31880500;PartialHashAggregateStream=27295259;RepartitionExec=10375248
event	3581805	refusal	PartialHashAggregateStream[1]	1	14223601	32733199	100788318	8	4	0	33554432	FinalHashAggregateStream=47177687;PartialHashAggregateStream=46254151;RepartitionExec=7356480
event	3591426	release_after_refusal	FinalHashAggregateStream[0]	1	31879140	680	76369632	8	4	0		PartialHashAggregateStream=38910454;FinalHashAggregateStream=29971626;RepartitionExec=7487552
event	3592315	release_after_refusal	PartialHashAggregateStream[1]	1	16184151	16549048	58346361	8	4	0		FinalHashAggregateStream=29971626;PartialHashAggregateStream=22726303;RepartitionExec=5648432
event	3600839	refusal	FinalHashAggregateStream[1]	1	3248777	32302129	89290252	8	4	0	33554432	FinalHashAggregateStream=42561776;PartialHashAggregateStream=39245036;RepartitionExec=7483440
event	3610853	refusal	PartialHashAggregateStream[0]	1	14221482	30499677	103210621	8	4	0	33554432	FinalHashAggregateStream=56161896;PartialHashAggregateStream=47048725
event	3620009	release_after_refusal	PartialHashAggregateStream[0]	1	13953701	16545976	89256920	8	4	0		FinalHashAggregateStream=56161896;PartialHashAggregateStream=33095024
event	3624679	release_after_refusal	FinalHashAggregateStream[1]	1	32301449	680	64144020	8	4	0		PartialHashAggregateStream=33095024;FinalHashAggregateStream=26322180;RepartitionExec=4726816
event	3654431	refusal	PartialHashAggregateStream[0]	1	8451996	29369128	112564666	8	4	0	33554432	FinalHashAggregateStream=60624063;PartialHashAggregateStream=46030027;RepartitionExec=5910576
event	3662292	release_after_refusal	PartialHashAggregateStream[0]	1	15853936	13515192	112781803	8	4	0		FinalHashAggregateStream=60624063;PartialHashAggregateStream=46247164;RepartitionExec=5910576
event	3665451	refusal	PartialHashAggregateStream[1]	1	14224609	32731972	113962147	8	4	0	33554432	FinalHashAggregateStream=61804407;PartialHashAggregateStream=46247164;RepartitionExec=5910576
event	3667562	refusal	FinalHashAggregateStream[0]	1	14311062	33050313	123532500	8	4	0	33554432	FinalHashAggregateStream=63888104;PartialHashAggregateStream=46247164;RepartitionExec=13397232
event	3672260	refusal	FinalHashAggregateStream[1]	1	14258321	30837791	123532500	8	4	0	33554432	FinalHashAggregateStream=63888104;PartialHashAggregateStream=46247164;RepartitionExec=13397232
event	3675641	release_after_refusal	PartialHashAggregateStream[1]	1	16180364	16551608	107352136	8	4	0		FinalHashAggregateStream=63888104;PartialHashAggregateStream=30066800;RepartitionExec=13397232
event	3695636	release_after_refusal	FinalHashAggregateStream[0]	1	33049633	680	79029319	8	4	0		FinalHashAggregateStream=30838471;PartialHashAggregateStream=30066800;RepartitionExec=18124048
event	3697576	release_after_refusal	FinalHashAggregateStream[1]	1	30837111	680	46222016	8	4	0		PartialHashAggregateStream=30066800;RepartitionExec=16153856;FinalHashAggregateStream=1360
event	3729059	refusal	FinalHashAggregateStream[0]	1	14258411	31904057	110076857	8	4	0	33554432	FinalHashAggregateStream=59444568;PartialHashAggregateStream=43148849;RepartitionExec=7483440
event	3732817	refusal	PartialHashAggregateStream[0]	1	14220868	32588023	118665578	8	4	0	33554432	FinalHashAggregateStream=59444568;PartialHashAggregateStream=51737570;RepartitionExec=7483440
event	3743330	release_after_refusal	PartialHashAggregateStream[0]	1	16042175	16545848	116073277	8	4	0		FinalHashAggregateStream=59444568;PartialHashAggregateStream=49145269;RepartitionExec=7483440
event	3744230	refusal	PartialHashAggregateStream[1]	1	14355011	32599421	118043469	8	4	0	33554432	FinalHashAggregateStream=59444568;PartialHashAggregateStream=49145269;RepartitionExec=9453632
event	3753535	release_after_refusal	PartialHashAggregateStream[1]	1	16051653	16547768	101991816	8	4	0		FinalHashAggregateStream=59444568;PartialHashAggregateStream=33093616;RepartitionExec=9453632
event	3754550	release_after_refusal	FinalHashAggregateStream[0]	1	31903377	680	78755639	8	4	0		PartialHashAggregateStream=33093616;FinalHashAggregateStream=27541191;RepartitionExec=18120832
event	3764176	refusal	FinalHashAggregateStream[1]	1	14205774	31958325	85157024	8	4	0	33554432	FinalHashAggregateStream=39066720;PartialHashAggregateStream=33093616;RepartitionExec=12996688
event	3784869	refusal	FinalHashAggregateStream[0]	1	6342985	31824280	117356349	8	4	0	33554432	FinalHashAggregateStream=63782605;PartialHashAggregateStream=33093616;RepartitionExec=20480128
event	3787838	release_after_refusal	FinalHashAggregateStream[1]	1	31957645	680	85398704	8	4	0		PartialHashAggregateStream=33093616;FinalHashAggregateStream=31824960;RepartitionExec=20480128
event	3806217	release_after_refusal	FinalHashAggregateStream[0]	1	31823600	680	60777259	8	4	0		PartialHashAggregateStream=30317448;FinalHashAggregateStream=20219747;RepartitionExec=10240064
event	3818004	refusal	PartialHashAggregateStream[1]	1	8455267	29383358	83755830	8	4	0	33554432	PartialHashAggregateStream=45929206;FinalHashAggregateStream=32313376;RepartitionExec=5513248
event	3826148	release_after_refusal	PartialHashAggregateStream[1]	1	15862406	13520952	65693310	8	4	0		FinalHashAggregateStream=43681408;PartialHashAggregateStream=22011902
event	3837089	refusal	FinalHashAggregateStream[1]	1	9003240	30788431	92011458	8	4	0	33554432	FinalHashAggregateStream=47602895;PartialHashAggregateStream=40599251;RepartitionExec=3809312
event	3844179	refusal	PartialHashAggregateStream[0]	1	14219837	32588094	99732475	8	4	0	33554432	FinalHashAggregateStream=59394005;PartialHashAggregateStream=32588774;RepartitionExec=7749696
event	3854054	release_after_refusal	PartialHashAggregateStream[0]	1	16045446	16542648	98632512	8	4	0		FinalHashAggregateStream=60568259;PartialHashAggregateStream=30314557;RepartitionExec=7749696
event	3861417	refusal	FinalHashAggregateStream[0]	1	13143504	33022965	119915163	8	4	0	33554432	FinalHashAggregateStream=63811396;PartialHashAggregateStream=43627255;RepartitionExec=12476512
event	3861828	release_after_refusal	FinalHashAggregateStream[1]	1	30787751	680	89127412	8	4	0		PartialHashAggregateStream=43627255;FinalHashAggregateStream=33023645;RepartitionExec=12476512
event	3864952	refusal	PartialHashAggregateStream[1]	1	8455569	29382235	90442366	8	4	0	33554432	PartialHashAggregateStream=45924883;FinalHashAggregateStream=35850283;RepartitionExec=8667200
event	3873329	release_after_refusal	PartialHashAggregateStream[1]	1	15860643	13521592	80028064	8	4	0		FinalHashAggregateStream=45237008;PartialHashAggregateStream=30064240;RepartitionExec=4726816
event	3887171	release_after_refusal	FinalHashAggregateStream[0]	1	33022285	680	79321085	8	4	0		FinalHashAggregateStream=31267085;PartialHashAggregateStream=30064240;RepartitionExec=17989760
event	3890870	refusal	FinalHashAggregateStream[1]	1	3247691	31266405	77399494	8	4	0	33554432	FinalHashAggregateStream=34072310;PartialHashAggregateStream=30064240;RepartitionExec=13262944
event	3911234	release_after_refusal	FinalHashAggregateStream[1]	1	31265725	680	63646961	8	4	0		PartialHashAggregateStream=30315705;FinalHashAggregateStream=24926200;RepartitionExec=8405056
event	3924308	refusal	PartialHashAggregateStream[1]	1	14222783	32599036	89684793	8	4	0	33554432	PartialHashAggregateStream=49141684;FinalHashAggregateStream=37786485;RepartitionExec=2756624
event	3934038	release_after_refusal	PartialHashAggregateStream[1]	1	16049988	16549048	78993023	8	4	0		FinalHashAggregateStream=53952696;PartialHashAggregateStream=25040327
event	3938733	refusal	FinalHashAggregateStream[0]	1	3218174	31168446	96019414	8	4	0	33554432	FinalHashAggregateStream=56251674;PartialHashAggregateStream=33070732;RepartitionExec=6697008
event	3950697	refusal	PartialHashAggregateStream[0]	1	14219134	32583225	109761874	8	4	0	33554432	FinalHashAggregateStream=62997521;PartialHashAggregateStream=32583905;RepartitionExec=14180448
event	3951218	refusal	FinalHashAggregateStream[1]	1	13126901	31829075	109761874	8	4	0	33554432	FinalHashAggregateStream=62997521;PartialHashAggregateStream=32583905;RepartitionExec=14180448
event	3960526	release_after_refusal	FinalHashAggregateStream[0]	1	31167766	680	78594108	8	4	0		PartialHashAggregateStream=32583905;FinalHashAggregateStream=31829755;RepartitionExec=14180448
event	3960696	release_after_refusal	PartialHashAggregateStream[0]	1	16039937	16543288	59797547	8	4	0		FinalHashAggregateStream=31829755;PartialHashAggregateStream=16543968;RepartitionExec=11423824
event	3975451	release_after_refusal	FinalHashAggregateStream[1]	1	31828395	680	39887315	8	4	0		PartialHashAggregateStream=21021082;FinalHashAggregateStream=13352985;RepartitionExec=5513248
event	3993983	refusal	PartialHashAggregateStream[1]	1	14224196	32598530	91318381	8	4	0	33554432	FinalHashAggregateStream=53992355;PartialHashAggregateStream=32599210;RepartitionExec=4726816
event	3997093	refusal	FinalHashAggregateStream[0]	1	3209072	31168814	93649537	8	4	0	33554432	FinalHashAggregateStream=56323511;PartialHashAggregateStream=32599210;RepartitionExec=4726816
event	4004155	release_after_refusal	PartialHashAggregateStream[1]	1	16048202	16550328	91366397	8	4	0		FinalHashAggregateStream=56323511;PartialHashAggregateStream=30316070;RepartitionExec=4726816
event	4017355	refusal	FinalHashAggregateStream[1]	1	9015702	30734351	125547526	8	4	0	33554432	FinalHashAggregateStream=61903165;PartialHashAggregateStream=45920857;RepartitionExec=17723504
event	4018487	release_after_refusal	FinalHashAggregateStream[0]	1	31168134	680	94379392	8	4	0		PartialHashAggregateStream=45920857;FinalHashAggregateStream=30735031;RepartitionExec=17723504
event	4027319	refusal	PartialHashAggregateStream[0]	1	14220347	32584773	97880180	8	4	0	33554432	PartialHashAggregateStream=49135101;FinalHashAggregateStream=37718583;RepartitionExec=11026496
event	4039619	release_after_refusal	PartialHashAggregateStream[0]	1	16042125	16542648	86479926	8	4	0		FinalHashAggregateStream=53386950;PartialHashAggregateStream=33092976
event	4047240	release_after_refusal	FinalHashAggregateStream[1]	1	30733671	680	76178357	8	4	0		PartialHashAggregateStream=33092976;FinalHashAggregateStream=26148309;RepartitionExec=16937072
event	4052950	refusal	FinalHashAggregateStream[0]	1	3248678	31271467	68943275	8	4	0	33554432	FinalHashAggregateStream=35707315;PartialHashAggregateStream=21025704;RepartitionExec=12210256
event	4071489	refusal	PartialHashAggregateStream[0]	1	8452752	29375981	97935319	8	4	0	33554432	FinalHashAggregateStream=57384959;PartialHashAggregateStream=33853352;RepartitionExec=6697008
event	4075928	release_after_refusal	FinalHashAggregateStream[0]	1	31270787	680	75960720	8	4	0		PartialHashAggregateStream=43149540;FinalHashAggregateStream=26114172;RepartitionExec=6697008
event	4080967	release_after_refusal	PartialHashAggregateStream[0]	1	15858229	13517752	71952401	8	4	0		PartialHashAggregateStream=38440749;FinalHashAggregateStream=30755028;RepartitionExec=2756624
event	4091538	refusal	PartialHashAggregateStream[1]	1	14223097	32731508	98501185	8	4	0	33554432	PartialHashAggregateStream=46249260;FinalHashAggregateStream=44764373;RepartitionExec=7487552
event	4091538	refusal	FinalHashAggregateStream[1]	1	8499849	29605618	98501185	8	4	0	33554432	PartialHashAggregateStream=46249260;FinalHashAggregateStream=44764373;RepartitionExec=7487552
event	4103448	release_after_refusal	PartialHashAggregateStream[1]	1	16181180	16550328	87740178	8	4	0		FinalHashAggregateStream=57049921;PartialHashAggregateStream=25041825;RepartitionExec=5648432
event	4114727	refusal	FinalHashAggregateStream[0]	1	13131818	32985767	120862483	8	4	0	33554432	FinalHashAggregateStream=62591385;PartialHashAggregateStream=45925658;RepartitionExec=12345440
event	4117324	release_after_refusal	FinalHashAggregateStream[1]	1	29604938	680	94472331	8	4	0		PartialHashAggregateStream=49140444;FinalHashAggregateStream=32986447;RepartitionExec=12345440
event	4120583	refusal	PartialHashAggregateStream[0]	1	14221263	32590116	92502139	8	4	0	33554432	PartialHashAggregateStream=49140444;FinalHashAggregateStream=32986447;RepartitionExec=10375248
event	4130424	release_after_refusal	PartialHashAggregateStream[0]	1	16044908	16545208	90454250	8	4	0		FinalHashAggregateStream=47118650;PartialHashAggregateStream=33095536;RepartitionExec=10240064
event	4141757	release_after_refusal	FinalHashAggregateStream[0]	1	32985087	680	64496844	8	4	0		FinalHashAggregateStream=27474648;RepartitionExec=20476308;PartialHashAggregateStream=16545888
event	4148501	refusal	FinalHashAggregateStream[1]	1	6345321	31855176	75204730	8	4	0	33554432	FinalHashAggregateStream=37245894;PartialHashAggregateStream=21022660;RepartitionExec=16936176
event	4167610	refusal	PartialHashAggregateStream[1]	1	14223576	32734322	100021804	8	4	0	33554432	FinalHashAggregateStream=60589794;PartialHashAggregateStream=32735002;RepartitionExec=6697008
event	4170996	release_after_refusal	FinalHashAggregateStream[1]	1	31854496	680	74736787	8	4	0		PartialHashAggregateStream=37210275;FinalHashAggregateStream=30829504;RepartitionExec=6697008
event	4178014	release_after_refusal	PartialHashAggregateStream[1]	1	16183994	16550328	71024879	8	4	0		FinalHashAggregateStream=37949934;PartialHashAggregateStream=33074945
event	4182972	refusal	FinalHashAggregateStream[0]	1	9015603	30828824	89401720	8	4	0	33554432	FinalHashAggregateStream=43801683;PartialHashAggregateStream=43629845;RepartitionExec=1970192
event	4191259	refusal	PartialHashAggregateStream[0]	1	14218710	32591016	97244375	8	4	0	33554432	PartialHashAggregateStream=49141344;FinalHashAggregateStream=46132839;RepartitionExec=1970192
event	4200472	release_after_refusal	PartialHashAggregateStream[0]	1	16047088	16543928	81197287	8	4	0		FinalHashAggregateStream=46132839;PartialHashAggregateStream=33094256;RepartitionExec=1970192
event	4208731	release_after_refusal	FinalHashAggregateStream[0]	1	30828144	680	68118127	8	4	0		PartialHashAggregateStream=33094256;FinalHashAggregateStream=26357567;RepartitionExec=8666304
event	4218859	refusal	FinalHashAggregateStream[1]	1	6355010	31851125	86505865	8	4	0	33554432	FinalHashAggregateStream=44744409;PartialHashAggregateStream=33094256;RepartitionExec=8667200
event	4240079	refusal	FinalHashAggregateStream[0]	1	13094321	31888880	97185021	8	4	0	33554432	FinalHashAggregateStream=63740005;PartialHashAggregateStream=24777816;RepartitionExec=8667200
event	4242291	release_after_refusal	FinalHashAggregateStream[1]	1	31850445	680	72106115	8	4	0		FinalHashAggregateStream=31889560;PartialHashAggregateStream=31549355;RepartitionExec=8667200
event	4247380	refusal	PartialHashAggregateStream[0]	1	8450389	29369726	81783617	8	4	0	33554432	PartialHashAggregateStream=43142188;FinalHashAggregateStream=34701045;RepartitionExec=3940384
event	4256352	release_after_refusal	PartialHashAggregateStream[0]	1	15855814	13513912	86982872	8	4	0		FinalHashAggregateStream=44083831;PartialHashAggregateStream=42899041
event	4258460	refusal	PartialHashAggregateStream[1]	1	8455461	29385129	93581144	8	4	0	33554432	FinalHashAggregateStream=48842983;PartialHashAggregateStream=42899041;RepartitionExec=1839120
event	4263956	release_after_refusal	FinalHashAggregateStream[0]	1	31888200	680	70605087	8	4	0		PartialHashAggregateStream=42899041;FinalHashAggregateStream=23765662;RepartitionExec=3940384
event	4266498	release_after_refusal	PartialHashAggregateStream[1]	1	15863537	13521592	59468360	8	4	0		PartialHashAggregateStream=27035504;FinalHashAggregateStream=24945304;RepartitionExec=7487552
event	4273059	refusal	FinalHashAggregateStream[1]	1	3189050	31214196	69185246	8	4	0	33554432	FinalHashAggregateStream=39890204;PartialHashAggregateStream=17998178;RepartitionExec=11296864
event	4292855	refusal	PartialHashAggregateStream[0]	1	14222698	32595505	106274068	8	4	0	33554432	FinalHashAggregateStream=56347659;PartialHashAggregateStream=46117097;RepartitionExec=3809312
event	4295316	release_after_refusal	FinalHashAggregateStream[1]	1	31213516	680	75060552	8	4	0		PartialHashAggregateStream=46117097;FinalHashAggregateStream=25134143;RepartitionExec=3809312
event	4303592	release_after_refusal	PartialHashAggregateStream[0]	1	16047737	16547768	66326684	8	4	0		FinalHashAggregateStream=32448012;PartialHashAggregateStream=30069360;RepartitionExec=3809312
event	4316415	refusal	FinalHashAggregateStream[0]	1	14258915	31875845	76173106	8	4	0	33554432	FinalHashAggregateStream=55817816;PartialHashAggregateStream=16548448;RepartitionExec=3806842
event	4327853	refusal	FinalHashAggregateStream[1]	1	14258627	30692234	84322554	8	4	0	33554432	FinalHashAggregateStream=62568079;RepartitionExec=13260474;PartialHashAggregateStream=8494001
event	4340651	release_after_refusal	FinalHashAggregateStream[0]	1	31875165	680	73336437	8	4	0		FinalHashAggregateStream=30692914;PartialHashAggregateStream=29383049;RepartitionExec=13260474
event	4344638	refusal	PartialHashAggregateStream[0]	1	14222707	32597690	77252311	8	4	0	33554432	FinalHashAggregateStream=35333851;PartialHashAggregateStream=32598370;RepartitionExec=9320090
event	4350483	release_after_refusal	FinalHashAggregateStream[1]	1	30691554	680	48641762	8	4	0		PartialHashAggregateStream=32598370;FinalHashAggregateStream=8693494;RepartitionExec=7349898
event	4354389	release_after_refusal	PartialHashAggregateStream[0]	1	16049922	16547768	33495966	8	4	0		PartialHashAggregateStream=16548448;FinalHashAggregateStream=15110868;RepartitionExec=1836650
event	4375545	refusal	FinalHashAggregateStream[0]	1	14258843	31745225	104400499	8	4	0	33554432	FinalHashAggregateStream=57057932;PartialHashAggregateStream=47342567
event	4380754	refusal	PartialHashAggregateStream[1]	1	14224953	30794799	104400499	8	4	0	33554432	FinalHashAggregateStream=57057932;PartialHashAggregateStream=47342567
event	4390441	release_after_refusal	PartialHashAggregateStream[1]	1	14244855	16549944	90155644	8	4	0		FinalHashAggregateStream=57057932;PartialHashAggregateStream=33097712
event	4400733	release_after_refusal	FinalHashAggregateStream[0]	1	31744545	680	73444436	8	4	0		PartialHashAggregateStream=33097712;FinalHashAggregateStream=30893092;RepartitionExec=9453632
event	4403578	refusal	FinalHashAggregateStream[1]	1	14238116	30892412	71474244	8	4	0	33554432	PartialHashAggregateStream=33097712;FinalHashAggregateStream=30893092;RepartitionExec=7483440
event	4427736	release_after_refusal	FinalHashAggregateStream[1]	1	30891732	680	64410943	8	4	0		PartialHashAggregateStream=46066870;FinalHashAggregateStream=12834645;RepartitionExec=5509428
event	4433510	refusal	PartialHashAggregateStream[0]	1	14225217	32732182	61061237	8	4	0	33554432	PartialHashAggregateStream=37340977;FinalHashAggregateStream=18207012;RepartitionExec=5513248
event	4443921	release_after_refusal	PartialHashAggregateStream[0]	1	16181854	16550328	75769625	8	4	0		PartialHashAggregateStream=41474279;FinalHashAggregateStream=34295346
event	4454166	refusal	PartialHashAggregateStream[1]	1	14224998	32734917	99864607	8	4	0	33554432	FinalHashAggregateStream=50579362;PartialHashAggregateStream=49285245
event	4460145	refusal	FinalHashAggregateStream[0]	1	13098554	32032571	92048449	8	4	0	33554432	FinalHashAggregateStream=57342660;PartialHashAggregateStream=32735597;RepartitionExec=1970192
event	4464675	release_after_refusal	PartialHashAggregateStream[1]	1	16183309	16551608	80340883	8	4	0		FinalHashAggregateStream=57342660;PartialHashAggregateStream=21028031;RepartitionExec=1970192
event	4482589	refusal	PartialHashAggregateStream[0]	1	14221801	32598940	113190216	8	4	0	33554432	FinalHashAggregateStream=57342660;PartialHashAggregateStream=49150548;RepartitionExec=6697008
event	4489891	release_after_refusal	FinalHashAggregateStream[0]	1	32031891	680	81158325	8	4	0		PartialHashAggregateStream=49150548;FinalHashAggregateStream=25310769;RepartitionExec=6697008
event	4491778	release_after_refusal	PartialHashAggregateStream[0]	1	16051172	16547768	63136961	8	4	0		PartialHashAggregateStream=33099376;FinalHashAggregateStream=25310769;RepartitionExec=4726816
event	4504100	refusal	FinalHashAggregateStream[1]	1	14305392	30890184	85410143	8	4	0	33554432	FinalHashAggregateStream=44827327;PartialHashAggregateStream=33099376;RepartitionExec=7483440
event	4527473	release_after_refusal	FinalHashAggregateStream[1]	1	30889504	680	79704494	8	4	0		PartialHashAggregateStream=43634969;FinalHashAggregateStream=27402325;RepartitionExec=8667200
event	4534477	refusal	PartialHashAggregateStream[1]	1	14355484	32600638	85918412	8	4	0	33554432	PartialHashAggregateStream=49148406;FinalHashAggregateStream=32043190;RepartitionExec=4726816
event	4544080	release_after_refusal	PartialHashAggregateStream[1]	1	16052230	16548408	79731754	8	4	0		FinalHashAggregateStream=44665514;PartialHashAggregateStream=33096176;RepartitionExec=1970064
event	4550251	refusal	FinalHashAggregateStream[0]	1	14577020	31825606	94739296	8	4	0	33554432	FinalHashAggregateStream=56916304;PartialHashAggregateStream=33096176;RepartitionExec=4726816
event	4563517	refusal	FinalHashAggregateStream[1]	1	13107950	32852234	96193168	8	4	0	33554432	FinalHashAggregateStream=64677840;PartialHashAggregateStream=16548448;RepartitionExec=14966880
event	4573869	release_after_refusal	FinalHashAggregateStream[0]	1	31824926	680	83517200	8	4	0		PartialHashAggregateStream=35697406;FinalHashAggregateStream=32852914;RepartitionExec=14966880
event	4581886	refusal	PartialHashAggregateStream[1]	1	8455958	29385616	94090046	8	4	0	33554432	PartialHashAggregateStream=45933384;FinalHashAggregateStream=42643414;RepartitionExec=5513248
event	4586735	release_after_refusal	FinalHashAggregateStream[1]	1	32851554	680	62652432	8	4	0		PartialHashAggregateStream=45933384;FinalHashAggregateStream=13962424;RepartitionExec=2756624
event	4589881	release_after_refusal	PartialHashAggregateStream[1]	1	15864024	13521592	52763560	8	4	0		PartialHashAggregateStream=30069360;FinalHashAggregateStream=17967384;RepartitionExec=4726816
event	4608476	refusal	FinalHashAggregateStream[0]	1	6323735	31867295	81071609	8	4	0	33554432	FinalHashAggregateStream=45245512;PartialHashAggregateStream=27293677;RepartitionExec=8532420
event	4626653	refusal	PartialHashAggregateStream[0]	1	14221747	32599167	92888497	8	4	0	33554432	FinalHashAggregateStream=54509146;PartialHashAggregateStream=32599847;RepartitionExec=5779504
event	4631423	release_after_refusal	FinalHashAggregateStream[0]	1	31866615	680	61382576	8	4	0		PartialHashAggregateStream=32599847;FinalHashAggregateStream=24973417;RepartitionExec=3809312
event	4640223	release_after_refusal	PartialHashAggregateStream[0]	1	16051399	16547768	71314502	8	4	0		FinalHashAggregateStream=38236582;PartialHashAggregateStream=33077920
event	4644895	refusal	FinalHashAggregateStream[1]	1	3248741	31251156	87197523	8	4	0	33554432	PartialHashAggregateStream=43767600;FinalHashAggregateStream=43429923
event	4653217	refusal	PartialHashAggregateStream[1]	1	14223939	32733334	112607277	8	4	0	33554432	FinalHashAggregateStream=53872543;PartialHashAggregateStream=49281102;RepartitionExec=9453632
event	4663143	release_after_refusal	PartialHashAggregateStream[1]	1	16183646	16549688	97946540	8	4	0		FinalHashAggregateStream=56203852;PartialHashAggregateStream=30318864;RepartitionExec=11423824
event	4667552	release_after_refusal	FinalHashAggregateStream[1]	1	31250476	680	88709883	8	4	0		PartialHashAggregateStream=41332215;FinalHashAggregateStream=31227924;RepartitionExec=16149744
event	4671692	refusal	FinalHashAggregateStream[0]	1	3247985	31227244	99518275	8	4	0	33554432	PartialHashAggregateStream=45926608;FinalHashAggregateStream=35869059;RepartitionExec=17722608
event	4677762	refusal	PartialHashAggregateStream[0]	1	14220916	32591173	105408922	8	4	0	33554432	PartialHashAggregateStream=49140861;FinalHashAggregateStream=44058701;RepartitionExec=12209360
event	4687779	release_after_refusal	PartialHashAggregateStream[0]	1	16046605	16544568	92245580	8	4	0		FinalHashAggregateStream=56394700;PartialHashAggregateStream=33094256;RepartitionExec=2756624
event	4694057	release_after_refusal	FinalHashAggregateStream[0]	1	31226564	680	68467282	8	4	0		PartialHashAggregateStream=33094256;FinalHashAggregateStream=28676018;RepartitionExec=6697008
event	4701558	refusal	FinalHashAggregateStream[1]	1	14231729	31923755	77143239	8	4	0	33554432	FinalHashAggregateStream=36565543;PartialHashAggregateStream=33094256;RepartitionExec=7483440
event	4725185	release_after_refusal	FinalHashAggregateStream[1]	1	31923075	680	81653234	8	4	0		PartialHashAggregateStream=35827144;FinalHashAggregateStream=27318176;RepartitionExec=18507914
event	4733278	refusal	PartialHashAggregateStream[1]	1	8456455	29517929	92538943	8	4	0	33554432	PartialHashAggregateStream=46062497;FinalHashAggregateStream=38208596;RepartitionExec=8267850
event	4741194	release_after_refusal	PartialHashAggregateStream[1]	1	15994417	13523512	64960980	8	4	0		FinalHashAggregateStream=48680164;PartialHashAggregateStream=13524192;RepartitionExec=2756624
event	4749682	refusal	FinalHashAggregateStream[0]	1	14258546	31714223	96329644	8	4	0	33554432	FinalHashAggregateStream=61691918;PartialHashAggregateStream=32667534;RepartitionExec=1970192
event	4758886	refusal	FinalHashAggregateStream[1]	1	9000153	33357247	115591938	8	4	0	33554432	FinalHashAggregateStream=65071470;PartialHashAggregateStream=42901844;RepartitionExec=7618624
event	4760543	refusal	PartialHashAggregateStream[0]	1	8453159	29378332	115591938	8	4	0	33554432	FinalHashAggregateStream=65071470;PartialHashAggregateStream=42901844;RepartitionExec=7618624
event	4768552	release_after_refusal	PartialHashAggregateStream[0]	1	15860580	13517752	99731358	8	4	0		FinalHashAggregateStream=65071470;PartialHashAggregateStream=27041264;RepartitionExec=7618624
event	4776368	release_after_refusal	FinalHashAggregateStream[0]	1	31713543	680	71827127	8	4	0		FinalHashAggregateStream=33357927;PartialHashAggregateStream=27041264;RepartitionExec=11427936
event	4782413	release_after_refusal	FinalHashAggregateStream[1]	1	33356567	680	39171158	8	4	0		PartialHashAggregateStream=27041264;RepartitionExec=7487552;FinalHashAggregateStream=4642342
event	4806232	refusal	PartialHashAggregateStream[1]	1	8455524	29519458	96871461	8	4	0	33554432	FinalHashAggregateStream=53579399;PartialHashAggregateStream=43292062
event	4814298	release_after_refusal	PartialHashAggregateStream[1]	1	15995946	13523512	94188701	8	4	0		FinalHashAggregateStream=53579399;PartialHashAggregateStream=40609302
event	4821347	refusal	PartialHashAggregateStream[0]	1	14221787	32595886	112091507	8	4	0	33554432	FinalHashAggregateStream=60323677;PartialHashAggregateStream=46119398;RepartitionExec=5648432
event	4823486	refusal	FinalHashAggregateStream[0]	1	14258618	32958935	112091507	8	4	0	33554432	FinalHashAggregateStream=60323677;PartialHashAggregateStream=46119398;RepartitionExec=5648432
event	4831695	release_after_refusal	PartialHashAggregateStream[0]	1	16048758	16547128	91557658	8	4	0		FinalHashAggregateStream=64755171;PartialHashAggregateStream=21022983;RepartitionExec=5779504
event	4847368	refusal	PartialHashAggregateStream[1]	1	8455634	29515977	118567972	8	4	0	33554432	FinalHashAggregateStream=64755171;PartialHashAggregateStream=46063105;RepartitionExec=7749696
event	4848963	release_after_refusal	FinalHashAggregateStream[0]	1	32958255	680	85609717	8	4	0		PartialHashAggregateStream=46063105;FinalHashAggregateStream=31796916;RepartitionExec=7749696
event	4855139	release_after_refusal	PartialHashAggregateStream[1]	1	15994385	13521592	72919256	8	4	0		FinalHashAggregateStream=38911048;PartialHashAggregateStream=30068720;RepartitionExec=3939488
event	4859764	refusal	FinalHashAggregateStream[1]	1	14453996	31796236	83494361	8	4	0	33554432	FinalHashAggregateStream=44759337;PartialHashAggregateStream=30068720;RepartitionExec=8666304
event	4884464	release_after_refusal	FinalHashAggregateStream[1]	1	31795556	680	80736715	8	4	0		PartialHashAggregateStream=32665579;FinalHashAggregateStream=31921392;RepartitionExec=16149744
event	4892301	refusal	PartialHashAggregateStream[0]	1	8451831	29376388	92673741	8	4	0	33554432	PartialHashAggregateStream=42897980;FinalHashAggregateStream=42292321;RepartitionExec=7483440
event	4899980	release_after_refusal	PartialHashAggregateStream[0]	1	15859916	13516472	78483268	8	4	0		FinalHashAggregateStream=48688580;PartialHashAggregateStream=27038064;RepartitionExec=2756624
event	4902347	refusal	FinalHashAggregateStream[0]	1	6353824	31920712	84705236	8	4	0	33554432	FinalHashAggregateStream=55828052;PartialHashAggregateStream=27038064;RepartitionExec=1839120
event	4919554	refusal	FinalHashAggregateStream[1]	1	14229948	33009372	91450350	8	4	0	33554432	FinalHashAggregateStream=64930084;PartialHashAggregateStream=13517152;RepartitionExec=13003114
event	4926593	release_after_refusal	FinalHashAggregateStream[0]	1	31920032	680	59530318	8	4	0		FinalHashAggregateStream=33010052;PartialHashAggregateStream=13517152;RepartitionExec=13003114
event	4943811	release_after_refusal	FinalHashAggregateStream[1]	1	33008692	680	35970729	8	4	0		FinalHashAggregateStream=16806943;PartialHashAggregateStream=13517152;RepartitionExec=5646634
event	4975097	refusal	PartialHashAggregateStream[0]	1	14222411	32593703	107877898	8	4	0	33554432	PartialHashAggregateStream=61979718;FinalHashAggregateStream=44060858;RepartitionExec=1837322
event	4980210	refusal	PartialHashAggregateStream[1]	1	14224134	32601300	111093183	8	4	0	33554432	PartialHashAggregateStream=65195003;FinalHashAggregateStream=44060858;RepartitionExec=1837322
event	4985636	release_after_refusal	PartialHashAggregateStream[0]	1	16047215	16546488	95045968	8	4	0		PartialHashAggregateStream=49147788;FinalHashAggregateStream=44060858;RepartitionExec=1837322
event	4989512	release_after_refusal	PartialHashAggregateStream[1]	1	16052252	16549048	84903396	8	4	0		FinalHashAggregateStream=44060858;PartialHashAggregateStream=33095536;RepartitionExec=7747002
event	4994177	refusal	FinalHashAggregateStream[0]	1	9015450	33262068	92673749	8	4	0	33554432	FinalHashAggregateStream=48941717;PartialHashAggregateStream=33095536;RepartitionExec=10636496
event	5009504	refusal	FinalHashAggregateStream[1]	1	13102793	31906724	111658344	8	4	0	33554432	FinalHashAggregateStream=65168792;PartialHashAggregateStream=33095536;RepartitionExec=13394016
event	5016750	release_after_refusal	FinalHashAggregateStream[0]	1	33261388	680	78396956	8	4	0		PartialHashAggregateStream=33095536;FinalHashAggregateStream=31907404;RepartitionExec=13394016
event	5045530	release_after_refusal	FinalHashAggregateStream[1]	1	31906044	680	51973728	8	4	0		FinalHashAggregateStream=27331772;RepartitionExec=16150640;PartialHashAggregateStream=8491316
event	5063608	refusal	PartialHashAggregateStream[0]	1	8451821	29377336	96744057	8	4	0	33554432	FinalHashAggregateStream=48084176;PartialHashAggregateStream=45905839;RepartitionExec=2754042
event	5072371	release_after_refusal	PartialHashAggregateStream[0]	1	15861504	13515832	104245845	8	4	0		FinalHashAggregateStream=58000080;PartialHashAggregateStream=46245765
event	5075434	refusal	PartialHashAggregateStream[1]	1	14222417	32729933	110934723	8	4	0	33554432	FinalHashAggregateStream=59171598;PartialHashAggregateStream=46245765;RepartitionExec=5517360
event	5078044	refusal	FinalHashAggregateStream[0]	1	13093808	32910458	110934723	8	4	0	33554432	FinalHashAggregateStream=59171598;PartialHashAggregateStream=46245765;RepartitionExec=5517360
event	5086438	release_after_refusal	PartialHashAggregateStream[1]	1	16182165	16547768	91758566	8	4	0		FinalHashAggregateStream=65883446;PartialHashAggregateStream=16548448;RepartitionExec=9326672
event	5090278	refusal	FinalHashAggregateStream[1]	1	14287806	32972988	109704746	8	4	0	33554432	FinalHashAggregateStream=65883446;PartialHashAggregateStream=25040996;RepartitionExec=18780304
event	5106623	release_after_refusal	FinalHashAggregateStream[0]	1	32909778	680	100896463	8	4	0		PartialHashAggregateStream=49142491;FinalHashAggregateStream=32973668;RepartitionExec=18780304
event	5109319	refusal	PartialHashAggregateStream[0]	1	14222103	32594723	100041169	8	4	0	33554432	PartialHashAggregateStream=49142491;FinalHashAggregateStream=35796614;RepartitionExec=15102064
event	5117575	release_after_refusal	FinalHashAggregateStream[1]	1	32972308	680	71381301	8	4	0		PartialHashAggregateStream=49142491;FinalHashAggregateStream=12785178;RepartitionExec=9453632
event	5120217	release_after_refusal	PartialHashAggregateStream[0]	1	16048235	16546488	57287375	8	4	0		PartialHashAggregateStream=33094256;FinalHashAggregateStream=13953951;RepartitionExec=10239168
event	5140387	refusal	FinalHashAggregateStream[0]	1	13172712	33067530	84242785	8	4	0	33554432	FinalHashAggregateStream=58245354;PartialHashAggregateStream=16547168;RepartitionExec=9450263
event	5160725	refusal	PartialHashAggregateStream[1]	1	8456905	29387501	114385355	8	4	0	33554432	FinalHashAggregateStream=61757727;PartialHashAggregateStream=45933989;RepartitionExec=6693639
event	5163978	release_after_refusal	FinalHashAggregateStream[0]	1	33066850	680	81318505	8	4	0		PartialHashAggregateStream=45933989;FinalHashAggregateStream=28690877;RepartitionExec=6693639
event	5168867	release_after_refusal	PartialHashAggregateStream[1]	1	15863349	13524152	65173960	8	4	0		FinalHashAggregateStream=33133128;PartialHashAggregateStream=30070640;RepartitionExec=1970192
event	5175937	refusal	FinalHashAggregateStream[1]	1	13105688	31910747	79506856	8	4	0	33554432	FinalHashAggregateStream=44840472;PartialHashAggregateStream=30070640;RepartitionExec=4595744
event	5200405	release_after_refusal	FinalHashAggregateStream[1]	1	31910067	680	72033134	8	4	0		PartialHashAggregateStream=33209042;FinalHashAggregateStream=28579916;RepartitionExec=10244176
event	5210731	refusal	PartialHashAggregateStream[1]	1	14224908	32734274	95517331	8	4	0	33554432	PartialHashAggregateStream=49280762;FinalHashAggregateStream=41509753;RepartitionExec=4726816
event	5220287	release_after_refusal	PartialHashAggregateStream[1]	1	16182666	16551608	78374763	8	4	0		FinalHashAggregateStream=52626057;PartialHashAggregateStream=21026497;RepartitionExec=4722209
event	5237159	refusal	FinalHashAggregateStream[1]	1	14339177	31973780	112658998	8	4	0	33554432	FinalHashAggregateStream=60553016;PartialHashAggregateStream=33989757;RepartitionExec=18116225
event	5241685	refusal	PartialHashAggregateStream[0]	1	14222235	32594756	125169993	8	4	0	33554432	FinalHashAggregateStream=60553016;PartialHashAggregateStream=46500752;RepartitionExec=18116225
event	5251722	release_after_refusal	PartialHashAggregateStream[0]	1	16048908	16545848	124733433	8	4	0		FinalHashAggregateStream=60553016;PartialHashAggregateStream=46064192;RepartitionExec=18116225
event	5257231	refusal	PartialHashAggregateStream[1]	1	14224672	32733843	128428784	8	4	0	33554432	FinalHashAggregateStream=63784885;PartialHashAggregateStream=49279691;RepartitionExec=15364208
event	5258314	refusal	FinalHashAggregateStream[0]	1	6314498	31811105	128428784	8	4	0	33554432	FinalHashAggregateStream=63784885;PartialHashAggregateStream=49279691;RepartitionExec=15364208
event	5263354	release_after_refusal	FinalHashAggregateStream[1]	1	31973100	680	96455684	8	4	0		PartialHashAggregateStream=49279691;FinalHashAggregateStream=31811785;RepartitionExec=15364208
event	5268173	release_after_refusal	PartialHashAggregateStream[1]	1	16182235	16551608	91214102	8	4	0		FinalHashAggregateStream=36452758;PartialHashAggregateStream=33097456;RepartitionExec=21663888
event	5282472	release_after_refusal	FinalHashAggregateStream[0]	1	31810425	680	74743896	8	4	0		RepartitionExec=34267092;FinalHashAggregateStream=23924516;PartialHashAggregateStream=16552288
event	5288837	refusal	RepartitionExec[0]	1	2756624	31113140	96999759	8	4	0	33554432	FinalHashAggregateStream=35563653;RepartitionExec=31113140;PartialHashAggregateStream=30322966
event	5297785	refusal	FinalHashAggregateStream[1]	1	14258816	31833917	107039146	8	4	0	33554432	FinalHashAggregateStream=45151290;PartialHashAggregateStream=31561148;RepartitionExec=30326708
event	5305790	refusal	PartialHashAggregateStream[0]	1	14220941	32594914	129516295	8	4	0	33554432	FinalHashAggregateStream=56761691;PartialHashAggregateStream=49124904;RepartitionExec=23629700
event	5315318	refusal	FinalHashAggregateStream[0]	1	3248273	32352854	148284859	8	4	0	33554432	PartialHashAggregateStream=65195204;FinalHashAggregateStream=64186771;RepartitionExec=18902884
event	5316304	release_after_refusal	PartialHashAggregateStream[0]	1	16048426	16546488	132236433	8	4	0		FinalHashAggregateStream=64186771;PartialHashAggregateStream=49146778;RepartitionExec=18902884
event	5317791	refusal	PartialHashAggregateStream[1]	1	14223796	32600290	134206625	8	4	0	33554432	FinalHashAggregateStream=64186771;PartialHashAggregateStream=49146778;RepartitionExec=20873076
event	5323451	release_after_refusal	FinalHashAggregateStream[1]	1	31833237	680	102373388	8	4	0		PartialHashAggregateStream=49146778;FinalHashAggregateStream=32353534;RepartitionExec=20873076
event	5328360	release_after_refusal	PartialHashAggregateStream[1]	1	16051882	16548408	91749253	8	4	0		FinalHashAggregateStream=36994849;PartialHashAggregateStream=33094896;RepartitionExec=21659508
event	5338195	release_after_refusal	FinalHashAggregateStream[0]	1	32352174	680	79751095	8	4	0		PartialHashAggregateStream=33094896;RepartitionExec=31510468;FinalHashAggregateStream=15145731
event	5356565	refusal	FinalHashAggregateStream[1]	1	14258492	31813493	88293159	8	4	0	33554432	FinalHashAggregateStream=55768430;RepartitionExec=24031408;PartialHashAggregateStream=8493321
event	5370347	refusal	FinalHashAggregateStream[0]	1	13100807	31829501	110359294	8	4	0	33554432	FinalHashAggregateStream=63642994;PartialHashAggregateStream=29381900;RepartitionExec=17334400
event	5370947	refusal	PartialHashAggregateStream[0]	1	8454963	29381220	110359294	8	4	0	33554432	FinalHashAggregateStream=63642994;PartialHashAggregateStream=29381900;RepartitionExec=17334400
event	5379109	release_after_refusal	PartialHashAggregateStream[0]	1	15860908	13520312	94498386	8	4	0		FinalHashAggregateStream=63642994;RepartitionExec=17334400;PartialHashAggregateStream=13520992
event	5381430	release_after_refusal	FinalHashAggregateStream[1]	1	31812813	680	64655765	8	4	0		FinalHashAggregateStream=31830181;RepartitionExec=19304592;PartialHashAggregateStream=13520992
event	5393798	release_after_refusal	FinalHashAggregateStream[0]	1	31828821	680	56443941	8	4	0		RepartitionExec=23244976;PartialHashAggregateStream=19148618;FinalHashAggregateStream=14050347
event	5402054	refusal	PartialHashAggregateStream[1]	1	8453646	29381962	82938027	8	4	0	33554432	PartialHashAggregateStream=33856969;FinalHashAggregateStream=29776466;RepartitionExec=19304592
event	5410406	release_after_refusal	PartialHashAggregateStream[1]	1	15861010	13520952	86040607	8	4	0		FinalHashAggregateStream=40765883;PartialHashAggregateStream=32667140;RepartitionExec=12607584
event	5419275	refusal	PartialHashAggregateStream[0]	1	8453832	29380280	114559979	8	4	0	33554432	FinalHashAggregateStream=58129547;PartialHashAggregateStream=42901232;RepartitionExec=13529200
event	5423698	refusal	FinalHashAggregateStream[1]	1	14236043	30714728	114920592	8	4	0	33554432	FinalHashAggregateStream=60460352;PartialHashAggregateStream=42901232;RepartitionExec=11559008
event	5427725	release_after_refusal	PartialHashAggregateStream[0]	1	15861888	13518392	100337019	8	4	0		FinalHashAggregateStream=63708859;PartialHashAggregateStream=27039344;RepartitionExec=9588816
event	5430473	refusal	FinalHashAggregateStream[0]	1	14258600	32994131	104146331	8	4	0	33554432	FinalHashAggregateStream=63708859;PartialHashAggregateStream=27039344;RepartitionExec=13398128
event	5447784	release_after_refusal	FinalHashAggregateStream[1]	1	30714048	680	73432283	8	4	0		FinalHashAggregateStream=32994811;PartialHashAggregateStream=27039344;RepartitionExec=13398128
event	5455176	release_after_refusal	FinalHashAggregateStream[0]	1	32993451	680	40825734	8	4	0		PartialHashAggregateStream=17993452;RepartitionExec=17468688;FinalHashAggregateStream=5363594
event	5476066	refusal	PartialHashAggregateStream[1]	1	8453966	29513374	95944108	8	4	0	33554432	FinalHashAggregateStream=50186613;PartialHashAggregateStream=38007799;RepartitionExec=7749696
event	5484336	release_after_refusal	PartialHashAggregateStream[1]	1	15993702	13519672	98583578	8	4	0		FinalHashAggregateStream=56007555;PartialHashAggregateStream=40605831;RepartitionExec=1970192
event	5491660	refusal	FinalHashAggregateStream[0]	1	14258825	32939807	107703725	8	4	0	33554432	FinalHashAggregateStream=63676900;PartialHashAggregateStream=32598889;RepartitionExec=11427936
event	5491716	refusal	PartialHashAggregateStream[0]	1	14223374	32598209	107703725	8	4	0	33554432	FinalHashAggregateStream=63676900;PartialHashAggregateStream=32598889;RepartitionExec=11427936
event	5497815	refusal	FinalHashAggregateStream[1]	1	14287481	31903649	110706480	8	4	0	33554432	FinalHashAggregateStream=64843456;PartialHashAggregateStream=32598889;RepartitionExec=13264135
event	5502842	release_after_refusal	PartialHashAggregateStream[0]	1	16049161	16549048	94657319	8	4	0		FinalHashAggregateStream=64843456;PartialHashAggregateStream=16549728;RepartitionExec=13264135
event	5518409	release_after_refusal	FinalHashAggregateStream[0]	1	32939127	680	63688384	8	4	0		FinalHashAggregateStream=31904329;PartialHashAggregateStream=16549728;RepartitionExec=15234327
event	5523690	release_after_refusal	FinalHashAggregateStream[1]	1	31902969	680	32486166	8	4	0		PartialHashAggregateStream=16549728;RepartitionExec=11293943;FinalHashAggregateStream=4642495
event	5544463	refusal	PartialHashAggregateStream[1]	1	8457270	29518406	92893910	8	4	0	33554432	FinalHashAggregateStream=51420091;PartialHashAggregateStream=33994423;RepartitionExec=7479396
event	5552690	release_after_refusal	PartialHashAggregateStream[1]	1	15993614	13524792	94725259	8	4	0		FinalHashAggregateStream=59299839;PartialHashAggregateStream=32672840;RepartitionExec=2752580
event	5552911	refusal	FinalHashAggregateStream[0]	1	13099097	32950031	96564379	8	4	0	33554432	FinalHashAggregateStream=59299839;PartialHashAggregateStream=32672840;RepartitionExec=4591700
event	5561078	refusal	PartialHashAggregateStream[0]	1	8454732	29381825	112807174	8	4	0	33554432	FinalHashAggregateStream=61630617;PartialHashAggregateStream=42906617;RepartitionExec=8269940
event	5564088	refusal	FinalHashAggregateStream[1]	1	6319935	31905057	119972029	8	4	0	33554432	FinalHashAggregateStream=64855088;PartialHashAggregateStream=42906617;RepartitionExec=12210324
event	5569305	release_after_refusal	PartialHashAggregateStream[0]	1	15860873	13520952	104111156	8	4	0		FinalHashAggregateStream=64855088;PartialHashAggregateStream=27045744;RepartitionExec=12210324
event	5576771	release_after_refusal	FinalHashAggregateStream[0]	1	32949351	680	73000925	8	4	0		FinalHashAggregateStream=31905737;PartialHashAggregateStream=27045744;RepartitionExec=14049444
event	5586498	release_after_refusal	FinalHashAggregateStream[1]	1	31904377	680	45440455	8	4	0		PartialHashAggregateStream=27045744;FinalHashAggregateStream=12877351;RepartitionExec=5517360
event	5610606	refusal	PartialHashAggregateStream[1]	1	8455401	29383888	91484575	8	4	0	33554432	FinalHashAggregateStream=55653350;PartialHashAggregateStream=33861033;RepartitionExec=1970192
event	5618540	release_after_refusal	PartialHashAggregateStream[1]	1	15861656	13522232	87676189	8	4	0		FinalHashAggregateStream=55653350;PartialHashAggregateStream=30052647;RepartitionExec=1970192
event	5628573	refusal	FinalHashAggregateStream[1]	1	2092301	32292925	120016703	8	4	0	33554432	FinalHashAggregateStream=64176173;PartialHashAggregateStream=46252610;RepartitionExec=9587920
event	5629823	refusal	PartialHashAggregateStream[0]	1	14224357	32730378	120016703	8	4	0	33554432	FinalHashAggregateStream=64176173;PartialHashAggregateStream=46252610;RepartitionExec=9587920
event	5639622	release_after_refusal	PartialHashAggregateStream[0]	1	16180690	16549688	103836013	8	4	0		FinalHashAggregateStream=64176173;PartialHashAggregateStream=30071920;RepartitionExec=9587920
event	5644451	refusal	FinalHashAggregateStream[0]	1	14294152	31883248	103836013	8	4	0	33554432	FinalHashAggregateStream=64176173;PartialHashAggregateStream=30071920;RepartitionExec=9587920
event	5649962	release_after_refusal	FinalHashAggregateStream[1]	1	32292245	680	71543768	8	4	0		FinalHashAggregateStream=31883928;PartialHashAggregateStream=30071920;RepartitionExec=9587920
event	5668691	release_after_refusal	FinalHashAggregateStream[0]	1	31882568	680	51909358	8	4	0		RepartitionExec=24818247;FinalHashAggregateStream=22613385;PartialHashAggregateStream=4477726
event	5691242	refusal	PartialHashAggregateStream[0]	1	14224121	32600457	124335844	8	4	0	33554432	PartialHashAggregateStream=61987289;FinalHashAggregateStream=57621739;RepartitionExec=4726816
event	5696199	refusal	PartialHashAggregateStream[1]	1	14223953	32600714	126320838	8	4	0	33554432	PartialHashAggregateStream=65201171;FinalHashAggregateStream=61119667
event	5701579	release_after_refusal	PartialHashAggregateStream[0]	1	16050769	16549688	113518441	8	4	0		FinalHashAggregateStream=64368039;PartialHashAggregateStream=49150402
event	5705617	release_after_refusal	PartialHashAggregateStream[1]	1	16051026	16549688	102980663	8	4	0		FinalHashAggregateStream=64368039;PartialHashAggregateStream=33099376;RepartitionExec=5513248
event	5706524	refusal	FinalHashAggregateStream[0]	1	14369738	32010287	105737287	8	4	0	33554432	FinalHashAggregateStream=64368039;PartialHashAggregateStream=33099376;RepartitionExec=8269872
event	5709843	refusal	FinalHashAggregateStream[1]	1	3232790	32357752	105737287	8	4	0	33554432	FinalHashAggregateStream=64368039;PartialHashAggregateStream=33099376;RepartitionExec=8269872
event	5732452	release_after_refusal	FinalHashAggregateStream[0]	1	32009607	680	73727680	8	4	0		PartialHashAggregateStream=33099376;FinalHashAggregateStream=32358432;RepartitionExec=8269872
event	5733083	release_after_refusal	FinalHashAggregateStream[1]	1	32357072	680	38613984	8	4	0		PartialHashAggregateStream=33099376;RepartitionExec=5513248;FinalHashAggregateStream=1360
event	5767964	refusal	PartialHashAggregateStream[1]	1	14223886	32731814	84767722	8	4	0	33554432	PartialHashAggregateStream=49281502;FinalHashAggregateStream=30759404;RepartitionExec=4726816
event	5777230	release_after_refusal	PartialHashAggregateStream[1]	1	16183406	16548408	68584316	8	4	0		PartialHashAggregateStream=33098096;FinalHashAggregateStream=30759404;RepartitionExec=4726816
event	5795644	refusal	FinalHashAggregateStream[0]	1	7865826	31880911	89772646	8	4	0	33554432	FinalHashAggregateStream=63772623;PartialHashAggregateStream=16549088;RepartitionExec=9450935
event	5798209	refusal	FinalHashAggregateStream[1]	1	14254007	31891712	89772646	8	4	0	33554432	FinalHashAggregateStream=63772623;PartialHashAggregateStream=16549088;RepartitionExec=9450935
event	5819095	release_after_refusal	FinalHashAggregateStream[0]	1	31880231	680	57892415	8	4	0		FinalHashAggregateStream=31892392;PartialHashAggregateStream=16549088;RepartitionExec=9450935
event	5822574	release_after_refusal	FinalHashAggregateStream[1]	1	31891032	680	24031191	8	4	0		PartialHashAggregateStream=16549088;RepartitionExec=7480743;FinalHashAggregateStream=1360
event	5846910	refusal	PartialHashAggregateStream[0]	1	14219958	30927836	95139890	8	4	0	33554432	PartialHashAggregateStream=47456985;FinalHashAggregateStream=42958898;RepartitionExec=4724007
event	5856313	release_after_refusal	PartialHashAggregateStream[0]	1	14386596	16541240	96955912	8	4	0		PartialHashAggregateStream=49273007;FinalHashAggregateStream=42958898;RepartitionExec=4724007
event	5857704	refusal	PartialHashAggregateStream[1]	1	14223365	32731767	98926104	8	4	0	33554432	PartialHashAggregateStream=49273007;FinalHashAggregateStream=42958898;RepartitionExec=6694199
event	5867482	release_after_refusal	PartialHashAggregateStream[1]	1	16182719	16549048	100689052	8	4	0		FinalHashAggregateStream=51450933;PartialHashAggregateStream=33090288;RepartitionExec=16147831
event	5875366	refusal	FinalHashAggregateStream[1]	1	14304707	31944113	91909303	8	4	0	33554432	FinalHashAggregateStream=58200308;PartialHashAggregateStream=25041795;RepartitionExec=8667200
event	5887593	refusal	FinalHashAggregateStream[0]	1	14258609	32991014	112968718	8	4	0	33554432	FinalHashAggregateStream=64935127;PartialHashAggregateStream=46063399;RepartitionExec=1970192
event	5890425	refusal	PartialHashAggregateStream[0]	1	8454758	29514351	112968718	8	4	0	33554432	FinalHashAggregateStream=64935127;PartialHashAggregateStream=46063399;RepartitionExec=1970192
event	5898757	release_after_refusal	PartialHashAggregateStream[0]	1	15994039	13520312	96974679	8	4	0		FinalHashAggregateStream=64935127;PartialHashAggregateStream=30069360;RepartitionExec=1970192
event	5902851	release_after_refusal	FinalHashAggregateStream[1]	1	31943433	680	72779662	8	4	0		FinalHashAggregateStream=32991694;PartialHashAggregateStream=30069360;RepartitionExec=9718608
event	5914541	release_after_refusal	FinalHashAggregateStream[0]	1	32990334	680	43097197	8	4	0		PartialHashAggregateStream=16549728;RepartitionExec=13394791;FinalHashAggregateStream=13152678
event	5936099	refusal	PartialHashAggregateStream[0]	1	14223354	32601005	93595445	8	4	0	33554432	PartialHashAggregateStream=49150053;FinalHashAggregateStream=39718576;RepartitionExec=4726816
event	5945764	release_after_refusal	PartialHashAggregateStream[0]	1	16051957	16549048	95380376	8	4	0		FinalHashAggregateStream=57555464;PartialHashAggregateStream=33098096;RepartitionExec=4726816
event	5947536	refusal	FinalHashAggregateStream[0]	1	14258816	30973367	97760200	8	4	0	33554432	FinalHashAggregateStream=58751528;PartialHashAggregateStream=33098096;RepartitionExec=5910576
event	5954980	refusal	FinalHashAggregateStream[1]	1	13102661	32194220	104932883	8	4	0	33554432	FinalHashAggregateStream=63167587;PartialHashAggregateStream=33098096;RepartitionExec=8667200
event	5969385	release_after_refusal	FinalHashAggregateStream[0]	1	30972687	680	73960196	8	4	0		PartialHashAggregateStream=33098096;FinalHashAggregateStream=32194900;RepartitionExec=8667200
event	5976756	release_after_refusal	FinalHashAggregateStream[1]	1	32193540	680	42467596	8	4	0		PartialHashAggregateStream=33098096;RepartitionExec=4726816;FinalHashAggregateStream=4642684
event	6002586	refusal	PartialHashAggregateStream[1]	1	14222447	32600292	108470395	8	4	0	33554432	PartialHashAggregateStream=61983961;FinalHashAggregateStream=46486434
event	6007979	refusal	PartialHashAggregateStream[0]	1	14223521	32598565	111685291	8	4	0	33554432	PartialHashAggregateStream=65198857;FinalHashAggregateStream=46486434
event	6012604	release_after_refusal	PartialHashAggregateStream[1]	1	16051884	16548408	95633407	8	4	0		PartialHashAggregateStream=49146973;FinalHashAggregateStream=46486434
event	6027656	release_after_refusal	PartialHashAggregateStream[0]	1	16050797	16547768	106414877	8	4	0		FinalHashAggregateStream=65048829;PartialHashAggregateStream=33096176;RepartitionExec=8269872
event	6030411	refusal	FinalHashAggregateStream[1]	1	8977566	33332530	113503943	8	4	0	33554432	FinalHashAggregateStream=66227319;PartialHashAggregateStream=33096176;RepartitionExec=14180448
event	6032267	refusal	FinalHashAggregateStream[0]	1	13097822	32894789	113503943	8	4	0	33554432	FinalHashAggregateStream=66227319;PartialHashAggregateStream=33096176;RepartitionExec=14180448
event	6055921	release_after_refusal	FinalHashAggregateStream[1]	1	33331850	680	80172093	8	4	0		PartialHashAggregateStream=33096176;FinalHashAggregateStream=32895469;RepartitionExec=14180448
event	6057929	release_after_refusal	FinalHashAggregateStream[0]	1	32894109	680	28760064	8	4	0		PartialHashAggregateStream=16548448;RepartitionExec=12210256;FinalHashAggregateStream=1360
event	6083038	refusal	PartialHashAggregateStream[1]	1	14221186	32595375	90134863	8	4	0	33554432	FinalHashAggregateStream=49047236;PartialHashAggregateStream=41087627
event	6093370	release_after_refusal	PartialHashAggregateStream[1]	1	16048887	16546488	92676271	8	4	0		FinalHashAggregateStream=49047236;PartialHashAggregateStream=43629035
event	6098490	refusal	PartialHashAggregateStream[0]	1	8453111	29379674	100061160	8	4	0	33554432	FinalHashAggregateStream=51378374;PartialHashAggregateStream=45926162;RepartitionExec=2756624
event	6106693	release_after_refusal	PartialHashAggregateStream[0]	1	15860642	13519032	86195439	8	4	0		FinalHashAggregateStream=63222095;PartialHashAggregateStream=13519712;RepartitionExec=9453632
event	6107063	refusal	FinalHashAggregateStream[0]	1	3248444	31263288	88165631	8	4	0	33554432	FinalHashAggregateStream=63222095;PartialHashAggregateStream=13519712;RepartitionExec=11423824
event	6110634	refusal	FinalHashAggregateStream[1]	1	14150750	31958807	88165631	8	4	0	33554432	FinalHashAggregateStream=63222095;PartialHashAggregateStream=13519712;RepartitionExec=11423824
event	6127678	release_after_refusal	FinalHashAggregateStream[0]	1	31262608	680	56903023	8	4	0		FinalHashAggregateStream=31959487;PartialHashAggregateStream=13519712;RepartitionExec=11423824
event	6135360	release_after_refusal	FinalHashAggregateStream[1]	1	31958127	680	29891253	8	4	0		PartialHashAggregateStream=17996394;FinalHashAggregateStream=7168043;RepartitionExec=4726816
event	6156653	refusal	PartialHashAggregateStream[1]	1	14224185	32594566	97769850	8	4	0	33554432	FinalHashAggregateStream=51402788;PartialHashAggregateStream=46367062
event	6166726	release_after_refusal	PartialHashAggregateStream[1]	1	16044238	16550328	98504709	8	4	0		FinalHashAggregateStream=52573289;PartialHashAggregateStream=45931420
event	6172362	refusal	PartialHashAggregateStream[0]	1	14222507	32595779	104011624	8	4	0	33554432	FinalHashAggregateStream=54865517;PartialHashAggregateStream=49146107
event	6178583	refusal	FinalHashAggregateStream[0]	1	14227375	31976218	112384298	8	4	0	33554432	FinalHashAggregateStream=63238191;PartialHashAggregateStream=49146107
event	6182309	release_after_refusal	PartialHashAggregateStream[0]	1	16048011	16547768	96336287	8	4	0		FinalHashAggregateStream=63238191;PartialHashAggregateStream=33098096
event	6186620	refusal	FinalHashAggregateStream[1]	1	3240275	31261973	99092911	8	4	0	33554432	FinalHashAggregateStream=63238191;PartialHashAggregateStream=33098096;RepartitionExec=2756624
event	6205195	release_after_refusal	FinalHashAggregateStream[0]	1	31975538	680	67117373	8	4	0		PartialHashAggregateStream=33098096;FinalHashAggregateStream=31262653;RepartitionExec=2756624
event	6209003	release_after_refusal	FinalHashAggregateStream[1]	1	31261293	680	38612704	8	4	0		PartialHashAggregateStream=33098096;RepartitionExec=5513248;FinalHashAggregateStream=1360
event	6236356	refusal	PartialHashAggregateStream[1]	1	8453562	29380183	71490151	8	4	0	33554432	PartialHashAggregateStream=45927951;FinalHashAggregateStream=25562200
event	6244141	release_after_refusal	PartialHashAggregateStream[1]	1	15861791	13518392	55628360	8	4	0		PartialHashAggregateStream=30066160;FinalHashAggregateStream=25562200
event	6266193	refusal	FinalHashAggregateStream[0]	1	14240351	31818542	101844568	8	4	0	33554432	FinalHashAggregateStream=62586920;PartialHashAggregateStream=30066160;RepartitionExec=9191488
event	6268657	refusal	FinalHashAggregateStream[1]	1	7859094	31943289	100262855	8	4	0	33554432	FinalHashAggregateStream=63761831;PartialHashAggregateStream=30066160;RepartitionExec=6434864
event	6291417	release_after_refusal	FinalHashAggregateStream[1]	1	31942609	680	68320246	8	4	0		FinalHashAggregateStream=31819222;PartialHashAggregateStream=30066160;RepartitionExec=6434864
event	6291526	release_after_refusal	FinalHashAggregateStream[0]	1	31817862	680	22984672	8	4	0		PartialHashAggregateStream=16548448;RepartitionExec=6434864;FinalHashAggregateStream=1360
event	6316649	refusal	PartialHashAggregateStream[1]	1	14219737	31416729	84561193	8	4	0	33554432	PartialHashAggregateStream=56201202;FinalHashAggregateStream=25607974;RepartitionExec=2752017
event	6325142	refusal	PartialHashAggregateStream[0]	1	14219905	32592404	92369124	8	4	0	33554432	PartialHashAggregateStream=64009133;FinalHashAggregateStream=25607974;RepartitionExec=2752017
event	6327309	release_after_refusal	PartialHashAggregateStream[1]	1	14875745	16540984	77493379	8	4	0		PartialHashAggregateStream=49133388;FinalHashAggregateStream=25607974;RepartitionExec=2752017
event	6334415	release_after_refusal	PartialHashAggregateStream[0]	1	16047196	16545208	68503660	8	4	0		PartialHashAggregateStream=33086192;FinalHashAggregateStream=27938635;RepartitionExec=7478833
event	6357632	refusal	FinalHashAggregateStream[1]	1	13653263	31796696	108024963	8	4	0	33554432	FinalHashAggregateStream=63802875;PartialHashAggregateStream=41465464;RepartitionExec=2756624
event	6358534	refusal	FinalHashAggregateStream[0]	1	14382859	32006179	108024963	8	4	0	33554432	FinalHashAggregateStream=63802875;PartialHashAggregateStream=41465464;RepartitionExec=2756624
event	6369017	refusal	PartialHashAggregateStream[1]	1	14223297	32729945	115834652	8	4	0	33554432	FinalHashAggregateStream=63802875;PartialHashAggregateStream=49275153;RepartitionExec=2756624
event	6378505	release_after_refusal	PartialHashAggregateStream[1]	1	16181537	16548408	99653115	8	4	0		FinalHashAggregateStream=63802875;PartialHashAggregateStream=33093616;RepartitionExec=2756624
event	6384658	release_after_refusal	FinalHashAggregateStream[1]	1	31796016	680	73767675	8	4	0		PartialHashAggregateStream=33093616;FinalHashAggregateStream=32006859;RepartitionExec=8667200
event	6386425	release_after_refusal	FinalHashAggregateStream[0]	1	32005499	680	41761280	8	4	0		PartialHashAggregateStream=33093616;RepartitionExec=8666304;FinalHashAggregateStream=1360
event	6420477	refusal	PartialHashAggregateStream[0]	1	14354317	32595272	103872035	8	4	0	33554432	PartialHashAggregateStream=49124227;FinalHashAggregateStream=44110416;RepartitionExec=10637392
event	6429929	release_after_refusal	PartialHashAggregateStream[0]	1	16048784	16546488	103892021	8	4	0		PartialHashAggregateStream=49144213;FinalHashAggregateStream=44110416;RepartitionExec=10637392
event	6431296	refusal	PartialHashAggregateStream[1]	1	14222228	32597725	106648645	8	4	0	33554432	PartialHashAggregateStream=49144213;FinalHashAggregateStream=44110416;RepartitionExec=13394016
event	6433296	refusal	FinalHashAggregateStream[1]	1	13099124	31941716	106648645	8	4	0	33554432	PartialHashAggregateStream=49144213;FinalHashAggregateStream=44110416;RepartitionExec=13394016
event	6440793	release_after_refusal	PartialHashAggregateStream[1]	1	16049957	16547768	96118126	8	4	0		FinalHashAggregateStream=56326862;PartialHashAggregateStream=33094256;RepartitionExec=6697008
event	6455521	refusal	FinalHashAggregateStream[0]	1	14258753	32296127	105601971	8	4	0	33554432	FinalHashAggregateStream=64237843;PartialHashAggregateStream=33094256;RepartitionExec=8269872
event	6457675	release_after_refusal	FinalHashAggregateStream[1]	1	31941036	680	73660935	8	4	0		PartialHashAggregateStream=33094256;FinalHashAggregateStream=32296807;RepartitionExec=8269872
event	6480305	release_after_refusal	FinalHashAggregateStream[0]	1	32295447	680	69677949	8	4	0		PartialHashAggregateStream=30317717;FinalHashAggregateStream=25179784;RepartitionExec=14180448
event	6494773	refusal	PartialHashAggregateStream[0]	1	14221268	32589833	92240091	8	4	0	33554432	PartialHashAggregateStream=49137601;FinalHashAggregateStream=40345866;RepartitionExec=2756624
event	6504621	release_after_refusal	PartialHashAggregateStream[0]	1	16045905	16543928	91528306	8	4	0		FinalHashAggregateStream=53709794;PartialHashAggregateStream=33091696;RepartitionExec=4726816
event	6510284	refusal	FinalHashAggregateStream[1]	1	14284108	31940767	102967361	8	4	0	33554432	FinalHashAggregateStream=61605793;PartialHashAggregateStream=33091696;RepartitionExec=8269872
event	6513804	refusal	FinalHashAggregateStream[0]	1	8343259	29665026	102967361	8	4	0	33554432	FinalHashAggregateStream=61605793;PartialHashAggregateStream=33091696;RepartitionExec=8269872
event	6535568	release_after_refusal	FinalHashAggregateStream[1]	1	31940087	680	71027274	8	4	0		PartialHashAggregateStream=33091696;FinalHashAggregateStream=29665706;RepartitionExec=8269872
event	6535728	release_after_refusal	FinalHashAggregateStream[0]	1	29664346	680	38606304	8	4	0		PartialHashAggregateStream=33091696;RepartitionExec=5513248;FinalHashAggregateStream=1360
event	6562639	refusal	PartialHashAggregateStream[1]	1	14223421	32600827	92021818	8	4	0	33554432	PartialHashAggregateStream=59683226;FinalHashAggregateStream=20915664;RepartitionExec=11422928
event	6569012	refusal	PartialHashAggregateStream[0]	1	14221687	32593788	97533207	8	4	0	33554432	PartialHashAggregateStream=65194615;FinalHashAggregateStream=20915664;RepartitionExec=11422928
event	6572587	release_after_refusal	PartialHashAggregateStream[1]	1	16051779	16549048	81481428	8	4	0		PartialHashAggregateStream=49142836;FinalHashAggregateStream=20915664;RepartitionExec=11422928
event	6578787	release_after_refusal	PartialHashAggregateStream[0]	1	16047300	16546488	83501732	8	4	0		FinalHashAggregateStream=34256452;PartialHashAggregateStream=33095536;RepartitionExec=16149744
event	6595793	refusal	FinalHashAggregateStream[0]	1	14258429	32938160	105491406	8	4	0	33554432	FinalHashAggregateStream=60444616;RepartitionExec=24023184;PartialHashAggregateStream=21023606
event	6600515	refusal	FinalHashAggregateStream[1]	1	7857366	31938100	113707308	8	4	0	33554432	FinalHashAggregateStream=64876260;PartialHashAggregateStream=30321112;RepartitionExec=18509936
event	6616051	refusal	PartialHashAggregateStream[1]	1	14223974	32601821	132534505	8	4	0	33554432	FinalHashAggregateStream=64876260;PartialHashAggregateStream=49148309;RepartitionExec=18509936
event	6623354	release_after_refusal	FinalHashAggregateStream[0]	1	32937480	680	99597025	8	4	0		PartialHashAggregateStream=49148309;FinalHashAggregateStream=31938780;RepartitionExec=18509936
event	6623783	release_after_refusal	FinalHashAggregateStream[1]	1	31937420	680	67659605	8	4	0		PartialHashAggregateStream=49148309;RepartitionExec=18509936;FinalHashAggregateStream=1360
event	6626919	release_after_refusal	PartialHashAggregateStream[1]	1	16052773	16549048	50869246	8	4	0		PartialHashAggregateStream=33095536;RepartitionExec=14966880;FinalHashAggregateStream=2806830
event	6656018	refusal	FinalHashAggregateStream[1]	1	14268948	30727572	101759223	8	4	0	33554432	FinalHashAggregateStream=58122522;PartialHashAggregateStream=43636701
event	6662900	refusal	PartialHashAggregateStream[0]	1	14223425	32599154	107270724	8	4	0	33554432	FinalHashAggregateStream=58122522;PartialHashAggregateStream=49148202
event	6672571	release_after_refusal	PartialHashAggregateStream[0]	1	16048826	16550328	91221898	8	4	0		FinalHashAggregateStream=58122522;PartialHashAggregateStream=33099376
event	6678003	release_after_refusal	FinalHashAggregateStream[1]	1	30726892	680	62823297	8	4	0		PartialHashAggregateStream=33099376;FinalHashAggregateStream=29723921
event	6682933	refusal	FinalHashAggregateStream[0]	1	14258681	31808066	74829922	8	4	0	33554432	FinalHashAggregateStream=36217298;PartialHashAggregateStream=33099376;RepartitionExec=5513248
event	6706983	release_after_refusal	FinalHashAggregateStream[0]	1	31807386	680	45601117	8	4	0		PartialHashAggregateStream=33099376;FinalHashAggregateStream=9745117;RepartitionExec=2756624
event	6732177	refusal	PartialHashAggregateStream[1]	1	14223246	32729088	87548276	8	4	0	33554432	PartialHashAggregateStream=46501090;FinalHashAggregateStream=29623362;RepartitionExec=11423824
event	6741865	release_after_refusal	PartialHashAggregateStream[1]	1	16180040	16549048	86980248	8	4	0		PartialHashAggregateStream=45933062;FinalHashAggregateStream=29623362;RepartitionExec=11423824
event	6745546	refusal	PartialHashAggregateStream[0]	1	14223581	32598521	102518201	8	4	0	33554432	PartialHashAggregateStream=49147569;FinalHashAggregateStream=31706744;RepartitionExec=21663888
event	6749397	refusal	FinalHashAggregateStream[1]	1	14222227	31706064	105188865	8	4	0	33554432	PartialHashAggregateStream=49147569;FinalHashAggregateStream=36347600;RepartitionExec=19693696
event	6755627	release_after_refusal	PartialHashAggregateStream[0]	1	16049473	16549048	91000474	8	4	0		FinalHashAggregateStream=45692122;PartialHashAggregateStream=33098096;RepartitionExec=12210256
event	6775480	refusal	FinalHashAggregateStream[0]	1	13109426	32940110	111924718	8	4	0	33554432	FinalHashAggregateStream=64646174;PartialHashAggregateStream=33098096;RepartitionExec=14180448
event	6775645	release_after_refusal	FinalHashAggregateStream[1]	1	31705384	680	80219334	8	4	0		PartialHashAggregateStream=33098096;FinalHashAggregateStream=32940790;RepartitionExec=14180448
event	6800807	release_after_refusal	FinalHashAggregateStream[0]	1	32939430	680	52677274	8	4	0		FinalHashAggregateStream=28509641;RepartitionExec=19689988;PartialHashAggregateStream=4477645
event	6820199	refusal	PartialHashAggregateStream[1]	1	14222657	32600094	116885687	8	4	0	33554432	PartialHashAggregateStream=62112806;FinalHashAggregateStream=54772881
event	6824435	refusal	PartialHashAggregateStream[0]	1	14221481	32725142	122429192	8	4	0	33554432	PartialHashAggregateStream=65325236;FinalHashAggregateStream=57103956
event	6830516	release_after_refusal	PartialHashAggregateStream[1]	1	16051046	16549048	106378146	8	4	0		FinalHashAggregateStream=57103956;PartialHashAggregateStream=49274190
event	6834006	release_after_refusal	PartialHashAggregateStream[0]	1	16178014	16547128	90200132	8	4	0		FinalHashAggregateStream=57103956;PartialHashAggregateStream=33096176
event	6835678	refusal	FinalHashAggregateStream[1]	1	14258384	31781906	100014719	8	4	0	33554432	FinalHashAggregateStream=59435103;PartialHashAggregateStream=33096176;RepartitionExec=7483440
event	6845563	refusal	FinalHashAggregateStream[0]	1	14247756	32032548	101637446	8	4	0	33554432	FinalHashAggregateStream=63814454;PartialHashAggregateStream=33096176;RepartitionExec=4726816
event	6861683	release_after_refusal	FinalHashAggregateStream[1]	1	31781226	680	69856220	8	4	0		PartialHashAggregateStream=33096176;FinalHashAggregateStream=32033228;RepartitionExec=4726816
event	6868782	release_after_refusal	FinalHashAggregateStream[0]	1	32031868	680	47739572	8	4	0		PartialHashAggregateStream=33096176;RepartitionExec=7483440;FinalHashAggregateStream=7159956
event	6903739	refusal	PartialHashAggregateStream[0]	1	14223581	32731091	119322941	8	4	0	33554432	PartialHashAggregateStream=62118714;FinalHashAggregateStream=57204227
event	6907886	refusal	PartialHashAggregateStream[1]	1	14223314	32602573	122537891	8	4	0	33554432	PartialHashAggregateStream=65333664;FinalHashAggregateStream=57204227
event	6913914	release_after_refusal	PartialHashAggregateStream[0]	1	16182043	16549048	106355848	8	4	0		FinalHashAggregateStream=57204227;PartialHashAggregateStream=49151621
event	6917023	release_after_refusal	PartialHashAggregateStream[1]	1	16052885	16549688	90302963	8	4	0		FinalHashAggregateStream=57204227;PartialHashAggregateStream=33098736
event	6922074	refusal	FinalHashAggregateStream[1]	1	14222363	32113916	97605598	8	4	0	33554432	FinalHashAggregateStream=61750238;PartialHashAggregateStream=33098736;RepartitionExec=2756624
event	6929155	refusal	FinalHashAggregateStream[0]	1	14258591	31722032	112298892	8	4	0	33554432	FinalHashAggregateStream=63835948;PartialHashAggregateStream=33098736;RepartitionExec=15364208
event	6947887	release_after_refusal	FinalHashAggregateStream[1]	1	32113236	680	80185656	8	4	0		PartialHashAggregateStream=33098736;FinalHashAggregateStream=31722712;RepartitionExec=15364208
event	6954579	release_after_refusal	FinalHashAggregateStream[0]	1	31721352	680	48752186	8	4	0		PartialHashAggregateStream=33098736;RepartitionExec=8667200;FinalHashAggregateStream=6986250
event	6976954	refusal	FinalHashAggregateStream[1]	1	1175793	33319140	72362447	8	4	0	33554432	FinalHashAggregateStream=49138148;PartialHashAggregateStream=13773137;RepartitionExec=9451162
event	6990829	refusal	PartialHashAggregateStream[0]	1	8455234	29515995	96927153	8	4	0	33554432	FinalHashAggregateStream=57423180;PartialHashAggregateStream=33993195;RepartitionExec=5510778
event	6997155	release_after_refusal	FinalHashAggregateStream[1]	1	33318460	680	75235144	8	4	0		PartialHashAggregateStream=43288751;FinalHashAggregateStream=26435615;RepartitionExec=5510778
event	7001114	release_after_refusal	PartialHashAggregateStream[0]	1	15994403	13521592	67551690	8	4	0		PartialHashAggregateStream=38311131;FinalHashAggregateStream=29240559
event	7010973	refusal	PartialHashAggregateStream[1]	1	14224774	32599289	95798124	8	4	0	33554432	PartialHashAggregateStream=46120881;FinalHashAggregateStream=45867931;RepartitionExec=3809312
event	7011688	refusal	FinalHashAggregateStream[0]	1	6399119	31984466	95798124	8	4	0	33554432	PartialHashAggregateStream=46120881;FinalHashAggregateStream=45867931;RepartitionExec=3809312
event	7024401	release_after_refusal	PartialHashAggregateStream[1]	1	16048961	16550328	80993252	8	4	0		FinalHashAggregateStream=52009241;PartialHashAggregateStream=25043627;RepartitionExec=3940384
event	7038649	release_after_refusal	FinalHashAggregateStream[0]	1	31983786	680	80033291	8	4	0		FinalHashAggregateStream=29771705;PartialHashAggregateStream=29384130;RepartitionExec=20877456
event	7041673	refusal	PartialHashAggregateStream[0]	1	8454170	29383450	82539023	8	4	0	33554432	PartialHashAggregateStream=33860054;FinalHashAggregateStream=29771705;RepartitionExec=18907264
event	7046947	refusal	FinalHashAggregateStream[1]	1	14277908	33019730	95786033	8	4	0	33554432	PartialHashAggregateStream=43157689;FinalHashAggregateStream=37661464;RepartitionExec=14966880
event	7051544	release_after_refusal	PartialHashAggregateStream[0]	1	15862498	13520952	90725078	8	4	0		FinalHashAggregateStream=47025687;PartialHashAggregateStream=32672895;RepartitionExec=11026496
event	7064072	refusal	PartialHashAggregateStream[1]	1	14224125	32733307	112355846	8	4	0	33554432	FinalHashAggregateStream=60453155;PartialHashAggregateStream=46254259;RepartitionExec=5648432
event	7073882	refusal	FinalHashAggregateStream[0]	1	14236130	31846406	118607947	8	4	0	33554432	FinalHashAggregateStream=64866136;PartialHashAggregateStream=46254259;RepartitionExec=7487552
event	7074225	release_after_refusal	PartialHashAggregateStream[1]	1	16184259	16549048	102423688	8	4	0		FinalHashAggregateStream=64866136;PartialHashAggregateStream=30070000;RepartitionExec=7487552
event	7075988	release_after_refusal	FinalHashAggregateStream[1]	1	33019050	680	79644702	8	4	0		FinalHashAggregateStream=31847086;PartialHashAggregateStream=30070000;RepartitionExec=17727616
event	7097915	release_after_refusal	FinalHashAggregateStream[0]	1	31845726	680	53203838	8	4	0		FinalHashAggregateStream=26421396;PartialHashAggregateStream=13521632;RepartitionExec=13260810
event	7120249	refusal	PartialHashAggregateStream[1]	1	14224830	32603127	91355820	8	4	0	33554432	FinalHashAggregateStream=55076694;PartialHashAggregateStream=32603807;RepartitionExec=3675319
event	7128197	refusal	FinalHashAggregateStream[1]	1	14190183	32018031	94468561	8	4	0	33554432	FinalHashAggregateStream=61864754;PartialHashAggregateStream=32603807
event	7130278	release_after_refusal	PartialHashAggregateStream[1]	1	16052799	16550328	78415762	8	4	0		FinalHashAggregateStream=61864754;PartialHashAggregateStream=16551008
event	7135380	refusal	FinalHashAggregateStream[0]	1	13012699	31950718	82489949	8	4	0	33554432	FinalHashAggregateStream=63968749;PartialHashAggregateStream=16551008;RepartitionExec=1970192
event	7153921	release_after_refusal	FinalHashAggregateStream[1]	1	32017351	680	50472598	8	4	0		FinalHashAggregateStream=31951398;PartialHashAggregateStream=16551008;RepartitionExec=1970192
event	7159241	release_after_refusal	FinalHashAggregateStream[0]	1	31950038	680	21193098	8	4	0		PartialHashAggregateStream=16551008;FinalHashAggregateStream=4642090
event	7178554	refusal	PartialHashAggregateStream[0]	1	8456897	29515199	79968101	8	4	0	33554432	PartialHashAggregateStream=43287634;FinalHashAggregateStream=36680467
event	7186897	release_after_refusal	PartialHashAggregateStream[0]	1	15992327	13522872	79718730	8	4	0		PartialHashAggregateStream=43038263;FinalHashAggregateStream=36680467
event	7189861	refusal	PartialHashAggregateStream[1]	1	8455025	29515391	81557850	8	4	0	33554432	PartialHashAggregateStream=43038263;FinalHashAggregateStream=36680467;RepartitionExec=1839120
event	7199043	release_after_refusal	PartialHashAggregateStream[1]	1	15993799	13521592	77165463	8	4	0		FinalHashAggregateStream=53649348;PartialHashAggregateStream=17998755;RepartitionExec=5517360
event	7205784	refusal	FinalHashAggregateStream[1]	1	14243717	32975417	93644374	8	4	0	33554432	FinalHashAggregateStream=62669630;PartialHashAggregateStream=27296504;RepartitionExec=3678240
event	7212281	refusal	FinalHashAggregateStream[0]	1	13097912	32931938	112036511	8	4	0	33554432	FinalHashAggregateStream=65907355;PartialHashAggregateStream=40611796;RepartitionExec=5517360
event	7220682	refusal	PartialHashAggregateStream[0]	1	14223658	32602589	117548896	8	4	0	33554432	FinalHashAggregateStream=65907355;PartialHashAggregateStream=46124181;RepartitionExec=5517360
event	7230174	release_after_refusal	PartialHashAggregateStream[0]	1	16052901	16549688	101495995	8	4	0		FinalHashAggregateStream=65907355;PartialHashAggregateStream=30071280;RepartitionExec=5517360
event	7232186	release_after_refusal	FinalHashAggregateStream[1]	1	32974737	680	70491450	8	4	0		FinalHashAggregateStream=32932618;PartialHashAggregateStream=30071280;RepartitionExec=7487552
event	7239690	release_after_refusal	FinalHashAggregateStream[0]	1	32931258	680	46485067	8	4	0		PartialHashAggregateStream=30071280;RepartitionExec=9588816;FinalHashAggregateStream=6824971
event	7264197	refusal	FinalHashAggregateStream[1]	1	3242525	31223425	105039892	8	4	0	33554432	FinalHashAggregateStream=58645449;PartialHashAggregateStream=43637819;RepartitionExec=2756624
event	7270298	refusal	PartialHashAggregateStream[1]	1	14224396	32599648	110551409	8	4	0	33554432	FinalHashAggregateStream=58645449;PartialHashAggregateStream=49149336;RepartitionExec=2756624
event	7279978	release_after_refusal	PartialHashAggregateStream[1]	1	16049320	16550328	94502089	8	4	0		FinalHashAggregateStream=58645449;PartialHashAggregateStream=33100016;RepartitionExec=2756624
event	7286471	release_after_refusal	FinalHashAggregateStream[1]	1	31222745	680	72406370	8	4	0		PartialHashAggregateStream=33100016;FinalHashAggregateStream=31822914;RepartitionExec=7483440
event	7293005	refusal	FinalHashAggregateStream[0]	1	14294161	33003049	63375256	8	4	0	33554432	FinalHashAggregateStream=40128136;PartialHashAggregateStream=16551008;RepartitionExec=6696112
event	7316948	refusal	PartialHashAggregateStream[0]	1	14223037	32730736	96105312	8	4	0	33554432	PartialHashAggregateStream=49281064;FinalHashAggregateStream=40128136;RepartitionExec=6696112
event	7320033	release_after_refusal	FinalHashAggregateStream[0]	1	33002369	680	63102943	8	4	0		PartialHashAggregateStream=49281064;FinalHashAggregateStream=7125767;RepartitionExec=6696112
event	7326558	release_after_refusal	PartialHashAggregateStream[0]	1	16181688	16549048	40451122	8	4	0		PartialHashAggregateStream=16549728;FinalHashAggregateStream=12480491;RepartitionExec=11420903
event	7349117	refusal	PartialHashAggregateStream[1]	1	14222979	32598474	99616971	8	4	0	33554432	FinalHashAggregateStream=60572297;PartialHashAggregateStream=37074482;RepartitionExec=1970192
event	7352749	refusal	FinalHashAggregateStream[1]	1	8430930	29866280	103634028	8	4	0	33554432	FinalHashAggregateStream=60572297;PartialHashAggregateStream=41091539;RepartitionExec=1970192
event	7358912	release_after_refusal	PartialHashAggregateStream[1]	1	16050706	16547768	95617046	8	4	0		FinalHashAggregateStream=60572297;PartialHashAggregateStream=33074557;RepartitionExec=1970192
event	7363634	refusal	FinalHashAggregateStream[0]	1	9015972	30706017	113656073	8	4	0	33554432	FinalHashAggregateStream=60572297;PartialHashAggregateStream=43630144;RepartitionExec=9453632
event	7370349	refusal	PartialHashAggregateStream[0]	1	14221720	32595080	119168777	8	4	0	33554432	FinalHashAggregateStream=60572297;PartialHashAggregateStream=49142848;RepartitionExec=9453632
event	7375977	release_after_refusal	FinalHashAggregateStream[1]	1	29865600	680	89303177	8	4	0		PartialHashAggregateStream=49142848;FinalHashAggregateStream=30706697;RepartitionExec=9453632
event	7380678	release_after_refusal	PartialHashAggregateStream[0]	1	16049232	16545848	73954282	8	4	0		FinalHashAggregateStream=35347418;PartialHashAggregateStream=33093616;RepartitionExec=5513248
event	7388650	release_after_refusal	FinalHashAggregateStream[0]	1	30705337	680	58122575	8	4	0		PartialHashAggregateStream=33093616;FinalHashAggregateStream=12818703;RepartitionExec=12210256
event	7413305	refusal	FinalHashAggregateStream[1]	1	14257502	32940314	104496517	8	4	0	33554432	FinalHashAggregateStream=60403094;PartialHashAggregateStream=41336799;RepartitionExec=2756624
event	7422520	refusal	PartialHashAggregateStream[0]	1	14222211	32597448	112304934	8	4	0	33554432	FinalHashAggregateStream=60403094;PartialHashAggregateStream=49145216;RepartitionExec=2756624
event	7431890	release_after_refusal	PartialHashAggregateStream[0]	1	16049040	16548408	96255894	8	4	0		FinalHashAggregateStream=60403094;PartialHashAggregateStream=33096176;RepartitionExec=2756624
event	7438319	release_after_refusal	FinalHashAggregateStream[1]	1	32939634	680	74834396	8	4	0		PartialHashAggregateStream=33096176;FinalHashAggregateStream=30711724;RepartitionExec=11026496
event	7442764	refusal	FinalHashAggregateStream[0]	1	13110014	32987051	76081496	8	4	0	33554432	FinalHashAggregateStream=38258504;PartialHashAggregateStream=33096176;RepartitionExec=4726816
event	7467637	release_after_refusal	FinalHashAggregateStream[0]	1	32986371	680	84266399	8	4	0		PartialHashAggregateStream=40991881;FinalHashAggregateStream=26341826;RepartitionExec=16932692
event	7473363	refusal	PartialHashAggregateStream[1]	1	8455868	29383480	95669281	8	4	0	33554432	PartialHashAggregateStream=54305498;FinalHashAggregateStream=29157907;RepartitionExec=12205876
event	7481760	release_after_refusal	PartialHashAggregateStream[1]	1	15861888	13521592	90874752	8	4	0		PartialHashAggregateStream=46254756;FinalHashAggregateStream=42649804;RepartitionExec=1970192
event	7484032	refusal	PartialHashAggregateStream[0]	1	14224121	32733164	96308209	8	4	0	33554432	PartialHashAggregateStream=46254756;FinalHashAggregateStream=44274845;RepartitionExec=5778608
event	7493976	release_after_refusal	PartialHashAggregateStream[0]	1	16183476	16549688	87311022	8	4	0		FinalHashAggregateStream=57494494;PartialHashAggregateStream=16550368;RepartitionExec=13266160
event	7497719	refusal	FinalHashAggregateStream[0]	1	3248597	31153348	89281214	8	4	0	33554432	FinalHashAggregateStream=57494494;PartialHashAggregateStream=16550368;RepartitionExec=15236352
event	7504422	refusal	FinalHashAggregateStream[1]	1	7865316	31926641	102991117	8	4	0	33554432	FinalHashAggregateStream=63079989;PartialHashAggregateStream=30322312;RepartitionExec=9588816
event	7518021	release_after_refusal	FinalHashAggregateStream[0]	1	31152668	680	90662280	8	4	0		PartialHashAggregateStream=49146143;FinalHashAggregateStream=31927321;RepartitionExec=9588816
event	7519397	refusal	PartialHashAggregateStream[1]	1	14221744	32596455	92631576	8	4	0	33554432	PartialHashAggregateStream=49146143;FinalHashAggregateStream=31927321;RepartitionExec=11558112
event	7528218	release_after_refusal	FinalHashAggregateStream[1]	1	31925961	680	75697735	8	4	0		PartialHashAggregateStream=49146143;RepartitionExec=17857792;FinalHashAggregateStream=8693800
event	7529409	release_after_refusal	PartialHashAggregateStream[1]	1	16049327	16547128	60197484	8	4	0		PartialHashAggregateStream=33096816;FinalHashAggregateStream=13969692;RepartitionExec=13130976
event	7551702	refusal	FinalHashAggregateStream[0]	1	14258348	31795670	95507542	8	4	0	33554432	FinalHashAggregateStream=59426295;PartialHashAggregateStream=19148555;RepartitionExec=16932692
event	7560313	refusal	FinalHashAggregateStream[1]	1	13101591	32011929	104743725	8	4	0	33554432	FinalHashAggregateStream=63807599;PartialHashAggregateStream=29516682;RepartitionExec=11419444
event	7560650	refusal	PartialHashAggregateStream[0]	1	8455569	29516002	104743725	8	4	0	33554432	FinalHashAggregateStream=63807599;PartialHashAggregateStream=29516682;RepartitionExec=11419444
event	7569179	release_after_refusal	PartialHashAggregateStream[0]	1	15994410	13521592	88749315	8	4	0		FinalHashAggregateStream=63807599;PartialHashAggregateStream=13522272;RepartitionExec=11419444
event	7575581	release_after_refusal	FinalHashAggregateStream[0]	1	31794990	680	58924517	8	4	0		FinalHashAggregateStream=32012609;PartialHashAggregateStream=13522272;RepartitionExec=13389636
event	7582984	release_after_refusal	FinalHashAggregateStream[1]	1	32011249	680	45463445	8	4	0		PartialHashAggregateStream=22013512;RepartitionExec=16285824;FinalHashAggregateStream=7164109
event	7600314	refusal	PartialHashAggregateStream[1]	1	14222256	32725881	96185022	8	4	0	33554432	PartialHashAggregateStream=46631419;FinalHashAggregateStream=42066051;RepartitionExec=7487552
event	7610352	release_after_refusal	PartialHashAggregateStream[1]	1	16179393	16546488	101056665	8	4	0		FinalHashAggregateStream=54992290;PartialHashAggregateStream=46064375
event	7616080	refusal	PartialHashAggregateStream[0]	1	14224348	32732394	109758468	8	4	0	33554432	FinalHashAggregateStream=58509394;PartialHashAggregateStream=49278882;RepartitionExec=1970192
event	7621961	refusal	FinalHashAggregateStream[1]	1	14258438	32977727	111036972	8	4	0	33554432	FinalHashAggregateStream=61758090;PartialHashAggregateStream=49278882
event	7625779	release_after_refusal	PartialHashAggregateStream[0]	1	16182706	16549688	94854266	8	4	0		FinalHashAggregateStream=61758090;PartialHashAggregateStream=33096176
event	7632750	refusal	FinalHashAggregateStream[0]	1	13079379	32027526	102828245	8	4	0	33554432	FinalHashAggregateStream=65005253;PartialHashAggregateStream=33096176;RepartitionExec=4726816
event	7648220	release_after_refusal	FinalHashAggregateStream[1]	1	32977047	680	69851198	8	4	0		PartialHashAggregateStream=33096176;FinalHashAggregateStream=32028206;RepartitionExec=4726816
event	7655860	release_after_refusal	FinalHashAggregateStream[0]	1	32026846	680	43251937	8	4	0		PartialHashAggregateStream=33096176;RepartitionExec=5513248;FinalHashAggregateStream=4642513
event	7677497	refusal	PartialHashAggregateStream[1]	1	8452333	29511445	98407333	8	4	0	33554432	FinalHashAggregateStream=52346200;PartialHashAggregateStream=46061133
event	7685637	release_after_refusal	PartialHashAggregateStream[1]	1	15994333	13517112	78414530	8	4	0		FinalHashAggregateStream=54432924;PartialHashAggregateStream=22011414;RepartitionExec=1970192
event	7692780	refusal	FinalHashAggregateStream[1]	1	13102259	32994263	96188353	8	4	0	33554432	FinalHashAggregateStream=63006195;PartialHashAggregateStream=29372846;RepartitionExec=3809312
event	7699882	refusal	FinalHashAggregateStream[0]	1	3221906	32342971	113080027	8	4	0	33554432	FinalHashAggregateStream=65337234;PartialHashAggregateStream=42225433;RepartitionExec=5517360
event	7704614	refusal	PartialHashAggregateStream[0]	1	14223052	31922691	116294397	8	4	0	33554432	FinalHashAggregateStream=65337234;PartialHashAggregateStream=45439803;RepartitionExec=5517360
event	7714813	release_after_refusal	PartialHashAggregateStream[0]	1	15374795	16547896	100919602	8	4	0		FinalHashAggregateStream=65337234;PartialHashAggregateStream=30065008;RepartitionExec=5517360
event	7719697	release_after_refusal	FinalHashAggregateStream[1]	1	32993583	680	69896211	8	4	0		FinalHashAggregateStream=32343651;PartialHashAggregateStream=30065008;RepartitionExec=7487552
event	7723129	release_after_refusal	FinalHashAggregateStream[0]	1	32342291	680	43245529	8	4	0		PartialHashAggregateStream=30065008;RepartitionExec=10374352;FinalHashAggregateStream=2806169
event	7758362	refusal	PartialHashAggregateStream[1]	1	14221712	32596644	123916618	8	4	0	33554432	PartialHashAggregateStream=61972500;FinalHashAggregateStream=61944118
event	7760721	refusal	PartialHashAggregateStream[0]	1	8453664	29375856	123916618	8	4	0	33554432	PartialHashAggregateStream=61972500;FinalHashAggregateStream=61944118
event	7768589	release_after_refusal	PartialHashAggregateStream[1]	1	16050156	16546488	107866462	8	4	0		FinalHashAggregateStream=61944118;PartialHashAggregateStream=45922344
event	7769457	release_after_refusal	PartialHashAggregateStream[0]	1	15856824	13519032	94766262	8	4	0		FinalHashAggregateStream=61944118;PartialHashAggregateStream=30065520;RepartitionExec=2756624
event	7773524	refusal	FinalHashAggregateStream[1]	1	9015531	33349539	100827569	8	4	0	33554432	FinalHashAggregateStream=64851729;PartialHashAggregateStream=30065520;RepartitionExec=5910320
event	7779476	refusal	FinalHashAggregateStream[0]	1	14293710	32676948	100032135	8	4	0	33554432	FinalHashAggregateStream=66026487;PartialHashAggregateStream=30065520;RepartitionExec=3940128
event	7798136	release_after_refusal	FinalHashAggregateStream[1]	1	33348859	680	66683276	8	4	0		FinalHashAggregateStream=32677628;PartialHashAggregateStream=30065520;RepartitionExec=3940128
event	7804192	release_after_refusal	FinalHashAggregateStream[0]	1	32676268	680	44160851	8	4	0		PartialHashAggregateStream=30065520;RepartitionExec=9453376;FinalHashAggregateStream=4641955
event	7834164	refusal	PartialHashAggregateStream[1]	1	14221258	32593887	98363387	8	4	0	33554432	PartialHashAggregateStream=46366683;FinalHashAggregateStream=40443231;RepartitionExec=11553473
event	7843570	release_after_refusal	PartialHashAggregateStream[1]	1	16047399	16546488	97927168	8	4	0		PartialHashAggregateStream=45930464;FinalHashAggregateStream=40443231;RepartitionExec=11553473
event	7848656	refusal	PartialHashAggregateStream[0]	1	14222356	32598836	112988278	8	4	0	33554432	FinalHashAggregateStream=51502793;PartialHashAggregateStream=49145324;RepartitionExec=12340161
event	7856512	refusal	FinalHashAggregateStream[0]	1	14221435	31997926	119507090	8	4	0	33554432	FinalHashAggregateStream=57890533;PartialHashAggregateStream=49145324;RepartitionExec=12471233
event	7858864	release_after_refusal	PartialHashAggregateStream[0]	1	16049788	16549048	103818221	8	4	0		FinalHashAggregateStream=60221644;PartialHashAggregateStream=33095536;RepartitionExec=10501041
event	7867065	refusal	FinalHashAggregateStream[1]	1	14233886	32597582	106358244	8	4	0	33554432	FinalHashAggregateStream=64595508;PartialHashAggregateStream=33095536;RepartitionExec=8667200
event	7882265	release_after_refusal	FinalHashAggregateStream[0]	1	31997246	680	74360998	8	4	0		PartialHashAggregateStream=33095536;FinalHashAggregateStream=32598262;RepartitionExec=8667200
event	7893737	release_after_refusal	FinalHashAggregateStream[1]	1	32596902	680	51383592	8	4	0		RepartitionExec=21663888;PartialHashAggregateStream=21025940;FinalHashAggregateStream=8693764
event	7913864	refusal	PartialHashAggregateStream[1]	1	14221848	32593879	101524196	8	4	0	33554432	FinalHashAggregateStream=51217997;PartialHashAggregateStream=46365815;RepartitionExec=3940384
event	7923965	release_after_refusal	PartialHashAggregateStream[1]	1	16046111	16547768	107819494	8	4	0		FinalHashAggregateStream=61890752;PartialHashAggregateStream=45928742
event	7927992	refusal	PartialHashAggregateStream[0]	1	14221503	32595207	111033727	8	4	0	33554432	FinalHashAggregateStream=61890752;PartialHashAggregateStream=49142975
event	7929233	refusal	FinalHashAggregateStream[1]	1	9015756	33279338	114282585	8	4	0	33554432	FinalHashAggregateStream=65139610;PartialHashAggregateStream=49142975
event	7937433	release_after_refusal	PartialHashAggregateStream[0]	1	16048719	16546488	98233866	8	4	0		FinalHashAggregateStream=65139610;PartialHashAggregateStream=33094256
event	7942637	refusal	FinalHashAggregateStream[0]	1	14258681	31860272	102174250	8	4	0	33554432	FinalHashAggregateStream=65139610;PartialHashAggregateStream=33094256;RepartitionExec=3940384
event	7953977	release_after_refusal	FinalHashAggregateStream[1]	1	33278658	680	68895592	8	4	0		PartialHashAggregateStream=33094256;FinalHashAggregateStream=31860952;RepartitionExec=3940384
event	7968204	release_after_refusal	FinalHashAggregateStream[0]	1	31859592	680	42063883	8	4	0		PartialHashAggregateStream=16547168;FinalHashAggregateStream=15665755;RepartitionExec=9850960
event	7989010	refusal	PartialHashAggregateStream[1]	1	14220117	32588673	92162501	8	4	0	33554432	PartialHashAggregateStream=49135161;FinalHashAggregateStream=43027340
event	7998615	release_after_refusal	PartialHashAggregateStream[1]	1	16044745	16543928	76908660	8	4	0		FinalHashAggregateStream=60364052;PartialHashAggregateStream=16544608
event	8000898	refusal	FinalHashAggregateStream[1]	1	13103783	32972114	83605668	8	4	0	33554432	FinalHashAggregateStream=60364052;PartialHashAggregateStream=16544608;RepartitionExec=6697008
event	8008702	refusal	FinalHashAggregateStream[0]	1	13101788	32926706	93079028	8	4	0	33554432	FinalHashAggregateStream=65898820;PartialHashAggregateStream=16544608;RepartitionExec=10635600
event	8027625	release_after_refusal	FinalHashAggregateStream[1]	1	32971434	680	60107594	8	4	0		FinalHashAggregateStream=32927386;PartialHashAggregateStream=16544608;RepartitionExec=10635600
event	8041505	release_after_refusal	FinalHashAggregateStream[0]	1	32926026	680	37265783	8	4	0		PartialHashAggregateStream=16544608;FinalHashAggregateStream=14025063;RepartitionExec=6696112
event	8067602	refusal	PartialHashAggregateStream[1]	1	8453988	29379472	82279620	8	4	0	33554432	PartialHashAggregateStream=43149431;FinalHashAggregateStream=39130189
event	8076822	release_after_refusal	PartialHashAggregateStream[1]	1	15860440	13519032	82028829	8	4	0		PartialHashAggregateStream=42898640;FinalHashAggregateStream=39130189
event	8082245	refusal	PartialHashAggregateStream[0]	1	14221526	32593915	100024072	8	4	0	33554432	FinalHashAggregateStream=50232885;PartialHashAggregateStream=46112947;RepartitionExec=3678240
event	8091226	refusal	FinalHashAggregateStream[1]	1	13103213	31865420	106038960	8	4	0	33554432	FinalHashAggregateStream=58086893;PartialHashAggregateStream=46112947;RepartitionExec=1839120
event	8093993	release_after_refusal	PartialHashAggregateStream[0]	1	16048707	16545208	80637860	8	4	0		FinalHashAggregateStream=60418112;PartialHashAggregateStream=16545888;RepartitionExec=3673860
event	8103917	refusal	FinalHashAggregateStream[0]	1	14215184	31801388	110516191	8	4	0	33554432	FinalHashAggregateStream=63666808;PartialHashAggregateStream=35692083;RepartitionExec=11157300
event	8113746	refusal	PartialHashAggregateStream[1]	1	8453991	29380353	120749669	8	4	0	33554432	FinalHashAggregateStream=63666808;PartialHashAggregateStream=45925561;RepartitionExec=11157300
event	8116678	release_after_refusal	FinalHashAggregateStream[1]	1	31864740	680	88884929	8	4	0		PartialHashAggregateStream=45925561;FinalHashAggregateStream=31802068;RepartitionExec=11157300
event	8122104	release_after_refusal	PartialHashAggregateStream[1]	1	15860681	13519672	71958040	8	4	0		FinalHashAggregateStream=37166344;PartialHashAggregateStream=30064880;RepartitionExec=4726816
event	8129480	release_after_refusal	FinalHashAggregateStream[0]	1	31800708	680	55931563	8	4	0		PartialHashAggregateStream=30064880;RepartitionExec=13131872;FinalHashAggregateStream=12734811
event	8149795	refusal	FinalHashAggregateStream[1]	1	14212725	31895883	92030957	8	4	0	33554432	FinalHashAggregateStream=55555288;PartialHashAggregateStream=30045748;RepartitionExec=6429921
event	8162347	refusal	PartialHashAggregateStream[0]	1	14221699	32593812	110942056	8	4	0	33554432	FinalHashAggregateStream=62989452;PartialHashAggregateStream=46113484;RepartitionExec=1839120
event	8171948	release_after_refusal	PartialHashAggregateStream[0]	1	16048604	16545208	94893452	8	4	0		FinalHashAggregateStream=62989452;PartialHashAggregateStream=30064880;RepartitionExec=1839120
event	8173629	release_after_refusal	FinalHashAggregateStream[1]	1	31895203	680	68511497	8	4	0		FinalHashAggregateStream=31094249;PartialHashAggregateStream=30064880;RepartitionExec=7352368
event	8176507	refusal	FinalHashAggregateStream[0]	1	3379633	31093569	55042073	8	4	0	33554432	FinalHashAggregateStream=33900441;PartialHashAggregateStream=16545888;RepartitionExec=4595744
event	8199138	refusal	PartialHashAggregateStream[1]	1	14220924	32588391	87629784	8	4	0	33554432	PartialHashAggregateStream=49133599;FinalHashAggregateStream=33900441;RepartitionExec=4595744
event	8199342	release_after_refusal	FinalHashAggregateStream[0]	1	31092889	680	56536895	8	4	0		PartialHashAggregateStream=49133599;RepartitionExec=4595744;FinalHashAggregateStream=2807552
event	8208791	release_after_refusal	PartialHashAggregateStream[1]	1	16044463	16543928	57779017	8	4	0		PartialHashAggregateStream=33089136;RepartitionExec=13262048;FinalHashAggregateStream=11427833
event	8232296	refusal	PartialHashAggregateStream[0]	1	8456170	29383180	94564685	8	4	0	33554432	PartialHashAggregateStream=45927108;FinalHashAggregateStream=43124329;RepartitionExec=5513248
event	8239225	refusal	FinalHashAggregateStream[1]	1	7870590	31951390	95358070	8	4	0	33554432	FinalHashAggregateStream=59277202;PartialHashAggregateStream=29383860;RepartitionExec=6697008
event	8240323	release_after_refusal	PartialHashAggregateStream[0]	1	15860948	13522232	79497122	8	4	0		FinalHashAggregateStream=59277202;PartialHashAggregateStream=13522912;RepartitionExec=6697008
event	8249791	refusal	FinalHashAggregateStream[0]	1	14258348	31726247	92173682	8	4	0	33554432	FinalHashAggregateStream=63677637;PartialHashAggregateStream=17995903;RepartitionExec=10500142
event	8265434	release_after_refusal	FinalHashAggregateStream[1]	1	31950710	680	85117215	8	4	0		PartialHashAggregateStream=42890146;FinalHashAggregateStream=31726927;RepartitionExec=10500142
event	8266735	refusal	PartialHashAggregateStream[1]	1	8451747	29367914	83147023	8	4	0	33554432	PartialHashAggregateStream=42890146;FinalHashAggregateStream=31726927;RepartitionExec=8529950
event	8275564	release_after_refusal	PartialHashAggregateStream[1]	1	15854002	13513912	73591760	8	4	0		FinalHashAggregateStream=44585424;PartialHashAggregateStream=27036144;RepartitionExec=1970192
event	8276391	release_after_refusal	FinalHashAggregateStream[0]	1	31725567	680	51455009	8	4	0		PartialHashAggregateStream=27036144;FinalHashAggregateStream=12859857;RepartitionExec=11559008
event	8297003	refusal	FinalHashAggregateStream[1]	1	13094090	31878020	68605705	8	4	0	33554432	FinalHashAggregateStream=48637363;PartialHashAggregateStream=17998150;RepartitionExec=1970192
event	8316052	refusal	PartialHashAggregateStream[1]	1	14220241	32588563	105013165	8	4	0	33554432	FinalHashAggregateStream=56932178;PartialHashAggregateStream=46110795;RepartitionExec=1970192
event	8319832	release_after_refusal	FinalHashAggregateStream[1]	1	31877340	680	73135825	8	4	0		PartialHashAggregateStream=46110795;FinalHashAggregateStream=25054838;RepartitionExec=1970192
event	8325715	release_after_refusal	PartialHashAggregateStream[1]	1	16042715	16545848	58606407	8	4	0		PartialHashAggregateStream=30068080;FinalHashAggregateStream=28538327
event	8334532	refusal	FinalHashAggregateStream[0]	1	14258315	31786361	62637838	8	4	0	33554432	FinalHashAggregateStream=41616388;PartialHashAggregateStream=21021450
event	8351167	refusal	PartialHashAggregateStream[0]	1	8454373	29512553	101096896	8	4	0	33554432	FinalHashAggregateStream=59373407;PartialHashAggregateStream=29513233;RepartitionExec=12210256
event	8360341	release_after_refusal	PartialHashAggregateStream[0]	1	15992881	13519672	102799409	8	4	0		FinalHashAggregateStream=60547073;PartialHashAggregateStream=30042080;RepartitionExec=12210256
event	8360428	release_after_refusal	FinalHashAggregateStream[0]	1	31785681	680	71013728	8	4	0		PartialHashAggregateStream=30042080;FinalHashAggregateStream=28761392;RepartitionExec=12210256
event	8370422	refusal	FinalHashAggregateStream[1]	1	14210366	32009120	103713726	8	4	0	33554432	PartialHashAggregateStream=46105626;FinalHashAggregateStream=44603188;RepartitionExec=13004912
event	8372926	refusal	PartialHashAggregateStream[1]	1	14219167	32585954	103713726	8	4	0	33554432	PartialHashAggregateStream=46105626;FinalHashAggregateStream=44603188;RepartitionExec=13004912
event	8383443	release_after_refusal	PartialHashAggregateStream[1]	1	16043306	16542648	93796551	8	4	0		FinalHashAggregateStream=58216871;PartialHashAggregateStream=30062320;RepartitionExec=5517360
event	8392115	refusal	FinalHashAggregateStream[0]	1	8349325	29722233	97573177	8	4	0	33554432	FinalHashAggregateStream=61731353;PartialHashAggregateStream=30062320;RepartitionExec=5779504
event	8398089	release_after_refusal	FinalHashAggregateStream[1]	1	32008440	680	65564737	8	4	0		PartialHashAggregateStream=30062320;FinalHashAggregateStream=29722913;RepartitionExec=5779504
event	8413884	release_after_refusal	FinalHashAggregateStream[0]	1	29721553	680	47772468	8	4	0		PartialHashAggregateStream=30312356;FinalHashAggregateStream=11680608;RepartitionExec=5779504
event	8425379	refusal	PartialHashAggregateStream[0]	1	8453057	29378923	74066108	8	4	0	33554432	PartialHashAggregateStream=45921571;FinalHashAggregateStream=26174345;RepartitionExec=1970192
event	8433525	release_after_refusal	PartialHashAggregateStream[0]	1	15861811	13517112	76015733	8	4	0		FinalHashAggregateStream=43199349;PartialHashAggregateStream=30059760;RepartitionExec=2756624
event	8447283	refusal	FinalHashAggregateStream[0]	1	2084195	32304071	86993575	8	4	0	33554432	FinalHashAggregateStream=63017611;PartialHashAggregateStream=22005772;RepartitionExec=1970192
event	8460705	refusal	PartialHashAggregateStream[1]	1	8449167	29364887	107869802	8	4	0	33554432	FinalHashAggregateStream=63017611;PartialHashAggregateStream=42881999;RepartitionExec=1970192
event	8468825	release_after_refusal	FinalHashAggregateStream[0]	1	32303391	680	75566411	8	4	0		PartialHashAggregateStream=42881999;FinalHashAggregateStream=30714220;RepartitionExec=1970192
event	8468879	release_after_refusal	PartialHashAggregateStream[1]	1	15852255	13512632	59583084	8	4	0		FinalHashAggregateStream=30714220;PartialHashAggregateStream=27029744;RepartitionExec=1839120
event	8473268	refusal	FinalHashAggregateStream[1]	1	14252564	30713540	70640739	8	4	0	33554432	FinalHashAggregateStream=35992371;PartialHashAggregateStream=27029744;RepartitionExec=7618624
event	8498461	release_after_refusal	FinalHashAggregateStream[1]	1	30712860	680	68245283	8	4	0		PartialHashAggregateStream=42881325;FinalHashAggregateStream=13936022;RepartitionExec=11427936
event	8499716	refusal	PartialHashAggregateStream[1]	1	8449044	29364213	66406163	8	4	0	33554432	PartialHashAggregateStream=42881325;FinalHashAggregateStream=13936022;RepartitionExec=9588816
event	8507573	release_after_refusal	PartialHashAggregateStream[1]	1	15852861	13511352	53621564	8	4	0		PartialHashAggregateStream=27028464;FinalHashAggregateStream=20944668;RepartitionExec=5648432
event	8528431	refusal	FinalHashAggregateStream[1]	1	9015270	33357697	87262038	8	4	0	33554432	FinalHashAggregateStream=65255294;PartialHashAggregateStream=22006744
event	8546449	refusal	PartialHashAggregateStream[1]	1	14217862	31072287	109844693	8	4	0	33554432	FinalHashAggregateStream=65255294;PartialHashAggregateStream=44589399
event	8551378	release_after_refusal	FinalHashAggregateStream[1]	1	33357017	680	76487676	8	4	0		PartialHashAggregateStream=44589399;FinalHashAggregateStream=31898277
event	8555041	release_after_refusal	PartialHashAggregateStream[1]	1	14533479	16538808	64959546	8	4	0		FinalHashAggregateStream=33064506;PartialHashAggregateStream=30055920;RepartitionExec=1839120
event	8556257	refusal	FinalHashAggregateStream[0]	1	13174684	33063826	79840709	8	4	0	33554432	FinalHashAggregateStream=37705605;PartialHashAggregateStream=30055920;RepartitionExec=12079184
event	8584270	release_after_refusal	FinalHashAggregateStream[0]	1	33063146	680	92736866	8	4	0		PartialHashAggregateStream=49127704;FinalHashAggregateStream=28511030;RepartitionExec=15098132
event	8584293	refusal	PartialHashAggregateStream[0]	1	14224486	32600422	89980242	8	4	0	33554432	PartialHashAggregateStream=49127704;FinalHashAggregateStream=28511030;RepartitionExec=12341508
event	8594486	release_after_refusal	PartialHashAggregateStream[0]	1	16050094	16550328	94337918	8	4	0		PartialHashAggregateStream=49146623;FinalHashAggregateStream=41250911;RepartitionExec=3940384
event	8595279	refusal	PartialHashAggregateStream[1]	1	14223401	32596295	99064094	8	4	0	33554432	PartialHashAggregateStream=49146623;FinalHashAggregateStream=41250911;RepartitionExec=8666560
event	8602782	refusal	FinalHashAggregateStream[1]	1	13520570	31758722	108561731	8	4	0	33554432	FinalHashAggregateStream=51932308;PartialHashAggregateStream=49146623;RepartitionExec=7482800
event	8604785	release_after_refusal	PartialHashAggregateStream[1]	1	16049167	16547128	95514403	8	4	0		FinalHashAggregateStream=56903699;PartialHashAggregateStream=33097456;RepartitionExec=5513248
event	8616449	refusal	FinalHashAggregateStream[0]	1	14259386	31117574	104243624	8	4	0	33554432	FinalHashAggregateStream=62876296;PartialHashAggregateStream=33097456;RepartitionExec=8269872
event	8627234	release_after_refusal	FinalHashAggregateStream[1]	1	31758042	680	72485582	8	4	0		PartialHashAggregateStream=33097456;FinalHashAggregateStream=31118254;RepartitionExec=8269872
event	8638804	release_after_refusal	FinalHashAggregateStream[0]	1	31116894	680	40732145	8	4	0		PartialHashAggregateStream=16547808;RepartitionExec=13783120;FinalHashAggregateStream=10401217
event	8659688	refusal	PartialHashAggregateStream[0]	1	14223284	32727394	84369798	8	4	0	33554432	FinalHashAggregateStream=48885100;PartialHashAggregateStream=32728074;RepartitionExec=2756624
event	8669495	release_after_refusal	PartialHashAggregateStream[0]	1	16180266	16547128	89674539	8	4	0		FinalHashAggregateStream=53841676;PartialHashAggregateStream=33076239;RepartitionExec=2756624
event	8681806	refusal	PartialHashAggregateStream[1]	1	14223417	32599501	132121631	8	4	0	33554432	FinalHashAggregateStream=60524682;PartialHashAggregateStream=49146629;RepartitionExec=22450320
event	8684464	refusal	FinalHashAggregateStream[0]	1	14266839	31794864	132121631	8	4	0	33554432	FinalHashAggregateStream=60524682;PartialHashAggregateStream=49146629;RepartitionExec=22450320
event	8691897	release_after_refusal	PartialHashAggregateStream[1]	1	16050453	16549048	116071178	8	4	0		FinalHashAggregateStream=60524682;PartialHashAggregateStream=33096176;RepartitionExec=22450320
event	8698286	refusal	FinalHashAggregateStream[1]	1	9015441	30813131	116184299	8	4	0	33554432	FinalHashAggregateStream=62607995;PartialHashAggregateStream=33096176;RepartitionExec=20480128
event	8709872	release_after_refusal	FinalHashAggregateStream[0]	1	31794184	680	84390115	8	4	0		PartialHashAggregateStream=33096176;FinalHashAggregateStream=30813811;RepartitionExec=20480128
event	8722095	release_after_refusal	FinalHashAggregateStream[1]	1	30812451	680	60214731	8	4	0		RepartitionExec=25206944;PartialHashAggregateStream=21026365;FinalHashAggregateStream=13981422
event	8743051	refusal	PartialHashAggregateStream[0]	1	14224911	32601562	114709463	8	4	0	33554432	PartialHashAggregateStream=57390161;FinalHashAggregateStream=52592486;RepartitionExec=4726816
event	8750370	refusal	PartialHashAggregateStream[1]	1	8454480	29383048	119211103	8	4	0	33554432	PartialHashAggregateStream=61984610;FinalHashAggregateStream=57226493
event	8752686	release_after_refusal	PartialHashAggregateStream[0]	1	16051234	16550328	105258083	8	4	0		FinalHashAggregateStream=59324707;PartialHashAggregateStream=45933376
event	8757617	refusal	FinalHashAggregateStream[1]	1	14171731	31925215	112303515	8	4	0	33554432	FinalHashAggregateStream=61643323;PartialHashAggregateStream=45933376;RepartitionExec=4726816
event	8758203	release_after_refusal	PartialHashAggregateStream[1]	1	15862096	13520952	96441419	8	4	0		FinalHashAggregateStream=61643323;PartialHashAggregateStream=30071280;RepartitionExec=4726816
event	8762100	refusal	FinalHashAggregateStream[0]	1	13122572	31809284	103394595	8	4	0	33554432	FinalHashAggregateStream=63734499;PartialHashAggregateStream=30071280;RepartitionExec=9588816
event	8781185	release_after_refusal	FinalHashAggregateStream[1]	1	31924535	680	71470060	8	4	0		FinalHashAggregateStream=31809964;PartialHashAggregateStream=30071280;RepartitionExec=9588816
event	8785597	release_after_refusal	FinalHashAggregateStream[0]	1	31808604	680	40362153	8	4	0		PartialHashAggregateStream=30071280;RepartitionExec=5648432;FinalHashAggregateStream=4642441
event	8833053	refusal	PartialHashAggregateStream[0]	1	8452732	29377565	122502688	8	4	0	33554432	PartialHashAggregateStream=62111273;FinalHashAggregateStream=60391415
event	8835957	refusal	PartialHashAggregateStream[1]	1	14224079	32733708	122502688	8	4	0	33554432	PartialHashAggregateStream=62111273;FinalHashAggregateStream=60391415
event	8840830	release_after_refusal	PartialHashAggregateStream[0]	1	15859813	13517752	106642875	8	4	0		FinalHashAggregateStream=60391415;PartialHashAggregateStream=46251460
event	8845705	release_after_refusal	PartialHashAggregateStream[1]	1	16183380	16550328	94137735	8	4	0		FinalHashAggregateStream=60391415;PartialHashAggregateStream=30068080;RepartitionExec=3678240
event	8846698	refusal	FinalHashAggregateStream[1]	1	14237189	31857479	101965810	8	4	0	33554432	FinalHashAggregateStream=63623746;PartialHashAggregateStream=30068080;RepartitionExec=8273984
event	8851064	refusal	FinalHashAggregateStream[0]	1	13097084	32932157	103262772	8	4	0	33554432	FinalHashAggregateStream=64789636;PartialHashAggregateStream=30068080;RepartitionExec=8405056
event	8872476	release_after_refusal	FinalHashAggregateStream[1]	1	31856799	680	71405973	8	4	0		FinalHashAggregateStream=32932837;PartialHashAggregateStream=30068080;RepartitionExec=8405056
event	8876616	release_after_refusal	FinalHashAggregateStream[0]	1	32931477	680	37480071	8	4	0		PartialHashAggregateStream=30068080;RepartitionExec=4595744;FinalHashAggregateStream=2816247
event	8902836	refusal	FinalHashAggregateStream[1]	1	3248489	31253859	68915018	8	4	0	33554432	FinalHashAggregateStream=59830024;PartialHashAggregateStream=9084994
event	8923249	refusal	PartialHashAggregateStream[1]	1	14224647	32733932	126330487	8	4	0	33554432	PartialHashAggregateStream=65332746;FinalHashAggregateStream=60997741
event	8923820	refusal	PartialHashAggregateStream[0]	1	14222934	32598814	126330487	8	4	0	33554432	PartialHashAggregateStream=65332746;FinalHashAggregateStream=60997741
event	8926142	release_after_refusal	FinalHashAggregateStream[1]	1	31253179	680	95077308	8	4	0		PartialHashAggregateStream=65332746;FinalHashAggregateStream=29744562
event	8934009	release_after_refusal	PartialHashAggregateStream[0]	1	16051046	16547768	79026262	8	4	0		PartialHashAggregateStream=49281700;FinalHashAggregateStream=29744562
event	8934188	release_after_refusal	PartialHashAggregateStream[1]	1	16182324	16551608	65600562	8	4	0		PartialHashAggregateStream=33099376;FinalHashAggregateStream=29744562;RepartitionExec=2756624
event	8941291	refusal	FinalHashAggregateStream[0]	1	14270310	31832181	74299927	8	4	0	33554432	FinalHashAggregateStream=36473735;PartialHashAggregateStream=33099376;RepartitionExec=4726816
event	8967484	release_after_refusal	FinalHashAggregateStream[0]	1	31831501	680	82653281	8	4	0		PartialHashAggregateStream=41338239;FinalHashAggregateStream=30677650;RepartitionExec=10637392
event	8977566	refusal	PartialHashAggregateStream[0]	1	14222659	32729011	94736771	8	4	0	33554432	PartialHashAggregateStream=49280619;FinalHashAggregateStream=43485960;RepartitionExec=1970192
event	8985347	refusal	FinalHashAggregateStream[1]	1	13101350	31847669	105021569	8	4	0	33554432	FinalHashAggregateStream=55740950;PartialHashAggregateStream=49280619
event	8987494	release_after_refusal	PartialHashAggregateStream[0]	1	16181883	16547128	88839686	8	4	0		FinalHashAggregateStream=55740950;PartialHashAggregateStream=33098736
event	9004162	refusal	FinalHashAggregateStream[0]	1	14244671	31827386	108197615	8	4	0	33554432	FinalHashAggregateStream=63675055;PartialHashAggregateStream=33098736;RepartitionExec=11423824
event	9010058	release_after_refusal	FinalHashAggregateStream[1]	1	31846989	680	76350626	8	4	0		PartialHashAggregateStream=33098736;FinalHashAggregateStream=31828066;RepartitionExec=11423824
event	9029835	release_after_refusal	FinalHashAggregateStream[0]	1	31826706	680	41809052	8	4	0		PartialHashAggregateStream=21027408;FinalHashAggregateStream=15271992;RepartitionExec=5509652
event	9051437	refusal	PartialHashAggregateStream[0]	1	8456174	29382201	79808591	8	4	0	33554432	PartialHashAggregateStream=37877530;FinalHashAggregateStream=37206379;RepartitionExec=4724682
event	9060361	release_after_refusal	PartialHashAggregateStream[0]	1	15860609	13521592	82671862	8	4	0		PartialHashAggregateStream=40740801;FinalHashAggregateStream=37206379;RepartitionExec=4724682
event	9069432	refusal	PartialHashAggregateStream[1]	1	14223131	32730620	97392414	8	4	0	33554432	PartialHashAggregateStream=46252212;FinalHashAggregateStream=42737280;RepartitionExec=8402922
event	9071385	refusal	FinalHashAggregateStream[1]	1	6326453	31848320	97392414	8	4	0	33554432	PartialHashAggregateStream=46252212;FinalHashAggregateStream=42737280;RepartitionExec=8402922
event	9081252	release_after_refusal	PartialHashAggregateStream[1]	1	16181572	16549048	81210842	8	4	0		FinalHashAggregateStream=42737280;PartialHashAggregateStream=30070640;RepartitionExec=8402922
event	9093821	release_after_refusal	FinalHashAggregateStream[1]	1	31847640	680	57308725	8	4	0		PartialHashAggregateStream=30070640;FinalHashAggregateStream=22511269;RepartitionExec=4726816
event	9105963	refusal	FinalHashAggregateStream[0]	1	9015450	33299754	82053996	8	4	0	33554432	FinalHashAggregateStream=46335820;PartialHashAggregateStream=30070640;RepartitionExec=5647536
event	9128413	release_after_refusal	FinalHashAggregateStream[0]	1	33299074	680	71215689	8	4	0		PartialHashAggregateStream=45935409;FinalHashAggregateStream=15826465;RepartitionExec=9453815
event	9131335	refusal	PartialHashAggregateStream[0]	1	14223963	32733235	73570608	8	4	0	33554432	PartialHashAggregateStream=49282283;FinalHashAggregateStream=18642926;RepartitionExec=5645399
event	9141416	release_after_refusal	PartialHashAggregateStream[0]	1	16184187	16549048	69537372	8	4	0		PartialHashAggregateStream=33098096;FinalHashAggregateStream=29742268;RepartitionExec=6697008
event	9162743	refusal	FinalHashAggregateStream[1]	1	14239715	31989527	83616498	8	4	0	33554432	FinalHashAggregateStream=63949924;PartialHashAggregateStream=12971700;RepartitionExec=6694874
event	9180811	refusal	PartialHashAggregateStream[0]	1	14223028	32598456	135973460	8	4	0	33554432	PartialHashAggregateStream=65328662;FinalHashAggregateStream=63949924;RepartitionExec=6694874
event	9183921	refusal	PartialHashAggregateStream[1]	1	14223563	32730206	135973460	8	4	0	33554432	PartialHashAggregateStream=65328662;FinalHashAggregateStream=63949924;RepartitionExec=6694874
event	9188685	release_after_refusal	FinalHashAggregateStream[1]	1	31988847	680	103984613	8	4	0		PartialHashAggregateStream=65328662;FinalHashAggregateStream=31961077;RepartitionExec=6694874
event	9192205	release_after_refusal	PartialHashAggregateStream[0]	1	16049408	16549048	85965013	8	4	0		PartialHashAggregateStream=49279254;FinalHashAggregateStream=31961077;RepartitionExec=4724682
event	9194274	release_after_refusal	PartialHashAggregateStream[1]	1	16181158	16549048	75211305	8	4	0		FinalHashAggregateStream=36602095;PartialHashAggregateStream=33098096;RepartitionExec=5511114
event	9197278	refusal	FinalHashAggregateStream[0]	1	14303003	31960397	80411856	8	4	0	33554432	FinalHashAggregateStream=40616752;PartialHashAggregateStream=33098096;RepartitionExec=6697008
event	9227802	release_after_refusal	FinalHashAggregateStream[0]	1	31959717	680	86724748	8	4	0		PartialHashAggregateStream=43638571;FinalHashAggregateStream=29693057;RepartitionExec=13393120
event	9234564	refusal	PartialHashAggregateStream[1]	1	14224513	32602144	92869511	8	4	0	33554432	PartialHashAggregateStream=49151192;FinalHashAggregateStream=37021311;RepartitionExec=6697008
event	9244094	release_after_refusal	PartialHashAggregateStream[1]	1	16051816	16550328	92280854	8	4	0		FinalHashAggregateStream=52485366;PartialHashAggregateStream=33099376;RepartitionExec=6696112
event	9250125	refusal	FinalHashAggregateStream[1]	1	13101215	32925515	104529382	8	4	0	33554432	FinalHashAggregateStream=59219750;PartialHashAggregateStream=33099376;RepartitionExec=12210256
event	9263741	refusal	FinalHashAggregateStream[0]	1	14243240	31901684	101294721	8	4	0	33554432	FinalHashAggregateStream=64827199;PartialHashAggregateStream=25043698;RepartitionExec=11423824
event	9276793	release_after_refusal	FinalHashAggregateStream[1]	1	32924835	680	89257853	8	4	0		PartialHashAggregateStream=45931665;FinalHashAggregateStream=31902364;RepartitionExec=11423824
event	9281167	refusal	PartialHashAggregateStream[0]	1	14223413	32595381	93172657	8	4	0	33554432	PartialHashAggregateStream=49145709;FinalHashAggregateStream=36543508;RepartitionExec=7483440
event	9290472	release_after_refusal	FinalHashAggregateStream[0]	1	31901004	680	64737053	8	4	0		PartialHashAggregateStream=49145709;FinalHashAggregateStream=12834720;RepartitionExec=2756624
event	9291928	release_after_refusal	PartialHashAggregateStream[0]	1	16047613	16547768	55747394	8	4	0		PartialHashAggregateStream=33098096;FinalHashAggregateStream=15165858;RepartitionExec=7483440
event	9314327	refusal	FinalHashAggregateStream[1]	1	14258663	33001058	82135847	8	4	0	33554432	FinalHashAggregateStream=59140715;PartialHashAggregateStream=21024940;RepartitionExec=1970192
event	9333654	refusal	PartialHashAggregateStream[1]	1	14223183	32602071	117448660	8	4	0	33554432	FinalHashAggregateStream=66328629;PartialHashAggregateStream=49149839;RepartitionExec=1970192
event	9342262	release_after_refusal	FinalHashAggregateStream[1]	1	33000378	680	84448282	8	4	0		PartialHashAggregateStream=49149839;FinalHashAggregateStream=33328251;RepartitionExec=1970192
event	9343627	release_after_refusal	PartialHashAggregateStream[1]	1	16053023	16549048	66425067	8	4	0		FinalHashAggregateStream=33328251;PartialHashAggregateStream=33096816
event	9348366	refusal	FinalHashAggregateStream[0]	1	9015882	33327571	71066139	8	4	0	33554432	FinalHashAggregateStream=37969323;PartialHashAggregateStream=33096816
event	9373100	release_after_refusal	FinalHashAggregateStream[0]	1	33326891	680	70621250	8	4	0		PartialHashAggregateStream=43635811;FinalHashAggregateStream=16750651;RepartitionExec=10234788
event	9378167	refusal	PartialHashAggregateStream[0]	1	8454573	29383640	70810203	8	4	0	33554432	PartialHashAggregateStream=45932688;FinalHashAggregateStream=22125271;RepartitionExec=2752244
event	9385993	release_after_refusal	PartialHashAggregateStream[0]	1	15862048	13521592	73722096	8	4	0		FinalHashAggregateStream=30659148;PartialHashAggregateStream=30070640;RepartitionExec=12992308
event	9403971	refusal	FinalHashAggregateStream[1]	1	14234537	31789148	90986019	8	4	0	33554432	FinalHashAggregateStream=60439758;PartialHashAggregateStream=22012715;RepartitionExec=8533546
event	9409180	refusal	FinalHashAggregateStream[0]	1	14295138	31899171	104755971	8	4	0	33554432	FinalHashAggregateStream=63688319;PartialHashAggregateStream=32665178;RepartitionExec=8402474
event	9418178	refusal	PartialHashAggregateStream[1]	1	8450740	29375216	114987601	8	4	0	33554432	FinalHashAggregateStream=63688319;PartialHashAggregateStream=42896808;RepartitionExec=8402474
event	9426226	release_after_refusal	PartialHashAggregateStream[1]	1	15857464	13517752	99130137	8	4	0		FinalHashAggregateStream=63688319;PartialHashAggregateStream=27039344;RepartitionExec=8402474
event	9428767	release_after_refusal	FinalHashAggregateStream[1]	1	31788468	680	69180789	8	4	0		FinalHashAggregateStream=31899851;PartialHashAggregateStream=27039344;RepartitionExec=10241594
event	9434020	release_after_refusal	FinalHashAggregateStream[0]	1	31898491	680	27630491	8	4	0		PartialHashAggregateStream=13518432;RepartitionExec=11293831;FinalHashAggregateStream=2818228
event	9458188	refusal	PartialHashAggregateStream[0]	1	8453308	29377687	91307682	8	4	0	33554432	FinalHashAggregateStream=57454636;PartialHashAggregateStream=33853046
event	9466112	release_after_refusal	PartialHashAggregateStream[0]	1	15861215	13516472	95757278	8	4	0		FinalHashAggregateStream=57454636;PartialHashAggregateStream=38302642
event	9470605	refusal	FinalHashAggregateStream[1]	1	3248471	31203395	103042143	8	4	0	33554432	FinalHashAggregateStream=58632808;PartialHashAggregateStream=40600023;RepartitionExec=3809312
event	9474194	refusal	PartialHashAggregateStream[1]	1	8454531	29380109	105338701	8	4	0	33554432	FinalHashAggregateStream=58632808;PartialHashAggregateStream=42896581;RepartitionExec=3809312
event	9482077	release_after_refusal	PartialHashAggregateStream[1]	1	15859797	13520312	89478904	8	4	0		FinalHashAggregateStream=58632808;PartialHashAggregateStream=27036784;RepartitionExec=3809312
event	9490244	refusal	FinalHashAggregateStream[0]	1	7852443	31822600	97681403	8	4	0	33554432	FinalHashAggregateStream=63025995;PartialHashAggregateStream=27036784;RepartitionExec=7618624
event	9493163	release_after_refusal	FinalHashAggregateStream[1]	1	31202715	680	66478688	8	4	0		FinalHashAggregateStream=31823280;PartialHashAggregateStream=27036784;RepartitionExec=7618624
event	9514240	release_after_refusal	FinalHashAggregateStream[0]	1	31821920	680	55529154	8	4	0		FinalHashAggregateStream=25066462;RepartitionExec=16941700;PartialHashAggregateStream=13520992
event	9537911	refusal	PartialHashAggregateStream[0]	1	14223634	32598324	116429448	8	4	0	33554432	PartialHashAggregateStream=61975653;FinalHashAggregateStream=52614675;RepartitionExec=1839120
event	9538552	refusal	PartialHashAggregateStream[1]	1	8453012	29377329	116429448	8	4	0	33554432	PartialHashAggregateStream=61975653;FinalHashAggregateStream=52614675;RepartitionExec=1839120
event	9546607	release_after_refusal	PartialHashAggregateStream[1]	1	15858297	13519032	100571151	8	4	0		FinalHashAggregateStream=52614675;PartialHashAggregateStream=46117356;RepartitionExec=1839120
event	9547627	release_after_refusal	PartialHashAggregateStream[0]	1	16049916	16548408	90431811	8	4	0		FinalHashAggregateStream=52614675;PartialHashAggregateStream=30067440;RepartitionExec=7749696
event	9553388	refusal	FinalHashAggregateStream[1]	1	8361420	29750186	96692259	8	4	0	33554432	FinalHashAggregateStream=56119395;PartialHashAggregateStream=30067440;RepartitionExec=10505424
event	9564647	refusal	FinalHashAggregateStream[0]	1	14316270	33073347	107074637	8	4	0	33554432	FinalHashAggregateStream=62823533;PartialHashAggregateStream=30067440;RepartitionExec=14183664
event	9577073	release_after_refusal	FinalHashAggregateStream[1]	1	29749506	680	77325131	8	4	0		FinalHashAggregateStream=33074027;PartialHashAggregateStream=30067440;RepartitionExec=14183664
event	9591907	release_after_refusal	FinalHashAggregateStream[0]	1	33072667	680	48392503	8	4	0		FinalHashAggregateStream=17008662;PartialHashAggregateStream=16549088;RepartitionExec=14834753
event	9608626	refusal	FinalHashAggregateStream[1]	1	3229526	32389609	82477437	8	4	0	33554432	FinalHashAggregateStream=52508054;PartialHashAggregateStream=27215904;RepartitionExec=2753479
event	9614775	refusal	PartialHashAggregateStream[1]	1	14224573	32727130	91834694	8	4	0	33554432	FinalHashAggregateStream=56353405;PartialHashAggregateStream=32727810;RepartitionExec=2753479
event	9624652	release_after_refusal	PartialHashAggregateStream[1]	1	16175522	16551608	75659172	8	4	0		FinalHashAggregateStream=56353405;PartialHashAggregateStream=16552288;RepartitionExec=2753479
event	9633051	release_after_refusal	FinalHashAggregateStream[1]	1	32388929	680	61846162	8	4	0		FinalHashAggregateStream=28757275;PartialHashAggregateStream=16552288;RepartitionExec=16536599
event	9641961	refusal	FinalHashAggregateStream[0]	1	13195006	33104248	68728026	8	4	0	33554432	FinalHashAggregateStream=44695443;PartialHashAggregateStream=16552288;RepartitionExec=7480295
event	9663800	refusal	PartialHashAggregateStream[0]	1	8454919	29382390	115610231	8	4	0	33554432	FinalHashAggregateStream=55937374;PartialHashAggregateStream=54164776;RepartitionExec=5508081
event	9667972	release_after_refusal	FinalHashAggregateStream[0]	1	33103568	680	87100912	8	4	0		PartialHashAggregateStream=58759025;FinalHashAggregateStream=22833806;RepartitionExec=5508081
event	9670576	refusal	PartialHashAggregateStream[1]	1	8452734	29376635	84414113	8	4	0	33554432	PartialHashAggregateStream=58759025;FinalHashAggregateStream=25655088
event	9671997	release_after_refusal	PartialHashAggregateStream[0]	1	15860798	13521592	68553315	8	4	0		PartialHashAggregateStream=42898227;FinalHashAggregateStream=25655088
event	9678410	release_after_refusal	PartialHashAggregateStream[1]	1	15858883	13517752	62991045	8	4	0		FinalHashAggregateStream=32273461;PartialHashAggregateStream=27039344;RepartitionExec=3678240
event	9688618	refusal	FinalHashAggregateStream[1]	1	7855425	31867388	92112364	8	4	0	33554432	FinalHashAggregateStream=55877420;PartialHashAggregateStream=27039344;RepartitionExec=9195600
event	9708791	refusal	FinalHashAggregateStream[0]	1	13173341	33053126	93647582	8	4	0	33554432	FinalHashAggregateStream=64920514;PartialHashAggregateStream=15596139;RepartitionExec=13130929
event	9714025	release_after_refusal	FinalHashAggregateStream[1]	1	31866708	680	72566861	8	4	0		FinalHashAggregateStream=33053806;PartialHashAggregateStream=26382126;RepartitionExec=13130929
event	9727400	refusal	PartialHashAggregateStream[1]	1	14222300	32594264	113122435	8	4	0	33554432	PartialHashAggregateStream=64161486;FinalHashAggregateStream=47126884;RepartitionExec=1834065
event	9727974	refusal	PartialHashAggregateStream[0]	1	14218469	31567222	113122435	8	4	0	33554432	PartialHashAggregateStream=64161486;FinalHashAggregateStream=47126884;RepartitionExec=1834065
event	9736326	release_after_refusal	FinalHashAggregateStream[0]	1	33052446	680	88153762	8	4	0		PartialHashAggregateStream=64161486;FinalHashAggregateStream=23992276
event	9738417	release_after_refusal	PartialHashAggregateStream[0]	1	15028158	16539064	73125604	8	4	0		PartialHashAggregateStream=49133328;FinalHashAggregateStream=23992276
event	9738442	release_after_refusal	PartialHashAggregateStream[1]	1	16046496	16547768	57079108	8	4	0		PartialHashAggregateStream=33086832;FinalHashAggregateStream=23992276
event	9755697	refusal	FinalHashAggregateStream[1]	1	14286931	31901992	97139466	8	4	0	33554432	FinalHashAggregateStream=51055946;PartialHashAggregateStream=33086832;RepartitionExec=12996688
event	9781192	release_after_refusal	FinalHashAggregateStream[1]	1	31901312	680	83111676	8	4	0		PartialHashAggregateStream=45916777;FinalHashAggregateStream=30497891;RepartitionExec=6697008
event	9782658	refusal	PartialHashAggregateStream[1]	1	8452513	29377713	81141484	8	4	0	33554432	PartialHashAggregateStream=45916777;FinalHashAggregateStream=30497891;RepartitionExec=4726816
event	9790381	release_after_refusal	PartialHashAggregateStream[1]	1	15858681	13519032	69248130	8	4	0		FinalHashAggregateStream=39190034;PartialHashAggregateStream=30058096
event	9793382	refusal	FinalHashAggregateStream[0]	1	13040270	31677759	81520947	8	4	0	33554432	FinalHashAggregateStream=45683347;PartialHashAggregateStream=30058096;RepartitionExec=5779504
event	9814408	refusal	FinalHashAggregateStream[1]	1	14242991	31645982	110443468	8	4	0	33554432	FinalHashAggregateStream=63323741;PartialHashAggregateStream=33066239;RepartitionExec=14053488
event	9817713	release_after_refusal	FinalHashAggregateStream[0]	1	31677079	680	87025674	8	4	0		PartialHashAggregateStream=41325524;FinalHashAggregateStream=31646662;RepartitionExec=14053488
event	9826853	refusal	PartialHashAggregateStream[1]	1	14222394	32595477	98268176	8	4	0	33554432	PartialHashAggregateStream=49134541;FinalHashAggregateStream=42567699;RepartitionExec=6565936
event	9836797	release_after_refusal	PartialHashAggregateStream[1]	1	16046429	16549048	89013067	8	4	0		FinalHashAggregateStream=53168331;PartialHashAggregateStream=33088112;RepartitionExec=2756624
event	9838723	release_after_refusal	FinalHashAggregateStream[1]	1	31645302	680	60124389	8	4	0		PartialHashAggregateStream=33088112;FinalHashAggregateStream=21523029;RepartitionExec=5513248
event	9853416	refusal	FinalHashAggregateStream[0]	1	9015594	33378354	69553158	8	4	0	33554432	FinalHashAggregateStream=49073030;PartialHashAggregateStream=16539744;RepartitionExec=3940384
event	9875833	refusal	PartialHashAggregateStream[1]	1	14222447	32593483	120219691	8	4	0	33554432	PartialHashAggregateStream=59681042;FinalHashAggregateStream=58568457;RepartitionExec=1970192
event	9878722	release_after_refusal	FinalHashAggregateStream[0]	1	33377674	680	92353925	8	4	0		PartialHashAggregateStream=65192950;FinalHashAggregateStream=25190783;RepartitionExec=1970192
event	9881654	refusal	PartialHashAggregateStream[0]	1	14223338	32599467	90383733	8	4	0	33554432	PartialHashAggregateStream=65192950;FinalHashAggregateStream=25190783
event	9886775	release_after_refusal	PartialHashAggregateStream[1]	1	16046995	16546488	78978044	8	4	0		PartialHashAggregateStream=49145955;FinalHashAggregateStream=29832089
event	9891855	release_after_refusal	PartialHashAggregateStream[0]	1	16050419	16549048	75209680	8	4	0		FinalHashAggregateStream=37387840;PartialHashAggregateStream=33095536;RepartitionExec=4726304
event	9905746	refusal	FinalHashAggregateStream[1]	1	13176302	32567315	99908229	8	4	0	33554432	FinalHashAggregateStream=59329253;PartialHashAggregateStream=33095536;RepartitionExec=7483440
event	9915802	refusal	FinalHashAggregateStream[0]	1	14258816	31144568	96406546	8	4	0	33554432	FinalHashAggregateStream=63711883;PartialHashAggregateStream=16547168;RepartitionExec=16147495
event	9931364	release_after_refusal	FinalHashAggregateStream[1]	1	32566635	680	63839911	8	4	0		FinalHashAggregateStream=31145248;PartialHashAggregateStream=16547168;RepartitionExec=16147495
event	9938682	release_after_refusal	FinalHashAggregateStream[0]	1	31143888	680	33161102	8	4	0		PartialHashAggregateStream=16547168;RepartitionExec=9450487;FinalHashAggregateStream=7163447
event	9963063	refusal	PartialHashAggregateStream[0]	1	14222429	32597467	92761281	8	4	0	33554432	PartialHashAggregateStream=59677865;FinalHashAggregateStream=31113224;RepartitionExec=1970192
event	9970442	refusal	PartialHashAggregateStream[1]	1	14220259	32590247	98271130	8	4	0	33554432	PartialHashAggregateStream=65187714;FinalHashAggregateStream=31113224;RepartitionExec=1970192
event	9973041	release_after_refusal	PartialHashAggregateStream[0]	1	16050979	16546488	82220151	8	4	0		PartialHashAggregateStream=49136735;FinalHashAggregateStream=31113224;RepartitionExec=1970192
event	9979800	release_after_refusal	PartialHashAggregateStream[1]	1	16042479	16547768	74745008	8	4	0		FinalHashAggregateStream=33769984;PartialHashAggregateStream=33094256;RepartitionExec=7880768
event	9995240	refusal	FinalHashAggregateStream[1]	1	8453880	29927717	104293584	8	4	0	33554432	FinalHashAggregateStream=59781568;RepartitionExec=27963568;PartialHashAggregateStream=16548448
event	9999669	refusal	FinalHashAggregateStream[0]	1	14105707	31946290	107168411	8	4	0	33554432	FinalHashAggregateStream=61874007;RepartitionExec=28745956;PartialHashAggregateStream=16548448
event	10016543	release_after_refusal	FinalHashAggregateStream[1]	1	29927037	680	77241374	8	4	0		FinalHashAggregateStream=31946970;RepartitionExec=28745956;PartialHashAggregateStream=16548448
event	10023649	release_after_refusal	FinalHashAggregateStream[0]	1	31945610	680	41474891	8	4	0		RepartitionExec=17719460;PartialHashAggregateStream=16548448;FinalHashAggregateStream=7206983
event	10056150	refusal	PartialHashAggregateStream[0]	1	8456247	29385916	96772655	8	4	0	33554432	PartialHashAggregateStream=56460829;FinalHashAggregateStream=40311826
event	10060424	refusal	PartialHashAggregateStream[1]	1	8450229	29370167	101154954	8	4	0	33554432	PartialHashAggregateStream=58756083;FinalHashAggregateStream=42398871
event	10066139	release_after_refusal	PartialHashAggregateStream[0]	1	15863044	13522872	85291910	8	4	0		PartialHashAggregateStream=42893039;FinalHashAggregateStream=42398871
event	10068500	release_after_refusal	PartialHashAggregateStream[1]	1	15854975	13515192	69436935	8	4	0		FinalHashAggregateStream=42398871;PartialHashAggregateStream=27038064
event	10073821	refusal	FinalHashAggregateStream[1]	1	14291926	31859657	80429342	8	4	0	33554432	FinalHashAggregateStream=45903726;PartialHashAggregateStream=27038064;RepartitionExec=7487552
event	10091520	refusal	FinalHashAggregateStream[0]	1	14258618	30709049	90797354	8	4	0	33554432	FinalHashAggregateStream=62568706;RepartitionExec=14705096;PartialHashAggregateStream=13523552
event	10101808	release_after_refusal	FinalHashAggregateStream[1]	1	31858977	680	58938377	8	4	0		FinalHashAggregateStream=30709729;RepartitionExec=14705096;PartialHashAggregateStream=13523552
event	10115504	release_after_refusal	FinalHashAggregateStream[0]	1	30708369	680	34999124	8	4	0		FinalHashAggregateStream=13996012;PartialHashAggregateStream=13523552;RepartitionExec=7479560
event	10136700	refusal	PartialHashAggregateStream[1]	1	8450347	29362644	84971724	8	4	0	33554432	PartialHashAggregateStream=45893725;FinalHashAggregateStream=39077999
event	10145082	release_after_refusal	PartialHashAggregateStream[1]	1	15850012	13512632	82109382	8	4	0		PartialHashAggregateStream=43031383;FinalHashAggregateStream=39077999
event	10149676	refusal	PartialHashAggregateStream[0]	1	14223602	32733721	89986520	8	4	0	33554432	PartialHashAggregateStream=46246353;FinalHashAggregateStream=43740167
event	10156115	refusal	FinalHashAggregateStream[1]	1	7869498	32014283	107301118	8	4	0	33554432	FinalHashAggregateStream=55537405;PartialHashAggregateStream=46246353;RepartitionExec=5517360
event	10161398	release_after_refusal	PartialHashAggregateStream[0]	1	16184033	16549688	81193618	8	4	0		FinalHashAggregateStream=58994818;PartialHashAggregateStream=16550368;RepartitionExec=5648432
event	10170357	refusal	FinalHashAggregateStream[0]	1	8082030	29311367	104632377	8	4	0	33554432	FinalHashAggregateStream=61325650;PartialHashAggregateStream=35688103;RepartitionExec=7618624
event	10179963	refusal	PartialHashAggregateStream[1]	1	8449561	29365522	114859484	8	4	0	33554432	FinalHashAggregateStream=61325650;PartialHashAggregateStream=45915210;RepartitionExec=7618624
event	10180563	release_after_refusal	FinalHashAggregateStream[1]	1	32013603	680	82845881	8	4	0		PartialHashAggregateStream=45915210;FinalHashAggregateStream=29312047;RepartitionExec=7618624
event	10187869	release_after_refusal	PartialHashAggregateStream[1]	1	15854170	13511352	66621454	8	4	0		FinalHashAggregateStream=34590222;PartialHashAggregateStream=30061040;RepartitionExec=1970192
event	10194414	release_after_refusal	FinalHashAggregateStream[0]	1	29310687	680	47940131	8	4	0		PartialHashAggregateStream=30061040;FinalHashAggregateStream=14069779;RepartitionExec=3809312
event	10226321	refusal	PartialHashAggregateStream[1]	1	8448671	29363698	113631599	8	4	0	33554432	FinalHashAggregateStream=56313742;PartialHashAggregateStream=43137409;RepartitionExec=14180448
event	10234206	release_after_refusal	PartialHashAggregateStream[1]	1	15854266	13509432	111091764	8	4	0		FinalHashAggregateStream=56313742;PartialHashAggregateStream=40597574;RepartitionExec=14180448
event	10240616	refusal	PartialHashAggregateStream[0]	1	14223673	32601181	122970844	8	4	0	33554432	FinalHashAggregateStream=62810855;PartialHashAggregateStream=46110613;RepartitionExec=14049376
event	10243330	refusal	FinalHashAggregateStream[0]	1	14217895	32036275	122970844	8	4	0	33554432	FinalHashAggregateStream=62810855;PartialHashAggregateStream=46110613;RepartitionExec=14049376
event	10243596	refusal	FinalHashAggregateStream[1]	1	9015576	30774580	122970844	8	4	0	33554432	FinalHashAggregateStream=62810855;PartialHashAggregateStream=46110613;RepartitionExec=14049376
event	10250965	release_after_refusal	PartialHashAggregateStream[0]	1	16052133	16549048	106918711	8	4	0		FinalHashAggregateStream=62810855;PartialHashAggregateStream=30058480;RepartitionExec=14049376
event	10268452	release_after_refusal	FinalHashAggregateStream[1]	1	30773900	680	81658059	8	4	0		FinalHashAggregateStream=32036955;PartialHashAggregateStream=30058480;RepartitionExec=19562624
event	10270577	release_after_refusal	FinalHashAggregateStream[0]	1	32035595	680	47652272	8	4	0		PartialHashAggregateStream=30058480;RepartitionExec=17592432;FinalHashAggregateStream=1360
event	10303675	refusal	FinalHashAggregateStream[1]	1	14044110	31730349	108924318	8	4	0	33554432	FinalHashAggregateStream=63674800;PartialHashAggregateStream=38552510;RepartitionExec=6697008
event	10313399	refusal	PartialHashAggregateStream[1]	1	14219696	32587854	132339445	8	4	0	33554432	FinalHashAggregateStream=63674800;PartialHashAggregateStream=61967637;RepartitionExec=6697008
event	10314081	refusal	PartialHashAggregateStream[0]	1	8454941	29379783	132339445	8	4	0	33554432	FinalHashAggregateStream=63674800;PartialHashAggregateStream=61967637;RepartitionExec=6697008
event	10322035	release_after_refusal	PartialHashAggregateStream[0]	1	15858831	13520952	116480614	8	4	0		FinalHashAggregateStream=63674800;PartialHashAggregateStream=46108806;RepartitionExec=6697008
event	10323095	release_after_refusal	PartialHashAggregateStream[1]	1	16044566	16543288	106084480	8	4	0		FinalHashAggregateStream=63674800;PartialHashAggregateStream=30064240;RepartitionExec=12345440
event	10327218	refusal	FinalHashAggregateStream[0]	1	14319277	31944451	110811296	8	4	0	33554432	FinalHashAggregateStream=63674800;PartialHashAggregateStream=30064240;RepartitionExec=17072256
event	10328560	release_after_refusal	FinalHashAggregateStream[1]	1	31729669	680	79081627	8	4	0		FinalHashAggregateStream=31945131;PartialHashAggregateStream=30064240;RepartitionExec=17072256
event	10353048	release_after_refusal	FinalHashAggregateStream[0]	1	31943771	680	67983647	8	4	0		PartialHashAggregateStream=30064240;FinalHashAggregateStream=27413087;RepartitionExec=10506320
event	10360813	refusal	FinalHashAggregateStream[1]	1	13097507	31836305	58894565	8	4	0	33554432	FinalHashAggregateStream=38814189;PartialHashAggregateStream=13521632;RepartitionExec=6558744
event	10383996	release_after_refusal	FinalHashAggregateStream[1]	1	31835625	680	77924813	8	4	0		PartialHashAggregateStream=37056720;FinalHashAggregateStream=32339157;RepartitionExec=8528936
event	10385623	refusal	PartialHashAggregateStream[1]	1	14217127	32580135	79193394	8	4	0	33554432	PartialHashAggregateStream=41074733;FinalHashAggregateStream=32339157;RepartitionExec=5779504
event	10385972	refusal	FinalHashAggregateStream[0]	1	2090243	32338477	79193394	8	4	0	33554432	PartialHashAggregateStream=41074733;FinalHashAggregateStream=32339157;RepartitionExec=5779504
event	10395963	release_after_refusal	PartialHashAggregateStream[1]	1	16040047	16540088	88115223	8	4	0		FinalHashAggregateStream=44490376;PartialHashAggregateStream=43624847
event	10403515	refusal	PartialHashAggregateStream[0]	1	14222662	32595860	107835804	8	4	0	33554432	FinalHashAggregateStream=50429984;PartialHashAggregateStream=49135948;RepartitionExec=8269872
event	10407790	release_after_refusal	FinalHashAggregateStream[0]	1	32337797	680	68911283	8	4	0		PartialHashAggregateStream=32596540;FinalHashAggregateStream=24890919;RepartitionExec=11423824
event	10413839	release_after_refusal	PartialHashAggregateStream[0]	1	16048092	16547768	62590606	8	4	0		FinalHashAggregateStream=37628278;PartialHashAggregateStream=21021944;RepartitionExec=3940384
event	10418058	refusal	FinalHashAggregateStream[1]	1	3248561	32337031	77009781	8	4	0	33554432	FinalHashAggregateStream=42757647;PartialHashAggregateStream=30311750;RepartitionExec=3940384
event	10433539	refusal	PartialHashAggregateStream[1]	1	14216042	32574731	106676117	8	4	0	33554432	FinalHashAggregateStream=57553618;PartialHashAggregateStream=49122499
event	10442987	release_after_refusal	FinalHashAggregateStream[1]	1	32336351	680	74339766	8	4	0		PartialHashAggregateStream=49122499;FinalHashAggregateStream=25217267
event	10442997	release_after_refusal	PartialHashAggregateStream[1]	1	16035923	16538808	58303843	8	4	0		PartialHashAggregateStream=33086576;FinalHashAggregateStream=25217267
event	10455497	refusal	FinalHashAggregateStream[0]	1	7862139	31988447	83850344	8	4	0	33554432	FinalHashAggregateStream=46036952;PartialHashAggregateStream=33086576;RepartitionExec=4726816
event	10478836	release_after_refusal	FinalHashAggregateStream[0]	1	31987767	680	82854945	8	4	0		PartialHashAggregateStream=43624257;FinalHashAggregateStream=25050240;RepartitionExec=14180448
event	10485059	refusal	PartialHashAggregateStream[0]	1	14224008	32598020	88022608	8	4	0	33554432	PartialHashAggregateStream=49136828;FinalHashAggregateStream=32188772;RepartitionExec=6697008
event	10494313	release_after_refusal	PartialHashAggregateStream[0]	1	16048972	16549048	83406780	8	4	0		FinalHashAggregateStream=40865292;PartialHashAggregateStream=33087856;RepartitionExec=9453632
event	10508576	refusal	FinalHashAggregateStream[1]	1	14092371	31754139	90078586	8	4	0	33554432	FinalHashAggregateStream=57015846;PartialHashAggregateStream=33062740
event	10520555	refusal	PartialHashAggregateStream[1]	1	14215572	32568614	106133508	8	4	0	33554432	FinalHashAggregateStream=57015846;PartialHashAggregateStream=49117662
event	10529758	release_after_refusal	PartialHashAggregateStream[1]	1	16033646	16534968	90099862	8	4	0		FinalHashAggregateStream=57015846;PartialHashAggregateStream=33084016
event	10532504	release_after_refusal	FinalHashAggregateStream[1]	1	31753459	680	63073219	8	4	0		PartialHashAggregateStream=33084016;FinalHashAggregateStream=25262387;RepartitionExec=4726816
event	10544247	refusal	FinalHashAggregateStream[0]	1	14220353	31995164	89159098	8	4	0	33554432	FinalHashAggregateStream=45835018;PartialHashAggregateStream=33084016;RepartitionExec=10240064
event	10564358	refusal	FinalHashAggregateStream[1]	1	14239553	30874898	95686818	8	4	0	33554432	FinalHashAggregateStream=62870062;PartialHashAggregateStream=20995604;RepartitionExec=11821152
event	10572236	release_after_refusal	FinalHashAggregateStream[0]	1	31994484	680	91800351	8	4	0		PartialHashAggregateStream=49103621;FinalHashAggregateStream=30875578;RepartitionExec=11821152
event	10575348	refusal	PartialHashAggregateStream[1]	1	14216416	32574499	98090774	8	4	0	33554432	PartialHashAggregateStream=57364236;FinalHashAggregateStream=30875578;RepartitionExec=9850960
event	10584747	refusal	PartialHashAggregateStream[0]	1	14222498	32600069	113995717	8	4	0	33554432	PartialHashAggregateStream=65174568;FinalHashAggregateStream=44880765;RepartitionExec=3940384
event	10585888	release_after_refusal	PartialHashAggregateStream[1]	1	16033131	16541368	97962586	8	4	0		PartialHashAggregateStream=49141437;FinalHashAggregateStream=44880765;RepartitionExec=3940384
event	10589402	release_after_refusal	FinalHashAggregateStream[1]	1	30874218	680	71848603	8	4	0		PartialHashAggregateStream=49141437;FinalHashAggregateStream=16796590;RepartitionExec=5910576
event	10594785	release_after_refusal	PartialHashAggregateStream[0]	1	16052301	16547768	69518621	8	4	0		PartialHashAggregateStream=33089136;FinalHashAggregateStream=29732477;RepartitionExec=6697008
event	10605880	refusal	FinalHashAggregateStream[0]	1	13101350	32895011	100181007	8	4	0	33554432	FinalHashAggregateStream=55668047;PartialHashAggregateStream=33089136;RepartitionExec=11423824
event	10623233	refusal	FinalHashAggregateStream[1]	1	14258573	31850378	99381228	8	4	0	33554432	FinalHashAggregateStream=64745389;RepartitionExec=20877456;PartialHashAggregateStream=13758383
event	10629950	release_after_refusal	FinalHashAggregateStream[0]	1	32894331	680	77496548	8	4	0		FinalHashAggregateStream=31851058;PartialHashAggregateStream=24768034;RepartitionExec=20877456
event	10635794	refusal	PartialHashAggregateStream[1]	1	8445856	29353998	81857159	8	4	0	33554432	FinalHashAggregateStream=36351841;PartialHashAggregateStream=29354678;RepartitionExec=16150640
event	10644059	release_after_refusal	PartialHashAggregateStream[1]	1	15848406	13505592	70163400	8	4	0		FinalHashAggregateStream=47203496;PartialHashAggregateStream=13506272;RepartitionExec=9453632
event	10648279	release_after_refusal	FinalHashAggregateStream[1]	1	31849698	680	43520810	8	4	0		FinalHashAggregateStream=24103962;PartialHashAggregateStream=13506272;RepartitionExec=5910576
event	10661715	refusal	FinalHashAggregateStream[0]	1	14243988	30852048	89065998	8	4	0	33554432	FinalHashAggregateStream=44857879;PartialHashAggregateStream=38428615;RepartitionExec=5779504
event	10671568	refusal	PartialHashAggregateStream[0]	1	14224692	32734351	93764203	8	4	0	33554432	FinalHashAggregateStream=57088788;PartialHashAggregateStream=32735031;RepartitionExec=3940384
event	10681249	release_after_refusal	PartialHashAggregateStream[0]	1	16184663	16549688	91344417	8	4	0		FinalHashAggregateStream=57088788;PartialHashAggregateStream=30315245;RepartitionExec=3940384
event	10689355	release_after_refusal	FinalHashAggregateStream[0]	1	30851368	680	76101825	8	4	0		FinalHashAggregateStream=29725124;PartialHashAggregateStream=27072109;RepartitionExec=19304592
event	10696570	refusal	FinalHashAggregateStream[1]	1	14258474	32973212	90031454	8	4	0	33554432	FinalHashAggregateStream=37614649;PartialHashAggregateStream=37052597;RepartitionExec=15364208
event	10698183	refusal	PartialHashAggregateStream[1]	1	14219127	32576427	92112441	8	4	0	33554432	FinalHashAggregateStream=41665828;PartialHashAggregateStream=37052597;RepartitionExec=13394016
event	10709247	release_after_refusal	PartialHashAggregateStream[1]	1	16035059	16541368	108333748	8	4	0		FinalHashAggregateStream=58010903;PartialHashAggregateStream=43625837;RepartitionExec=6697008
event	10714540	refusal	PartialHashAggregateStream[0]	1	8586946	29381760	112190886	8	4	0	33554432	FinalHashAggregateStream=60357182;PartialHashAggregateStream=45923128;RepartitionExec=5910576
event	10724001	release_after_refusal	PartialHashAggregateStream[0]	1	15860808	13520952	108606524	8	4	0		FinalHashAggregateStream=65936620;PartialHashAggregateStream=30062320;RepartitionExec=12607584
event	10725083	refusal	FinalHashAggregateStream[0]	1	14258465	32963408	110576716	8	4	0	33554432	FinalHashAggregateStream=65936620;PartialHashAggregateStream=30062320;RepartitionExec=14577776
event	10726144	release_after_refusal	FinalHashAggregateStream[1]	1	32972532	680	77604184	8	4	0		FinalHashAggregateStream=32964088;PartialHashAggregateStream=30062320;RepartitionExec=14577776
event	10751244	release_after_refusal	FinalHashAggregateStream[0]	1	32962728	680	51542352	8	4	0		FinalHashAggregateStream=27394340;PartialHashAggregateStream=13521632;RepartitionExec=10626380
event	10761009	refusal	FinalHashAggregateStream[1]	1	14242388	32964695	72883773	8	4	0	33554432	FinalHashAggregateStream=41657572;PartialHashAggregateStream=23607577;RepartitionExec=7618624
event	10770759	refusal	PartialHashAggregateStream[1]	1	8444367	29360196	107588685	8	4	0	33554432	PartialHashAggregateStream=54150056;FinalHashAggregateStream=49760389;RepartitionExec=3678240
event	10778776	release_after_refusal	PartialHashAggregateStream[1]	1	15855244	13504952	107158541	8	4	0		FinalHashAggregateStream=59215502;PartialHashAggregateStream=46103919;RepartitionExec=1839120
event	10780536	refusal	PartialHashAggregateStream[0]	1	14222282	32598967	109128733	8	4	0	33554432	FinalHashAggregateStream=59215502;PartialHashAggregateStream=46103919;RepartitionExec=3809312
event	10788055	release_after_refusal	FinalHashAggregateStream[1]	1	32964015	680	87380330	8	4	0		PartialHashAggregateStream=46103919;FinalHashAggregateStream=31818667;RepartitionExec=9457744
event	10790851	release_after_refusal	PartialHashAggregateStream[0]	1	16051199	16547768	71623706	8	4	0		FinalHashAggregateStream=35791482;PartialHashAggregateStream=30052720;RepartitionExec=5779504
event	10792045	refusal	FinalHashAggregateStream[0]	1	13106855	32986202	73593898	8	4	0	33554432	FinalHashAggregateStream=35791482;PartialHashAggregateStream=30052720;RepartitionExec=7749696
event	10818246	refusal	FinalHashAggregateStream[1]	1	2093867	32324880	126450796	8	4	0	33554432	FinalHashAggregateStream=65311082;PartialHashAggregateStream=45906578;RepartitionExec=15233136
event	10818403	release_after_refusal	FinalHashAggregateStream[0]	1	32985522	680	93465274	8	4	0		PartialHashAggregateStream=45906578;FinalHashAggregateStream=32325560;RepartitionExec=15233136
event	10822840	refusal	PartialHashAggregateStream[1]	1	14212218	32568086	95698687	8	4	0	33554432	PartialHashAggregateStream=49115854;FinalHashAggregateStream=35159009;RepartitionExec=11423824
event	10832833	release_after_refusal	PartialHashAggregateStream[1]	1	16031198	16536888	86288853	8	4	0		FinalHashAggregateStream=45720757;PartialHashAggregateStream=33084656;RepartitionExec=7483440
event	10839668	release_after_refusal	FinalHashAggregateStream[1]	1	32324200	680	61638736	8	4	0		FinalHashAggregateStream=23838089;RepartitionExec=21263079;PartialHashAggregateStream=16537568
event	10847418	refusal	FinalHashAggregateStream[0]	1	2083865	32337026	64270547	8	4	0	33554432	FinalHashAggregateStream=39466588;PartialHashAggregateStream=16537568;RepartitionExec=8266391
event	10866421	refusal	PartialHashAggregateStream[0]	1	8455175	29380764	109643881	8	4	0	33554432	FinalHashAggregateStream=58779327;PartialHashAggregateStream=37871347;RepartitionExec=12993207
event	10868189	release_after_refusal	FinalHashAggregateStream[0]	1	32336346	680	82582219	8	4	0		PartialHashAggregateStream=43146031;FinalHashAggregateStream=26442981;RepartitionExec=12993207
event	10874923	release_after_refusal	PartialHashAggregateStream[0]	1	15859812	13520952	76863388	8	4	0		PartialHashAggregateStream=40590239;FinalHashAggregateStream=33516525;RepartitionExec=2756624
event	10883190	refusal	PartialHashAggregateStream[1]	1	14215310	32576391	101949732	8	4	0	33554432	PartialHashAggregateStream=46097343;FinalHashAggregateStream=44686597;RepartitionExec=11165792
event	10885258	refusal	FinalHashAggregateStream[1]	1	9015837	30822099	102884194	8	4	0	33554432	FinalHashAggregateStream=47460179;PartialHashAggregateStream=46097343;RepartitionExec=9326672
event	10893237	release_after_refusal	PartialHashAggregateStream[1]	1	16035023	16541368	80448381	8	4	0		FinalHashAggregateStream=58126829;PartialHashAggregateStream=16542048;RepartitionExec=5779504
event	10901482	refusal	FinalHashAggregateStream[0]	1	9015660	30684390	109809826	8	4	0	33554432	FinalHashAggregateStream=61506489;PartialHashAggregateStream=30314473;RepartitionExec=17988864
event	10910658	release_after_refusal	FinalHashAggregateStream[1]	1	30821419	680	92300990	8	4	0		PartialHashAggregateStream=43627056;FinalHashAggregateStream=30685070;RepartitionExec=17988864
event	10918767	refusal	PartialHashAggregateStream[0]	1	14222722	32595620	99146425	8	4	0	33554432	PartialHashAggregateStream=49136988;FinalHashAggregateStream=37800077;RepartitionExec=12209360
event	10924627	release_after_refusal	FinalHashAggregateStream[0]	1	30683710	680	69174129	8	4	0		PartialHashAggregateStream=49136988;FinalHashAggregateStream=15310325;RepartitionExec=4726816
event	10928969	release_after_refusal	PartialHashAggregateStream[0]	1	16048492	16547128	67875520	8	4	0		PartialHashAggregateStream=33088496;FinalHashAggregateStream=27303584;RepartitionExec=7483440
event	10943572	refusal	FinalHashAggregateStream[1]	1	14163975	30809373	96056627	8	4	0	33554432	FinalHashAggregateStream=54724649;PartialHashAggregateStream=33062106;RepartitionExec=8269872
event	10956415	refusal	PartialHashAggregateStream[1]	1	14213239	32570764	101871442	8	4	0	33554432	FinalHashAggregateStream=62602990;PartialHashAggregateStream=32571444;RepartitionExec=6697008
event	10957281	refusal	FinalHashAggregateStream[0]	1	6281608	31793617	101871442	8	4	0	33554432	FinalHashAggregateStream=62602990;PartialHashAggregateStream=32571444;RepartitionExec=6697008
event	10966666	release_after_refusal	PartialHashAggregateStream[1]	1	16035156	16535608	104982674	8	4	0		FinalHashAggregateStream=62602990;PartialHashAggregateStream=35682676;RepartitionExec=6697008
event	10967687	release_after_refusal	FinalHashAggregateStream[1]	1	30808693	680	78114365	8	4	0		PartialHashAggregateStream=35682676;FinalHashAggregateStream=31794297;RepartitionExec=10637392
event	10975992	refusal	PartialHashAggregateStream[0]	1	8453302	29380715	90602621	8	4	0	33554432	PartialHashAggregateStream=45916323;FinalHashAggregateStream=38776618;RepartitionExec=5909680
event	10980481	release_after_refusal	FinalHashAggregateStream[0]	1	31792937	680	69540080	8	4	0		PartialHashAggregateStream=45916323;FinalHashAggregateStream=12200829;RepartitionExec=11422928
event	10984520	release_after_refusal	PartialHashAggregateStream[0]	1	15861683	13519032	64653808	8	4	0		PartialHashAggregateStream=30054640;FinalHashAggregateStream=21602480;RepartitionExec=12996688
event	10996754	refusal	FinalHashAggregateStream[1]	1	3136025	31238081	86425687	8	4	0	33554432	FinalHashAggregateStream=46917415;PartialHashAggregateStream=30054640;RepartitionExec=9453632
event	11011920	refusal	FinalHashAggregateStream[0]	1	13121924	31843046	114503089	8	4	0	33554432	FinalHashAggregateStream=63081127;PartialHashAggregateStream=38290090;RepartitionExec=13131872
event	11017651	release_after_refusal	FinalHashAggregateStream[1]	1	31237401	680	87856068	8	4	0		PartialHashAggregateStream=42880470;FinalHashAggregateStream=31843726;RepartitionExec=13131872
event	11021126	refusal	PartialHashAggregateStream[1]	1	14214909	32571667	88372748	8	4	0	33554432	PartialHashAggregateStream=46090699;FinalHashAggregateStream=34663425;RepartitionExec=7618624
event	11038682	release_after_refusal	FinalHashAggregateStream[0]	1	31842366	680	63894239	8	4	0		PartialHashAggregateStream=46343808;FinalHashAggregateStream=15711311;RepartitionExec=1839120
event	11040634	release_after_refusal	PartialHashAggregateStream[1]	1	16032859	16538808	48778202	8	4	0		PartialHashAggregateStream=33066891;FinalHashAggregateStream=15711311
event	11055802	refusal	PartialHashAggregateStream[0]	1	14223231	32599006	94531359	8	4	0	33554432	PartialHashAggregateStream=49137814;FinalHashAggregateStream=36726345;RepartitionExec=8667200
event	11064599	refusal	FinalHashAggregateStream[1]	1	13203799	33081568	92258060	8	4	0	33554432	FinalHashAggregateStream=51175565;PartialHashAggregateStream=41082495
event	11067617	release_after_refusal	PartialHashAggregateStream[0]	1	16051238	16547768	87155376	8	4	0		FinalHashAggregateStream=56848535;PartialHashAggregateStream=30306841
event	11081542	refusal	FinalHashAggregateStream[0]	1	3247763	32350438	120791107	8	4	0	33554432	FinalHashAggregateStream=65432006;PartialHashAggregateStream=45905469;RepartitionExec=9453632
event	11082051	refusal	PartialHashAggregateStream[1]	1	8445042	29357701	120791107	8	4	0	33554432	FinalHashAggregateStream=65432006;PartialHashAggregateStream=45905469;RepartitionExec=9453632
event	11091227	release_after_refusal	PartialHashAggregateStream[1]	1	15854029	13503672	104937078	8	4	0		FinalHashAggregateStream=65432006;PartialHashAggregateStream=30051440;RepartitionExec=9453632
event	11091778	release_after_refusal	FinalHashAggregateStream[1]	1	33080888	680	75534430	8	4	0		FinalHashAggregateStream=32351118;PartialHashAggregateStream=30051440;RepartitionExec=13131872
event	11107007	release_after_refusal	FinalHashAggregateStream[0]	1	32349758	680	57408335	8	4	0		PartialHashAggregateStream=30051440;FinalHashAggregateStream=15142527;RepartitionExec=12214368
event	11139794	refusal	PartialHashAggregateStream[1]	1	8449866	29367120	113069950	8	4	0	33554432	FinalHashAggregateStream=56942488;PartialHashAggregateStream=54157270;RepartitionExec=1970192
event	11145664	refusal	PartialHashAggregateStream[0]	1	8456346	29517816	117797616	8	4	0	33554432	PartialHashAggregateStream=58884936;FinalHashAggregateStream=56942488;RepartitionExec=1970192
event	11148538	release_after_refusal	PartialHashAggregateStream[1]	1	15854488	13512632	101943128	8	4	0		FinalHashAggregateStream=56942488;PartialHashAggregateStream=43030448;RepartitionExec=1970192
event	11153260	refusal	FinalHashAggregateStream[1]	1	14250746	32924969	103782248	8	4	0	33554432	FinalHashAggregateStream=56942488;PartialHashAggregateStream=43030448;RepartitionExec=3809312
event	11154642	release_after_refusal	PartialHashAggregateStream[0]	1	15994944	13522872	87787304	8	4	0		FinalHashAggregateStream=56942488;PartialHashAggregateStream=27035504;RepartitionExec=3809312
event	11169004	refusal	FinalHashAggregateStream[0]	1	7861569	31901734	101188879	8	4	0	33554432	FinalHashAggregateStream=64826703;PartialHashAggregateStream=27035504;RepartitionExec=9326672
event	11180636	release_after_refusal	FinalHashAggregateStream[1]	1	32924289	680	68264590	8	4	0		FinalHashAggregateStream=31902414;PartialHashAggregateStream=27035504;RepartitionExec=9326672
event	11191496	release_after_refusal	FinalHashAggregateStream[0]	1	31901054	680	47247171	8	4	0		PartialHashAggregateStream=27035504;FinalHashAggregateStream=12724115;RepartitionExec=7487552
event	11215996	refusal	PartialHashAggregateStream[0]	1	8456008	29382604	83854309	8	4	0	33554432	FinalHashAggregateStream=54471025;PartialHashAggregateStream=29383284
event	11216568	refusal	FinalHashAggregateStream[1]	1	13120831	31849388	83854309	8	4	0	33554432	FinalHashAggregateStream=54471025;PartialHashAggregateStream=29383284
event	11224354	release_after_refusal	PartialHashAggregateStream[0]	1	15860372	13522232	70324733	8	4	0		FinalHashAggregateStream=56801821;PartialHashAggregateStream=13522912
event	11234901	refusal	FinalHashAggregateStream[0]	1	3246800	32257149	83277881	8	4	0	33554432	FinalHashAggregateStream=64106537;PartialHashAggregateStream=13522912;RepartitionExec=5648432
event	11241804	release_after_refusal	FinalHashAggregateStream[1]	1	31848708	680	51429173	8	4	0		FinalHashAggregateStream=32257829;PartialHashAggregateStream=13522912;RepartitionExec=5648432
event	11258036	release_after_refusal	FinalHashAggregateStream[0]	1	32256469	680	39030329	8	4	0		PartialHashAggregateStream=30044471;FinalHashAggregateStream=7146738;RepartitionExec=1839120
event	11269985	refusal	PartialHashAggregateStream[1]	1	14217878	32582028	52825213	8	4	0	33554432	PartialHashAggregateStream=32582708;FinalHashAggregateStream=20242505
event	11279260	release_after_refusal	PartialHashAggregateStream[1]	1	16040020	16542008	57418641	8	4	0		PartialHashAggregateStream=30446295;FinalHashAggregateStream=26972346
event	11292662	refusal	PartialHashAggregateStream[0]	1	8455977	29514683	85602932	8	4	0	33554432	FinalHashAggregateStream=46633937;PartialHashAggregateStream=29515363;RepartitionExec=9453632
event	11300738	release_after_refusal	PartialHashAggregateStream[0]	1	15992451	13522232	77450739	8	4	0		FinalHashAggregateStream=59454386;PartialHashAggregateStream=17996353
event	11301667	refusal	FinalHashAggregateStream[1]	1	14223950	31913273	81259155	8	4	0	33554432	FinalHashAggregateStream=59454386;PartialHashAggregateStream=17996353;RepartitionExec=3808416
event	11309658	refusal	FinalHashAggregateStream[0]	1	9015702	30789602	100233629	8	4	0	33554432	FinalHashAggregateStream=62702875;PartialHashAggregateStream=30044098;RepartitionExec=7486656
event	11320805	refusal	PartialHashAggregateStream[1]	1	14215573	32582882	116294645	8	4	0	33554432	FinalHashAggregateStream=62702875;PartialHashAggregateStream=46105114;RepartitionExec=7486656
event	11327067	release_after_refusal	FinalHashAggregateStream[1]	1	31912593	680	84382052	8	4	0		PartialHashAggregateStream=46105114;FinalHashAggregateStream=30790282;RepartitionExec=7486656
event	11330852	release_after_refusal	PartialHashAggregateStream[1]	1	16041514	16541368	67341201	8	4	0		FinalHashAggregateStream=33599361;PartialHashAggregateStream=30063600;RepartitionExec=3678240
event	11334257	release_after_refusal	FinalHashAggregateStream[0]	1	30788922	680	45787204	8	4	0		PartialHashAggregateStream=30063600;RepartitionExec=8536128;FinalHashAggregateStream=7187476
event	11366187	refusal	PartialHashAggregateStream[0]	1	14223586	32600192	109534378	8	4	0	33554432	FinalHashAggregateStream=60413661;PartialHashAggregateStream=49120717
event	11376495	release_after_refusal	PartialHashAggregateStream[0]	1	16050504	16549688	109544591	8	4	0		FinalHashAggregateStream=60413661;PartialHashAggregateStream=49130930
event	11377264	refusal	PartialHashAggregateStream[1]	1	14217637	32581242	112301215	8	4	0	33554432	FinalHashAggregateStream=60413661;PartialHashAggregateStream=49130930;RepartitionExec=2756624
event	11381523	refusal	FinalHashAggregateStream[1]	1	14257212	31858716	112301215	8	4	0	33554432	FinalHashAggregateStream=60413661;PartialHashAggregateStream=49130930;RepartitionExec=2756624
event	11387280	release_after_refusal	PartialHashAggregateStream[1]	1	16039874	16541368	96261341	8	4	0		FinalHashAggregateStream=60413661;PartialHashAggregateStream=33091056;RepartitionExec=2756624
event	11396265	refusal	FinalHashAggregateStream[0]	1	14258492	31803389	108176985	8	4	0	33554432	FinalHashAggregateStream=63662105;PartialHashAggregateStream=33091056;RepartitionExec=11423824
event	11407421	release_after_refusal	FinalHashAggregateStream[1]	1	31858036	680	76318949	8	4	0		PartialHashAggregateStream=33091056;FinalHashAggregateStream=31804069;RepartitionExec=11423824
event	11421912	release_after_refusal	FinalHashAggregateStream[0]	1	31802709	680	38164385	8	4	0		PartialHashAggregateStream=16550368;FinalHashAggregateStream=15703441;RepartitionExec=5910576
event	11438873	refusal	FinalHashAggregateStream[1]	1	7866531	31934831	88726815	8	4	0	33554432	FinalHashAggregateStream=48659365;PartialHashAggregateStream=27073907;RepartitionExec=12993543
event	11442225	refusal	PartialHashAggregateStream[1]	1	8449254	29369515	103892857	8	4	0	33554432	FinalHashAggregateStream=55791986;PartialHashAggregateStream=37863952;RepartitionExec=10236919
event	11450639	release_after_refusal	PartialHashAggregateStream[1]	1	15855603	13513912	102687994	8	4	0		FinalHashAggregateStream=61630169;PartialHashAggregateStream=38304346;RepartitionExec=2753479
event	11457257	refusal	FinalHashAggregateStream[0]	1	14258330	31782284	117914222	8	4	0	33554432	FinalHashAggregateStream=63717115;PartialHashAggregateStream=42900243;RepartitionExec=11296864
event	11457600	refusal	PartialHashAggregateStream[0]	1	8587983	29386331	117914222	8	4	0	33554432	FinalHashAggregateStream=63717115;PartialHashAggregateStream=42900243;RepartitionExec=11296864
event	11463080	release_after_refusal	FinalHashAggregateStream[1]	1	31934151	680	85980071	8	4	0		PartialHashAggregateStream=42900243;FinalHashAggregateStream=31782964;RepartitionExec=11296864
event	11465828	release_after_refusal	PartialHashAggregateStream[0]	1	15862819	13523512	68147060	8	4	0		FinalHashAggregateStream=31782964;PartialHashAggregateStream=27037424;RepartitionExec=9326672
event	11482539	release_after_refusal	FinalHashAggregateStream[0]	1	31781604	680	54689669	8	4	0		FinalHashAggregateStream=24089109;RepartitionExec=17076368;PartialHashAggregateStream=13524192
event	11497660	refusal	FinalHashAggregateStream[1]	1	14215116	31998942	97596987	8	4	0	33554432	FinalHashAggregateStream=47291555;PartialHashAggregateStream=40980558;RepartitionExec=9324874
event	11506293	refusal	PartialHashAggregateStream[1]	1	14218883	32583676	120061958	8	4	0	33554432	PartialHashAggregateStream=59805790;FinalHashAggregateStream=58418846;RepartitionExec=1837322
event	11512444	refusal	PartialHashAggregateStream[0]	1	12532996	32734094	127211576	8	4	0	33554432	PartialHashAggregateStream=65317770;FinalHashAggregateStream=61893806
event	11515721	release_after_refusal	PartialHashAggregateStream[1]	1	16039748	16543928	111171828	8	4	0		FinalHashAggregateStream=61893806;PartialHashAggregateStream=49278022
event	11521110	release_after_refusal	PartialHashAggregateStream[0]	1	16183894	16550200	103772146	8	4	0		FinalHashAggregateStream=63981010;PartialHashAggregateStream=33094128;RepartitionExec=6697008
event	11522711	release_after_refusal	FinalHashAggregateStream[1]	1	31998262	680	75714268	8	4	0		PartialHashAggregateStream=33094128;FinalHashAggregateStream=31982748;RepartitionExec=10637392
event	11522982	refusal	FinalHashAggregateStream[0]	1	14221543	31982068	73744076	8	4	0	33554432	PartialHashAggregateStream=33094128;FinalHashAggregateStream=31982748;RepartitionExec=8667200
event	11549124	release_after_refusal	FinalHashAggregateStream[0]	1	31981388	680	73551492	8	4	0		PartialHashAggregateStream=33070544;FinalHashAggregateStream=25117636;RepartitionExec=15363312
event	11561230	refusal	PartialHashAggregateStream[0]	1	14221024	32595429	95745242	8	4	0	33554432	PartialHashAggregateStream=49139357;FinalHashAggregateStream=39122445;RepartitionExec=7483440
event	11571018	release_after_refusal	PartialHashAggregateStream[0]	1	16048941	16546488	90004046	8	4	0		FinalHashAggregateStream=51400382;PartialHashAggregateStream=33090416;RepartitionExec=5513248
event	11580946	refusal	FinalHashAggregateStream[1]	1	12999595	32211346	93202399	8	4	0	33554432	FinalHashAggregateStream=59893570;PartialHashAggregateStream=25038957;RepartitionExec=8269872
event	11588164	refusal	FinalHashAggregateStream[0]	1	14221745	32113292	110389333	8	4	0	33554432	FinalHashAggregateStream=64324638;PartialHashAggregateStream=33068007;RepartitionExec=12996688
event	11599030	refusal	PartialHashAggregateStream[1]	1	14219729	32583593	126451407	8	4	0	33554432	FinalHashAggregateStream=64324638;PartialHashAggregateStream=49130081;RepartitionExec=12996688
event	11607470	release_after_refusal	FinalHashAggregateStream[1]	1	32210666	680	94240741	8	4	0		PartialHashAggregateStream=49130081;FinalHashAggregateStream=32113972;RepartitionExec=12996688
event	11608543	release_after_refusal	PartialHashAggregateStream[1]	1	16039025	16544568	75445092	8	4	0		PartialHashAggregateStream=33091056;FinalHashAggregateStream=32113972;RepartitionExec=10240064
event	11612954	release_after_refusal	FinalHashAggregateStream[0]	1	32112612	680	49477667	8	4	0		PartialHashAggregateStream=33091056;RepartitionExec=11026496;FinalHashAggregateStream=5360115
event	11659701	refusal	PartialHashAggregateStream[0]	1	14221993	32595060	131076454	8	4	0	33554432	PartialHashAggregateStream=59665518;FinalHashAggregateStream=58419975;RepartitionExec=12990961
event	11665743	refusal	PartialHashAggregateStream[1]	1	8450243	29367187	133373183	8	4	0	33554432	PartialHashAggregateStream=61962247;FinalHashAggregateStream=58419975;RepartitionExec=12990961
event	11669682	release_after_refusal	PartialHashAggregateStream[0]	1	16048572	16546488	117324611	8	4	0		FinalHashAggregateStream=58419975;PartialHashAggregateStream=45913675;RepartitionExec=12990961
event	11674090	release_after_refusal	PartialHashAggregateStream[1]	1	15853275	13513912	104796334	8	4	0		FinalHashAggregateStream=63709438;PartialHashAggregateStream=30060400;RepartitionExec=11026496
event	11674625	refusal	FinalHashAggregateStream[1]	1	7858344	31865152	108605646	8	4	0	33554432	FinalHashAggregateStream=63709438;PartialHashAggregateStream=30060400;RepartitionExec=14835808
event	11679131	refusal	FinalHashAggregateStream[0]	1	13164405	33024282	110838330	8	4	0	33554432	FinalHashAggregateStream=64889434;PartialHashAggregateStream=30060400;RepartitionExec=15888496
event	11699544	release_after_refusal	FinalHashAggregateStream[1]	1	31864472	680	78973858	8	4	0		FinalHashAggregateStream=33024962;PartialHashAggregateStream=30060400;RepartitionExec=15888496
event	11703068	release_after_refusal	FinalHashAggregateStream[0]	1	33023602	680	43243690	8	4	0		PartialHashAggregateStream=30060400;RepartitionExec=10375248;FinalHashAggregateStream=2808042
event	11732853	refusal	FinalHashAggregateStream[1]	1	14299488	31854504	107766736	8	4	0	33554432	FinalHashAggregateStream=65196369;PartialHashAggregateStream=40600175;RepartitionExec=1970192
event	11740262	refusal	PartialHashAggregateStream[0]	1	14223341	32598853	113279326	8	4	0	33554432	FinalHashAggregateStream=65196369;PartialHashAggregateStream=46112765;RepartitionExec=1970192
event	11749375	release_after_refusal	PartialHashAggregateStream[0]	1	16051085	16547768	97228241	8	4	0		FinalHashAggregateStream=65196369;PartialHashAggregateStream=30061680;RepartitionExec=1970192
event	11751591	refusal	FinalHashAggregateStream[0]	1	1167537	33341865	101955057	8	4	0	33554432	FinalHashAggregateStream=65196369;PartialHashAggregateStream=30061680;RepartitionExec=6697008
event	11757581	release_after_refusal	FinalHashAggregateStream[1]	1	31853824	680	70101233	8	4	0		FinalHashAggregateStream=33342545;PartialHashAggregateStream=30061680;RepartitionExec=6697008
event	11774343	release_after_refusal	FinalHashAggregateStream[0]	1	33341185	680	43882054	8	4	0		PartialHashAggregateStream=30316975;FinalHashAggregateStream=8838263;RepartitionExec=4726816
event	11787968	refusal	PartialHashAggregateStream[1]	1	14218889	32587212	82856040	8	4	0	33554432	PartialHashAggregateStream=49134980;FinalHashAggregateStream=28207812;RepartitionExec=5513248
event	11797559	release_after_refusal	PartialHashAggregateStream[1]	1	16043924	16543288	67735913	8	4	0		FinalHashAggregateStream=42697286;PartialHashAggregateStream=25038627
event	11806343	refusal	FinalHashAggregateStream[1]	1	8443052	29887435	102501687	8	4	0	33554432	FinalHashAggregateStream=56113210;PartialHashAggregateStream=43631853;RepartitionExec=2756624
event	11814456	refusal	PartialHashAggregateStream[0]	1	14224083	32601377	108014499	8	4	0	33554432	FinalHashAggregateStream=56113210;PartialHashAggregateStream=49144665;RepartitionExec=2756624
event	11823565	release_after_refusal	PartialHashAggregateStream[0]	1	16051689	16549688	91962810	8	4	0		FinalHashAggregateStream=56113210;PartialHashAggregateStream=33092976;RepartitionExec=2756624
event	11829844	release_after_refusal	FinalHashAggregateStream[1]	1	29886755	680	65551651	8	4	0		PartialHashAggregateStream=33092976;FinalHashAggregateStream=29702051;RepartitionExec=2756624
event	11836389	refusal	FinalHashAggregateStream[0]	1	14258645	31789520	73698135	8	4	0	33554432	FinalHashAggregateStream=38634967;PartialHashAggregateStream=33092976;RepartitionExec=1970192
event	11859907	release_after_refusal	FinalHashAggregateStream[0]	1	31788840	680	71489652	8	4	0		PartialHashAggregateStream=45918510;FinalHashAggregateStream=13360886;RepartitionExec=12210256
event	11862477	refusal	PartialHashAggregateStream[1]	1	8447854	29368822	69519460	8	4	0	33554432	PartialHashAggregateStream=45918510;FinalHashAggregateStream=13360886;RepartitionExec=10240064
event	11870278	release_after_refusal	PartialHashAggregateStream[1]	1	15856190	13512632	58895630	8	4	0		PartialHashAggregateStream=30062320;FinalHashAggregateStream=26076686;RepartitionExec=2756624
event	11886732	refusal	FinalHashAggregateStream[1]	1	1169631	33304905	84236284	8	4	0	33554432	FinalHashAggregateStream=62045799;PartialHashAggregateStream=16550368;RepartitionExec=5640117
event	11908699	release_after_refusal	FinalHashAggregateStream[1]	1	33304225	680	68096856	8	4	0		FinalHashAggregateStream=31989739;PartialHashAggregateStream=24818568;RepartitionExec=11288549
event	11911349	refusal	FinalHashAggregateStream[0]	1	14231720	31989059	67103391	8	4	0	33554432	FinalHashAggregateStream=34805586;PartialHashAggregateStream=24818568;RepartitionExec=7479237
event	11936897	release_after_refusal	FinalHashAggregateStream[0]	1	31988379	680	54807824	8	4	0		PartialHashAggregateStream=24798186;FinalHashAggregateStream=21345135;RepartitionExec=8664503
event	11944707	refusal	PartialHashAggregateStream[0]	1	8455453	29515894	68494911	8	4	0	33554432	PartialHashAggregateStream=37784774;FinalHashAggregateStream=25986018;RepartitionExec=4724119
event	11952372	release_after_refusal	PartialHashAggregateStream[0]	1	15993662	13522232	51960129	8	4	0		FinalHashAggregateStream=36598777;PartialHashAggregateStream=13522232;RepartitionExec=1839120
event	11962838	refusal	FinalHashAggregateStream[1]	1	8069181	34448941	64933327	7	4	0	38347922	FinalHashAggregateStream=49571975;PartialHashAggregateStream=13522232;RepartitionExec=1839120
event	11986185	release_after_refusal	FinalHashAggregateStream[1]	1	34448261	680	39239155	7	4	0		FinalHashAggregateStream=23877803;PartialHashAggregateStream=13522232;RepartitionExec=1839120
event	12016388	refusal	PartialHashAggregateStream[0]	1	14222845	32593978	71535822	7	4	0	38347922	FinalHashAggregateStream=38941844;PartialHashAggregateStream=32593978
event	12033939	release_after_refusal	PartialHashAggregateStream[0]	1	16047490	16546488	55488332	7	4	0		FinalHashAggregateStream=38941844;PartialHashAggregateStream=16546488
event	12048545	refusal	FinalHashAggregateStream[0]	1	14258591	32006861	79228580	7	4	0	38347922	FinalHashAggregateStream=55985084;PartialHashAggregateStream=16546488;RepartitionExec=6697008
event	12074438	refusal	PartialHashAggregateStream[0]	1	8981601	37834646	102447137	7	4	0	38347922	FinalHashAggregateStream=60672107;PartialHashAggregateStream=37834646;RepartitionExec=3940384
event	12077877	release_after_refusal	FinalHashAggregateStream[0]	1	32006181	680	70440956	7	4	0		PartialHashAggregateStream=37834646;FinalHashAggregateStream=28665926;RepartitionExec=3940384
event	12084725	release_after_refusal	PartialHashAggregateStream[0]	1	21289438	16545208	49851729	7	4	0		FinalHashAggregateStream=33306521;PartialHashAggregateStream=16545208
event	12091366	refusal	FinalHashAggregateStream[1]	1	7865076	31878974	67133945	7	4	0	38347922	FinalHashAggregateStream=45861921;PartialHashAggregateStream=16545208;RepartitionExec=4726816
event	12115047	release_after_refusal	FinalHashAggregateStream[1]	1	31878294	680	56488255	7	4	0		FinalHashAggregateStream=29718578;PartialHashAggregateStream=13772989;RepartitionExec=12996688
event	12128504	refusal	PartialHashAggregateStream[0]	1	14223411	32593857	77554119	7	4	0	38347922	FinalHashAggregateStream=44960262;PartialHashAggregateStream=32593857
event	12138028	release_after_refusal	PartialHashAggregateStream[0]	1	16046089	16547768	61508030	7	4	0		FinalHashAggregateStream=44960262;PartialHashAggregateStream=16547768
event	12147444	refusal	FinalHashAggregateStream[0]	1	14202929	32966810	76107849	7	4	0	38347922	FinalHashAggregateStream=56803457;PartialHashAggregateStream=16547768;RepartitionExec=2756624
event	12173475	release_after_refusal	FinalHashAggregateStream[0]	1	32966130	680	49416920	7	4	0		FinalHashAggregateStream=30112528;PartialHashAggregateStream=16547768;RepartitionExec=2756624
event	12202367	refusal	PartialHashAggregateStream[0]	1	8982280	37837431	83416424	7	4	0	38347922	FinalHashAggregateStream=45578993;PartialHashAggregateStream=37837431
event	12211288	release_after_refusal	PartialHashAggregateStream[0]	1	21290943	16546488	62125481	7	4	0		FinalHashAggregateStream=45578993;PartialHashAggregateStream=16546488
event	12215745	refusal	FinalHashAggregateStream[1]	1	9015774	33368833	68889834	7	4	0	38347922	FinalHashAggregateStream=50373154;PartialHashAggregateStream=16546488;RepartitionExec=1970192
event	12238999	release_after_refusal	FinalHashAggregateStream[1]	1	33368153	680	35521681	7	4	0		FinalHashAggregateStream=17005001;PartialHashAggregateStream=16546488;RepartitionExec=1970192
event	12277564	refusal	PartialHashAggregateStream[0]	1	14222244	32598985	85458540	7	4	0	38347922	FinalHashAggregateStream=52859555;PartialHashAggregateStream=32598985
event	12287007	release_after_refusal	PartialHashAggregateStream[0]	1	16051217	16547768	69407323	7	4	0		FinalHashAggregateStream=52859555;PartialHashAggregateStream=16547768
event	12291558	refusal	FinalHashAggregateStream[0]	1	9005712	33390436	80594018	7	4	0	38347922	FinalHashAggregateStream=58533002;PartialHashAggregateStream=16547768;RepartitionExec=5513248
event	12305889	refusal	FinalHashAggregateStream[1]	1	14150088	31838340	94755628	7	4	0	38347922	FinalHashAggregateStream=65228776;RepartitionExec=15753312;PartialHashAggregateStream=13773540
event	12315235	release_after_refusal	FinalHashAggregateStream[0]	1	33389756	680	74680190	7	4	0		FinalHashAggregateStream=31839020;PartialHashAggregateStream=27087858;RepartitionExec=15753312
event	12321166	refusal	PartialHashAggregateStream[0]	1	14223554	32599829	77981087	7	4	0	38347922	FinalHashAggregateStream=37111386;PartialHashAggregateStream=32599829;RepartitionExec=8269872
event	12329698	release_after_refusal	FinalHashAggregateStream[1]	1	31837660	680	48172129	7	4	0		PartialHashAggregateStream=32599829;FinalHashAggregateStream=15572300
event	12331003	release_after_refusal	PartialHashAggregateStream[0]	1	16050781	16549048	32121348	7	4	0		PartialHashAggregateStream=16549048;FinalHashAggregateStream=15572300
event	12350248	refusal	FinalHashAggregateStream[0]	1	9015945	30793724	57402501	7	4	0	38347922	FinalHashAggregateStream=54648230;RepartitionExec=2753591;PartialHashAggregateStream=680
event	12373222	release_after_refusal	FinalHashAggregateStream[0]	1	30793044	680	26609457	7	4	0		FinalHashAggregateStream=23855186;RepartitionExec=2753591;PartialHashAggregateStream=680
event	12397018	refusal	PartialHashAggregateStream[0]	1	14224421	32733139	57765249	7	4	0	38347922	PartialHashAggregateStream=32733139;FinalHashAggregateStream=25032110
event	12405766	release_after_refusal	PartialHashAggregateStream[0]	1	16182811	16550328	41582438	7	4	0		FinalHashAggregateStream=25032110;PartialHashAggregateStream=16550328
event	12421622	refusal	FinalHashAggregateStream[1]	1	13098134	32912606	49678333	7	4	0	38347922	FinalHashAggregateStream=46921029;RepartitionExec=2756624;PartialHashAggregateStream=680
event	12442169	refusal	PartialHashAggregateStream[0]	1	14225823	32731758	91162870	7	4	0	38347922	FinalHashAggregateStream=55674488;PartialHashAggregateStream=32731758;RepartitionExec=2756624
event	12446593	release_after_refusal	FinalHashAggregateStream[1]	1	32911926	680	58250944	7	4	0		PartialHashAggregateStream=32731758;FinalHashAggregateStream=22762562;RepartitionExec=2756624
event	12452757	release_after_refusal	PartialHashAggregateStream[0]	1	16180150	16551608	42152280	7	4	0		FinalHashAggregateStream=25600672;PartialHashAggregateStream=16551608
event	12473604	refusal	FinalHashAggregateStream[0]	1	13099580	32956382	61147607	7	4	0	38347922	FinalHashAggregateStream=55636261;RepartitionExec=5510666;PartialHashAggregateStream=680
event	12494306	refusal	PartialHashAggregateStream[0]	1	14222982	32599561	93746488	7	4	0	38347922	FinalHashAggregateStream=55636261;PartialHashAggregateStream=32599561;RepartitionExec=5510666
event	12498767	release_after_refusal	FinalHashAggregateStream[0]	1	32955702	680	60790786	7	4	0		PartialHashAggregateStream=32599561;FinalHashAggregateStream=22680559;RepartitionExec=5510666
event	12503770	release_after_refusal	PartialHashAggregateStream[0]	1	16051153	16548408	44599071	7	4	0		FinalHashAggregateStream=28050663;PartialHashAggregateStream=16548408
event	12520688	refusal	FinalHashAggregateStream[1]	1	8994819	34534442	63120086	7	4	0	38347922	FinalHashAggregateStream=58392590;RepartitionExec=4726816;PartialHashAggregateStream=680
event	12543670	refusal	PartialHashAggregateStream[0]	1	14223954	32598181	96883171	7	4	0	38347922	FinalHashAggregateStream=59558174;PartialHashAggregateStream=32598181;RepartitionExec=4726816
event	12545373	release_after_refusal	FinalHashAggregateStream[1]	1	34533762	680	62349409	7	4	0		PartialHashAggregateStream=32598181;FinalHashAggregateStream=25024412;RepartitionExec=4726816
event	12552963	release_after_refusal	PartialHashAggregateStream[0]	1	16049133	16549048	48547997	7	4	0		FinalHashAggregateStream=31998949;PartialHashAggregateStream=16549048
event	12565889	refusal	FinalHashAggregateStream[0]	1	9015531	30734062	55350732	7	4	0	38347922	FinalHashAggregateStream=53379860;RepartitionExec=1970192;PartialHashAggregateStream=680
event	12586736	refusal	PartialHashAggregateStream[0]	1	14224469	32599443	90280624	7	4	0	38347922	FinalHashAggregateStream=55710989;PartialHashAggregateStream=32599443;RepartitionExec=1970192
event	12589030	release_after_refusal	FinalHashAggregateStream[0]	1	30733382	680	59547242	7	4	0		PartialHashAggregateStream=32599443;FinalHashAggregateStream=24977607;RepartitionExec=1970192
event	12596122	release_after_refusal	PartialHashAggregateStream[0]	1	16050395	16549048	46167331	7	4	0		FinalHashAggregateStream=29618283;PartialHashAggregateStream=16549048
event	12607033	refusal	FinalHashAggregateStream[1]	1	7860822	34517757	67829188	7	4	0	38347922	FinalHashAggregateStream=48523516;PartialHashAggregateStream=16549048;RepartitionExec=2756624
event	12631228	release_after_refusal	FinalHashAggregateStream[1]	1	34517077	680	59686845	7	4	0		FinalHashAggregateStream=28527752;PartialHashAggregateStream=27218709;RepartitionExec=3940384
event	12637876	refusal	PartialHashAggregateStream[0]	1	14224459	32731314	65899967	7	4	0	38347922	FinalHashAggregateStream=33168653;PartialHashAggregateStream=32731314
event	12647030	release_after_refusal	PartialHashAggregateStream[0]	1	16180986	16550328	53770448	7	4	0		FinalHashAggregateStream=37220120;PartialHashAggregateStream=16550328
event	12655874	refusal	FinalHashAggregateStream[0]	1	13095500	32966894	71826398	7	4	0	38347922	FinalHashAggregateStream=49762822;PartialHashAggregateStream=16550328;RepartitionExec=5513248
event	12680074	release_after_refusal	FinalHashAggregateStream[0]	1	32966214	680	66684876	7	4	0		FinalHashAggregateStream=29684753;PartialHashAggregateStream=29516683;RepartitionExec=7483440
event	12683756	refusal	PartialHashAggregateStream[0]	1	8982552	37972964	73255082	7	4	0	38347922	PartialHashAggregateStream=37972964;FinalHashAggregateStream=32525494;RepartitionExec=2756624
event	12692811	release_after_refusal	PartialHashAggregateStream[0]	1	21425196	16547768	57146365	7	4	0		FinalHashAggregateStream=40598597;PartialHashAggregateStream=16547768
event	12699993	refusal	FinalHashAggregateStream[1]	1	13094564	32896688	62821145	7	4	0	38347922	FinalHashAggregateStream=46273377;PartialHashAggregateStream=16547768
event	12724827	release_after_refusal	FinalHashAggregateStream[1]	1	32896008	680	38029162	7	4	0		FinalHashAggregateStream=21481394;PartialHashAggregateStream=16547768
event	12757675	refusal	PartialHashAggregateStream[0]	1	14224424	32602379	78966164	7	4	0	38347922	FinalHashAggregateStream=46363785;PartialHashAggregateStream=32602379
event	12766616	release_after_refusal	PartialHashAggregateStream[0]	1	16053331	16549048	62912833	7	4	0		FinalHashAggregateStream=46363785;PartialHashAggregateStream=16549048
event	12771074	refusal	FinalHashAggregateStream[0]	1	7857705	34593112	73926808	7	4	0	38347922	FinalHashAggregateStream=49894320;PartialHashAggregateStream=16549048;RepartitionExec=7483440
event	12792994	release_after_refusal	FinalHashAggregateStream[0]	1	34592432	680	57880162	7	4	0		FinalHashAggregateStream=31898949;PartialHashAggregateStream=16527581;RepartitionExec=9453632
event	12805235	refusal	PartialHashAggregateStream[0]	1	14222811	32597019	78668371	7	4	0	38347922	FinalHashAggregateStream=46071352;PartialHashAggregateStream=32597019
event	12814390	release_after_refusal	PartialHashAggregateStream[0]	1	16050531	16546488	62617840	7	4	0		FinalHashAggregateStream=46071352;PartialHashAggregateStream=16546488
event	12825238	refusal	FinalHashAggregateStream[1]	1	9015774	38239067	83136068	7	4	0	38347922	FinalHashAggregateStream=64619388;PartialHashAggregateStream=16546488;RepartitionExec=1970192
event	12851619	release_after_refusal	FinalHashAggregateStream[1]	1	38238387	680	47228756	7	4	0		FinalHashAggregateStream=28712076;PartialHashAggregateStream=16546488;RepartitionExec=1970192
event	12885399	refusal	PartialHashAggregateStream[0]	1	14224837	32600915	83585772	7	4	0	38347922	FinalHashAggregateStream=50984857;PartialHashAggregateStream=32600915
event	12894273	release_after_refusal	PartialHashAggregateStream[0]	1	16050587	16550328	67535185	7	4	0		FinalHashAggregateStream=50984857;PartialHashAggregateStream=16550328
event	12898763	refusal	FinalHashAggregateStream[0]	1	9015819	38293881	72793641	7	4	0	38347922	FinalHashAggregateStream=53486689;PartialHashAggregateStream=16550328;RepartitionExec=2756624
event	12924422	release_after_refusal	FinalHashAggregateStream[0]	1	38293201	680	42072045	7	4	0		FinalHashAggregateStream=22765093;PartialHashAggregateStream=16550328;RepartitionExec=2756624
event	12963371	refusal	PartialHashAggregateStream[0]	1	14223046	30478130	77573430	7	4	0	38347922	FinalHashAggregateStream=47095300;PartialHashAggregateStream=30478130
event	12971746	release_after_refusal	PartialHashAggregateStream[0]	1	13932794	16545336	63640636	7	4	0		FinalHashAggregateStream=47095300;PartialHashAggregateStream=16545336
event	12976869	refusal	FinalHashAggregateStream[1]	1	14182251	31985988	72394140	7	4	0	38347922	FinalHashAggregateStream=55848804;PartialHashAggregateStream=16545336
event	13001015	release_after_refusal	FinalHashAggregateStream[1]	1	31985308	680	40408832	7	4	0		FinalHashAggregateStream=23863496;PartialHashAggregateStream=16545336
event	13040286	refusal	PartialHashAggregateStream[0]	1	14224411	32727910	77369248	7	4	0	38347922	FinalHashAggregateStream=44641338;PartialHashAggregateStream=32727910
event	13052805	release_after_refusal	PartialHashAggregateStream[0]	1	16176302	16551608	61192946	7	4	0		FinalHashAggregateStream=44641338;PartialHashAggregateStream=16551608
event	13056862	refusal	FinalHashAggregateStream[0]	1	13193849	31795127	63949570	7	4	0	38347922	FinalHashAggregateStream=44641338;PartialHashAggregateStream=16551608;RepartitionExec=2756624
event	13079166	release_after_refusal	FinalHashAggregateStream[0]	1	31794447	680	34945058	7	4	0		PartialHashAggregateStream=16551608;FinalHashAggregateStream=15636826;RepartitionExec=2756624
event	13119323	refusal	PartialHashAggregateStream[0]	1	8981376	37832651	86525458	7	4	0	38347922	FinalHashAggregateStream=48692807;PartialHashAggregateStream=37832651
event	13128760	release_after_refusal	PartialHashAggregateStream[0]	1	21288083	16544568	65237375	7	4	0		FinalHashAggregateStream=48692807;PartialHashAggregateStream=16544568
event	13137545	refusal	FinalHashAggregateStream[1]	1	13115153	31883666	77517752	7	4	0	38347922	FinalHashAggregateStream=57033696;PartialHashAggregateStream=16544568;RepartitionExec=3939488
event	13160230	release_after_refusal	FinalHashAggregateStream[1]	1	31882986	680	69222974	7	4	0		FinalHashAggregateStream=33009743;PartialHashAggregateStream=24790303;RepartitionExec=11422928
event	13171070	refusal	PartialHashAggregateStream[0]	1	8982055	37841229	83730340	7	4	0	38347922	FinalHashAggregateStream=45889111;PartialHashAggregateStream=37841229
event	13180286	release_after_refusal	PartialHashAggregateStream[0]	1	21293461	16547768	65226751	7	4	0		FinalHashAggregateStream=48678983;PartialHashAggregateStream=16547768
event	13185369	refusal	FinalHashAggregateStream[0]	1	14310927	33009063	73520756	7	4	0	38347922	FinalHashAggregateStream=56972988;PartialHashAggregateStream=16547768
event	13199662	refusal	FinalHashAggregateStream[1]	1	14258735	30730571	84444011	7	4	0	38347922	FinalHashAggregateStream=63739634;RepartitionExec=12210256;PartialHashAggregateStream=8494121
event	13213297	release_after_refusal	FinalHashAggregateStream[0]	1	33008383	680	72324624	7	4	0		FinalHashAggregateStream=30731251;PartialHashAggregateStream=29383117;RepartitionExec=12210256
event	13217490	refusal	PartialHashAggregateStream[0]	1	14222624	32597912	75299380	7	4	0	38347922	FinalHashAggregateStream=35218028;PartialHashAggregateStream=32597912;RepartitionExec=7483440
event	13223327	release_after_refusal	FinalHashAggregateStream[1]	1	30729891	680	48000698	7	4	0		PartialHashAggregateStream=32597912;FinalHashAggregateStream=12646162;RepartitionExec=2756624
event	13228087	release_after_refusal	PartialHashAggregateStream[0]	1	16050144	16547768	31545417	7	4	0		PartialHashAggregateStream=16547768;FinalHashAggregateStream=14997649
event	13270827	refusal	PartialHashAggregateStream[0]	1	8981450	37967884	93107329	7	4	0	38347922	FinalHashAggregateStream=55139445;PartialHashAggregateStream=37967884
event	13280335	release_after_refusal	PartialHashAggregateStream[0]	1	21421396	16546488	71685933	7	4	0		FinalHashAggregateStream=55139445;PartialHashAggregateStream=16546488
event	13285147	refusal	FinalHashAggregateStream[0]	1	8987115	38343877	77199181	7	4	0	38347922	FinalHashAggregateStream=55139445;PartialHashAggregateStream=16546488;RepartitionExec=5513248
event	13311374	release_after_refusal	FinalHashAggregateStream[0]	1	38343197	680	45545227	7	4	0		FinalHashAggregateStream=26242115;PartialHashAggregateStream=16546488;RepartitionExec=2756624
event	13324340	refusal	FinalHashAggregateStream[1]	1	14258267	31821413	45845411	7	4	0	38347922	FinalHashAggregateStream=43874539;RepartitionExec=1970192;PartialHashAggregateStream=680
event	13347677	release_after_refusal	FinalHashAggregateStream[1]	1	31820733	680	14024678	7	4	0		FinalHashAggregateStream=12053806;RepartitionExec=1970192;PartialHashAggregateStream=680
event	13373356	refusal	PartialHashAggregateStream[0]	1	8982860	37838611	59409237	7	4	0	38347922	PartialHashAggregateStream=37838611;FinalHashAggregateStream=21570626
event	13382318	release_after_refusal	PartialHashAggregateStream[0]	1	21292123	16546488	38117114	7	4	0		FinalHashAggregateStream=21570626;PartialHashAggregateStream=16546488
event	13422744	refusal	PartialHashAggregateStream[0]	1	8982534	37971351	98689828	7	4	0	38347922	FinalHashAggregateStream=60718477;PartialHashAggregateStream=37971351
event	13431814	release_after_refusal	PartialHashAggregateStream[0]	1	21424863	16546488	77264965	7	4	0		FinalHashAggregateStream=60718477;PartialHashAggregateStream=16546488
event	13436467	refusal	FinalHashAggregateStream[0]	1	8950563	34423747	85096862	7	4	0	38347922	FinalHashAggregateStream=63037126;PartialHashAggregateStream=16546488;RepartitionExec=5513248
event	13442994	refusal	FinalHashAggregateStream[1]	1	14258501	30718076	94684999	7	4	0	38347922	FinalHashAggregateStream=65141823;PartialHashAggregateStream=16546488;RepartitionExec=12996688
event	13459709	release_after_refusal	FinalHashAggregateStream[0]	1	34423067	680	60261932	7	4	0		FinalHashAggregateStream=30718756;PartialHashAggregateStream=16546488;RepartitionExec=12996688
event	13464539	release_after_refusal	FinalHashAggregateStream[1]	1	30717396	680	27328139	7	4	0		PartialHashAggregateStream=16546488;RepartitionExec=5513248;FinalHashAggregateStream=5268403
event	13493395	refusal	PartialHashAggregateStream[0]	1	8981657	37969353	60644241	7	4	0	38347922	PartialHashAggregateStream=37969353;FinalHashAggregateStream=22674888
event	13502575	release_after_refusal	PartialHashAggregateStream[0]	1	21423505	16545848	39220736	7	4	0		FinalHashAggregateStream=22674888;PartialHashAggregateStream=16545848
event	13520961	refusal	FinalHashAggregateStream[0]	1	9003891	30638482	62493999	7	4	0	38347922	FinalHashAggregateStream=56983216;RepartitionExec=5510103;PartialHashAggregateStream=680
event	13541956	release_after_refusal	FinalHashAggregateStream[0]	1	30637802	680	31856197	7	4	0		FinalHashAggregateStream=26345414;RepartitionExec=5510103;PartialHashAggregateStream=680
event	13567708	refusal	PartialHashAggregateStream[0]	1	8982127	37840458	69461756	7	4	0	38347922	PartialHashAggregateStream=37840458;FinalHashAggregateStream=31621298
event	13576643	release_after_refusal	PartialHashAggregateStream[0]	1	21293330	16547128	48168426	7	4	0		FinalHashAggregateStream=31621298;PartialHashAggregateStream=16547128
event	13589371	refusal	FinalHashAggregateStream[1]	1	7859772	38251159	69502177	7	4	0	38347922	FinalHashAggregateStream=45471609;PartialHashAggregateStream=16547128;RepartitionExec=7483440
event	13614168	release_after_refusal	FinalHashAggregateStream[1]	1	38250479	680	61351107	7	4	0		PartialHashAggregateStream=27086467;FinalHashAggregateStream=24027273;RepartitionExec=10237367
event	13621052	refusal	PartialHashAggregateStream[0]	1	14223347	32598638	64749489	7	4	0	38347922	PartialHashAggregateStream=32598638;FinalHashAggregateStream=29396924;RepartitionExec=2753927
event	13630140	release_after_refusal	PartialHashAggregateStream[0]	1	16049590	16549048	53323436	7	4	0		FinalHashAggregateStream=36774388;PartialHashAggregateStream=16549048
event	13646042	refusal	FinalHashAggregateStream[0]	1	14322519	31898829	62515485	7	4	0	38347922	FinalHashAggregateStream=60544613;RepartitionExec=1970192;PartialHashAggregateStream=680
event	13667219	refusal	PartialHashAggregateStream[0]	1	14223356	32732754	97333329	7	4	0	38347922	FinalHashAggregateStream=62630383;PartialHashAggregateStream=32732754;RepartitionExec=1970192
event	13670876	release_after_refusal	FinalHashAggregateStream[0]	1	31898149	680	65435180	7	4	0		PartialHashAggregateStream=32732754;FinalHashAggregateStream=30732234;RepartitionExec=1970192
event	13676960	release_after_refusal	PartialHashAggregateStream[0]	1	16183706	16549048	51922075	7	4	0		FinalHashAggregateStream=35373027;PartialHashAggregateStream=16549048
event	13681874	refusal	FinalHashAggregateStream[1]	1	9015738	30731554	55973623	7	4	0	38347922	FinalHashAggregateStream=39424575;PartialHashAggregateStream=16549048
event	13705890	release_after_refusal	FinalHashAggregateStream[1]	1	30730874	680	25242749	7	4	0		PartialHashAggregateStream=16549048;FinalHashAggregateStream=8693701
event	13745039	refusal	PartialHashAggregateStream[0]	1	14224315	32733848	72983976	7	4	0	38347922	FinalHashAggregateStream=40250128;PartialHashAggregateStream=32733848
event	13754173	release_after_refusal	PartialHashAggregateStream[0]	1	16183520	16550328	56800456	7	4	0		FinalHashAggregateStream=40250128;PartialHashAggregateStream=16550328
event	13765241	refusal	FinalHashAggregateStream[0]	1	14258717	31795412	77814927	7	4	0	38347922	FinalHashAggregateStream=55751351;PartialHashAggregateStream=16550328;RepartitionExec=5513248
event	13787798	release_after_refusal	FinalHashAggregateStream[0]	1	31794732	680	46750978	7	4	0		FinalHashAggregateStream=27444026;PartialHashAggregateStream=16550328;RepartitionExec=2756624
event	13796796	refusal	FinalHashAggregateStream[1]	1	13101053	31828082	36470550	7	4	0	38347922	FinalHashAggregateStream=36469870;PartialHashAggregateStream=680
event	13819664	release_after_refusal	FinalHashAggregateStream[1]	1	31827402	680	8694534	7	4	0		FinalHashAggregateStream=8693854;PartialHashAggregateStream=680
event	13841666	refusal	PartialHashAggregateStream[0]	1	14223021	32600428	41294282	7	4	0	38347922	PartialHashAggregateStream=32600428;FinalHashAggregateStream=8693854
event	13850678	release_after_refusal	PartialHashAggregateStream[0]	1	16051380	16549048	25242902	7	4	0		PartialHashAggregateStream=16549048;FinalHashAggregateStream=8693854
event	13889258	refusal	PartialHashAggregateStream[0]	1	14224134	32731744	79026732	7	4	0	38347922	FinalHashAggregateStream=46294988;PartialHashAggregateStream=32731744
event	13898339	release_after_refusal	PartialHashAggregateStream[0]	1	16182696	16549048	62844036	7	4	0		FinalHashAggregateStream=46294988;PartialHashAggregateStream=16549048
event	13910732	refusal	FinalHashAggregateStream[0]	1	13110068	32970155	82551593	7	4	0	38347922	FinalHashAggregateStream=60489297;PartialHashAggregateStream=16549048;RepartitionExec=5513248
event	13917639	refusal	FinalHashAggregateStream[1]	1	13138767	33030195	77025056	7	4	0	38347922	FinalHashAggregateStream=66000350;RepartitionExec=11024026;PartialHashAggregateStream=680
event	13935720	release_after_refusal	FinalHashAggregateStream[0]	1	32969475	680	46025093	7	4	0		FinalHashAggregateStream=33030875;RepartitionExec=12994218
event	13941097	release_after_refusal	FinalHashAggregateStream[1]	1	33029515	680	10101664	7	4	0		FinalHashAggregateStream=5377318;RepartitionExec=4724346
event	13948263	refusal	FinalHashAggregateStream[1]	1	8282112	66256896	80286966	4	4	0	67108864	FinalHashAggregateStream=80286966
event	13948264	release_after_refusal	FinalHashAggregateStream[1]	1	33128448	33128448	47158518	4	4	0		FinalHashAggregateStream=47158518
event	13957978	refusal	FinalHashAggregateStream[0]	1	8282112	66256896	99385344	4	4	0	67108864	FinalHashAggregateStream=99385344
event	13957979	release_after_refusal	FinalHashAggregateStream[0]	1	33128448	33128448	66256896	4	4	0		FinalHashAggregateStream=66256896
event	14014291	refusal	FinalHashAggregateStream[1]	1	8282112	66256896	99385344	4	4	0	67108864	FinalHashAggregateStream=99385344
event	14014293	release_after_refusal	FinalHashAggregateStream[1]	1	33128448	33128448	66256896	4	4	0		FinalHashAggregateStream=66256896
event	14020281	refusal	FinalHashAggregateStream[0]	1	8282112	66256896	99385344	4	4	0	67108864	FinalHashAggregateStream=99385344
event	14020283	release_after_refusal	FinalHashAggregateStream[0]	1	33128448	33128448	66256896	4	4	0		FinalHashAggregateStream=66256896
event	14081809	refusal	FinalHashAggregateStream[1]	1	8282112	66256896	99385344	4	4	0	67108864	FinalHashAggregateStream=99385344
event	14081811	release_after_refusal	FinalHashAggregateStream[1]	1	33128448	33128448	66256896	4	4	0		FinalHashAggregateStream=66256896
event	14090033	refusal	FinalHashAggregateStream[0]	1	8282112	66256896	99385344	4	4	0	67108864	FinalHashAggregateStream=99385344
event	14090035	release_after_refusal	FinalHashAggregateStream[0]	1	33128448	33128448	66256896	4	4	0		FinalHashAggregateStream=66256896
event	14150476	refusal	FinalHashAggregateStream[1]	1	8282112	66256896	99385344	4	4	0	67108864	FinalHashAggregateStream=99385344
event	14150479	release_after_refusal	FinalHashAggregateStream[1]	1	33128448	33128448	66256896	4	4	0		FinalHashAggregateStream=66256896
event	14157361	refusal	FinalHashAggregateStream[0]	1	8282112	66256896	99385344	4	4	0	67108864	FinalHashAggregateStream=99385344
event	14157362	release_after_refusal	FinalHashAggregateStream[0]	1	33128448	33128448	66256896	4	4	0		FinalHashAggregateStream=66256896
event	14213891	refusal	FinalHashAggregateStream[1]	1	8282112	66256896	99385344	4	4	0	67108864	FinalHashAggregateStream=99385344
event	14213894	release_after_refusal	FinalHashAggregateStream[1]	1	33128448	33128448	66256896	4	4	0		FinalHashAggregateStream=66256896
event	14222316	refusal	FinalHashAggregateStream[0]	1	8282112	66256896	99385344	4	4	0	67108864	FinalHashAggregateStream=99385344
event	14222318	release_after_refusal	FinalHashAggregateStream[0]	1	33128448	33128448	66256896	4	4	0		FinalHashAggregateStream=66256896
event	14276215	refusal	FinalHashAggregateStream[1]	1	8282112	66256896	99385344	4	4	0	67108864	FinalHashAggregateStream=99385344
event	14276218	release_after_refusal	FinalHashAggregateStream[1]	1	33128448	33128448	66256896	4	4	0		FinalHashAggregateStream=66256896
event	14285361	refusal	FinalHashAggregateStream[0]	1	8282112	66256896	99385344	4	4	0	67108864	FinalHashAggregateStream=99385344
event	14285363	release_after_refusal	FinalHashAggregateStream[0]	1	33128448	33128448	66256896	4	4	0		FinalHashAggregateStream=66256896
event	14338879	refusal	FinalHashAggregateStream[1]	1	8282112	66256896	99385344	4	4	0	67108864	FinalHashAggregateStream=99385344
event	14338882	release_after_refusal	FinalHashAggregateStream[1]	1	33128448	33128448	66256896	4	4	0		FinalHashAggregateStream=66256896
event	14348188	refusal	FinalHashAggregateStream[0]	1	8282112	66256896	99385344	4	4	0	67108864	FinalHashAggregateStream=99385344
event	14348190	release_after_refusal	FinalHashAggregateStream[0]	1	33128448	33128448	66256896	4	4	0		FinalHashAggregateStream=66256896
event	14409317	refusal	FinalHashAggregateStream[1]	1	8282112	66256896	99385344	4	4	0	67108864	FinalHashAggregateStream=99385344
event	14409319	release_after_refusal	FinalHashAggregateStream[1]	1	33128448	33128448	66256896	4	4	0		FinalHashAggregateStream=66256896
event	14415647	refusal	FinalHashAggregateStream[0]	1	8282112	66256896	99385344	4	4	0	67108864	FinalHashAggregateStream=99385344
event	14415648	release_after_refusal	FinalHashAggregateStream[0]	1	33128448	33128448	66256896	4	4	0		FinalHashAggregateStream=66256896
event	14475337	refusal	FinalHashAggregateStream[1]	1	8282112	66256896	99385344	4	4	0	67108864	FinalHashAggregateStream=99385344
event	14475340	release_after_refusal	FinalHashAggregateStream[1]	1	33128448	33128448	66256896	4	4	0		FinalHashAggregateStream=66256896
event	14486239	refusal	FinalHashAggregateStream[0]	1	8282112	66256896	99385344	4	4	0	67108864	FinalHashAggregateStream=99385344
event	14486241	release_after_refusal	FinalHashAggregateStream[0]	1	33128448	33128448	66256896	4	4	0		FinalHashAggregateStream=66256896
event	14541180	refusal	FinalHashAggregateStream[1]	1	8282112	66256896	99385344	4	4	0	67108864	FinalHashAggregateStream=99385344
event	14541183	release_after_refusal	FinalHashAggregateStream[1]	1	33128448	33128448	66256896	4	4	0		FinalHashAggregateStream=66256896
event	14551846	refusal	FinalHashAggregateStream[0]	1	8282112	66256896	99385344	4	4	0	67108864	FinalHashAggregateStream=99385344
event	14551848	release_after_refusal	FinalHashAggregateStream[0]	1	33128448	33128448	66256896	4	4	0		FinalHashAggregateStream=66256896
event	14602628	refusal	FinalHashAggregateStream[1]	1	8282112	66256896	99385344	4	4	0	67108864	FinalHashAggregateStream=99385344
event	14602631	release_after_refusal	FinalHashAggregateStream[1]	1	33128448	33128448	66256896	4	4	0		FinalHashAggregateStream=66256896
event	14617670	refusal	FinalHashAggregateStream[0]	1	8282112	66256896	99385344	4	4	0	67108864	FinalHashAggregateStream=99385344
event	14617672	release_after_refusal	FinalHashAggregateStream[0]	1	33128448	33128448	66256896	4	4	0		FinalHashAggregateStream=66256896
event	14665539	refusal	FinalHashAggregateStream[1]	1	8282112	66256896	99385344	4	4	0	67108864	FinalHashAggregateStream=99385344
event	14665541	release_after_refusal	FinalHashAggregateStream[1]	1	33128448	33128448	66256896	4	4	0		FinalHashAggregateStream=66256896
event	14679742	refusal	FinalHashAggregateStream[0]	1	8282112	66256896	99385344	4	4	0	67108864	FinalHashAggregateStream=99385344
event	14679744	release_after_refusal	FinalHashAggregateStream[0]	1	33128448	33128448	66256896	4	4	0		FinalHashAggregateStream=66256896
event	14732834	refusal	FinalHashAggregateStream[1]	1	8282112	66256896	99385344	4	4	0	67108864	FinalHashAggregateStream=99385344
event	14732836	release_after_refusal	FinalHashAggregateStream[1]	1	33128448	33128448	66256896	4	4	0		FinalHashAggregateStream=66256896
event	14742381	refusal	FinalHashAggregateStream[0]	1	8282112	66256896	99385344	4	4	0	67108864	FinalHashAggregateStream=99385344
event	14742383	release_after_refusal	FinalHashAggregateStream[0]	1	33128448	33128448	66256896	4	4	0		FinalHashAggregateStream=66256896
event	14798469	refusal	FinalHashAggregateStream[1]	1	8282112	66256896	99385344	4	4	0	67108864	FinalHashAggregateStream=99385344
event	14798471	release_after_refusal	FinalHashAggregateStream[1]	1	33128448	33128448	66256896	4	4	0		FinalHashAggregateStream=66256896
event	14808136	refusal	FinalHashAggregateStream[0]	1	8282112	66256896	99385344	4	4	0	67108864	FinalHashAggregateStream=99385344
event	14808138	release_after_refusal	FinalHashAggregateStream[0]	1	33128448	33128448	66256896	4	4	0		FinalHashAggregateStream=66256896
event	14862461	refusal	FinalHashAggregateStream[1]	1	8282112	66256896	99385344	4	4	0	67108864	FinalHashAggregateStream=99385344
event	14862464	release_after_refusal	FinalHashAggregateStream[1]	1	33128448	33128448	66256896	4	4	0		FinalHashAggregateStream=66256896
event	14871579	refusal	FinalHashAggregateStream[0]	1	8282112	66256896	99385344	4	4	0	67108864	FinalHashAggregateStream=99385344
event	14871580	release_after_refusal	FinalHashAggregateStream[0]	1	33128448	33128448	66256896	4	4	0		FinalHashAggregateStream=66256896
event	14926719	refusal	FinalHashAggregateStream[1]	1	8282112	66256896	99385344	4	4	0	67108864	FinalHashAggregateStream=99385344
event	14926721	release_after_refusal	FinalHashAggregateStream[1]	1	33128448	33128448	66256896	4	4	0		FinalHashAggregateStream=66256896
event	14935103	refusal	FinalHashAggregateStream[0]	1	8282112	66256896	99385344	4	4	0	67108864	FinalHashAggregateStream=99385344
event	14935105	release_after_refusal	FinalHashAggregateStream[0]	1	33128448	33128448	66256896	4	4	0		FinalHashAggregateStream=66256896
event	14993161	refusal	FinalHashAggregateStream[1]	1	8282112	66256896	99385344	4	4	0	67108864	FinalHashAggregateStream=99385344
event	14993164	release_after_refusal	FinalHashAggregateStream[1]	1	33128448	33128448	66256896	4	4	0		FinalHashAggregateStream=66256896
event	15001952	refusal	FinalHashAggregateStream[0]	1	8282112	66256896	99385344	4	4	0	67108864	FinalHashAggregateStream=99385344
event	15001953	release_after_refusal	FinalHashAggregateStream[0]	1	33128448	33128448	66256896	4	4	0		FinalHashAggregateStream=66256896
event	15056684	refusal	FinalHashAggregateStream[1]	1	8282112	66256896	99385344	4	4	0	67108864	FinalHashAggregateStream=99385344
event	15056686	release_after_refusal	FinalHashAggregateStream[1]	1	33128448	33128448	66256896	4	4	0		FinalHashAggregateStream=66256896
event	15071181	refusal	FinalHashAggregateStream[0]	1	8282112	66256896	99385344	4	4	0	67108864	FinalHashAggregateStream=99385344
event	15071183	release_after_refusal	FinalHashAggregateStream[0]	1	33128448	33128448	66256896	4	4	0		FinalHashAggregateStream=66256896
event	15121429	refusal	FinalHashAggregateStream[1]	1	8282112	66256896	99385344	4	4	0	67108864	FinalHashAggregateStream=99385344
event	15121431	release_after_refusal	FinalHashAggregateStream[1]	1	33128448	33128448	66256896	4	4	0		FinalHashAggregateStream=66256896
event	15136888	refusal	FinalHashAggregateStream[0]	1	8282112	66256896	99385344	4	4	0	67108864	FinalHashAggregateStream=99385344
event	15136891	release_after_refusal	FinalHashAggregateStream[0]	1	33128448	33128448	66256896	4	4	0		FinalHashAggregateStream=66256896
event	15186872	refusal	FinalHashAggregateStream[1]	1	8282112	66256896	99385344	4	4	0	67108864	FinalHashAggregateStream=99385344
event	15186874	release_after_refusal	FinalHashAggregateStream[1]	1	33128448	33128448	66256896	4	4	0		FinalHashAggregateStream=66256896
event	15199848	refusal	FinalHashAggregateStream[0]	1	8282112	66256896	99385344	4	4	0	67108864	FinalHashAggregateStream=99385344
event	15199850	release_after_refusal	FinalHashAggregateStream[0]	1	33128448	33128448	66256896	4	4	0		FinalHashAggregateStream=66256896
event	15251310	refusal	FinalHashAggregateStream[1]	1	8282112	66256896	99385344	4	4	0	67108864	FinalHashAggregateStream=99385344
event	15251312	release_after_refusal	FinalHashAggregateStream[1]	1	33128448	33128448	66256896	4	4	0		FinalHashAggregateStream=66256896
event	15263334	refusal	FinalHashAggregateStream[0]	1	8282112	66256896	99385344	4	4	0	67108864	FinalHashAggregateStream=99385344
event	15263337	release_after_refusal	FinalHashAggregateStream[0]	1	33128448	33128448	66256896	4	4	0		FinalHashAggregateStream=66256896
event	15313506	refusal	FinalHashAggregateStream[1]	1	8282112	66256896	99385344	4	4	0	67108864	FinalHashAggregateStream=99385344
event	15313509	release_after_refusal	FinalHashAggregateStream[1]	1	33128448	33128448	66256896	4	4	0		FinalHashAggregateStream=66256896
event	15323773	refusal	FinalHashAggregateStream[0]	1	8282112	66256896	99385344	4	4	0	67108864	FinalHashAggregateStream=99385344
event	15323775	release_after_refusal	FinalHashAggregateStream[0]	1	33128448	33128448	66256896	4	4	0		FinalHashAggregateStream=66256896
event	15374996	refusal	FinalHashAggregateStream[1]	1	8282112	66256896	99385344	4	4	0	67108864	FinalHashAggregateStream=99385344
event	15374998	release_after_refusal	FinalHashAggregateStream[1]	1	33128448	33128448	66256896	4	4	0		FinalHashAggregateStream=66256896
event	15385410	refusal	FinalHashAggregateStream[0]	1	8282112	66256896	99385344	4	4	0	67108864	FinalHashAggregateStream=99385344
event	15385412	release_after_refusal	FinalHashAggregateStream[0]	1	33128448	33128448	66256896	4	4	0		FinalHashAggregateStream=66256896
event	15716878	refusal	FinalHashAggregateStream[1]	1	8282112	66256896	99385344	4	4	0	67108864	FinalHashAggregateStream=99385344
event	15716880	release_after_refusal	FinalHashAggregateStream[1]	1	33128448	33128448	66256896	4	4	0		FinalHashAggregateStream=66256896
event	15844312	refusal	FinalHashAggregateStream[0]	1	8282112	66256896	99385344	4	4	0	67108864	FinalHashAggregateStream=99385344
event	15844315	release_after_refusal	FinalHashAggregateStream[0]	1	33128448	33128448	66256896	4	4	0		FinalHashAggregateStream=66256896
event	16262447	refusal	FinalHashAggregateStream[1]	1	8282112	66256896	99385344	4	4	0	67108864	FinalHashAggregateStream=99385344
event	16262450	release_after_refusal	FinalHashAggregateStream[1]	1	33128448	33128448	66256896	4	4	0		FinalHashAggregateStream=66256896
event	16393061	refusal	FinalHashAggregateStream[0]	1	8282112	66256896	99385344	4	4	0	67108864	FinalHashAggregateStream=99385344
event	16393063	release_after_refusal	FinalHashAggregateStream[0]	1	33128448	33128448	66256896	4	4	0		FinalHashAggregateStream=66256896
event	16881850	refusal	ExternalSorter[1]	1	5998564	59174408	122008065	4	4	10485760	64487424	ExternalSorter=59174408;FinalHashAggregateStream=52347897;ExternalSorterMerge=10485760
event	16882027	release_after_refusal	ExternalSorter[1]	1	3245042	55929366	118763023	4	4	10485760		ExternalSorter=55929366;FinalHashAggregateStream=52347897;ExternalSorterMerge=10485760
event	16962061	refusal	ExternalSorter[1]	1	4556788	60907312	124003113	4	4	10485760	64487424	ExternalSorter=60907312;FinalHashAggregateStream=52610041;ExternalSorterMerge=10485760
event	16962393	release_after_refusal	ExternalSorter[1]	1	2524154	58383158	121478959	4	4	10485760		ExternalSorter=58383158;FinalHashAggregateStream=52610041;ExternalSorterMerge=10485760
event	17030264	refusal	ExternalSorter[1]	1	2885636	62740364	125958229	4	4	10485760	64487424	ExternalSorter=62740364;FinalHashAggregateStream=52732105;ExternalSorterMerge=10485760
event	17030544	release_after_refusal	ExternalSorter[1]	1	3326970	59413394	122631259	4	4	10485760		ExternalSorter=59413394;FinalHashAggregateStream=52732105;ExternalSorterMerge=10485760
event	17122444	refusal	ExternalSorter[1]	1	6096900	61272120	124489985	4	4	10485760	64487424	ExternalSorter=61272120;FinalHashAggregateStream=52732105;ExternalSorterMerge=10485760
event	17122583	release_after_refusal	ExternalSorter[1]	1	3294210	57977910	121195775	4	4	10485760		ExternalSorter=57977910;FinalHashAggregateStream=52732105;ExternalSorterMerge=10485760
event	17209744	refusal	ExternalSorter[1]	1	5113876	64286952	127504817	4	4	10485760	64487424	ExternalSorter=64286952;FinalHashAggregateStream=52732105;ExternalSorterMerge=10485760
event	17210011	release_after_refusal	ExternalSorter[1]	1	2802698	61484254	124702119	4	4	10485760		ExternalSorter=61484254;FinalHashAggregateStream=52732105;ExternalSorterMerge=10485760
event	17285920	refusal	ExternalSorter[1]	1	3672100	63922480	127140345	4	4	10485760	64487424	ExternalSorter=63922480;FinalHashAggregateStream=52732105;ExternalSorterMerge=10485760
event	17286112	release_after_refusal	ExternalSorter[1]	1	2081810	61840670	125058535	4	4	10485760		ExternalSorter=61840670;FinalHashAggregateStream=52732105;ExternalSorterMerge=10485760
event	17360841	refusal	ExternalSorter[1]	1	6424612	59204016	117669294	4	4	20971520	61865984	ExternalSorter=67533036;FinalHashAggregateStream=29164738;ExternalSorterMerge=20971520
event	17360983	release_after_refusal	ExternalSorter[1]	1	3458066	55745950	114211228	4	4	20971520		ExternalSorter=64074970;FinalHashAggregateStream=29164738;ExternalSorterMerge=20971520
event	17425731	refusal	ExternalSorter[0]	1	5998564	59174408	158251540	4	4	20971520	61865984	ExternalSorter=106739026;FinalHashAggregateStream=30540994;ExternalSorterMerge=20971520
event	17425870	release_after_refusal	ExternalSorter[0]	1	3245042	55929366	155006498	4	4	20971520		ExternalSorter=103493984;FinalHashAggregateStream=30540994;ExternalSorterMerge=20971520
event	17445541	refusal	ExternalSorter[1]	1	4718760	60344697	132376039	4	4	20971520	61865984	ExternalSorter=79028517;FinalHashAggregateStream=32376002;ExternalSorterMerge=20971520
event	17445871	release_after_refusal	ExternalSorter[1]	1	3572754	56771943	128803285	4	4	20971520		ExternalSorter=75455763;FinalHashAggregateStream=32376002;ExternalSorterMerge=20971520
event	17500058	refusal	ExternalSorter[0]	1	4556788	60907312	155013960	4	4	20971520	61865984	ExternalSorter=103239302;FinalHashAggregateStream=30803138;ExternalSorterMerge=20971520
event	17500185	release_after_refusal	ExternalSorter[0]	1	2524154	58383158	152489806	4	4	20971520		ExternalSorter=100715148;FinalHashAggregateStream=30803138;ExternalSorterMerge=20971520
event	17536775	refusal	ExternalSorter[1]	1	3961695	61290586	143976692	4	4	20971520	61865984	ExternalSorter=92071954;FinalHashAggregateStream=30933218;ExternalSorterMerge=20971520
event	17537283	release_after_refusal	ExternalSorter[1]	1	2359604	58930982	141617088	4	4	20971520		ExternalSorter=89712350;FinalHashAggregateStream=30933218;ExternalSorterMerge=20971520
event	17563654	refusal	ExternalSorter[0]	1	6850564	55889800	125016511	4	4	20971520	61865984	ExternalSorter=73111773;FinalHashAggregateStream=30933218;ExternalSorterMerge=20971520
event	17563772	release_after_refusal	ExternalSorter[0]	1	3671034	52218766	121345477	4	4	20971520		ExternalSorter=69440739;FinalHashAggregateStream=30933218;ExternalSorterMerge=20971520
event	17615101	refusal	ExternalSorter[1]	1	2746131	60989828	149252746	4	4	20971520	61865984	ExternalSorter=97348008;FinalHashAggregateStream=30933218;ExternalSorterMerge=20971520
event	17615388	release_after_refusal	ExternalSorter[1]	1	1259148	59730680	147993598	4	4	20971520		ExternalSorter=96088860;FinalHashAggregateStream=30933218;ExternalSorterMerge=20971520
event	17639660	refusal	ExternalSorter[0]	1	5638148	56617012	120882018	4	4	20971520	61865984	ExternalSorter=68977289;FinalHashAggregateStream=30933209;ExternalSorterMerge=20971520
event	17640055	release_after_refusal	ExternalSorter[0]	1	1803266	54813746	119078752	4	4	20971520		ExternalSorter=67174023;FinalHashAggregateStream=30933209;ExternalSorterMerge=20971520
event	17702273	refusal	ExternalSorter[1]	1	5955072	59305057	161136059	4	4	20971520	61865984	ExternalSorter=109231321;FinalHashAggregateStream=30933218;ExternalSorterMerge=20971520
event	17702622	release_after_refusal	ExternalSorter[1]	1	1488216	57816841	159647843	4	4	20971520		ExternalSorter=107743105;FinalHashAggregateStream=30933218;ExternalSorterMerge=20971520
event	17720340	refusal	ExternalSorter[0]	1	4425748	61827252	125870937	4	4	20971520	61865984	ExternalSorter=73966199;FinalHashAggregateStream=30933218;ExternalSorterMerge=20971520
event	17720676	release_after_refusal	ExternalSorter[0]	1	3179522	58647730	122691415	4	4	20971520		ExternalSorter=70786677;FinalHashAggregateStream=30933218;ExternalSorterMerge=20971520
event	17785665	refusal	ExternalSorter[0]	1	6948900	61298908	172065735	4	4	20971520	61865984	ExternalSorter=120160997;FinalHashAggregateStream=30933218;ExternalSorterMerge=20971520
event	17785789	release_after_refusal	ExternalSorter[0]	1	3720202	57578706	168345533	4	4	20971520		ExternalSorter=116440795;FinalHashAggregateStream=30933218;ExternalSorterMerge=20971520
event	17790628	refusal	ExternalSorter[1]	1	5198652	58862089	142333825	4	4	20971520	61865984	ExternalSorter=90429087;FinalHashAggregateStream=30933218;ExternalSorterMerge=20971520
event	17791033	release_after_refusal	ExternalSorter[1]	1	2977872	55884217	139355953	4	4	20971520		ExternalSorter=87451215;FinalHashAggregateStream=30933218;ExternalSorterMerge=20971520
event	17863613	refusal	ExternalSorter[0]	1	5736484	57895380	157950182	4	4	20971520	61865984	ExternalSorter=106045444;FinalHashAggregateStream=30933218;ExternalSorterMerge=20971520
event	17863915	release_after_refusal	ExternalSorter[0]	1	3114002	54781378	154836180	4	4	20971520		ExternalSorter=102931442;FinalHashAggregateStream=30933218;ExternalSorterMerge=20971520
event	17880626	refusal	ExternalSorter[1]	1	4442372	60101706	123708788	4	4	20971520	61865984	ExternalSorter=71804050;FinalHashAggregateStream=30933218;ExternalSorterMerge=20971520
event	17881040	release_after_refusal	ExternalSorter[1]	1	2106918	57994788	121601870	4	4	20971520		ExternalSorter=69697132;FinalHashAggregateStream=30933218;ExternalSorterMerge=20971520
event	17940660	refusal	ExternalSorter[0]	1	3802264	61662680	159916516	4	4	20971520	61865984	ExternalSorter=108011778;FinalHashAggregateStream=30933218;ExternalSorterMerge=20971520
event	17940829	release_after_refusal	ExternalSorter[0]	1	1786794	59875886	158129722	4	4	20971520		ExternalSorter=106224984;FinalHashAggregateStream=30933218;ExternalSorterMerge=20971520
event	17969255	refusal	ExternalSorter[1]	1	3686428	61342977	133504648	4	4	20971520	61865984	ExternalSorter=77926720;FinalHashAggregateStream=34606408;ExternalSorterMerge=20971520
event	17969662	release_after_refusal	ExternalSorter[1]	1	1728876	59614101	131775772	4	4	20971520		ExternalSorter=76197844;FinalHashAggregateStream=34606408;ExternalSorterMerge=20971520
event	18022204	refusal	ExternalSorter[0]	1	2815907	61501309	154834573	4	4	20971520	61865984	ExternalSorter=102929835;FinalHashAggregateStream=30933218;ExternalSorterMerge=20971520
event	18022384	release_after_refusal	ExternalSorter[0]	1	2474404	59026905	152360169	4	4	20971520		ExternalSorter=100455431;FinalHashAggregateStream=30933218;ExternalSorterMerge=20971520
event	18053437	refusal	ExternalSorter[1]	1	2471591	61607373	129824361	4	4	20971520	61865984	ExternalSorter=74246867;FinalHashAggregateStream=34605974;ExternalSorterMerge=20971520
event	18053713	release_after_refusal	ExternalSorter[1]	1	1121668	60485705	128702693	4	4	20971520		ExternalSorter=73125199;FinalHashAggregateStream=34605974;ExternalSorterMerge=20971520
event	18109984	refusal	ExternalSorter[0]	1	6024371	60282593	142685804	4	4	20971520	61865984	ExternalSorter=90781066;FinalHashAggregateStream=30933218;ExternalSorterMerge=20971520
event	18110148	release_after_refusal	ExternalSorter[0]	1	1752256	58530337	140933548	4	4	20971520		ExternalSorter=89028810;FinalHashAggregateStream=30933218;ExternalSorterMerge=20971520
event	18145383	refusal	ExternalSorter[1]	1	5910019	61147016	132882900	4	4	20971520	61865984	ExternalSorter=80978162;FinalHashAggregateStream=30933218;ExternalSorterMerge=20971520
event	18145568	release_after_refusal	ExternalSorter[1]	1	1350820	59796196	131532080	4	4	20971520		ExternalSorter=79627342;FinalHashAggregateStream=30933218;ExternalSorterMerge=20971520
event	18199901	refusal	ExternalSorter[0]	1	5268652	59908676	143898131	4	4	20971520	61865984	ExternalSorter=91993393;FinalHashAggregateStream=30933218;ExternalSorterMerge=20971520
event	18200127	release_after_refusal	ExternalSorter[0]	1	2519918	57388758	141378213	4	4	20971520		ExternalSorter=89473475;FinalHashAggregateStream=30933218;ExternalSorterMerge=20971520
event	18232607	refusal	ExternalSorter[1]	1	5154748	58195691	138734552	4	4	20971520	61865984	ExternalSorter=86829814;FinalHashAggregateStream=30933218;ExternalSorterMerge=20971520
event	18232876	release_after_refusal	ExternalSorter[1]	1	2462756	55732935	136271796	4	4	20971520		ExternalSorter=84367058;FinalHashAggregateStream=30933218;ExternalSorterMerge=20971520
event	18286305	refusal	ExternalSorter[0]	1	4511811	61148012	150915240	4	4	20971520	61865984	ExternalSorter=99010502;FinalHashAggregateStream=30933218;ExternalSorterMerge=20971520
event	18286558	release_after_refusal	ExternalSorter[0]	1	2634550	58513462	148280690	4	4	20971520		ExternalSorter=96375952;FinalHashAggregateStream=30933218;ExternalSorterMerge=20971520
event	18322275	refusal	ExternalSorter[1]	1	4397123	59433458	141847970	4	4	20971520	61865984	ExternalSorter=89943232;FinalHashAggregateStream=30933218;ExternalSorterMerge=20971520
event	18322535	release_after_refusal	ExternalSorter[1]	1	2084434	57349024	139763536	4	4	20971520		ExternalSorter=87858798;FinalHashAggregateStream=30933218;ExternalSorterMerge=20971520
event	18370319	refusal	ExternalSorter[0]	1	3525791	58858616	152354357	4	4	20971520	61865984	ExternalSorter=100449619;FinalHashAggregateStream=30933218;ExternalSorterMerge=20971520
event	18370472	release_after_refusal	ExternalSorter[0]	1	1648978	57209638	150705379	4	4	20971520		ExternalSorter=98800641;FinalHashAggregateStream=30933218;ExternalSorterMerge=20971520
event	18406390	refusal	ExternalSorter[1]	1	3410516	61434442	137934625	4	4	20971520	61865984	ExternalSorter=86029887;FinalHashAggregateStream=30933218;ExternalSorterMerge=20971520
event	18406616	release_after_refusal	ExternalSorter[1]	1	1591060	59843382	136343565	4	4	20971520		ExternalSorter=84438827;FinalHashAggregateStream=30933218;ExternalSorterMerge=20971520
event	18451792	refusal	ExternalSorter[0]	1	2540640	61835434	147433576	4	4	20971520	61865984	ExternalSorter=95528838;FinalHashAggregateStream=30933218;ExternalSorterMerge=20971520
event	18452044	release_after_refusal	ExternalSorter[0]	1	2107310	59728124	145326266	4	4	20971520		ExternalSorter=93421528;FinalHashAggregateStream=30933218;ExternalSorterMerge=20971520
event	18477394	refusal	ExternalSorter[1]	1	6159684	56038284	119481334	4	4	20971520	61865984	ExternalSorter=67576596;FinalHashAggregateStream=30933218;ExternalSorterMerge=20971520
event	18477657	release_after_refusal	ExternalSorter[1]	1	1934704	54103580	117546630	4	4	20971520		ExternalSorter=65641892;FinalHashAggregateStream=30933218;ExternalSorterMerge=20971520
event	18536073	refusal	ExternalSorter[0]	1	5750140	56429630	142483999	4	4	20971520	61865984	ExternalSorter=90579261;FinalHashAggregateStream=30933218;ExternalSorterMerge=20971520
event	18536226	release_after_refusal	ExternalSorter[0]	1	2760662	53668968	139723337	4	4	20971520		ExternalSorter=87818599;FinalHashAggregateStream=30933218;ExternalSorterMerge=20971520
event	18568376	refusal	ExternalSorter[1]	1	5400867	57716713	132274214	4	4	20971520	61865984	ExternalSorter=80369476;FinalHashAggregateStream=30933218;ExternalSorterMerge=20971520
event	18568670	release_after_refusal	ExternalSorter[1]	1	1097518	56619195	131176696	4	4	20971520		ExternalSorter=79271958;FinalHashAggregateStream=30933218;ExternalSorterMerge=20971520
event	18624980	refusal	ExternalSorter[0]	1	4994252	59984558	151035824	4	4	20971520	61865984	ExternalSorter=99131095;FinalHashAggregateStream=30933209;ExternalSorterMerge=20971520
event	18625268	release_after_refusal	ExternalSorter[0]	1	2382648	57601910	148653176	4	4	20971520		ExternalSorter=96748447;FinalHashAggregateStream=30933209;ExternalSorterMerge=20971520
event	18656788	refusal	ExternalSorter[1]	1	4642067	58921355	138087715	4	4	20971520	61865984	ExternalSorter=86182986;FinalHashAggregateStream=30933209;ExternalSorterMerge=20971520
event	18657087	release_after_refusal	ExternalSorter[1]	1	2700938	56220417	135386777	4	4	20971520		ExternalSorter=83482048;FinalHashAggregateStream=30933209;ExternalSorterMerge=20971520
event	18711935	refusal	ExternalSorter[0]	1	4237636	61225461	158956664	4	4	20971520	61865984	ExternalSorter=107051926;FinalHashAggregateStream=30933218;ExternalSorterMerge=20971520
event	18712215	release_after_refusal	ExternalSorter[0]	1	2841078	58384383	156115586	4	4	20971520		ExternalSorter=104210848;FinalHashAggregateStream=30933218;ExternalSorterMerge=20971520
event	18744252	refusal	ExternalSorter[1]	1	3653695	60660740	130892054	4	4	20971520	61865984	ExternalSorter=78987316;FinalHashAggregateStream=30933218;ExternalSorterMerge=20971520
event	18744417	release_after_refusal	ExternalSorter[1]	1	1713140	58947600	129178914	4	4	20971520		ExternalSorter=77274176;FinalHashAggregateStream=30933218;ExternalSorterMerge=20971520
event	18800234	refusal	ExternalSorter[0]	1	3251839	59214186	152242659	4	4	20971520	61865984	ExternalSorter=100337921;FinalHashAggregateStream=30933218;ExternalSorterMerge=20971520
event	18800530	release_after_refusal	ExternalSorter[0]	1	2119154	57095032	150123505	4	4	20971520		ExternalSorter=98218767;FinalHashAggregateStream=30933218;ExternalSorterMerge=20971520
event	18822694	refusal	ExternalSorter[1]	1	2435022	61161010	123508637	4	4	20971520	61865984	ExternalSorter=71603899;FinalHashAggregateStream=30933218;ExternalSorterMerge=20971520
event	18822937	release_after_refusal	ExternalSorter[1]	1	1104294	60056716	122404343	4	4	20971520		ExternalSorter=70499605;FinalHashAggregateStream=30933218;ExternalSorterMerge=20971520
event	18877673	refusal	ExternalSorter[0]	1	6231224	60149588	142226342	4	4	20971520	61865984	ExternalSorter=90321604;FinalHashAggregateStream=30933218;ExternalSorterMerge=20971520
event	18877816	release_after_refusal	ExternalSorter[0]	1	3001406	57148182	139224936	4	4	20971520		ExternalSorter=87320198;FinalHashAggregateStream=30933218;ExternalSorterMerge=20971520
event	18912461	refusal	ExternalSorter[1]	1	5871855	60588878	132834978	4	4	20971520	61865984	ExternalSorter=77258376;FinalHashAggregateStream=34605082;ExternalSorterMerge=20971520
event	18912839	release_after_refusal	ExternalSorter[1]	1	1791470	58797408	131043508	4	4	20971520		ExternalSorter=75466906;FinalHashAggregateStream=34605082;ExternalSorterMerge=20971520
event	18965522	refusal	ExternalSorter[0]	1	5473331	58804967	142432765	4	4	20971520	61865984	ExternalSorter=90528027;FinalHashAggregateStream=30933218;ExternalSorterMerge=20971520
event	18965684	release_after_refusal	ExternalSorter[0]	1	2622818	56182149	139809947	4	4	20971520		ExternalSorter=87905209;FinalHashAggregateStream=30933218;ExternalSorterMerge=20971520
event	19004415	refusal	ExternalSorter[1]	1	5112187	57585248	137379589	4	4	20971520	61865984	ExternalSorter=85474851;FinalHashAggregateStream=30933218;ExternalSorterMerge=20971520
event	19004559	release_after_refusal	ExternalSorter[1]	1	2442176	55143072	134937413	4	4	20971520		ExternalSorter=83032675;FinalHashAggregateStream=30933218;ExternalSorterMerge=20971520
event	19057843	refusal	ExternalSorter[0]	1	4715904	60019126	151989824	4	4	20971520	61865984	ExternalSorter=96415549;FinalHashAggregateStream=34602755;ExternalSorterMerge=20971520
event	19058086	release_after_refusal	ExternalSorter[0]	1	3081046	56938080	148908778	4	4	20971520		ExternalSorter=93334503;FinalHashAggregateStream=34602755;ExternalSorterMerge=20971520
event	19096864	refusal	ExternalSorter[1]	1	4123927	58846085	142481199	4	4	20971520	61865984	ExternalSorter=90576461;FinalHashAggregateStream=30933218;ExternalSorterMerge=20971520
event	19097106	release_after_refusal	ExternalSorter[1]	1	1947836	56898249	140533363	4	4	20971520		ExternalSorter=88628625;FinalHashAggregateStream=30933218;ExternalSorterMerge=20971520
event	19155319	refusal	ExternalSorter[0]	1	3956235	61227715	158487158	4	4	20971520	61865984	ExternalSorter=106582420;FinalHashAggregateStream=30933218;ExternalSorterMerge=20971520
event	19155461	release_after_refusal	ExternalSorter[0]	1	1864410	59363305	156622748	4	4	20971520		ExternalSorter=104718010;FinalHashAggregateStream=30933218;ExternalSorterMerge=20971520
event	19185761	refusal	ExternalSorter[1]	1	3135051	61789335	135762837	4	4	20971520	61865984	ExternalSorter=83858108;FinalHashAggregateStream=30933209;ExternalSorterMerge=20971520
event	19186115	release_after_refusal	ExternalSorter[1]	1	2520366	59268969	133242471	4	4	20971520		ExternalSorter=81337742;FinalHashAggregateStream=30933209;ExternalSorterMerge=20971520
event	19232519	refusal	ExternalSorter[0]	1	2739131	60899659	144302062	4	4	20971520	61865984	ExternalSorter=92397333;FinalHashAggregateStream=30933209;ExternalSorterMerge=20971520
event	19232652	release_after_refusal	ExternalSorter[0]	1	1255508	59644151	143046554	4	4	20971520		ExternalSorter=91141825;FinalHashAggregateStream=30933209;ExternalSorterMerge=20971520
event	19264137	refusal	ExternalSorter[1]	1	6114268	58630867	126518859	4	4	20971520	61865984	ExternalSorter=74614121;FinalHashAggregateStream=30933218;ExternalSorterMerge=20971520
event	19264269	release_after_refusal	ExternalSorter[1]	1	2942928	55687939	123575931	4	4	20971520		ExternalSorter=71671193;FinalHashAggregateStream=30933218;ExternalSorterMerge=20971520
event	19315338	refusal	ExternalSorter[0]	1	5944683	59176581	140716174	4	4	20971520	61865984	ExternalSorter=85140546;FinalHashAggregateStream=34604108;ExternalSorterMerge=20971520
event	19315490	release_after_refusal	ExternalSorter[0]	1	2858354	56318227	137857820	4	4	20971520		ExternalSorter=82282192;FinalHashAggregateStream=34604108;ExternalSorterMerge=20971520
event	19353295	refusal	ExternalSorter[1]	1	5356012	57038947	131267670	4	4	20971520	61865984	ExternalSorter=79362932;FinalHashAggregateStream=30933218;ExternalSorterMerge=20971520
event	19353517	release_after_refusal	ExternalSorter[1]	1	2563808	54475139	128703862	4	4	20971520		ExternalSorter=76799124;FinalHashAggregateStream=30933218;ExternalSorterMerge=20971520
event	19402747	refusal	ExternalSorter[0]	1	5185211	58685875	143077881	4	4	20971520	61865984	ExternalSorter=91173143;FinalHashAggregateStream=30933218;ExternalSorterMerge=20971520
event	19402992	release_after_refusal	ExternalSorter[0]	1	2478828	56207047	140599053	4	4	20971520		ExternalSorter=88694315;FinalHashAggregateStream=30933218;ExternalSorterMerge=20971520
event	19441940	refusal	ExternalSorter[1]	1	4597435	58255185	140515401	4	4	20971520	61865984	ExternalSorter=88610663;FinalHashAggregateStream=30933218;ExternalSorterMerge=20971520
event	19442253	release_after_refusal	ExternalSorter[1]	1	2793044	55462141	137722357	4	4	20971520		ExternalSorter=85817619;FinalHashAggregateStream=30933218;ExternalSorterMerge=20971520
event	19491910	refusal	ExternalSorter[0]	1	4426131	59883348	154983727	4	4	20971520	61865984	ExternalSorter=103078989;FinalHashAggregateStream=30933218;ExternalSorterMerge=20971520
event	19492354	release_after_refusal	ExternalSorter[0]	1	1641222	58242126	153342505	4	4	20971520		ExternalSorter=101437767;FinalHashAggregateStream=30933218;ExternalSorterMerge=20971520
event	19525628	refusal	ExternalSorter[1]	1	3610547	60052530	136376559	4	4	20971520	61865984	ExternalSorter=84471821;FinalHashAggregateStream=30933218;ExternalSorterMerge=20971520
event	19525841	release_after_refusal	ExternalSorter[1]	1	1691636	58360894	134684923	4	4	20971520		ExternalSorter=82780185;FinalHashAggregateStream=30933218;ExternalSorterMerge=20971520
event	19575204	refusal	ExternalSorter[0]	1	3438179	61835316	149047047	4	4	20971520	61865984	ExternalSorter=97142309;FinalHashAggregateStream=30933218;ExternalSorterMerge=20971520
event	19575360	release_after_refusal	ExternalSorter[0]	1	1605312	60230004	147441735	4	4	20971520		ExternalSorter=95536997;FinalHashAggregateStream=30933218;ExternalSorterMerge=20971520
event	19606587	refusal	ExternalSorter[1]	1	2396131	60629555	132012674	4	4	20971520	61865984	ExternalSorter=80107936;FinalHashAggregateStream=30933218;ExternalSorterMerge=20971520
event	19606863	release_after_refusal	ExternalSorter[1]	1	1084078	59545477	130928596	4	4	20971520		ExternalSorter=79023858;FinalHashAggregateStream=30933218;ExternalSorterMerge=20971520
event	19646751	refusal	ExternalSorter[0]	1	6186059	56367055	129857679	4	4	20971520	61865984	ExternalSorter=77952950;FinalHashAggregateStream=30933209;ExternalSorterMerge=20971520
event	19646897	release_after_refusal	ExternalSorter[0]	1	2979174	53387881	126878505	4	4	20971520		ExternalSorter=74973776;FinalHashAggregateStream=30933209;ExternalSorterMerge=20971520
event	19694340	refusal	ExternalSorter[1]	1	5833412	60001109	138445658	4	4	20971520	61865984	ExternalSorter=86540920;FinalHashAggregateStream=30933218;ExternalSorterMerge=20971520
event	19694592	release_after_refusal	ExternalSorter[1]	1	1542354	58458755	136903304	4	4	20971520		ExternalSorter=84998566;FinalHashAggregateStream=30933218;ExternalSorterMerge=20971520
event	19734716	refusal	ExternalSorter[0]	1	5427887	58119858	135353648	4	4	20971520	61865984	ExternalSorter=79777615;FinalHashAggregateStream=34604513;ExternalSorterMerge=20971520
event	19734929	release_after_refusal	ExternalSorter[0]	1	2599956	55519902	132753692	4	4	20971520		ExternalSorter=77177659;FinalHashAggregateStream=34604513;ExternalSorterMerge=20971520
event	19787210	refusal	ExternalSorter[1]	1	5075003	57027918	145059000	4	4	20971520	61865984	ExternalSorter=93154262;FinalHashAggregateStream=30933218;ExternalSorterMerge=20971520
event	19787438	release_after_refusal	ExternalSorter[1]	1	3031598	53996320	142027402	4	4	20971520		ExternalSorter=90122664;FinalHashAggregateStream=30933218;ExternalSorterMerge=20971520
event	19823278	refusal	ExternalSorter[0]	1	4670656	59336712	145127502	4	4	20971520	61865984	ExternalSorter=93222764;FinalHashAggregateStream=30933218;ExternalSorterMerge=20971520
event	19823414	release_after_refusal	ExternalSorter[0]	1	2221130	57115582	142906372	4	4	20971520		ExternalSorter=91001634;FinalHashAggregateStream=30933218;ExternalSorterMerge=20971520
event	19871035	refusal	ExternalSorter[1]	1	4087247	58339091	151422507	4	4	20971520	61865984	ExternalSorter=95844880;FinalHashAggregateStream=34606107;ExternalSorterMerge=20971520
event	19871309	release_after_refusal	ExternalSorter[1]	1	2538230	55800861	148884277	4	4	20971520		ExternalSorter=93306650;FinalHashAggregateStream=34606107;ExternalSorterMerge=20971520
event	19914144	refusal	ExternalSorter[0]	1	3913536	60564209	145889936	4	4	20971520	61865984	ExternalSorter=93985198;FinalHashAggregateStream=30933218;ExternalSorterMerge=20971520
event	19914456	release_after_refusal	ExternalSorter[0]	1	1842570	58721639	144047366	4	4	20971520		ExternalSorter=92142628;FinalHashAggregateStream=30933218;ExternalSorterMerge=20971520
event	19953598	refusal	ExternalSorter[1]	1	3099491	61283964	140106356	4	4	20971520	61865984	ExternalSorter=88201618;FinalHashAggregateStream=30933218;ExternalSorterMerge=20971520
event	19953806	release_after_refusal	ExternalSorter[1]	1	2158844	59125120	137947512	4	4	20971520		ExternalSorter=86042774;FinalHashAggregateStream=30933218;ExternalSorterMerge=20971520
event	19994272	refusal	ExternalSorter[0]	1	2697187	60356245	137963792	4	4	20971520	61865984	ExternalSorter=82388231;FinalHashAggregateStream=34604041;ExternalSorterMerge=20971520
event	19994462	release_after_refusal	ExternalSorter[0]	1	1234746	59121499	136729046	4	4	20971520		ExternalSorter=81153485;FinalHashAggregateStream=34604041;ExternalSorterMerge=20971520
event	20032230	refusal	ExternalSorter[1]	1	6077224	58153994	129679612	4	4	20971520	61865984	ExternalSorter=77774874;FinalHashAggregateStream=30933218;ExternalSorterMerge=20971520
event	20032481	release_after_refusal	ExternalSorter[1]	1	2008400	56145594	127671212	4	4	20971520		ExternalSorter=75766474;FinalHashAggregateStream=30933218;ExternalSorterMerge=20971520
event	20088377	refusal	ExternalSorter[0]	1	5905035	58614856	139856338	4	4	20971520	61865984	ExternalSorter=84279219;FinalHashAggregateStream=34605599;ExternalSorterMerge=20971520
event	20088637	release_after_refusal	ExternalSorter[0]	1	1463758	57151098	138435186	4	4	20971520		ExternalSorter=86530448;FinalHashAggregateStream=30933218;ExternalSorterMerge=20971520
event	20133345	refusal	ExternalSorter[1]	1	5548764	61802592	138885306	4	4	20971520	61865984	ExternalSorter=86980568;FinalHashAggregateStream=30933218;ExternalSorterMerge=20971520
event	20133687	release_after_refusal	ExternalSorter[1]	1	2660114	59142478	136225192	4	4	20971520		ExternalSorter=84320454;FinalHashAggregateStream=30933218;ExternalSorterMerge=20971520
event	20177978	refusal	ExternalSorter[0]	1	5148532	58113589	141089101	4	4	20971520	61865984	ExternalSorter=89184363;FinalHashAggregateStream=30933218;ExternalSorterMerge=20971520
event	20178364	release_after_refusal	ExternalSorter[0]	1	1199718	56913871	139889383	4	4	20971520		ExternalSorter=87984645;FinalHashAggregateStream=30933218;ExternalSorterMerge=20971520
event	20226074	refusal	ExternalSorter[1]	1	4791755	61157055	148078942	4	4	20971520	61865984	ExternalSorter=96174204;FinalHashAggregateStream=30933218;ExternalSorterMerge=20971520
event	20226238	release_after_refusal	ExternalSorter[1]	1	2281820	58875235	145797122	4	4	20971520		ExternalSorter=93892384;FinalHashAggregateStream=30933218;ExternalSorterMerge=20971520
event	20268050	refusal	ExternalSorter[0]	1	4390767	59337077	149202658	4	4	20971520	61865984	ExternalSorter=91527915;FinalHashAggregateStream=36703223;ExternalSorterMerge=20971520
event	20268292	release_after_refusal	ExternalSorter[0]	1	2081326	57255751	147121332	4	4	20971520		ExternalSorter=89446589;FinalHashAggregateStream=36703223;ExternalSorterMerge=20971520
event	20311107	refusal	ExternalSorter[1]	1	3806519	58587576	146033956	4	4	20971520	61865984	ExternalSorter=94129227;FinalHashAggregateStream=30933209;ExternalSorterMerge=20971520
event	20311377	release_after_refusal	ExternalSorter[1]	1	1789132	56798444	144244824	4	4	20971520		ExternalSorter=92340095;FinalHashAggregateStream=30933209;ExternalSorterMerge=20971520
event	20350928	refusal	ExternalSorter[0]	1	3400854	61329264	139510930	4	4	20971520	61865984	ExternalSorter=87606192;FinalHashAggregateStream=30933218;ExternalSorterMerge=20971520
event	20351195	release_after_refusal	ExternalSorter[0]	1	1587000	59742264	137923930	4	4	20971520		ExternalSorter=86019192;FinalHashAggregateStream=30933218;ExternalSorterMerge=20971520
event	20395192	refusal	ExternalSorter[1]	1	2818791	61557723	145752075	4	4	20971520	61865984	ExternalSorter=90176262;FinalHashAggregateStream=34604293;ExternalSorterMerge=20971520
event	20395426	release_after_refusal	ExternalSorter[1]	1	1295688	60262035	144456387	4	4	20971520		ExternalSorter=88880574;FinalHashAggregateStream=34604293;ExternalSorterMerge=20971520
event	20421858	refusal	ExternalSorter[0]	1	6149631	55932161	120487339	4	4	20971520	61865984	ExternalSorter=68582601;FinalHashAggregateStream=30933218;ExternalSorterMerge=20971520
event	20422035	release_after_refusal	ExternalSorter[0]	1	2961030	52971131	117526309	4	4	20971520		ExternalSorter=65621571;FinalHashAggregateStream=30933218;ExternalSorterMerge=20971520
event	20477628	refusal	ExternalSorter[1]	1	6023950	60302127	146257765	4	4	20971520	61865984	ExternalSorter=94353027;FinalHashAggregateStream=30933218;ExternalSorterMerge=20971520
event	20478082	release_after_refusal	ExternalSorter[1]	1	2211554	58090573	144046211	4	4	20971520		ExternalSorter=92141473;FinalHashAggregateStream=30933218;ExternalSorterMerge=20971520
event	20508692	refusal	ExternalSorter[0]	1	5389890	57567161	129301948	4	4	20971520	61865984	ExternalSorter=77397210;FinalHashAggregateStream=30933218;ExternalSorterMerge=20971520
event	20509060	release_after_refusal	ExternalSorter[0]	1	1321840	56245321	127980108	4	4	20971520		ExternalSorter=76075370;FinalHashAggregateStream=30933218;ExternalSorterMerge=20971520
event	20569044	refusal	ExternalSorter[1]	1	5265039	59884607	154508491	4	4	20971520	61865984	ExternalSorter=98930848;FinalHashAggregateStream=34606123;ExternalSorterMerge=20971520
event	20569275	release_after_refusal	ExternalSorter[1]	1	1145006	58739601	153363485	4	4	20971520		ExternalSorter=97785842;FinalHashAggregateStream=34606123;ExternalSorterMerge=20971520
event	20595973	refusal	ExternalSorter[0]	1	4633556	58773940	133111925	4	4	20971520	61865984	ExternalSorter=81207187;FinalHashAggregateStream=30933218;ExternalSorterMerge=20971520
event	20596290	release_after_refusal	ExternalSorter[0]	1	2924994	55848946	130186931	4	4	20971520		ExternalSorter=78282193;FinalHashAggregateStream=30933218;ExternalSorterMerge=20971520
event	20660569	refusal	ExternalSorter[1]	1	4505399	61074497	163969420	4	4	20971520	61865984	ExternalSorter=112064682;FinalHashAggregateStream=30933218;ExternalSorterMerge=20971520
event	20660930	release_after_refusal	ExternalSorter[1]	1	1681024	59393473	162288396	4	4	20971520		ExternalSorter=110383658;FinalHashAggregateStream=30933218;ExternalSorterMerge=20971520
event	20681996	refusal	ExternalSorter[0]	1	3647788	60558524	126666998	4	4	20971520	61865984	ExternalSorter=74762260;FinalHashAggregateStream=30933218;ExternalSorterMerge=20971520
event	20682139	release_after_refusal	ExternalSorter[0]	1	1709696	58848828	124957302	4	4	20971520		ExternalSorter=73052564;FinalHashAggregateStream=30933218;ExternalSorterMerge=20971520
event	20746950	refusal	ExternalSorter[1]	1	3518455	58758758	163390922	4	4	20971520	61865984	ExternalSorter=111486184;FinalHashAggregateStream=30933218;ExternalSorterMerge=20971520
event	20747243	release_after_refusal	ExternalSorter[1]	1	2253540	56505218	161137382	4	4	20971520		ExternalSorter=109232644;FinalHashAggregateStream=30933218;ExternalSorterMerge=20971520
event	20761503	refusal	ExternalSorter[0]	1	2433148	61100262	120193255	4	4	20971520	61865984	ExternalSorter=64618717;FinalHashAggregateStream=34603018;ExternalSorterMerge=20971520
event	20761908	release_after_refusal	ExternalSorter[0]	1	1102166	59998096	119091089	4	4	20971520		ExternalSorter=63516551;FinalHashAggregateStream=34603018;ExternalSorterMerge=20971520
event	20833406	refusal	ExternalSorter[1]	1	2530755	61707352	161607861	4	4	20971520	61865984	ExternalSorter=106031790;FinalHashAggregateStream=34604551;ExternalSorterMerge=20971520
event	20833845	release_after_refusal	ExternalSorter[1]	1	2790440	58916912	160329106	4	4	20971520		ExternalSorter=108424377;FinalHashAggregateStream=30933209;ExternalSorterMerge=20971520
event	20850180	refusal	ExternalSorter[0]	1	5870483	60561003	117755675	4	4	20971520	61865984	ExternalSorter=65850937;FinalHashAggregateStream=30933218;ExternalSorterMerge=20971520
event	20850529	release_after_refusal	ExternalSorter[0]	1	1216798	59344205	116538877	4	4	20971520		ExternalSorter=64634139;FinalHashAggregateStream=30933218;ExternalSorterMerge=20971520
event	20917639	refusal	ExternalSorter[1]	1	5736643	56268647	151787542	4	4	20971520	61865984	ExternalSorter=99882813;FinalHashAggregateStream=30933209;ExternalSorterMerge=20971520
event	20917860	release_after_refusal	ExternalSorter[1]	1	1265882	55002765	150521660	4	4	20971520		ExternalSorter=98616931;FinalHashAggregateStream=30933209;ExternalSorterMerge=20971520
event	20939485	refusal	ExternalSorter[0]	1	5108629	57570380	127373639	4	4	20971520	61865984	ExternalSorter=75468901;FinalHashAggregateStream=30933218;ExternalSorterMerge=20971520
event	20939678	release_after_refusal	ExternalSorter[0]	1	2441518	55128862	124932121	4	4	20971520		ExternalSorter=73027383;FinalHashAggregateStream=30933218;ExternalSorterMerge=20971520
event	21006390	refusal	ExternalSorter[1]	1	4980560	59778413	159517977	4	4	20971520	61865984	ExternalSorter=107613239;FinalHashAggregateStream=30933218;ExternalSorterMerge=20971520
event	21006600	release_after_refusal	ExternalSorter[1]	1	2375732	57402681	157142245	4	4	20971520		ExternalSorter=105237507;FinalHashAggregateStream=30933218;ExternalSorterMerge=20971520
event	21023953	refusal	ExternalSorter[0]	1	4121743	58826823	120921581	4	4	20971520	61865984	ExternalSorter=69016843;FinalHashAggregateStream=30933218;ExternalSorterMerge=20971520
event	21024215	release_after_refusal	ExternalSorter[0]	1	1947234	56879589	118974347	4	4	20971520		ExternalSorter=67069609;FinalHashAggregateStream=30933218;ExternalSorterMerge=20971520
event	21097790	refusal	ExternalSorter[1]	1	4223075	61016437	166659798	4	4	20971520	61865984	ExternalSorter=114755060;FinalHashAggregateStream=30933218;ExternalSorterMerge=20971520
event	21098061	release_after_refusal	ExternalSorter[1]	1	1080844	59935593	165578954	4	4	20971520		ExternalSorter=113674216;FinalHashAggregateStream=30933218;ExternalSorterMerge=20971520
event	21117985	refusal	ExternalSorter[0]	1	3133343	61764468	126016736	4	4	20971520	61865984	ExternalSorter=70440303;FinalHashAggregateStream=34604913;ExternalSorterMerge=20971520
event	21118454	release_after_refusal	ExternalSorter[0]	1	1452824	60311644	125573652	4	4	20971520		ExternalSorter=73668914;FinalHashAggregateStream=30933218;ExternalSorterMerge=20971520
event	21181741	refusal	ExternalSorter[1]	1	3237588	59006451	157971015	4	4	20971520	61865984	ExternalSorter=106066277;FinalHashAggregateStream=30933218;ExternalSorterMerge=20971520
event	21181982	release_after_refusal	ExternalSorter[1]	1	2570304	56436147	155400711	4	4	20971520		ExternalSorter=103495973;FinalHashAggregateStream=30933218;ExternalSorterMerge=20971520
event	21195069	refusal	ExternalSorter[0]	1	6110739	58594433	113736759	4	4	20971520	61865984	ExternalSorter=61832021;FinalHashAggregateStream=30933218;ExternalSorterMerge=20971520
event	21195375	release_after_refusal	ExternalSorter[0]	1	2941444	55652989	110795315	4	4	20971520		ExternalSorter=58890577;FinalHashAggregateStream=30933218;ExternalSorterMerge=20971520
event	21261259	refusal	ExternalSorter[1]	1	6217056	59963672	153415939	4	4	20971520	61865984	ExternalSorter=97839180;FinalHashAggregateStream=34605239;ExternalSorterMerge=20971520
event	21261420	release_after_refusal	ExternalSorter[1]	1	2994182	56969490	150421757	4	4	20971520		ExternalSorter=94844998;FinalHashAggregateStream=34605239;ExternalSorterMerge=20971520
event	21283767	refusal	ExternalSorter[0]	1	5352623	56994171	119847467	4	4	20971520	61865984	ExternalSorter=67942729;FinalHashAggregateStream=30933218;ExternalSorterMerge=20971520
event	21284023	release_after_refusal	ExternalSorter[0]	1	3055986	53938185	116791481	4	4	20971520		ExternalSorter=64886743;FinalHashAggregateStream=30933218;ExternalSorterMerge=20971520
event	21350160	refusal	ExternalSorter[1]	1	5459976	58587435	152612709	4	4	20971520	61865984	ExternalSorter=100707971;FinalHashAggregateStream=30933218;ExternalSorterMerge=20971520
event	21350501	release_after_refusal	ExternalSorter[1]	1	3108808	55478627	149503901	4	4	20971520		ExternalSorter=97599163;FinalHashAggregateStream=30933218;ExternalSorterMerge=20971520
event	21372797	refusal	ExternalSorter[0]	1	4593766	58208452	127179369	4	4	20971520	61865984	ExternalSorter=75274631;FinalHashAggregateStream=30933218;ExternalSorterMerge=20971520
event	21373001	release_after_refusal	ExternalSorter[0]	1	2183386	56025066	124995983	4	4	20971520		ExternalSorter=73091245;FinalHashAggregateStream=30933218;ExternalSorterMerge=20971520
event	21441389	refusal	ExternalSorter[1]	1	4702519	59818653	165197199	4	4	20971520	61865984	ExternalSorter=113292461;FinalHashAggregateStream=30933218;ExternalSorterMerge=20971520
event	21441651	release_after_refusal	ExternalSorter[1]	1	3073962	56744691	162123237	4	4	20971520		ExternalSorter=110218499;FinalHashAggregateStream=30933218;ExternalSorterMerge=20971520
event	21456151	refusal	ExternalSorter[0]	1	3607271	60002351	120280006	4	4	20971520	61865984	ExternalSorter=64704870;FinalHashAggregateStream=34603616;ExternalSorterMerge=20971520
event	21456419	release_after_refusal	ExternalSorter[0]	1	1689788	58312563	114919820	4	4	20971520		ExternalSorter=63015082;FinalHashAggregateStream=30933218;ExternalSorterMerge=20971520
event	21531383	refusal	ExternalSorter[1]	1	3944699	61041520	173523030	4	4	20971520	61865984	ExternalSorter=121618292;FinalHashAggregateStream=30933218;ExternalSorterMerge=20971520
event	21531548	release_after_refusal	ExternalSorter[1]	1	1858502	59183018	171664528	4	4	20971520		ExternalSorter=119759790;FinalHashAggregateStream=30933218;ExternalSorterMerge=20971520
event	21536180	refusal	ExternalSorter[0]	1	2392408	60576772	159721619	4	4	20971520	61865984	ExternalSorter=107816890;FinalHashAggregateStream=30933209;ExternalSorterMerge=20971520
event	21536489	release_after_refusal	ExternalSorter[0]	1	1918898	58657874	157802721	4	4	20971520		ExternalSorter=105897992;FinalHashAggregateStream=30933209;ExternalSorterMerge=20971520
event	21608945	refusal	ExternalSorter[1]	1	2731460	60782186	161657345	4	4	20971520	61865984	ExternalSorter=109752607;FinalHashAggregateStream=30933218;ExternalSorterMerge=20971520
event	21609072	release_after_refusal	ExternalSorter[1]	1	1251252	59530934	160406093	4	4	20971520		ExternalSorter=108501355;FinalHashAggregateStream=30933218;ExternalSorterMerge=20971520
event	21622512	refusal	ExternalSorter[0]	1	5829183	59941163	117537833	4	4	20971520	61865984	ExternalSorter=65633095;FinalHashAggregateStream=30933218;ExternalSorterMerge=20971520
event	21622988	release_after_refusal	ExternalSorter[0]	1	1998474	57942689	115539359	4	4	20971520		ExternalSorter=63634621;FinalHashAggregateStream=30933218;ExternalSorterMerge=20971520
event	21691722	refusal	ExternalSorter[1]	1	5940036	59090047	154124698	4	4	20971520	61865984	ExternalSorter=102219960;FinalHashAggregateStream=30933218;ExternalSorterMerge=20971520
event	21691889	release_after_refusal	ExternalSorter[1]	1	1824230	57265817	152300468	4	4	20971520		ExternalSorter=100395730;FinalHashAggregateStream=30933218;ExternalSorterMerge=20971520
event	21711584	refusal	ExternalSorter[0]	1	5070998	56972201	123189306	4	4	20971520	61865984	ExternalSorter=71284568;FinalHashAggregateStream=30933218;ExternalSorterMerge=20971520
event	21711830	release_after_refusal	ExternalSorter[0]	1	2422002	54550199	120767304	4	4	20971520		ExternalSorter=68862566;FinalHashAggregateStream=30933218;ExternalSorterMerge=20971520
event	21779600	refusal	ExternalSorter[1]	1	5182523	58630668	161358738	4	4	20971520	61865984	ExternalSorter=109454000;FinalHashAggregateStream=30933218;ExternalSorterMerge=20971520
event	21779915	release_after_refusal	ExternalSorter[1]	1	2970186	55660482	158388552	4	4	20971520		ExternalSorter=106483814;FinalHashAggregateStream=30933218;ExternalSorterMerge=20971520
event	21794125	refusal	ExternalSorter[0]	1	4086156	58307235	119068365	4	4	20971520	61865984	ExternalSorter=63489758;FinalHashAggregateStream=34607087;ExternalSorterMerge=20971520
event	21794564	release_after_refusal	ExternalSorter[0]	1	1928810	56378425	117139555	4	4	20971520		ExternalSorter=61560948;FinalHashAggregateStream=34607087;ExternalSorterMerge=20971520
event	21872340	refusal	ExternalSorter[1]	1	4424703	59856393	170165492	4	4	20971520	61865984	ExternalSorter=118260754;FinalHashAggregateStream=30933218;ExternalSorterMerge=20971520
event	21872587	release_after_refusal	ExternalSorter[1]	1	1182176	58674217	168983316	4	4	20971520		ExternalSorter=117078578;FinalHashAggregateStream=30933218;ExternalSorterMerge=20971520
event	21875407	refusal	ExternalSorter[0]	1	2870312	58404361	141995988	4	4	27595889	60209891	ExternalSorter=83466881;FinalHashAggregateStream=30933218;ExternalSorterMerge=27595889
event	21875599	release_after_refusal	ExternalSorter[0]	1	2387212	56017149	139693327	4	4	26120054		ExternalSorter=82640055;FinalHashAggregateStream=30933218;ExternalSorterMerge=26120054
event	21956196	refusal	ExternalSorter[1]	1	3437563	61816161	174753751	4	4	20971520	61865984	ExternalSorter=122849013;FinalHashAggregateStream=30933218;ExternalSorterMerge=20971520
event	21956328	release_after_refusal	ExternalSorter[1]	1	1604654	60211507	173149097	4	4	20971520		ExternalSorter=121244359;FinalHashAggregateStream=30933218;ExternalSorterMerge=20971520
event	21958640	refusal	ExternalSorter[0]	1	6078119	61032852	139526325	4	4	40087093	57087090	ExternalSorter=68506014;ExternalSorterMerge=40087093;FinalHashAggregateStream=30933218
event	21958984	release_after_refusal	ExternalSorter[0]	1	2924924	58107928	137946212	4	4	37351728		ExternalSorter=69661266;ExternalSorterMerge=37351728;FinalHashAggregateStream=30933218
event	22031256	refusal	ExternalSorter[1]	1	6185779	56362189	153858742	4	4	20971520	61865984	ExternalSorter=98281940;FinalHashAggregateStream=34605282;ExternalSorterMerge=20971520
event	22031467	release_after_refusal	ExternalSorter[1]	1	1719230	54642959	153100527	4	4	20971520		ExternalSorter=101195789;FinalHashAggregateStream=30933218;ExternalSorterMerge=20971520
event	22054562	refusal	ExternalSorter[0]	1	5550584	61827988	125809677	4	4	20971520	61865984	ExternalSorter=70234170;FinalHashAggregateStream=34603987;ExternalSorterMerge=20971520
event	22055074	release_after_refusal	ExternalSorter[0]	1	1056848	60771140	123531363	4	4	20971520		ExternalSorter=71626625;FinalHashAggregateStream=30933218;ExternalSorterMerge=20971520
event	22123874	refusal	ExternalSorter[1]	1	5426122	58110503	157985463	4	4	20971520	61865984	ExternalSorter=102407483;FinalHashAggregateStream=34606460;ExternalSorterMerge=20971520
event	22124128	release_after_refusal	ExternalSorter[1]	1	2026908	56083595	155958555	4	4	20971520		ExternalSorter=100380575;FinalHashAggregateStream=34606460;ExternalSorterMerge=20971520
event	22146776	refusal	ExternalSorter[0]	1	4793407	61179399	130050269	4	4	20971520	61865984	ExternalSorter=78145531;FinalHashAggregateStream=30933218;ExternalSorterMerge=20971520
event	22147065	release_after_refusal	ExternalSorter[0]	1	2775460	58403939	127274809	4	4	20971520		ExternalSorter=75370071;FinalHashAggregateStream=30933218;ExternalSorterMerge=20971520
event	22215026	refusal	ExternalSorter[1]	1	4671020	59330027	163634929	4	4	20971520	61865984	ExternalSorter=111730191;FinalHashAggregateStream=30933218;ExternalSorterMerge=20971520
event	22215295	release_after_refusal	ExternalSorter[1]	1	2713958	56616069	160920971	4	4	20971520		ExternalSorter=109016233;FinalHashAggregateStream=30933218;ExternalSorterMerge=20971520
event	22232082	refusal	ExternalSorter[0]	1	3808200	59329080	120803300	4	4	20971520	61865984	ExternalSorter=68898562;FinalHashAggregateStream=30933218;ExternalSorterMerge=20971520
event	22232399	release_after_refusal	ExternalSorter[0]	1	2397152	56931928	118406148	4	4	20971520		ExternalSorter=66501410;FinalHashAggregateStream=30933218;ExternalSorterMerge=20971520
event	22303908	refusal	ExternalSorter[1]	1	3913843	60567848	169099228	4	4	20971520	61865984	ExternalSorter=117194490;FinalHashAggregateStream=30933218;ExternalSorterMerge=20971520
event	22304236	release_after_refusal	ExternalSorter[1]	1	1842794	58725054	167256434	4	4	20971520		ExternalSorter=115351696;FinalHashAggregateStream=30933218;ExternalSorterMerge=20971520
event	22305247	refusal	ExternalSorter[0]	1	2363764	56626642	121082248	4	4	33522388	58728267	ExternalSorter=56626642;ExternalSorterMerge=33522388;FinalHashAggregateStream=30933218
event	22305674	release_after_refusal	ExternalSorter[0]	1	2018984	54607658	125124104	4	4	39583228		ExternalSorter=54607658;ExternalSorterMerge=39583228;FinalHashAggregateStream=30933218
event	22383935	refusal	ExternalSorter[1]	1	2698896	60368090	166212130	4	4	20971520	61865984	ExternalSorter=114307392;FinalHashAggregateStream=30933218;ExternalSorterMerge=20971520
event	22384191	release_after_refusal	ExternalSorter[1]	1	2186578	58181512	164025552	4	4	20971520		ExternalSorter=112120814;FinalHashAggregateStream=30933218;ExternalSorterMerge=20971520
event	22386687	refusal	ExternalSorter[0]	1	5570827	53939302	135785229	4	4	31798541	59159228	ExternalSorter=73053470;ExternalSorterMerge=31798541;FinalHashAggregateStream=30933218
event	22387034	release_after_refusal	ExternalSorter[0]	1	1526016	52413286	135692002	4	4	28974642		ExternalSorter=75784142;FinalHashAggregateStream=30933218;ExternalSorterMerge=28974642
event	22468281	refusal	ExternalSorter[1]	1	5908424	59363166	168161384	4	4	20971520	61865984	ExternalSorter=116256646;FinalHashAggregateStream=30933218;ExternalSorterMerge=20971520
event	22468588	release_after_refusal	ExternalSorter[1]	1	2839594	56523572	165321790	4	4	20971520		ExternalSorter=113417052;FinalHashAggregateStream=30933218;ExternalSorterMerge=20971520
event	22478087	refusal	ExternalSorter[0]	1	4811747	61476467	119289629	4	4	20971520	61865984	ExternalSorter=67384891;FinalHashAggregateStream=30933218;ExternalSorterMerge=20971520
event	22478589	release_after_refusal	ExternalSorter[0]	1	3015224	58461243	116274405	4	4	20971520		ExternalSorter=64369667;FinalHashAggregateStream=30933218;ExternalSorterMerge=20971520
event	22559241	refusal	ExternalSorter[1]	1	5150940	58154361	168995138	4	4	20971520	61865984	ExternalSorter=113418325;FinalHashAggregateStream=34605293;ExternalSorterMerge=20971520
event	22559551	release_after_refusal	ExternalSorter[1]	1	2461272	55693089	166533866	4	4	20971520		ExternalSorter=110957053;FinalHashAggregateStream=34605293;ExternalSorterMerge=20971520
event	22565459	refusal	ExternalSorter[0]	1	3825671	58860623	155088592	4	4	20971520	61865984	ExternalSorter=103183863;FinalHashAggregateStream=30933209;ExternalSorterMerge=20971520
event	22565915	release_after_refusal	ExternalSorter[0]	1	1798778	57061845	150883156	4	4	20971520		ExternalSorter=101385085;FinalHashAggregateStream=30933209;ExternalSorterMerge=20971520
event	22647312	refusal	ExternalSorter[0]	1	2840100	61825463	173113203	4	4	20971520	61865984	ExternalSorter=121208465;FinalHashAggregateStream=30933218;ExternalSorterMerge=20971520
event	22647451	release_after_refusal	ExternalSorter[0]	1	1305572	60519891	171807631	4	4	20971520		ExternalSorter=119902893;FinalHashAggregateStream=30933218;ExternalSorterMerge=20971520
event	22650276	refusal	ExternalSorter[1]	1	4394155	59383002	143556727	4	4	30558465	59469247	ExternalSorter=82065044;FinalHashAggregateStream=30933218;ExternalSorterMerge=30558465
event	22650598	release_after_refusal	ExternalSorter[1]	1	2082950	57300052	141179289	4	4	30263977		ExternalSorter=79982094;FinalHashAggregateStream=30933218;ExternalSorterMerge=30263977
event	22730986	refusal	ExternalSorter[0]	1	6049364	60615041	173925132	4	4	20971520	61865984	ExternalSorter=122020394;FinalHashAggregateStream=30933218;ExternalSorterMerge=20971520
event	22731117	release_after_refusal	ExternalSorter[0]	1	2910126	57704915	171015006	4	4	20971520		ExternalSorter=119110268;FinalHashAggregateStream=30933218;ExternalSorterMerge=20971520
event	22732780	refusal	ExternalSorter[1]	1	3407855	61405353	139547778	4	4	42907213	56382060	ExternalSorter=65707347;ExternalSorterMerge=42907213;FinalHashAggregateStream=30933218
event	22733273	release_after_refusal	ExternalSorter[1]	1	2426692	58978661	136826274	4	4	42612401		ExternalSorter=63280655;ExternalSorterMerge=42612401;FinalHashAggregateStream=30933218
event	22807455	refusal	ExternalSorter[1]	1	6157948	56019665	154108844	4	4	20971520	61865984	ExternalSorter=102204106;FinalHashAggregateStream=30933218;ExternalSorterMerge=20971520
event	22807582	release_after_refusal	ExternalSorter[1]	1	2964698	53054967	151144146	4	4	20971520		ExternalSorter=99239408;FinalHashAggregateStream=30933218;ExternalSorterMerge=20971520
event	22826394	refusal	ExternalSorter[0]	1	5521828	61374059	124051124	4	4	20971520	61865984	ExternalSorter=72146386;FinalHashAggregateStream=30933218;ExternalSorterMerge=20971520
event	22826556	release_after_refusal	ExternalSorter[0]	1	2646646	58727413	121404478	4	4	20971520		ExternalSorter=69499740;FinalHashAggregateStream=30933218;ExternalSorterMerge=20971520
event	22897535	refusal	ExternalSorter[1]	1	5400559	57708042	157269553	4	4	20971520	61865984	ExternalSorter=101693664;FinalHashAggregateStream=34604369;ExternalSorterMerge=20971520
event	22897799	release_after_refusal	ExternalSorter[1]	1	1211310	56496732	156058243	4	4	20971520		ExternalSorter=100482354;FinalHashAggregateStream=34604369;ExternalSorterMerge=20971520
event	22919914	refusal	ExternalSorter[0]	1	4765268	60754528	129548736	4	4	20971520	61865984	ExternalSorter=77643998;FinalHashAggregateStream=30933218;ExternalSorterMerge=20971520
event	22920299	release_after_refusal	ExternalSorter[0]	1	2990402	57764126	126558334	4	4	20971520		ExternalSorter=74653596;FinalHashAggregateStream=30933218;ExternalSorterMerge=20971520
event	22988189	refusal	ExternalSorter[1]	1	4643944	58934131	162178300	4	4	20971520	61865984	ExternalSorter=110273562;FinalHashAggregateStream=30933218;ExternalSorterMerge=20971520
event	22988492	release_after_refusal	ExternalSorter[1]	1	2929978	56004153	159248322	4	4	20971520		ExternalSorter=107343584;FinalHashAggregateStream=30933218;ExternalSorterMerge=20971520
event	23004275	refusal	ExternalSorter[0]	1	3779219	58211283	119633257	4	4	20971520	61865984	ExternalSorter=67728519;FinalHashAggregateStream=30933218;ExternalSorterMerge=20971520
event	23004656	release_after_refusal	ExternalSorter[0]	1	2383026	55828257	117250231	4	4	20971520		ExternalSorter=65345493;FinalHashAggregateStream=30933218;ExternalSorterMerge=20971520
event	23079477	refusal	ExternalSorter[1]	1	3657447	60699893	166784686	4	4	20971520	61865984	ExternalSorter=114879948;FinalHashAggregateStream=30933218;ExternalSorterMerge=20971520
event	23079701	release_after_refusal	ExternalSorter[1]	1	2436926	58262967	164347760	4	4	20971520		ExternalSorter=112443022;FinalHashAggregateStream=30933218;ExternalSorterMerge=20971520
event	23097839	refusal	ExternalSorter[0]	1	2793367	61185833	120635262	4	4	20971520	61865984	ExternalSorter=68730524;FinalHashAggregateStream=30933218;ExternalSorterMerge=20971520
event	23098110	release_after_refusal	ExternalSorter[0]	1	1282626	59903207	123025651	4	4	20971520		ExternalSorter=67447898;FinalHashAggregateStream=34606233;ExternalSorterMerge=20971520
event	23158525	refusal	ExternalSorter[1]	1	2442640	61229425	151385281	4	4	20971520	61865984	ExternalSorter=99480543;FinalHashAggregateStream=30933218;ExternalSorterMerge=20971520
event	23158690	release_after_refusal	ExternalSorter[1]	1	1107052	60122373	150278229	4	4	20971520		ExternalSorter=98373491;FinalHashAggregateStream=30933218;ExternalSorterMerge=20971520
event	23183161	refusal	ExternalSorter[0]	1	6002616	59968324	123018364	4	4	20971520	61865984	ExternalSorter=71113626;FinalHashAggregateStream=30933218;ExternalSorterMerge=20971520
event	23183482	release_after_refusal	ExternalSorter[0]	1	2886970	57081354	120131394	4	4	20971520		ExternalSorter=68226656;FinalHashAggregateStream=30933218;ExternalSorterMerge=20971520
event	23251345	refusal	ExternalSorter[1]	1	5879667	60700638	157816138	4	4	20971520	61865984	ExternalSorter=105911400;FinalHashAggregateStream=30933218;ExternalSorterMerge=20971520
event	23251564	release_after_refusal	ExternalSorter[1]	1	1221656	59478982	156594482	4	4	20971520		ExternalSorter=104689744;FinalHashAggregateStream=30933218;ExternalSorterMerge=20971520
event	23273905	refusal	ExternalSorter[0]	1	5245215	59571468	125608980	4	4	20971520	61865984	ExternalSorter=73704242;FinalHashAggregateStream=30933218;ExternalSorterMerge=20971520
event	23274197	release_after_refusal	ExternalSorter[0]	1	1248214	58323254	124360766	4	4	20971520		ExternalSorter=72456028;FinalHashAggregateStream=30933218;ExternalSorterMerge=20971520
event	23343652	refusal	ExternalSorter[1]	1	5122603	57732875	158339132	4	4	20971520	61865984	ExternalSorter=106434394;FinalHashAggregateStream=30933218;ExternalSorterMerge=20971520
event	23343981	release_after_refusal	ExternalSorter[1]	1	2940450	54792425	155398682	4	4	20971520		ExternalSorter=103493944;FinalHashAggregateStream=30933218;ExternalSorterMerge=20971520
event	23362846	refusal	ExternalSorter[0]	1	4486498	60789521	123167468	4	4	20971520	61865984	ExternalSorter=71262730;FinalHashAggregateStream=30933218;ExternalSorterMerge=20971520
event	23363111	release_after_refusal	ExternalSorter[0]	1	2129682	58659839	121037786	4	4	20971520		ExternalSorter=69133048;FinalHashAggregateStream=30933218;ExternalSorterMerge=20971520
event	23434371	refusal	ExternalSorter[1]	1	4363467	58939193	163039682	4	4	20971520	61865984	ExternalSorter=111134944;FinalHashAggregateStream=30933218;ExternalSorterMerge=20971520
event	23434545	release_after_refusal	ExternalSorter[1]	1	2067886	56871307	160971796	4	4	20971520		ExternalSorter=109067058;FinalHashAggregateStream=30933218;ExternalSorterMerge=20971520
event	23446694	refusal	ExternalSorter[0]	1	3501348	58510318	114778523	4	4	20971520	61865984	ExternalSorter=62873785;FinalHashAggregateStream=30933218;ExternalSorterMerge=20971520
event	23446884	release_after_refusal	ExternalSorter[0]	1	1636476	56873842	113142047	4	4	20971520		ExternalSorter=61237309;FinalHashAggregateStream=30933218;ExternalSorterMerge=20971520
event	23520878	refusal	ExternalSorter[0]	1	6251076	57136840	173671001	4	4	20971520	61865984	ExternalSorter=118096481;FinalHashAggregateStream=34603000;ExternalSorterMerge=20971520
event	23521022	release_after_refusal	ExternalSorter[0]	1	3011332	54125508	170659669	4	4	20971520		ExternalSorter=115085149;FinalHashAggregateStream=34603000;ExternalSorterMerge=20971520
event	23521465	refusal	ExternalSorter[1]	1	3375178	60959641	115760323	4	4	20971520	61865984	ExternalSorter=63855585;FinalHashAggregateStream=30933218;ExternalSorterMerge=20971520
event	23522045	release_after_refusal	ExternalSorter[1]	1	2755006	58204635	113628565	4	4	24490712		ExternalSorter=58204635;FinalHashAggregateStream=30933218;ExternalSorterMerge=24490712
event	23600976	refusal	ExternalSorter[1]	1	2159447	61751114	167499890	4	4	20971520	61865984	ExternalSorter=115595152;FinalHashAggregateStream=30933218;ExternalSorterMerge=20971520
event	23601114	release_after_refusal	ExternalSorter[1]	1	3062888	58688226	164437002	4	4	20971520		ExternalSorter=112532264;FinalHashAggregateStream=30933218;ExternalSorterMerge=20971520
event	23603072	refusal	ExternalSorter[0]	1	5265011	53844038	133994465	4	4	40811155	56906075	ExternalSorter=62250092;ExternalSorterMerge=40811155;FinalHashAggregateStream=30933218
event	23603535	release_after_refusal	ExternalSorter[0]	1	2518378	51325660	131181455	4	4	40516523		ExternalSorter=59731714;ExternalSorterMerge=40516523;FinalHashAggregateStream=30933218
event	23694360	refusal	ExternalSorter[1]	1	5596615	56451915	169455243	4	4	20971520	61865984	ExternalSorter=117550505;FinalHashAggregateStream=30933218;ExternalSorterMerge=20971520
event	23694618	release_after_refusal	ExternalSorter[1]	1	2684250	53767665	170443621	4	4	20971520		ExternalSorter=114866255;FinalHashAggregateStream=34605846;ExternalSorterMerge=20971520
event	23695644	refusal	ExternalSorter[0]	1	4508928	61098590	124623545	4	4	32591737	58960929	ExternalSorter=61098590;ExternalSorterMerge=32591737;FinalHashAggregateStream=30933218
event	23696217	release_after_refusal	ExternalSorter[0]	1	1796328	59302262	126834752	4	4	36599272		ExternalSorter=59302262;ExternalSorterMerge=36599272;FinalHashAggregateStream=30933218
event	23781951	refusal	ExternalSorter[0]	1	3522712	58808913	163787603	4	4	20971520	61865984	ExternalSorter=111882865;FinalHashAggregateStream=30933218;ExternalSorterMerge=20971520
event	23782173	release_after_refusal	ExternalSorter[0]	1	1647158	57161755	162140445	4	4	20971520		ExternalSorter=110235707;FinalHashAggregateStream=30933218;ExternalSorterMerge=20971520
event	23783558	refusal	ExternalSorter[1]	1	4610455	53073952	129174401	4	4	41461625	56743457	ExternalSorter=56779558;ExternalSorterMerge=41461625;FinalHashAggregateStream=30933218
event	23784112	release_after_refusal	ExternalSorter[1]	1	2913416	50160536	125966389	4	4	41167029		ExternalSorter=53866142;ExternalSorterMerge=41167029;FinalHashAggregateStream=30933218
event	23865697	refusal	ExternalSorter[0]	1	2535011	61772569	173920716	4	4	20971520	61865984	ExternalSorter=122015978;FinalHashAggregateStream=30933218;ExternalSorterMerge=20971520
event	23865831	release_after_refusal	ExternalSorter[0]	1	1153658	60618911	172767058	4	4	20971520		ExternalSorter=120862320;FinalHashAggregateStream=30933218;ExternalSorterMerge=20971520
event	23869111	refusal	ExternalSorter[1]	1	3625107	60243409	147431463	4	4	22572750	61465676	ExternalSorter=93925495;FinalHashAggregateStream=30933218;ExternalSorterMerge=22572750
event	23869666	release_after_refusal	ExternalSorter[1]	1	1240010	59003399	149371505	4	4	20971520		ExternalSorter=97466767;FinalHashAggregateStream=30933218;ExternalSorterMerge=20971520
event	23947532	refusal	ExternalSorter[1]	1	2410412	60810353	169052926	4	4	20971520	61865984	ExternalSorter=117148188;FinalHashAggregateStream=30933218;ExternalSorterMerge=20971520
event	23947681	release_after_refusal	ExternalSorter[1]	1	1091008	59719345	167961918	4	4	20971520		ExternalSorter=116057180;FinalHashAggregateStream=30933218;ExternalSorterMerge=20971520
event	23949994	refusal	ExternalSorter[0]	1	5742271	56337835	135537513	4	4	35603060	58208099	ExternalSorter=69001235;ExternalSorterMerge=35603060;FinalHashAggregateStream=30933218
event	23950573	release_after_refusal	ExternalSorter[0]	1	1726300	54611535	131245247	4	4	33037094		ExternalSorter=67274935;ExternalSorterMerge=33037094;FinalHashAggregateStream=30933218
event	24035254	refusal	ExternalSorter[1]	1	5848980	60219880	171976303	4	4	20971520	61865984	ExternalSorter=120071565;FinalHashAggregateStream=30933218;ExternalSorterMerge=20971520
event	24035405	release_after_refusal	ExternalSorter[1]	1	2809942	57409938	169166361	4	4	20971520		ExternalSorter=117261623;FinalHashAggregateStream=30933218;ExternalSorterMerge=20971520
event	24039868	refusal	ExternalSorter[0]	1	4983947	59851685	150812809	4	4	20971520	61865984	ExternalSorter=98908071;FinalHashAggregateStream=30933218;ExternalSorterMerge=20971520
event	24040559	release_after_refusal	ExternalSorter[0]	1	1118042	58733643	154281491	4	4	20971520		ExternalSorter=102376753;FinalHashAggregateStream=30933218;ExternalSorterMerge=20971520
event	24127476	refusal	ExternalSorter[1]	1	5092056	57267378	166239144	4	4	20971520	61865984	ExternalSorter=114334406;FinalHashAggregateStream=30933218;ExternalSorterMerge=20971520
event	24127702	release_after_refusal	ExternalSorter[1]	1	2431830	54835548	163807314	4	4	20971520		ExternalSorter=111902576;FinalHashAggregateStream=30933218;ExternalSorterMerge=20971520
event	24131278	refusal	ExternalSorter[0]	1	3997284	57067028	133411037	4	4	30599071	59459096	ExternalSorter=71878748;FinalHashAggregateStream=30933218;ExternalSorterMerge=30599071
event	24131680	release_after_refusal	ExternalSorter[0]	1	2721700	54345328	131106397	4	4	28790045		ExternalSorter=71383134;FinalHashAggregateStream=30933218;ExternalSorterMerge=28790045
event	24218638	refusal	ExternalSorter[1]	1	4106848	58589982	170532665	4	4	20971520	61865984	ExternalSorter=118627927;FinalHashAggregateStream=30933218;ExternalSorterMerge=20971520
event	24218868	release_after_refusal	ExternalSorter[1]	1	1938946	56651036	168593719	4	4	20971520		ExternalSorter=116688981;FinalHashAggregateStream=30933218;ExternalSorterMerge=20971520
event	24222384	refusal	ExternalSorter[0]	1	3010703	60037945	145752059	4	4	20971520	61865984	ExternalSorter=93847321;FinalHashAggregateStream=30933218;ExternalSorterMerge=20971520
event	24222861	release_after_refusal	ExternalSorter[0]	1	2457394	57580551	145451885	4	4	20971520		ExternalSorter=93547147;FinalHashAggregateStream=30933218;ExternalSorterMerge=20971520
event	24299844	refusal	ExternalSorter[0]	1	5990828	57020843	170483017	4	4	20971520	61865984	ExternalSorter=118578288;FinalHashAggregateStream=30933209;ExternalSorterMerge=20971520
event	24300003	release_after_refusal	ExternalSorter[0]	1	2881076	54139767	167601941	4	4	20971520		ExternalSorter=115697212;FinalHashAggregateStream=30933209;ExternalSorterMerge=20971520
event	24304020	refusal	ExternalSorter[1]	1	3119063	61557445	157954719	4	4	20971520	61865984	ExternalSorter=106049981;FinalHashAggregateStream=30933218;ExternalSorterMerge=20971520
event	24304507	release_after_refusal	ExternalSorter[1]	1	2168196	59389249	155786523	4	4	20971520		ExternalSorter=103881785;FinalHashAggregateStream=30933218;ExternalSorterMerge=20971520
event	24381419	refusal	ExternalSorter[1]	1	6097187	58416356	164718295	4	4	20971520	61865984	ExternalSorter=112813566;FinalHashAggregateStream=30933209;ExternalSorterMerge=20971520
event	24381549	release_after_refusal	ExternalSorter[1]	1	2934668	55481688	161783627	4	4	20971520		ExternalSorter=109878898;FinalHashAggregateStream=30933209;ExternalSorterMerge=20971520
event	24390557	refusal	ExternalSorter[0]	1	5234351	59402998	117404923	4	4	20971520	61865984	ExternalSorter=65500185;FinalHashAggregateStream=30933218;ExternalSorterMerge=20971520
event	24391006	release_after_refusal	ExternalSorter[0]	1	2995694	56407304	114409229	4	4	20971520		ExternalSorter=62504491;FinalHashAggregateStream=30933218;ExternalSorterMerge=20971520
event	24469996	refusal	ExternalSorter[1]	1	5339659	56795290	165089937	4	4	20971520	61865984	ExternalSorter=113185199;FinalHashAggregateStream=30933218;ExternalSorterMerge=20971520
event	24470241	release_after_refusal	ExternalSorter[1]	1	2555702	54239588	162534235	4	4	20971520		ExternalSorter=110629497;FinalHashAggregateStream=30933218;ExternalSorterMerge=20971520
event	24479998	refusal	ExternalSorter[0]	1	4478016	60638492	117882889	4	4	20971520	61865984	ExternalSorter=65978151;FinalHashAggregateStream=30933218;ExternalSorterMerge=20971520
event	24480383	release_after_refusal	ExternalSorter[0]	1	2846902	57791590	115035987	4	4	20971520		ExternalSorter=63131249;FinalHashAggregateStream=30933218;ExternalSorterMerge=20971520
event	24563267	refusal	ExternalSorter[0]	1	3492500	58383765	160118531	4	4	20971520	61865984	ExternalSorter=108213793;FinalHashAggregateStream=30933218;ExternalSorterMerge=20971520
event	24563407	release_after_refusal	ExternalSorter[0]	1	1632052	56751713	158486479	4	4	20971520		ExternalSorter=106581741;FinalHashAggregateStream=30933218;ExternalSorterMerge=20971520
event	24578147	refusal	ExternalSorter[1]	1	4352883	57849012	116968490	4	4	20971520	61865984	ExternalSorter=65063752;FinalHashAggregateStream=30933218;ExternalSorterMerge=20971520
event	24578513	release_after_refusal	ExternalSorter[1]	1	2670278	55178734	114298212	4	4	20971520		ExternalSorter=62393474;FinalHashAggregateStream=30933218;ExternalSorterMerge=20971520
event	24635077	refusal	ExternalSorter[0]	1	6243319	57043775	158603375	4	4	20971520	61865984	ExternalSorter=106698637;FinalHashAggregateStream=30933218;ExternalSorterMerge=20971520
event	24635204	release_after_refusal	ExternalSorter[0]	1	3007524	54036251	155595851	4	4	20971520		ExternalSorter=103691113;FinalHashAggregateStream=30933218;ExternalSorterMerge=20971520
event	24660513	refusal	ExternalSorter[1]	1	3368992	60836006	126507563	4	4	20971520	61865984	ExternalSorter=74602825;FinalHashAggregateStream=30933218;ExternalSorterMerge=20971520
event	24660793	release_after_refusal	ExternalSorter[1]	1	1569878	59266128	124937685	4	4	20971520		ExternalSorter=73032947;FinalHashAggregateStream=30933218;ExternalSorterMerge=20971520
event	24721122	refusal	ExternalSorter[0]	1	5486379	59000637	158575936	4	4	20971520	61865984	ExternalSorter=102997466;FinalHashAggregateStream=34606950;ExternalSorterMerge=20971520
event	24721261	release_after_refusal	ExternalSorter[0]	1	2629412	56371225	155946524	4	4	20971520		ExternalSorter=100368054;FinalHashAggregateStream=34606950;ExternalSorterMerge=20971520
event	24737886	refusal	ExternalSorter[1]	1	2153988	61666565	124773353	4	4	20971520	61865984	ExternalSorter=72868615;FinalHashAggregateStream=30933218;ExternalSorterMerge=20971520
event	24738295	release_after_refusal	ExternalSorter[1]	1	3059808	58606757	121713545	4	4	20971520		ExternalSorter=69808807;FinalHashAggregateStream=30933218;ExternalSorterMerge=20971520
event	24810609	refusal	ExternalSorter[0]	1	4729287	60221122	153103095	4	4	20971520	61865984	ExternalSorter=101198357;FinalHashAggregateStream=30933218;ExternalSorterMerge=20971520
event	24810848	release_after_refusal	ExternalSorter[0]	1	2858452	57362670	150244643	4	4	20971520		ExternalSorter=98339905;FinalHashAggregateStream=30933218;ExternalSorterMerge=20971520
event	24832102	refusal	ExternalSorter[1]	1	5592892	56379963	123160047	4	4	20971520	61865984	ExternalSorter=71255309;FinalHashAggregateStream=30933218;ExternalSorterMerge=20971520
event	24832458	release_after_refusal	ExternalSorter[1]	1	1077274	55302689	122082773	4	4	20971520		ExternalSorter=70178035;FinalHashAggregateStream=30933218;ExternalSorterMerge=20971520
event	24899575	refusal	ExternalSorter[0]	1	3971944	61440017	153912805	4	4	20971520	61865984	ExternalSorter=102008067;FinalHashAggregateStream=30933218;ExternalSorterMerge=20971520
event	24899759	release_after_refusal	ExternalSorter[0]	1	2479696	58960321	151433109	4	4	20971520		ExternalSorter=99528371;FinalHashAggregateStream=30933218;ExternalSorterMerge=20971520
event	24922994	refusal	ExternalSorter[1]	1	4836164	57618159	122124979	4	4	20971520	61865984	ExternalSorter=70220241;FinalHashAggregateStream=30933218;ExternalSorterMerge=20971520
event	24923250	release_after_refusal	ExternalSorter[1]	1	2796614	54821545	119328365	4	4	20971520		ExternalSorter=67423627;FinalHashAggregateStream=30933218;ExternalSorterMerge=20971520
event	24984406	refusal	ExternalSorter[0]	1	2985028	59673604	161336912	4	4	20971520	61865984	ExternalSorter=105760816;FinalHashAggregateStream=34604576;ExternalSorterMerge=20971520
event	24984714	release_after_refusal	ExternalSorter[0]	1	2329994	57343610	158268003	4	4	20971520		ExternalSorter=106363265;FinalHashAggregateStream=30933218;ExternalSorterMerge=20971520
event	25005904	refusal	ExternalSorter[1]	1	3848547	59192877	120740490	4	4	20971520	61865984	ExternalSorter=68835752;FinalHashAggregateStream=30933218;ExternalSorterMerge=20971520
event	25006151	release_after_refusal	ExternalSorter[1]	1	2647472	56545405	118093018	4	4	20971520		ExternalSorter=66188280;FinalHashAggregateStream=30933218;ExternalSorterMerge=20971520
event	25073764	refusal	ExternalSorter[0]	1	5964928	56683752	163156971	4	4	20971520	61865984	ExternalSorter=105482352;FinalHashAggregateStream=36703099;ExternalSorterMerge=20971520
event	25074023	release_after_refusal	ExternalSorter[0]	1	2065954	54617798	161091017	4	4	20971520		ExternalSorter=103416398;FinalHashAggregateStream=36703099;ExternalSorterMerge=20971520
event	25090776	refusal	ExternalSorter[1]	1	2633992	59518259	123581853	4	4	20971520	61865984	ExternalSorter=71677115;FinalHashAggregateStream=30933218;ExternalSorterMerge=20971520
event	25091176	release_after_refusal	ExternalSorter[1]	1	2268632	57249627	121313221	4	4	20971520		ExternalSorter=69408483;FinalHashAggregateStream=30933218;ExternalSorterMerge=20971520
event	25163949	refusal	ExternalSorter[0]	1	5208956	59014247	159081925	4	4	20971520	61865984	ExternalSorter=107177187;FinalHashAggregateStream=30933218;ExternalSorterMerge=20971520
event	25164260	release_after_refusal	ExternalSorter[0]	1	2982688	56031559	156099237	4	4	20971520		ExternalSorter=104194499;FinalHashAggregateStream=30933218;ExternalSorterMerge=20971520
event	25177165	refusal	ExternalSorter[1]	1	6563940	60602692	117716386	4	4	20971520	61865984	ExternalSorter=65811648;FinalHashAggregateStream=30933218;ExternalSorterMerge=20971520
event	25177304	release_after_refusal	ExternalSorter[1]	1	3527730	57074962	114188656	4	4	20971520		ExternalSorter=62283918;FinalHashAggregateStream=30933218;ExternalSorterMerge=20971520
event	25253375	refusal	ExternalSorter[0]	1	4452367	60257865	169247999	4	4	20971520	61865984	ExternalSorter=117343261;FinalHashAggregateStream=30933218;ExternalSorterMerge=20971520
event	25253607	release_after_refusal	ExternalSorter[0]	1	2604758	57653107	166643241	4	4	20971520		ExternalSorter=114738503;FinalHashAggregateStream=30933218;ExternalSorterMerge=20971520
event	25256307	refusal	ExternalSorter[1]	1	5351540	57085396	141402773	4	4	32747471	58921996	ExternalSorter=77722084;ExternalSorterMerge=32747471;FinalHashAggregateStream=30933218
event	25256483	release_after_refusal	ExternalSorter[1]	1	2921530	54163866	138186467	4	4	32452695		ExternalSorter=74800554;ExternalSorterMerge=32452695;FinalHashAggregateStream=30933218
event	25324474	refusal	ExternalSorter[1]	1	3680388	58899772	162583120	4	4	20971520	61865984	ExternalSorter=110678382;FinalHashAggregateStream=30933218;ExternalSorterMerge=20971520
event	25324612	release_after_refusal	ExternalSorter[1]	1	2085954	56813818	160497166	4	4	20971520		ExternalSorter=108592428;FinalHashAggregateStream=30933218;ExternalSorterMerge=20971520
event	25346943	refusal	ExternalSorter[0]	1	3695668	61490083	125124113	4	4	20971520	61865984	ExternalSorter=73219375;FinalHashAggregateStream=30933218;ExternalSorterMerge=20971520
event	25347317	release_after_refusal	ExternalSorter[0]	1	2226632	59263451	127948474	4	4	20971520		ExternalSorter=70992743;FinalHashAggregateStream=35984211;ExternalSorterMerge=20971520
event	25399849	refusal	ExternalSorter[1]	1	6432900	59303472	150859672	4	4	20971520	61865984	ExternalSorter=95284257;FinalHashAggregateStream=34603895;ExternalSorterMerge=20971520
event	25400196	release_after_refusal	ExternalSorter[1]	1	3462210	55841262	147397462	4	4	20971520		ExternalSorter=91822047;FinalHashAggregateStream=34603895;ExternalSorterMerge=20971520
event	25427128	refusal	ExternalSorter[0]	1	2480524	61719677	136537999	4	4	20971520	61865984	ExternalSorter=84633261;FinalHashAggregateStream=30933218;ExternalSorterMerge=20971520
event	25427439	release_after_refusal	ExternalSorter[0]	1	1848226	59871451	134689773	4	4	20971520		ExternalSorter=82785035;FinalHashAggregateStream=30933218;ExternalSorterMerge=20971520
event	25484073	refusal	ExternalSorter[1]	1	5220500	59576164	142053716	4	4	20971520	61865984	ExternalSorter=90148978;FinalHashAggregateStream=30933218;ExternalSorterMerge=20971520
event	25484210	release_after_refusal	ExternalSorter[1]	1	2856010	56720154	139197706	4	4	20971520		ExternalSorter=87292968;FinalHashAggregateStream=30933218;ExternalSorterMerge=20971520
event	25520750	refusal	ExternalSorter[0]	1	5917327	61265483	147933861	4	4	20971520	61865984	ExternalSorter=96029123;FinalHashAggregateStream=30933218;ExternalSorterMerge=20971520
event	25521232	release_after_refusal	ExternalSorter[0]	1	1813506	59451977	146120355	4	4	20971520		ExternalSorter=94215617;FinalHashAggregateStream=30933218;ExternalSorterMerge=20971520
event	25558567	refusal	ExternalSorter[1]	1	3778724	61007680	135076413	4	4	20971520	61865984	ExternalSorter=83171675;FinalHashAggregateStream=30933218;ExternalSorterMerge=20971520
event	25558733	release_after_refusal	ExternalSorter[1]	1	2135122	58872558	132941291	4	4	20971520		ExternalSorter=81036553;FinalHashAggregateStream=30933218;ExternalSorterMerge=20971520
event	25630892	refusal	ExternalSorter[1]	1	6531236	60483504	161048521	4	4	20971520	61865984	ExternalSorter=109143783;FinalHashAggregateStream=30933218;ExternalSorterMerge=20971520
event	25631122	release_after_refusal	ExternalSorter[1]	1	3511378	56972126	162587497	4	4	20971520		ExternalSorter=105632405;FinalHashAggregateStream=35983572;ExternalSorterMerge=20971520
event	25643639	refusal	ExternalSorter[0]	1	5882644	59737439	125321063	4	4	20971520	61865984	ExternalSorter=66268675;FinalHashAggregateStream=38080868;ExternalSorterMerge=20971520
event	25643829	release_after_refusal	ExternalSorter[0]	1	3187082	56550357	121746959	4	4	20971520		ExternalSorter=69842221;FinalHashAggregateStream=30933218;ExternalSorterMerge=20971520
event	25709780	refusal	ExternalSorter[1]	1	5318836	56660244	160724034	4	4	20971520	61865984	ExternalSorter=108819296;FinalHashAggregateStream=30933218;ExternalSorterMerge=20971520
event	25709906	release_after_refusal	ExternalSorter[1]	1	2905178	53755066	157818856	4	4	20971520		ExternalSorter=105914118;FinalHashAggregateStream=30933218;ExternalSorterMerge=20971520
event	25724574	refusal	ExternalSorter[0]	1	4670244	60811412	123583198	4	4	20971520	61865984	ExternalSorter=71678460;FinalHashAggregateStream=30933218;ExternalSorterMerge=20971520
event	25724786	release_after_refusal	ExternalSorter[0]	1	2580882	58230530	121002316	4	4	20971520		ExternalSorter=69097578;FinalHashAggregateStream=30933218;ExternalSorterMerge=20971520
event	25787522	refusal	ExternalSorter[0]	1	6964020	57024360	155781475	4	4	20971520	61865984	ExternalSorter=99073108;FinalHashAggregateStream=35736847;ExternalSorterMerge=20971520
event	25787692	release_after_refusal	ExternalSorter[0]	1	3039634	53984726	152741841	4	4	20971520		ExternalSorter=96033474;FinalHashAggregateStream=35736847;ExternalSorterMerge=20971520
event	25792966	refusal	ExternalSorterMerge[1]	0	4132864	214908928	267462165	2	4	225394688		ExternalSorterMerge=225394688;ExternalSorter=30737916;FinalHashAggregateStream=11329561
event	25845653	refusal	ExternalSorter[0]	1	3916596	20336644	257060884	2	4	225394688	21520384	ExternalSorterMerge=225394688;ExternalSorter=20336644;FinalHashAggregateStream=11329552
event	25845790	release_after_refusal	ExternalSorter[0]	1	2204058	18132586	254856826	2	4	225394688		ExternalSorterMerge=225394688;ExternalSorter=18132586;FinalHashAggregateStream=11329552
event	25873379	refusal	ExternalSorter[0]	1	4834100	17042640	253766889	2	4	225394688	21520384	ExternalSorterMerge=225394688;ExternalSorter=17042640;FinalHashAggregateStream=11329561
event	25873487	release_after_refusal	ExternalSorter[0]	1	2662810	14379830	251104079	2	4	225394688		ExternalSorterMerge=225394688;ExternalSorter=14379830;FinalHashAggregateStream=11329561
event	25898190	refusal	ExternalSorter[0]	1	5751604	20712656	257436905	2	4	225394688	21520384	ExternalSorterMerge=225394688;ExternalSorter=20712656;FinalHashAggregateStream=11329561
event	25898305	release_after_refusal	ExternalSorter[0]	1	3121562	17591094	254315343	2	4	225394688		ExternalSorterMerge=225394688;ExternalSorter=17591094;FinalHashAggregateStream=11329561
event	25916462	refusal	ExternalSorter[0]	1	6439732	17942940	254667189	2	4	225394688	21520384	ExternalSorterMerge=225394688;ExternalSorter=17942940;FinalHashAggregateStream=11329561
event	25916572	release_after_refusal	ExternalSorter[0]	1	3465626	14477314	251201563	2	4	225394688		ExternalSorterMerge=225394688;ExternalSorter=14477314;FinalHashAggregateStream=11329561
event	25934361	refusal	ExternalSorter[0]	1	2933572	20007340	256731589	2	4	225394688	21520384	ExternalSorterMerge=225394688;ExternalSorter=20007340;FinalHashAggregateStream=11329561
event	25934479	release_after_refusal	ExternalSorter[0]	1	3809698	16197642	252921891	2	4	225394688		ExternalSorterMerge=225394688;ExternalSorter=16197642;FinalHashAggregateStream=11329561
event	25973155	refusal	ExternalSorter[0]	1	4309828	21042072	257766321	2	4	225394688	21520384	ExternalSorterMerge=225394688;ExternalSorter=21042072;FinalHashAggregateStream=11329561
event	25973270	release_after_refusal	ExternalSorter[0]	1	2400674	18641398	255365647	2	4	225394688		ExternalSorterMerge=225394688;ExternalSorter=18641398;FinalHashAggregateStream=11329561
event	25997510	refusal	ExternalSorter[0]	1	5227332	18615568	255339817	2	4	225394688	21520384	ExternalSorterMerge=225394688;ExternalSorter=18615568;FinalHashAggregateStream=11329561
event	25997628	release_after_refusal	ExternalSorter[0]	1	2859426	15756142	252480391	2	4	225394688		ExternalSorterMerge=225394688;ExternalSorter=15756142;FinalHashAggregateStream=11329561
event	26016070	refusal	ExternalSorter[0]	1	5915460	16370124	253094373	2	4	225394688	21520384	ExternalSorterMerge=225394688;ExternalSorter=16370124;FinalHashAggregateStream=11329561
event	26016176	release_after_refusal	ExternalSorter[0]	1	3203490	13166634	249890883	2	4	225394688		ExternalSorterMerge=225394688;ExternalSorter=13166634;FinalHashAggregateStream=11329561
event	26035147	refusal	ExternalSorter[0]	1	6603588	18434508	255158757	2	4	225394688	21520384	ExternalSorterMerge=225394688;ExternalSorter=18434508;FinalHashAggregateStream=11329561
event	26035248	release_after_refusal	ExternalSorter[0]	1	3547554	14886954	251611203	2	4	225394688		ExternalSorterMerge=225394688;ExternalSorter=14886954;FinalHashAggregateStream=11329561
event	26060697	refusal	ExternalSorter[0]	1	3326804	19402048	256126297	2	4	225394688	21520384	ExternalSorterMerge=225394688;ExternalSorter=19402048;FinalHashAggregateStream=11329561
event	26060837	release_after_refusal	ExternalSorter[0]	1	1909162	17492886	254217135	2	4	225394688		ExternalSorterMerge=225394688;ExternalSorter=17492886;FinalHashAggregateStream=11329561
event	26092496	refusal	ExternalSorter[0]	1	4473684	18927780	255652029	2	4	225394688	21520384	ExternalSorterMerge=225394688;ExternalSorter=18927780;FinalHashAggregateStream=11329561
event	26092644	release_after_refusal	ExternalSorter[0]	1	2482602	16445178	253169427	2	4	225394688		ExternalSorterMerge=225394688;ExternalSorter=16445178;FinalHashAggregateStream=11329561
event	26117252	refusal	ExternalSorter[0]	1	5391188	19270992	255995241	2	4	225394688	21520384	ExternalSorterMerge=225394688;ExternalSorter=19270992;FinalHashAggregateStream=11329561
event	26117406	release_after_refusal	ExternalSorter[0]	1	2941354	16329638	253053887	2	4	225394688		ExternalSorterMerge=225394688;ExternalSorter=16329638;FinalHashAggregateStream=11329561
event	26136027	refusal	ExternalSorter[0]	1	6079316	16861692	253585941	2	4	225394688	21520384	ExternalSorterMerge=225394688;ExternalSorter=16861692;FinalHashAggregateStream=11329561
event	26136132	release_after_refusal	ExternalSorter[0]	1	3285418	13576274	250300523	2	4	225394688		ExternalSorterMerge=225394688;ExternalSorter=13576274;FinalHashAggregateStream=11329561
event	26156326	refusal	ExternalSorter[0]	1	6767460	18926076	255650325	2	4	225394688	21520384	ExternalSorterMerge=225394688;ExternalSorter=18926076;FinalHashAggregateStream=11329561
event	26156432	release_after_refusal	ExternalSorter[0]	1	3629482	15296594	252020843	2	4	225394688		ExternalSorterMerge=225394688;ExternalSorter=15296594;FinalHashAggregateStream=11329561
event	26185864	refusal	ExternalSorter[0]	1	3720036	19353844	256078093	2	4	225394688	21520384	ExternalSorterMerge=225394688;ExternalSorter=19353844;FinalHashAggregateStream=11329561
event	26186021	release_after_refusal	ExternalSorter[0]	1	2105778	17248066	253972315	2	4	225394688		ExternalSorterMerge=225394688;ExternalSorter=17248066;FinalHashAggregateStream=11329561
event	26215766	refusal	ExternalSorter[0]	1	4866916	20893940	257618189	2	4	225394688	21520384	ExternalSorterMerge=225394688;ExternalSorter=20893940;FinalHashAggregateStream=11329561
event	26215882	release_after_refusal	ExternalSorter[0]	1	2679218	18214722	254938971	2	4	225394688		ExternalSorterMerge=225394688;ExternalSorter=18214722;FinalHashAggregateStream=11329561
event	26240688	refusal	ExternalSorter[0]	1	5784420	20843920	257568169	2	4	225394688	21520384	ExternalSorterMerge=225394688;ExternalSorter=20843920;FinalHashAggregateStream=11329561
event	26240826	release_after_refusal	ExternalSorter[0]	1	3137970	17705950	254430199	2	4	225394688		ExternalSorterMerge=225394688;ExternalSorter=17705950;FinalHashAggregateStream=11329561
event	26258894	refusal	ExternalSorter[0]	1	6472548	18041388	254765637	2	4	225394688	21520384	ExternalSorterMerge=225394688;ExternalSorter=18041388;FinalHashAggregateStream=11329561
event	26258998	release_after_refusal	ExternalSorter[0]	1	3482034	14559354	251283603	2	4	225394688		ExternalSorterMerge=225394688;ExternalSorter=14559354;FinalHashAggregateStream=11329561
event	26326164	refusal	ExternalSorterMerge[0]	0	4132864	49594368	264503296	0	4	264503296		ExternalSorterMerge=264503296
event	26333326	release_after_refusal	ExternalSorterMerge[1]	0	204423168	10485760	60080128	0	4	60080128		ExternalSorterMerge=60080128
event	26333352	refusal	ExternalSorterMerge[1]	0	4132864	214908928	264503296	0	4	264503296		ExternalSorterMerge=264503296
event	26447720	release_after_refusal	ExternalSorterMerge[0]	0	39108608	10485760	225394688	0	4	225394688		ExternalSorterMerge=225394688
event	26447740	refusal	ExternalSorterMerge[0]	0	4132864	49594368	264503296	0	4	264503296		ExternalSorterMerge=264503296
event	26560329	release_after_refusal	ExternalSorterMerge[0]	0	39108608	10485760	225394688	0	4	225394688		ExternalSorterMerge=225394688
event	26560349	refusal	ExternalSorterMerge[0]	0	4132864	49594368	264503296	0	4	264503296		ExternalSorterMerge=264503296
event	26675937	release_after_refusal	ExternalSorterMerge[0]	0	39108608	10485760	225394688	0	4	225394688		ExternalSorterMerge=225394688
event	26675958	refusal	ExternalSorterMerge[0]	0	4132864	49594368	264503296	0	4	264503296		ExternalSorterMerge=264503296
event	26784798	release_after_refusal	ExternalSorterMerge[0]	0	39108608	10485760	225394688	0	4	225394688		ExternalSorterMerge=225394688
event	26784819	refusal	ExternalSorterMerge[0]	0	4132864	49594368	264503296	0	4	264503296		ExternalSorterMerge=264503296
event	26857183	release_after_refusal	ExternalSorterMerge[1]	0	204423168	10485760	60080128	0	4	60080128		ExternalSorterMerge=60080128
event	26894832	release_after_refusal	ExternalSorterMerge[0]	0	39108608	10485760	25138712	0	4	25138712		ExternalSorterMerge=22884352;SortPreservingMergeExec=2254360
event	26894854	refusal	ExternalSorterMerge[0]	0	4132864	252104704	266757656	0	4	266757656		ExternalSorterMerge=264503296;SortPreservingMergeExec=2254360
event	27724573	release_after_refusal	ExternalSorterMerge[0]	0	241618944	10485760	25138712	0	4	25138712		ExternalSorterMerge=22884352;SortPreservingMergeExec=2254360
