#pool	name	limit	peak_reserved	refusals	events_dropped
pool	fair	134217728	124141749	796	0
#class	class	consumers	can_spill	w_sum_of_peaks	w_largest_peak	w_class_peak	refusals	refused_bytes	w_refusals_then_release	w_consumers_ending_refused
class	DataFusion-Cli	1	0	5509	5509	5509	0	0	0	0
class	OrderedFinalAggregateStream	2	2	115949568	57974784	86962176	26	135844040	26	0
class	OrderedPartialAggregateStream	300	300	148179537	3271216	8922723	248	318391387	0	0
class	RepartitionExec	2	2	8839366	4631485	8839366	522	133373279	22	0
class	RepartitionExec[Merge]	2	0	110827545	56852809	110827545	0	0	0	0
class	SortPreservingMergeExec	1	0	15666494	15666494	15666494	0	0	0	0
#event	micros	kind	consumer	can_spill	bytes	w_held	reserved	w_registered_spillable	w_registered_unspillable	w_unspillable_bytes	w_fair_quota	w_top_classes
event	17468	refusal	OrderedPartialAggregateStream[181]	1	916993	0	0	304	4	0	441505	
event	19833	refusal	OrderedPartialAggregateStream[182]	1	934849	0	387562	303	4	0	442962	RepartitionExec=387562
event	20401	refusal	OrderedPartialAggregateStream[179]	1	902287	0	789430	303	4	0	442962	RepartitionExec=788606;OrderedPartialAggregateStream=824
event	20523	refusal	OrderedPartialAggregateStream[168]	1	909685	0	788606	302	4	0	444429	RepartitionExec=788606
event	20826	refusal	RepartitionExec[0]	1	190972	394303	790254	302	4	0	444429	RepartitionExec=788606;OrderedPartialAggregateStream=1648
event	20879	refusal	RepartitionExec[0]	1	188163	394303	790254	302	4	0	444429	RepartitionExec=788606;OrderedPartialAggregateStream=1648
event	21189	refusal	OrderedPartialAggregateStream[155]	1	892873	0	790254	302	4	0	444429	RepartitionExec=788606;OrderedPartialAggregateStream=1648
event	21202	refusal	OrderedPartialAggregateStream[225]	1	986185	0	790254	302	4	0	444429	RepartitionExec=788606;OrderedPartialAggregateStream=1648
event	21213	refusal	OrderedPartialAggregateStream[198]	1	921178	0	790254	302	4	0	444429	RepartitionExec=788606;OrderedPartialAggregateStream=1648
event	21277	refusal	OrderedPartialAggregateStream[183]	1	914833	0	790254	302	4	0	444429	RepartitionExec=788606;OrderedPartialAggregateStream=1648
event	21491	refusal	RepartitionExec[0]	1	219964	394303	791078	302	4	0	444429	RepartitionExec=788606;OrderedPartialAggregateStream=2472
event	21627	refusal	OrderedPartialAggregateStream[216]	1	958177	0	791902	302	4	0	444429	RepartitionExec=788606;OrderedPartialAggregateStream=3296
event	21630	refusal	RepartitionExec[0]	1	184567	394303	791902	302	4	0	444429	RepartitionExec=788606;OrderedPartialAggregateStream=3296
event	21698	refusal	RepartitionExec[0]	1	195355	394303	793550	302	4	0	444429	RepartitionExec=788606;OrderedPartialAggregateStream=4944
event	21729	refusal	RepartitionExec[0]	1	192882	394303	793550	302	4	0	444429	RepartitionExec=788606;OrderedPartialAggregateStream=4944
event	21783	refusal	OrderedPartialAggregateStream[230]	1	1010476	0	793550	302	4	0	444429	RepartitionExec=788606;OrderedPartialAggregateStream=4944
event	22036	refusal	RepartitionExec[0]	1	209400	394303	794374	302	4	0	444429	RepartitionExec=788606;OrderedPartialAggregateStream=5768
event	22322	refusal	RepartitionExec[0]	1	229178	394303	795198	302	4	0	444429	RepartitionExec=788606;OrderedPartialAggregateStream=6592
event	23596	refusal	OrderedPartialAggregateStream[259]	1	1078865	0	795198	302	4	0	444429	RepartitionExec=788606;OrderedPartialAggregateStream=6592
event	23751	refusal	OrderedPartialAggregateStream[7]	1	1855298	0	795198	302	4	0	444429	RepartitionExec=788606;OrderedPartialAggregateStream=6592
event	23959	refusal	RepartitionExec[0]	1	244237	394303	796022	302	4	0	444429	RepartitionExec=788606;OrderedPartialAggregateStream=7416
event	25153	refusal	OrderedPartialAggregateStream[268]	1	1646687	0	796022	302	4	0	444429	RepartitionExec=788606;OrderedPartialAggregateStream=7416
event	25562	refusal	OrderedPartialAggregateStream[7]	1	519240	0	796022	302	4	0	444429	RepartitionExec=788606;OrderedPartialAggregateStream=7416
event	25605	refusal	OrderedPartialAggregateStream[159]	1	884521	0	796846	302	4	0	444429	RepartitionExec=788606;OrderedPartialAggregateStream=8240
event	25656	refusal	RepartitionExec[0]	1	394837	394303	796846	302	4	0	444429	RepartitionExec=788606;OrderedPartialAggregateStream=8240
event	25768	refusal	OrderedPartialAggregateStream[268]	1	519112	0	796846	302	4	0	444429	RepartitionExec=788606;OrderedPartialAggregateStream=8240
event	25809	refusal	RepartitionExec[0]	1	181419	394303	798494	302	4	0	444429	RepartitionExec=788606;OrderedPartialAggregateStream=9888
event	25815	refusal	RepartitionExec[0]	1	315725	394303	798494	302	4	0	444429	RepartitionExec=788606;OrderedPartialAggregateStream=9888
event	25822	refusal	OrderedPartialAggregateStream[166]	1	891838	0	798494	302	4	0	444429	RepartitionExec=788606;OrderedPartialAggregateStream=9888
event	25954	refusal	OrderedPartialAggregateStream[160]	1	906499	0	798494	302	4	0	444429	RepartitionExec=788606;OrderedPartialAggregateStream=9888
event	26051	refusal	RepartitionExec[0]	1	184228	394303	799318	302	4	0	444429	RepartitionExec=788606;OrderedPartialAggregateStream=10712
event	26264	refusal	RepartitionExec[0]	1	189849	394303	800142	302	4	0	444429	RepartitionExec=788606;OrderedPartialAggregateStream=11536
event	26642	refusal	OrderedPartialAggregateStream[6]	1	2025290	0	800142	302	4	0	444429	RepartitionExec=788606;OrderedPartialAggregateStream=11536
event	26705	refusal	OrderedPartialAggregateStream[163]	1	898633	0	800142	302	4	0	444429	RepartitionExec=788606;OrderedPartialAggregateStream=11536
event	26919	refusal	RepartitionExec[0]	1	186813	394303	800966	302	4	0	444429	RepartitionExec=788606;OrderedPartialAggregateStream=12360
event	27233	refusal	OrderedPartialAggregateStream[6]	1	519368	0	800966	302	4	0	444429	RepartitionExec=788606;OrderedPartialAggregateStream=12360
event	27290	refusal	RepartitionExec[0]	1	459338	394303	801790	302	4	0	444429	RepartitionExec=788606;OrderedPartialAggregateStream=13184
event	40568	refusal	RepartitionExec[1]	1	190972	394303	801790	302	4	0	444429	RepartitionExec=788606;OrderedPartialAggregateStream=13184
event	40606	refusal	RepartitionExec[1]	1	188163	394303	801790	302	4	0	444429	RepartitionExec=788606;OrderedPartialAggregateStream=13184
event	40611	refusal	RepartitionExec[1]	1	219964	394303	801790	302	4	0	444429	RepartitionExec=788606;OrderedPartialAggregateStream=13184
event	40632	refusal	RepartitionExec[1]	1	184567	394303	801790	302	4	0	444429	RepartitionExec=788606;OrderedPartialAggregateStream=13184
event	40666	refusal	RepartitionExec[1]	1	195355	394303	801790	302	4	0	444429	RepartitionExec=788606;OrderedPartialAggregateStream=13184
event	40686	refusal	RepartitionExec[1]	1	192882	394303	801790	302	4	0	444429	RepartitionExec=788606;OrderedPartialAggregateStream=13184
event	40705	refusal	RepartitionExec[1]	1	209400	394303	801790	302	4	0	444429	RepartitionExec=788606;OrderedPartialAggregateStream=13184
event	40763	refusal	RepartitionExec[1]	1	229178	394303	801790	302	4	0	444429	RepartitionExec=788606;OrderedPartialAggregateStream=13184
event	40836	refusal	RepartitionExec[1]	1	181419	394303	800966	301	4	0	445906	RepartitionExec=788606;OrderedPartialAggregateStream=12360
event	40860	refusal	RepartitionExec[1]	1	394837	394303	800966	301	4	0	445906	RepartitionExec=788606;OrderedPartialAggregateStream=12360
event	40873	refusal	RepartitionExec[1]	1	189849	394303	800966	301	4	0	445906	RepartitionExec=788606;OrderedPartialAggregateStream=12360
event	40879	refusal	RepartitionExec[1]	1	315725	394303	800966	301	4	0	445906	RepartitionExec=788606;OrderedPartialAggregateStream=12360
event	40894	refusal	RepartitionExec[1]	1	184228	394303	800966	301	4	0	445906	RepartitionExec=788606;OrderedPartialAggregateStream=12360
event	40943	refusal	RepartitionExec[1]	1	186813	394303	800966	301	4	0	445906	RepartitionExec=788606;OrderedPartialAggregateStream=12360
event	41006	refusal	RepartitionExec[1]	1	459338	394303	800966	301	4	0	445906	RepartitionExec=788606;OrderedPartialAggregateStream=12360
event	41024	refusal	RepartitionExec[1]	1	244237	394303	800142	300	4	0	447392	RepartitionExec=788606;OrderedPartialAggregateStream=11536
event	42120	refusal	OrderedPartialAggregateStream[171]	1	893323	0	791078	289	4	0	464421	RepartitionExec=788606;OrderedPartialAggregateStream=2472
event	42362	refusal	RepartitionExec[0]	1	184791	394303	791902	289	4	0	464421	RepartitionExec=788606;OrderedPartialAggregateStream=3296
event	42487	refusal	RepartitionExec[1]	1	184791	394303	791902	289	4	0	464421	RepartitionExec=788606;OrderedPartialAggregateStream=3296
event	42502	refusal	OrderedPartialAggregateStream[180]	1	908344	0	791902	289	4	0	464421	RepartitionExec=788606;OrderedPartialAggregateStream=3296
event	42622	refusal	OrderedPartialAggregateStream[184]	1	907093	0	791902	289	4	0	464421	RepartitionExec=788606;OrderedPartialAggregateStream=3296
event	42731	refusal	OrderedPartialAggregateStream[162]	1	900739	0	789430	287	4	0	467657	RepartitionExec=788606;OrderedPartialAggregateStream=824
event	42835	refusal	RepartitionExec[0]	1	190521	394303	790254	286	4	0	469292	RepartitionExec=788606;OrderedPartialAggregateStream=1648
event	42892	refusal	RepartitionExec[0]	1	190073	394303	791078	286	4	0	469292	RepartitionExec=788606;OrderedPartialAggregateStream=2472
event	42920	refusal	OrderedPartialAggregateStream[217]	1	937342	0	791078	286	4	0	469292	RepartitionExec=788606;OrderedPartialAggregateStream=2472
event	42989	refusal	RepartitionExec[1]	1	190521	394303	791078	286	4	0	469292	RepartitionExec=788606;OrderedPartialAggregateStream=2472
event	43013	refusal	OrderedPartialAggregateStream[165]	1	896905	0	791902	286	4	0	469292	RepartitionExec=788606;OrderedPartialAggregateStream=3296
event	43017	refusal	OrderedPartialAggregateStream[154]	1	900091	0	791902	286	4	0	469292	RepartitionExec=788606;OrderedPartialAggregateStream=3296
event	43018	refusal	RepartitionExec[1]	1	190073	394303	791902	286	4	0	469292	RepartitionExec=788606;OrderedPartialAggregateStream=3296
event	43047	refusal	RepartitionExec[0]	1	187600	394303	791902	286	4	0	469292	RepartitionExec=788606;OrderedPartialAggregateStream=3296
event	43158	refusal	OrderedPartialAggregateStream[194]	1	918199	0	790254	284	4	0	472597	RepartitionExec=788606;OrderedPartialAggregateStream=1648
event	43212	refusal	RepartitionExec[1]	1	187600	394303	791078	284	4	0	472597	RepartitionExec=788606;OrderedPartialAggregateStream=2472
event	43239	refusal	OrderedPartialAggregateStream[164]	1	904546	0	791078	284	4	0	472597	RepartitionExec=788606;OrderedPartialAggregateStream=2472
event	43248	refusal	OrderedPartialAggregateStream[161]	1	912637	0	791078	284	4	0	472597	RepartitionExec=788606;OrderedPartialAggregateStream=2472
event	43263	refusal	RepartitionExec[0]	1	201421	394303	791078	284	4	0	472597	RepartitionExec=788606;OrderedPartialAggregateStream=2472
event	43335	refusal	RepartitionExec[0]	1	186138	394303	792726	284	4	0	472597	RepartitionExec=788606;OrderedPartialAggregateStream=4120
event	43351	refusal	OrderedPartialAggregateStream[189]	1	911665	0	792726	284	4	0	472597	RepartitionExec=788606;OrderedPartialAggregateStream=4120
event	43362	refusal	RepartitionExec[0]	1	187376	394303	792726	284	4	0	472597	RepartitionExec=788606;OrderedPartialAggregateStream=4120
event	43379	refusal	OrderedPartialAggregateStream[188]	1	918748	0	792726	284	4	0	472597	RepartitionExec=788606;OrderedPartialAggregateStream=4120
event	43436	refusal	OrderedPartialAggregateStream[226]	1	976510	0	791902	283	4	0	474267	RepartitionExec=788606;OrderedPartialAggregateStream=3296
event	43448	refusal	OrderedPartialAggregateStream[48]	1	1067534	0	1052454	283	4	0	474267	RepartitionExec=788606;OrderedPartialAggregateStream=3296
event	43455	refusal	RepartitionExec[1]	1	201421	394303	1052454	283	4	0	474267	RepartitionExec=788606;OrderedPartialAggregateStream=3296
event	43502	refusal	RepartitionExec[0]	1	194229	394303	792726	283	4	0	474267	RepartitionExec=788606;OrderedPartialAggregateStream=4120
event	43548	refusal	RepartitionExec[1]	1	186138	394303	792726	283	4	0	474267	RepartitionExec=788606;OrderedPartialAggregateStream=4120
event	43562	refusal	RepartitionExec[1]	1	187376	394303	792726	283	4	0	474267	RepartitionExec=788606;OrderedPartialAggregateStream=4120
event	43629	refusal	RepartitionExec[1]	1	194229	394303	791902	282	4	0	475949	RepartitionExec=788606;OrderedPartialAggregateStream=3296
event	43681	refusal	RepartitionExec[0]	1	191759	394303	793550	282	4	0	475949	RepartitionExec=788606;OrderedPartialAggregateStream=4944
event	43743	refusal	RepartitionExec[0]	1	189062	394303	794374	281	4	0	477643	RepartitionExec=788606;OrderedPartialAggregateStream=5768
event	43757	refusal	RepartitionExec[0]	1	192095	394303	794374	281	4	0	477643	RepartitionExec=788606;OrderedPartialAggregateStream=5768
event	43783	refusal	RepartitionExec[0]	1	194456	394303	793550	280	4	0	479349	RepartitionExec=788606;OrderedPartialAggregateStream=4944
event	43787	refusal	OrderedPartialAggregateStream[185]	1	918586	0	792726	279	4	0	481067	RepartitionExec=788606;OrderedPartialAggregateStream=4120
event	43831	refusal	RepartitionExec[1]	1	191759	394303	793550	279	4	0	481067	RepartitionExec=788606;OrderedPartialAggregateStream=4944
event	43902	refusal	RepartitionExec[0]	1	239966	394303	793550	279	4	0	481067	RepartitionExec=788606;OrderedPartialAggregateStream=4944
event	43916	refusal	RepartitionExec[1]	1	189062	394303	793550	279	4	0	481067	RepartitionExec=788606;OrderedPartialAggregateStream=4944
event	43947	refusal	RepartitionExec[1]	1	192095	394303	793550	279	4	0	481067	RepartitionExec=788606;OrderedPartialAggregateStream=4944
event	43978	refusal	RepartitionExec[1]	1	194456	394303	1053278	279	4	0	481067	RepartitionExec=788606;OrderedPartialAggregateStream=4944
event	43983	refusal	OrderedPartialAggregateStream[223]	1	1000090	0	1054102	279	4	0	481067	RepartitionExec=788606;OrderedPartialAggregateStream=5768
event	44046	refusal	RepartitionExec[0]	1	216368	394303	794374	279	4	0	481067	RepartitionExec=788606;OrderedPartialAggregateStream=6592
event	44062	refusal	RepartitionExec[0]	1	194344	394303	794374	279	4	0	481067	RepartitionExec=788606;OrderedPartialAggregateStream=6592
event	44092	refusal	RepartitionExec[1]	1	239966	394303	794374	279	4	0	481067	RepartitionExec=788606;OrderedPartialAggregateStream=6592
event	44121	refusal	OrderedPartialAggregateStream[174]	1	904915	0	792726	278	4	0	482797	RepartitionExec=788606;OrderedPartialAggregateStream=5768
event	44230	refusal	RepartitionExec[1]	1	216368	394303	791078	275	4	0	488064	RepartitionExec=788606;OrderedPartialAggregateStream=3296
event	44261	refusal	RepartitionExec[1]	1	194344	394303	791078	275	4	0	488064	RepartitionExec=788606;OrderedPartialAggregateStream=3296
event	44374	refusal	RepartitionExec[0]	1	225246	394303	791078	274	4	0	489845	RepartitionExec=788606;OrderedPartialAggregateStream=3296
event	44460	refusal	RepartitionExec[0]	1	189174	394303	790254	272	4	0	493447	RepartitionExec=788606;OrderedPartialAggregateStream=2472
event	44553	refusal	RepartitionExec[1]	1	225246	394303	790254	272	4	0	493447	RepartitionExec=788606;OrderedPartialAggregateStream=2472
event	44615	refusal	RepartitionExec[1]	1	189174	394303	790254	272	4	0	493447	RepartitionExec=788606;OrderedPartialAggregateStream=2472
event	44691	refusal	OrderedPartialAggregateStream[195]	1	897706	0	790254	272	4	0	493447	RepartitionExec=788606;OrderedPartialAggregateStream=2472
event	44800	refusal	OrderedPartialAggregateStream[218]	1	948286	0	789430	271	4	0	495268	RepartitionExec=788606;OrderedPartialAggregateStream=1648
event	44859	refusal	OrderedPartialAggregateStream[156]	1	892099	0	788606	270	4	0	497102	RepartitionExec=788606;OrderedPartialAggregateStream=824
event	44886	refusal	OrderedPartialAggregateStream[209]	1	954361	0	788606	270	4	0	497102	RepartitionExec=788606;OrderedPartialAggregateStream=824
event	44966	refusal	OrderedPartialAggregateStream[231]	1	971650	0	788606	270	4	0	497102	RepartitionExec=788606;OrderedPartialAggregateStream=824
event	45033	refusal	RepartitionExec[0]	1	186477	394303	789430	270	4	0	497102	RepartitionExec=788606;OrderedPartialAggregateStream=1648
event	45146	refusal	RepartitionExec[0]	1	205580	394303	791078	270	4	0	497102	RepartitionExec=788606;OrderedPartialAggregateStream=3296
event	45171	refusal	OrderedPartialAggregateStream[206]	1	961759	0	791078	270	4	0	497102	RepartitionExec=788606;OrderedPartialAggregateStream=3296
event	45175	refusal	RepartitionExec[0]	1	184340	394303	791902	270	4	0	497102	RepartitionExec=788606;OrderedPartialAggregateStream=4120
event	45210	refusal	RepartitionExec[1]	1	186477	394303	791902	270	4	0	497102	RepartitionExec=788606;OrderedPartialAggregateStream=4120
event	45212	refusal	RepartitionExec[0]	1	207941	394303	791902	270	4	0	497102	RepartitionExec=788606;OrderedPartialAggregateStream=4120
event	45336	refusal	RepartitionExec[1]	1	205580	394303	791902	269	4	0	498950	RepartitionExec=788606;OrderedPartialAggregateStream=3296
event	45344	refusal	RepartitionExec[1]	1	184340	394303	791902	269	4	0	498950	RepartitionExec=788606;OrderedPartialAggregateStream=3296
event	45372	refusal	OrderedPartialAggregateStream[213]	1	984673	0	792726	269	4	0	498950	RepartitionExec=788606;OrderedPartialAggregateStream=4120
event	45372	refusal	OrderedPartialAggregateStream[221]	1	1051091	0	792726	269	4	0	498950	RepartitionExec=788606;OrderedPartialAggregateStream=4120
event	45400	refusal	RepartitionExec[0]	1	214458	394303	791902	268	4	0	500812	RepartitionExec=788606;OrderedPartialAggregateStream=3296
event	45518	refusal	RepartitionExec[0]	1	210750	394303	791902	267	4	0	502688	RepartitionExec=788606;OrderedPartialAggregateStream=3296
event	45545	refusal	RepartitionExec[1]	1	207941	394303	791902	267	4	0	502688	RepartitionExec=788606;OrderedPartialAggregateStream=3296
event	45612	refusal	OrderedPartialAggregateStream[227]	1	969337	0	791078	266	4	0	504577	RepartitionExec=788606;OrderedPartialAggregateStream=2472
event	45625	refusal	RepartitionExec[1]	1	214458	394303	791078	266	4	0	504577	RepartitionExec=788606;OrderedPartialAggregateStream=2472
event	45644	refusal	OrderedPartialAggregateStream[214]	1	978085	0	791078	266	4	0	504577	RepartitionExec=788606;OrderedPartialAggregateStream=2472
event	45701	refusal	RepartitionExec[1]	1	210750	394303	791902	266	4	0	504577	RepartitionExec=788606;OrderedPartialAggregateStream=3296
event	45707	refusal	RepartitionExec[0]	1	219401	394303	791902	266	4	0	504577	RepartitionExec=788606;OrderedPartialAggregateStream=3296
event	45712	refusal	OrderedPartialAggregateStream[186]	1	932851	0	791902	266	4	0	504577	RepartitionExec=788606;OrderedPartialAggregateStream=3296
event	45844	refusal	OrderedPartialAggregateStream[175]	1	908686	0	791078	264	4	0	508400	RepartitionExec=788606;OrderedPartialAggregateStream=2472
event	45878	refusal	RepartitionExec[0]	1	233673	394303	790254	263	4	0	510333	RepartitionExec=788606;OrderedPartialAggregateStream=1648
event	45895	refusal	RepartitionExec[1]	1	219401	394303	790254	263	4	0	510333	RepartitionExec=788606;OrderedPartialAggregateStream=1648
event	45971	refusal	RepartitionExec[0]	1	213559	394303	791078	263	4	0	510333	RepartitionExec=788606;OrderedPartialAggregateStream=2472
event	46007	refusal	OrderedPartialAggregateStream[200]	1	934957	0	791902	263	4	0	510333	RepartitionExec=788606;OrderedPartialAggregateStream=3296
event	46037	refusal	OrderedPartialAggregateStream[49]	1	1602623	0	792726	263	4	0	510333	RepartitionExec=788606;OrderedPartialAggregateStream=4120
event	46051	refusal	RepartitionExec[0]	1	199738	394303	792726	263	4	0	510333	RepartitionExec=788606;OrderedPartialAggregateStream=4120
event	46113	refusal	RepartitionExec[1]	1	233673	394303	792726	263	4	0	510333	RepartitionExec=788606;OrderedPartialAggregateStream=4120
event	46128	refusal	RepartitionExec[0]	1	216931	394303	792726	263	4	0	510333	RepartitionExec=788606;OrderedPartialAggregateStream=4120
event	46128	refusal	OrderedPartialAggregateStream[274]	1	1689482	0	792726	263	4	0	510333	RepartitionExec=788606;OrderedPartialAggregateStream=4120
event	46159	refusal	OrderedPartialAggregateStream[167]	1	902863	0	792726	263	4	0	510333	RepartitionExec=788606;OrderedPartialAggregateStream=4120
event	46200	refusal	RepartitionExec[1]	1	213559	394303	791902	262	4	0	512281	RepartitionExec=788606;OrderedPartialAggregateStream=3296
event	46256	refusal	RepartitionExec[1]	1	199738	394303	791902	262	4	0	512281	RepartitionExec=788606;OrderedPartialAggregateStream=3296
event	46377	refusal	OrderedPartialAggregateStream[196]	1	910963	0	1053278	262	4	0	512281	RepartitionExec=788606;OrderedPartialAggregateStream=4120
event	46435	refusal	RepartitionExec[0]	1	200522	394303	793550	262	4	0	512281	RepartitionExec=788606;OrderedPartialAggregateStream=4944
event	46488	refusal	RepartitionExec[1]	1	216931	394303	791902	262	4	0	512281	RepartitionExec=788606;OrderedPartialAggregateStream=4944
event	46501	refusal	RepartitionExec[0]	1	190633	394303	791902	262	4	0	512281	RepartitionExec=788606;OrderedPartialAggregateStream=4944
event	46526	refusal	OrderedPartialAggregateStream[157]	1	900253	0	791902	260	4	0	516222	RepartitionExec=788606;OrderedPartialAggregateStream=3296
event	46653	refusal	RepartitionExec[1]	1	200522	394303	791078	259	4	0	518215	RepartitionExec=788606;OrderedPartialAggregateStream=2472
event	46682	refusal	RepartitionExec[1]	1	190633	394303	791078	259	4	0	518215	RepartitionExec=788606;OrderedPartialAggregateStream=2472
event	46746	refusal	OrderedPartialAggregateStream[220]	1	987382	0	1311014	258	4	0	520223	RepartitionExec=788606;OrderedPartialAggregateStream=522408
event	46750	refusal	RepartitionExec[0]	1	188387	394303	792726	258	4	0	520223	RepartitionExec=788606;OrderedPartialAggregateStream=4120
event	46759	refusal	RepartitionExec[0]	1	191420	394303	792726	258	4	0	520223	RepartitionExec=788606;OrderedPartialAggregateStream=4120
event	46810	refusal	RepartitionExec[0]	1	299092	394303	793550	258	4	0	520223	RepartitionExec=788606;OrderedPartialAggregateStream=4944
event	46835	refusal	RepartitionExec[0]	1	187376	394303	793550	258	4	0	520223	RepartitionExec=788606;OrderedPartialAggregateStream=4944
event	46911	refusal	RepartitionExec[0]	1	332019	394303	904902	256	4	112176	523849	RepartitionExec=788606;RepartitionExec[Merge]=112176;OrderedPartialAggregateStream=4120
event	46952	refusal	RepartitionExec[1]	1	188387	394303	904902	256	4	112176	523849	RepartitionExec=788606;RepartitionExec[Merge]=112176;OrderedPartialAggregateStream=4120
event	46956	refusal	OrderedPartialAggregateStream[203]	1	949285	0	904902	256	4	112176	523849	RepartitionExec=788606;RepartitionExec[Merge]=112176;OrderedPartialAggregateStream=4120
event	46982	refusal	OrderedPartialAggregateStream[190]	1	892108	0	904902	256	4	112176	523849	RepartitionExec=788606;RepartitionExec[Merge]=112176;OrderedPartialAggregateStream=4120
event	47014	refusal	RepartitionExec[1]	1	191420	394303	904902	256	4	112176	523849	RepartitionExec=788606;RepartitionExec[Merge]=112176;OrderedPartialAggregateStream=4120
event	47029	refusal	RepartitionExec[1]	1	187376	394303	904902	256	4	112176	523849	RepartitionExec=788606;RepartitionExec[Merge]=112176;OrderedPartialAggregateStream=4120
event	47062	refusal	RepartitionExec[1]	1	299092	394303	904902	256	4	112176	523849	RepartitionExec=788606;RepartitionExec[Merge]=112176;OrderedPartialAggregateStream=4120
event	47115	refusal	RepartitionExec[0]	1	220415	394303	905726	256	4	112176	523849	RepartitionExec=788606;RepartitionExec[Merge]=112176;OrderedPartialAggregateStream=4944
event	47180	refusal	RepartitionExec[1]	1	332019	394303	905726	256	4	112176	523849	RepartitionExec=788606;RepartitionExec[Merge]=112176;OrderedPartialAggregateStream=4944
event	47223	release_after_refusal	RepartitionExec[0]	1	193781	200522	711121	255	4	112176		RepartitionExec=594825;RepartitionExec[Merge]=112176;OrderedPartialAggregateStream=4120
event	47363	refusal	RepartitionExec[1]	1	205916	394303	1161602	254	4	557263	526222	RepartitionExec=600219;RepartitionExec[Merge]=557263;OrderedPartialAggregateStream=4120
event	47519	refusal	RepartitionExec[1]	1	184340	394303	1374354	254	4	790767	525302	RepartitionExec[Merge]=790767;RepartitionExec=578643;OrderedPartialAggregateStream=4944
event	47572	release_after_refusal	RepartitionExec[1]	1	193781	200522	1180573	254	4	790767		RepartitionExec[Merge]=790767;RepartitionExec=384862;OrderedPartialAggregateStream=4944
event	47585	refusal	OrderedPartialAggregateStream[201]	1	943471	0	1180573	254	4	790767	525302	RepartitionExec[Merge]=790767;RepartitionExec=384862;OrderedPartialAggregateStream=4944
event	47655	refusal	OrderedPartialAggregateStream[211]	1	965359	0	1427466	254	4	1238182	523541	RepartitionExec[Merge]=1238182;RepartitionExec=184340;OrderedPartialAggregateStream=4944
event	47859	refusal	OrderedPartialAggregateStream[75]	1	970408	0	1835030	253	4	1238182	525610	RepartitionExec[Merge]=1238182;RepartitionExec=591904;OrderedPartialAggregateStream=4944
event	47869	refusal	OrderedPartialAggregateStream[176]	1	923707	0	1835030	253	4	1238182	525610	RepartitionExec[Merge]=1238182;RepartitionExec=591904;OrderedPartialAggregateStream=4944
event	47963	refusal	OrderedPartialAggregateStream[248]	1	1114784	0	1835854	253	4	1238182	525610	RepartitionExec[Merge]=1238182;RepartitionExec=591904;OrderedPartialAggregateStream=5768
event	47987	refusal	RepartitionExec[0]	1	212097	388122	1835854	253	4	1238182	525610	RepartitionExec[Merge]=1238182;RepartitionExec=591904;OrderedPartialAggregateStream=5768
event	48044	refusal	OrderedPartialAggregateStream[169]	1	904555	0	1835854	253	4	1238182	525610	RepartitionExec[Merge]=1238182;RepartitionExec=591904;OrderedPartialAggregateStream=5768
event	48184	refusal	RepartitionExec[0]	1	196254	388122	1837502	253	4	1238182	525610	RepartitionExec[Merge]=1238182;RepartitionExec=591904;OrderedPartialAggregateStream=7416
event	48199	refusal	RepartitionExec[0]	1	214007	388122	1837502	253	4	1238182	525610	RepartitionExec[Merge]=1238182;RepartitionExec=591904;OrderedPartialAggregateStream=7416
event	48211	refusal	OrderedPartialAggregateStream[2]	1	1913213	0	1837502	253	4	1238182	525610	RepartitionExec[Merge]=1238182;RepartitionExec=591904;OrderedPartialAggregateStream=7416
event	48260	refusal	OrderedPartialAggregateStream[197]	1	916795	0	1839150	253	4	1238182	525610	RepartitionExec[Merge]=1238182;RepartitionExec=591904;OrderedPartialAggregateStream=9064
event	48260	refusal	RepartitionExec[0]	1	257834	388122	1839150	253	4	1238182	525610	RepartitionExec[Merge]=1238182;RepartitionExec=591904;OrderedPartialAggregateStream=9064
event	48265	refusal	RepartitionExec[0]	1	189062	388122	1839150	253	4	1238182	525610	RepartitionExec[Merge]=1238182;RepartitionExec=591904;OrderedPartialAggregateStream=9064
event	48635	refusal	RepartitionExec[0]	1	193669	388122	1839974	253	4	1238182	525610	RepartitionExec[Merge]=1238182;RepartitionExec=591904;OrderedPartialAggregateStream=9888
event	48647	refusal	OrderedPartialAggregateStream[238]	1	1056176	0	1839974	253	4	1238182	525610	RepartitionExec[Merge]=1238182;RepartitionExec=591904;OrderedPartialAggregateStream=9888
event	48674	refusal	OrderedPartialAggregateStream[243]	1	1107584	0	1839974	253	4	1238182	525610	RepartitionExec[Merge]=1238182;RepartitionExec=591904;OrderedPartialAggregateStream=9888
event	48788	refusal	RepartitionExec[0]	1	416749	388122	1840798	253	4	1238182	525610	RepartitionExec[Merge]=1238182;RepartitionExec=591904;OrderedPartialAggregateStream=10712
event	49039	refusal	RepartitionExec[0]	1	235698	388122	1841622	253	4	1238182	525610	RepartitionExec[Merge]=1238182;RepartitionExec=591904;OrderedPartialAggregateStream=11536
event	49086	refusal	RepartitionExec[0]	1	255137	388122	1842446	253	4	1238182	525610	RepartitionExec[Merge]=1238182;RepartitionExec=591904;OrderedPartialAggregateStream=12360
event	49383	refusal	OrderedPartialAggregateStream[13]	1	3532882	0	1842446	253	4	1238182	525610	RepartitionExec[Merge]=1238182;RepartitionExec=591904;OrderedPartialAggregateStream=12360
event	50112	refusal	OrderedPartialAggregateStream[13]	1	1036488	0	1842446	253	4	1238182	525610	RepartitionExec[Merge]=1238182;RepartitionExec=591904;OrderedPartialAggregateStream=12360
event	50186	refusal	RepartitionExec[0]	1	721542	388122	1843270	253	4	1238182	525610	RepartitionExec[Merge]=1238182;RepartitionExec=591904;OrderedPartialAggregateStream=13184
event	54755	refusal	RepartitionExec[1]	1	212097	424197	2058741	247	4	1238182	538378	RepartitionExec[Merge]=1238182;RepartitionExec=812319;OrderedPartialAggregateStream=8240
event	54814	refusal	RepartitionExec[1]	1	196254	424197	2058741	247	4	1238182	538378	RepartitionExec[Merge]=1238182;RepartitionExec=812319;OrderedPartialAggregateStream=8240
event	54850	refusal	RepartitionExec[1]	1	214007	424197	2058741	247	4	1238182	538378	RepartitionExec[Merge]=1238182;RepartitionExec=812319;OrderedPartialAggregateStream=8240
event	54921	refusal	RepartitionExec[1]	1	257834	424197	2058741	247	4	1238182	538378	RepartitionExec[Merge]=1238182;RepartitionExec=812319;OrderedPartialAggregateStream=8240
event	54930	refusal	RepartitionExec[1]	1	189062	424197	2058741	247	4	1238182	538378	RepartitionExec[Merge]=1238182;RepartitionExec=812319;OrderedPartialAggregateStream=8240
event	54964	refusal	RepartitionExec[1]	1	193669	424197	2058741	247	4	1238182	538378	RepartitionExec[Merge]=1238182;RepartitionExec=812319;OrderedPartialAggregateStream=8240
event	55025	refusal	RepartitionExec[1]	1	235698	424197	2057917	246	4	1238182	540567	RepartitionExec[Merge]=1238182;RepartitionExec=812319;OrderedPartialAggregateStream=7416
event	55082	refusal	RepartitionExec[1]	1	255137	424197	2057917	246	4	1238182	540567	RepartitionExec[Merge]=1238182;RepartitionExec=812319;OrderedPartialAggregateStream=7416
event	55221	refusal	RepartitionExec[1]	1	416749	424197	2056269	244	4	1238182	544998	RepartitionExec[Merge]=1238182;RepartitionExec=812319;OrderedPartialAggregateStream=5768
event	55234	refusal	RepartitionExec[1]	1	721542	424197	2056269	244	4	1238182	544998	RepartitionExec[Merge]=1238182;RepartitionExec=812319;OrderedPartialAggregateStream=5768
event	55311	refusal	OrderedPartialAggregateStream[158]	1	905986	0	2053797	241	4	1238182	551782	RepartitionExec[Merge]=1238182;RepartitionExec=812319;OrderedPartialAggregateStream=3296
event	55624	refusal	RepartitionExec[0]	1	189622	388122	2052149	238	4	1238182	558737	RepartitionExec[Merge]=1238182;RepartitionExec=812319;OrderedPartialAggregateStream=1648
event	55774	refusal	RepartitionExec[1]	1	189622	424197	2052149	238	4	1238182	558737	RepartitionExec[Merge]=1238182;RepartitionExec=812319;OrderedPartialAggregateStream=1648
event	56297	refusal	OrderedPartialAggregateStream[38]	1	1620749	0	2051325	237	4	1238182	561095	RepartitionExec[Merge]=1238182;RepartitionExec=812319;OrderedPartialAggregateStream=824
event	56337	refusal	OrderedPartialAggregateStream[252]	1	1084544	0	2051325	237	4	1238182	561095	RepartitionExec[Merge]=1238182;RepartitionExec=812319;OrderedPartialAggregateStream=824
event	56383	refusal	OrderedPartialAggregateStream[177]	1	905761	0	2051325	237	4	1238182	561095	RepartitionExec[Merge]=1238182;RepartitionExec=812319;OrderedPartialAggregateStream=824
event	56473	refusal	OrderedPartialAggregateStream[257]	1	1068137	0	2051325	237	4	1238182	561095	RepartitionExec[Merge]=1238182;RepartitionExec=812319;OrderedPartialAggregateStream=824
event	56480	refusal	OrderedPartialAggregateStream[170]	1	903538	0	2051325	237	4	1238182	561095	RepartitionExec[Merge]=1238182;RepartitionExec=812319;OrderedPartialAggregateStream=824
event	56506	refusal	OrderedPartialAggregateStream[199]	1	898633	0	2051325	237	4	1238182	561095	RepartitionExec[Merge]=1238182;RepartitionExec=812319;OrderedPartialAggregateStream=824
event	56511	refusal	OrderedPartialAggregateStream[50]	1	1113533	0	2051325	237	4	1238182	561095	RepartitionExec[Merge]=1238182;RepartitionExec=812319;OrderedPartialAggregateStream=824
event	56525	refusal	OrderedPartialAggregateStream[212]	1	940024	0	2051325	237	4	1238182	561095	RepartitionExec[Merge]=1238182;RepartitionExec=812319;OrderedPartialAggregateStream=824
event	56632	refusal	RepartitionExec[0]	1	305948	388122	2052149	237	4	1238182	561095	RepartitionExec[Merge]=1238182;RepartitionExec=812319;OrderedPartialAggregateStream=1648
event	56639	refusal	OrderedPartialAggregateStream[263]	1	1607348	0	2052149	237	4	1238182	561095	RepartitionExec[Merge]=1238182;RepartitionExec=812319;OrderedPartialAggregateStream=1648
event	56641	refusal	OrderedPartialAggregateStream[234]	1	984358	0	2052149	237	4	1238182	561095	RepartitionExec[Merge]=1238182;RepartitionExec=812319;OrderedPartialAggregateStream=1648
event	56647	refusal	OrderedPartialAggregateStream[44]	1	1060136	0	2052149	237	4	1238182	561095	RepartitionExec[Merge]=1238182;RepartitionExec=812319;OrderedPartialAggregateStream=1648
event	56695	refusal	RepartitionExec[0]	1	189510	388122	2052973	237	4	1238182	561095	RepartitionExec[Merge]=1238182;RepartitionExec=812319;OrderedPartialAggregateStream=2472
event	56761	refusal	RepartitionExec[0]	1	246371	388122	2054621	237	4	1238182	561095	RepartitionExec[Merge]=1238182;RepartitionExec=812319;OrderedPartialAggregateStream=4120
event	56781	refusal	RepartitionExec[1]	1	305948	424197	2055445	237	4	1238182	561095	RepartitionExec[Merge]=1238182;RepartitionExec=812319;OrderedPartialAggregateStream=4944
event	56803	refusal	RepartitionExec[0]	1	188611	388122	2057093	237	4	1238182	561095	RepartitionExec[Merge]=1238182;RepartitionExec=812319;OrderedPartialAggregateStream=6592
event	56824	refusal	RepartitionExec[0]	1	186813	388122	2057093	237	4	1238182	561095	RepartitionExec[Merge]=1238182;RepartitionExec=812319;OrderedPartialAggregateStream=6592
event	56848	refusal	RepartitionExec[0]	1	202547	388122	2057093	237	4	1238182	561095	RepartitionExec[Merge]=1238182;RepartitionExec=812319;OrderedPartialAggregateStream=6592
event	56857	refusal	RepartitionExec[0]	1	240193	388122	2057093	237	4	1238182	561095	RepartitionExec[Merge]=1238182;RepartitionExec=812319;OrderedPartialAggregateStream=6592
event	56862	refusal	RepartitionExec[1]	1	189510	424197	2057093	237	4	1238182	561095	RepartitionExec[Merge]=1238182;RepartitionExec=812319;OrderedPartialAggregateStream=6592
event	56927	refusal	RepartitionExec[1]	1	246371	424197	2057917	237	4	1238182	561095	RepartitionExec[Merge]=1238182;RepartitionExec=812319;OrderedPartialAggregateStream=7416
event	56954	refusal	RepartitionExec[0]	1	257386	388122	2057093	236	4	1238182	563472	RepartitionExec[Merge]=1238182;RepartitionExec=812319;OrderedPartialAggregateStream=6592
event	56989	refusal	RepartitionExec[1]	1	188611	424197	2058741	236	4	1238182	563472	RepartitionExec[Merge]=1238182;RepartitionExec=812319;OrderedPartialAggregateStream=8240
event	57002	refusal	OrderedPartialAggregateStream[271]	1	1603406	0	2058741	236	4	1238182	563472	RepartitionExec[Merge]=1238182;RepartitionExec=812319;OrderedPartialAggregateStream=8240
event	57034	refusal	RepartitionExec[0]	1	237157	388122	2058741	236	4	1238182	563472	RepartitionExec[Merge]=1238182;RepartitionExec=812319;OrderedPartialAggregateStream=8240
event	57038	refusal	RepartitionExec[0]	1	219289	388122	2058741	236	4	1238182	563472	RepartitionExec[Merge]=1238182;RepartitionExec=812319;OrderedPartialAggregateStream=8240
event	57045	refusal	RepartitionExec[1]	1	240193	424197	2059565	236	4	1238182	563472	RepartitionExec[Merge]=1238182;RepartitionExec=812319;OrderedPartialAggregateStream=9064
event	57065	refusal	RepartitionExec[1]	1	202547	424197	2059565	236	4	1238182	563472	RepartitionExec[Merge]=1238182;RepartitionExec=812319;OrderedPartialAggregateStream=9064
event	57099	refusal	RepartitionExec[0]	1	300890	388122	2058741	236	4	1238182	563472	RepartitionExec[Merge]=1238182;RepartitionExec=812319;OrderedPartialAggregateStream=8240
event	57101	refusal	OrderedPartialAggregateStream[273]	1	1781741	0	2058741	235	4	1238182	565870	RepartitionExec[Merge]=1238182;RepartitionExec=812319;OrderedPartialAggregateStream=8240
event	57128	refusal	RepartitionExec[1]	1	257386	424197	2058741	235	4	1238182	565870	RepartitionExec[Merge]=1238182;RepartitionExec=812319;OrderedPartialAggregateStream=8240
event	57228	refusal	RepartitionExec[1]	1	186813	424197	2057093	233	4	1238182	570727	RepartitionExec[Merge]=1238182;RepartitionExec=812319;OrderedPartialAggregateStream=6592
event	57341	refusal	RepartitionExec[1]	1	219289	424197	2055445	231	4	1238182	575669	RepartitionExec[Merge]=1238182;RepartitionExec=812319;OrderedPartialAggregateStream=4944
event	57419	refusal	RepartitionExec[0]	1	299431	388122	2056269	231	4	1238182	575669	RepartitionExec[Merge]=1238182;RepartitionExec=812319;OrderedPartialAggregateStream=5768
event	57485	refusal	RepartitionExec[1]	1	237157	424197	2053797	228	4	1238182	583243	RepartitionExec[Merge]=1238182;RepartitionExec=812319;OrderedPartialAggregateStream=3296
event	57528	refusal	RepartitionExec[1]	1	300890	424197	2053797	228	4	1238182	583243	RepartitionExec[Merge]=1238182;RepartitionExec=812319;OrderedPartialAggregateStream=3296
event	57649	refusal	RepartitionExec[1]	1	299431	424197	2053797	227	4	1238182	585812	RepartitionExec[Merge]=1238182;RepartitionExec=812319;OrderedPartialAggregateStream=3296
event	57678	refusal	RepartitionExec[0]	1	366968	388122	2053797	227	4	1238182	585812	RepartitionExec[Merge]=1238182;RepartitionExec=812319;OrderedPartialAggregateStream=3296
event	57740	refusal	OrderedPartialAggregateStream[282]	1	1978571	0	2052149	225	4	1238182	591020	RepartitionExec[Merge]=1238182;RepartitionExec=812319;OrderedPartialAggregateStream=1648
event	57842	refusal	OrderedPartialAggregateStream[191]	1	913474	0	2051325	225	4	1238182	591020	RepartitionExec[Merge]=1238182;RepartitionExec=812319;OrderedPartialAggregateStream=1648
event	57904	refusal	RepartitionExec[1]	1	366968	424197	2051325	224	4	1238182	593658	RepartitionExec[Merge]=1238182;RepartitionExec=812319;OrderedPartialAggregateStream=824
event	57992	refusal	OrderedPartialAggregateStream[172]	1	912061	0	2051325	224	4	1238182	593658	RepartitionExec[Merge]=1238182;RepartitionExec=812319;OrderedPartialAggregateStream=824
event	58276	refusal	RepartitionExec[1]	1	192431	424197	2244580	224	4	1238182	593658	RepartitionExec[Merge]=1238182;RepartitionExec=1004750;OrderedPartialAggregateStream=1648
event	58454	refusal	OrderedPartialAggregateStream[69]	1	1001368	0	2244580	224	4	1238182	593658	RepartitionExec[Merge]=1238182;RepartitionExec=1004750;OrderedPartialAggregateStream=1648
event	58535	refusal	OrderedPartialAggregateStream[178]	1	872281	0	2244580	224	4	1238182	593658	RepartitionExec[Merge]=1238182;RepartitionExec=1004750;OrderedPartialAggregateStream=1648
event	58818	refusal	RepartitionExec[0]	1	191871	580553	2243756	222	4	1238182	599006	RepartitionExec[Merge]=1238182;RepartitionExec=1004750;OrderedPartialAggregateStream=824
event	58871	refusal	OrderedPartialAggregateStream[77]	1	1070576	0	2243756	222	4	1238182	599006	RepartitionExec[Merge]=1238182;RepartitionExec=1004750;OrderedPartialAggregateStream=824
event	58978	refusal	RepartitionExec[1]	1	191871	424197	2244580	222	4	1238182	599006	RepartitionExec[Merge]=1238182;RepartitionExec=1004750;OrderedPartialAggregateStream=1648
event	59028	refusal	OrderedPartialAggregateStream[51]	1	1588934	0	2245404	222	4	1238182	599006	RepartitionExec[Merge]=1238182;RepartitionExec=1004750;OrderedPartialAggregateStream=2472
event	59041	refusal	RepartitionExec[0]	1	441473	580553	2245404	222	4	1238182	599006	RepartitionExec[Merge]=1238182;RepartitionExec=1004750;OrderedPartialAggregateStream=2472
event	59068	refusal	OrderedPartialAggregateStream[258]	1	1112381	0	2246228	222	4	1238182	599006	RepartitionExec[Merge]=1238182;RepartitionExec=1004750;OrderedPartialAggregateStream=3296
event	59072	refusal	RepartitionExec[0]	1	176812	580553	2246228	222	4	1238182	599006	RepartitionExec[Merge]=1238182;RepartitionExec=1004750;OrderedPartialAggregateStream=3296
event	59098	refusal	RepartitionExec[0]	1	225694	580553	2246228	222	4	1238182	599006	RepartitionExec[Merge]=1238182;RepartitionExec=1004750;OrderedPartialAggregateStream=3296
event	59112	refusal	OrderedPartialAggregateStream[242]	1	1103543	0	2246228	222	4	1238182	599006	RepartitionExec[Merge]=1238182;RepartitionExec=1004750;OrderedPartialAggregateStream=3296
event	59184	refusal	OrderedPartialAggregateStream[208]	1	928693	0	2245404	221	4	1238182	601717	RepartitionExec[Merge]=1238182;RepartitionExec=1004750;OrderedPartialAggregateStream=2472
event	59256	refusal	OrderedPartialAggregateStream[4]	1	3225757	0	2422216	220	4	1238182	604452	RepartitionExec[Merge]=1238182;RepartitionExec=1181562;OrderedPartialAggregateStream=2472
event	59263	refusal	OrderedPartialAggregateStream[122]	1	901387	0	2422216	220	4	1238182	604452	RepartitionExec[Merge]=1238182;RepartitionExec=1181562;OrderedPartialAggregateStream=2472
event	59269	refusal	OrderedPartialAggregateStream[232]	1	1012438	0	2422216	220	4	1238182	604452	RepartitionExec[Merge]=1238182;RepartitionExec=1181562;OrderedPartialAggregateStream=2472
event	59300	refusal	RepartitionExec[0]	1	241092	580553	2422216	220	4	1238182	604452	RepartitionExec[Merge]=1238182;RepartitionExec=1181562;OrderedPartialAggregateStream=2472
event	59313	refusal	RepartitionExec[1]	1	441473	601009	2422216	220	4	1238182	604452	RepartitionExec[Merge]=1238182;RepartitionExec=1181562;OrderedPartialAggregateStream=2472
event	59347	refusal	RepartitionExec[1]	1	225694	601009	2423040	220	4	1238182	604452	RepartitionExec[Merge]=1238182;RepartitionExec=1181562;OrderedPartialAggregateStream=3296
event	59403	refusal	RepartitionExec[0]	1	256935	580553	2423040	220	4	1238182	604452	RepartitionExec[Merge]=1238182;RepartitionExec=1181562;OrderedPartialAggregateStream=3296
event	59536	refusal	RepartitionExec[1]	1	241092	601009	2423864	220	4	1238182	604452	RepartitionExec[Merge]=1238182;RepartitionExec=1181562;OrderedPartialAggregateStream=4120
event	59566	refusal	RepartitionExec[0]	1	293922	580553	2423864	220	4	1238182	604452	RepartitionExec[Merge]=1238182;RepartitionExec=1181562;OrderedPartialAggregateStream=4120
event	59594	refusal	RepartitionExec[1]	1	256935	601009	2424688	220	4	1238182	604452	RepartitionExec[Merge]=1238182;RepartitionExec=1181562;OrderedPartialAggregateStream=4944
event	59621	refusal	RepartitionExec[0]	1	187824	580553	2423864	218	4	1238182	609997	RepartitionExec[Merge]=1238182;RepartitionExec=1181562;OrderedPartialAggregateStream=4120
event	59658	refusal	RepartitionExec[0]	1	253563	580553	2424688	218	4	1238182	609997	RepartitionExec[Merge]=1238182;RepartitionExec=1181562;OrderedPartialAggregateStream=4944
event	59695	refusal	RepartitionExec[0]	1	198164	580553	2424688	218	4	1238182	609997	RepartitionExec[Merge]=1238182;RepartitionExec=1181562;OrderedPartialAggregateStream=4944
event	59700	refusal	OrderedPartialAggregateStream[244]	1	1086902	0	2424688	218	4	1238182	609997	RepartitionExec[Merge]=1238182;RepartitionExec=1181562;OrderedPartialAggregateStream=4944
event	59715	refusal	OrderedPartialAggregateStream[192]	1	931312	0	2424688	218	4	1238182	609997	RepartitionExec[Merge]=1238182;RepartitionExec=1181562;OrderedPartialAggregateStream=4944
event	59774	refusal	RepartitionExec[1]	1	293922	601009	2423040	216	4	1238182	615646	RepartitionExec[Merge]=1238182;RepartitionExec=1181562;OrderedPartialAggregateStream=3296
event	59786	refusal	RepartitionExec[1]	1	187824	601009	2423040	216	4	1238182	615646	RepartitionExec[Merge]=1238182;RepartitionExec=1181562;OrderedPartialAggregateStream=3296
event	59849	refusal	RepartitionExec[0]	1	229965	580553	2423864	216	4	1238182	615646	RepartitionExec[Merge]=1238182;RepartitionExec=1181562;OrderedPartialAggregateStream=4120
event	59853	refusal	RepartitionExec[1]	1	253563	601009	2423864	216	4	1238182	615646	RepartitionExec[Merge]=1238182;RepartitionExec=1181562;OrderedPartialAggregateStream=4120
event	59876	refusal	RepartitionExec[1]	1	198164	601009	2423864	216	4	1238182	615646	RepartitionExec[Merge]=1238182;RepartitionExec=1181562;OrderedPartialAggregateStream=4120
event	60014	refusal	RepartitionExec[0]	1	199175	580553	2423864	214	4	1238182	621399	RepartitionExec[Merge]=1238182;RepartitionExec=1181562;OrderedPartialAggregateStream=4120
event	60028	refusal	OrderedPartialAggregateStream[4]	1	1036232	0	2423864	214	4	1238182	621399	RepartitionExec[Merge]=1238182;RepartitionExec=1181562;OrderedPartialAggregateStream=4120
event	60042	refusal	RepartitionExec[1]	1	229965	601009	2424688	214	4	1238182	621399	RepartitionExec[Merge]=1238182;RepartitionExec=1181562;OrderedPartialAggregateStream=4944
event	60059	refusal	RepartitionExec[0]	1	247270	580553	2424688	214	4	1238182	621399	RepartitionExec[Merge]=1238182;RepartitionExec=1181562;OrderedPartialAggregateStream=4944
event	60093	refusal	OrderedPartialAggregateStream[173]	1	914941	0	2424688	214	4	1238182	621399	RepartitionExec[Merge]=1238182;RepartitionExec=1181562;OrderedPartialAggregateStream=4944
event	60104	refusal	RepartitionExec[0]	1	605235	580553	2423864	214	4	1238182	621399	RepartitionExec[Merge]=1238182;RepartitionExec=1181562;OrderedPartialAggregateStream=4120
event	60160	refusal	RepartitionExec[1]	1	199175	601009	2423040	212	4	1238182	627262	RepartitionExec[Merge]=1238182;RepartitionExec=1181562;OrderedPartialAggregateStream=3296
event	60295	refusal	RepartitionExec[1]	1	247270	601009	2422216	211	4	1238182	630234	RepartitionExec[Merge]=1238182;RepartitionExec=1181562;OrderedPartialAggregateStream=2472
event	60326	refusal	RepartitionExec[1]	1	605235	601009	2422216	211	4	1238182	630234	RepartitionExec[Merge]=1238182;RepartitionExec=1181562;OrderedPartialAggregateStream=2472
event	60363	refusal	RepartitionExec[0]	1	192994	580553	2422216	210	4	1238182	633235	RepartitionExec[Merge]=1238182;RepartitionExec=1181562;OrderedPartialAggregateStream=2472
event	60533	refusal	RepartitionExec[1]	1	192994	601009	2421392	209	4	1238182	636265	RepartitionExec[Merge]=1238182;RepartitionExec=1181562;OrderedPartialAggregateStream=1648
event	61015	refusal	OrderedPartialAggregateStream[52]	1	1072349	0	2419744	207	4	1238182	642413	RepartitionExec[Merge]=1238182;RepartitionExec=1181562
event	61094	refusal	OrderedPartialAggregateStream[36]	1	1760933	0	2419744	207	4	1238182	642413	RepartitionExec[Merge]=1238182;RepartitionExec=1181562
event	61105	refusal	OrderedPartialAggregateStream[207]	1	975484	0	2419744	207	4	1238182	642413	RepartitionExec[Merge]=1238182;RepartitionExec=1181562
event	61127	refusal	OrderedPartialAggregateStream[193]	1	910171	0	2419744	207	4	1238182	642413	RepartitionExec[Merge]=1238182;RepartitionExec=1181562
event	61480	refusal	RepartitionExec[0]	1	191196	580553	2421392	207	4	1238182	642413	RepartitionExec[Merge]=1238182;RepartitionExec=1181562;OrderedPartialAggregateStream=1648
event	61490	refusal	RepartitionExec[0]	1	241764	580553	2421392	207	4	1238182	642413	RepartitionExec[Merge]=1238182;RepartitionExec=1181562;OrderedPartialAggregateStream=1648
event	61608	refusal	RepartitionExec[1]	1	191196	601009	2421392	207	4	1238182	642413	RepartitionExec[Merge]=1238182;RepartitionExec=1181562;OrderedPartialAggregateStream=1648
event	61630	refusal	OrderedPartialAggregateStream[66]	1	1001908	0	2421392	207	4	1238182	642413	RepartitionExec[Merge]=1238182;RepartitionExec=1181562;OrderedPartialAggregateStream=1648
event	61688	refusal	RepartitionExec[1]	1	241764	601009	2421392	207	4	1238182	642413	RepartitionExec[Merge]=1238182;RepartitionExec=1181562;OrderedPartialAggregateStream=1648
event	61738	refusal	RepartitionExec[0]	1	215920	580553	2422216	207	4	1238182	642413	RepartitionExec[Merge]=1238182;RepartitionExec=1181562;OrderedPartialAggregateStream=2472
event	61755	refusal	OrderedPartialAggregateStream[275]	1	1738667	0	2421392	206	4	1238182	645531	RepartitionExec[Merge]=1238182;RepartitionExec=1181562;OrderedPartialAggregateStream=1648
event	61922	refusal	RepartitionExec[1]	1	215920	601009	2421392	205	4	1238182	648680	RepartitionExec[Merge]=1238182;RepartitionExec=1181562;OrderedPartialAggregateStream=1648
event	61952	refusal	RepartitionExec[0]	1	359101	580553	2422216	205	4	1238182	648680	RepartitionExec[Merge]=1238182;RepartitionExec=1181562;OrderedPartialAggregateStream=2472
event	61968	refusal	RepartitionExec[0]	1	225921	580553	2422216	205	4	1238182	648680	RepartitionExec[Merge]=1238182;RepartitionExec=1181562;OrderedPartialAggregateStream=2472
event	62013	refusal	OrderedPartialAggregateStream[278]	1	1642115	0	2422216	205	4	1238182	648680	RepartitionExec[Merge]=1238182;RepartitionExec=1181562;OrderedPartialAggregateStream=2472
event	62031	refusal	OrderedPartialAggregateStream[235]	1	977959	0	2422216	205	4	1238182	648680	RepartitionExec[Merge]=1238182;RepartitionExec=1181562;OrderedPartialAggregateStream=2472
event	62049	refusal	OrderedPartialAggregateStream[68]	1	1004014	0	2422216	205	4	1238182	648680	RepartitionExec[Merge]=1238182;RepartitionExec=1181562;OrderedPartialAggregateStream=2472
event	62148	refusal	RepartitionExec[1]	1	359101	601009	2421392	204	4	1238182	651860	RepartitionExec[Merge]=1238182;RepartitionExec=1181562;OrderedPartialAggregateStream=1648
event	62167	refusal	RepartitionExec[1]	1	225921	601009	2421392	204	4	1238182	651860	RepartitionExec[Merge]=1238182;RepartitionExec=1181562;OrderedPartialAggregateStream=1648
event	62222	refusal	OrderedPartialAggregateStream[253]	1	1580969	0	2421392	204	4	1238182	651860	RepartitionExec[Merge]=1238182;RepartitionExec=1181562;OrderedPartialAggregateStream=1648
event	62307	refusal	RepartitionExec[0]	1	350674	580553	2422216	204	4	1238182	651860	RepartitionExec[Merge]=1238182;RepartitionExec=1181562;OrderedPartialAggregateStream=2472
event	62374	refusal	RepartitionExec[0]	1	314151	580553	2422216	202	4	1238182	658314	RepartitionExec[Merge]=1238182;RepartitionExec=1181562;OrderedPartialAggregateStream=2472
event	62390	refusal	RepartitionExec[0]	1	216819	580553	2423040	202	4	1238182	658314	RepartitionExec[Merge]=1238182;RepartitionExec=1181562;OrderedPartialAggregateStream=3296
event	62425	refusal	RepartitionExec[0]	1	226708	580553	2423040	202	4	1238182	658314	RepartitionExec[Merge]=1238182;RepartitionExec=1181562;OrderedPartialAggregateStream=3296
event	62439	refusal	OrderedPartialAggregateStream[260]	1	1639973	0	2423040	202	4	1238182	658314	RepartitionExec[Merge]=1238182;RepartitionExec=1181562;OrderedPartialAggregateStream=3296
event	62444	refusal	OrderedPartialAggregateStream[269]	1	1642007	0	2423040	202	4	1238182	658314	RepartitionExec[Merge]=1238182;RepartitionExec=1181562;OrderedPartialAggregateStream=3296
event	62497	refusal	OrderedPartialAggregateStream[236]	1	1005004	0	2423040	202	4	1238182	658314	RepartitionExec[Merge]=1238182;RepartitionExec=1181562;OrderedPartialAggregateStream=3296
event	62538	refusal	OrderedPartialAggregateStream[261]	1	1673921	0	2423040	202	4	1238182	658314	RepartitionExec[Merge]=1238182;RepartitionExec=1181562;OrderedPartialAggregateStream=3296
event	62542	refusal	RepartitionExec[1]	1	350674	601009	2423040	202	4	1238182	658314	RepartitionExec[Merge]=1238182;RepartitionExec=1181562;OrderedPartialAggregateStream=3296
event	62548	refusal	RepartitionExec[1]	1	314151	601009	2423040	202	4	1238182	658314	RepartitionExec[Merge]=1238182;RepartitionExec=1181562;OrderedPartialAggregateStream=3296
event	62604	refusal	RepartitionExec[1]	1	216819	601009	2423040	202	4	1238182	658314	RepartitionExec[Merge]=1238182;RepartitionExec=1181562;OrderedPartialAggregateStream=3296
event	62640	refusal	RepartitionExec[1]	1	226708	601009	2423040	202	4	1238182	658314	RepartitionExec[Merge]=1238182;RepartitionExec=1181562;OrderedPartialAggregateStream=3296
event	62770	refusal	RepartitionExec[0]	1	227156	580553	2423864	201	4	1238182	661589	RepartitionExec[Merge]=1238182;RepartitionExec=1181562;OrderedPartialAggregateStream=4120
event	62803	refusal	OrderedPartialAggregateStream[270]	1	1745624	0	2423040	200	4	1238182	664897	RepartitionExec[Merge]=1238182;RepartitionExec=1181562;OrderedPartialAggregateStream=3296
event	62840	refusal	RepartitionExec[0]	1	290889	580553	2422216	199	4	1238182	668238	RepartitionExec[Merge]=1238182;RepartitionExec=1181562;OrderedPartialAggregateStream=2472
event	62935	refusal	RepartitionExec[1]	1	227156	601009	2422216	198	4	1238182	671613	RepartitionExec[Merge]=1238182;RepartitionExec=1181562;OrderedPartialAggregateStream=2472
event	62951	refusal	RepartitionExec[0]	1	314039	580553	2422216	198	4	1238182	671613	RepartitionExec[Merge]=1238182;RepartitionExec=1181562;OrderedPartialAggregateStream=2472
event	63041	refusal	RepartitionExec[1]	1	290889	601009	2422216	198	4	1238182	671613	RepartitionExec[Merge]=1238182;RepartitionExec=1181562;OrderedPartialAggregateStream=2472
event	63103	refusal	RepartitionExec[0]	1	313252	580553	2423040	198	4	1238182	671613	RepartitionExec[Merge]=1238182;RepartitionExec=1181562;OrderedPartialAggregateStream=3296
event	63106	refusal	OrderedPartialAggregateStream[53]	1	1102958	0	2423040	198	4	1238182	671613	RepartitionExec[Merge]=1238182;RepartitionExec=1181562;OrderedPartialAggregateStream=3296
event	63215	refusal	RepartitionExec[1]	1	314039	601009	2422216	196	4	1238182	678467	RepartitionExec[Merge]=1238182;RepartitionExec=1181562;OrderedPartialAggregateStream=2472
event	63278	refusal	OrderedPartialAggregateStream[47]	1	1077209	0	2422216	196	4	1238182	678467	RepartitionExec[Merge]=1238182;RepartitionExec=1181562;OrderedPartialAggregateStream=2472
event	63301	refusal	RepartitionExec[1]	1	313252	601009	2422216	196	4	1238182	678467	RepartitionExec[Merge]=1238182;RepartitionExec=1181562;OrderedPartialAggregateStream=2472
event	63401	refusal	RepartitionExec[0]	1	353256	580553	2423040	196	4	1238182	678467	RepartitionExec[Merge]=1238182;RepartitionExec=1181562;OrderedPartialAggregateStream=3296
event	63404	release_after_refusal	RepartitionExec[1]	1	176812	424197	2246228	196	4	1238182		RepartitionExec[Merge]=1238182;RepartitionExec=1004750;OrderedPartialAggregateStream=3296
event	63486	refusal	OrderedPartialAggregateStream[61]	1	986995	0	2446056	195	4	1438010	680921	RepartitionExec[Merge]=1438010;RepartitionExec=1004750;OrderedPartialAggregateStream=3296
event	63494	refusal	OrderedPartialAggregateStream[187]	1	926992	0	2446056	195	4	1438010	680921	RepartitionExec[Merge]=1438010;RepartitionExec=1004750;OrderedPartialAggregateStream=3296
event	63526	refusal	RepartitionExec[0]	1	253339	580553	2446056	195	4	1438010	680921	RepartitionExec[Merge]=1438010;RepartitionExec=1004750;OrderedPartialAggregateStream=3296
event	63751	refusal	OrderedPartialAggregateStream[37]	1	1592759	0	2636193	195	4	1668156	679741	RepartitionExec[Merge]=1668156;RepartitionExec=933809;OrderedPartialAggregateStream=4120
event	63792	refusal	RepartitionExec[0]	1	243562	580553	2636193	195	4	1668156	679741	RepartitionExec[Merge]=1668156;RepartitionExec=933809;OrderedPartialAggregateStream=4120
event	64000	refusal	OrderedPartialAggregateStream[205]	1	962740	0	2888708	193	4	1668156	686785	RepartitionExec[Merge]=1668156;RepartitionExec=1187148;OrderedPartialAggregateStream=2472
event	64102	refusal	RepartitionExec[1]	1	243562	606595	2888708	193	4	1668156	686785	RepartitionExec[Merge]=1668156;RepartitionExec=1187148;OrderedPartialAggregateStream=2472
event	64225	refusal	RepartitionExec[0]	1	220300	580553	2889532	193	4	1668156	686785	RepartitionExec[Merge]=1668156;RepartitionExec=1187148;OrderedPartialAggregateStream=3296
event	64273	refusal	OrderedPartialAggregateStream[246]	1	1079162	0	3108907	193	4	1918463	685488	RepartitionExec[Merge]=1918463;RepartitionExec=1187148;OrderedPartialAggregateStream=3296
event	64338	refusal	OrderedPartialAggregateStream[204]	1	952354	0	3108907	192	4	1918463	689058	RepartitionExec[Merge]=1918463;RepartitionExec=1187148;OrderedPartialAggregateStream=3296
event	64388	refusal	RepartitionExec[0]	1	211086	580553	3110555	192	4	1918463	689058	RepartitionExec[Merge]=1918463;RepartitionExec=1187148;OrderedPartialAggregateStream=4944
event	64389	refusal	RepartitionExec[0]	1	197601	580553	3110555	192	4	1918463	689058	RepartitionExec[Merge]=1918463;RepartitionExec=1187148;OrderedPartialAggregateStream=4944
event	64420	refusal	RepartitionExec[0]	1	295384	580553	3110555	192	4	1918463	689058	RepartitionExec[Merge]=1918463;RepartitionExec=1187148;OrderedPartialAggregateStream=4944
event	64432	refusal	RepartitionExec[1]	1	220300	606595	3110555	192	4	1918463	689058	RepartitionExec[Merge]=1918463;RepartitionExec=1187148;OrderedPartialAggregateStream=4944
event	64557	refusal	RepartitionExec[1]	1	211086	606595	3109731	191	4	1918463	692666	RepartitionExec[Merge]=1918463;RepartitionExec=1187148;OrderedPartialAggregateStream=4120
event	64570	refusal	RepartitionExec[1]	1	197601	606595	3109731	191	4	1918463	692666	RepartitionExec[Merge]=1918463;RepartitionExec=1187148;OrderedPartialAggregateStream=4120
event	64643	refusal	RepartitionExec[0]	1	207154	580553	3111379	191	4	1918463	692666	RepartitionExec[Merge]=1918463;RepartitionExec=1187148;OrderedPartialAggregateStream=5768
event	64646	refusal	RepartitionExec[1]	1	295384	606595	3111379	191	4	1918463	692666	RepartitionExec[Merge]=1918463;RepartitionExec=1187148;OrderedPartialAggregateStream=5768
event	64656	refusal	RepartitionExec[0]	1	244349	580553	3111379	191	4	1918463	692666	RepartitionExec[Merge]=1918463;RepartitionExec=1187148;OrderedPartialAggregateStream=5768
event	64769	refusal	OrderedPartialAggregateStream[267]	1	1640549	0	3109731	189	4	1918463	699996	RepartitionExec[Merge]=1918463;RepartitionExec=1187148;OrderedPartialAggregateStream=4120
event	64877	refusal	RepartitionExec[1]	1	207154	606595	3108907	188	4	1918463	703719	RepartitionExec[Merge]=1918463;RepartitionExec=1187148;OrderedPartialAggregateStream=3296
event	64934	refusal	OrderedPartialAggregateStream[57]	1	1098755	0	3108907	188	4	1918463	703719	RepartitionExec[Merge]=1918463;RepartitionExec=1187148;OrderedPartialAggregateStream=3296
event	64963	refusal	OrderedPartialAggregateStream[256]	1	1105631	0	3108907	188	4	1918463	703719	RepartitionExec[Merge]=1918463;RepartitionExec=1187148;OrderedPartialAggregateStream=3296
event	65000	refusal	OrderedPartialAggregateStream[266]	1	1762454	0	3108907	188	4	1918463	703719	RepartitionExec[Merge]=1918463;RepartitionExec=1187148;OrderedPartialAggregateStream=3296
event	65200	refusal	OrderedPartialAggregateStream[55]	1	1082069	0	2754003	186	4	1918463	711286	RepartitionExec[Merge]=1918463;RepartitionExec=1187148;OrderedPartialAggregateStream=1648
event	65289	release_after_refusal	RepartitionExec[1]	1	353256	253339	2754003	186	4	1918463		RepartitionExec[Merge]=1918463;RepartitionExec=833892;OrderedPartialAggregateStream=1648
event	65506	refusal	RepartitionExec[0]	1	326062	580553	3566432	186	4	1967431	711023	RepartitionExec[Merge]=1967431;RepartitionExec=1078241;OrderedPartialAggregateStream=1648
event	65685	refusal	RepartitionExec[0]	1	313476	580553	3399536	185	4	2319647	712962	RepartitionExec[Merge]=2319647;RepartitionExec=1078241;OrderedPartialAggregateStream=1648
event	65906	refusal	RepartitionExec[1]	1	326062	497688	3400360	185	4	2319647	712962	RepartitionExec[Merge]=2319647;RepartitionExec=1078241;OrderedPartialAggregateStream=2472
event	65934	refusal	RepartitionExec[0]	1	254350	580553	3400360	185	4	2319647	712962	RepartitionExec[Merge]=2319647;RepartitionExec=1078241;OrderedPartialAggregateStream=2472
event	65946	refusal	OrderedPartialAggregateStream[241]	1	1603397	0	3400360	185	4	2319647	712962	RepartitionExec[Merge]=2319647;RepartitionExec=1078241;OrderedPartialAggregateStream=2472
event	65951	refusal	RepartitionExec[1]	1	313476	497688	3400360	185	4	2319647	712962	RepartitionExec[Merge]=2319647;RepartitionExec=1078241;OrderedPartialAggregateStream=2472
event	66144	refusal	RepartitionExec[0]	1	359664	580553	3687292	184	4	2607403	715273	RepartitionExec[Merge]=2607403;RepartitionExec=1078241;OrderedPartialAggregateStream=2472
event	66198	refusal	RepartitionExec[1]	1	254350	497688	3688116	184	4	2607403	715273	RepartitionExec[Merge]=2607403;RepartitionExec=1078241;OrderedPartialAggregateStream=3296
event	66212	refusal	RepartitionExec[0]	1	245472	580553	3688940	184	4	2607403	715273	RepartitionExec[Merge]=2607403;RepartitionExec=1078241;OrderedPartialAggregateStream=4120
event	66260	refusal	RepartitionExec[0]	1	251765	580553	3688940	184	4	2607403	715273	RepartitionExec[Merge]=2607403;RepartitionExec=1078241;OrderedPartialAggregateStream=4120
event	66397	refusal	RepartitionExec[1]	1	359664	497688	3688940	184	4	2607403	715273	RepartitionExec[Merge]=2607403;RepartitionExec=1078241;OrderedPartialAggregateStream=4120
event	66455	refusal	RepartitionExec[1]	1	245472	497688	3688116	183	4	2607403	719182	RepartitionExec[Merge]=2607403;RepartitionExec=1078241;OrderedPartialAggregateStream=3296
event	66473	refusal	OrderedPartialAggregateStream[89]	1	953227	0	3688116	183	4	2607403	719182	RepartitionExec[Merge]=2607403;RepartitionExec=1078241;OrderedPartialAggregateStream=3296
event	66479	refusal	OrderedPartialAggregateStream[276]	1	1636247	0	3688116	183	4	2607403	719182	RepartitionExec[Merge]=2607403;RepartitionExec=1078241;OrderedPartialAggregateStream=3296
event	66516	refusal	RepartitionExec[1]	1	251765	497688	3688116	183	4	2607403	719182	RepartitionExec[Merge]=2607403;RepartitionExec=1078241;OrderedPartialAggregateStream=3296
event	66524	refusal	OrderedPartialAggregateStream[245]	1	1117772	0	3688116	183	4	2607403	719182	RepartitionExec[Merge]=2607403;RepartitionExec=1078241;OrderedPartialAggregateStream=3296
event	66732	refusal	OrderedPartialAggregateStream[132]	1	889291	0	3686468	181	4	2607403	727128	RepartitionExec[Merge]=2607403;RepartitionExec=1078241;OrderedPartialAggregateStream=1648
event	66849	refusal	RepartitionExec[0]	1	207490	580553	3687292	180	4	2607403	731168	RepartitionExec[Merge]=2607403;RepartitionExec=1078241;OrderedPartialAggregateStream=2472
event	66864	refusal	OrderedPartialAggregateStream[126]	1	881164	0	3687292	180	4	2607403	731168	RepartitionExec[Merge]=2607403;RepartitionExec=1078241;OrderedPartialAggregateStream=2472
event	66877	refusal	RepartitionExec[0]	1	299431	580553	3688116	180	4	2607403	731168	RepartitionExec[Merge]=2607403;RepartitionExec=1078241;OrderedPartialAggregateStream=3296
event	66931	refusal	RepartitionExec[0]	1	311790	580553	3688116	180	4	2607403	731168	RepartitionExec[Merge]=2607403;RepartitionExec=1078241;OrderedPartialAggregateStream=3296
event	67088	refusal	RepartitionExec[0]	1	183217	580553	3895606	179	4	2607403	735253	RepartitionExec[Merge]=2607403;RepartitionExec=1285731;OrderedPartialAggregateStream=3296
event	67102	refusal	RepartitionExec[1]	1	311790	705178	3895606	179	4	2607403	735253	RepartitionExec[Merge]=2607403;RepartitionExec=1285731;OrderedPartialAggregateStream=3296
event	67114	refusal	RepartitionExec[1]	1	299431	705178	3895606	179	4	2607403	735253	RepartitionExec[Merge]=2607403;RepartitionExec=1285731;OrderedPartialAggregateStream=3296
event	67161	refusal	RepartitionExec[0]	1	180184	580553	3896430	179	4	2607403	735253	RepartitionExec[Merge]=2607403;RepartitionExec=1285731;OrderedPartialAggregateStream=4120
event	67224	refusal	RepartitionExec[0]	1	258957	580553	3897254	179	4	2607403	735253	RepartitionExec[Merge]=2607403;RepartitionExec=1285731;OrderedPartialAggregateStream=4944
event	67267	refusal	RepartitionExec[1]	1	183217	705178	4050502	179	4	2760651	734397	RepartitionExec[Merge]=2760651;RepartitionExec=1285731;OrderedPartialAggregateStream=4944
event	67375	refusal	RepartitionExec[1]	1	180184	705178	4049678	178	4	2760651	738522	RepartitionExec[Merge]=2760651;RepartitionExec=1285731;OrderedPartialAggregateStream=3296
event	67386	refusal	OrderedPartialAggregateStream[265]	1	1725518	0	4049678	177	4	2760651	742695	RepartitionExec[Merge]=2760651;RepartitionExec=1285731;OrderedPartialAggregateStream=3296
event	67418	refusal	RepartitionExec[1]	1	258957	705178	4049678	177	4	2760651	742695	RepartitionExec[Merge]=2760651;RepartitionExec=1285731;OrderedPartialAggregateStream=3296
event	67480	refusal	OrderedPartialAggregateStream[128]	1	902260	0	4048854	176	4	2760651	746915	RepartitionExec[Merge]=2760651;RepartitionExec=1285731;OrderedPartialAggregateStream=2472
event	68046	refusal	RepartitionExec[0]	1	345728	580553	4392638	174	4	3105259	753519	RepartitionExec[Merge]=3105259;RepartitionExec=1285731;OrderedPartialAggregateStream=1648
event	68055	refusal	OrderedPartialAggregateStream[224]	1	990604	0	4392638	174	4	3105259	753519	RepartitionExec[Merge]=3105259;RepartitionExec=1285731;OrderedPartialAggregateStream=1648
event	68126	refusal	RepartitionExec[0]	1	188163	580553	4513138	174	4	3224935	752832	RepartitionExec[Merge]=3224935;RepartitionExec=1285731;OrderedPartialAggregateStream=2472
event	68162	release_after_refusal	RepartitionExec[0]	1	184340	396213	4328798	174	4	3224935		RepartitionExec[Merge]=3224935;RepartitionExec=1101391;OrderedPartialAggregateStream=2472
event	68346	refusal	OrderedPartialAggregateStream[62]	1	975070	0	4596690	174	4	3651518	750380	RepartitionExec[Merge]=3651518;RepartitionExec=908960;OrderedPartialAggregateStream=2472
event	68481	release_after_refusal	RepartitionExec[1]	1	253339	451839	4490207	174	4	4035896		RepartitionExec[Merge]=4035896;RepartitionExec=451839;OrderedPartialAggregateStream=2472
event	68923	refusal	OrderedPartialAggregateStream[280]	1	2212918	0	5220086	174	4	4322475	746524	RepartitionExec[Merge]=4322475;RepartitionExec=895139;OrderedPartialAggregateStream=2472
event	68929	refusal	OrderedPartialAggregateStream[56]	1	1599806	0	5220086	174	4	4322475	746524	RepartitionExec[Merge]=4322475;RepartitionExec=895139;OrderedPartialAggregateStream=2472
event	68941	refusal	OrderedPartialAggregateStream[249]	1	1054493	0	5220086	173	4	4322475	750839	RepartitionExec[Merge]=4322475;RepartitionExec=895139;OrderedPartialAggregateStream=2472
event	69168	refusal	OrderedPartialAggregateStream[21]	1	1725194	0	5275730	173	4	4807259	748037	RepartitionExec[Merge]=4807259;RepartitionExec=465999;OrderedPartialAggregateStream=2472
event	69297	refusal	OrderedPartialAggregateStream[133]	1	902557	0	5276554	173	4	4807259	748037	RepartitionExec[Merge]=4807259;RepartitionExec=465999;OrderedPartialAggregateStream=3296
event	69329	refusal	OrderedPartialAggregateStream[215]	1	941707	0	5276554	173	4	4807259	748037	RepartitionExec[Merge]=4807259;RepartitionExec=465999;OrderedPartialAggregateStream=3296
event	69401	refusal	OrderedPartialAggregateStream[127]	1	894223	0	5276554	173	4	4807259	748037	RepartitionExec[Merge]=4807259;RepartitionExec=465999;OrderedPartialAggregateStream=3296
event	69444	refusal	OrderedPartialAggregateStream[247]	1	1585325	0	5276554	173	4	4807259	748037	RepartitionExec[Merge]=4807259;RepartitionExec=465999;OrderedPartialAggregateStream=3296
event	69771	refusal	RepartitionExec[1]	1	234911	681804	5943075	172	4	4807259	752386	RepartitionExec[Merge]=4807259;RepartitionExec=1132520;OrderedPartialAggregateStream=3296
event	69989	refusal	RepartitionExec[1]	1	188275	681804	6248290	172	4	4923375	751711	RepartitionExec[Merge]=4923375;RepartitionExec=1320795;OrderedPartialAggregateStream=4120
event	70209	refusal	RepartitionExec[1]	1	297969	681804	6941327	172	4	5551706	748058	RepartitionExec[Merge]=5551706;RepartitionExec=1383853;OrderedPartialAggregateStream=5768
event	70245	refusal	OrderedPartialAggregateStream[237]	1	1073204	0	7059379	172	4	5669758	747371	RepartitionExec[Merge]=5669758;RepartitionExec=1383853;OrderedPartialAggregateStream=5768
event	70257	refusal	RepartitionExec[0]	1	508559	702049	7059379	172	4	5669758	747371	RepartitionExec[Merge]=5669758;RepartitionExec=1383853;OrderedPartialAggregateStream=5768
event	70426	refusal	RepartitionExec[0]	1	203107	702049	7290947	172	4	5899678	746035	RepartitionExec[Merge]=5899678;RepartitionExec=1383853;OrderedPartialAggregateStream=7416
event	70432	refusal	RepartitionExec[0]	1	185127	702049	7290947	172	4	5899678	746035	RepartitionExec[Merge]=5899678;RepartitionExec=1383853;OrderedPartialAggregateStream=7416
event	70597	refusal	RepartitionExec[0]	1	345504	702049	7526267	172	4	6134174	744671	RepartitionExec[Merge]=6134174;RepartitionExec=1383853;OrderedPartialAggregateStream=8240
event	70742	refusal	RepartitionExec[0]	1	242103	702049	7875587	172	4	6482670	742645	RepartitionExec[Merge]=6482670;RepartitionExec=1383853;OrderedPartialAggregateStream=9064
event	70823	refusal	OrderedPartialAggregateStream[63]	1	1060028	0	7900507	172	4	6482670	742645	RepartitionExec[Merge]=6482670;RepartitionExec=1383853;OrderedPartialAggregateStream=9064
event	70990	refusal	RepartitionExec[0]	1	292463	702049	8224203	172	4	6830462	740623	RepartitionExec[Merge]=6830462;RepartitionExec=1383853;OrderedPartialAggregateStream=9888
event	71258	refusal	RepartitionExec[0]	1	237045	702049	8686343	172	4	7291778	737941	RepartitionExec[Merge]=7291778;RepartitionExec=1383853;OrderedPartialAggregateStream=10712
event	71622	refusal	OrderedPartialAggregateStream[210]	1	931150	0	9037087	172	4	7642522	735902	RepartitionExec[Merge]=7642522;RepartitionExec=1383853;OrderedPartialAggregateStream=10712
event	72034	refusal	OrderedPartialAggregateStream[202]	1	974593	0	9392015	172	4	7997450	733838	RepartitionExec[Merge]=7997450;RepartitionExec=1383853;OrderedPartialAggregateStream=10712
event	72113	refusal	RepartitionExec[0]	1	199175	702049	9632339	172	4	8236950	732446	RepartitionExec[Merge]=8236950;RepartitionExec=1383853;OrderedPartialAggregateStream=11536
event	72346	refusal	RepartitionExec[0]	1	215581	702049	9867331	172	4	8471118	731084	RepartitionExec[Merge]=8471118;RepartitionExec=1383853;OrderedPartialAggregateStream=12360
event	73507	release_after_refusal	RepartitionExec[1]	1	221650	460154	11381645	172	4	10207082		RepartitionExec[Merge]=10207082;RepartitionExec=1162203;OrderedPartialAggregateStream=12360
event	78998	refusal	RepartitionExec[1]	1	508559	203107	23401344	166	4	22303645	674181	RepartitionExec[Merge]=22303645;RepartitionExec=905156;OrderedPartialAggregateStream=7416
event	79164	refusal	RepartitionExec[1]	1	345504	630337	23798623	164	4	22460469	681446	RepartitionExec[Merge]=22460469;RepartitionExec=1332386;OrderedPartialAggregateStream=5768
event	79224	refusal	OrderedPartialAggregateStream[150]	1	894250	0	23945731	163	4	22608401	684719	RepartitionExec[Merge]=22608401;RepartitionExec=1332386;OrderedPartialAggregateStream=4944
event	79614	refusal	RepartitionExec[1]	1	292463	630337	24266035	162	4	22929529	686964	RepartitionExec[Merge]=22929529;RepartitionExec=1332386;OrderedPartialAggregateStream=4120
event	79649	refusal	RepartitionExec[1]	1	199175	630337	24266035	162	4	22929529	686964	RepartitionExec[Merge]=22929529;RepartitionExec=1332386;OrderedPartialAggregateStream=4120
event	79775	refusal	RepartitionExec[1]	1	215581	630337	24266035	162	4	22929529	686964	RepartitionExec[Merge]=22929529;RepartitionExec=1332386;OrderedPartialAggregateStream=4120
event	80265	release_after_refusal	RepartitionExec[1]	1	242103	388234	24159824	160	4	23066245		RepartitionExec[Merge]=23066245;RepartitionExec=1090283;OrderedPartialAggregateStream=3296
event	80399	refusal	RepartitionExec[0]	1	185127	702049	24433731	159	4	23340976	697338	RepartitionExec[Merge]=23340976;RepartitionExec=1090283;OrderedPartialAggregateStream=2472
event	80581	refusal	OrderedPartialAggregateStream[222]	1	968815	0	24902114	158	4	23625056	699953	RepartitionExec[Merge]=23625056;RepartitionExec=1275410;OrderedPartialAggregateStream=1648
event	80991	refusal	OrderedPartialAggregateStream[240]	1	1089152	0	25254470	157	4	24155703	701032	RepartitionExec[Merge]=24155703;RepartitionExec=1072303;OrderedPartialAggregateStream=824
event	80993	refusal	OrderedPartialAggregateStream[95]	1	970084	0	25254470	157	4	24155703	701032	RepartitionExec[Merge]=24155703;RepartitionExec=1072303;OrderedPartialAggregateStream=824
event	81014	refusal	OrderedPartialAggregateStream[131]	1	900946	0	25254470	157	4	24155703	701032	RepartitionExec[Merge]=24155703;RepartitionExec=1072303;OrderedPartialAggregateStream=824
event	81039	refusal	OrderedPartialAggregateStream[142]	1	907525	0	25345094	157	4	24271967	700291	RepartitionExec[Merge]=24271967;RepartitionExec=1072303;OrderedPartialAggregateStream=824
event	81134	refusal	OrderedPartialAggregateStream[135]	1	892225	0	25475394	157	4	24586570	698287	RepartitionExec[Merge]=24586570;RepartitionExec=887176;OrderedPartialAggregateStream=1648
event	81181	refusal	RepartitionExec[0]	1	213447	702049	25475394	157	4	24586570	698287	RepartitionExec[Merge]=24586570;RepartitionExec=887176;OrderedPartialAggregateStream=1648
event	81235	refusal	RepartitionExec[0]	1	187712	702049	25585674	157	4	24696026	697590	RepartitionExec[Merge]=24696026;RepartitionExec=887176;OrderedPartialAggregateStream=2472
event	81407	refusal	RepartitionExec[0]	1	190185	702049	26248209	155	4	24696026	706591	RepartitionExec[Merge]=24696026;RepartitionExec=1288335;OrderedPartialAggregateStream=263848
event	81413	refusal	RepartitionExec[0]	1	213895	702049	26248209	155	4	24696026	706591	RepartitionExec[Merge]=24696026;RepartitionExec=1288335;OrderedPartialAggregateStream=263848
event	81440	refusal	RepartitionExec[0]	1	248169	702049	26248209	155	4	24696026	706591	RepartitionExec[Merge]=24696026;RepartitionExec=1288335;OrderedPartialAggregateStream=263848
event	81479	refusal	OrderedPartialAggregateStream[40]	1	1580753	0	26013477	155	4	24906149	705235	RepartitionExec[Merge]=24906149;RepartitionExec=1103208;OrderedPartialAggregateStream=4120
event	81499	refusal	OrderedPartialAggregateStream[134]	1	906382	0	26013477	155	4	24906149	705235	RepartitionExec[Merge]=24906149;RepartitionExec=1103208;OrderedPartialAggregateStream=4120
event	81505	refusal	RepartitionExec[0]	1	184340	702049	26013477	155	4	24906149	705235	RepartitionExec[Merge]=24906149;RepartitionExec=1103208;OrderedPartialAggregateStream=4120
event	81618	refusal	OrderedPartialAggregateStream[219]	1	942985	0	25972122	155	4	25078241	704125	RepartitionExec[Merge]=25078241;RepartitionExec=889761;OrderedPartialAggregateStream=4120
event	81650	refusal	OrderedPartialAggregateStream[136]	1	905869	0	26214741	155	4	25320860	702560	RepartitionExec[Merge]=25320860;RepartitionExec=889761;OrderedPartialAggregateStream=4120
event	81723	refusal	RepartitionExec[0]	1	189734	702049	26215565	155	4	25320860	702560	RepartitionExec[Merge]=25320860;RepartitionExec=889761;OrderedPartialAggregateStream=4944
event	81762	refusal	OrderedPartialAggregateStream[272]	1	1725122	0	26215565	155	4	25320860	702560	RepartitionExec[Merge]=25320860;RepartitionExec=889761;OrderedPartialAggregateStream=4944
event	81776	refusal	OrderedPartialAggregateStream[59]	1	1601525	0	26215565	155	4	25320860	702560	RepartitionExec[Merge]=25320860;RepartitionExec=889761;OrderedPartialAggregateStream=4944
event	81879	refusal	RepartitionExec[0]	1	203558	702049	26217213	155	4	25320860	702560	RepartitionExec[Merge]=25320860;RepartitionExec=889761;OrderedPartialAggregateStream=6592
event	81884	refusal	RepartitionExec[0]	1	189510	702049	26217213	155	4	25320860	702560	RepartitionExec[Merge]=25320860;RepartitionExec=889761;OrderedPartialAggregateStream=6592
event	81972	refusal	RepartitionExec[0]	1	290777	702049	26218037	155	4	25320860	702560	RepartitionExec[Merge]=25320860;RepartitionExec=889761;OrderedPartialAggregateStream=7416
event	82156	refusal	RepartitionExec[0]	1	345504	702049	26218861	155	4	25320860	702560	RepartitionExec[Merge]=25320860;RepartitionExec=889761;OrderedPartialAggregateStream=8240
event	82281	refusal	RepartitionExec[0]	1	298644	702049	26219685	155	4	25320860	702560	RepartitionExec[Merge]=25320860;RepartitionExec=889761;OrderedPartialAggregateStream=9064
event	82353	refusal	OrderedPartialAggregateStream[144]	1	907714	0	26219685	155	4	25320860	702560	RepartitionExec[Merge]=25320860;RepartitionExec=889761;OrderedPartialAggregateStream=9064
event	82428	refusal	OrderedPartialAggregateStream[54]	1	1067030	0	26390657	155	4	25679544	700246	RepartitionExec[Merge]=25679544;RepartitionExec=702049;OrderedPartialAggregateStream=9064
event	82666	refusal	RepartitionExec[0]	1	190297	702049	26675949	155	4	25964012	698411	RepartitionExec[Merge]=25964012;RepartitionExec=702049;OrderedPartialAggregateStream=9888
event	82702	refusal	RepartitionExec[0]	1	239742	702049	26676773	155	4	25964012	698411	RepartitionExec[Merge]=25964012;RepartitionExec=702049;OrderedPartialAggregateStream=10712
event	82923	refusal	RepartitionExec[1]	1	248169	690682	27790055	152	4	26389084	709398	RepartitionExec[Merge]=26389084;RepartitionExec=1392731;OrderedPartialAggregateStream=8240
event	82934	refusal	RepartitionExec[1]	1	184340	690682	27790055	152	4	26389084	709398	RepartitionExec[Merge]=26389084;RepartitionExec=1392731;OrderedPartialAggregateStream=8240
event	82961	refusal	RepartitionExec[1]	1	189734	690682	27790055	152	4	26389084	709398	RepartitionExec[Merge]=26389084;RepartitionExec=1392731;OrderedPartialAggregateStream=8240
event	82990	release_after_refusal	RepartitionExec[1]	1	237045	453637	27726218	152	4	26562292		RepartitionExec[Merge]=26562292;RepartitionExec=1155686;OrderedPartialAggregateStream=8240
event	83006	refusal	RepartitionExec[1]	1	189510	657195	27929776	152	4	26562292	708259	RepartitionExec[Merge]=26562292;RepartitionExec=1359244;OrderedPartialAggregateStream=8240
event	83010	release_after_refusal	RepartitionExec[1]	1	203558	453637	27998015	152	4	26834089		RepartitionExec[Merge]=26834089;RepartitionExec=1155686;OrderedPartialAggregateStream=8240
event	83036	refusal	OrderedPartialAggregateStream[39]	1	1704989	0	28226933	151	4	27063831	709628	RepartitionExec[Merge]=27063831;RepartitionExec=1155686;OrderedPartialAggregateStream=7416
event	83172	refusal	RepartitionExec[1]	1	190297	585246	28600605	150	4	27306718	712740	RepartitionExec[Merge]=27306718;RepartitionExec=1287295;OrderedPartialAggregateStream=6592
event	83186	refusal	RepartitionExec[1]	1	298644	585246	28925493	150	4	27631606	710574	RepartitionExec[Merge]=27631606;RepartitionExec=1287295;OrderedPartialAggregateStream=6592
event	83248	refusal	RepartitionExec[1]	1	190185	585246	29221529	150	4	27927642	708600	RepartitionExec[Merge]=27927642;RepartitionExec=1287295;OrderedPartialAggregateStream=6592
event	83260	refusal	OrderedPartialAggregateStream[27]	1	1688375	0	29221529	150	4	27927642	708600	RepartitionExec[Merge]=27927642;RepartitionExec=1287295;OrderedPartialAggregateStream=6592
event	83281	release_after_refusal	RepartitionExec[1]	1	239742	345504	29191147	150	4	28137002		RepartitionExec[Merge]=28137002;RepartitionExec=1047553;OrderedPartialAggregateStream=6592
event	83877	refusal	RepartitionExec[0]	1	337861	702049	30077778	143	4	29374081	733172	RepartitionExec[Merge]=29374081;RepartitionExec=702049;OrderedPartialAggregateStream=1648
event	83943	refusal	OrderedPartialAggregateStream[90]	1	935434	0	30077778	143	4	29374081	733172	RepartitionExec[Merge]=29374081;RepartitionExec=702049;OrderedPartialAggregateStream=1648
event	84549	refusal	RepartitionExec[0]	1	331568	702049	30754259	142	4	29712701	735950	RepartitionExec[Merge]=29712701;RepartitionExec=1039910;OrderedPartialAggregateStream=1648
event	84686	refusal	RepartitionExec[0]	1	200749	702049	30799663	142	4	30095142	733257	RepartitionExec[Merge]=30095142;RepartitionExec=702049;OrderedPartialAggregateStream=2472
event	84844	refusal	OrderedPartialAggregateStream[64]	1	987580	0	30799663	142	4	30095142	733257	RepartitionExec[Merge]=30095142;RepartitionExec=702049;OrderedPartialAggregateStream=2472
event	84934	refusal	OrderedPartialAggregateStream[96]	1	950023	0	31130407	141	4	30095142	738458	RepartitionExec[Merge]=30095142;RepartitionExec=1033617;OrderedPartialAggregateStream=1648
event	85052	refusal	OrderedPartialAggregateStream[35]	1	1707491	0	31369760	140	4	30095142	743732	RepartitionExec[Merge]=30095142;RepartitionExec=1234366;OrderedPartialAggregateStream=824
event	85109	refusal	OrderedPartialAggregateStream[151]	1	897967	0	31509232	140	4	30274042	742454	RepartitionExec[Merge]=30274042;RepartitionExec=1234366;OrderedPartialAggregateStream=824
event	85141	refusal	OrderedPartialAggregateStream[229]	1	982747	0	31509232	140	4	30274042	742454	RepartitionExec[Merge]=30274042;RepartitionExec=1234366;OrderedPartialAggregateStream=824
event	85189	refusal	OrderedPartialAggregateStream[143]	1	926569	0	31509232	140	4	30274042	742454	RepartitionExec[Merge]=30274042;RepartitionExec=1234366;OrderedPartialAggregateStream=824
event	85319	refusal	RepartitionExec[0]	1	220527	702049	31633624	140	4	30396786	741578	RepartitionExec[Merge]=30396786;RepartitionExec=1234366;OrderedPartialAggregateStream=2472
event	85350	refusal	RepartitionExec[0]	1	206255	702049	31752792	140	4	30515954	740726	RepartitionExec[Merge]=30515954;RepartitionExec=1234366;OrderedPartialAggregateStream=2472
event	85460	release_after_refusal	RepartitionExec[0]	1	297969	404080	31653835	140	4	31045710		RepartitionExec[Merge]=31045710;RepartitionExec=604829;OrderedPartialAggregateStream=3296
event	85484	refusal	OrderedPartialAggregateStream[129]	1	904951	0	31856959	140	4	31262994	735390	RepartitionExec[Merge]=31262994;RepartitionExec=590669;OrderedPartialAggregateStream=3296
event	85529	refusal	RepartitionExec[0]	1	197377	590669	32812785	139	4	31997469	735397	RepartitionExec[Merge]=31997469;RepartitionExec=811196;OrderedPartialAggregateStream=4120
event	85546	refusal	RepartitionExec[0]	1	218617	590669	32811961	138	4	31997469	740726	RepartitionExec[Merge]=31997469;RepartitionExec=811196;OrderedPartialAggregateStream=3296
event	85607	release_after_refusal	RepartitionExec[0]	1	215805	374864	32967359	138	4	32161593		RepartitionExec[Merge]=32161593;RepartitionExec=801646;OrderedPartialAggregateStream=4120
event	85619	refusal	RepartitionExec[1]	1	338872	426782	33306231	138	4	32161593	739537	RepartitionExec[Merge]=32161593;RepartitionExec=1140518;OrderedPartialAggregateStream=4120
event	85757	refusal	RepartitionExec[1]	1	218617	624159	33747045	136	4	32406678	748610	RepartitionExec[Merge]=32406678;RepartitionExec=1337895;OrderedPartialAggregateStream=2472
event	85824	refusal	RepartitionExec[0]	1	189174	713736	33747869	136	4	32406678	748610	RepartitionExec[Merge]=32406678;RepartitionExec=1337895;OrderedPartialAggregateStream=3296
event	85987	refusal	OrderedPartialAggregateStream[239]	1	1053395	0	33884561	134	4	32545018	758751	RepartitionExec[Merge]=32545018;RepartitionExec=1337895;OrderedPartialAggregateStream=1648
event	86013	refusal	OrderedPartialAggregateStream[254]	1	1078298	0	34016421	134	4	32676878	757767	RepartitionExec[Merge]=32676878;RepartitionExec=1337895;OrderedPartialAggregateStream=1648
event	86043	refusal	RepartitionExec[1]	1	189174	624159	34016421	134	4	32676878	757767	RepartitionExec[Merge]=32676878;RepartitionExec=1337895;OrderedPartialAggregateStream=1648
event	86054	refusal	OrderedPartialAggregateStream[60]	1	992557	0	34016421	134	4	32676878	757767	RepartitionExec[Merge]=32676878;RepartitionExec=1337895;OrderedPartialAggregateStream=1648
event	86131	refusal	OrderedPartialAggregateStream[58]	1	1609346	0	34130585	134	4	32791042	756915	RepartitionExec[Merge]=32791042;RepartitionExec=1337895;OrderedPartialAggregateStream=1648
event	86162	refusal	OrderedPartialAggregateStream[91]	1	951040	0	34130585	134	4	32791042	756915	RepartitionExec[Merge]=32791042;RepartitionExec=1337895;OrderedPartialAggregateStream=1648
event	86232	refusal	OrderedPartialAggregateStream[29]	1	1659710	0	34129761	133	4	32791042	762606	RepartitionExec[Merge]=32791042;RepartitionExec=1337895;OrderedPartialAggregateStream=824
event	86297	release_after_refusal	RepartitionExec[0]	1	188275	525461	34055798	133	4	32905354		RepartitionExec[Merge]=32905354;RepartitionExec=1149620;OrderedPartialAggregateStream=824
event	86403	refusal	RepartitionExec[1]	1	234572	624159	34528237	133	4	33328986	758561	RepartitionExec[Merge]=33328986;RepartitionExec=1197603;OrderedPartialAggregateStream=1648
event	86494	refusal	RepartitionExec[0]	1	222437	573444	34642405	132	4	33442330	763449	RepartitionExec[Merge]=33442330;RepartitionExec=1197603;OrderedPartialAggregateStream=2472
event	86545	refusal	RepartitionExec[0]	1	244013	573444	34643229	132	4	33442330	763449	RepartitionExec[Merge]=33442330;RepartitionExec=1197603;OrderedPartialAggregateStream=3296
event	86570	refusal	RepartitionExec[0]	1	206591	573444	34643229	132	4	33442330	763449	RepartitionExec[Merge]=33442330;RepartitionExec=1197603;OrderedPartialAggregateStream=3296
event	86677	refusal	RepartitionExec[1]	1	222437	624159	34756753	131	4	33555854	768411	RepartitionExec[Merge]=33555854;RepartitionExec=1197603;OrderedPartialAggregateStream=3296
event	86692	refusal	OrderedPartialAggregateStream[123]	1	905140	0	34863617	131	4	33662718	767595	RepartitionExec[Merge]=33662718;RepartitionExec=1197603;OrderedPartialAggregateStream=3296
event	86695	refusal	RepartitionExec[0]	1	301565	573444	34863617	131	4	33662718	767595	RepartitionExec[Merge]=33662718;RepartitionExec=1197603;OrderedPartialAggregateStream=3296
event	86744	refusal	RepartitionExec[1]	1	244013	624159	34864441	131	4	33662718	767595	RepartitionExec[Merge]=33662718;RepartitionExec=1197603;OrderedPartialAggregateStream=4120
event	86753	refusal	RepartitionExec[1]	1	206591	624159	34864441	131	4	33662718	767595	RepartitionExec[Merge]=33662718;RepartitionExec=1197603;OrderedPartialAggregateStream=4120
event	86764	refusal	RepartitionExec[0]	1	320780	573444	34864441	131	4	33662718	767595	RepartitionExec[Merge]=33662718;RepartitionExec=1197603;OrderedPartialAggregateStream=4120
event	86810	refusal	OrderedPartialAggregateStream[97]	1	948772	0	34982181	131	4	33780458	766696	RepartitionExec[Merge]=33780458;RepartitionExec=1197603;OrderedPartialAggregateStream=4120
event	86836	refusal	OrderedPartialAggregateStream[65]	1	984709	0	34982181	131	4	33780458	766696	RepartitionExec[Merge]=33780458;RepartitionExec=1197603;OrderedPartialAggregateStream=4120
event	86914	refusal	RepartitionExec[1]	1	301565	624159	35098261	130	4	33897362	771695	RepartitionExec[Merge]=33897362;RepartitionExec=1197603;OrderedPartialAggregateStream=3296
event	87007	refusal	RepartitionExec[1]	1	320780	624159	35098261	129	4	33897362	777677	RepartitionExec[Merge]=33897362;RepartitionExec=1197603;OrderedPartialAggregateStream=3296
event	87032	refusal	RepartitionExec[1]	1	189286	624159	35286723	128	4	33897362	783752	RepartitionExec[Merge]=33897362;RepartitionExec=1386889;OrderedPartialAggregateStream=2472
event	87037	refusal	OrderedPartialAggregateStream[46]	1	1045322	0	35286723	128	4	33897362	783752	RepartitionExec[Merge]=33897362;RepartitionExec=1386889;OrderedPartialAggregateStream=2472
event	87074	refusal	OrderedPartialAggregateStream[130]	1	906670	0	35402003	128	4	34012642	782852	RepartitionExec[Merge]=34012642;RepartitionExec=1386889;OrderedPartialAggregateStream=2472
event	87161	refusal	RepartitionExec[0]	1	205804	762730	35402003	127	4	34012642	789016	RepartitionExec[Merge]=34012642;RepartitionExec=1386889;OrderedPartialAggregateStream=2472
event	87341	refusal	RepartitionExec[0]	1	219401	762730	35401179	125	4	34012642	801640	RepartitionExec[Merge]=34012642;RepartitionExec=1386889;OrderedPartialAggregateStream=1648
event	87411	refusal	RepartitionExec[1]	1	205804	624159	35402827	125	4	34012642	801640	RepartitionExec[Merge]=34012642;RepartitionExec=1386889;OrderedPartialAggregateStream=3296
event	87414	refusal	RepartitionExec[0]	1	189849	762730	35402827	125	4	34012642	801640	RepartitionExec[Merge]=34012642;RepartitionExec=1386889;OrderedPartialAggregateStream=3296
event	87461	refusal	RepartitionExec[0]	1	231539	762730	35515515	125	4	34125330	800739	RepartitionExec[Merge]=34125330;RepartitionExec=1386889;OrderedPartialAggregateStream=3296
event	87524	refusal	RepartitionExec[1]	1	219401	624159	35624823	125	4	34234638	799864	RepartitionExec[Merge]=34234638;RepartitionExec=1386889;OrderedPartialAggregateStream=3296
event	87606	refusal	RepartitionExec[1]	1	189849	624159	35624823	125	4	34234638	799864	RepartitionExec[Merge]=34234638;RepartitionExec=1386889;OrderedPartialAggregateStream=3296
event	87705	refusal	OrderedPartialAggregateStream[284]	1	1830746	0	35738639	124	4	34349278	805390	RepartitionExec[Merge]=34349278;RepartitionExec=1386889;OrderedPartialAggregateStream=2472
event	87777	refusal	RepartitionExec[1]	1	231539	624159	35855395	124	4	34466034	804449	RepartitionExec[Merge]=34466034;RepartitionExec=1386889;OrderedPartialAggregateStream=2472
event	87958	refusal	OrderedPartialAggregateStream[109]	1	904456	0	35964351	122	4	34576638	816730	RepartitionExec[Merge]=34576638;RepartitionExec=1386889;OrderedPartialAggregateStream=824
event	88212	refusal	OrderedPartialAggregateStream[294]	1	1873910	0	35963527	121	4	34576638	823480	RepartitionExec[Merge]=34576638;RepartitionExec=1386889
event	88286	refusal	OrderedPartialAggregateStream[262]	1	1686080	0	35963527	121	4	34576638	823480	RepartitionExec[Merge]=34576638;RepartitionExec=1386889
event	88302	refusal	OrderedPartialAggregateStream[264]	1	1664849	0	35963527	121	4	34576638	823480	RepartitionExec[Merge]=34576638;RepartitionExec=1386889
event	88368	refusal	OrderedPartialAggregateStream[124]	1	924391	0	35964351	121	4	34576638	823480	RepartitionExec[Merge]=34576638;RepartitionExec=1386889;OrderedPartialAggregateStream=824
event	88372	refusal	RepartitionExec[0]	1	188950	762730	35964351	121	4	34576638	823480	RepartitionExec[Merge]=34576638;RepartitionExec=1386889;OrderedPartialAggregateStream=824
event	88411	refusal	OrderedPartialAggregateStream[93]	1	951445	0	35964351	121	4	34576638	823480	RepartitionExec[Merge]=34576638;RepartitionExec=1386889;OrderedPartialAggregateStream=824
event	88559	refusal	OrderedPartialAggregateStream[137]	1	896896	0	36274929	121	4	34698266	822474	RepartitionExec[Merge]=34698266;RepartitionExec=1575839;OrderedPartialAggregateStream=824
event	88595	refusal	OrderedPartialAggregateStream[251]	1	1075652	0	36274929	121	4	34698266	822474	RepartitionExec[Merge]=34698266;RepartitionExec=1575839;OrderedPartialAggregateStream=824
event	88773	refusal	RepartitionExec[0]	1	206815	762730	36549153	120	4	34971666	827050	RepartitionExec[Merge]=34971666;RepartitionExec=1575839;OrderedPartialAggregateStream=1648
event	88800	refusal	RepartitionExec[0]	1	186138	762730	36549153	120	4	34971666	827050	RepartitionExec[Merge]=34971666;RepartitionExec=1575839;OrderedPartialAggregateStream=1648
event	88849	refusal	OrderedPartialAggregateStream[110]	1	915499	0	36550801	120	4	34971666	827050	RepartitionExec[Merge]=34971666;RepartitionExec=1575839;OrderedPartialAggregateStream=3296
event	88866	refusal	RepartitionExec[0]	1	322690	762730	36550801	120	4	34971666	827050	RepartitionExec[Merge]=34971666;RepartitionExec=1575839;OrderedPartialAggregateStream=3296
event	88912	refusal	RepartitionExec[0]	1	385508	762730	36550801	120	4	34971666	827050	RepartitionExec[Merge]=34971666;RepartitionExec=1575839;OrderedPartialAggregateStream=3296
event	88935	refusal	RepartitionExec[1]	1	186138	813109	36551625	120	4	34971666	827050	RepartitionExec[Merge]=34971666;RepartitionExec=1575839;OrderedPartialAggregateStream=4120
event	88958	refusal	RepartitionExec[1]	1	206815	813109	36551625	120	4	34971666	827050	RepartitionExec[Merge]=34971666;RepartitionExec=1575839;OrderedPartialAggregateStream=4120
event	88972	refusal	RepartitionExec[0]	1	196590	762730	36551625	120	4	34971666	827050	RepartitionExec[Merge]=34971666;RepartitionExec=1575839;OrderedPartialAggregateStream=4120
event	89055	refusal	RepartitionExec[1]	1	322690	813109	36554097	120	4	34971666	827050	RepartitionExec[Merge]=34971666;RepartitionExec=1575839;OrderedPartialAggregateStream=6592
event	89059	refusal	RepartitionExec[0]	1	243002	762730	36554097	120	4	34971666	827050	RepartitionExec[Merge]=34971666;RepartitionExec=1575839;OrderedPartialAggregateStream=6592
event	89080	refusal	RepartitionExec[0]	1	330669	762730	36554097	120	4	34971666	827050	RepartitionExec[Merge]=34971666;RepartitionExec=1575839;OrderedPartialAggregateStream=6592
event	89107	refusal	RepartitionExec[0]	1	401917	762730	36554097	120	4	34971666	827050	RepartitionExec[Merge]=34971666;RepartitionExec=1575839;OrderedPartialAggregateStream=6592
event	89147	refusal	RepartitionExec[1]	1	385508	813109	36554097	119	4	34971666	834000	RepartitionExec[Merge]=34971666;RepartitionExec=1575839;OrderedPartialAggregateStream=6592
event	89151	refusal	RepartitionExec[0]	1	193218	762730	36554097	119	4	34971666	834000	RepartitionExec[Merge]=34971666;RepartitionExec=1575839;OrderedPartialAggregateStream=6592
event	89182	refusal	RepartitionExec[1]	1	196590	813109	36554097	119	4	34971666	834000	RepartitionExec[Merge]=34971666;RepartitionExec=1575839;OrderedPartialAggregateStream=6592
event	89259	refusal	OrderedPartialAggregateStream[67]	1	1013743	0	36672149	119	4	35089718	833008	RepartitionExec[Merge]=35089718;RepartitionExec=1575839;OrderedPartialAggregateStream=6592
event	89268	refusal	RepartitionExec[1]	1	243002	813109	36672149	119	4	35089718	833008	RepartitionExec[Merge]=35089718;RepartitionExec=1575839;OrderedPartialAggregateStream=6592
event	89450	refusal	RepartitionExec[1]	1	193218	813109	36784993	117	4	35204210	846269	RepartitionExec[Merge]=35204210;RepartitionExec=1575839;OrderedPartialAggregateStream=4944
event	89451	refusal	RepartitionExec[1]	1	330669	813109	36784993	117	4	35204210	846269	RepartitionExec[Merge]=35204210;RepartitionExec=1575839;OrderedPartialAggregateStream=4944
event	89466	refusal	OrderedPartialAggregateStream[43]	1	1090988	0	36784993	117	4	35204210	846269	RepartitionExec[Merge]=35204210;RepartitionExec=1575839;OrderedPartialAggregateStream=4944
event	89503	refusal	OrderedPartialAggregateStream[30]	1	1673489	0	36784993	117	4	35204210	846269	RepartitionExec[Merge]=35204210;RepartitionExec=1575839;OrderedPartialAggregateStream=4944
event	89526	refusal	OrderedPartialAggregateStream[145]	1	889417	0	36784993	117	4	35204210	846269	RepartitionExec[Merge]=35204210;RepartitionExec=1575839;OrderedPartialAggregateStream=4944
event	89694	refusal	RepartitionExec[1]	1	401917	813109	36897981	114	4	35319670	867526	RepartitionExec[Merge]=35319670;RepartitionExec=1575839;OrderedPartialAggregateStream=2472
event	89716	refusal	OrderedPartialAggregateStream[98]	1	943885	0	36897981	114	4	35319670	867526	RepartitionExec[Merge]=35319670;RepartitionExec=1575839;OrderedPartialAggregateStream=2472
event	89930	refusal	RepartitionExec[0]	1	248844	762730	37150525	113	4	35570566	872983	RepartitionExec[Merge]=35570566;RepartitionExec=1575839;OrderedPartialAggregateStream=4120
event	89947	refusal	RepartitionExec[0]	1	230416	762730	37150525	113	4	35570566	872983	RepartitionExec[Merge]=35570566;RepartitionExec=1575839;OrderedPartialAggregateStream=4120
event	89951	refusal	RepartitionExec[0]	1	183329	762730	37270349	113	4	35690390	871923	RepartitionExec[Merge]=35690390;RepartitionExec=1575839;OrderedPartialAggregateStream=4120
event	90104	refusal	RepartitionExec[0]	1	203894	762730	37387929	112	4	35807146	878665	RepartitionExec[Merge]=35807146;RepartitionExec=1575839;OrderedPartialAggregateStream=4944
event	90136	refusal	RepartitionExec[1]	1	248844	813109	37387929	112	4	35807146	878665	RepartitionExec[Merge]=35807146;RepartitionExec=1575839;OrderedPartialAggregateStream=4944
event	90152	refusal	RepartitionExec[0]	1	325950	762730	37387929	112	4	35807146	878665	RepartitionExec[Merge]=35807146;RepartitionExec=1575839;OrderedPartialAggregateStream=4944
event	90179	refusal	RepartitionExec[1]	1	230416	813109	37387929	112	4	35807146	878665	RepartitionExec[Merge]=35807146;RepartitionExec=1575839;OrderedPartialAggregateStream=4944
event	90199	refusal	OrderedPartialAggregateStream[92]	1	940348	0	37413173	112	4	35832390	878440	RepartitionExec[Merge]=35832390;RepartitionExec=1575839;OrderedPartialAggregateStream=4944
event	90202	refusal	RepartitionExec[1]	1	183329	813109	37502421	112	4	35921638	877643	RepartitionExec[Merge]=35921638;RepartitionExec=1575839;OrderedPartialAggregateStream=4944
event	90282	refusal	OrderedPartialAggregateStream[295]	1	3156124	0	37502421	112	4	35921638	877643	RepartitionExec[Merge]=35921638;RepartitionExec=1575839;OrderedPartialAggregateStream=4944
event	90309	refusal	RepartitionExec[1]	1	203894	813109	37621917	112	4	36041134	876576	RepartitionExec[Merge]=36041134;RepartitionExec=1575839;OrderedPartialAggregateStream=4944
event	90365	refusal	OrderedPartialAggregateStream[152]	1	906400	0	37621917	112	4	36041134	876576	RepartitionExec[Merge]=36041134;RepartitionExec=1575839;OrderedPartialAggregateStream=4944
event	90404	refusal	RepartitionExec[1]	1	325950	813109	37737537	111	4	36157578	883424	RepartitionExec[Merge]=36157578;RepartitionExec=1575839;OrderedPartialAggregateStream=4120
event	90514	refusal	RepartitionExec[0]	1	202547	762730	37857977	108	4	36279666	906833	RepartitionExec[Merge]=36279666;RepartitionExec=1575839;OrderedPartialAggregateStream=2472
event	90629	refusal	RepartitionExec[0]	1	189734	762730	38877610	108	4	36404018	905682	RepartitionExec[Merge]=36404018;RepartitionExec=1575839;OrderedPartialAggregateStream=897753
event	90726	refusal	RepartitionExec[1]	1	202547	813109	38876786	107	4	36404018	914146	RepartitionExec[Merge]=36404018;RepartitionExec=1575839;OrderedPartialAggregateStream=896929
event	91054	refusal	RepartitionExec[1]	1	189734	813109	41580407	107	4	36404018	914146	RepartitionExec[Merge]=36404018;OrderedPartialAggregateStream=3600550;RepartitionExec=1575839
event	91422	refusal	RepartitionExec[0]	1	175817	762730	40984293	106	4	36540554	921482	RepartitionExec[Merge]=36540554;OrderedPartialAggregateStream=2867900;RepartitionExec=1575839
event	91504	refusal	OrderedPartialAggregateStream[94]	1	968707	0	40367947	105	4	36674678	928981	RepartitionExec[Merge]=36674678;OrderedPartialAggregateStream=2117430;RepartitionExec=1575839
event	91547	refusal	RepartitionExec[0]	1	183779	762730	40367947	105	4	36674678	928981	RepartitionExec[Merge]=36674678;OrderedPartialAggregateStream=2117430;RepartitionExec=1575839
event	91768	refusal	RepartitionExec[1]	1	175817	813109	39625344	105	4	36674678	928981	RepartitionExec[Merge]=36674678;RepartitionExec=1575839;OrderedPartialAggregateStream=1374827
event	91773	refusal	RepartitionExec[1]	1	183779	813109	39625344	105	4	36674678	928981	RepartitionExec[Merge]=36674678;RepartitionExec=1575839;OrderedPartialAggregateStream=1374827
event	91933	refusal	RepartitionExec[0]	1	171521	762730	38902937	105	4	36674678	928981	RepartitionExec[Merge]=36674678;RepartitionExec=1575839;OrderedPartialAggregateStream=652420
event	92018	refusal	RepartitionExec[0]	1	180620	762730	39040949	105	4	36812690	927667	RepartitionExec[Merge]=36812690;RepartitionExec=1575839;OrderedPartialAggregateStream=652420
event	92160	refusal	OrderedPartialAggregateStream[295]	1	1036232	0	38899903	105	4	36937042	926482	RepartitionExec[Merge]=36937042;RepartitionExec=1635887;OrderedPartialAggregateStream=326974
event	92164	refusal	RepartitionExec[0]	1	213335	762730	38900727	105	4	36937042	926482	RepartitionExec[Merge]=36937042;RepartitionExec=1635887;OrderedPartialAggregateStream=326974
event	92173	refusal	RepartitionExec[1]	1	171521	873157	38900727	105	4	36937042	926482	RepartitionExec[Merge]=36937042;RepartitionExec=1635887;OrderedPartialAggregateStream=327798
event	92180	refusal	OrderedPartialAggregateStream[99]	1	931087	0	38900727	105	4	36937042	926482	RepartitionExec[Merge]=36937042;RepartitionExec=1635887;OrderedPartialAggregateStream=327798
event	92186	refusal	RepartitionExec[1]	1	180620	873157	38900727	105	4	36937042	926482	RepartitionExec[Merge]=36937042;RepartitionExec=1635887;OrderedPartialAggregateStream=327798
event	92289	refusal	RepartitionExec[0]	1	578828	762730	39799684	105	4	36937042	926482	RepartitionExec[Merge]=36937042;RepartitionExec=1635887;OrderedPartialAggregateStream=1226755
event	92355	refusal	RepartitionExec[1]	1	213335	873157	39933808	105	4	37071166	925205	RepartitionExec[Merge]=37071166;RepartitionExec=1635887;OrderedPartialAggregateStream=1226755
event	92485	refusal	RepartitionExec[1]	1	30024	903181	39773930	105	4	37205766	923923	RepartitionExec[Merge]=37205766;RepartitionExec=1665911;OrderedPartialAggregateStream=902253
event	92511	release_after_refusal	RepartitionExec[0]	1	234572	528158	39680290	105	4	37346698		RepartitionExec[Merge]=37346698;RepartitionExec=1431339;OrderedPartialAggregateStream=902253
event	92534	refusal	RepartitionExec[1]	1	199063	903181	39911833	105	4	37346698	922581	RepartitionExec[Merge]=37346698;RepartitionExec=1630402;OrderedPartialAggregateStream=902253
event	92593	refusal	OrderedPartialAggregateStream[288]	1	2154148	0	39407631	103	4	37612710	937912	RepartitionExec[Merge]=37612710;RepartitionExec=1630402;OrderedPartialAggregateStream=164519
event	92633	refusal	RepartitionExec[1]	1	177713	903181	39585344	103	4	37612710	937912	RepartitionExec[Merge]=37612710;RepartitionExec=1808115;OrderedPartialAggregateStream=164519
event	92641	refusal	RepartitionExec[1]	1	578828	903181	39585344	103	4	37612710	937912	RepartitionExec[Merge]=37612710;RepartitionExec=1808115;OrderedPartialAggregateStream=164519
event	93137	refusal	OrderedPartialAggregateStream[293]	1	1812908	0	39980461	101	4	38142322	951241	RepartitionExec[Merge]=38142322;RepartitionExec=1838139
event	93248	refusal	OrderedPartialAggregateStream[5]	1	1796699	0	41048083	101	4	38286174	949817	RepartitionExec[Merge]=38286174;RepartitionExec=1838139
event	93414	refusal	OrderedPartialAggregateStream[33]	1	1695044	0	41187391	101	4	38425482	948438	RepartitionExec[Merge]=38425482;RepartitionExec=1838139;OrderedPartialAggregateStream=923770
event	93666	refusal	RepartitionExec[0]	1	188330	904934	40846732	101	4	38843554	944298	RepartitionExec[Merge]=38843554;RepartitionExec=1838139;OrderedPartialAggregateStream=165039
event	93672	refusal	RepartitionExec[0]	1	486308	904934	40846732	101	4	38843554	944298	RepartitionExec[Merge]=38843554;RepartitionExec=1838139;OrderedPartialAggregateStream=165039
event	93889	refusal	RepartitionExec[1]	1	188330	933205	40847556	101	4	38843554	944298	RepartitionExec[Merge]=38843554;RepartitionExec=1838139;OrderedPartialAggregateStream=165863
event	93952	refusal	RepartitionExec[0]	1	372586	904934	40848380	101	4	38843554	944298	RepartitionExec[Merge]=38843554;RepartitionExec=1838139;OrderedPartialAggregateStream=166687
event	93982	refusal	RepartitionExec[0]	1	378767	904934	40848380	101	4	38843554	944298	RepartitionExec[Merge]=38843554;RepartitionExec=1838139;OrderedPartialAggregateStream=166687
event	94019	refusal	RepartitionExec[1]	1	486308	933205	41754141	101	4	38843554	944298	RepartitionExec[Merge]=38843554;RepartitionExec=1838139;OrderedPartialAggregateStream=1072448
event	94143	refusal	RepartitionExec[1]	1	372586	933205	42521297	101	4	38843554	944298	RepartitionExec[Merge]=38843554;RepartitionExec=1868163;OrderedPartialAggregateStream=1809580
event	94172	refusal	RepartitionExec[0]	1	334153	934958	42521297	101	4	38843554	944298	RepartitionExec[Merge]=38843554;RepartitionExec=1868163;OrderedPartialAggregateStream=1809580
event	94200	refusal	RepartitionExec[1]	1	378767	933205	43451070	101	4	38843554	944298	RepartitionExec[Merge]=38843554;OrderedPartialAggregateStream=2739353;RepartitionExec=1868163
event	94253	refusal	OrderedPartialAggregateStream[228]	1	984763	0	43450246	100	4	38843554	953741	RepartitionExec[Merge]=38843554;OrderedPartialAggregateStream=2738529;RepartitionExec=1868163
event	94268	refusal	OrderedPartialAggregateStream[24]	1	1621829	0	43450246	100	4	38843554	953741	RepartitionExec[Merge]=38843554;OrderedPartialAggregateStream=2738529;RepartitionExec=1868163
event	94338	refusal	RepartitionExec[0]	1	180620	934958	42706900	99	4	38843554	963375	RepartitionExec[Merge]=38843554;OrderedPartialAggregateStream=1995183;RepartitionExec=1868163
event	94390	refusal	RepartitionExec[1]	1	334153	933205	41969328	99	4	38843554	963375	RepartitionExec[Merge]=38843554;RepartitionExec=1868163;OrderedPartialAggregateStream=1257611
event	94441	refusal	RepartitionExec[0]	1	178346	934958	41968504	98	4	38843554	973205	RepartitionExec[Merge]=38843554;RepartitionExec=1868163;OrderedPartialAggregateStream=1256787
event	94497	refusal	OrderedPartialAggregateStream[283]	1	3310771	0	41203266	98	4	38843554	973205	RepartitionExec[Merge]=38843554;RepartitionExec=1868163;OrderedPartialAggregateStream=491549
event	94521	refusal	RepartitionExec[1]	1	180620	933205	41203266	98	4	38843554	973205	RepartitionExec[Merge]=38843554;RepartitionExec=1868163;OrderedPartialAggregateStream=491549
event	94543	refusal	RepartitionExec[0]	1	190856	934958	41203266	98	4	38843554	973205	RepartitionExec[Merge]=38843554;RepartitionExec=1868163;OrderedPartialAggregateStream=491549
event	94599	refusal	OrderedPartialAggregateStream[28]	1	1732799	0	41204090	98	4	38843554	973205	RepartitionExec[Merge]=38843554;RepartitionExec=1868163;OrderedPartialAggregateStream=492373
event	94650	refusal	RepartitionExec[0]	1	219401	934958	42085461	98	4	38843554	973205	RepartitionExec[Merge]=38843554;RepartitionExec=1868163;OrderedPartialAggregateStream=1373744
event	94720	refusal	RepartitionExec[1]	1	178346	933205	42084637	97	4	38843554	983238	RepartitionExec[Merge]=38843554;RepartitionExec=1868163;OrderedPartialAggregateStream=1372920
event	94793	refusal	RepartitionExec[1]	1	190856	963229	41951422	97	4	38843554	983238	RepartitionExec[Merge]=38843554;RepartitionExec=1898187;OrderedPartialAggregateStream=1209681
event	94817	refusal	RepartitionExec[1]	1	219401	963229	41951422	97	4	38843554	983238	RepartitionExec[Merge]=38843554;RepartitionExec=1898187;OrderedPartialAggregateStream=1209681
event	94903	refusal	RepartitionExec[1]	1	30024	963229	41789295	97	4	38843554	983238	RepartitionExec[Merge]=38843554;RepartitionExec=1898187;OrderedPartialAggregateStream=1047554
event	94912	refusal	RepartitionExec[0]	1	306396	934958	41789295	97	4	38843554	983238	RepartitionExec[Merge]=38843554;RepartitionExec=1898187;OrderedPartialAggregateStream=1047554
event	94969	refusal	RepartitionExec[0]	1	170258	964982	41819474	97	4	38843554	983238	RepartitionExec[Merge]=38843554;RepartitionExec=1928211;OrderedPartialAggregateStream=1047709
event	95116	refusal	RepartitionExec[1]	1	170258	963229	41819474	96	4	38843554	993480	RepartitionExec[Merge]=38843554;RepartitionExec=1928211;OrderedPartialAggregateStream=1047709
event	95125	refusal	RepartitionExec[1]	1	306396	963229	41819474	96	4	38843554	993480	RepartitionExec[Merge]=38843554;RepartitionExec=1928211;OrderedPartialAggregateStream=1047709
event	95130	refusal	RepartitionExec[0]	1	348425	964982	41819474	96	4	38843554	993480	RepartitionExec[Merge]=38843554;RepartitionExec=1928211;OrderedPartialAggregateStream=1047709
event	95162	refusal	OrderedPartialAggregateStream[283]	1	1036360	0	41819474	96	4	38843554	993480	RepartitionExec[Merge]=38843554;RepartitionExec=1928211;OrderedPartialAggregateStream=1047709
event	95228	refusal	RepartitionExec[0]	1	171395	964982	41098235	96	4	38843554	993480	RepartitionExec[Merge]=38843554;RepartitionExec=1928211;OrderedPartialAggregateStream=326470
event	95238	refusal	RepartitionExec[0]	1	637375	964982	41098235	96	4	38843554	993480	RepartitionExec[Merge]=38843554;RepartitionExec=1928211;OrderedPartialAggregateStream=326470
event	95251	refusal	OrderedPartialAggregateStream[17]	1	3360307	0	41098235	96	4	38843554	993480	RepartitionExec[Merge]=38843554;RepartitionExec=1928211;OrderedPartialAggregateStream=326470
event	95382	refusal	OrderedPartialAggregateStream[296]	1	1925147	0	40965508	95	4	38843554	1003938	RepartitionExec[Merge]=38843554;RepartitionExec=1958235;OrderedPartialAggregateStream=163719
event	95454	refusal	RepartitionExec[1]	1	171395	993253	40965508	95	4	38843554	1003938	RepartitionExec[Merge]=38843554;RepartitionExec=1958235;OrderedPartialAggregateStream=163719
event	95478	refusal	RepartitionExec[1]	1	348425	993253	40965508	95	4	38843554	1003938	RepartitionExec[Merge]=38843554;RepartitionExec=1958235;OrderedPartialAggregateStream=163719
event	95677	refusal	RepartitionExec[1]	1	637375	993253	40965508	95	4	38843554	1003938	RepartitionExec[Merge]=38843554;RepartitionExec=1958235;OrderedPartialAggregateStream=163719
event	95713	refusal	RepartitionExec[1]	1	30024	993253	40803437	95	4	38843554	1003938	RepartitionExec[Merge]=38843554;RepartitionExec=1958235;OrderedPartialAggregateStream=1648
event	95884	release_after_refusal	RepartitionExec[0]	1	338872	626110	41378934	94	4	38843554		RepartitionExec[Merge]=38843554;RepartitionExec=1619363;OrderedPartialAggregateStream=916017
event	96185	refusal	RepartitionExec[1]	1	184664	993253	42307266	93	4	39449994	1019007	RepartitionExec[Merge]=39449994;RepartitionExec=1804027;OrderedPartialAggregateStream=1053245
event	96234	refusal	RepartitionExec[1]	1	173291	993253	41754198	93	4	39449994	1019007	RepartitionExec[Merge]=39449994;RepartitionExec=1977318;OrderedPartialAggregateStream=326886
event	96261	refusal	RepartitionExec[0]	1	421244	984065	41788334	93	4	39449994	1019007	RepartitionExec[Merge]=39449994;RepartitionExec=1977318;OrderedPartialAggregateStream=326886
event	96472	refusal	OrderedPartialAggregateStream[0]	1	2216941	0	43450645	93	4	39604866	1017342	RepartitionExec[Merge]=39604866;RepartitionExec=2007342;OrderedPartialAggregateStream=1838437
event	96476	refusal	RepartitionExec[1]	1	30024	993253	43450645	93	4	39604866	1017342	RepartitionExec[Merge]=39604866;RepartitionExec=2007342;OrderedPartialAggregateStream=1838437
event	96595	refusal	RepartitionExec[1]	1	421244	993253	43610061	93	4	39764282	1015628	RepartitionExec[Merge]=39764282;RepartitionExec=2007342;OrderedPartialAggregateStream=1838437
event	96598	refusal	OrderedPartialAggregateStream[17]	1	1036360	0	43610061	93	4	39764282	1015628	RepartitionExec[Merge]=39764282;RepartitionExec=2007342;OrderedPartialAggregateStream=1838437
event	96658	refusal	RepartitionExec[0]	1	190604	1014089	42988558	93	4	39906658	1014097	RepartitionExec[Merge]=39906658;RepartitionExec=2007342;OrderedPartialAggregateStream=1074558
event	96711	refusal	RepartitionExec[0]	1	181757	1014089	42243534	93	4	39906658	1014097	RepartitionExec[Merge]=39906658;RepartitionExec=2007342;OrderedPartialAggregateStream=329534
event	96716	refusal	RepartitionExec[0]	1	656142	1014089	42243534	93	4	39906658	1014097	RepartitionExec[Merge]=39906658;RepartitionExec=2007342;OrderedPartialAggregateStream=329534
event	96736	refusal	OrderedPartialAggregateStream[31]	1	1630460	0	42243534	93	4	39906658	1014097	RepartitionExec[Merge]=39906658;RepartitionExec=2007342;OrderedPartialAggregateStream=329534
event	96840	refusal	RepartitionExec[1]	1	190604	993253	42574858	92	4	40238806	1021510	RepartitionExec[Merge]=40238806;RepartitionExec=2007342;OrderedPartialAggregateStream=328710
event	96874	refusal	RepartitionExec[1]	1	181757	993253	43506656	92	4	40238806	1021510	RepartitionExec[Merge]=40238806;RepartitionExec=2007342;OrderedPartialAggregateStream=1260508
event	96889	refusal	OrderedPartialAggregateStream[255]	1	1607915	0	43506656	92	4	40238806	1021510	RepartitionExec[Merge]=40238806;RepartitionExec=2007342;OrderedPartialAggregateStream=1260508
event	96999	refusal	OrderedPartialAggregateStream[298]	1	1900964	0	43676944	92	4	40409094	1019659	RepartitionExec[Merge]=40409094;RepartitionExec=2007342;OrderedPartialAggregateStream=1260508
event	97015	refusal	RepartitionExec[1]	1	656142	993253	43676944	92	4	40409094	1019659	RepartitionExec[Merge]=40409094;RepartitionExec=2007342;OrderedPartialAggregateStream=1260508
event	97040	refusal	RepartitionExec[0]	1	30024	1014089	43648829	92	4	40545482	1018176	RepartitionExec[Merge]=40545482;RepartitionExec=2007342;OrderedPartialAggregateStream=1096005
event	97090	refusal	RepartitionExec[0]	1	30024	1014089	44384961	92	4	40545482	1018176	RepartitionExec[Merge]=40545482;RepartitionExec=2007342;OrderedPartialAggregateStream=1832137
event	97189	refusal	RepartitionExec[0]	1	191741	1014089	43618625	92	4	40545482	1018176	RepartitionExec[Merge]=40545482;RepartitionExec=2007342;OrderedPartialAggregateStream=1065801
event	97293	refusal	RepartitionExec[0]	1	309656	1014089	43619449	92	4	40545482	1018176	RepartitionExec[Merge]=40545482;RepartitionExec=2007342;OrderedPartialAggregateStream=1066625
event	97325	refusal	RepartitionExec[0]	1	510133	1014089	43756953	92	4	40682986	1016681	RepartitionExec[Merge]=40682986;RepartitionExec=2007342;OrderedPartialAggregateStream=1066625
event	97413	refusal	RepartitionExec[1]	1	191741	993253	43019517	91	4	40682986	1027854	RepartitionExec[Merge]=40682986;RepartitionExec=2007342;OrderedPartialAggregateStream=329189
event	97431	refusal	RepartitionExec[0]	1	177965	1014089	43019517	91	4	40682986	1027854	RepartitionExec[Merge]=40682986;RepartitionExec=2007342;OrderedPartialAggregateStream=329189
event	97509	refusal	RepartitionExec[1]	1	309656	993253	44059216	91	4	40835446	1026178	RepartitionExec[Merge]=40835446;RepartitionExec=2007342;OrderedPartialAggregateStream=1216428
event	97578	refusal	OrderedPartialAggregateStream[18]	1	1873865	0	44955200	91	4	40973130	1024665	RepartitionExec[Merge]=40973130;RepartitionExec=2007342;OrderedPartialAggregateStream=2004816
event	97586	refusal	RepartitionExec[1]	1	510133	1023341	44985288	91	4	40973130	1024665	RepartitionExec[Merge]=40973130;RepartitionExec=2037430;OrderedPartialAggregateStream=1974728
event	97602	refusal	RepartitionExec[0]	1	301114	1014089	44986112	91	4	40973130	1024665	RepartitionExec[Merge]=40973130;RepartitionExec=2037430;OrderedPartialAggregateStream=1975552
event	97609	refusal	OrderedPartialAggregateStream[25]	1	1644752	0	44986112	91	4	40973130	1024665	RepartitionExec[Merge]=40973130;RepartitionExec=2037430;OrderedPartialAggregateStream=1975552
event	97615	refusal	RepartitionExec[1]	1	177965	1023341	44986112	91	4	40973130	1024665	RepartitionExec[Merge]=40973130;RepartitionExec=2037430;OrderedPartialAggregateStream=1975552
event	97683	refusal	RepartitionExec[0]	1	412142	1014089	45130424	91	4	41117442	1023080	RepartitionExec[Merge]=41117442;RepartitionExec=2037430;OrderedPartialAggregateStream=1975552
event	97763	refusal	RepartitionExec[0]	1	172784	1014089	44545540	90	4	41258374	1032881	RepartitionExec[Merge]=41258374;RepartitionExec=2037430;OrderedPartialAggregateStream=1249736
event	97854	refusal	RepartitionExec[1]	1	301114	1023341	43787545	90	4	41258374	1032881	RepartitionExec[Merge]=41258374;RepartitionExec=2037430;OrderedPartialAggregateStream=491741
event	97856	refusal	RepartitionExec[0]	1	187571	1014089	43787545	90	4	41258374	1032881	RepartitionExec[Merge]=41258374;RepartitionExec=2037430;OrderedPartialAggregateStream=491741
event	97932	refusal	RepartitionExec[1]	1	412142	1023341	43786721	89	4	41258374	1044487	RepartitionExec[Merge]=41258374;RepartitionExec=2037430;OrderedPartialAggregateStream=490917
event	97959	refusal	RepartitionExec[1]	1	172784	1023341	43786721	89	4	41258374	1044487	RepartitionExec[Merge]=41258374;RepartitionExec=2037430;OrderedPartialAggregateStream=490917
event	98037	refusal	RepartitionExec[1]	1	187571	1023341	44082525	89	4	41554178	1041163	RepartitionExec[Merge]=41554178;RepartitionExec=2037430;OrderedPartialAggregateStream=490917
event	98090	refusal	OrderedPartialAggregateStream[291]	1	2020799	0	44082525	88	4	41554178	1052994	RepartitionExec[Merge]=41554178;RepartitionExec=2037430;OrderedPartialAggregateStream=490917
event	98121	refusal	RepartitionExec[0]	1	315050	1014089	45146094	88	4	41697046	1051371	RepartitionExec[Merge]=41697046;RepartitionExec=2037430;OrderedPartialAggregateStream=1411618
event	98235	refusal	RepartitionExec[0]	1	30024	1044113	46002638	87	4	41956834	1060470	RepartitionExec[Merge]=41956834;RepartitionExec=2067454;OrderedPartialAggregateStream=1978350
event	98248	refusal	RepartitionExec[0]	1	401802	1044113	46002638	87	4	41956834	1060470	RepartitionExec[Merge]=41956834;RepartitionExec=2067454;OrderedPartialAggregateStream=1978350
event	98312	refusal	RepartitionExec[1]	1	315050	1023341	46002638	87	4	41956834	1060470	RepartitionExec[Merge]=41956834;RepartitionExec=2067454;OrderedPartialAggregateStream=1978350
event	98438	refusal	RepartitionExec[0]	1	186938	1044113	45245976	87	4	41956834	1060470	RepartitionExec[Merge]=41956834;RepartitionExec=2067454;OrderedPartialAggregateStream=1221688
event	98485	refusal	RepartitionExec[1]	1	401802	1023341	44669841	87	4	42111246	1058695	RepartitionExec[Merge]=42111246;RepartitionExec=2067454;OrderedPartialAggregateStream=491141
event	98523	refusal	RepartitionExec[0]	1	175187	1044113	44669841	87	4	42111246	1058695	RepartitionExec[Merge]=42111246;RepartitionExec=2067454;OrderedPartialAggregateStream=491141
event	98587	refusal	RepartitionExec[1]	1	186938	1023341	44669017	86	4	42111246	1071005	RepartitionExec[Merge]=42111246;RepartitionExec=2067454;OrderedPartialAggregateStream=490317
event	98693	refusal	RepartitionExec[1]	1	175187	1023341	44955557	86	4	42397786	1067673	RepartitionExec[Merge]=42397786;RepartitionExec=2067454;OrderedPartialAggregateStream=490317
event	98840	refusal	OrderedPartialAggregateStream[299]	1	1988597	0	45730984	85	4	42397786	1080234	RepartitionExec[Merge]=42397786;RepartitionExec=2097478;OrderedPartialAggregateStream=1235720
event	98882	refusal	RepartitionExec[0]	1	457655	1074137	45598457	85	4	42397786	1080234	RepartitionExec[Merge]=42397786;RepartitionExec=2127502;OrderedPartialAggregateStream=1073169
event	98984	refusal	OrderedPartialAggregateStream[34]	1	1645202	0	45598457	85	4	42397786	1080234	RepartitionExec[Merge]=42397786;RepartitionExec=2127502;OrderedPartialAggregateStream=1073169
event	99050	refusal	RepartitionExec[0]	1	182138	1074137	45833384	85	4	42397786	1080234	RepartitionExec[Merge]=42397786;RepartitionExec=2127502;OrderedPartialAggregateStream=1308096
event	99109	refusal	RepartitionExec[1]	1	457655	1053365	45833384	85	4	42397786	1080234	RepartitionExec[Merge]=42397786;RepartitionExec=2127502;OrderedPartialAggregateStream=1308096
event	99209	refusal	RepartitionExec[1]	1	182138	1053365	45833384	85	4	42397786	1080234	RepartitionExec[Merge]=42397786;RepartitionExec=2127502;OrderedPartialAggregateStream=1308096
event	99277	refusal	OrderedPartialAggregateStream[32]	1	1723484	0	46736859	85	4	42397786	1080234	RepartitionExec[Merge]=42397786;OrderedPartialAggregateStream=2211571;RepartitionExec=2127502
event	99346	refusal	RepartitionExec[0]	1	445293	1074137	46737683	85	4	42397786	1080234	RepartitionExec[Merge]=42397786;OrderedPartialAggregateStream=2212395;RepartitionExec=2127502
event	99415	refusal	RepartitionExec[0]	1	212720	1074137	45789817	84	4	42397786	1093094	RepartitionExec[Merge]=42397786;RepartitionExec=2157526;OrderedPartialAggregateStream=1234505
event	99520	refusal	RepartitionExec[1]	1	445293	1083389	45789817	84	4	42397786	1093094	RepartitionExec[Merge]=42397786;RepartitionExec=2157526;OrderedPartialAggregateStream=1234505
event	99599	refusal	RepartitionExec[1]	1	212720	1083389	45050277	84	4	42397786	1093094	RepartitionExec[Merge]=42397786;RepartitionExec=2157526;OrderedPartialAggregateStream=494965
event	99611	refusal	RepartitionExec[0]	1	179609	1074137	45050277	84	4	42397786	1093094	RepartitionExec[Merge]=42397786;RepartitionExec=2157526;OrderedPartialAggregateStream=494965
event	99619	refusal	RepartitionExec[0]	1	315162	1074137	45050277	84	4	42397786	1093094	RepartitionExec[Merge]=42397786;RepartitionExec=2157526;OrderedPartialAggregateStream=494965
event	99685	refusal	RepartitionExec[0]	1	344829	1074137	45051101	84	4	42397786	1093094	RepartitionExec[Merge]=42397786;RepartitionExec=2157526;OrderedPartialAggregateStream=495789
event	99696	release_after_refusal	RepartitionExec[0]	1	199063	875074	44851214	83	4	42397786		RepartitionExec[Merge]=42397786;RepartitionExec=1958463;OrderedPartialAggregateStream=494965
event	99816	refusal	OrderedPartialAggregateStream[26]	1	1795412	0	46153091	83	4	42785505	1101593	RepartitionExec[Merge]=42785505;RepartitionExec=1958463;OrderedPartialAggregateStream=1409123
event	99875	refusal	RepartitionExec[1]	1	179609	1083389	46015812	83	4	42785505	1101593	RepartitionExec[Merge]=42785505;RepartitionExec=1988487;OrderedPartialAggregateStream=1241820
event	99935	refusal	RepartitionExec[1]	1	315162	1083389	46179296	83	4	42948989	1099623	RepartitionExec[Merge]=42948989;RepartitionExec=1988487;OrderedPartialAggregateStream=1241820
event	100010	refusal	RepartitionExec[1]	1	344829	1083389	46303188	83	4	43072881	1098130	RepartitionExec[Merge]=43072881;RepartitionExec=1988487;OrderedPartialAggregateStream=1241820
event	100056	refusal	RepartitionExec[1]	1	30024	1083389	47135010	83	4	43072881	1098130	RepartitionExec[Merge]=43072881;OrderedPartialAggregateStream=2073642;RepartitionExec=1988487
event	100151	refusal	RepartitionExec[1]	1	184160	1083389	46568699	83	4	43072881	1098130	RepartitionExec[Merge]=43072881;RepartitionExec=2172647;OrderedPartialAggregateStream=1323171
event	100449	refusal	RepartitionExec[0]	1	372135	934618	46459100	81	4	43282433	1122657	RepartitionExec[Merge]=43282433;RepartitionExec=2018007;OrderedPartialAggregateStream=1158660
event	100485	refusal	OrderedPartialAggregateStream[297]	1	1943813	0	46459100	81	4	43282433	1122657	RepartitionExec[Merge]=43282433;RepartitionExec=2018007;OrderedPartialAggregateStream=1158660
event	100514	release_after_refusal	RepartitionExec[0]	1	189286	745332	46269814	81	4	43282433		RepartitionExec[Merge]=43282433;RepartitionExec=1828721;OrderedPartialAggregateStream=1158660
event	100541	refusal	OrderedPartialAggregateStream[22]	1	1692560	0	46295202	81	4	43282433	1122657	RepartitionExec[Merge]=43282433;RepartitionExec=1828721;OrderedPartialAggregateStream=1158660
event	100555	release_after_refusal	RepartitionExec[1]	1	220527	862862	46074675	81	4	43282433		RepartitionExec[Merge]=43282433;RepartitionExec=1608194;OrderedPartialAggregateStream=1158660
event	100596	refusal	OrderedPartialAggregateStream[20]	1	1789157	0	46262921	81	4	43496067	1120020	RepartitionExec[Merge]=43496067;RepartitionExec=1608194;OrderedPartialAggregateStream=1158660
event	100852	refusal	OrderedPartialAggregateStream[286]	1	2176000	0	48255430	80	4	44560794	1120711	RepartitionExec[Merge]=44560794;OrderedPartialAggregateStream=2117939;RepartitionExec=1576697
event	101018	refusal	RepartitionExec[0]	1	203747	963866	47194757	80	4	45010848	1115086	RepartitionExec[Merge]=45010848;RepartitionExec=1854839;OrderedPartialAggregateStream=329070
event	101114	refusal	RepartitionExec[0]	1	333142	963866	47195581	80	4	45010848	1115086	RepartitionExec[Merge]=45010848;RepartitionExec=1854839;OrderedPartialAggregateStream=329894
event	101127	refusal	OrderedPartialAggregateStream[277]	1	1729334	0	47196405	80	4	45010848	1115086	RepartitionExec[Merge]=45010848;RepartitionExec=1854839;OrderedPartialAggregateStream=330718
event	101193	refusal	RepartitionExec[0]	1	428436	963866	47312689	80	4	45126308	1113642	RepartitionExec[Merge]=45126308;RepartitionExec=1854839;OrderedPartialAggregateStream=331542
event	101240	refusal	RepartitionExec[0]	1	369777	963866	47641772	80	4	45251644	1112076	RepartitionExec[Merge]=45251644;RepartitionExec=2058586;OrderedPartialAggregateStream=331542
event	101280	refusal	RepartitionExec[1]	1	30024	1094720	47475605	80	4	45251644	1112076	RepartitionExec[Merge]=45251644;RepartitionExec=2058586;OrderedPartialAggregateStream=165375
event	101305	refusal	OrderedPartialAggregateStream[287]	1	1833761	0	47475605	80	4	45251644	1112076	RepartitionExec[Merge]=45251644;RepartitionExec=2058586;OrderedPartialAggregateStream=165375
event	101582	refusal	RepartitionExec[0]	1	347078	963866	49670211	80	4	45527308	1108630	RepartitionExec[Merge]=45527308;OrderedPartialAggregateStream=2084317;RepartitionExec=2058586
event	101611	refusal	RepartitionExec[1]	1	333142	1094720	49671035	80	4	45527308	1108630	RepartitionExec[Merge]=45527308;OrderedPartialAggregateStream=2085141;RepartitionExec=2058586
event	101719	refusal	RepartitionExec[1]	1	428436	1094720	49287537	80	4	45642768	1107187	RepartitionExec[Merge]=45642768;OrderedPartialAggregateStream=2085141;RepartitionExec=2058586
event	101793	refusal	RepartitionExec[0]	1	494626	963866	49036195	80	4	45642768	1107187	RepartitionExec[Merge]=45642768;RepartitionExec=2058586;OrderedPartialAggregateStream=1334841
event	101811	refusal	RepartitionExec[0]	1	184160	963866	49977272	80	4	45642768	1107187	RepartitionExec[Merge]=45642768;OrderedPartialAggregateStream=2275918;RepartitionExec=2058586
event	101902	refusal	RepartitionExec[1]	1	347078	1094720	49977272	80	4	45642768	1107187	RepartitionExec[Merge]=45642768;OrderedPartialAggregateStream=2275918;RepartitionExec=2058586
event	101907	refusal	RepartitionExec[1]	1	369777	1094720	49977272	80	4	45642768	1107187	RepartitionExec[Merge]=45642768;OrderedPartialAggregateStream=2275918;RepartitionExec=2058586
event	102118	refusal	RepartitionExec[1]	1	494626	1094720	50092856	78	4	45760000	1134073	RepartitionExec[Merge]=45760000;OrderedPartialAggregateStream=2274270;RepartitionExec=2058586
event	102147	refusal	OrderedPartialAggregateStream[8]	1	1818830	0	50092856	78	4	45760000	1134073	RepartitionExec[Merge]=45760000;OrderedPartialAggregateStream=2274270;RepartitionExec=2058586
event	102173	refusal	RepartitionExec[1]	1	184160	1094720	50092856	78	4	45760000	1134073	RepartitionExec[Merge]=45760000;OrderedPartialAggregateStream=2274270;RepartitionExec=2058586
event	102379	refusal	RepartitionExec[0]	1	386634	963866	48605369	76	4	45884860	1162274	RepartitionExec[Merge]=45884860;RepartitionExec=2058586;OrderedPartialAggregateStream=661923
event	102402	refusal	RepartitionExec[0]	1	222578	963866	48605369	76	4	45884860	1162274	RepartitionExec[Merge]=45884860;RepartitionExec=2058586;OrderedPartialAggregateStream=661923
event	102425	refusal	RepartitionExec[1]	1	195659	1094720	48801028	76	4	45884860	1162274	RepartitionExec[Merge]=45884860;RepartitionExec=2254245;OrderedPartialAggregateStream=661923
event	102582	refusal	OrderedPartialAggregateStream[19]	1	1992116	0	48777694	75	4	45995940	1176290	RepartitionExec[Merge]=45995940;RepartitionExec=2284333;OrderedPartialAggregateStream=497421
event	102605	refusal	OrderedPartialAggregateStream[250]	1	1577468	0	48801970	75	4	46197929	1173597	RepartitionExec[Merge]=46197929;RepartitionExec=2106620;OrderedPartialAggregateStream=497421
event	102633	refusal	RepartitionExec[1]	1	386634	1124808	48801970	75	4	46197929	1173597	RepartitionExec[Merge]=46197929;RepartitionExec=2106620;OrderedPartialAggregateStream=497421
event	102825	refusal	RepartitionExec[0]	1	381013	981812	49107791	75	4	46638045	1167729	RepartitionExec[Merge]=46638045;RepartitionExec=2136644;OrderedPartialAggregateStream=333102
event	102830	release_after_refusal	RepartitionExec[0]	1	173291	808521	49881787	75	4	46638045		RepartitionExec[Merge]=46638045;RepartitionExec=1963353;OrderedPartialAggregateStream=1280389
event	103040	refusal	RepartitionExec[1]	1	381013	1154832	50186150	74	4	46942408	1179396	RepartitionExec[Merge]=46942408;RepartitionExec=1963353;OrderedPartialAggregateStream=1280389
event	103065	refusal	RepartitionExec[1]	1	289542	1154832	50590660	74	4	47057376	1177842	RepartitionExec[Merge]=47057376;RepartitionExec=2252895;OrderedPartialAggregateStream=1280389
event	103199	refusal	RepartitionExec[0]	1	198314	1098063	50967577	74	4	47250724	1175229	RepartitionExec[Merge]=47250724;RepartitionExec=2252895;OrderedPartialAggregateStream=1463958
event	103353	refusal	RepartitionExec[0]	1	446640	1098063	51898367	73	4	47250724	1191328	RepartitionExec[Merge]=47250724;OrderedPartialAggregateStream=2394748;RepartitionExec=2252895
event	103435	refusal	RepartitionExec[1]	1	198314	1154832	52805770	72	4	47250724	1207875	RepartitionExec[Merge]=47250724;OrderedPartialAggregateStream=3302151;RepartitionExec=2252895
event	103509	refusal	RepartitionExec[0]	1	206021	1128087	51873969	71	4	47250724	1224887	RepartitionExec[Merge]=47250724;OrderedPartialAggregateStream=2340326;RepartitionExec=2282919
event	103521	refusal	OrderedPartialAggregateStream[279]	1	1781147	0	51873969	71	4	47250724	1224887	RepartitionExec[Merge]=47250724;OrderedPartialAggregateStream=2340326;RepartitionExec=2282919
event	103542	refusal	RepartitionExec[1]	1	222578	1154832	51873969	71	4	47250724	1224887	RepartitionExec[Merge]=47250724;OrderedPartialAggregateStream=2340326;RepartitionExec=2282919
event	103634	refusal	RepartitionExec[1]	1	446640	1154832	51084995	71	4	47363412	1223300	RepartitionExec[Merge]=47363412;RepartitionExec=2312943;OrderedPartialAggregateStream=1408640
event	103645	refusal	RepartitionExec[1]	1	206021	1154832	51084995	71	4	47363412	1223300	RepartitionExec[Merge]=47363412;RepartitionExec=2312943;OrderedPartialAggregateStream=1408640
event	103666	refusal	RepartitionExec[0]	1	191237	1158111	51084995	71	4	47363412	1223300	RepartitionExec[Merge]=47363412;RepartitionExec=2312943;OrderedPartialAggregateStream=1408640
event	103734	refusal	OrderedPartialAggregateStream[23]	1	1676963	0	50340135	71	4	47363412	1223300	RepartitionExec[Merge]=47363412;RepartitionExec=2312943;OrderedPartialAggregateStream=663780
event	103743	refusal	RepartitionExec[0]	1	181631	1158111	50456711	71	4	47479988	1221658	RepartitionExec[Merge]=47479988;RepartitionExec=2312943;OrderedPartialAggregateStream=663780
event	103858	refusal	RepartitionExec[1]	1	191237	1184856	50318184	71	4	47479988	1221658	RepartitionExec[Merge]=47479988;RepartitionExec=2342967;OrderedPartialAggregateStream=495229
event	103953	refusal	RepartitionExec[1]	1	181631	1184856	50509872	70	4	47672500	1236360	RepartitionExec[Merge]=47672500;RepartitionExec=2342967;OrderedPartialAggregateStream=494405
event	104226	refusal	RepartitionExec[0]	1	366741	1218159	50490403	70	4	48055716	1230885	RepartitionExec[Merge]=48055716;RepartitionExec=2433039;OrderedPartialAggregateStream=1648
event	104279	refusal	RepartitionExec[0]	1	327300	1218159	50605551	70	4	48170864	1229240	RepartitionExec[Merge]=48170864;RepartitionExec=2433039;OrderedPartialAggregateStream=1648
event	104453	refusal	RepartitionExec[1]	1	366741	1214880	50888383	70	4	48453696	1225200	RepartitionExec[Merge]=48453696;RepartitionExec=2433039;OrderedPartialAggregateStream=1648
event	104543	refusal	RepartitionExec[1]	1	327300	1214880	51005287	70	4	48570600	1223530	RepartitionExec[Merge]=48570600;RepartitionExec=2433039;OrderedPartialAggregateStream=1648
event	105507	refusal	RepartitionExec[0]	1	223460	1857021	54687900	44	4	50209471	1909278	RepartitionExec[Merge]=50209471;RepartitionExec=3368716;OrderedPartialAggregateStream=1109713
event	105595	refusal	RepartitionExec[0]	1	195659	1857021	53911993	44	4	50209471	1909278	RepartitionExec[Merge]=50209471;RepartitionExec=3368716;OrderedPartialAggregateStream=333806
event	105772	refusal	RepartitionExec[1]	1	195659	1735155	56178892	44	4	50597091	1900469	RepartitionExec[Merge]=50597091;RepartitionExec=3622200;OrderedPartialAggregateStream=1959601
event	105871	refusal	OrderedPartialAggregateStream[289]	1	3334441	0	56330056	44	4	50748255	1897033	RepartitionExec[Merge]=50748255;RepartitionExec=3622200;OrderedPartialAggregateStream=1959601
event	106023	refusal	RepartitionExec[0]	1	30024	1887045	56363117	44	4	50946459	1892528	RepartitionExec[Merge]=50946459;RepartitionExec=3622200;OrderedPartialAggregateStream=1794458
event	106212	refusal	OrderedPartialAggregateStream[292]	1	3492571	0	60654748	44	4	51278279	1884987	RepartitionExec[Merge]=51278279;OrderedPartialAggregateStream=5754269;RepartitionExec=3622200
event	106532	refusal	RepartitionExec[0]	1	353375	1887045	60190695	44	4	51278279	1884987	RepartitionExec[Merge]=51278279;OrderedPartialAggregateStream=5290216;RepartitionExec=3622200
event	106638	refusal	OrderedPartialAggregateStream[1]	1	2144725	0	59298679	44	4	51278279	1884987	RepartitionExec[Merge]=51278279;OrderedPartialAggregateStream=4398200;RepartitionExec=3622200
event	106659	refusal	RepartitionExec[0]	1	247979	1887045	59298679	44	4	51278279	1884987	RepartitionExec[Merge]=51278279;OrderedPartialAggregateStream=4398200;RepartitionExec=3622200
event	106750	refusal	RepartitionExec[0]	1	230159	1887045	58446158	44	4	51278279	1884987	RepartitionExec[Merge]=51278279;RepartitionExec=3622200;OrderedPartialAggregateStream=3545679
event	106840	refusal	RepartitionExec[1]	1	353375	1735155	58446158	44	4	51278279	1884987	RepartitionExec[Merge]=51278279;RepartitionExec=3622200;OrderedPartialAggregateStream=3545679
event	106859	refusal	RepartitionExec[1]	1	247979	1735155	58446158	44	4	51278279	1884987	RepartitionExec[Merge]=51278279;RepartitionExec=3622200;OrderedPartialAggregateStream=3545679
event	107019	refusal	OrderedPartialAggregateStream[290]	1	3813610	0	58589056	44	4	51278279	1884987	RepartitionExec[Merge]=51278279;OrderedPartialAggregateStream=3688577;RepartitionExec=3622200
event	107023	refusal	RepartitionExec[1]	1	230159	1735155	58589056	44	4	51278279	1884987	RepartitionExec[Merge]=51278279;OrderedPartialAggregateStream=3688577;RepartitionExec=3622200
event	107031	refusal	RepartitionExec[0]	1	223334	1887045	58589056	44	4	51278279	1884987	RepartitionExec[Merge]=51278279;OrderedPartialAggregateStream=3688577;RepartitionExec=3622200
event	107137	refusal	RepartitionExec[0]	1	58696	1887045	56773604	44	4	51278279	1884987	RepartitionExec[Merge]=51278279;RepartitionExec=3622200;OrderedPartialAggregateStream=1873125
event	107187	refusal	RepartitionExec[0]	1	30024	1887045	57538110	44	4	51278279	1884987	RepartitionExec[Merge]=51278279;RepartitionExec=3622200;OrderedPartialAggregateStream=2637631
event	107219	refusal	RepartitionExec[0]	1	362852	1887045	57538110	44	4	51278279	1884987	RepartitionExec[Merge]=51278279;RepartitionExec=3622200;OrderedPartialAggregateStream=2637631
event	107388	refusal	RepartitionExec[0]	1	212339	1887045	56725084	44	4	51278279	1884987	RepartitionExec[Merge]=51278279;RepartitionExec=3622200;OrderedPartialAggregateStream=1824605
event	107556	refusal	RepartitionExec[1]	1	223334	1735155	57920496	44	4	51555159	1878694	RepartitionExec[Merge]=51555159;RepartitionExec=3622200;OrderedPartialAggregateStream=2743137
event	107828	refusal	RepartitionExec[1]	1	362852	1735155	57782697	44	4	51555159	1878694	RepartitionExec[Merge]=51555159;RepartitionExec=3622200;OrderedPartialAggregateStream=2743961
event	107883	refusal	OrderedPartialAggregateStream[10]	1	3807265	0	57994549	44	4	51766187	1873898	RepartitionExec[Merge]=51766187;RepartitionExec=3622200;OrderedPartialAggregateStream=2744785
event	107912	refusal	RepartitionExec[1]	1	212339	1765179	57826390	44	4	51766187	1873898	RepartitionExec[Merge]=51766187;RepartitionExec=3652224;OrderedPartialAggregateStream=2546602
event	108043	refusal	RepartitionExec[0]	1	482827	1887045	58051494	44	4	51991291	1868782	RepartitionExec[Merge]=51991291;RepartitionExec=3652224;OrderedPartialAggregateStream=2546602
event	108133	refusal	RepartitionExec[0]	1	646477	1887045	56685043	44	4	52177967	1864540	RepartitionExec[Merge]=52177967;RepartitionExec=3652224;OrderedPartialAggregateStream=993475
event	108189	refusal	RepartitionExec[0]	1	186053	1887045	56685867	44	4	52177967	1864540	RepartitionExec[Merge]=52177967;RepartitionExec=3652224;OrderedPartialAggregateStream=994299
event	108206	refusal	RepartitionExec[0]	1	205769	1887045	56685867	44	4	52177967	1864540	RepartitionExec[Merge]=52177967;RepartitionExec=3652224;OrderedPartialAggregateStream=994299
event	108231	refusal	RepartitionExec[0]	1	30024	1887045	56518612	44	4	52177967	1864540	RepartitionExec[Merge]=52177967;RepartitionExec=3652224;OrderedPartialAggregateStream=827044
event	108447	refusal	RepartitionExec[0]	1	706259	1887045	56477261	44	4	52403495	1859414	RepartitionExec[Merge]=52403495;RepartitionExec=3710920;OrderedPartialAggregateStream=501469
event	108452	refusal	RepartitionExec[1]	1	482827	1823875	56477261	44	4	52403495	1859414	RepartitionExec[Merge]=52403495;RepartitionExec=3710920;OrderedPartialAggregateStream=501469
event	108453	refusal	RepartitionExec[1]	1	186053	1823875	56477261	44	4	52403495	1859414	RepartitionExec[Merge]=52403495;RepartitionExec=3710920;OrderedPartialAggregateStream=501469
event	108588	refusal	RepartitionExec[1]	1	646477	1823875	56735933	44	4	52662167	1853535	RepartitionExec[Merge]=52662167;RepartitionExec=3710920;OrderedPartialAggregateStream=501469
event	108793	refusal	RepartitionExec[1]	1	706259	1823875	59034516	44	4	52987511	1846141	RepartitionExec[Merge]=52987511;RepartitionExec=3710920;OrderedPartialAggregateStream=2474708
event	108803	release_after_refusal	RepartitionExec[1]	1	223460	1600415	58811056	44	4	52987511		RepartitionExec[Merge]=52987511;RepartitionExec=3487460;OrderedPartialAggregateStream=2474708
event	108948	refusal	RepartitionExec[0]	1	827963	1887045	59871526	43	4	53487441	1877448	RepartitionExec[Merge]=53487441;RepartitionExec=3302490;OrderedPartialAggregateStream=3220218
event	109160	refusal	RepartitionExec[0]	1	182516	1887045	58094723	42	4	54911634	1888240	RepartitionExec[Merge]=54911634;RepartitionExec=2486365;OrderedPartialAggregateStream=835347
event	109191	refusal	RepartitionExec[0]	1	220427	1887045	58094723	42	4	54911634	1888240	RepartitionExec[Merge]=54911634;RepartitionExec=2486365;OrderedPartialAggregateStream=835347
event	109209	refusal	RepartitionExec[0]	1	209306	1887045	58094723	42	4	54911634	1888240	RepartitionExec[Merge]=54911634;RepartitionExec=2486365;OrderedPartialAggregateStream=835347
event	110304	refusal	RepartitionExec[1]	1	30024	3130839	64494038	25	4	55786726	3137240	RepartitionExec[Merge]=55786726;RepartitionExec=5903422;OrderedPartialAggregateStream=2803890
event	110349	release_after_refusal	RepartitionExec[1]	1	827963	2302876	62898616	25	4	55786726		RepartitionExec[Merge]=55786726;RepartitionExec=5075459;OrderedPartialAggregateStream=2036431
event	110513	refusal	RepartitionExec[0]	1	386231	2994474	62546789	24	4	56729037	3228695	RepartitionExec[Merge]=56729037;RepartitionExec=5489217;OrderedPartialAggregateStream=328535
event	136915	refusal	OrderedFinalAggregateStream[0]	1	5329044	804043	116596924	4	4	113189297	5257107	RepartitionExec[Merge]=110827545;SortPreservingMergeExec=2361752;OrderedFinalAggregateStream=1739611;RepartitionExec=1668016
event	137458	refusal	OrderedFinalAggregateStream[1]	1	5197606	935568	116596924	4	4	113189297	5257107	RepartitionExec[Merge]=110827545;SortPreservingMergeExec=2361752;OrderedFinalAggregateStream=1739611;RepartitionExec=1668016
event	139541	release_after_refusal	OrderedFinalAggregateStream[0]	1	803219	824	115793705	4	4	113189297		RepartitionExec[Merge]=110827545;SortPreservingMergeExec=2361752;RepartitionExec=1668016;OrderedFinalAggregateStream=936392
event	140051	release_after_refusal	OrderedFinalAggregateStream[1]	1	934744	824	114858961	4	4	113189297		RepartitionExec[Merge]=110827545;SortPreservingMergeExec=2361752;RepartitionExec=1668016;OrderedFinalAggregateStream=1648
event	149993	refusal	OrderedFinalAggregateStream[0]	1	4051377	4642218	124141749	4	4	113189297	5257107	RepartitionExec[Merge]=110827545;OrderedFinalAggregateStream=9284436;SortPreservingMergeExec=2361752;RepartitionExec=1668016
event	150675	refusal	OrderedFinalAggregateStream[1]	1	4050639	4642218	124141749	4	4	113189297	5257107	RepartitionExec[Merge]=110827545;OrderedFinalAggregateStream=9284436;SortPreservingMergeExec=2361752;RepartitionExec=1668016
event	154596	release_after_refusal	OrderedFinalAggregateStream[0]	1	4641394	824	119500355	4	4	113189297		RepartitionExec[Merge]=110827545;OrderedFinalAggregateStream=4643042;SortPreservingMergeExec=2361752;RepartitionExec=1668016
event	155359	release_after_refusal	OrderedFinalAggregateStream[1]	1	4641394	824	114858961	4	4	113189297		RepartitionExec[Merge]=110827545;SortPreservingMergeExec=2361752;RepartitionExec=1668016;OrderedFinalAggregateStream=1648
event	164950	refusal	OrderedFinalAggregateStream[0]	1	4050843	4642119	124141335	4	4	113189297	5257107	RepartitionExec[Merge]=110827545;OrderedFinalAggregateStream=9284022;SortPreservingMergeExec=2361752;RepartitionExec=1668016
event	166060	refusal	OrderedFinalAggregateStream[1]	1	4051242	4641903	124141335	4	4	113189297	5257107	RepartitionExec[Merge]=110827545;OrderedFinalAggregateStream=9284022;SortPreservingMergeExec=2361752;RepartitionExec=1668016
event	169502	release_after_refusal	OrderedFinalAggregateStream[0]	1	4641295	824	119500040	4	4	113189297		RepartitionExec[Merge]=110827545;OrderedFinalAggregateStream=4642727;SortPreservingMergeExec=2361752;RepartitionExec=1668016
event	170701	release_after_refusal	OrderedFinalAggregateStream[1]	1	4641079	824	114858961	4	4	113189297		RepartitionExec[Merge]=110827545;SortPreservingMergeExec=2361752;RepartitionExec=1668016;OrderedFinalAggregateStream=1648
event	180190	refusal	OrderedFinalAggregateStream[0]	1	4051173	4641822	124009648	4	4	113189297	5257107	RepartitionExec[Merge]=110827545;OrderedFinalAggregateStream=9152335;SortPreservingMergeExec=2361752;RepartitionExec=1668016
event	181454	refusal	OrderedFinalAggregateStream[1]	1	4051128	4510513	124009648	4	4	113189297	5257107	RepartitionExec[Merge]=110827545;OrderedFinalAggregateStream=9152335;SortPreservingMergeExec=2361752;RepartitionExec=1668016
event	184778	release_after_refusal	OrderedFinalAggregateStream[0]	1	4640998	824	119368650	4	4	113189297		RepartitionExec[Merge]=110827545;OrderedFinalAggregateStream=4511337;SortPreservingMergeExec=2361752;RepartitionExec=1668016
event	186131	release_after_refusal	OrderedFinalAggregateStream[1]	1	4509689	824	114858961	4	4	113189297		RepartitionExec[Merge]=110827545;SortPreservingMergeExec=2361752;RepartitionExec=1668016;OrderedFinalAggregateStream=1648
event	195437	refusal	OrderedFinalAggregateStream[0]	1	4051449	4641678	124009618	4	4	113189297	5257107	RepartitionExec[Merge]=110827545;OrderedFinalAggregateStream=9152305;SortPreservingMergeExec=2361752;RepartitionExec=1668016
event	196821	refusal	OrderedFinalAggregateStream[1]	1	4051074	4510627	124009618	4	4	113189297	5257107	RepartitionExec[Merge]=110827545;OrderedFinalAggregateStream=9152305;SortPreservingMergeExec=2361752;RepartitionExec=1668016
event	200013	release_after_refusal	OrderedFinalAggregateStream[0]	1	4640854	824	119368764	4	4	113189297		RepartitionExec[Merge]=110827545;OrderedFinalAggregateStream=4511451;SortPreservingMergeExec=2361752;RepartitionExec=1668016
event	201501	release_after_refusal	OrderedFinalAggregateStream[1]	1	4509803	824	114858961	4	4	113189297		RepartitionExec[Merge]=110827545;SortPreservingMergeExec=2361752;RepartitionExec=1668016;OrderedFinalAggregateStream=1648
event	210758	refusal	OrderedFinalAggregateStream[0]	1	4050930	4642182	124141623	4	4	113189297	5257107	RepartitionExec[Merge]=110827545;OrderedFinalAggregateStream=9284310;SortPreservingMergeExec=2361752;RepartitionExec=1668016
event	212283	refusal	OrderedFinalAggregateStream[1]	1	4051458	4642128	124141623	4	4	113189297	5257107	RepartitionExec[Merge]=110827545;OrderedFinalAggregateStream=9284310;SortPreservingMergeExec=2361752;RepartitionExec=1668016
event	215312	release_after_refusal	OrderedFinalAggregateStream[0]	1	4641358	824	119500265	4	4	113189297		RepartitionExec[Merge]=110827545;OrderedFinalAggregateStream=4642952;SortPreservingMergeExec=2361752;RepartitionExec=1668016
event	216902	release_after_refusal	OrderedFinalAggregateStream[1]	1	4641304	824	114858961	4	4	113189297		RepartitionExec[Merge]=110827545;SortPreservingMergeExec=2361752;RepartitionExec=1668016;OrderedFinalAggregateStream=1648
event	226110	refusal	OrderedFinalAggregateStream[0]	1	4182422	4510285	124009555	4	4	113189297	5257107	RepartitionExec[Merge]=110827545;OrderedFinalAggregateStream=9152242;SortPreservingMergeExec=2361752;RepartitionExec=1668016
event	227487	refusal	OrderedFinalAggregateStream[1]	1	4051404	4641957	124009555	4	4	113189297	5257107	RepartitionExec[Merge]=110827545;OrderedFinalAggregateStream=9152242;SortPreservingMergeExec=2361752;RepartitionExec=1668016
event	230673	release_after_refusal	OrderedFinalAggregateStream[0]	1	4509461	824	119500094	4	4	113189297		RepartitionExec[Merge]=110827545;OrderedFinalAggregateStream=4642781;SortPreservingMergeExec=2361752;RepartitionExec=1668016
event	232151	release_after_refusal	OrderedFinalAggregateStream[1]	1	4641133	824	114858961	4	4	113189297		RepartitionExec[Merge]=110827545;SortPreservingMergeExec=2361752;RepartitionExec=1668016;OrderedFinalAggregateStream=1648
event	241536	refusal	OrderedFinalAggregateStream[0]	1	4051458	4641768	124141038	4	4	113189297	5257107	RepartitionExec[Merge]=110827545;OrderedFinalAggregateStream=9283725;SortPreservingMergeExec=2361752;RepartitionExec=1668016
event	242743	refusal	OrderedFinalAggregateStream[1]	1	4050900	4641957	124141038	4	4	113189297	5257107	RepartitionExec[Merge]=110827545;OrderedFinalAggregateStream=9283725;SortPreservingMergeExec=2361752;RepartitionExec=1668016
event	246133	release_after_refusal	OrderedFinalAggregateStream[0]	1	4640944	824	119500094	4	4	113189297		RepartitionExec[Merge]=110827545;OrderedFinalAggregateStream=4642781;SortPreservingMergeExec=2361752;RepartitionExec=1668016
event	247449	release_after_refusal	OrderedFinalAggregateStream[1]	1	4641133	824	114858961	4	4	113189297		RepartitionExec[Merge]=110827545;SortPreservingMergeExec=2361752;RepartitionExec=1668016;OrderedFinalAggregateStream=1648
event	256907	refusal	OrderedFinalAggregateStream[0]	1	4050948	4510573	124009879	4	4	113189297	5257107	RepartitionExec[Merge]=110827545;OrderedFinalAggregateStream=9152566;SortPreservingMergeExec=2361752;RepartitionExec=1668016
event	258385	refusal	OrderedFinalAggregateStream[1]	1	4051386	4641993	124009879	4	4	113189297	5257107	RepartitionExec[Merge]=110827545;OrderedFinalAggregateStream=9152566;SortPreservingMergeExec=2361752;RepartitionExec=1668016
event	261450	release_after_refusal	OrderedFinalAggregateStream[0]	1	4509749	824	119500130	4	4	113189297		RepartitionExec[Merge]=110827545;OrderedFinalAggregateStream=4642817;SortPreservingMergeExec=2361752;RepartitionExec=1668016
event	262983	release_after_refusal	OrderedFinalAggregateStream[1]	1	4641169	824	113936633	4	4	112559097		RepartitionExec[Merge]=110197345;SortPreservingMergeExec=2361752;RepartitionExec=1375888;OrderedFinalAggregateStream=1648
event	279774	refusal	OrderedFinalAggregateStream[0]	1	5312588	8693487	105574279	4	4	86959865	11814465	RepartitionExec[Merge]=84598113;OrderedFinalAggregateStream=17385942;SortPreservingMergeExec=2361752;RepartitionExec=1228472
event	281559	refusal	OrderedFinalAggregateStream[1]	1	5312642	8692455	105574279	4	4	86959865	11814465	RepartitionExec[Merge]=84598113;OrderedFinalAggregateStream=17385942;SortPreservingMergeExec=2361752;RepartitionExec=1228472
event	287124	release_after_refusal	OrderedFinalAggregateStream[0]	1	8692663	824	96881616	4	4	86959865		RepartitionExec[Merge]=84598113;OrderedFinalAggregateStream=8693279;SortPreservingMergeExec=2361752;RepartitionExec=1228472
event	288700	release_after_refusal	OrderedFinalAggregateStream[1]	1	8691631	824	87633309	4	4	86403189		RepartitionExec[Merge]=84041437;SortPreservingMergeExec=2361752;RepartitionExec=1228472;OrderedFinalAggregateStream=1648
event	320306	refusal	OrderedFinalAggregateStream[0]	1	8294635	16795890	95599623	4	4	61680229	18134374	RepartitionExec[Merge]=59318477;OrderedFinalAggregateStream=33591834;SortPreservingMergeExec=2361752;RepartitionExec=327560
event	322090	refusal	OrderedFinalAggregateStream[1]	1	8294071	16795944	95599623	4	4	61680229	18134374	RepartitionExec[Merge]=59318477;OrderedFinalAggregateStream=33591834;SortPreservingMergeExec=2361752;RepartitionExec=327560
event	332145	release_after_refusal	OrderedFinalAggregateStream[0]	1	16795066	824	78804557	4	4	61680229		RepartitionExec[Merge]=59318477;OrderedFinalAggregateStream=16796768;SortPreservingMergeExec=2361752;RepartitionExec=327560
event	333836	release_after_refusal	OrderedFinalAggregateStream[1]	1	16795120	824	61580737	4	4	61281553		RepartitionExec[Merge]=58919801;SortPreservingMergeExec=2361752;RepartitionExec=297536;OrderedFinalAggregateStream=1648
event	361936	refusal	OrderedFinalAggregateStream[0]	1	8294818	16795818	74366810	4	4	40627911	23397454	RepartitionExec[Merge]=38266159;OrderedFinalAggregateStream=33591483;SortPreservingMergeExec=2361752;RepartitionExec=147416
event	363215	refusal	OrderedFinalAggregateStream[1]	1	8294581	16795665	74366810	4	4	40627911	23397454	RepartitionExec[Merge]=38266159;OrderedFinalAggregateStream=33591483;SortPreservingMergeExec=2361752;RepartitionExec=147416
event	373761	release_after_refusal	OrderedFinalAggregateStream[0]	1	16794994	824	57571816	4	4	40627911		RepartitionExec[Merge]=38266159;OrderedFinalAggregateStream=16796489;SortPreservingMergeExec=2361752;RepartitionExec=147416
event	374928	release_after_refusal	OrderedFinalAggregateStream[1]	1	16794841	824	40309459	4	4	40160395		RepartitionExec[Merge]=37798643;SortPreservingMergeExec=2361752;RepartitionExec=147416;OrderedFinalAggregateStream=1648
event	419572	refusal	OrderedFinalAggregateStream[0]	1	8282112	57974784	86841798	2	2	2361752	65927988	OrderedFinalAggregateStream=84480046;SortPreservingMergeExec=2361752
event	419574	release_after_refusal	OrderedFinalAggregateStream[0]	1	28987392	28987392	57854406	2	2	2361752		OrderedFinalAggregateStream=55492654;SortPreservingMergeExec=2361752
event	420513	refusal	OrderedFinalAggregateStream[1]	1	8282112	57974784	89323928	2	2	2361752	65927988	OrderedFinalAggregateStream=86962176;SortPreservingMergeExec=2361752
event	420515	release_after_refusal	OrderedFinalAggregateStream[1]	1	28987392	28987392	60336536	2	2	2361752		OrderedFinalAggregateStream=57974784;SortPreservingMergeExec=2361752
