#pool	name	limit	peak_reserved	refusals	events_dropped
pool	fair	134217728	120932215	845	0
#class	class	consumers	can_spill	w_sum_of_peaks	w_largest_peak	w_class_peak	refusals	refused_bytes	w_refusals_then_release	w_consumers_ending_refused
class	DataFusion-Cli	1	0	5510	5510	5510	0	0	0	0
class	OrderedFinalAggregateStream	2	2	115949568	57974784	86962176	26	124835057	26	0
class	OrderedPartialAggregateStream	300	300	140619315	3310771	9131849	260	325698009	0	0
class	RepartitionExec	2	2	8172007	4159527	8172007	559	139511879	28	0
class	RepartitionExec[Merge]	2	0	108005811	54378532	108005811	0	0	0	0
class	SortPreservingMergeExec	1	0	15666494	15666494	15666494	0	0	0	0
#event	micros	kind	consumer	can_spill	bytes	w_held	reserved	w_registered_spillable	w_registered_unspillable	w_unspillable_bytes	w_fair_quota	w_top_classes
event	20628	refusal	OrderedPartialAggregateStream[37]	1	1592759	0	0	304	4	0	441505	
event	20709	refusal	OrderedPartialAggregateStream[132]	1	889291	0	0	304	4	0	441505	
event	20741	refusal	OrderedPartialAggregateStream[51]	1	1588934	0	0	304	4	0	441505	
event	21074	refusal	OrderedPartialAggregateStream[188]	1	918748	0	0	304	4	0	441505	
event	21242	refusal	OrderedPartialAggregateStream[37]	1	519112	0	260552	304	4	0	441505	
event	21358	refusal	RepartitionExec[0]	1	295384	183217	368082	304	4	0	441505	RepartitionExec=366434;OrderedPartialAggregateStream=1648
event	21641	refusal	OrderedPartialAggregateStream[51]	1	519112	0	390802	303	4	206761	442280	RepartitionExec[Merge]=206761;RepartitionExec=183217;OrderedPartialAggregateStream=824
event	21739	refusal	RepartitionExec[0]	1	293922	377673	781362	303	4	206761	442280	RepartitionExec=572129;RepartitionExec[Merge]=206761;OrderedPartialAggregateStream=2472
event	22137	refusal	RepartitionExec[1]	1	295384	194456	780538	302	4	206761	443744	RepartitionExec=572129;RepartitionExec[Merge]=206761;OrderedPartialAggregateStream=1648
event	22154	refusal	RepartitionExec[1]	1	293922	194456	780538	302	4	206761	443744	RepartitionExec=572129;RepartitionExec[Merge]=206761;OrderedPartialAggregateStream=1648
event	22794	refusal	OrderedPartialAggregateStream[156]	1	892099	0	779714	301	4	206761	445219	RepartitionExec=572129;RepartitionExec[Merge]=206761;OrderedPartialAggregateStream=824
event	23477	refusal	RepartitionExec[0]	1	184340	377673	780538	301	4	206761	445219	RepartitionExec=572129;RepartitionExec[Merge]=206761;OrderedPartialAggregateStream=1648
event	23502	refusal	OrderedPartialAggregateStream[140]	1	908407	0	780538	301	4	206761	445219	RepartitionExec=572129;RepartitionExec[Merge]=206761;OrderedPartialAggregateStream=1648
event	23701	refusal	OrderedPartialAggregateStream[64]	1	987580	0	780538	301	4	206761	445219	RepartitionExec=572129;RepartitionExec[Merge]=206761;OrderedPartialAggregateStream=1648
event	23734	refusal	OrderedPartialAggregateStream[189]	1	911665	0	780538	301	4	206761	445219	RepartitionExec=572129;RepartitionExec[Merge]=206761;OrderedPartialAggregateStream=1648
event	23792	refusal	RepartitionExec[0]	1	190521	377673	781362	301	4	206761	445219	RepartitionExec=572129;RepartitionExec[Merge]=206761;OrderedPartialAggregateStream=2472
event	23979	refusal	OrderedPartialAggregateStream[5]	1	1796699	0	782186	301	4	206761	445219	RepartitionExec=572129;RepartitionExec[Merge]=206761;OrderedPartialAggregateStream=3296
event	24026	refusal	RepartitionExec[0]	1	191759	377673	782186	301	4	206761	445219	RepartitionExec=572129;RepartitionExec[Merge]=206761;OrderedPartialAggregateStream=3296
event	24062	release_after_refusal	RepartitionExec[0]	1	183217	194456	598969	301	4	206761		RepartitionExec=388912;RepartitionExec[Merge]=206761;OrderedPartialAggregateStream=3296
event	24294	refusal	OrderedPartialAggregateStream[176]	1	923707	0	1274080	301	4	634450	443798	RepartitionExec=635510;RepartitionExec[Merge]=634450;OrderedPartialAggregateStream=4120
event	24433	refusal	OrderedPartialAggregateStream[148]	1	888670	0	1274080	301	4	634450	443798	RepartitionExec=635510;RepartitionExec[Merge]=634450;OrderedPartialAggregateStream=4120
event	24569	refusal	OrderedPartialAggregateStream[173]	1	914941	0	1273256	300	4	634450	445277	RepartitionExec=635510;RepartitionExec[Merge]=634450;OrderedPartialAggregateStream=3296
event	24802	refusal	RepartitionExec[1]	1	196254	414983	1470334	300	4	634450	445277	RepartitionExec=831764;RepartitionExec[Merge]=634450;OrderedPartialAggregateStream=4120
event	24813	refusal	OrderedPartialAggregateStream[38]	1	1620749	0	1470334	300	4	634450	445277	RepartitionExec=831764;RepartitionExec[Merge]=634450;OrderedPartialAggregateStream=4120
event	24961	refusal	RepartitionExec[0]	1	182993	416781	1471982	300	4	634450	445277	RepartitionExec=831764;RepartitionExec[Merge]=634450;OrderedPartialAggregateStream=5768
event	24963	refusal	RepartitionExec[0]	1	192994	416781	1471982	300	4	634450	445277	RepartitionExec=831764;RepartitionExec[Merge]=634450;OrderedPartialAggregateStream=5768
event	25335	refusal	OrderedPartialAggregateStream[5]	1	519240	0	1471982	300	4	634450	445277	RepartitionExec=831764;RepartitionExec[Merge]=634450;OrderedPartialAggregateStream=5768
event	25411	refusal	OrderedPartialAggregateStream[35]	1	1707491	0	1472806	300	4	634450	445277	RepartitionExec=831764;RepartitionExec[Merge]=634450;OrderedPartialAggregateStream=6592
event	25448	refusal	RepartitionExec[0]	1	372586	416781	1472806	300	4	634450	445277	RepartitionExec=831764;RepartitionExec[Merge]=634450;OrderedPartialAggregateStream=6592
event	25885	refusal	OrderedPartialAggregateStream[35]	1	519112	0	1472806	300	4	634450	445277	RepartitionExec=831764;RepartitionExec[Merge]=634450;OrderedPartialAggregateStream=6592
event	25932	refusal	OrderedPartialAggregateStream[38]	1	519112	0	1473630	300	4	634450	445277	RepartitionExec=831764;RepartitionExec[Merge]=634450;OrderedPartialAggregateStream=7416
event	25957	refusal	OrderedPartialAggregateStream[131]	1	900946	0	1474454	300	4	634450	445277	RepartitionExec=831764;RepartitionExec[Merge]=634450;OrderedPartialAggregateStream=7416
event	25992	refusal	RepartitionExec[0]	1	338872	416781	1474454	300	4	634450	445277	RepartitionExec=831764;RepartitionExec[Merge]=634450;OrderedPartialAggregateStream=8240
event	26090	refusal	RepartitionExec[0]	1	305948	416781	1474454	300	4	634450	445277	RepartitionExec=831764;RepartitionExec[Merge]=634450;OrderedPartialAggregateStream=8240
event	26380	refusal	RepartitionExec[0]	1	187712	416781	1475278	300	4	634450	445277	RepartitionExec=831764;RepartitionExec[Merge]=634450;OrderedPartialAggregateStream=9064
event	26731	refusal	OrderedPartialAggregateStream[215]	1	941707	0	1475278	300	4	634450	445277	RepartitionExec=831764;RepartitionExec[Merge]=634450;OrderedPartialAggregateStream=9064
event	26967	refusal	RepartitionExec[0]	1	203107	416781	1476102	300	4	634450	445277	RepartitionExec=831764;RepartitionExec[Merge]=634450;OrderedPartialAggregateStream=9888
event	27043	refusal	OrderedPartialAggregateStream[221]	1	1051091	0	1476102	300	4	634450	445277	RepartitionExec=831764;RepartitionExec[Merge]=634450;OrderedPartialAggregateStream=9888
event	27444	refusal	OrderedPartialAggregateStream[243]	1	1107584	0	1476102	300	4	634450	445277	RepartitionExec=831764;RepartitionExec[Merge]=634450;OrderedPartialAggregateStream=9888
event	27694	refusal	RepartitionExec[0]	1	233673	416781	1476926	300	4	634450	445277	RepartitionExec=831764;RepartitionExec[Merge]=634450;OrderedPartialAggregateStream=10712
event	27765	refusal	RepartitionExec[0]	1	255137	416781	1477750	300	4	634450	445277	RepartitionExec=831764;RepartitionExec[Merge]=634450;OrderedPartialAggregateStream=11536
event	28034	refusal	OrderedPartialAggregateStream[36]	1	1760933	0	1477750	300	4	634450	445277	RepartitionExec=831764;RepartitionExec[Merge]=634450;OrderedPartialAggregateStream=11536
event	28466	refusal	OrderedPartialAggregateStream[36]	1	519240	0	1477750	300	4	634450	445277	RepartitionExec=831764;RepartitionExec[Merge]=634450;OrderedPartialAggregateStream=11536
event	28513	refusal	RepartitionExec[0]	1	359101	416781	1478574	300	4	634450	445277	RepartitionExec=831764;RepartitionExec[Merge]=634450;OrderedPartialAggregateStream=12360
event	29623	refusal	OrderedPartialAggregateStream[13]	1	3532882	0	1478574	300	4	634450	445277	RepartitionExec=831764;RepartitionExec[Merge]=634450;OrderedPartialAggregateStream=12360
event	30469	refusal	OrderedPartialAggregateStream[13]	1	1036488	0	1478574	300	4	634450	445277	RepartitionExec=831764;RepartitionExec[Merge]=634450;OrderedPartialAggregateStream=12360
event	30544	refusal	RepartitionExec[0]	1	721542	416781	1479398	300	4	634450	445277	RepartitionExec=831764;RepartitionExec[Merge]=634450;OrderedPartialAggregateStream=13184
event	33376	refusal	RepartitionExec[1]	1	184340	414983	1479398	300	4	634450	445277	RepartitionExec=831764;RepartitionExec[Merge]=634450;OrderedPartialAggregateStream=13184
event	42211	refusal	RepartitionExec[1]	1	190521	414983	1479398	300	4	634450	445277	RepartitionExec=831764;RepartitionExec[Merge]=634450;OrderedPartialAggregateStream=13184
event	42247	refusal	RepartitionExec[1]	1	191759	414983	1479398	300	4	634450	445277	RepartitionExec=831764;RepartitionExec[Merge]=634450;OrderedPartialAggregateStream=13184
event	42367	refusal	RepartitionExec[1]	1	192994	414983	1477750	298	4	634450	448266	RepartitionExec=831764;RepartitionExec[Merge]=634450;OrderedPartialAggregateStream=11536
event	42411	refusal	RepartitionExec[1]	1	338872	414983	1477750	298	4	634450	448266	RepartitionExec=831764;RepartitionExec[Merge]=634450;OrderedPartialAggregateStream=11536
event	42433	refusal	RepartitionExec[1]	1	372586	414983	1477750	298	4	634450	448266	RepartitionExec=831764;RepartitionExec[Merge]=634450;OrderedPartialAggregateStream=11536
event	42455	refusal	RepartitionExec[1]	1	182993	414983	1477750	298	4	634450	448266	RepartitionExec=831764;RepartitionExec[Merge]=634450;OrderedPartialAggregateStream=11536
event	42496	refusal	RepartitionExec[1]	1	203107	414983	1477750	298	4	634450	448266	RepartitionExec=831764;RepartitionExec[Merge]=634450;OrderedPartialAggregateStream=11536
event	42497	refusal	RepartitionExec[1]	1	187712	414983	1477750	298	4	634450	448266	RepartitionExec=831764;RepartitionExec[Merge]=634450;OrderedPartialAggregateStream=11536
event	42512	refusal	RepartitionExec[1]	1	305948	414983	1477750	298	4	634450	448266	RepartitionExec=831764;RepartitionExec[Merge]=634450;OrderedPartialAggregateStream=11536
event	42572	refusal	RepartitionExec[1]	1	255137	414983	1476926	297	4	634450	449775	RepartitionExec=831764;RepartitionExec[Merge]=634450;OrderedPartialAggregateStream=10712
event	42628	refusal	RepartitionExec[1]	1	359101	414983	1476102	296	4	634450	451294	RepartitionExec=831764;RepartitionExec[Merge]=634450;OrderedPartialAggregateStream=9888
event	42719	refusal	RepartitionExec[1]	1	721542	414983	1476102	296	4	634450	451294	RepartitionExec=831764;RepartitionExec[Merge]=634450;OrderedPartialAggregateStream=9888
event	42862	refusal	RepartitionExec[1]	1	233673	414983	1475278	295	4	634450	452824	RepartitionExec=831764;RepartitionExec[Merge]=634450;OrderedPartialAggregateStream=9064
event	44120	refusal	OrderedPartialAggregateStream[178]	1	872281	0	1467862	286	4	634450	467074	RepartitionExec=831764;RepartitionExec[Merge]=634450;OrderedPartialAggregateStream=1648
event	44255	refusal	OrderedPartialAggregateStream[52]	1	1072349	0	1467038	285	4	634450	468713	RepartitionExec=831764;RepartitionExec[Merge]=634450;OrderedPartialAggregateStream=824
event	44325	refusal	OrderedPartialAggregateStream[48]	1	1067534	0	1467038	285	4	634450	468713	RepartitionExec=831764;RepartitionExec[Merge]=634450;OrderedPartialAggregateStream=824
event	44377	refusal	OrderedPartialAggregateStream[169]	1	904555	0	1467862	285	4	634450	468713	RepartitionExec=831764;RepartitionExec[Merge]=634450;OrderedPartialAggregateStream=1648
event	44423	refusal	RepartitionExec[0]	1	176812	416781	1467862	285	4	634450	468713	RepartitionExec=831764;RepartitionExec[Merge]=634450;OrderedPartialAggregateStream=1648
event	44439	refusal	OrderedPartialAggregateStream[141]	1	893098	0	1467862	285	4	634450	468713	RepartitionExec=831764;RepartitionExec[Merge]=634450;OrderedPartialAggregateStream=1648
event	44539	refusal	RepartitionExec[0]	1	241764	416781	1468686	285	4	634450	468713	RepartitionExec=831764;RepartitionExec[Merge]=634450;OrderedPartialAggregateStream=2472
event	44582	refusal	RepartitionExec[1]	1	176812	414983	1468686	285	4	634450	468713	RepartitionExec=831764;RepartitionExec[Merge]=634450;OrderedPartialAggregateStream=2472
event	44625	refusal	OrderedPartialAggregateStream[157]	1	900253	0	1468686	285	4	634450	468713	RepartitionExec=831764;RepartitionExec[Merge]=634450;OrderedPartialAggregateStream=2472
event	44659	refusal	RepartitionExec[0]	1	184679	416781	1470334	285	4	634450	468713	RepartitionExec=831764;RepartitionExec[Merge]=634450;OrderedPartialAggregateStream=4120
event	44670	refusal	RepartitionExec[1]	1	241764	414983	1470334	285	4	634450	468713	RepartitionExec=831764;RepartitionExec[Merge]=634450;OrderedPartialAggregateStream=4120
event	44676	refusal	RepartitionExec[0]	1	189062	416781	1470334	285	4	634450	468713	RepartitionExec=831764;RepartitionExec[Merge]=634450;OrderedPartialAggregateStream=4120
event	44702	refusal	OrderedPartialAggregateStream[187]	1	926992	0	1471158	285	4	634450	468713	RepartitionExec=831764;RepartitionExec[Merge]=634450;OrderedPartialAggregateStream=4944
event	44781	refusal	RepartitionExec[0]	1	239966	416781	1470334	284	4	634450	470363	RepartitionExec=831764;RepartitionExec[Merge]=634450;OrderedPartialAggregateStream=4120
event	44854	refusal	RepartitionExec[1]	1	184679	414983	1470334	284	4	634450	470363	RepartitionExec=831764;RepartitionExec[Merge]=634450;OrderedPartialAggregateStream=4120
event	44953	refusal	RepartitionExec[1]	1	189062	414983	1470334	283	4	634450	472025	RepartitionExec=831764;RepartitionExec[Merge]=634450;OrderedPartialAggregateStream=4120
event	44988	refusal	RepartitionExec[0]	1	187376	416781	1470334	283	4	634450	472025	RepartitionExec=831764;RepartitionExec[Merge]=634450;OrderedPartialAggregateStream=4120
event	45079	refusal	RepartitionExec[1]	1	239966	414983	1470334	283	4	634450	472025	RepartitionExec=831764;RepartitionExec[Merge]=634450;OrderedPartialAggregateStream=4120
event	45194	refusal	RepartitionExec[1]	1	187376	414983	1468686	281	4	634450	475385	RepartitionExec=831764;RepartitionExec[Merge]=634450;OrderedPartialAggregateStream=2472
event	45209	release_after_refusal	RepartitionExec[0]	1	220527	196254	1248159	281	4	634450		RepartitionExec[Merge]=634450;RepartitionExec=611237;OrderedPartialAggregateStream=2472
event	45250	refusal	OrderedPartialAggregateStream[39]	1	1704989	0	1498614	281	4	884905	474494	RepartitionExec[Merge]=884905;RepartitionExec=611237;OrderedPartialAggregateStream=2472
event	45432	refusal	RepartitionExec[1]	1	197601	414983	1719739	279	4	1105507	477104	RepartitionExec[Merge]=1105507;RepartitionExec=612584;OrderedPartialAggregateStream=1648
event	45684	refusal	OrderedPartialAggregateStream[2]	1	1913213	0	1719739	279	4	1105507	477104	RepartitionExec[Merge]=1105507;RepartitionExec=612584;OrderedPartialAggregateStream=1648
event	45843	refusal	OrderedPartialAggregateStream[39]	1	519112	0	1718915	278	4	1105507	478820	RepartitionExec[Merge]=1105507;RepartitionExec=612584;OrderedPartialAggregateStream=824
event	45914	refusal	RepartitionExec[0]	1	337861	197601	1719739	278	4	1105507	478820	RepartitionExec[Merge]=1105507;RepartitionExec=612584;OrderedPartialAggregateStream=1648
event	46074	refusal	OrderedPartialAggregateStream[179]	1	902287	0	1719739	278	4	1105507	478820	RepartitionExec[Merge]=1105507;RepartitionExec=612584;OrderedPartialAggregateStream=1648
event	46092	refusal	OrderedPartialAggregateStream[20]	1	1789157	0	1719739	278	4	1105507	478820	RepartitionExec[Merge]=1105507;RepartitionExec=612584;OrderedPartialAggregateStream=1648
event	46143	release_after_refusal	RepartitionExec[1]	1	220527	194456	1499212	278	4	1105507		RepartitionExec[Merge]=1105507;RepartitionExec=392057;OrderedPartialAggregateStream=1648
event	46171	refusal	RepartitionExec[1]	1	337861	194456	1499212	278	4	1105507	478820	RepartitionExec[Merge]=1105507;RepartitionExec=392057;OrderedPartialAggregateStream=1648
event	46181	refusal	OrderedPartialAggregateStream[16]	1	1975610	0	1499212	278	4	1105507	478820	RepartitionExec[Merge]=1105507;RepartitionExec=392057;OrderedPartialAggregateStream=1648
event	46350	refusal	OrderedPartialAggregateStream[144]	1	907714	0	1749019	278	4	1355314	477922	RepartitionExec[Merge]=1355314;RepartitionExec=392057;OrderedPartialAggregateStream=1648
event	46468	refusal	OrderedPartialAggregateStream[2]	1	519368	0	1749019	278	4	1355314	477922	RepartitionExec[Merge]=1355314;RepartitionExec=392057;OrderedPartialAggregateStream=1648
event	46501	refusal	OrderedPartialAggregateStream[53]	1	1102958	0	1749843	278	4	1355314	477922	RepartitionExec[Merge]=1355314;RepartitionExec=392057;OrderedPartialAggregateStream=2472
event	46595	refusal	RepartitionExec[0]	1	416749	385764	2124521	275	4	1355314	483136	RepartitionExec[Merge]=1355314;RepartitionExec=768383;OrderedPartialAggregateStream=824
event	46638	refusal	OrderedPartialAggregateStream[150]	1	894250	0	2124521	275	4	1355314	483136	RepartitionExec[Merge]=1355314;RepartitionExec=768383;OrderedPartialAggregateStream=824
event	46692	refusal	OrderedPartialAggregateStream[170]	1	903538	0	2124521	275	4	1355314	483136	RepartitionExec[Merge]=1355314;RepartitionExec=768383;OrderedPartialAggregateStream=824
event	46730	refusal	OrderedPartialAggregateStream[9]	1	1871768	0	2124521	275	4	1355314	483136	RepartitionExec[Merge]=1355314;RepartitionExec=768383;OrderedPartialAggregateStream=824
event	46909	refusal	OrderedPartialAggregateStream[133]	1	902557	0	2125345	275	4	1355314	483136	RepartitionExec[Merge]=1355314;RepartitionExec=768383;OrderedPartialAggregateStream=1648
event	46933	refusal	RepartitionExec[0]	1	190297	385764	2125345	275	4	1355314	483136	RepartitionExec[Merge]=1355314;RepartitionExec=768383;OrderedPartialAggregateStream=1648
event	46985	refusal	OrderedPartialAggregateStream[20]	1	519240	0	2151453	275	4	1381422	483041	RepartitionExec[Merge]=1381422;RepartitionExec=768383;OrderedPartialAggregateStream=1648
event	46995	refusal	OrderedPartialAggregateStream[155]	1	892873	0	2244549	275	4	1473694	482705	RepartitionExec[Merge]=1473694;RepartitionExec=768383;OrderedPartialAggregateStream=2472
event	47058	refusal	RepartitionExec[1]	1	416749	382619	2245373	275	4	1473694	482705	RepartitionExec[Merge]=1473694;RepartitionExec=768383;OrderedPartialAggregateStream=3296
event	47101	refusal	RepartitionExec[0]	1	188611	385764	2245373	275	4	1473694	482705	RepartitionExec[Merge]=1473694;RepartitionExec=768383;OrderedPartialAggregateStream=3296
event	47109	refusal	RepartitionExec[0]	1	369777	385764	2245373	275	4	1473694	482705	RepartitionExec[Merge]=1473694;RepartitionExec=768383;OrderedPartialAggregateStream=3296
event	47153	refusal	RepartitionExec[1]	1	190297	382619	2245373	275	4	1473694	482705	RepartitionExec[Merge]=1473694;RepartitionExec=768383;OrderedPartialAggregateStream=3296
event	47186	refusal	OrderedPartialAggregateStream[49]	1	1602623	0	2245373	275	4	1473694	482705	RepartitionExec[Merge]=1473694;RepartitionExec=768383;OrderedPartialAggregateStream=3296
event	47275	refusal	RepartitionExec[1]	1	188611	382619	2247021	275	4	1473694	482705	RepartitionExec[Merge]=1473694;RepartitionExec=768383;OrderedPartialAggregateStream=4944
event	47282	refusal	RepartitionExec[0]	1	253339	385764	2247021	275	4	1473694	482705	RepartitionExec[Merge]=1473694;RepartitionExec=768383;OrderedPartialAggregateStream=4944
event	47324	refusal	RepartitionExec[0]	1	188275	385764	2247845	275	4	1473694	482705	RepartitionExec[Merge]=1473694;RepartitionExec=768383;OrderedPartialAggregateStream=5768
event	47332	refusal	RepartitionExec[0]	1	184567	385764	2247845	274	4	1473694	484467	RepartitionExec[Merge]=1473694;RepartitionExec=768383;OrderedPartialAggregateStream=5768
event	47354	refusal	RepartitionExec[0]	1	185127	385764	2247845	274	4	1473694	484467	RepartitionExec[Merge]=1473694;RepartitionExec=768383;OrderedPartialAggregateStream=5768
event	47363	refusal	RepartitionExec[1]	1	369777	382619	2247845	274	4	1473694	484467	RepartitionExec[Merge]=1473694;RepartitionExec=768383;OrderedPartialAggregateStream=5768
event	47452	refusal	OrderedPartialAggregateStream[9]	1	519240	0	2247021	273	4	1473694	486241	RepartitionExec[Merge]=1473694;RepartitionExec=768383;OrderedPartialAggregateStream=4944
event	47462	refusal	OrderedPartialAggregateStream[16]	1	519368	0	2247845	273	4	1473694	486241	RepartitionExec[Merge]=1473694;RepartitionExec=768383;OrderedPartialAggregateStream=5768
event	47498	refusal	RepartitionExec[1]	1	188275	382619	2247845	272	4	1473694	488029	RepartitionExec[Merge]=1473694;RepartitionExec=768383;OrderedPartialAggregateStream=5768
event	47499	refusal	OrderedPartialAggregateStream[49]	1	519112	0	2247845	272	4	1473694	488029	RepartitionExec[Merge]=1473694;RepartitionExec=768383;OrderedPartialAggregateStream=5768
event	47506	refusal	RepartitionExec[1]	1	253339	382619	2248669	272	4	1473694	488029	RepartitionExec[Merge]=1473694;RepartitionExec=768383;OrderedPartialAggregateStream=6592
event	47547	refusal	RepartitionExec[0]	1	299092	385764	2248669	272	4	1473694	488029	RepartitionExec[Merge]=1473694;RepartitionExec=768383;OrderedPartialAggregateStream=6592
event	47552	refusal	RepartitionExec[1]	1	185127	382619	2248669	272	4	1473694	488029	RepartitionExec[Merge]=1473694;RepartitionExec=768383;OrderedPartialAggregateStream=6592
event	47569	refusal	RepartitionExec[0]	1	440347	385764	2248669	272	4	1473694	488029	RepartitionExec[Merge]=1473694;RepartitionExec=768383;OrderedPartialAggregateStream=6592
event	47577	refusal	OrderedPartialAggregateStream[12]	1	2165794	0	2248669	272	4	1473694	488029	RepartitionExec[Merge]=1473694;RepartitionExec=768383;OrderedPartialAggregateStream=6592
event	47590	refusal	RepartitionExec[0]	1	401018	385764	2248669	272	4	1473694	488029	RepartitionExec[Merge]=1473694;RepartitionExec=768383;OrderedPartialAggregateStream=6592
event	47600	refusal	RepartitionExec[1]	1	184567	382619	2248669	272	4	1473694	488029	RepartitionExec[Merge]=1473694;RepartitionExec=768383;OrderedPartialAggregateStream=6592
event	47714	refusal	RepartitionExec[1]	1	299092	382619	2247021	270	4	1473694	491644	RepartitionExec[Merge]=1473694;RepartitionExec=768383;OrderedPartialAggregateStream=4944
event	47840	refusal	OrderedPartialAggregateStream[180]	1	908344	0	2245373	268	4	1473694	495313	RepartitionExec[Merge]=1473694;RepartitionExec=768383;OrderedPartialAggregateStream=3296
event	47854	refusal	RepartitionExec[1]	1	401018	382619	2245373	268	4	1473694	495313	RepartitionExec[Merge]=1473694;RepartitionExec=768383;OrderedPartialAggregateStream=3296
event	47879	refusal	RepartitionExec[1]	1	440347	382619	2245373	268	4	1473694	495313	RepartitionExec[Merge]=1473694;RepartitionExec=768383;OrderedPartialAggregateStream=3296
event	48229	refusal	OrderedPartialAggregateStream[12]	1	519496	0	2242077	264	4	1473694	502818	RepartitionExec[Merge]=1473694;RepartitionExec=768383
event	48295	refusal	RepartitionExec[0]	1	190521	385764	2243725	264	4	1473694	502818	RepartitionExec[Merge]=1473694;RepartitionExec=768383;OrderedPartialAggregateStream=1648
event	48296	refusal	RepartitionExec[0]	1	490691	385764	2243725	264	4	1473694	502818	RepartitionExec[Merge]=1473694;RepartitionExec=768383;OrderedPartialAggregateStream=1648
event	48361	refusal	OrderedPartialAggregateStream[40]	1	1580753	0	2243725	264	4	1473694	502818	RepartitionExec[Merge]=1473694;RepartitionExec=768383;OrderedPartialAggregateStream=1648
event	48413	refusal	OrderedPartialAggregateStream[171]	1	893323	0	2243725	264	4	1473694	502818	RepartitionExec[Merge]=1473694;RepartitionExec=768383;OrderedPartialAggregateStream=1648
event	48458	refusal	RepartitionExec[1]	1	190521	382619	2243725	264	4	1473694	502818	RepartitionExec[Merge]=1473694;RepartitionExec=768383;OrderedPartialAggregateStream=1648
event	48515	refusal	RepartitionExec[1]	1	490691	382619	2243725	264	4	1473694	502818	RepartitionExec[Merge]=1473694;RepartitionExec=768383;OrderedPartialAggregateStream=1648
event	48551	refusal	OrderedPartialAggregateStream[134]	1	906382	0	2243725	264	4	1473694	502818	RepartitionExec[Merge]=1473694;RepartitionExec=768383;OrderedPartialAggregateStream=1648
event	48655	refusal	RepartitionExec[0]	1	184791	385764	2243725	263	4	1473694	504730	RepartitionExec[Merge]=1473694;RepartitionExec=768383;OrderedPartialAggregateStream=1648
event	48752	refusal	OrderedPartialAggregateStream[40]	1	519112	0	2242901	262	4	1473694	506656	RepartitionExec[Merge]=1473694;RepartitionExec=768383;OrderedPartialAggregateStream=824
event	48793	refusal	RepartitionExec[1]	1	184791	382619	2244549	262	4	1473694	506656	RepartitionExec[Merge]=1473694;RepartitionExec=768383;OrderedPartialAggregateStream=2472
event	48795	refusal	RepartitionExec[0]	1	189734	385764	2244549	262	4	1473694	506656	RepartitionExec[Merge]=1473694;RepartitionExec=768383;OrderedPartialAggregateStream=2472
event	48816	refusal	RepartitionExec[0]	1	290777	385764	2244549	262	4	1473694	506656	RepartitionExec[Merge]=1473694;RepartitionExec=768383;OrderedPartialAggregateStream=2472
event	48968	refusal	RepartitionExec[1]	1	189734	382619	2243725	261	4	1473694	508597	RepartitionExec[Merge]=1473694;RepartitionExec=768383;OrderedPartialAggregateStream=1648
event	48994	refusal	RepartitionExec[1]	1	290777	382619	2243725	261	4	1473694	508597	RepartitionExec[Merge]=1473694;RepartitionExec=768383;OrderedPartialAggregateStream=1648
event	49092	refusal	OrderedPartialAggregateStream[158]	1	905986	0	2243725	261	4	1473694	508597	RepartitionExec[Merge]=1473694;RepartitionExec=768383;OrderedPartialAggregateStream=1648
event	49190	release_after_refusal	RepartitionExec[1]	1	188163	194456	2053914	259	4	1473694		RepartitionExec[Merge]=1473694;RepartitionExec=580220
event	49281	refusal	OrderedPartialAggregateStream[54]	1	1067030	0	2291385	259	4	1905621	510857	RepartitionExec[Merge]=1905621;RepartitionExec=385764
event	49310	refusal	OrderedPartialAggregateStream[50]	1	1113533	0	2291385	259	4	1905621	510857	RepartitionExec[Merge]=1905621;RepartitionExec=385764
event	49416	refusal	RepartitionExec[0]	1	189622	385764	2292209	259	4	1905621	510857	RepartitionExec[Merge]=1905621;RepartitionExec=385764;OrderedPartialAggregateStream=824
event	49594	refusal	OrderedPartialAggregateStream[247]	1	1585325	0	2481831	258	4	1905621	512837	RepartitionExec[Merge]=1905621;RepartitionExec=575386;OrderedPartialAggregateStream=824
event	49613	refusal	RepartitionExec[0]	1	257386	385764	2482655	258	4	1905621	512837	RepartitionExec[Merge]=1905621;RepartitionExec=575386;OrderedPartialAggregateStream=1648
event	49630	refusal	OrderedPartialAggregateStream[175]	1	908686	0	2482655	258	4	1905621	512837	RepartitionExec[Merge]=1905621;RepartitionExec=575386;OrderedPartialAggregateStream=1648
event	49638	refusal	RepartitionExec[0]	1	239742	385764	2482655	258	4	1905621	512837	RepartitionExec[Merge]=1905621;RepartitionExec=575386;OrderedPartialAggregateStream=1648
event	49668	refusal	OrderedPartialAggregateStream[21]	1	1725194	0	2482655	258	4	1905621	512837	RepartitionExec[Merge]=1905621;RepartitionExec=575386;OrderedPartialAggregateStream=1648
event	49794	refusal	RepartitionExec[1]	1	239742	447008	2739217	257	4	1905621	514833	RepartitionExec[Merge]=1905621;RepartitionExec=832772;OrderedPartialAggregateStream=824
event	49826	refusal	OrderedPartialAggregateStream[172]	1	912061	0	2739217	257	4	1905621	514833	RepartitionExec[Merge]=1905621;RepartitionExec=832772;OrderedPartialAggregateStream=824
event	49894	refusal	RepartitionExec[0]	1	190633	385764	2740041	257	4	1905621	514833	RepartitionExec[Merge]=1905621;RepartitionExec=832772;OrderedPartialAggregateStream=1648
event	50030	refusal	OrderedPartialAggregateStream[247]	1	519112	0	2739217	256	4	1905621	516844	RepartitionExec[Merge]=1905621;RepartitionExec=832772;OrderedPartialAggregateStream=824
event	50043	refusal	RepartitionExec[1]	1	190633	447008	2740041	256	4	1905621	516844	RepartitionExec[Merge]=1905621;RepartitionExec=832772;OrderedPartialAggregateStream=1648
event	50091	refusal	RepartitionExec[0]	1	292463	385764	2740041	256	4	1905621	516844	RepartitionExec[Merge]=1905621;RepartitionExec=832772;OrderedPartialAggregateStream=1648
event	50150	refusal	RepartitionExec[0]	1	191871	385764	2740865	256	4	1905621	516844	RepartitionExec[Merge]=1905621;RepartitionExec=832772;OrderedPartialAggregateStream=2472
event	50236	refusal	OrderedPartialAggregateStream[136]	1	905869	0	2740041	255	4	1905621	518871	RepartitionExec[Merge]=1905621;RepartitionExec=832772;OrderedPartialAggregateStream=1648
event	50257	refusal	OrderedPartialAggregateStream[21]	1	519112	0	2740041	255	4	1905621	518871	RepartitionExec[Merge]=1905621;RepartitionExec=832772;OrderedPartialAggregateStream=1648
event	50277	refusal	RepartitionExec[1]	1	292463	447008	2740865	255	4	1905621	518871	RepartitionExec[Merge]=1905621;RepartitionExec=832772;OrderedPartialAggregateStream=2472
event	50314	refusal	RepartitionExec[0]	1	345504	385764	2740865	255	4	1905621	518871	RepartitionExec[Merge]=1905621;RepartitionExec=832772;OrderedPartialAggregateStream=2472
event	50353	refusal	OrderedPartialAggregateStream[152]	1	906400	0	2740865	255	4	1905621	518871	RepartitionExec[Merge]=1905621;RepartitionExec=832772;OrderedPartialAggregateStream=2472
event	50416	refusal	OrderedPartialAggregateStream[142]	1	907525	0	2740865	255	4	1905621	518871	RepartitionExec[Merge]=1905621;RepartitionExec=832772;OrderedPartialAggregateStream=2472
event	50531	refusal	RepartitionExec[0]	1	189510	385764	2741689	255	4	1905621	518871	RepartitionExec[Merge]=1905621;RepartitionExec=832772;OrderedPartialAggregateStream=3296
event	50641	refusal	RepartitionExec[0]	1	189734	385764	2742513	255	4	1905621	518871	RepartitionExec[Merge]=1905621;RepartitionExec=832772;OrderedPartialAggregateStream=4120
event	50670	refusal	OrderedPartialAggregateStream[190]	1	892108	0	2743337	255	4	1905621	518871	RepartitionExec[Merge]=1905621;RepartitionExec=832772;OrderedPartialAggregateStream=4944
event	50687	refusal	OrderedPartialAggregateStream[159]	1	884521	0	2743337	255	4	1905621	518871	RepartitionExec[Merge]=1905621;RepartitionExec=832772;OrderedPartialAggregateStream=4944
event	50709	refusal	RepartitionExec[0]	1	190185	385764	2743337	255	4	1905621	518871	RepartitionExec[Merge]=1905621;RepartitionExec=832772;OrderedPartialAggregateStream=4944
event	50881	refusal	RepartitionExec[0]	1	184340	385764	2744161	255	4	1905621	518871	RepartitionExec[Merge]=1905621;RepartitionExec=832772;OrderedPartialAggregateStream=5768
event	50929	refusal	RepartitionExec[0]	1	181419	385764	2744985	255	4	1905621	518871	RepartitionExec[Merge]=1905621;RepartitionExec=832772;OrderedPartialAggregateStream=6592
event	50977	refusal	OrderedPartialAggregateStream[41]	1	1112336	0	2744985	255	4	1905621	518871	RepartitionExec[Merge]=1905621;RepartitionExec=832772;OrderedPartialAggregateStream=6592
event	51274	refusal	RepartitionExec[0]	1	256935	385764	2745809	255	4	1905621	518871	RepartitionExec[Merge]=1905621;RepartitionExec=832772;OrderedPartialAggregateStream=7416
event	51450	refusal	OrderedPartialAggregateStream[177]	1	905761	0	2745809	255	4	1905621	518871	RepartitionExec[Merge]=1905621;RepartitionExec=832772;OrderedPartialAggregateStream=7416
event	51570	refusal	OrderedPartialAggregateStream[55]	1	1082069	0	2745809	255	4	1905621	518871	RepartitionExec[Merge]=1905621;RepartitionExec=832772;OrderedPartialAggregateStream=7416
event	51667	refusal	RepartitionExec[0]	1	189510	385764	2746633	255	4	1905621	518871	RepartitionExec[Merge]=1905621;RepartitionExec=832772;OrderedPartialAggregateStream=8240
event	51867	refusal	OrderedPartialAggregateStream[11]	1	1933139	0	2746633	255	4	1905621	518871	RepartitionExec[Merge]=1905621;RepartitionExec=832772;OrderedPartialAggregateStream=8240
event	51921	refusal	RepartitionExec[0]	1	245472	385764	2747457	255	4	1905621	518871	RepartitionExec[Merge]=1905621;RepartitionExec=832772;OrderedPartialAggregateStream=9064
event	51966	refusal	OrderedPartialAggregateStream[10]	1	3807265	0	2747457	255	4	1905621	518871	RepartitionExec[Merge]=1905621;RepartitionExec=832772;OrderedPartialAggregateStream=9064
event	51970	refusal	OrderedPartialAggregateStream[17]	1	3360307	0	2747457	255	4	1905621	518871	RepartitionExec[Merge]=1905621;RepartitionExec=832772;OrderedPartialAggregateStream=9064
event	52074	refusal	OrderedPartialAggregateStream[0]	1	2216941	0	2747457	255	4	1905621	518871	RepartitionExec[Merge]=1905621;RepartitionExec=832772;OrderedPartialAggregateStream=9064
event	52556	refusal	OrderedPartialAggregateStream[11]	1	519368	0	2747457	255	4	1905621	518871	RepartitionExec[Merge]=1905621;RepartitionExec=832772;OrderedPartialAggregateStream=9064
event	52636	refusal	RepartitionExec[0]	1	424392	385764	2748281	255	4	1905621	518871	RepartitionExec[Merge]=1905621;RepartitionExec=832772;OrderedPartialAggregateStream=9888
event	52659	refusal	OrderedPartialAggregateStream[17]	1	1036360	0	2748281	255	4	1905621	518871	RepartitionExec[Merge]=1905621;RepartitionExec=832772;OrderedPartialAggregateStream=9888
event	52699	refusal	OrderedPartialAggregateStream[0]	1	519496	0	2749105	255	4	1905621	518871	RepartitionExec[Merge]=1905621;RepartitionExec=832772;OrderedPartialAggregateStream=10712
event	52731	refusal	RepartitionExec[0]	1	656142	385764	2749929	255	4	1905621	518871	RepartitionExec[Merge]=1905621;RepartitionExec=832772;OrderedPartialAggregateStream=11536
event	52756	refusal	RepartitionExec[0]	1	510133	385764	2749929	255	4	1905621	518871	RepartitionExec[Merge]=1905621;RepartitionExec=832772;OrderedPartialAggregateStream=11536
event	52878	refusal	OrderedPartialAggregateStream[10]	1	1036744	0	2749929	255	4	1905621	518871	RepartitionExec[Merge]=1905621;RepartitionExec=832772;OrderedPartialAggregateStream=11536
event	52968	refusal	RepartitionExec[0]	1	825490	385764	2750753	255	4	1905621	518871	RepartitionExec[Merge]=1905621;RepartitionExec=832772;OrderedPartialAggregateStream=12360
event	52981	refusal	OrderedPartialAggregateStream[1]	1	2144725	0	2750753	255	4	1905621	518871	RepartitionExec[Merge]=1905621;RepartitionExec=832772;OrderedPartialAggregateStream=12360
event	53531	refusal	OrderedPartialAggregateStream[1]	1	519496	0	2750753	255	4	1905621	518871	RepartitionExec[Merge]=1905621;RepartitionExec=832772;OrderedPartialAggregateStream=12360
event	53584	refusal	RepartitionExec[0]	1	482827	385764	2751577	255	4	1905621	518871	RepartitionExec[Merge]=1905621;RepartitionExec=832772;OrderedPartialAggregateStream=13184
event	56170	refusal	RepartitionExec[1]	1	191871	447008	2751577	255	4	1905621	518871	RepartitionExec[Merge]=1905621;RepartitionExec=832772;OrderedPartialAggregateStream=13184
event	56251	refusal	RepartitionExec[1]	1	189510	447008	2751577	255	4	1905621	518871	RepartitionExec[Merge]=1905621;RepartitionExec=832772;OrderedPartialAggregateStream=13184
event	56271	refusal	RepartitionExec[1]	1	345504	447008	2750753	254	4	1905621	520913	RepartitionExec[Merge]=1905621;RepartitionExec=832772;OrderedPartialAggregateStream=12360
event	56325	refusal	RepartitionExec[1]	1	189734	447008	2750753	254	4	1905621	520913	RepartitionExec[Merge]=1905621;RepartitionExec=832772;OrderedPartialAggregateStream=12360
event	56329	refusal	RepartitionExec[1]	1	190185	447008	2750753	254	4	1905621	520913	RepartitionExec[Merge]=1905621;RepartitionExec=832772;OrderedPartialAggregateStream=12360
event	56374	refusal	RepartitionExec[1]	1	184340	447008	2750753	254	4	1905621	520913	RepartitionExec[Merge]=1905621;RepartitionExec=832772;OrderedPartialAggregateStream=12360
event	56387	refusal	RepartitionExec[1]	1	181419	447008	2750753	254	4	1905621	520913	RepartitionExec[Merge]=1905621;RepartitionExec=832772;OrderedPartialAggregateStream=12360
event	56474	refusal	RepartitionExec[1]	1	189510	447008	2750753	254	4	1905621	520913	RepartitionExec[Merge]=1905621;RepartitionExec=832772;OrderedPartialAggregateStream=12360
event	56540	refusal	RepartitionExec[1]	1	245472	447008	2749929	253	4	1905621	522972	RepartitionExec[Merge]=1905621;RepartitionExec=832772;OrderedPartialAggregateStream=11536
event	56599	refusal	RepartitionExec[1]	1	424392	447008	2749105	252	4	1905621	525048	RepartitionExec[Merge]=1905621;RepartitionExec=832772;OrderedPartialAggregateStream=10712
event	56650	refusal	RepartitionExec[1]	1	510133	447008	2749105	252	4	1905621	525048	RepartitionExec[Merge]=1905621;RepartitionExec=832772;OrderedPartialAggregateStream=10712
event	56685	refusal	RepartitionExec[1]	1	482827	447008	2748281	251	4	1905621	527139	RepartitionExec[Merge]=1905621;RepartitionExec=832772;OrderedPartialAggregateStream=9888
event	56717	refusal	RepartitionExec[1]	1	825490	447008	2747457	250	4	1905621	529248	RepartitionExec[Merge]=1905621;RepartitionExec=832772;OrderedPartialAggregateStream=9064
event	56762	refusal	RepartitionExec[1]	1	256935	447008	2747457	250	4	1905621	529248	RepartitionExec[Merge]=1905621;RepartitionExec=832772;OrderedPartialAggregateStream=9064
event	56990	refusal	RepartitionExec[1]	1	656142	447008	2743337	245	4	1905621	540049	RepartitionExec[Merge]=1905621;RepartitionExec=832772;OrderedPartialAggregateStream=4944
event	57509	refusal	OrderedPartialAggregateStream[160]	1	906499	0	2911165	241	4	2076745	548302	RepartitionExec[Merge]=2076745;RepartitionExec=832772;OrderedPartialAggregateStream=1648
event	57583	refusal	OrderedPartialAggregateStream[174]	1	904915	0	3024689	241	4	2190269	547831	RepartitionExec[Merge]=2190269;RepartitionExec=832772;OrderedPartialAggregateStream=1648
event	57660	refusal	OrderedPartialAggregateStream[45]	1	1050704	0	3136409	241	4	2301989	547368	RepartitionExec[Merge]=2301989;RepartitionExec=832772;OrderedPartialAggregateStream=1648
event	57739	refusal	RepartitionExec[0]	1	189849	385764	3137233	241	4	2301989	547368	RepartitionExec[Merge]=2301989;RepartitionExec=832772;OrderedPartialAggregateStream=2472
event	57816	release_after_refusal	RepartitionExec[0]	1	188163	197601	2949894	241	4	2301989		RepartitionExec[Merge]=2301989;RepartitionExec=644609;OrderedPartialAggregateStream=3296
event	57839	refusal	RepartitionExec[1]	1	189174	447008	3352227	241	4	2515148	546483	RepartitionExec[Merge]=2515148;RepartitionExec=833783;OrderedPartialAggregateStream=3296
event	57891	refusal	RepartitionExec[1]	1	189849	447008	3377979	241	4	2738501	545556	RepartitionExec[Merge]=2738501;RepartitionExec=636182;OrderedPartialAggregateStream=3296
event	57896	refusal	OrderedPartialAggregateStream[149]	1	887239	0	3377979	241	4	2738501	545556	RepartitionExec[Merge]=2738501;RepartitionExec=636182;OrderedPartialAggregateStream=3296
event	58045	refusal	RepartitionExec[1]	1	233561	447008	3610716	239	4	2738501	550122	RepartitionExec[Merge]=2738501;RepartitionExec=869743;OrderedPartialAggregateStream=2472
event	58185	refusal	OrderedPartialAggregateStream[191]	1	913474	0	3611540	239	4	2738501	550122	RepartitionExec[Merge]=2738501;RepartitionExec=869743;OrderedPartialAggregateStream=3296
event	58198	refusal	RepartitionExec[0]	1	182542	422735	3611540	239	4	2738501	550122	RepartitionExec[Merge]=2738501;RepartitionExec=869743;OrderedPartialAggregateStream=3296
event	58253	refusal	OrderedPartialAggregateStream[162]	1	900739	0	3609892	237	4	2738501	554764	RepartitionExec[Merge]=2738501;RepartitionExec=869743;OrderedPartialAggregateStream=1648
event	58266	refusal	OrderedPartialAggregateStream[22]	1	1692560	0	3609892	237	4	2738501	554764	RepartitionExec[Merge]=2738501;RepartitionExec=869743;OrderedPartialAggregateStream=1648
event	58333	refusal	RepartitionExec[1]	1	182542	447008	3609892	237	4	2738501	554764	RepartitionExec[Merge]=2738501;RepartitionExec=869743;OrderedPartialAggregateStream=1648
event	58499	refusal	OrderedPartialAggregateStream[163]	1	898633	0	3610716	237	4	2738501	554764	RepartitionExec[Merge]=2738501;RepartitionExec=869743;OrderedPartialAggregateStream=2472
event	58517	refusal	RepartitionExec[0]	1	192431	422735	3609892	236	4	2738501	557115	RepartitionExec[Merge]=2738501;RepartitionExec=869743;OrderedPartialAggregateStream=1648
event	58547	refusal	OrderedPartialAggregateStream[143]	1	926569	0	3609892	236	4	2738501	557115	RepartitionExec[Merge]=2738501;RepartitionExec=869743;OrderedPartialAggregateStream=1648
event	58636	refusal	OrderedPartialAggregateStream[181]	1	916993	0	3610716	236	4	2738501	557115	RepartitionExec[Merge]=2738501;RepartitionExec=869743;OrderedPartialAggregateStream=2472
event	58640	refusal	RepartitionExec[0]	1	187600	422735	3610716	236	4	2738501	557115	RepartitionExec[Merge]=2738501;RepartitionExec=869743;OrderedPartialAggregateStream=2472
event	58682	refusal	RepartitionExec[1]	1	192431	447008	3610716	236	4	2738501	557115	RepartitionExec[Merge]=2738501;RepartitionExec=869743;OrderedPartialAggregateStream=2472
event	58790	refusal	OrderedPartialAggregateStream[161]	1	912637	0	3610716	236	4	2738501	557115	RepartitionExec[Merge]=2738501;RepartitionExec=869743;OrderedPartialAggregateStream=2472
event	58813	refusal	OrderedPartialAggregateStream[56]	1	1599806	0	3610716	236	4	2738501	557115	RepartitionExec[Merge]=2738501;RepartitionExec=869743;OrderedPartialAggregateStream=2472
event	58822	refusal	RepartitionExec[1]	1	187600	447008	3611540	236	4	2738501	557115	RepartitionExec[Merge]=2738501;RepartitionExec=869743;OrderedPartialAggregateStream=3296
event	58844	refusal	OrderedPartialAggregateStream[3]	1	1794458	0	3611540	236	4	2738501	557115	RepartitionExec[Merge]=2738501;RepartitionExec=869743;OrderedPartialAggregateStream=3296
event	58865	refusal	RepartitionExec[0]	1	197377	422735	3611540	235	4	2738501	559486	RepartitionExec[Merge]=2738501;RepartitionExec=869743;OrderedPartialAggregateStream=3296
event	58926	refusal	RepartitionExec[0]	1	333142	422735	3612364	235	4	2738501	559486	RepartitionExec[Merge]=2738501;RepartitionExec=869743;OrderedPartialAggregateStream=4120
event	58941	refusal	RepartitionExec[0]	1	186813	422735	3612364	235	4	2738501	559486	RepartitionExec[Merge]=2738501;RepartitionExec=869743;OrderedPartialAggregateStream=4120
event	59071	refusal	OrderedPartialAggregateStream[183]	1	914833	0	3613188	234	4	2738501	561877	RepartitionExec[Merge]=2738501;RepartitionExec=869743;OrderedPartialAggregateStream=4944
event	59110	refusal	RepartitionExec[0]	1	192095	422735	3613188	234	4	2738501	561877	RepartitionExec[Merge]=2738501;RepartitionExec=869743;OrderedPartialAggregateStream=4944
event	59137	refusal	OrderedPartialAggregateStream[182]	1	934849	0	3613188	234	4	2738501	561877	RepartitionExec[Merge]=2738501;RepartitionExec=869743;OrderedPartialAggregateStream=4944
event	59166	refusal	RepartitionExec[0]	1	193781	422735	3613188	234	4	2738501	561877	RepartitionExec[Merge]=2738501;RepartitionExec=869743;OrderedPartialAggregateStream=4944
event	59246	refusal	RepartitionExec[1]	1	186813	447008	3613188	234	4	2738501	561877	RepartitionExec[Merge]=2738501;RepartitionExec=869743;OrderedPartialAggregateStream=4944
event	59257	refusal	RepartitionExec[1]	1	333142	447008	3613188	234	4	2738501	561877	RepartitionExec[Merge]=2738501;RepartitionExec=869743;OrderedPartialAggregateStream=4944
event	59340	refusal	OrderedPartialAggregateStream[192]	1	931312	0	3613188	234	4	2738501	561877	RepartitionExec[Merge]=2738501;RepartitionExec=869743;OrderedPartialAggregateStream=4944
event	59446	refusal	RepartitionExec[0]	1	192882	422735	3614012	234	4	2738501	561877	RepartitionExec[Merge]=2738501;RepartitionExec=869743;OrderedPartialAggregateStream=5768
event	59451	refusal	RepartitionExec[1]	1	193781	447008	3614012	234	4	2738501	561877	RepartitionExec[Merge]=2738501;RepartitionExec=869743;OrderedPartialAggregateStream=5768
event	59481	refusal	RepartitionExec[1]	1	192095	447008	3614012	234	4	2738501	561877	RepartitionExec[Merge]=2738501;RepartitionExec=869743;OrderedPartialAggregateStream=5768
event	59493	refusal	OrderedPartialAggregateStream[151]	1	897967	0	3614012	234	4	2738501	561877	RepartitionExec[Merge]=2738501;RepartitionExec=869743;OrderedPartialAggregateStream=5768
event	59561	refusal	RepartitionExec[0]	1	200522	422735	3614836	233	4	2738501	564288	RepartitionExec[Merge]=2738501;RepartitionExec=869743;OrderedPartialAggregateStream=6592
event	59574	refusal	RepartitionExec[0]	1	371799	422735	3614836	233	4	2738501	564288	RepartitionExec[Merge]=2738501;RepartitionExec=869743;OrderedPartialAggregateStream=6592
event	59643	refusal	RepartitionExec[1]	1	192882	447008	3614836	232	4	2738501	566720	RepartitionExec[Merge]=2738501;RepartitionExec=869743;OrderedPartialAggregateStream=6592
event	59662	refusal	RepartitionExec[0]	1	297969	422735	3614836	232	4	2738501	566720	RepartitionExec[Merge]=2738501;RepartitionExec=869743;OrderedPartialAggregateStream=6592
event	59707	refusal	OrderedPartialAggregateStream[42]	1	1092455	0	3614012	231	4	2738501	569174	RepartitionExec[Merge]=2738501;RepartitionExec=869743;OrderedPartialAggregateStream=5768
event	59776	refusal	RepartitionExec[1]	1	200522	447008	3613188	230	4	2738501	571648	RepartitionExec[Merge]=2738501;RepartitionExec=869743;OrderedPartialAggregateStream=4944
event	59962	refusal	RepartitionExec[0]	1	199175	422735	3612364	228	4	2738501	576663	RepartitionExec[Merge]=2738501;RepartitionExec=869743;OrderedPartialAggregateStream=4120
event	60003	refusal	RepartitionExec[1]	1	371799	447008	3612364	228	4	2738501	576663	RepartitionExec[Merge]=2738501;RepartitionExec=869743;OrderedPartialAggregateStream=4120
event	60032	refusal	RepartitionExec[1]	1	197377	447008	3612364	228	4	2738501	576663	RepartitionExec[Merge]=2738501;RepartitionExec=869743;OrderedPartialAggregateStream=4120
event	60038	refusal	RepartitionExec[1]	1	297969	447008	3611540	227	4	2738501	579203	RepartitionExec[Merge]=2738501;RepartitionExec=869743;OrderedPartialAggregateStream=3296
event	60069	refusal	OrderedPartialAggregateStream[165]	1	896905	0	3611540	227	4	2738501	579203	RepartitionExec[Merge]=2738501;RepartitionExec=869743;OrderedPartialAggregateStream=3296
event	60156	refusal	RepartitionExec[1]	1	199175	447008	3611540	227	4	2738501	579203	RepartitionExec[Merge]=2738501;RepartitionExec=869743;OrderedPartialAggregateStream=3296
event	60241	refusal	RepartitionExec[0]	1	249407	422735	3611540	225	4	2738501	584352	RepartitionExec[Merge]=2738501;RepartitionExec=869743;OrderedPartialAggregateStream=3296
event	60248	refusal	RepartitionExec[0]	1	186589	422735	3611540	225	4	2738501	584352	RepartitionExec[Merge]=2738501;RepartitionExec=869743;OrderedPartialAggregateStream=3296
event	60353	refusal	RepartitionExec[0]	1	186138	422735	3610716	223	4	2738501	589592	RepartitionExec[Merge]=2738501;RepartitionExec=869743;OrderedPartialAggregateStream=2472
event	60380	refusal	RepartitionExec[1]	1	249407	447008	3610716	223	4	2738501	589592	RepartitionExec[Merge]=2738501;RepartitionExec=869743;OrderedPartialAggregateStream=2472
event	60438	refusal	RepartitionExec[1]	1	186589	447008	3610716	223	4	2738501	589592	RepartitionExec[Merge]=2738501;RepartitionExec=869743;OrderedPartialAggregateStream=2472
event	60525	refusal	RepartitionExec[1]	1	186138	447008	3610716	223	4	2738501	589592	RepartitionExec[Merge]=2738501;RepartitionExec=869743;OrderedPartialAggregateStream=2472
event	60579	refusal	OrderedPartialAggregateStream[18]	1	1873865	0	3609892	222	4	2738501	592248	RepartitionExec[Merge]=2738501;RepartitionExec=869743;OrderedPartialAggregateStream=1648
event	60736	refusal	OrderedPartialAggregateStream[204]	1	952354	0	3608244	220	4	2738501	597632	RepartitionExec[Merge]=2738501;RepartitionExec=869743
event	60839	refusal	OrderedPartialAggregateStream[205]	1	962740	0	3608244	220	4	2738501	597632	RepartitionExec[Merge]=2738501;RepartitionExec=869743
event	61071	refusal	RepartitionExec[0]	1	207154	422735	3609892	220	4	2738501	597632	RepartitionExec[Merge]=2738501;RepartitionExec=869743;OrderedPartialAggregateStream=1648
event	61111	refusal	RepartitionExec[0]	1	401802	422735	3609892	220	4	2738501	597632	RepartitionExec[Merge]=2738501;RepartitionExec=869743;OrderedPartialAggregateStream=1648
event	61150	refusal	RepartitionExec[0]	1	211086	422735	3610716	220	4	2738501	597632	RepartitionExec[Merge]=2738501;RepartitionExec=869743;OrderedPartialAggregateStream=2472
event	61211	refusal	RepartitionExec[1]	1	207154	447008	3610716	220	4	2738501	597632	RepartitionExec[Merge]=2738501;RepartitionExec=869743;OrderedPartialAggregateStream=2472
event	61253	refusal	OrderedPartialAggregateStream[222]	1	968815	0	3610716	220	4	2738501	597632	RepartitionExec[Merge]=2738501;RepartitionExec=869743;OrderedPartialAggregateStream=2472
event	61255	refusal	OrderedPartialAggregateStream[145]	1	889417	0	3610716	220	4	2738501	597632	RepartitionExec[Merge]=2738501;RepartitionExec=869743;OrderedPartialAggregateStream=2472
event	61280	refusal	RepartitionExec[1]	1	211086	447008	3610716	220	4	2738501	597632	RepartitionExec[Merge]=2738501;RepartitionExec=869743;OrderedPartialAggregateStream=2472
event	61293	refusal	RepartitionExec[1]	1	401802	447008	3610716	220	4	2738501	597632	RepartitionExec[Merge]=2738501;RepartitionExec=869743;OrderedPartialAggregateStream=2472
event	61302	refusal	OrderedPartialAggregateStream[23]	1	1676963	0	3610716	220	4	2738501	597632	RepartitionExec[Merge]=2738501;RepartitionExec=869743;OrderedPartialAggregateStream=2472
event	61460	refusal	RepartitionExec[0]	1	183329	422735	3609892	218	4	2738501	603115	RepartitionExec[Merge]=2738501;RepartitionExec=869743;OrderedPartialAggregateStream=1648
event	61581	refusal	RepartitionExec[0]	1	213447	422735	3609892	217	4	2738501	605895	RepartitionExec[Merge]=2738501;RepartitionExec=869743;OrderedPartialAggregateStream=1648
event	61582	refusal	RepartitionExec[1]	1	183329	447008	3609892	217	4	2738501	605895	RepartitionExec[Merge]=2738501;RepartitionExec=869743;OrderedPartialAggregateStream=1648
event	61677	refusal	OrderedPartialAggregateStream[60]	1	992557	0	3609892	217	4	2738501	605895	RepartitionExec[Merge]=2738501;RepartitionExec=869743;OrderedPartialAggregateStream=1648
event	61745	refusal	RepartitionExec[1]	1	213447	447008	3610716	217	4	2738501	605895	RepartitionExec[Merge]=2738501;RepartitionExec=869743;OrderedPartialAggregateStream=2472
event	61748	refusal	RepartitionExec[0]	1	327300	422735	3610716	217	4	2738501	605895	RepartitionExec[Merge]=2738501;RepartitionExec=869743;OrderedPartialAggregateStream=2472
event	61941	refusal	RepartitionExec[1]	1	327300	447008	3609068	215	4	2738501	611531	RepartitionExec[Merge]=2738501;RepartitionExec=869743;OrderedPartialAggregateStream=824
event	61995	refusal	RepartitionExec[0]	1	222437	422735	3609892	215	4	2738501	611531	RepartitionExec[Merge]=2738501;RepartitionExec=869743;OrderedPartialAggregateStream=1648
event	62066	refusal	OrderedPartialAggregateStream[166]	1	891838	0	3609892	215	4	2738501	611531	RepartitionExec[Merge]=2738501;RepartitionExec=869743;OrderedPartialAggregateStream=1648
event	62072	refusal	OrderedPartialAggregateStream[153]	1	884494	0	3609892	215	4	2738501	611531	RepartitionExec[Merge]=2738501;RepartitionExec=869743;OrderedPartialAggregateStream=1648
event	62113	refusal	OrderedPartialAggregateStream[43]	1	1090988	0	3609892	215	4	2738501	611531	RepartitionExec[Merge]=2738501;RepartitionExec=869743;OrderedPartialAggregateStream=1648
event	62174	refusal	RepartitionExec[1]	1	222437	447008	3609068	214	4	2738501	614388	RepartitionExec[Merge]=2738501;RepartitionExec=869743;OrderedPartialAggregateStream=824
event	62212	refusal	OrderedPartialAggregateStream[249]	1	1054493	0	3609068	214	4	2738501	614388	RepartitionExec[Merge]=2738501;RepartitionExec=869743;OrderedPartialAggregateStream=824
event	62322	refusal	RepartitionExec[1]	1	181419	447008	3792135	214	4	2738501	614388	RepartitionExec[Merge]=2738501;RepartitionExec=1051162;OrderedPartialAggregateStream=2472
event	62342	refusal	RepartitionExec[0]	1	184228	604154	3792135	214	4	2738501	614388	RepartitionExec[Merge]=2738501;RepartitionExec=1051162;OrderedPartialAggregateStream=2472
event	62385	refusal	RepartitionExec[0]	1	248844	604154	3792135	213	4	2738501	617273	RepartitionExec[Merge]=2738501;RepartitionExec=1051162;OrderedPartialAggregateStream=2472
event	62508	refusal	OrderedPartialAggregateStream[146]	1	898957	0	3791311	212	4	2738501	620185	RepartitionExec[Merge]=2738501;RepartitionExec=1051162;OrderedPartialAggregateStream=1648
event	62519	refusal	RepartitionExec[1]	1	248844	447008	3791311	212	4	2738501	620185	RepartitionExec[Merge]=2738501;RepartitionExec=1051162;OrderedPartialAggregateStream=1648
event	62546	refusal	RepartitionExec[1]	1	184228	447008	3792135	212	4	2738501	620185	RepartitionExec[Merge]=2738501;RepartitionExec=1051162;OrderedPartialAggregateStream=2472
event	62597	refusal	OrderedPartialAggregateStream[8]	1	1818830	0	3792135	212	4	2738501	620185	RepartitionExec[Merge]=2738501;RepartitionExec=1051162;OrderedPartialAggregateStream=2472
event	62600	refusal	RepartitionExec[0]	1	234911	604154	3792135	212	4	2738501	620185	RepartitionExec[Merge]=2738501;RepartitionExec=1051162;OrderedPartialAggregateStream=2472
event	62608	refusal	OrderedPartialAggregateStream[239]	1	1053395	0	3792135	212	4	2738501	620185	RepartitionExec[Merge]=2738501;RepartitionExec=1051162;OrderedPartialAggregateStream=2472
event	62710	refusal	RepartitionExec[0]	1	186925	604154	3791311	210	4	2738501	626091	RepartitionExec[Merge]=2738501;RepartitionExec=1051162;OrderedPartialAggregateStream=1648
event	62768	refusal	RepartitionExec[1]	1	234911	447008	3791311	210	4	2738501	626091	RepartitionExec[Merge]=2738501;RepartitionExec=1051162;OrderedPartialAggregateStream=1648
event	62830	refusal	RepartitionExec[1]	1	186925	447008	3791311	210	4	2738501	626091	RepartitionExec[Merge]=2738501;RepartitionExec=1051162;OrderedPartialAggregateStream=1648
event	62895	refusal	OrderedPartialAggregateStream[6]	1	2025290	0	3791311	210	4	2738501	626091	RepartitionExec[Merge]=2738501;RepartitionExec=1051162;OrderedPartialAggregateStream=1648
event	62943	refusal	OrderedPartialAggregateStream[228]	1	984763	0	3789663	208	4	2738501	632111	RepartitionExec[Merge]=2738501;RepartitionExec=1051162
event	63197	refusal	RepartitionExec[0]	1	381013	604154	3790487	208	4	2738501	632111	RepartitionExec[Merge]=2738501;RepartitionExec=1051162;OrderedPartialAggregateStream=824
event	63315	refusal	RepartitionExec[0]	1	219401	604154	4000671	208	4	2947861	631105	RepartitionExec[Merge]=2947861;RepartitionExec=1051162;OrderedPartialAggregateStream=1648
event	63408	refusal	RepartitionExec[1]	1	381013	447008	4000671	208	4	2947861	631105	RepartitionExec[Merge]=2947861;RepartitionExec=1051162;OrderedPartialAggregateStream=1648
event	63492	refusal	RepartitionExec[1]	1	219401	447008	4001495	208	4	2947861	631105	RepartitionExec[Merge]=2947861;RepartitionExec=1051162;OrderedPartialAggregateStream=2472
event	63506	refusal	OrderedPartialAggregateStream[19]	1	1992116	0	4001495	208	4	2947861	631105	RepartitionExec[Merge]=2947861;RepartitionExec=1051162;OrderedPartialAggregateStream=2472
event	63510	refusal	RepartitionExec[0]	1	234572	604154	4001495	208	4	2947861	631105	RepartitionExec[Merge]=2947861;RepartitionExec=1051162;OrderedPartialAggregateStream=2472
event	63595	refusal	OrderedPartialAggregateStream[61]	1	986995	0	4002319	208	4	2947861	631105	RepartitionExec[Merge]=2947861;RepartitionExec=1051162;OrderedPartialAggregateStream=3296
event	63600	refusal	OrderedPartialAggregateStream[154]	1	900091	0	4002319	208	4	2947861	631105	RepartitionExec[Merge]=2947861;RepartitionExec=1051162;OrderedPartialAggregateStream=3296
event	63666	refusal	RepartitionExec[0]	1	459338	604154	4001495	207	4	2947861	634153	RepartitionExec[Merge]=2947861;RepartitionExec=1051162;OrderedPartialAggregateStream=2472
event	63784	refusal	RepartitionExec[1]	1	234572	447008	4000671	206	4	2947861	637232	RepartitionExec[Merge]=2947861;RepartitionExec=1051162;OrderedPartialAggregateStream=1648
event	63786	refusal	OrderedPartialAggregateStream[147]	1	900523	0	4000671	206	4	2947861	637232	RepartitionExec[Merge]=2947861;RepartitionExec=1051162;OrderedPartialAggregateStream=1648
event	63842	refusal	OrderedPartialAggregateStream[197]	1	916795	0	4000671	206	4	2947861	637232	RepartitionExec[Merge]=2947861;RepartitionExec=1051162;OrderedPartialAggregateStream=1648
event	63860	refusal	OrderedPartialAggregateStream[164]	1	904546	0	4001495	206	4	2947861	637232	RepartitionExec[Merge]=2947861;RepartitionExec=1051162;OrderedPartialAggregateStream=2472
event	63870	refusal	OrderedPartialAggregateStream[24]	1	1621829	0	4001495	206	4	2947861	637232	RepartitionExec[Merge]=2947861;RepartitionExec=1051162;OrderedPartialAggregateStream=2472
event	63883	refusal	RepartitionExec[0]	1	187376	604154	4001495	206	4	2947861	637232	RepartitionExec[Merge]=2947861;RepartitionExec=1051162;OrderedPartialAggregateStream=2472
event	63900	refusal	RepartitionExec[1]	1	459338	447008	4002319	206	4	2947861	637232	RepartitionExec[Merge]=2947861;RepartitionExec=1051162;OrderedPartialAggregateStream=3296
event	63947	refusal	RepartitionExec[0]	1	220300	604154	4002319	206	4	2947861	637232	RepartitionExec[Merge]=2947861;RepartitionExec=1051162;OrderedPartialAggregateStream=3296
event	63997	refusal	RepartitionExec[0]	1	187488	604154	4002319	205	4	2947861	640340	RepartitionExec[Merge]=2947861;RepartitionExec=1051162;OrderedPartialAggregateStream=3296
event	64022	refusal	OrderedPartialAggregateStream[245]	1	1117772	0	4002319	205	4	2947861	640340	RepartitionExec[Merge]=2947861;RepartitionExec=1051162;OrderedPartialAggregateStream=3296
event	64065	refusal	OrderedPartialAggregateStream[168]	1	909685	0	4189695	204	4	2947861	643479	RepartitionExec[Merge]=2947861;RepartitionExec=1238538;OrderedPartialAggregateStream=3296
event	64069	refusal	RepartitionExec[0]	1	193669	604154	4189695	204	4	2947861	643479	RepartitionExec[Merge]=2947861;RepartitionExec=1238538;OrderedPartialAggregateStream=3296
event	64145	refusal	RepartitionExec[1]	1	187488	634384	4190519	204	4	2947861	643479	RepartitionExec[Merge]=2947861;RepartitionExec=1238538;OrderedPartialAggregateStream=4120
event	64145	refusal	RepartitionExec[1]	1	220300	634384	4190519	204	4	2947861	643479	RepartitionExec[Merge]=2947861;RepartitionExec=1238538;OrderedPartialAggregateStream=4120
event	64160	refusal	RepartitionExec[0]	1	189062	604154	4190519	204	4	2947861	643479	RepartitionExec[Merge]=2947861;RepartitionExec=1238538;OrderedPartialAggregateStream=4120
event	64203	refusal	RepartitionExec[1]	1	193669	634384	4190519	204	4	2947861	643479	RepartitionExec[Merge]=2947861;RepartitionExec=1238538;OrderedPartialAggregateStream=4120
event	64363	refusal	RepartitionExec[0]	1	446640	604154	4190519	202	4	2947861	649850	RepartitionExec[Merge]=2947861;RepartitionExec=1238538;OrderedPartialAggregateStream=4120
event	64395	refusal	RepartitionExec[0]	1	306396	604154	4189695	201	4	2947861	653083	RepartitionExec[Merge]=2947861;RepartitionExec=1238538;OrderedPartialAggregateStream=3296
event	64398	refusal	RepartitionExec[1]	1	189062	634384	4189695	201	4	2947861	653083	RepartitionExec[Merge]=2947861;RepartitionExec=1238538;OrderedPartialAggregateStream=3296
event	64456	refusal	RepartitionExec[0]	1	258957	604154	4191343	201	4	2947861	653083	RepartitionExec[Merge]=2947861;RepartitionExec=1238538;OrderedPartialAggregateStream=4944
event	64475	refusal	RepartitionExec[0]	1	190972	604154	4191343	201	4	2947861	653083	RepartitionExec[Merge]=2947861;RepartitionExec=1238538;OrderedPartialAggregateStream=4944
event	64587	release_after_refusal	RepartitionExec[1]	1	257386	376998	3933957	201	4	2947861		RepartitionExec[Merge]=2947861;RepartitionExec=981152;OrderedPartialAggregateStream=4944
event	64869	refusal	OrderedPartialAggregateStream[224]	1	990604	0	4228255	201	4	3242159	651619	RepartitionExec[Merge]=3242159;RepartitionExec=981152;OrderedPartialAggregateStream=4944
event	65117	refusal	OrderedPartialAggregateStream[14]	1	1863749	0	4227431	200	4	3242159	654877	RepartitionExec[Merge]=3242159;RepartitionExec=981152;OrderedPartialAggregateStream=4120
event	65229	refusal	OrderedPartialAggregateStream[203]	1	949285	0	4227431	200	4	3242159	654877	RepartitionExec[Merge]=3242159;RepartitionExec=981152;OrderedPartialAggregateStream=4120
event	65291	refusal	RepartitionExec[1]	1	446640	376998	4348587	200	4	3362491	654276	RepartitionExec[Merge]=3362491;RepartitionExec=981152;OrderedPartialAggregateStream=4944
event	65297	refusal	RepartitionExec[0]	1	221650	604154	4348587	200	4	3362491	654276	RepartitionExec[Merge]=3362491;RepartitionExec=981152;OrderedPartialAggregateStream=4944
event	65306	refusal	RepartitionExec[1]	1	306396	376998	4348587	200	4	3362491	654276	RepartitionExec[Merge]=3362491;RepartitionExec=981152;OrderedPartialAggregateStream=4944
event	65503	refusal	OrderedPartialAggregateStream[200]	1	934957	0	4838120	200	4	3593067	653123	RepartitionExec[Merge]=3593067;RepartitionExec=1240109;OrderedPartialAggregateStream=4944
event	65588	refusal	RepartitionExec[1]	1	190972	635955	4836472	198	4	3593067	659720	RepartitionExec[Merge]=3593067;RepartitionExec=1240109;OrderedPartialAggregateStream=3296
event	65640	refusal	RepartitionExec[1]	1	221650	635955	4836472	198	4	3593067	659720	RepartitionExec[Merge]=3593067;RepartitionExec=1240109;OrderedPartialAggregateStream=3296
event	65673	refusal	OrderedPartialAggregateStream[240]	1	1089152	0	4837296	198	4	3593067	659720	RepartitionExec[Merge]=3593067;RepartitionExec=1240109;OrderedPartialAggregateStream=4120
event	65690	refusal	OrderedPartialAggregateStream[62]	1	975070	0	4837296	198	4	3593067	659720	RepartitionExec[Merge]=3593067;RepartitionExec=1240109;OrderedPartialAggregateStream=4120
event	65698	refusal	RepartitionExec[0]	1	205916	604154	4837296	198	4	3593067	659720	RepartitionExec[Merge]=3593067;RepartitionExec=1240109;OrderedPartialAggregateStream=4120
event	65752	refusal	OrderedPartialAggregateStream[202]	1	974593	0	4837296	198	4	3593067	659720	RepartitionExec[Merge]=3593067;RepartitionExec=1240109;OrderedPartialAggregateStream=4120
event	65808	release_after_refusal	RepartitionExec[1]	1	187376	448579	4754180	198	4	3697327		RepartitionExec[Merge]=3697327;RepartitionExec=1052733;OrderedPartialAggregateStream=4120
event	65820	refusal	RepartitionExec[0]	1	397982	604154	4754180	198	4	3697327	659193	RepartitionExec[Merge]=3697327;RepartitionExec=1052733;OrderedPartialAggregateStream=4120
event	66019	refusal	OrderedPartialAggregateStream[7]	1	1855298	0	5077672	196	4	4021643	664265	RepartitionExec[Merge]=4021643;RepartitionExec=1052733;OrderedPartialAggregateStream=3296
event	66033	refusal	RepartitionExec[0]	1	200522	604154	5077672	196	4	4021643	664265	RepartitionExec[Merge]=4021643;RepartitionExec=1052733;OrderedPartialAggregateStream=3296
event	66131	refusal	OrderedPartialAggregateStream[194]	1	918199	0	5421432	194	4	4349933	669421	RepartitionExec[Merge]=4349933;RepartitionExec=1069027;OrderedPartialAggregateStream=2472
event	66162	refusal	RepartitionExec[1]	1	397982	464873	5421432	194	4	4349933	669421	RepartitionExec[Merge]=4349933;RepartitionExec=1069027;OrderedPartialAggregateStream=2472
event	66170	refusal	RepartitionExec[0]	1	215581	604154	5421432	194	4	4349933	669421	RepartitionExec[Merge]=4349933;RepartitionExec=1069027;OrderedPartialAggregateStream=2472
event	66336	refusal	RepartitionExec[0]	1	248169	604154	5622778	193	4	4349933	672890	RepartitionExec[Merge]=4349933;RepartitionExec=1269549;OrderedPartialAggregateStream=3296
event	66342	refusal	RepartitionExec[0]	1	215805	604154	5622778	193	4	4349933	672890	RepartitionExec[Merge]=4349933;RepartitionExec=1269549;OrderedPartialAggregateStream=3296
event	66407	refusal	RepartitionExec[1]	1	215581	665395	5621954	192	4	4349933	676394	RepartitionExec[Merge]=4349933;RepartitionExec=1269549;OrderedPartialAggregateStream=2472
event	66463	refusal	RepartitionExec[0]	1	194229	604154	5622778	192	4	4349933	676394	RepartitionExec[Merge]=4349933;RepartitionExec=1269549;OrderedPartialAggregateStream=3296
event	66517	refusal	OrderedPartialAggregateStream[251]	1	1075652	0	5622778	192	4	4349933	676394	RepartitionExec[Merge]=4349933;RepartitionExec=1269549;OrderedPartialAggregateStream=3296
event	66521	refusal	RepartitionExec[1]	1	248169	665395	5622778	192	4	4349933	676394	RepartitionExec[Merge]=4349933;RepartitionExec=1269549;OrderedPartialAggregateStream=3296
event	66555	refusal	RepartitionExec[1]	1	215805	665395	5622778	192	4	4349933	676394	RepartitionExec[Merge]=4349933;RepartitionExec=1269549;OrderedPartialAggregateStream=3296
event	66634	refusal	RepartitionExec[1]	1	194229	665395	5621954	191	4	4349933	679936	RepartitionExec[Merge]=4349933;RepartitionExec=1269549;OrderedPartialAggregateStream=2472
event	66643	refusal	OrderedPartialAggregateStream[167]	1	902863	0	5621954	191	4	4349933	679936	RepartitionExec[Merge]=4349933;RepartitionExec=1269549;OrderedPartialAggregateStream=2472
event	66783	refusal	RepartitionExec[0]	1	394837	604154	5621130	189	4	4349933	687131	RepartitionExec[Merge]=4349933;RepartitionExec=1269549;OrderedPartialAggregateStream=1648
event	66903	refusal	RepartitionExec[0]	1	243002	604154	5621954	188	4	4349933	690786	RepartitionExec[Merge]=4349933;RepartitionExec=1269549;OrderedPartialAggregateStream=2472
event	66945	refusal	RepartitionExec[0]	1	188387	604154	5621954	188	4	4349933	690786	RepartitionExec[Merge]=4349933;RepartitionExec=1269549;OrderedPartialAggregateStream=2472
event	66976	refusal	OrderedPartialAggregateStream[213]	1	984673	0	5621954	188	4	4349933	690786	RepartitionExec[Merge]=4349933;RepartitionExec=1269549;OrderedPartialAggregateStream=2472
event	66989	refusal	RepartitionExec[1]	1	394837	665395	5621954	188	4	4349933	690786	RepartitionExec[Merge]=4349933;RepartitionExec=1269549;OrderedPartialAggregateStream=2472
event	67097	refusal	RepartitionExec[1]	1	243002	665395	5621954	188	4	4349933	690786	RepartitionExec[Merge]=4349933;RepartitionExec=1269549;OrderedPartialAggregateStream=2472
event	67119	refusal	OrderedPartialAggregateStream[227]	1	969337	0	5621954	188	4	4349933	690786	RepartitionExec[Merge]=4349933;RepartitionExec=1269549;OrderedPartialAggregateStream=2472
event	67124	refusal	RepartitionExec[1]	1	188387	665395	5621954	188	4	4349933	690786	RepartitionExec[Merge]=4349933;RepartitionExec=1269549;OrderedPartialAggregateStream=2472
event	67300	refusal	OrderedPartialAggregateStream[57]	1	1098755	0	5735274	185	4	4464901	701366	RepartitionExec[Merge]=4464901;RepartitionExec=1269549;OrderedPartialAggregateStream=824
event	67317	refusal	RepartitionExec[0]	1	219401	604154	5735274	185	4	4464901	701366	RepartitionExec[Merge]=4464901;RepartitionExec=1269549;OrderedPartialAggregateStream=824
event	67322	refusal	OrderedPartialAggregateStream[184]	1	907093	0	5735274	185	4	4464901	701366	RepartitionExec[Merge]=4464901;RepartitionExec=1269549;OrderedPartialAggregateStream=824
event	67381	refusal	RepartitionExec[0]	1	213559	604154	5736098	185	4	4464901	701366	RepartitionExec[Merge]=4464901;RepartitionExec=1269549;OrderedPartialAggregateStream=1648
event	67492	refusal	RepartitionExec[1]	1	219401	665395	5736098	185	4	4464901	701366	RepartitionExec[Merge]=4464901;RepartitionExec=1269549;OrderedPartialAggregateStream=1648
event	67507	refusal	RepartitionExec[1]	1	213559	665395	5736098	185	4	4464901	701366	RepartitionExec[Merge]=4464901;RepartitionExec=1269549;OrderedPartialAggregateStream=1648
event	67517	refusal	OrderedPartialAggregateStream[237]	1	1073204	0	5736098	185	4	4464901	701366	RepartitionExec[Merge]=4464901;RepartitionExec=1269549;OrderedPartialAggregateStream=1648
event	67622	refusal	RepartitionExec[0]	1	190073	604154	5736922	185	4	4464901	701366	RepartitionExec[Merge]=4464901;RepartitionExec=1269549;OrderedPartialAggregateStream=2472
event	67686	refusal	RepartitionExec[0]	1	251765	604154	5736098	183	4	4464901	709031	RepartitionExec[Merge]=4464901;RepartitionExec=1269549;OrderedPartialAggregateStream=1648
event	67691	refusal	OrderedPartialAggregateStream[199]	1	898633	0	5736098	182	4	4464901	712927	RepartitionExec[Merge]=4464901;RepartitionExec=1269549;OrderedPartialAggregateStream=1648
event	67785	refusal	RepartitionExec[1]	1	190073	665395	5736098	182	4	4464901	712927	RepartitionExec[Merge]=4464901;RepartitionExec=1269549;OrderedPartialAggregateStream=1648
event	67858	refusal	RepartitionExec[1]	1	251765	665395	5736922	182	4	4464901	712927	RepartitionExec[Merge]=4464901;RepartitionExec=1269549;OrderedPartialAggregateStream=2472
event	67910	refusal	RepartitionExec[0]	1	242103	604154	5736922	182	4	4464901	712927	RepartitionExec[Merge]=4464901;RepartitionExec=1269549;OrderedPartialAggregateStream=2472
event	67966	refusal	OrderedPartialAggregateStream[201]	1	943471	0	5736922	181	4	4464901	716866	RepartitionExec[Merge]=4464901;RepartitionExec=1269549;OrderedPartialAggregateStream=2472
event	67992	refusal	RepartitionExec[0]	1	186813	604154	5736922	181	4	4464901	716866	RepartitionExec[Merge]=4464901;RepartitionExec=1269549;OrderedPartialAggregateStream=2472
event	68067	refusal	OrderedPartialAggregateStream[63]	1	1060028	0	5736098	180	4	4464901	720849	RepartitionExec[Merge]=4464901;RepartitionExec=1269549;OrderedPartialAggregateStream=1648
event	68101	refusal	RepartitionExec[1]	1	242103	665395	5736098	180	4	4464901	720849	RepartitionExec[Merge]=4464901;RepartitionExec=1269549;OrderedPartialAggregateStream=1648
event	68120	release_after_refusal	RepartitionExec[1]	1	200522	464873	5535576	180	4	4464901		RepartitionExec[Merge]=4464901;RepartitionExec=1069027;OrderedPartialAggregateStream=1648
event	68260	refusal	RepartitionExec[0]	1	203782	604154	5976251	179	4	4924679	722307	RepartitionExec[Merge]=4924679;RepartitionExec=1049924;OrderedPartialAggregateStream=1648
event	68418	refusal	RepartitionExec[0]	1	237045	604154	6180033	178	4	4924679	726365	RepartitionExec[Merge]=4924679;RepartitionExec=1049924;OrderedPartialAggregateStream=1648
event	68423	refusal	OrderedPartialAggregateStream[236]	1	1005004	0	6180033	178	4	4924679	726365	RepartitionExec[Merge]=4924679;RepartitionExec=1253706;OrderedPartialAggregateStream=1648
event	68465	refusal	OrderedPartialAggregateStream[137]	1	896896	0	6179209	177	4	4924679	730469	RepartitionExec[Merge]=4924679;RepartitionExec=1253706;OrderedPartialAggregateStream=824
event	68585	refusal	OrderedPartialAggregateStream[218]	1	948286	0	6179209	177	4	4924679	730469	RepartitionExec[Merge]=4924679;RepartitionExec=1253706;OrderedPartialAggregateStream=824
event	68591	refusal	RepartitionExec[1]	1	237045	649552	6179209	177	4	4924679	730469	RepartitionExec[Merge]=4924679;RepartitionExec=1253706;OrderedPartialAggregateStream=824
event	68595	refusal	OrderedPartialAggregateStream[216]	1	958177	0	6179209	177	4	4924679	730469	RepartitionExec[Merge]=4924679;RepartitionExec=1253706;OrderedPartialAggregateStream=824
event	68742	refusal	RepartitionExec[0]	1	186138	604154	6180857	177	4	4924679	730469	RepartitionExec[Merge]=4924679;RepartitionExec=1253706;OrderedPartialAggregateStream=2472
event	68751	refusal	RepartitionExec[0]	1	227156	604154	6180857	177	4	4924679	730469	RepartitionExec[Merge]=4924679;RepartitionExec=1253706;OrderedPartialAggregateStream=2472
event	68844	release_after_refusal	RepartitionExec[1]	1	258957	390595	5921076	176	4	4924679		RepartitionExec[Merge]=4924679;RepartitionExec=994749;OrderedPartialAggregateStream=1648
event	68873	refusal	OrderedPartialAggregateStream[4]	1	3225757	0	5960280	176	4	4962235	734406	RepartitionExec[Merge]=4962235;RepartitionExec=994749;OrderedPartialAggregateStream=3296
event	68897	refusal	RepartitionExec[0]	1	209400	604154	6218197	176	4	5220152	732940	RepartitionExec[Merge]=5220152;RepartitionExec=994749;OrderedPartialAggregateStream=3296
event	68910	refusal	RepartitionExec[0]	1	205580	604154	6218197	176	4	5220152	732940	RepartitionExec[Merge]=5220152;RepartitionExec=994749;OrderedPartialAggregateStream=3296
event	68914	refusal	OrderedPartialAggregateStream[235]	1	977959	0	6218197	176	4	5220152	732940	RepartitionExec[Merge]=5220152;RepartitionExec=994749;OrderedPartialAggregateStream=3296
event	68932	refusal	OrderedPartialAggregateStream[253]	1	1580969	0	6218197	176	4	5220152	732940	RepartitionExec[Merge]=5220152;RepartitionExec=994749;OrderedPartialAggregateStream=3296
event	69020	refusal	OrderedPartialAggregateStream[234]	1	984358	0	6403511	176	4	5220152	732940	RepartitionExec[Merge]=5220152;RepartitionExec=1180887;OrderedPartialAggregateStream=3296
event	69036	refusal	OrderedPartialAggregateStream[212]	1	940024	0	6403511	176	4	5220152	732940	RepartitionExec[Merge]=5220152;RepartitionExec=1180887;OrderedPartialAggregateStream=3296
event	69069	refusal	OrderedPartialAggregateStream[219]	1	942985	0	6403511	176	4	5220152	732940	RepartitionExec[Merge]=5220152;RepartitionExec=1180887;OrderedPartialAggregateStream=3296
event	69182	refusal	OrderedPartialAggregateStream[186]	1	932851	0	6711539	176	4	5528180	731190	RepartitionExec[Merge]=5528180;RepartitionExec=1180887;OrderedPartialAggregateStream=3296
event	69276	refusal	RepartitionExec[1]	1	227156	576733	6711539	176	4	5528180	731190	RepartitionExec[Merge]=5528180;RepartitionExec=1180887;OrderedPartialAggregateStream=3296
event	69419	refusal	RepartitionExec[1]	1	205580	576733	6712363	176	4	5528180	731190	RepartitionExec[Merge]=5528180;RepartitionExec=1180887;OrderedPartialAggregateStream=4120
event	69528	refusal	RepartitionExec[1]	1	209400	576733	6712363	176	4	5528180	731190	RepartitionExec[Merge]=5528180;RepartitionExec=1180887;OrderedPartialAggregateStream=4120
event	69561	refusal	RepartitionExec[0]	1	216819	604154	6712363	176	4	5528180	731190	RepartitionExec[Merge]=5528180;RepartitionExec=1180887;OrderedPartialAggregateStream=4120
event	69640	refusal	OrderedPartialAggregateStream[211]	1	965359	0	6712363	176	4	5528180	731190	RepartitionExec[Merge]=5528180;RepartitionExec=1180887;OrderedPartialAggregateStream=4120
event	69723	refusal	OrderedPartialAggregateStream[230]	1	1010476	0	6712363	176	4	5528180	731190	RepartitionExec[Merge]=5528180;RepartitionExec=1180887;OrderedPartialAggregateStream=4120
event	70067	refusal	OrderedPartialAggregateStream[65]	1	984709	0	7232899	175	4	5528180	735368	RepartitionExec[Merge]=5528180;RepartitionExec=1180887;OrderedPartialAggregateStream=3296
event	70122	refusal	RepartitionExec[1]	1	216819	576733	6713187	174	4	5528180	739595	RepartitionExec[Merge]=5528180;RepartitionExec=1180887;OrderedPartialAggregateStream=265624
event	70201	refusal	RepartitionExec[0]	1	202547	604154	6714011	173	4	5528180	743870	RepartitionExec[Merge]=5528180;RepartitionExec=1180887;OrderedPartialAggregateStream=265624
event	70262	refusal	OrderedPartialAggregateStream[25]	1	1644752	0	6714011	173	4	5528180	743870	RepartitionExec[Merge]=5528180;RepartitionExec=1180887;OrderedPartialAggregateStream=265624
event	70266	refusal	RepartitionExec[0]	1	212097	604154	6714011	173	4	5528180	743870	RepartitionExec[Merge]=5528180;RepartitionExec=1180887;OrderedPartialAggregateStream=265624
event	70297	refusal	RepartitionExec[0]	1	203558	604154	6714011	173	4	5528180	743870	RepartitionExec[Merge]=5528180;RepartitionExec=1180887;OrderedPartialAggregateStream=265624
event	70333	refusal	RepartitionExec[0]	1	290889	604154	6714011	173	4	5528180	743870	RepartitionExec[Merge]=5528180;RepartitionExec=1180887;OrderedPartialAggregateStream=265624
event	70626	refusal	RepartitionExec[1]	1	202547	576733	6986999	172	4	5801992	746603	RepartitionExec[Merge]=5801992;RepartitionExec=1180887;OrderedPartialAggregateStream=264800
event	70634	refusal	RepartitionExec[1]	1	212097	576733	6986999	172	4	5801992	746603	RepartitionExec[Merge]=5801992;RepartitionExec=1180887;OrderedPartialAggregateStream=264800
event	70787	refusal	RepartitionExec[0]	1	219289	604154	6987823	172	4	5801992	746603	RepartitionExec[Merge]=5801992;RepartitionExec=1180887;OrderedPartialAggregateStream=5768
event	70819	refusal	RepartitionExec[1]	1	290889	576733	6987823	172	4	5801992	746603	RepartitionExec[Merge]=5801992;RepartitionExec=1180887;OrderedPartialAggregateStream=5768
event	70825	refusal	RepartitionExec[1]	1	203558	576733	6987823	172	4	5801992	746603	RepartitionExec[Merge]=5801992;RepartitionExec=1180887;OrderedPartialAggregateStream=5768
event	70837	refusal	RepartitionExec[0]	1	229178	604154	6987823	172	4	5801992	746603	RepartitionExec[Merge]=5801992;RepartitionExec=1180887;OrderedPartialAggregateStream=5768
event	71046	refusal	RepartitionExec[0]	1	199738	604154	6987823	169	4	5801992	759856	RepartitionExec[Merge]=5801992;RepartitionExec=1180887;OrderedPartialAggregateStream=4944
event	71102	refusal	RepartitionExec[0]	1	219401	604154	6987823	169	4	5801992	759856	RepartitionExec[Merge]=5801992;RepartitionExec=1180887;OrderedPartialAggregateStream=4944
event	71136	refusal	RepartitionExec[1]	1	219289	576733	6987823	169	4	5801992	759856	RepartitionExec[Merge]=5801992;RepartitionExec=1180887;OrderedPartialAggregateStream=4944
event	71538	refusal	OrderedPartialAggregateStream[4]	1	1036232	0	6986999	168	4	5801992	764379	RepartitionExec[Merge]=5801992;RepartitionExec=1180887;OrderedPartialAggregateStream=4120
event	71650	refusal	OrderedPartialAggregateStream[206]	1	961759	0	7190063	168	4	6004232	763175	RepartitionExec[Merge]=6004232;RepartitionExec=1180887;OrderedPartialAggregateStream=4944
event	71727	refusal	RepartitionExec[0]	1	605235	604154	7240579	167	4	6054748	767442	RepartitionExec[Merge]=6054748;RepartitionExec=1180887;OrderedPartialAggregateStream=4944
event	71784	refusal	RepartitionExec[0]	1	315050	604154	7419235	167	4	6233404	766373	RepartitionExec[Merge]=6233404;RepartitionExec=1180887;OrderedPartialAggregateStream=4944
event	71786	refusal	RepartitionExec[1]	1	219401	576733	7419235	167	4	6233404	766373	RepartitionExec[Merge]=6233404;RepartitionExec=1180887;OrderedPartialAggregateStream=4944
event	71819	refusal	RepartitionExec[1]	1	199738	576733	7589851	167	4	6404020	765351	RepartitionExec[Merge]=6404020;RepartitionExec=1180887;OrderedPartialAggregateStream=4944
event	72029	refusal	RepartitionExec[0]	1	210750	604154	7772315	167	4	6585660	764263	RepartitionExec[Merge]=6585660;RepartitionExec=1180887;OrderedPartialAggregateStream=5768
event	72153	refusal	OrderedPartialAggregateStream[254]	1	1078298	0	7921215	167	4	6734560	763372	RepartitionExec[Merge]=6734560;RepartitionExec=1180887;OrderedPartialAggregateStream=5768
event	72296	refusal	OrderedPartialAggregateStream[226]	1	976510	0	8074331	167	4	6887676	762455	RepartitionExec[Merge]=6887676;RepartitionExec=1180887;OrderedPartialAggregateStream=5768
event	72605	refusal	OrderedPartialAggregateStream[44]	1	1060136	0	8222263	167	4	7035608	761569	RepartitionExec[Merge]=7035608;RepartitionExec=1180887;OrderedPartialAggregateStream=5768
event	72754	refusal	RepartitionExec[0]	1	216368	604154	8223087	167	4	7035608	761569	RepartitionExec[Merge]=7035608;RepartitionExec=1180887;OrderedPartialAggregateStream=6592
event	72786	refusal	OrderedPartialAggregateStream[231]	1	971650	0	8339843	167	4	7152364	760870	RepartitionExec[Merge]=7152364;RepartitionExec=1180887;OrderedPartialAggregateStream=6592
event	72806	release_after_refusal	RepartitionExec[1]	1	186138	390595	8153705	167	4	7152364		RepartitionExec[Merge]=7152364;RepartitionExec=994749;OrderedPartialAggregateStream=6592
event	73313	refusal	RepartitionExec[0]	1	237157	604154	8893331	167	4	7891166	756446	RepartitionExec[Merge]=7891166;RepartitionExec=994749;OrderedPartialAggregateStream=7416
event	73346	refusal	OrderedPartialAggregateStream[30]	1	1673489	0	8894155	167	4	7891166	756446	RepartitionExec[Merge]=7891166;RepartitionExec=994749;OrderedPartialAggregateStream=8240
event	73351	refusal	RepartitionExec[0]	1	214458	604154	8894155	167	4	7891166	756446	RepartitionExec[Merge]=7891166;RepartitionExec=994749;OrderedPartialAggregateStream=8240
event	73407	refusal	RepartitionExec[0]	1	244013	604154	8894979	167	4	7891166	756446	RepartitionExec[Merge]=7891166;RepartitionExec=994749;OrderedPartialAggregateStream=9064
event	73720	release_after_refusal	RepartitionExec[0]	1	233561	370593	8779470	167	4	8009218		RepartitionExec[Merge]=8009218;RepartitionExec=761188;OrderedPartialAggregateStream=9064
event	73899	refusal	OrderedPartialAggregateStream[27]	1	1688375	0	9044651	167	4	8274399	754151	RepartitionExec[Merge]=8274399;RepartitionExec=761188;OrderedPartialAggregateStream=9064
event	75144	refusal	RepartitionExec[0]	1	331568	515124	11035903	166	4	9794346	749538	RepartitionExec[Merge]=9794346;RepartitionExec=1231669;OrderedPartialAggregateStream=9888
event	75390	release_after_refusal	RepartitionExec[0]	1	189174	325950	11543521	166	4	10491138		RepartitionExec[Merge]=10491138;RepartitionExec=1042495;OrderedPartialAggregateStream=9888
event	76018	refusal	OrderedPartialAggregateStream[28]	1	1732799	0	12505539	166	4	11843751	737192	RepartitionExec[Merge]=11843751;RepartitionExec=651900;OrderedPartialAggregateStream=9888
event	76222	refusal	OrderedPartialAggregateStream[67]	1	1013743	0	12505539	166	4	11843751	737192	RepartitionExec[Merge]=11843751;RepartitionExec=651900;OrderedPartialAggregateStream=9888
event	76675	refusal	RepartitionExec[0]	1	348425	556366	13092843	165	4	11969399	740898	RepartitionExec[Merge]=11969399;RepartitionExec=1112732;OrderedPartialAggregateStream=10712
event	78871	refusal	RepartitionExec[1]	1	605235	556366	14053971	165	4	12930527	735073	RepartitionExec[Merge]=12930527;RepartitionExec=1112732;OrderedPartialAggregateStream=10712
event	79037	refusal	RepartitionExec[1]	1	315050	556366	14053971	165	4	12930527	735073	RepartitionExec[Merge]=12930527;RepartitionExec=1112732;OrderedPartialAggregateStream=10712
event	79203	refusal	RepartitionExec[1]	1	210750	556366	14053147	165	4	12930527	735073	RepartitionExec[Merge]=12930527;RepartitionExec=1112732;OrderedPartialAggregateStream=9888
event	79298	refusal	RepartitionExec[1]	1	216368	556366	14051499	164	4	12930527	739556	RepartitionExec[Merge]=12930527;RepartitionExec=1112732;OrderedPartialAggregateStream=8240
event	79396	refusal	RepartitionExec[1]	1	229178	556366	14051499	164	4	12930527	739556	RepartitionExec[Merge]=12930527;RepartitionExec=1112732;OrderedPartialAggregateStream=8240
event	79477	refusal	RepartitionExec[1]	1	237157	556366	14051499	164	4	12930527	739556	RepartitionExec[Merge]=12930527;RepartitionExec=1112732;OrderedPartialAggregateStream=8240
event	79497	refusal	RepartitionExec[1]	1	214458	556366	14051499	164	4	12930527	739556	RepartitionExec[Merge]=12930527;RepartitionExec=1112732;OrderedPartialAggregateStream=8240
event	79540	refusal	RepartitionExec[1]	1	331568	556366	14051499	162	4	12930527	748686	RepartitionExec[Merge]=12930527;RepartitionExec=1112732;OrderedPartialAggregateStream=8240
event	79570	refusal	RepartitionExec[1]	1	348425	556366	14364531	162	4	13243559	746754	RepartitionExec[Merge]=13243559;RepartitionExec=1112732;OrderedPartialAggregateStream=8240
event	79789	refusal	RepartitionExec[1]	1	244013	556366	14509971	162	4	13389823	745851	RepartitionExec[Merge]=13389823;RepartitionExec=1112732;OrderedPartialAggregateStream=8240
event	80380	refusal	OrderedPartialAggregateStream[139]	1	881371	0	14504203	154	4	13389823	784596	RepartitionExec[Merge]=13389823;RepartitionExec=1112732;OrderedPartialAggregateStream=1648
event	80577	refusal	OrderedPartialAggregateStream[246]	1	1079162	0	14503379	153	4	13389823	789724	RepartitionExec[Merge]=13389823;RepartitionExec=1112732;OrderedPartialAggregateStream=824
event	81155	refusal	RepartitionExec[0]	1	244349	736662	14863971	151	4	13389823	800184	RepartitionExec[Merge]=13389823;RepartitionExec=1473324;OrderedPartialAggregateStream=824
event	81476	refusal	RepartitionExec[1]	1	244349	736662	14863971	151	4	13389823	800184	RepartitionExec[Merge]=13389823;RepartitionExec=1473324;OrderedPartialAggregateStream=824
event	81784	refusal	OrderedPartialAggregateStream[138]	1	894457	0	15121859	151	4	13647711	798476	RepartitionExec[Merge]=13647711;RepartitionExec=1473324;OrderedPartialAggregateStream=824
event	81967	refusal	OrderedPartialAggregateStream[207]	1	975484	0	15319895	150	4	13846571	802474	RepartitionExec[Merge]=13846571;RepartitionExec=1473324
event	82001	refusal	OrderedPartialAggregateStream[244]	1	1086902	0	15319895	150	4	13846571	802474	RepartitionExec[Merge]=13846571;RepartitionExec=1473324
event	82202	refusal	RepartitionExec[0]	1	185239	736662	15320719	150	4	13846571	802474	RepartitionExec[Merge]=13846571;RepartitionExec=1473324;OrderedPartialAggregateStream=824
event	82371	refusal	RepartitionExec[1]	1	185239	736662	15764171	150	4	14289199	799523	RepartitionExec[Merge]=14289199;RepartitionExec=1473324;OrderedPartialAggregateStream=1648
event	82415	refusal	RepartitionExec[0]	1	215920	736662	15764995	150	4	14289199	799523	RepartitionExec[Merge]=14289199;RepartitionExec=1473324;OrderedPartialAggregateStream=2472
event	82450	refusal	RepartitionExec[0]	1	247270	736662	15764995	150	4	14289199	799523	RepartitionExec[Merge]=14289199;RepartitionExec=1473324;OrderedPartialAggregateStream=2472
event	82531	refusal	OrderedPartialAggregateStream[209]	1	954361	0	15764995	150	4	14289199	799523	RepartitionExec[Merge]=14289199;RepartitionExec=1473324;OrderedPartialAggregateStream=2472
event	82613	refusal	RepartitionExec[1]	1	215920	736662	15940807	149	4	14465835	803703	RepartitionExec[Merge]=14465835;RepartitionExec=1473324;OrderedPartialAggregateStream=1648
event	82651	refusal	RepartitionExec[1]	1	247270	736662	15940807	149	4	14465835	803703	RepartitionExec[Merge]=14465835;RepartitionExec=1473324;OrderedPartialAggregateStream=1648
event	82718	refusal	OrderedPartialAggregateStream[210]	1	931150	0	15940807	149	4	14465835	803703	RepartitionExec[Merge]=14465835;RepartitionExec=1473324;OrderedPartialAggregateStream=1648
event	82730	release_after_refusal	RepartitionExec[1]	1	325950	410712	15614857	149	4	14465835		RepartitionExec[Merge]=14465835;RepartitionExec=1147374;OrderedPartialAggregateStream=1648
event	82929	refusal	RepartitionExec[0]	1	207941	736662	16197175	147	4	15048977	810671	RepartitionExec[Merge]=15048977;RepartitionExec=1147374;OrderedPartialAggregateStream=824
event	82962	refusal	OrderedPartialAggregateStream[233]	1	999199	0	16197175	147	4	15048977	810671	RepartitionExec[Merge]=15048977;RepartitionExec=1147374;OrderedPartialAggregateStream=824
event	83047	refusal	RepartitionExec[0]	1	199175	736662	16475519	147	4	15326497	808783	RepartitionExec[Merge]=15326497;RepartitionExec=1147374;OrderedPartialAggregateStream=1648
event	83259	refusal	OrderedPartialAggregateStream[29]	1	1659710	0	16840776	147	4	15483813	807713	RepartitionExec[Merge]=15483813;RepartitionExec=1355315;OrderedPartialAggregateStream=1648
event	83681	refusal	OrderedPartialAggregateStream[47]	1	1077209	0	17640564	146	4	16023745	809547	RepartitionExec[Merge]=16023745;RepartitionExec=1355315;OrderedPartialAggregateStream=824
event	83868	refusal	OrderedPartialAggregateStream[34]	1	1645202	0	17380708	146	4	16023745	809547	RepartitionExec[Merge]=16023745;RepartitionExec=1355315;OrderedPartialAggregateStream=1648
event	83930	refusal	RepartitionExec[0]	1	224910	736662	17539648	146	4	16058781	809307	RepartitionExec[Merge]=16058781;RepartitionExec=1355315;OrderedPartialAggregateStream=1648
event	83968	refusal	OrderedPartialAggregateStream[241]	1	1603397	0	17539648	146	4	16182685	808459	RepartitionExec[Merge]=16182685;RepartitionExec=1355315;OrderedPartialAggregateStream=1648
event	84001	refusal	RepartitionExec[1]	1	199175	618653	17539648	146	4	16182685	808459	RepartitionExec[Merge]=16182685;RepartitionExec=1355315;OrderedPartialAggregateStream=1648
event	84055	refusal	OrderedPartialAggregateStream[268]	1	1646687	0	17539648	146	4	16182685	808459	RepartitionExec[Merge]=16182685;RepartitionExec=1355315;OrderedPartialAggregateStream=1648
event	84239	refusal	OrderedPartialAggregateStream[33]	1	1695044	0	17539648	146	4	16182685	808459	RepartitionExec[Merge]=16182685;RepartitionExec=1355315;OrderedPartialAggregateStream=1648
event	84293	refusal	OrderedPartialAggregateStream[31]	1	1630460	0	17539648	146	4	16182685	808459	RepartitionExec[Merge]=16182685;RepartitionExec=1355315;OrderedPartialAggregateStream=1648
event	84333	refusal	RepartitionExec[1]	1	224910	618653	17539648	146	4	16182685	808459	RepartitionExec[Merge]=16182685;RepartitionExec=1355315;OrderedPartialAggregateStream=1648
event	84400	refusal	OrderedPartialAggregateStream[220]	1	987382	0	17538824	145	4	16182685	814034	RepartitionExec[Merge]=16182685;RepartitionExec=1355315;OrderedPartialAggregateStream=824
event	84603	release_after_refusal	RepartitionExec[0]	1	325950	410712	17364038	145	4	16333849		RepartitionExec[Merge]=16333849;RepartitionExec=1029365;OrderedPartialAggregateStream=824
event	84708	refusal	OrderedPartialAggregateStream[68]	1	1004014	0	18405144	144	4	16856667	815007	RepartitionExec[Merge]=16856667;RepartitionExec=1029365
event	84832	refusal	OrderedPartialAggregateStream[26]	1	1795412	0	18447432	144	4	17096463	813342	RepartitionExec[Merge]=17096463;RepartitionExec=1350145;OrderedPartialAggregateStream=824
event	84845	refusal	RepartitionExec[1]	1	320780	618653	18566552	144	4	17215583	812514	RepartitionExec[Merge]=17215583;RepartitionExec=1350145;OrderedPartialAggregateStream=824
event	84936	refusal	RepartitionExec[0]	1	220415	731492	18790544	144	4	17438751	810965	RepartitionExec[Merge]=17438751;RepartitionExec=1350145;OrderedPartialAggregateStream=1648
event	85100	refusal	RepartitionExec[0]	1	315162	731492	19543028	144	4	17928083	807566	RepartitionExec[Merge]=17928083;RepartitionExec=1350145;OrderedPartialAggregateStream=4120
event	85140	refusal	RepartitionExec[0]	1	309656	731492	19283996	144	4	17928083	807566	RepartitionExec[Merge]=17928083;RepartitionExec=1350145;OrderedPartialAggregateStream=5768
event	85145	refusal	RepartitionExec[0]	1	243562	731492	19283996	144	4	17928083	807566	RepartitionExec[Merge]=17928083;RepartitionExec=1350145;OrderedPartialAggregateStream=5768
event	85164	refusal	RepartitionExec[1]	1	220415	618653	19283172	143	4	17928083	813214	RepartitionExec[Merge]=17928083;RepartitionExec=1350145;OrderedPartialAggregateStream=4944
event	85172	refusal	RepartitionExec[0]	1	226708	731492	19483972	143	4	18128059	811815	RepartitionExec[Merge]=18128059;RepartitionExec=1350145;OrderedPartialAggregateStream=5768
event	85190	refusal	OrderedPartialAggregateStream[196]	1	910963	0	19483972	143	4	18128059	811815	RepartitionExec[Merge]=18128059;RepartitionExec=1350145;OrderedPartialAggregateStream=5768
event	85212	refusal	RepartitionExec[0]	1	299431	731492	19483972	143	4	18128059	811815	RepartitionExec[Merge]=18128059;RepartitionExec=1350145;OrderedPartialAggregateStream=5768
event	85246	refusal	RepartitionExec[0]	1	315725	731492	19484796	143	4	18128059	811815	RepartitionExec[Merge]=18128059;RepartitionExec=1350145;OrderedPartialAggregateStream=6592
event	85357	refusal	RepartitionExec[0]	1	334153	731492	19484796	143	4	18128059	811815	RepartitionExec[Merge]=18128059;RepartitionExec=1350145;OrderedPartialAggregateStream=6592
event	85414	refusal	RepartitionExec[1]	1	315162	618653	19484796	143	4	18128059	811815	RepartitionExec[Merge]=18128059;RepartitionExec=1350145;OrderedPartialAggregateStream=6592
event	85425	refusal	OrderedPartialAggregateStream[118]	1	931798	0	19484796	143	4	18128059	811815	RepartitionExec[Merge]=18128059;RepartitionExec=1350145;OrderedPartialAggregateStream=6592
event	85445	refusal	RepartitionExec[1]	1	309656	618653	19484796	143	4	18128059	811815	RepartitionExec[Merge]=18128059;RepartitionExec=1350145;OrderedPartialAggregateStream=6592
event	85455	refusal	RepartitionExec[1]	1	243562	618653	19484796	143	4	18128059	811815	RepartitionExec[Merge]=18128059;RepartitionExec=1350145;OrderedPartialAggregateStream=6592
event	85481	refusal	RepartitionExec[1]	1	315725	618653	19786132	143	4	18428571	809714	RepartitionExec[Merge]=18428571;RepartitionExec=1350145;OrderedPartialAggregateStream=7416
event	85512	refusal	RepartitionExec[1]	1	226708	618653	19786956	143	4	18428571	809714	RepartitionExec[Merge]=18428571;RepartitionExec=1350145;OrderedPartialAggregateStream=8240
event	85530	refusal	RepartitionExec[0]	1	191420	731492	19786956	143	4	18428571	809714	RepartitionExec[Merge]=18428571;RepartitionExec=1350145;OrderedPartialAggregateStream=8240
event	85590	release_after_refusal	RepartitionExec[1]	1	230416	388237	19693256	143	4	18565287		RepartitionExec[Merge]=18565287;RepartitionExec=1119729;OrderedPartialAggregateStream=8240
event	85599	refusal	RepartitionExec[1]	1	299431	388237	19727032	143	4	18565287	808758	RepartitionExec[Merge]=18565287;RepartitionExec=1119729;OrderedPartialAggregateStream=8240
event	85629	refusal	RepartitionExec[0]	1	372135	731492	19989068	143	4	18861099	806689	RepartitionExec[Merge]=18861099;RepartitionExec=1119729;OrderedPartialAggregateStream=8240
event	85886	refusal	RepartitionExec[1]	1	191420	722390	20824381	137	4	19366379	838331	RepartitionExec[Merge]=19366379;RepartitionExec=1453882;OrderedPartialAggregateStream=4120
event	85903	refusal	RepartitionExec[1]	1	372135	722390	20824381	137	4	19366379	838331	RepartitionExec[Merge]=19366379;RepartitionExec=1453882;OrderedPartialAggregateStream=4120
event	85941	refusal	RepartitionExec[0]	1	199399	731492	20824381	137	4	19366379	838331	RepartitionExec[Merge]=19366379;RepartitionExec=1453882;OrderedPartialAggregateStream=4120
event	85976	refusal	OrderedPartialAggregateStream[108]	1	932122	0	20943549	137	4	19485547	837461	RepartitionExec[Merge]=19485547;RepartitionExec=1453882;OrderedPartialAggregateStream=4120
event	86143	release_after_refusal	RepartitionExec[0]	1	230416	501076	21160221	134	4	19935107		RepartitionExec[Merge]=19935107;RepartitionExec=1223466;OrderedPartialAggregateStream=1648
event	86169	refusal	RepartitionExec[1]	1	199399	722390	21554549	134	4	20329435	849912	RepartitionExec[Merge]=20329435;RepartitionExec=1223466;OrderedPartialAggregateStream=1648
event	86193	release_after_refusal	RepartitionExec[1]	1	180296	542094	21373429	134	4	20329435		RepartitionExec[Merge]=20329435;RepartitionExec=1043170;OrderedPartialAggregateStream=824
event	86442	refusal	OrderedPartialAggregateStream[84]	1	954046	0	22501451	131	4	21034195	863996	RepartitionExec[Merge]=21034195;RepartitionExec=1442192
event	87025	refusal	OrderedPartialAggregateStream[208]	1	928693	0	23207451	131	4	21944731	857045	RepartitionExec[Merge]=21944731;RepartitionExec=1261896;OrderedPartialAggregateStream=824
event	87052	refusal	RepartitionExec[1]	1	207829	741605	23415280	131	4	21944731	857045	RepartitionExec[Merge]=21944731;RepartitionExec=1469725;OrderedPartialAggregateStream=824
event	87346	refusal	RepartitionExec[0]	1	198164	728120	23755968	130	4	22285419	861017	RepartitionExec[Merge]=22285419;RepartitionExec=1469725;OrderedPartialAggregateStream=824
event	87355	refusal	OrderedPartialAggregateStream[85]	1	933904	0	23755968	130	4	22285419	861017	RepartitionExec[Merge]=22285419;RepartitionExec=1469725;OrderedPartialAggregateStream=824
event	87473	refusal	OrderedPartialAggregateStream[284]	1	1830746	0	23755968	130	4	22285419	861017	RepartitionExec[Merge]=22285419;RepartitionExec=1469725;OrderedPartialAggregateStream=824
event	87515	refusal	RepartitionExec[1]	1	198164	741605	23755968	130	4	22285419	861017	RepartitionExec[Merge]=22285419;RepartitionExec=1469725;OrderedPartialAggregateStream=824
event	87545	refusal	OrderedPartialAggregateStream[98]	1	943885	0	23755968	130	4	22285419	861017	RepartitionExec[Merge]=22285419;RepartitionExec=1469725;OrderedPartialAggregateStream=824
event	87606	refusal	OrderedPartialAggregateStream[195]	1	897706	0	23755968	130	4	22285419	861017	RepartitionExec[Merge]=22285419;RepartitionExec=1469725;OrderedPartialAggregateStream=824
event	87662	refusal	RepartitionExec[0]	1	200186	728120	23756792	130	4	22285419	861017	RepartitionExec[Merge]=22285419;RepartitionExec=1469725;OrderedPartialAggregateStream=1648
event	87750	refusal	OrderedPartialAggregateStream[252]	1	1084544	0	23755968	129	4	22285419	867692	RepartitionExec[Merge]=22285419;RepartitionExec=1469725;OrderedPartialAggregateStream=824
event	87775	refusal	OrderedPartialAggregateStream[185]	1	918586	0	23755968	129	4	22285419	867692	RepartitionExec[Merge]=22285419;RepartitionExec=1469725;OrderedPartialAggregateStream=824
event	87815	refusal	OrderedPartialAggregateStream[232]	1	1012438	0	23755968	129	4	22285419	867692	RepartitionExec[Merge]=22285419;RepartitionExec=1469725;OrderedPartialAggregateStream=824
event	87823	refusal	RepartitionExec[1]	1	200186	741605	23756792	129	4	22285419	867692	RepartitionExec[Merge]=22285419;RepartitionExec=1469725;OrderedPartialAggregateStream=1648
event	87866	refusal	RepartitionExec[0]	1	203894	728120	23756792	129	4	22285419	867692	RepartitionExec[Merge]=22285419;RepartitionExec=1469725;OrderedPartialAggregateStream=1648
event	87913	refusal	RepartitionExec[0]	1	186477	728120	23757616	129	4	22285419	867692	RepartitionExec[Merge]=22285419;RepartitionExec=1469725;OrderedPartialAggregateStream=2472
event	88024	refusal	RepartitionExec[1]	1	203894	741605	23756792	128	4	22285419	874471	RepartitionExec[Merge]=22285419;RepartitionExec=1469725;OrderedPartialAggregateStream=1648
event	88089	refusal	RepartitionExec[1]	1	186477	741605	23758440	128	4	22285419	874471	RepartitionExec[Merge]=22285419;RepartitionExec=1469725;OrderedPartialAggregateStream=3296
event	88107	refusal	RepartitionExec[0]	1	194344	728120	23758440	128	4	22285419	874471	RepartitionExec[Merge]=22285419;RepartitionExec=1469725;OrderedPartialAggregateStream=3296
event	88112	refusal	RepartitionExec[0]	1	385508	728120	23758440	128	4	22285419	874471	RepartitionExec[Merge]=22285419;RepartitionExec=1469725;OrderedPartialAggregateStream=3296
event	88125	refusal	OrderedPartialAggregateStream[32]	1	1723484	0	23759264	128	4	22285419	874471	RepartitionExec[Merge]=22285419;RepartitionExec=1469725;OrderedPartialAggregateStream=4120
event	88144	refusal	OrderedPartialAggregateStream[198]	1	921178	0	23760088	128	4	22285419	874471	RepartitionExec[Merge]=22285419;RepartitionExec=1469725;OrderedPartialAggregateStream=4944
event	88154	refusal	RepartitionExec[0]	1	246371	728120	23760088	128	4	22285419	874471	RepartitionExec[Merge]=22285419;RepartitionExec=1469725;OrderedPartialAggregateStream=4944
event	88169	refusal	OrderedPartialAggregateStream[130]	1	906670	0	23760088	128	4	22285419	874471	RepartitionExec[Merge]=22285419;RepartitionExec=1469725;OrderedPartialAggregateStream=4944
event	88186	refusal	RepartitionExec[0]	1	229965	728120	23759264	127	4	22285419	881356	RepartitionExec[Merge]=22285419;RepartitionExec=1469725;OrderedPartialAggregateStream=4120
event	88283	refusal	RepartitionExec[1]	1	194344	741605	23758440	126	4	22285419	888351	RepartitionExec[Merge]=22285419;RepartitionExec=1469725;OrderedPartialAggregateStream=3296
event	88376	refusal	RepartitionExec[1]	1	229965	741605	23758440	126	4	22285419	888351	RepartitionExec[Merge]=22285419;RepartitionExec=1469725;OrderedPartialAggregateStream=3296
event	88436	refusal	RepartitionExec[1]	1	246371	741605	23873576	126	4	22399731	887444	RepartitionExec[Merge]=22399731;RepartitionExec=1469725;OrderedPartialAggregateStream=4120
event	88440	refusal	RepartitionExec[1]	1	385508	741605	23873576	126	4	22399731	887444	RepartitionExec[Merge]=22399731;RepartitionExec=1469725;OrderedPartialAggregateStream=4120
event	88452	refusal	OrderedPartialAggregateStream[69]	1	1001368	0	23873576	126	4	22399731	887444	RepartitionExec[Merge]=22399731;RepartitionExec=1469725;OrderedPartialAggregateStream=4120
event	88470	refusal	RepartitionExec[0]	1	189849	728120	23874400	126	4	22399731	887444	RepartitionExec[Merge]=22399731;RepartitionExec=1469725;OrderedPartialAggregateStream=4944
event	88522	refusal	RepartitionExec[0]	1	195355	728120	23990008	126	4	22515339	886526	RepartitionExec[Merge]=22515339;RepartitionExec=1469725;OrderedPartialAggregateStream=4944
event	88774	refusal	OrderedPartialAggregateStream[285]	1	1843481	0	23988360	124	4	22515339	900825	RepartitionExec[Merge]=22515339;RepartitionExec=1469725;OrderedPartialAggregateStream=3296
event	88792	refusal	RepartitionExec[1]	1	189849	741605	23987536	124	4	22515339	900825	RepartitionExec[Merge]=22515339;RepartitionExec=1469725;OrderedPartialAggregateStream=3296
event	88832	refusal	OrderedPartialAggregateStream[225]	1	986185	0	23987536	123	4	22515339	908149	RepartitionExec[Merge]=22515339;RepartitionExec=1469725;OrderedPartialAggregateStream=2472
event	88875	refusal	RepartitionExec[1]	1	195355	741605	23986712	122	4	22515339	915593	RepartitionExec[Merge]=22515339;RepartitionExec=1469725;OrderedPartialAggregateStream=1648
event	89022	refusal	RepartitionExec[0]	1	344829	728120	24333896	121	4	22862523	920290	RepartitionExec[Merge]=22862523;RepartitionExec=1469725;OrderedPartialAggregateStream=1648
event	89205	refusal	OrderedPartialAggregateStream[86]	1	960103	0	24567888	120	4	23095691	926016	RepartitionExec[Merge]=23095691;RepartitionExec=1469725;OrderedPartialAggregateStream=2472
event	89234	refusal	RepartitionExec[0]	1	225694	728120	24567888	120	4	23095691	926016	RepartitionExec[Merge]=23095691;RepartitionExec=1469725;OrderedPartialAggregateStream=2472
event	89260	refusal	RepartitionExec[0]	1	219964	728120	24709608	120	4	23237411	924835	RepartitionExec[Merge]=23237411;RepartitionExec=1469725;OrderedPartialAggregateStream=2472
event	89289	refusal	RepartitionExec[1]	1	344829	741605	24709608	120	4	23237411	924835	RepartitionExec[Merge]=23237411;RepartitionExec=1469725;OrderedPartialAggregateStream=2472
event	89440	refusal	RepartitionExec[1]	1	225694	741605	25049492	120	4	23577295	922003	RepartitionExec[Merge]=23577295;RepartitionExec=1469725;OrderedPartialAggregateStream=2472
event	89539	release_after_refusal	RepartitionExec[1]	1	207941	533664	25067439	120	4	23802359		RepartitionExec[Merge]=23802359;RepartitionExec=1261784;OrderedPartialAggregateStream=3296
event	89549	refusal	RepartitionExec[0]	1	210075	728120	25286579	119	4	23802359	927860	RepartitionExec[Merge]=23802359;RepartitionExec=1481748;OrderedPartialAggregateStream=2472
event	89705	refusal	OrderedPartialAggregateStream[15]	1	3271216	0	25760036	117	4	24276640	939667	RepartitionExec[Merge]=24276640;RepartitionExec=1481748;OrderedPartialAggregateStream=1648
event	89732	refusal	RepartitionExec[0]	1	390342	728120	25760036	117	4	24276640	939667	RepartitionExec[Merge]=24276640;RepartitionExec=1481748;OrderedPartialAggregateStream=1648
event	89736	refusal	RepartitionExec[1]	1	210075	753628	25760036	117	4	24276640	939667	RepartitionExec[Merge]=24276640;RepartitionExec=1481748;OrderedPartialAggregateStream=1648
event	89942	refusal	OrderedPartialAggregateStream[238]	1	1056176	0	26402528	117	4	24919132	934176	RepartitionExec[Merge]=24919132;RepartitionExec=1481748;OrderedPartialAggregateStream=1648
event	89952	refusal	RepartitionExec[1]	1	390342	753628	26402528	117	4	24919132	934176	RepartitionExec[Merge]=24919132;RepartitionExec=1481748;OrderedPartialAggregateStream=1648
event	90143	refusal	OrderedPartialAggregateStream[66]	1	1001908	0	27690043	116	4	25276384	939149	RepartitionExec[Merge]=25276384;RepartitionExec=1481748;OrderedPartialAggregateStream=931911
event	90492	refusal	RepartitionExec[0]	1	235698	728120	28844783	115	4	25525984	945145	RepartitionExec[Merge]=25525984;OrderedPartialAggregateStream=1837051;RepartitionExec=1481748
event	90756	refusal	RepartitionExec[1]	1	235698	944991	28461021	115	4	25525984	945145	RepartitionExec[Merge]=25525984;RepartitionExec=1864474;OrderedPartialAggregateStream=1070563
event	90798	refusal	RepartitionExec[1]	1	30024	944991	28296422	115	4	25525984	945145	RepartitionExec[Merge]=25525984;RepartitionExec=1864474;OrderedPartialAggregateStream=905964
event	90904	refusal	RepartitionExec[0]	1	225921	919483	29300678	115	4	25648252	944082	RepartitionExec[Merge]=25648252;RepartitionExec=1864474;OrderedPartialAggregateStream=1787952
event	90950	refusal	OrderedPartialAggregateStream[93]	1	951445	0	29300678	115	4	25648252	944082	RepartitionExec[Merge]=25648252;RepartitionExec=1864474;OrderedPartialAggregateStream=1787952
event	91052	refusal	RepartitionExec[0]	1	180368	919483	28709653	114	4	25774272	951258	RepartitionExec[Merge]=25774272;RepartitionExec=1864474;OrderedPartialAggregateStream=1045195
event	91089	refusal	RepartitionExec[1]	1	225921	944991	27990400	114	4	25774272	951258	RepartitionExec[Merge]=25774272;RepartitionExec=1864474;OrderedPartialAggregateStream=325942
event	91105	refusal	RepartitionExec[0]	1	170132	919483	27990400	114	4	25774272	951258	RepartitionExec[Merge]=25774272;RepartitionExec=1864474;OrderedPartialAggregateStream=325942
event	91238	refusal	OrderedPartialAggregateStream[242]	1	1103543	0	27990400	114	4	25774272	951258	RepartitionExec[Merge]=25774272;RepartitionExec=1864474;OrderedPartialAggregateStream=325942
event	91316	refusal	RepartitionExec[1]	1	180368	944991	27990400	114	4	25774272	951258	RepartitionExec[Merge]=25774272;RepartitionExec=1864474;OrderedPartialAggregateStream=325942
event	91390	refusal	RepartitionExec[0]	1	206815	919483	27991224	114	4	25774272	951258	RepartitionExec[Merge]=25774272;RepartitionExec=1864474;OrderedPartialAggregateStream=326766
event	91414	refusal	OrderedPartialAggregateStream[94]	1	968707	0	27991224	114	4	25774272	951258	RepartitionExec[Merge]=25774272;RepartitionExec=1864474;OrderedPartialAggregateStream=326766
event	91423	refusal	RepartitionExec[1]	1	170132	944991	27991224	114	4	25774272	951258	RepartitionExec[Merge]=25774272;RepartitionExec=1864474;OrderedPartialAggregateStream=326766
event	91489	refusal	OrderedPartialAggregateStream[70]	1	980938	0	28081264	113	4	25890848	958644	RepartitionExec[Merge]=25890848;RepartitionExec=1864474;OrderedPartialAggregateStream=325942
event	91596	refusal	OrderedPartialAggregateStream[262]	1	1686080	0	28199316	113	4	26008900	957600	RepartitionExec[Merge]=26008900;RepartitionExec=1864474;OrderedPartialAggregateStream=325942
event	91623	refusal	OrderedPartialAggregateStream[58]	1	1609346	0	28199316	113	4	26008900	957600	RepartitionExec[Merge]=26008900;RepartitionExec=1864474;OrderedPartialAggregateStream=325942
event	91735	refusal	RepartitionExec[1]	1	206815	944991	28316584	113	4	26125344	956569	RepartitionExec[Merge]=26125344;RepartitionExec=1864474;OrderedPartialAggregateStream=326766
event	91834	refusal	RepartitionExec[0]	1	253563	919483	28425420	113	4	26233356	955613	RepartitionExec[Merge]=26233356;RepartitionExec=1864474;OrderedPartialAggregateStream=327590
event	91869	refusal	OrderedPartialAggregateStream[273]	1	1781741	0	28293533	113	4	26233356	955613	RepartitionExec[Merge]=26233356;RepartitionExec=1864474;OrderedPartialAggregateStream=195703
event	91882	refusal	RepartitionExec[0]	1	213335	919483	28263509	113	4	26233356	955613	RepartitionExec[Merge]=26233356;RepartitionExec=1864474;OrderedPartialAggregateStream=195703
event	92266	refusal	RepartitionExec[1]	1	253563	944991	28675225	112	4	26588972	960971	RepartitionExec[Merge]=26588972;RepartitionExec=1894498;OrderedPartialAggregateStream=164855
event	92308	refusal	OrderedPartialAggregateStream[15]	1	1036232	0	28512018	112	4	26588972	960971	RepartitionExec[Merge]=26588972;RepartitionExec=1894498;OrderedPartialAggregateStream=1648
event	92359	refusal	RepartitionExec[0]	1	30024	949507	28512842	112	4	26588972	960971	RepartitionExec[Merge]=26588972;RepartitionExec=1894498;OrderedPartialAggregateStream=1648
event	92606	refusal	RepartitionExec[1]	1	213335	944991	28890934	112	4	26706384	959922	RepartitionExec[Merge]=26706384;RepartitionExec=1894498;OrderedPartialAggregateStream=2472
event	92682	refusal	RepartitionExec[0]	1	218054	949507	28725294	111	4	26828324	967472	RepartitionExec[Merge]=26828324;RepartitionExec=1894498;OrderedPartialAggregateStream=2472
event	92791	refusal	RepartitionExec[0]	1	622428	949507	28850482	111	4	26953512	966344	RepartitionExec[Merge]=26953512;RepartitionExec=1894498;OrderedPartialAggregateStream=2472
event	93001	refusal	RepartitionExec[0]	1	301565	949507	29789472	111	4	26953512	966344	RepartitionExec[Merge]=26953512;RepartitionExec=1894498;OrderedPartialAggregateStream=941462
event	93055	refusal	RepartitionExec[0]	1	330669	949507	30844247	111	4	27083896	965169	RepartitionExec[Merge]=27083896;RepartitionExec=1894498;OrderedPartialAggregateStream=1865853
event	93162	refusal	RepartitionExec[1]	1	301565	944991	30071840	110	4	27083896	973943	RepartitionExec[Merge]=27083896;RepartitionExec=1894498;OrderedPartialAggregateStream=1093446
event	93189	refusal	RepartitionExec[0]	1	194015	949507	30392200	110	4	27404256	971031	RepartitionExec[Merge]=27404256;RepartitionExec=1894498;OrderedPartialAggregateStream=1093446
event	93233	refusal	RepartitionExec[0]	1	366968	949507	30392200	110	4	27404256	971031	RepartitionExec[Merge]=27404256;RepartitionExec=1894498;OrderedPartialAggregateStream=1093446
event	93261	refusal	RepartitionExec[1]	1	622428	944991	30392200	110	4	27404256	971031	RepartitionExec[Merge]=27404256;RepartitionExec=1894498;OrderedPartialAggregateStream=1093446
event	93278	refusal	RepartitionExec[1]	1	330669	944991	30392200	110	4	27404256	971031	RepartitionExec[Merge]=27404256;RepartitionExec=1894498;OrderedPartialAggregateStream=1093446
event	93342	refusal	OrderedPartialAggregateStream[214]	1	978085	0	29895140	109	4	27668164	977518	RepartitionExec[Merge]=27668164;RepartitionExec=1894498;OrderedPartialAggregateStream=584310
event	93355	refusal	RepartitionExec[1]	1	194015	944991	29895140	109	4	27668164	977518	RepartitionExec[Merge]=27668164;RepartitionExec=1894498;OrderedPartialAggregateStream=332478
event	93393	refusal	RepartitionExec[0]	1	188582	949507	29895140	109	4	27668164	977518	RepartitionExec[Merge]=27668164;RepartitionExec=1894498;OrderedPartialAggregateStream=332478
event	93394	refusal	RepartitionExec[1]	1	218054	944991	29895140	109	4	27668164	977518	RepartitionExec[Merge]=27668164;RepartitionExec=1894498;OrderedPartialAggregateStream=332478
event	93434	refusal	RepartitionExec[1]	1	366968	944991	29895140	109	4	27668164	977518	RepartitionExec[Merge]=27668164;RepartitionExec=1894498;OrderedPartialAggregateStream=332478
event	93571	refusal	RepartitionExec[1]	1	188582	944991	30653628	108	4	27668164	986570	RepartitionExec[Merge]=27668164;RepartitionExec=1924522;OrderedPartialAggregateStream=1060942
event	93685	refusal	RepartitionExec[0]	1	175691	979531	30851986	106	4	27668164	1005184	RepartitionExec[Merge]=27668164;RepartitionExec=1924522;OrderedPartialAggregateStream=1259300
event	93689	refusal	RepartitionExec[0]	1	216931	979531	30851986	106	4	27668164	1005184	RepartitionExec[Merge]=27668164;RepartitionExec=1924522;OrderedPartialAggregateStream=1259300
event	93736	refusal	OrderedPartialAggregateStream[255]	1	1607915	0	30851986	106	4	27668164	1005184	RepartitionExec[Merge]=27668164;RepartitionExec=1924522;OrderedPartialAggregateStream=1259300
event	93813	refusal	RepartitionExec[1]	1	175691	944991	30716939	105	4	27668164	1014757	RepartitionExec[Merge]=27668164;RepartitionExec=1954546;OrderedPartialAggregateStream=1094229
event	93892	refusal	RepartitionExec[1]	1	216931	944991	30716939	105	4	27668164	1014757	RepartitionExec[Merge]=27668164;RepartitionExec=1954546;OrderedPartialAggregateStream=1094229
event	93967	refusal	RepartitionExec[0]	1	191237	1009555	30818231	105	4	27668164	1014757	RepartitionExec[Merge]=27668164;RepartitionExec=1984570;OrderedPartialAggregateStream=1165497
event	94088	refusal	RepartitionExec[0]	1	301114	1009555	30818231	104	4	27668164	1024515	RepartitionExec[Merge]=27668164;RepartitionExec=1984570;OrderedPartialAggregateStream=1165497
event	94151	refusal	RepartitionExec[1]	1	191237	975015	31788315	104	4	27668164	1024515	RepartitionExec[Merge]=27668164;OrderedPartialAggregateStream=2135581;RepartitionExec=1984570
event	94281	refusal	RepartitionExec[1]	1	301114	975015	31092940	104	4	27804552	1023203	RepartitionExec[Merge]=27804552;RepartitionExec=1984570;OrderedPartialAggregateStream=1303818
event	94300	refusal	RepartitionExec[0]	1	220808	1009555	31092940	104	4	27804552	1023203	RepartitionExec[Merge]=27804552;RepartitionExec=1984570;OrderedPartialAggregateStream=1303818
event	94349	refusal	RepartitionExec[0]	1	30024	1009555	31846889	104	4	27804552	1023203	RepartitionExec[Merge]=27804552;OrderedPartialAggregateStream=2057767;RepartitionExec=1984570
event	94512	refusal	RepartitionExec[1]	1	220808	975015	31380916	104	4	28141952	1019959	RepartitionExec[Merge]=28141952;RepartitionExec=1984570;OrderedPartialAggregateStream=1254394
event	94521	refusal	RepartitionExec[0]	1	208043	1009555	31380092	103	4	28141952	1029861	RepartitionExec[Merge]=28141952;RepartitionExec=1984570;OrderedPartialAggregateStream=1253570
event	94639	refusal	RepartitionExec[0]	1	186053	1009555	32485681	103	4	28141952	1029861	RepartitionExec[Merge]=28141952;OrderedPartialAggregateStream=2359159;RepartitionExec=1984570
event	94715	refusal	RepartitionExec[1]	1	208043	975015	32485681	103	4	28141952	1029861	RepartitionExec[Merge]=28141952;OrderedPartialAggregateStream=2359159;RepartitionExec=1984570
event	94804	refusal	RepartitionExec[1]	1	186053	1005039	32347378	103	4	28141952	1029861	RepartitionExec[Merge]=28141952;OrderedPartialAggregateStream=2190832;RepartitionExec=2014594
event	94886	refusal	OrderedPartialAggregateStream[286]	1	2176000	0	35128696	103	4	28141952	1029861	RepartitionExec[Merge]=28141952;OrderedPartialAggregateStream=4972150;RepartitionExec=2014594
event	95135	refusal	RepartitionExec[0]	1	199451	1009555	33842208	103	4	28386556	1027487	RepartitionExec[Merge]=28386556;OrderedPartialAggregateStream=3441058;RepartitionExec=2014594
event	95190	refusal	RepartitionExec[1]	1	30024	1005039	33511570	103	4	28386556	1027487	RepartitionExec[Merge]=28386556;OrderedPartialAggregateStream=3110420;RepartitionExec=2014594
event	95197	refusal	RepartitionExec[0]	1	182516	1009555	33511570	103	4	28386556	1027487	RepartitionExec[Merge]=28386556;OrderedPartialAggregateStream=3110420;RepartitionExec=2014594
event	95199	refusal	RepartitionExec[1]	1	30024	1005039	33511570	103	4	28386556	1027487	RepartitionExec[Merge]=28386556;OrderedPartialAggregateStream=3110420;RepartitionExec=2014594
event	95314	refusal	RepartitionExec[0]	1	180620	1009555	32768967	103	4	28386556	1027487	RepartitionExec[Merge]=28386556;OrderedPartialAggregateStream=2367817;RepartitionExec=2014594
event	95369	refusal	RepartitionExec[1]	1	199451	1005039	33450448	103	4	28696356	1024479	RepartitionExec[Merge]=28696356;OrderedPartialAggregateStream=3291587;RepartitionExec=2014594
event	95409	refusal	RepartitionExec[1]	1	182516	1005039	32456979	103	4	28696356	1024479	RepartitionExec[Merge]=28696356;RepartitionExec=2014594;OrderedPartialAggregateStream=1746029
event	95429	refusal	RepartitionExec[0]	1	209306	1009555	32456979	103	4	28696356	1024479	RepartitionExec[Merge]=28696356;RepartitionExec=2014594;OrderedPartialAggregateStream=1746029
event	95434	refusal	RepartitionExec[0]	1	179105	1009555	32456979	103	4	28696356	1024479	RepartitionExec[Merge]=28696356;RepartitionExec=2014594;OrderedPartialAggregateStream=1746029
event	95494	refusal	RepartitionExec[1]	1	180620	1005039	32800463	103	4	29039840	1021144	RepartitionExec[Merge]=29039840;RepartitionExec=2014594;OrderedPartialAggregateStream=1746029
event	95582	refusal	RepartitionExec[0]	1	30024	1009555	33379588	103	4	29039840	1021144	RepartitionExec[Merge]=29039840;OrderedPartialAggregateStream=2325154;RepartitionExec=2014594
event	95589	refusal	RepartitionExec[1]	1	30024	1005039	33379588	103	4	29039840	1021144	RepartitionExec[Merge]=29039840;OrderedPartialAggregateStream=2325154;RepartitionExec=2014594
event	95642	refusal	RepartitionExec[1]	1	209306	1005039	32620033	103	4	29039840	1021144	RepartitionExec[Merge]=29039840;RepartitionExec=2014594;OrderedPartialAggregateStream=1565599
event	95643	refusal	RepartitionExec[1]	1	179105	1005039	32620033	103	4	29039840	1021144	RepartitionExec[Merge]=29039840;RepartitionExec=2014594;OrderedPartialAggregateStream=1565599
event	95646	refusal	RepartitionExec[0]	1	188330	1009555	32620033	103	4	29039840	1021144	RepartitionExec[Merge]=29039840;RepartitionExec=2014594;OrderedPartialAggregateStream=1565599
event	95726	refusal	RepartitionExec[1]	1	30024	1005039	32456794	103	4	29039840	1021144	RepartitionExec[Merge]=29039840;RepartitionExec=2014594;OrderedPartialAggregateStream=1402360
event	95795	refusal	RepartitionExec[0]	1	181631	1009555	32641707	103	4	29039840	1021144	RepartitionExec[Merge]=29039840;RepartitionExec=2014594;OrderedPartialAggregateStream=1587273
event	95873	refusal	RepartitionExec[1]	1	30024	1005039	33444037	103	4	29039840	1021144	RepartitionExec[Merge]=29039840;OrderedPartialAggregateStream=2389603;RepartitionExec=2014594
event	95896	refusal	RepartitionExec[1]	1	30024	1005039	33277166	103	4	29039840	1021144	RepartitionExec[Merge]=29039840;OrderedPartialAggregateStream=2222732;RepartitionExec=2014594
event	95928	refusal	RepartitionExec[1]	1	181631	1005039	33277990	103	4	29039840	1021144	RepartitionExec[Merge]=29039840;OrderedPartialAggregateStream=2223556;RepartitionExec=2014594
event	95934	refusal	RepartitionExec[1]	1	188330	1005039	33277990	103	4	29039840	1021144	RepartitionExec[Merge]=29039840;OrderedPartialAggregateStream=2223556;RepartitionExec=2014594
event	95967	refusal	RepartitionExec[0]	1	494626	1009555	33277990	103	4	29039840	1021144	RepartitionExec[Merge]=29039840;OrderedPartialAggregateStream=2223556;RepartitionExec=2014594
event	96106	refusal	RepartitionExec[1]	1	30024	1005039	32349385	103	4	29039840	1021144	RepartitionExec[Merge]=29039840;RepartitionExec=2014594;OrderedPartialAggregateStream=1294951
event	96157	refusal	RepartitionExec[0]	1	190856	1009555	33107284	103	4	29039840	1021144	RepartitionExec[Merge]=29039840;OrderedPartialAggregateStream=2052850;RepartitionExec=2014594
event	96169	refusal	RepartitionExec[0]	1	30024	1009555	32308362	103	4	29039840	1021144	RepartitionExec[Merge]=29039840;RepartitionExec=2014594;OrderedPartialAggregateStream=1253928
event	96231	refusal	RepartitionExec[0]	1	206021	1009555	32558610	103	4	29290088	1018714	RepartitionExec[Merge]=29290088;RepartitionExec=2014594;OrderedPartialAggregateStream=1253928
event	96298	refusal	RepartitionExec[1]	1	494626	1005039	32558610	103	4	29290088	1018714	RepartitionExec[Merge]=29290088;RepartitionExec=2014594;OrderedPartialAggregateStream=1253928
event	96336	refusal	OrderedPartialAggregateStream[269]	1	1642007	0	32558610	103	4	29290088	1018714	RepartitionExec[Merge]=29290088;RepartitionExec=2014594;OrderedPartialAggregateStream=1253928
event	96374	refusal	RepartitionExec[1]	1	190856	1005039	32558610	103	4	29290088	1018714	RepartitionExec[Merge]=29290088;RepartitionExec=2014594;OrderedPartialAggregateStream=1253928
event	96472	refusal	RepartitionExec[1]	1	206021	1005039	31800615	103	4	29290088	1018714	RepartitionExec[Merge]=29290088;RepartitionExec=2014594;OrderedPartialAggregateStream=495933
event	96503	refusal	RepartitionExec[0]	1	187571	1009555	31800615	103	4	29290088	1018714	RepartitionExec[Merge]=29290088;RepartitionExec=2014594;OrderedPartialAggregateStream=495933
event	96582	refusal	RepartitionExec[0]	1	30024	1009555	31636080	103	4	29290088	1018714	RepartitionExec[Merge]=29290088;RepartitionExec=2014594;OrderedPartialAggregateStream=331398
event	96645	refusal	RepartitionExec[1]	1	187571	1005039	31635256	102	4	29290088	1028702	RepartitionExec[Merge]=29290088;RepartitionExec=2014594;OrderedPartialAggregateStream=330574
event	96656	refusal	RepartitionExec[0]	1	30024	1009555	31468801	102	4	29290088	1028702	RepartitionExec[Merge]=29290088;RepartitionExec=2014594;OrderedPartialAggregateStream=164119
event	96843	refusal	RepartitionExec[0]	1	30024	1009555	31305506	102	4	29290088	1028702	RepartitionExec[Merge]=29290088;RepartitionExec=2014594;OrderedPartialAggregateStream=824
event	96848	refusal	RepartitionExec[0]	1	314039	1009555	31305506	102	4	29290088	1028702	RepartitionExec[Merge]=29290088;RepartitionExec=2014594;OrderedPartialAggregateStream=824
event	97109	refusal	RepartitionExec[1]	1	314039	1005039	32210457	102	4	29290088	1028702	RepartitionExec[Merge]=29290088;RepartitionExec=2014594;OrderedPartialAggregateStream=905775
event	97167	refusal	OrderedPartialAggregateStream[248]	1	1114784	0	31468697	102	4	29290088	1028702	RepartitionExec[Merge]=29290088;RepartitionExec=2014594;OrderedPartialAggregateStream=164015
event	97185	refusal	RepartitionExec[0]	1	180242	1009555	31468697	102	4	29290088	1028702	RepartitionExec[Merge]=29290088;RepartitionExec=2014594;OrderedPartialAggregateStream=164015
event	97254	refusal	OrderedPartialAggregateStream[263]	1	1607348	0	32043417	102	4	29864808	1023067	RepartitionExec[Merge]=29864808;RepartitionExec=2014594;OrderedPartialAggregateStream=164015
event	97289	refusal	OrderedPartialAggregateStream[77]	1	1070576	0	32043417	102	4	29864808	1023067	RepartitionExec[Merge]=29864808;RepartitionExec=2014594;OrderedPartialAggregateStream=164015
event	97386	refusal	RepartitionExec[1]	1	180242	1005039	33192295	101	4	30008480	1031774	RepartitionExec[Merge]=30008480;RepartitionExec=2014594;OrderedPartialAggregateStream=1169221
event	97566	refusal	RepartitionExec[0]	1	30024	1009555	34427185	101	4	30483372	1027072	RepartitionExec[Merge]=30483372;RepartitionExec=2014594;OrderedPartialAggregateStream=1899079
event	97613	refusal	RepartitionExec[0]	1	257834	1009555	34427185	101	4	30483372	1027072	RepartitionExec[Merge]=30483372;RepartitionExec=2014594;OrderedPartialAggregateStream=1899079
event	97619	refusal	OrderedPartialAggregateStream[293]	1	1812908	0	34427185	101	4	30483372	1027072	RepartitionExec[Merge]=30483372;RepartitionExec=2014594;OrderedPartialAggregateStream=1899079
event	97626	refusal	OrderedPartialAggregateStream[46]	1	1045322	0	34427185	101	4	30483372	1027072	RepartitionExec[Merge]=30483372;RepartitionExec=2014594;OrderedPartialAggregateStream=1899079
event	97723	refusal	RepartitionExec[0]	1	174806	1009555	33140688	101	4	30793296	1024004	RepartitionExec[Merge]=30793296;RepartitionExec=2014594;OrderedPartialAggregateStream=332798
event	97736	refusal	RepartitionExec[0]	1	223334	1009555	33794580	101	4	30928076	1022669	RepartitionExec[Merge]=30928076;RepartitionExec=2014594;OrderedPartialAggregateStream=851910
event	97738	refusal	RepartitionExec[0]	1	241092	1009555	33276292	101	4	30928076	1022669	RepartitionExec[Merge]=30928076;RepartitionExec=2014594;OrderedPartialAggregateStream=333622
event	97784	refusal	RepartitionExec[0]	1	300890	1009555	34229519	101	4	30928076	1022669	RepartitionExec[Merge]=30928076;RepartitionExec=2014594;OrderedPartialAggregateStream=1286849
event	97807	refusal	RepartitionExec[1]	1	257834	1005039	34229519	101	4	30928076	1022669	RepartitionExec[Merge]=30928076;RepartitionExec=2014594;OrderedPartialAggregateStream=1286849
event	97826	refusal	OrderedPartialAggregateStream[59]	1	1601525	0	34381471	101	4	31080028	1021165	RepartitionExec[Merge]=31080028;RepartitionExec=2014594;OrderedPartialAggregateStream=1286849
event	97866	refusal	RepartitionExec[1]	1	174806	1005039	34517859	101	4	31216416	1019814	RepartitionExec[Merge]=31216416;RepartitionExec=2014594;OrderedPartialAggregateStream=1286849
event	97943	refusal	RepartitionExec[1]	1	223334	1005039	35539534	101	4	31334616	1018644	RepartitionExec[Merge]=31334616;OrderedPartialAggregateStream=2190324;RepartitionExec=2014594
event	98017	refusal	RepartitionExec[1]	1	241092	1005039	35540358	101	4	31334616	1018644	RepartitionExec[Merge]=31334616;OrderedPartialAggregateStream=2191148;RepartitionExec=2014594
event	98023	refusal	RepartitionExec[1]	1	300890	1005039	35540358	101	4	31334616	1018644	RepartitionExec[Merge]=31334616;OrderedPartialAggregateStream=2191148;RepartitionExec=2014594
event	98041	release_after_refusal	RepartitionExec[1]	1	334153	670886	35206205	101	4	31334616		RepartitionExec[Merge]=31334616;OrderedPartialAggregateStream=2191148;RepartitionExec=1680441
event	98070	refusal	OrderedPartialAggregateStream[256]	1	1105631	0	35206205	101	4	31334616	1018644	RepartitionExec[Merge]=31334616;OrderedPartialAggregateStream=2191148;RepartitionExec=1680441
event	98073	refusal	RepartitionExec[0]	1	231539	1009555	35251033	101	4	31379444	1018200	RepartitionExec[Merge]=31379444;OrderedPartialAggregateStream=2191148;RepartitionExec=1680441
event	98124	refusal	RepartitionExec[0]	1	200840	1009555	34663415	100	4	31712557	1025051	RepartitionExec[Merge]=31712557;RepartitionExec=1710465;OrderedPartialAggregateStream=1240393
event	98229	refusal	RepartitionExec[0]	1	30024	1009555	34950208	99	4	32167997	1030805	RepartitionExec[Merge]=32167997;RepartitionExec=1710465;OrderedPartialAggregateStream=1071746
event	98245	refusal	RepartitionExec[0]	1	378767	1009555	34209844	99	4	32167997	1030805	RepartitionExec[Merge]=32167997;RepartitionExec=1710465;OrderedPartialAggregateStream=331382
event	98270	refusal	RepartitionExec[0]	1	179609	1009555	34440559	98	4	32167997	1041323	RepartitionExec[Merge]=32167997;RepartitionExec=1942004;OrderedPartialAggregateStream=330558
event	98328	refusal	RepartitionExec[1]	1	200840	932449	34611175	97	4	32338613	1050300	RepartitionExec[Merge]=32338613;RepartitionExec=1942004;OrderedPartialAggregateStream=330558
event	98361	refusal	RepartitionExec[0]	1	298644	1009555	34745775	97	4	32473213	1048912	RepartitionExec[Merge]=32473213;RepartitionExec=1942004;OrderedPartialAggregateStream=330558
event	98394	release_after_refusal	RepartitionExec[1]	1	231539	700910	34684064	97	4	32643041		RepartitionExec[Merge]=32643041;RepartitionExec=1710465;OrderedPartialAggregateStream=330558
event	98476	refusal	RepartitionExec[1]	1	378767	910543	34995001	97	4	32906632	1044444	RepartitionExec[Merge]=32906632;RepartitionExec=1920098;OrderedPartialAggregateStream=168271
event	98516	refusal	RepartitionExec[0]	1	254350	1009555	34859226	97	4	32906632	1044444	RepartitionExec[Merge]=32906632;RepartitionExec=1950122;OrderedPartialAggregateStream=2472
event	98589	refusal	RepartitionExec[1]	1	298644	940567	35118410	97	4	33165816	1041772	RepartitionExec[Merge]=33165816;RepartitionExec=1950122;OrderedPartialAggregateStream=2472
event	98657	refusal	OrderedPartialAggregateStream[294]	1	1873910	0	35426218	97	4	33473624	1038599	RepartitionExec[Merge]=33473624;RepartitionExec=1950122;OrderedPartialAggregateStream=2472
event	98782	refusal	RepartitionExec[1]	1	254350	940567	35884914	96	4	33933144	1044631	RepartitionExec[Merge]=33933144;RepartitionExec=1950122;OrderedPartialAggregateStream=1648
event	99097	refusal	OrderedPartialAggregateStream[270]	1	1745624	0	36735274	94	4	34785152	1057793	RepartitionExec[Merge]=34785152;RepartitionExec=1950122
event	99401	refusal	RepartitionExec[0]	1	401917	1009555	39690481	94	4	35808016	1046911	RepartitionExec[Merge]=35808016;RepartitionExec=1950122;OrderedPartialAggregateStream=1932343
event	99615	refusal	RepartitionExec[1]	1	401917	940567	38972285	94	4	35905184	1045878	RepartitionExec[Merge]=35905184;RepartitionExec=1950122;OrderedPartialAggregateStream=1116979
event	99656	refusal	RepartitionExec[0]	1	213350	1009555	39130122	94	4	35905184	1045878	RepartitionExec[Merge]=35905184;RepartitionExec=1950122;OrderedPartialAggregateStream=1274816
event	99664	refusal	RepartitionExec[0]	1	198944	1009555	39130122	94	4	35905184	1045878	RepartitionExec[Merge]=35905184;RepartitionExec=1950122;OrderedPartialAggregateStream=1274816
event	99750	refusal	RepartitionExec[0]	1	353256	1009555	39130946	94	4	35905184	1045878	RepartitionExec[Merge]=35905184;RepartitionExec=1950122;OrderedPartialAggregateStream=1275640
event	99827	refusal	RepartitionExec[1]	1	213350	940567	39130122	93	4	35905184	1057124	RepartitionExec[Merge]=35905184;RepartitionExec=1950122;OrderedPartialAggregateStream=1274816
event	99837	refusal	RepartitionExec[1]	1	198944	940567	39130122	93	4	35905184	1057124	RepartitionExec[Merge]=35905184;RepartitionExec=1950122;OrderedPartialAggregateStream=1274816
event	99880	refusal	RepartitionExec[0]	1	195659	1009555	39259976	93	4	35905184	1057124	RepartitionExec[Merge]=35905184;RepartitionExec=1950122;OrderedPartialAggregateStream=1404670
event	99927	refusal	RepartitionExec[1]	1	353256	940567	40266276	93	4	35905184	1057124	RepartitionExec[Merge]=35905184;OrderedPartialAggregateStream=2410970;RepartitionExec=1950122
event	100072	refusal	RepartitionExec[0]	1	30024	1039579	41893725	93	4	35905184	1057124	RepartitionExec[Merge]=35905184;OrderedPartialAggregateStream=4008395;RepartitionExec=1980146
event	100076	refusal	RepartitionExec[1]	1	195659	940567	41893725	93	4	35905184	1057124	RepartitionExec[Merge]=35905184;OrderedPartialAggregateStream=4008395;RepartitionExec=1980146
event	100182	refusal	RepartitionExec[0]	1	180620	1039579	42188451	92	4	36038800	1067162	RepartitionExec[Merge]=36038800;OrderedPartialAggregateStream=4169505;RepartitionExec=1980146
event	100243	refusal	RepartitionExec[0]	1	30024	1039579	42114877	92	4	36038800	1067162	RepartitionExec[Merge]=36038800;OrderedPartialAggregateStream=4095931;RepartitionExec=1980146
event	100296	refusal	RepartitionExec[0]	1	193259	1039579	41344282	92	4	36038800	1067162	RepartitionExec[Merge]=36038800;OrderedPartialAggregateStream=3325336;RepartitionExec=1980146
event	100299	refusal	RepartitionExec[0]	1	223460	1039579	41344282	92	4	36038800	1067162	RepartitionExec[Merge]=36038800;OrderedPartialAggregateStream=3325336;RepartitionExec=1980146
event	100311	refusal	OrderedPartialAggregateStream[264]	1	1664849	0	41344282	92	4	36038800	1067162	RepartitionExec[Merge]=36038800;OrderedPartialAggregateStream=3325336;RepartitionExec=1980146
event	100364	refusal	RepartitionExec[1]	1	180620	940567	40770092	92	4	36291504	1064415	RepartitionExec[Merge]=36291504;OrderedPartialAggregateStream=2498442;RepartitionExec=1980146
event	100379	refusal	RepartitionExec[0]	1	218534	1039579	40770092	92	4	36291504	1064415	RepartitionExec[Merge]=36291504;OrderedPartialAggregateStream=2498442;RepartitionExec=1980146
event	100454	refusal	RepartitionExec[0]	1	179987	1039579	40028795	92	4	36291504	1064415	RepartitionExec[Merge]=36291504;RepartitionExec=1980146;OrderedPartialAggregateStream=1757145
event	100468	refusal	RepartitionExec[1]	1	193259	940567	40028795	92	4	36291504	1064415	RepartitionExec[Merge]=36291504;RepartitionExec=1980146;OrderedPartialAggregateStream=1757145
event	100508	refusal	RepartitionExec[1]	1	223460	940567	40028795	92	4	36291504	1064415	RepartitionExec[Merge]=36291504;RepartitionExec=1980146;OrderedPartialAggregateStream=1757145
event	100580	refusal	RepartitionExec[0]	1	190604	1039579	39130877	92	4	36291504	1064415	RepartitionExec[Merge]=36291504;RepartitionExec=2010170;OrderedPartialAggregateStream=829203
event	100590	refusal	RepartitionExec[1]	1	218534	970591	39130877	92	4	36291504	1064415	RepartitionExec[Merge]=36291504;RepartitionExec=2010170;OrderedPartialAggregateStream=829203
event	100652	refusal	OrderedPartialAggregateStream[289]	1	3334441	0	39130877	92	4	36291504	1064415	RepartitionExec[Merge]=36291504;RepartitionExec=2010170;OrderedPartialAggregateStream=829203
event	100655	refusal	RepartitionExec[1]	1	179987	970591	39130877	92	4	36291504	1064415	RepartitionExec[Merge]=36291504;RepartitionExec=2010170;OrderedPartialAggregateStream=829203
event	100746	refusal	RepartitionExec[1]	1	190604	1000615	38996062	92	4	36291504	1064415	RepartitionExec[Merge]=36291504;RepartitionExec=2040194;OrderedPartialAggregateStream=664364
event	100766	refusal	RepartitionExec[0]	1	30024	1039579	38827399	92	4	36291504	1064415	RepartitionExec[Merge]=36291504;RepartitionExec=2040194;OrderedPartialAggregateStream=495701
event	100897	refusal	RepartitionExec[0]	1	30024	1039579	38391746	92	4	36291504	1064415	RepartitionExec[Merge]=36291504;RepartitionExec=2100242
event	101311	refusal	RepartitionExec[0]	1	184664	1039579	39864813	92	4	36649780	1060521	RepartitionExec[Merge]=36649780;RepartitionExec=2100242;OrderedPartialAggregateStream=1114791
event	101380	refusal	RepartitionExec[0]	1	322690	1039579	39989529	92	4	36773672	1059174	RepartitionExec[Merge]=36773672;RepartitionExec=2100242;OrderedPartialAggregateStream=1115615
event	101456	refusal	RepartitionExec[1]	1	184664	1060663	40124477	92	4	36907796	1057716	RepartitionExec[Merge]=36907796;RepartitionExec=2100242;OrderedPartialAggregateStream=1116439
event	101525	refusal	RepartitionExec[0]	1	646477	1039579	40124477	92	4	36907796	1057716	RepartitionExec[Merge]=36907796;RepartitionExec=2100242;OrderedPartialAggregateStream=1116439
event	101558	refusal	RepartitionExec[1]	1	322690	1060663	39339108	92	4	36907796	1057716	RepartitionExec[Merge]=36907796;RepartitionExec=2100242;OrderedPartialAggregateStream=331070
event	101598	refusal	RepartitionExec[0]	1	199829	1039579	39339108	92	4	36907796	1057716	RepartitionExec[Merge]=36907796;RepartitionExec=2100242;OrderedPartialAggregateStream=331070
event	101609	refusal	RepartitionExec[0]	1	30024	1039579	39337677	92	4	37070116	1055952	RepartitionExec[Merge]=37070116;RepartitionExec=2100242;OrderedPartialAggregateStream=167319
event	101755	refusal	RepartitionExec[1]	1	199829	1060663	40221811	92	4	37070116	1055952	RepartitionExec[Merge]=37070116;RepartitionExec=2100242;OrderedPartialAggregateStream=1051453
event	101777	refusal	RepartitionExec[1]	1	646477	1060663	40221811	92	4	37070116	1055952	RepartitionExec[Merge]=37070116;RepartitionExec=2100242;OrderedPartialAggregateStream=1051453
event	101883	refusal	RepartitionExec[0]	1	171395	1039579	39498924	91	4	37070116	1067556	RepartitionExec[Merge]=37070116;RepartitionExec=2100242;OrderedPartialAggregateStream=328566
event	101912	refusal	RepartitionExec[1]	1	30024	1060663	39333253	91	4	37070116	1067556	RepartitionExec[Merge]=37070116;RepartitionExec=2100242;OrderedPartialAggregateStream=162895
event	101997	refusal	OrderedPartialAggregateStream[250]	1	1577468	0	39332429	90	4	37070116	1079417	RepartitionExec[Merge]=37070116;RepartitionExec=2100242;OrderedPartialAggregateStream=162071
event	102042	refusal	RepartitionExec[1]	1	171395	1060663	39332429	90	4	37070116	1079417	RepartitionExec[Merge]=37070116;RepartitionExec=2100242;OrderedPartialAggregateStream=162071
event	102114	release_after_refusal	RepartitionExec[0]	1	320780	718799	39951997	90	4	37070116		RepartitionExec[Merge]=37070116;RepartitionExec=1779462;OrderedPartialAggregateStream=1102419
event	102173	refusal	OrderedPartialAggregateStream[271]	1	1603406	0	40313577	90	4	37431696	1075400	RepartitionExec[Merge]=37431696;RepartitionExec=1779462;OrderedPartialAggregateStream=1102419
event	102278	refusal	RepartitionExec[1]	1	30024	1060663	42031950	90	4	37431696	1075400	RepartitionExec[Merge]=37431696;OrderedPartialAggregateStream=1855847;RepartitionExec=1779462
event	102430	refusal	RepartitionExec[1]	1	195281	1060663	42600283	90	4	37599720	1073533	RepartitionExec[Merge]=37599720;OrderedPartialAggregateStream=3025820;RepartitionExec=1974743
event	102503	refusal	RepartitionExec[0]	1	184790	914080	42916688	90	4	37599720	1073533	RepartitionExec[Merge]=37599720;OrderedPartialAggregateStream=3342225;RepartitionExec=1974743
event	102706	refusal	RepartitionExec[1]	1	184790	1060663	41333541	90	4	37762368	1071726	RepartitionExec[Merge]=37762368;RepartitionExec=2004767;OrderedPartialAggregateStream=1566406
event	102712	refusal	RepartitionExec[0]	1	212339	944104	42246826	90	4	37762368	1071726	RepartitionExec[Merge]=37762368;OrderedPartialAggregateStream=2479691;RepartitionExec=2004767
event	102715	refusal	RepartitionExec[0]	1	299431	944104	42247650	90	4	37762368	1071726	RepartitionExec[Merge]=37762368;OrderedPartialAggregateStream=2480515;RepartitionExec=2004767
event	102731	refusal	RepartitionExec[0]	1	205769	944104	42247650	90	4	37762368	1071726	RepartitionExec[Merge]=37762368;OrderedPartialAggregateStream=2480515;RepartitionExec=2004767
event	102782	refusal	RepartitionExec[0]	1	289542	944104	42247650	90	4	37762368	1071726	RepartitionExec[Merge]=37762368;OrderedPartialAggregateStream=2480515;RepartitionExec=2004767
event	102927	refusal	OrderedPartialAggregateStream[290]	1	3813610	0	42113907	90	4	37762368	1071726	RepartitionExec[Merge]=37762368;OrderedPartialAggregateStream=2480515;RepartitionExec=2004767
event	102946	refusal	RepartitionExec[1]	1	30024	1060663	42083883	90	4	37762368	1071726	RepartitionExec[Merge]=37762368;OrderedPartialAggregateStream=2316748;RepartitionExec=2004767
event	102977	refusal	RepartitionExec[1]	1	299431	1060663	42083883	90	4	37762368	1071726	RepartitionExec[Merge]=37762368;OrderedPartialAggregateStream=2316748;RepartitionExec=2004767
event	102999	refusal	RepartitionExec[1]	1	289542	1060663	41214873	90	4	37762368	1071726	RepartitionExec[Merge]=37762368;RepartitionExec=2004767;OrderedPartialAggregateStream=1447738
event	103017	refusal	RepartitionExec[1]	1	212339	1060663	41214873	90	4	37762368	1071726	RepartitionExec[Merge]=37762368;RepartitionExec=2004767;OrderedPartialAggregateStream=1447738
event	103032	refusal	OrderedPartialAggregateStream[295]	1	3156124	0	41214873	90	4	37762368	1071726	RepartitionExec[Merge]=37762368;RepartitionExec=2004767;OrderedPartialAggregateStream=1447738
event	103053	refusal	RepartitionExec[1]	1	205769	1060663	41214873	90	4	37762368	1071726	RepartitionExec[Merge]=37762368;RepartitionExec=2004767;OrderedPartialAggregateStream=1447738
event	103066	refusal	RepartitionExec[0]	1	237614	944104	41214873	90	4	37762368	1071726	RepartitionExec[Merge]=37762368;RepartitionExec=2004767;OrderedPartialAggregateStream=1447738
event	103202	refusal	RepartitionExec[0]	1	183779	944104	40297148	89	4	37762368	1083768	RepartitionExec[Merge]=37762368;RepartitionExec=2004767;OrderedPartialAggregateStream=530013
event	103290	refusal	RepartitionExec[1]	1	237614	1090687	40189949	88	4	37762368	1096083	RepartitionExec[Merge]=37762368;RepartitionExec=2064815;OrderedPartialAggregateStream=362766
event	103365	refusal	RepartitionExec[1]	1	183779	1090687	40189949	88	4	37762368	1096083	RepartitionExec[Merge]=37762368;RepartitionExec=2064815;OrderedPartialAggregateStream=362766
event	103428	refusal	OrderedPartialAggregateStream[265]	1	1725518	0	40189949	88	4	37762368	1096083	RepartitionExec[Merge]=37762368;RepartitionExec=2064815;OrderedPartialAggregateStream=362766
event	103492	refusal	OrderedPartialAggregateStream[287]	1	1833761	0	40020846	88	4	37762368	1096083	RepartitionExec[Merge]=37762368;RepartitionExec=2094839;OrderedPartialAggregateStream=163639
event	103557	refusal	RepartitionExec[1]	1	30024	1090687	39857207	88	4	37762368	1096083	RepartitionExec[Merge]=37762368;RepartitionExec=2094839
event	103998	refusal	OrderedPartialAggregateStream[291]	1	2020799	0	40022533	88	4	37762368	1096083	RepartitionExec[Merge]=37762368;RepartitionExec=2094839;OrderedPartialAggregateStream=165326
event	104033	refusal	RepartitionExec[0]	1	345728	1004152	40022533	88	4	37762368	1096083	RepartitionExec[Merge]=37762368;RepartitionExec=2094839;OrderedPartialAggregateStream=165326
event	104058	refusal	RepartitionExec[0]	1	184160	1004152	40022533	88	4	37762368	1096083	RepartitionExec[Merge]=37762368;RepartitionExec=2094839;OrderedPartialAggregateStream=165326
event	104081	refusal	RepartitionExec[0]	1	578828	1004152	40022533	88	4	37762368	1096083	RepartitionExec[Merge]=37762368;RepartitionExec=2094839;OrderedPartialAggregateStream=165326
event	104178	refusal	RepartitionExec[0]	1	386634	1004152	40184089	88	4	37922276	1094266	RepartitionExec[Merge]=37922276;RepartitionExec=2094839;OrderedPartialAggregateStream=166974
event	104257	refusal	RepartitionExec[1]	1	345728	1090687	40184089	88	4	37922276	1094266	RepartitionExec[Merge]=37922276;RepartitionExec=2094839;OrderedPartialAggregateStream=166974
event	104345	refusal	RepartitionExec[0]	1	827963	1004152	40357625	88	4	38095812	1092294	RepartitionExec[Merge]=38095812;RepartitionExec=2094839;OrderedPartialAggregateStream=166974
event	104358	refusal	RepartitionExec[1]	1	184160	1090687	40357625	88	4	38095812	1092294	RepartitionExec[Merge]=38095812;RepartitionExec=2094839;OrderedPartialAggregateStream=166974
event	104370	refusal	RepartitionExec[1]	1	386634	1090687	40357625	88	4	38095812	1092294	RepartitionExec[Merge]=38095812;RepartitionExec=2094839;OrderedPartialAggregateStream=166974
event	104383	refusal	RepartitionExec[1]	1	578828	1090687	40494161	88	4	38232348	1090742	RepartitionExec[Merge]=38232348;RepartitionExec=2094839;OrderedPartialAggregateStream=166974
event	104623	refusal	RepartitionExec[1]	1	30088	1090687	41498508	87	4	38486148	1100362	RepartitionExec[Merge]=38486148;RepartitionExec=2094839;OrderedPartialAggregateStream=917521
event	104848	refusal	RepartitionExec[1]	1	827963	1090687	43669895	85	4	38755528	1123084	RepartitionExec[Merge]=38755528;OrderedPartialAggregateStream=2819528;RepartitionExec=2094839
event	105013	refusal	RepartitionExec[0]	1	177965	1004152	42428117	85	4	39000852	1120198	RepartitionExec[Merge]=39000852;RepartitionExec=2094839;OrderedPartialAggregateStream=1332426
event	105021	refusal	RepartitionExec[0]	1	184538	1004152	42428117	85	4	39000852	1120198	RepartitionExec[Merge]=39000852;RepartitionExec=2094839;OrderedPartialAggregateStream=1332426
event	105040	refusal	RepartitionExec[0]	1	457655	1004152	42428117	85	4	39000852	1120198	RepartitionExec[Merge]=39000852;RepartitionExec=2094839;OrderedPartialAggregateStream=1332426
event	105176	refusal	OrderedPartialAggregateStream[260]	1	1639973	0	42428117	85	4	39000852	1120198	RepartitionExec[Merge]=39000852;RepartitionExec=2094839;OrderedPartialAggregateStream=1332426
event	105218	refusal	RepartitionExec[1]	1	184538	1090687	41591704	84	4	39000852	1133534	RepartitionExec[Merge]=39000852;RepartitionExec=2094839;OrderedPartialAggregateStream=496013
event	105234	refusal	OrderedPartialAggregateStream[272]	1	1725122	0	41591704	84	4	39000852	1133534	RepartitionExec[Merge]=39000852;RepartitionExec=2094839;OrderedPartialAggregateStream=496013
event	105234	refusal	RepartitionExec[1]	1	177965	1090687	41591704	84	4	39000852	1133534	RepartitionExec[Merge]=39000852;RepartitionExec=2094839;OrderedPartialAggregateStream=496013
event	105267	refusal	RepartitionExec[0]	1	222578	1004152	41591704	84	4	39000852	1133534	RepartitionExec[Merge]=39000852;RepartitionExec=2094839;OrderedPartialAggregateStream=496013
event	105350	refusal	RepartitionExec[1]	1	457655	1090687	41591704	84	4	39000852	1133534	RepartitionExec[Merge]=39000852;RepartitionExec=2094839;OrderedPartialAggregateStream=496013
event	105363	refusal	OrderedPartialAggregateStream[288]	1	2154148	0	41591704	84	4	39000852	1133534	RepartitionExec[Merge]=39000852;RepartitionExec=2094839;OrderedPartialAggregateStream=496013
event	105378	refusal	OrderedPartialAggregateStream[261]	1	1673921	0	41761992	84	4	39171140	1131507	RepartitionExec[Merge]=39171140;RepartitionExec=2094839;OrderedPartialAggregateStream=496013
event	105467	refusal	RepartitionExec[1]	1	222578	1120711	41620738	84	4	39296476	1130014	RepartitionExec[Merge]=39296476;RepartitionExec=2154887;OrderedPartialAggregateStream=169375
event	105725	refusal	RepartitionExec[0]	1	313252	1034176	42422595	83	4	39296476	1143629	RepartitionExec[Merge]=39296476;RepartitionExec=2154887;OrderedPartialAggregateStream=971232
event	105730	refusal	RepartitionExec[1]	1	30024	1120711	42423419	83	4	39296476	1143629	RepartitionExec[Merge]=39296476;RepartitionExec=2154887;OrderedPartialAggregateStream=972056
event	105804	refusal	RepartitionExec[0]	1	345504	1034176	42587543	83	4	39460600	1141652	RepartitionExec[Merge]=39460600;RepartitionExec=2154887;OrderedPartialAggregateStream=972056
event	105852	refusal	RepartitionExec[0]	1	208169	1034176	42704563	83	4	39460600	1141652	RepartitionExec[Merge]=39460600;RepartitionExec=2154887;OrderedPartialAggregateStream=1089076
event	105945	refusal	RepartitionExec[1]	1	313252	1120711	42705387	83	4	39460600	1141652	RepartitionExec[Merge]=39460600;RepartitionExec=2154887;OrderedPartialAggregateStream=1089900
event	105961	refusal	RepartitionExec[0]	1	326062	1034176	42705387	83	4	39460600	1141652	RepartitionExec[Merge]=39460600;RepartitionExec=2154887;OrderedPartialAggregateStream=1089900
event	105997	refusal	RepartitionExec[1]	1	208169	1120711	42846779	83	4	39601992	1139948	RepartitionExec[Merge]=39601992;RepartitionExec=2154887;OrderedPartialAggregateStream=1089900
event	106025	refusal	RepartitionExec[1]	1	345504	1120711	42846779	83	4	39601992	1139948	RepartitionExec[Merge]=39601992;RepartitionExec=2154887;OrderedPartialAggregateStream=1089900
event	106171	refusal	RepartitionExec[0]	1	186938	1064200	42067906	82	4	39716484	1152454	RepartitionExec[Merge]=39716484;RepartitionExec=2184911;OrderedPartialAggregateStream=166511
event	106270	refusal	RepartitionExec[1]	1	326062	1120711	42067906	82	4	39716484	1152454	RepartitionExec[Merge]=39716484;RepartitionExec=2184911;OrderedPartialAggregateStream=166511
event	106276	refusal	RepartitionExec[0]	1	486308	1064200	42067906	82	4	39716484	1152454	RepartitionExec[Merge]=39716484;RepartitionExec=2184911;OrderedPartialAggregateStream=166511
event	106361	refusal	RepartitionExec[1]	1	186938	1120711	43118275	81	4	39857416	1164942	RepartitionExec[Merge]=39857416;RepartitionExec=2184911;OrderedPartialAggregateStream=1075948
event	106516	refusal	OrderedPartialAggregateStream[266]	1	1762454	0	43360183	79	4	40100148	1191361	RepartitionExec[Merge]=40100148;RepartitionExec=2184911;OrderedPartialAggregateStream=1075124
event	106548	refusal	RepartitionExec[1]	1	486308	1150735	43226168	78	4	40100148	1206635	RepartitionExec[Merge]=40100148;RepartitionExec=2214935;OrderedPartialAggregateStream=911085
event	106617	refusal	RepartitionExec[0]	1	182516	1064200	42623698	78	4	40244460	1204785	RepartitionExec[Merge]=40244460;RepartitionExec=2214935;OrderedPartialAggregateStream=164303
event	106778	refusal	RepartitionExec[1]	1	182516	1150735	44743302	78	4	40521600	1201232	RepartitionExec[Merge]=40521600;RepartitionExec=2214935;OrderedPartialAggregateStream=2006767
event	106976	refusal	RepartitionExec[0]	1	178724	1094224	44081084	77	4	40521600	1216832	RepartitionExec[Merge]=40521600;RepartitionExec=2244959;OrderedPartialAggregateStream=1314525
event	106989	refusal	RepartitionExec[0]	1	195659	1094224	44081084	77	4	40521600	1216832	RepartitionExec[Merge]=40521600;RepartitionExec=2244959;OrderedPartialAggregateStream=1314525
event	107021	refusal	OrderedPartialAggregateStream[296]	1	1925147	0	44081084	77	4	40521600	1216832	RepartitionExec[Merge]=40521600;RepartitionExec=2244959;OrderedPartialAggregateStream=1314525
event	107115	refusal	RepartitionExec[0]	1	359664	1094224	44221216	77	4	40660908	1215023	RepartitionExec[Merge]=40660908;RepartitionExec=2244959;OrderedPartialAggregateStream=1315349
event	107131	refusal	RepartitionExec[1]	1	178724	1150735	44221216	77	4	40660908	1215023	RepartitionExec[Merge]=40660908;RepartitionExec=2244959;OrderedPartialAggregateStream=1315349
event	107155	refusal	RepartitionExec[1]	1	195659	1150735	44221216	77	4	40660908	1215023	RepartitionExec[Merge]=40660908;RepartitionExec=2244959;OrderedPartialAggregateStream=1315349
event	107169	refusal	OrderedPartialAggregateStream[267]	1	1640549	0	44221216	77	4	40660908	1215023	RepartitionExec[Merge]=40660908;RepartitionExec=2244959;OrderedPartialAggregateStream=1315349
event	107177	refusal	OrderedPartialAggregateStream[292]	1	3492571	0	44221216	77	4	40660908	1215023	RepartitionExec[Merge]=40660908;RepartitionExec=2244959;OrderedPartialAggregateStream=1315349
event	107224	refusal	OrderedPartialAggregateStream[278]	1	1642115	0	44348220	77	4	40787912	1213374	RepartitionExec[Merge]=40787912;RepartitionExec=2244959;OrderedPartialAggregateStream=1315349
event	107276	refusal	RepartitionExec[0]	1	214994	1094224	43529428	77	4	40787912	1213374	RepartitionExec[Merge]=40787912;RepartitionExec=2244959;OrderedPartialAggregateStream=496557
event	107284	release_after_refusal	RepartitionExec[0]	1	207829	886395	43321599	77	4	40787912		RepartitionExec[Merge]=40787912;RepartitionExec=2037130;OrderedPartialAggregateStream=496557
event	107433	refusal	RepartitionExec[1]	1	359664	1180759	43403914	74	4	41138321	1257829	RepartitionExec[Merge]=41138321;RepartitionExec=2097178;OrderedPartialAggregateStream=168415
event	107448	refusal	RepartitionExec[1]	1	214994	1180759	43403914	74	4	41138321	1257829	RepartitionExec[Merge]=41138321;RepartitionExec=2097178;OrderedPartialAggregateStream=168415
event	107522	refusal	RepartitionExec[1]	1	313476	1180759	43837890	74	4	41257997	1256212	RepartitionExec[Merge]=41257997;RepartitionExec=2410654;OrderedPartialAggregateStream=169239
event	107658	refusal	RepartitionExec[0]	1	30024	1229895	43793223	74	4	41380921	1254551	RepartitionExec[Merge]=41380921;RepartitionExec=2410654;OrderedPartialAggregateStream=1648
event	107735	refusal	RepartitionExec[0]	1	314151	1229895	43909979	72	4	41497677	1287778	RepartitionExec[Merge]=41497677;RepartitionExec=2410654;OrderedPartialAggregateStream=1648
event	107787	release_after_refusal	RepartitionExec[1]	1	191363	989396	43718616	72	4	41497677		RepartitionExec[Merge]=41497677;RepartitionExec=2219291;OrderedPartialAggregateStream=1648
event	107800	refusal	RepartitionExec[0]	1	421244	1229895	43718616	72	4	41497677	1287778	RepartitionExec[Merge]=41497677;RepartitionExec=2219291;OrderedPartialAggregateStream=1648
event	108109	release_after_refusal	RepartitionExec[0]	1	195281	1034614	46522204	56	4	41940487		RepartitionExec[Merge]=41940487;RepartitionExec=2559894;OrderedPartialAggregateStream=2021823
event	108385	refusal	OrderedPartialAggregateStream[298]	1	1900964	0	46503506	56	4	42483133	1638117	RepartitionExec[Merge]=42483133;RepartitionExec=2744561;OrderedPartialAggregateStream=1275812
event	108442	refusal	RepartitionExec[1]	1	256445	1557833	46662961	56	4	42483133	1638117	RepartitionExec[Merge]=42483133;RepartitionExec=3031030;OrderedPartialAggregateStream=201511
event	108711	refusal	OrderedPartialAggregateStream[279]	1	1781147	0	46779065	56	4	42598413	1636059	RepartitionExec[Merge]=42598413;RepartitionExec=3031030;OrderedPartialAggregateStream=1149622
event	108720	refusal	OrderedPartialAggregateStream[275]	1	1738667	0	46779065	56	4	42598413	1636059	RepartitionExec[Merge]=42598413;RepartitionExec=3031030;OrderedPartialAggregateStream=1149622
event	108844	refusal	RepartitionExec[0]	1	706259	1473197	46910745	56	4	42730093	1633707	RepartitionExec[Merge]=42730093;RepartitionExec=3031030;OrderedPartialAggregateStream=1149622
event	108935	refusal	RepartitionExec[0]	1	198314	1473197	46128937	56	4	42730093	1633707	RepartitionExec[Merge]=42730093;RepartitionExec=3031030;OrderedPartialAggregateStream=367814
event	109067	release_after_refusal	RepartitionExec[1]	1	219964	1337869	46036945	56	4	42858065		RepartitionExec[Merge]=42858065;RepartitionExec=2811066;OrderedPartialAggregateStream=367814
event	109090	refusal	OrderedPartialAggregateStream[297]	1	1943813	0	46286261	56	4	43107381	1626970	RepartitionExec[Merge]=43107381;RepartitionExec=2811066;OrderedPartialAggregateStream=367814
event	109098	release_after_refusal	RepartitionExec[0]	1	191363	1281834	46094898	56	4	43107381		RepartitionExec[Merge]=43107381;RepartitionExec=2619703;OrderedPartialAggregateStream=367814
event	109217	refusal	RepartitionExec[0]	1	412142	1281834	46314885	56	4	43325720	1623071	RepartitionExec[Merge]=43325720;RepartitionExec=2619703;OrderedPartialAggregateStream=369462
event	109237	release_after_refusal	RepartitionExec[0]	1	199511	1082323	46115374	56	4	43325720		RepartitionExec[Merge]=43325720;RepartitionExec=2420192;OrderedPartialAggregateStream=369462
event	109290	refusal	RepartitionExec[1]	1	350674	1337869	46691419	56	4	43551091	1619047	RepartitionExec[Merge]=43551091;RepartitionExec=2770866;OrderedPartialAggregateStream=369462
event	109430	refusal	RepartitionExec[0]	1	366741	1250859	47150263	56	4	44191249	1607615	RepartitionExec[Merge]=44191249;RepartitionExec=2588728;OrderedPartialAggregateStream=370286
event	109442	refusal	OrderedPartialAggregateStream[281]	1	1816652	0	47150263	56	4	44191249	1607615	RepartitionExec[Merge]=44191249;RepartitionExec=2588728;OrderedPartialAggregateStream=370286
event	109467	refusal	OrderedPartialAggregateStream[274]	1	1689482	0	47150263	56	4	44191249	1607615	RepartitionExec[Merge]=44191249;RepartitionExec=2588728;OrderedPartialAggregateStream=370286
event	109928	refusal	RepartitionExec[1]	1	428436	1337869	48223955	51	4	44835681	1752589	RepartitionExec[Merge]=44835681;RepartitionExec=3017164;OrderedPartialAggregateStream=371110
event	112020	refusal	RepartitionExec[1]	1	587549	4012480	62169334	19	4	51914801	4331733	RepartitionExec[Merge]=51914801;RepartitionExec=8172007;OrderedPartialAggregateStream=2082526
event	112240	refusal	RepartitionExec[1]	1	242165	4012480	62599521	19	4	53802634	4232373	RepartitionExec[Merge]=53802634;RepartitionExec=7593523;OrderedPartialAggregateStream=1203364
event	112536	release_after_refusal	RepartitionExec[1]	1	380226	3632254	63318167	19	4	54901506		RepartitionExec[Merge]=54901506;RepartitionExec=7213297;OrderedPartialAggregateStream=1203364
event	136714	refusal	OrderedFinalAggregateStream[0]	1	5329044	804043	113387390	4	4	110367563	5962541	RepartitionExec[Merge]=108005811;SortPreservingMergeExec=2361752;OrderedFinalAggregateStream=1739611;RepartitionExec=1280216
event	137036	refusal	OrderedFinalAggregateStream[1]	1	5197606	935568	113387390	4	4	110367563	5962541	RepartitionExec[Merge]=108005811;SortPreservingMergeExec=2361752;OrderedFinalAggregateStream=1739611;RepartitionExec=1280216
event	139484	release_after_refusal	OrderedFinalAggregateStream[0]	1	803219	824	112584171	4	4	110367563		RepartitionExec[Merge]=108005811;SortPreservingMergeExec=2361752;RepartitionExec=1280216;OrderedFinalAggregateStream=936392
event	139599	release_after_refusal	OrderedFinalAggregateStream[1]	1	934744	824	111649427	4	4	110367563		RepartitionExec[Merge]=108005811;SortPreservingMergeExec=2361752;RepartitionExec=1280216;OrderedFinalAggregateStream=1648
event	151114	refusal	OrderedFinalAggregateStream[0]	1	4051377	4642218	120932215	4	4	110367563	5962541	RepartitionExec[Merge]=108005811;OrderedFinalAggregateStream=9284436;SortPreservingMergeExec=2361752;RepartitionExec=1280216
event	151233	refusal	OrderedFinalAggregateStream[1]	1	4050639	4642218	120932215	4	4	110367563	5962541	RepartitionExec[Merge]=108005811;OrderedFinalAggregateStream=9284436;SortPreservingMergeExec=2361752;RepartitionExec=1280216
event	155891	release_after_refusal	OrderedFinalAggregateStream[0]	1	4641394	824	116290821	4	4	110367563		RepartitionExec[Merge]=108005811;OrderedFinalAggregateStream=4643042;SortPreservingMergeExec=2361752;RepartitionExec=1280216
event	155971	release_after_refusal	OrderedFinalAggregateStream[1]	1	4641394	824	111649427	4	4	110367563		RepartitionExec[Merge]=108005811;SortPreservingMergeExec=2361752;RepartitionExec=1280216;OrderedFinalAggregateStream=1648
event	167194	refusal	OrderedFinalAggregateStream[0]	1	4050843	4642119	120931801	4	4	110367563	5962541	RepartitionExec[Merge]=108005811;OrderedFinalAggregateStream=9284022;SortPreservingMergeExec=2361752;RepartitionExec=1280216
event	167401	refusal	OrderedFinalAggregateStream[1]	1	4051242	4641903	120931801	4	4	110367563	5962541	RepartitionExec[Merge]=108005811;OrderedFinalAggregateStream=9284022;SortPreservingMergeExec=2361752;RepartitionExec=1280216
event	171959	release_after_refusal	OrderedFinalAggregateStream[0]	1	4641295	824	116290506	4	4	110367563		RepartitionExec[Merge]=108005811;OrderedFinalAggregateStream=4642727;SortPreservingMergeExec=2361752;RepartitionExec=1280216
event	172125	release_after_refusal	OrderedFinalAggregateStream[1]	1	4641079	824	111649427	4	4	110367563		RepartitionExec[Merge]=108005811;SortPreservingMergeExec=2361752;RepartitionExec=1280216;OrderedFinalAggregateStream=1648
event	184116	refusal	OrderedFinalAggregateStream[1]	1	4051128	4510513	120800114	4	4	110367563	5962541	RepartitionExec[Merge]=108005811;OrderedFinalAggregateStream=9152335;SortPreservingMergeExec=2361752;RepartitionExec=1280216
event	184133	refusal	OrderedFinalAggregateStream[0]	1	4051173	4641822	120800114	4	4	110367563	5962541	RepartitionExec[Merge]=108005811;OrderedFinalAggregateStream=9152335;SortPreservingMergeExec=2361752;RepartitionExec=1280216
event	188743	release_after_refusal	OrderedFinalAggregateStream[0]	1	4640998	824	116159116	4	4	110367563		RepartitionExec[Merge]=108005811;OrderedFinalAggregateStream=4511337;SortPreservingMergeExec=2361752;RepartitionExec=1280216
event	188822	release_after_refusal	OrderedFinalAggregateStream[1]	1	4509689	824	111649427	4	4	110367563		RepartitionExec[Merge]=108005811;SortPreservingMergeExec=2361752;RepartitionExec=1280216;OrderedFinalAggregateStream=1648
event	200327	refusal	OrderedFinalAggregateStream[0]	1	4051449	4641678	120800084	4	4	110367563	5962541	RepartitionExec[Merge]=108005811;OrderedFinalAggregateStream=9152305;SortPreservingMergeExec=2361752;RepartitionExec=1280216
event	200432	refusal	OrderedFinalAggregateStream[1]	1	4051074	4510627	120800084	4	4	110367563	5962541	RepartitionExec[Merge]=108005811;OrderedFinalAggregateStream=9152305;SortPreservingMergeExec=2361752;RepartitionExec=1280216
event	204918	release_after_refusal	OrderedFinalAggregateStream[0]	1	4640854	824	116159230	4	4	110367563		RepartitionExec[Merge]=108005811;OrderedFinalAggregateStream=4511451;SortPreservingMergeExec=2361752;RepartitionExec=1280216
event	205086	release_after_refusal	OrderedFinalAggregateStream[1]	1	4509803	824	111649427	4	4	110367563		RepartitionExec[Merge]=108005811;SortPreservingMergeExec=2361752;RepartitionExec=1280216;OrderedFinalAggregateStream=1648
event	217064	refusal	OrderedFinalAggregateStream[1]	1	4051458	4642128	120932089	4	4	110367563	5962541	RepartitionExec[Merge]=108005811;OrderedFinalAggregateStream=9284310;SortPreservingMergeExec=2361752;RepartitionExec=1280216
event	217119	refusal	OrderedFinalAggregateStream[0]	1	4050930	4642182	120932089	4	4	110367563	5962541	RepartitionExec[Merge]=108005811;OrderedFinalAggregateStream=9284310;SortPreservingMergeExec=2361752;RepartitionExec=1280216
event	221619	release_after_refusal	OrderedFinalAggregateStream[1]	1	4641304	824	116290785	4	4	110367563		RepartitionExec[Merge]=108005811;OrderedFinalAggregateStream=4643006;SortPreservingMergeExec=2361752;RepartitionExec=1280216
event	221675	release_after_refusal	OrderedFinalAggregateStream[0]	1	4641358	824	111649427	4	4	110367563		RepartitionExec[Merge]=108005811;SortPreservingMergeExec=2361752;RepartitionExec=1280216;OrderedFinalAggregateStream=1648
event	233105	refusal	OrderedFinalAggregateStream[1]	1	4051404	4641957	120800021	4	4	110367563	5962541	RepartitionExec[Merge]=108005811;OrderedFinalAggregateStream=9152242;SortPreservingMergeExec=2361752;RepartitionExec=1280216
event	233318	refusal	OrderedFinalAggregateStream[0]	1	4182422	4510285	120800021	4	4	110367563	5962541	RepartitionExec[Merge]=108005811;OrderedFinalAggregateStream=9152242;SortPreservingMergeExec=2361752;RepartitionExec=1280216
event	237729	release_after_refusal	OrderedFinalAggregateStream[1]	1	4641133	824	116158888	4	4	110367563		RepartitionExec[Merge]=108005811;OrderedFinalAggregateStream=4511109;SortPreservingMergeExec=2361752;RepartitionExec=1280216
event	237888	release_after_refusal	OrderedFinalAggregateStream[0]	1	4509461	824	111649427	4	4	110367563		RepartitionExec[Merge]=108005811;SortPreservingMergeExec=2361752;RepartitionExec=1280216;OrderedFinalAggregateStream=1648
event	248419	refusal	OrderedFinalAggregateStream[1]	1	4050900	4641957	120931504	4	4	110367563	5962541	RepartitionExec[Merge]=108005811;OrderedFinalAggregateStream=9283725;SortPreservingMergeExec=2361752;RepartitionExec=1280216
event	248773	refusal	OrderedFinalAggregateStream[0]	1	4051458	4641768	120931504	4	4	110367563	5962541	RepartitionExec[Merge]=108005811;OrderedFinalAggregateStream=9283725;SortPreservingMergeExec=2361752;RepartitionExec=1280216
event	253082	release_after_refusal	OrderedFinalAggregateStream[1]	1	4641133	824	116290371	4	4	110367563		RepartitionExec[Merge]=108005811;OrderedFinalAggregateStream=4642592;SortPreservingMergeExec=2361752;RepartitionExec=1280216
event	253343	release_after_refusal	OrderedFinalAggregateStream[0]	1	4640944	824	111649427	4	4	110367563		RepartitionExec[Merge]=108005811;SortPreservingMergeExec=2361752;RepartitionExec=1280216;OrderedFinalAggregateStream=1648
event	264270	refusal	OrderedFinalAggregateStream[1]	1	4051386	4641993	120800345	4	4	110367563	5962541	RepartitionExec[Merge]=108005811;OrderedFinalAggregateStream=9152566;SortPreservingMergeExec=2361752;RepartitionExec=1280216
event	264538	refusal	OrderedFinalAggregateStream[0]	1	4050948	4510573	120800345	4	4	110367563	5962541	RepartitionExec[Merge]=108005811;OrderedFinalAggregateStream=9152566;SortPreservingMergeExec=2361752;RepartitionExec=1280216
event	268821	release_after_refusal	OrderedFinalAggregateStream[1]	1	4641169	824	116159176	4	4	110367563		RepartitionExec[Merge]=108005811;OrderedFinalAggregateStream=4511397;SortPreservingMergeExec=2361752;RepartitionExec=1280216
event	269108	release_after_refusal	OrderedFinalAggregateStream[0]	1	4509749	824	111537171	4	4	110255307		RepartitionExec[Merge]=107893555;SortPreservingMergeExec=2361752;RepartitionExec=1280216;OrderedFinalAggregateStream=1648
event	286852	refusal	OrderedFinalAggregateStream[1]	1	5312642	8692455	106638820	4	4	87972662	11561266	RepartitionExec[Merge]=85610910;OrderedFinalAggregateStream=17385942;SortPreservingMergeExec=2361752;RepartitionExec=1280216
event	287416	refusal	OrderedFinalAggregateStream[0]	1	5312588	8693487	106638820	4	4	87972662	11561266	RepartitionExec[Merge]=85610910;OrderedFinalAggregateStream=17385942;SortPreservingMergeExec=2361752;RepartitionExec=1280216
event	294086	release_after_refusal	OrderedFinalAggregateStream[1]	1	8691631	824	97947189	4	4	87972662		RepartitionExec[Merge]=85610910;OrderedFinalAggregateStream=8694311;SortPreservingMergeExec=2361752;RepartitionExec=1280216
event	294427	release_after_refusal	OrderedFinalAggregateStream[0]	1	8692663	824	89068438	4	4	87786574		RepartitionExec[Merge]=85424822;SortPreservingMergeExec=2361752;RepartitionExec=1280216;OrderedFinalAggregateStream=1648
event	318716	refusal	OrderedFinalAggregateStream[1]	1	2789728	14006216	97529601	4	4	68597484	16405061	RepartitionExec[Merge]=66235732;OrderedFinalAggregateStream=28012189;SortPreservingMergeExec=2361752;RepartitionExec=919928
event	318943	refusal	OrderedFinalAggregateStream[0]	1	2789917	14005973	97529601	4	4	68597484	16405061	RepartitionExec[Merge]=66235732;OrderedFinalAggregateStream=28012189;SortPreservingMergeExec=2361752;RepartitionExec=919928
event	328181	release_after_refusal	OrderedFinalAggregateStream[0]	1	14005149	824	83524452	4	4	68597484		RepartitionExec[Merge]=66235732;OrderedFinalAggregateStream=14007040;SortPreservingMergeExec=2361752;RepartitionExec=919928
event	328481	release_after_refusal	OrderedFinalAggregateStream[1]	1	14005392	824	69385320	4	4	68493768		RepartitionExec[Merge]=66132016;SortPreservingMergeExec=2361752;RepartitionExec=889904;OrderedFinalAggregateStream=1648
event	360137	refusal	OrderedFinalAggregateStream[1]	1	8294590	16795146	81772285	4	4	47591909	21656454	RepartitionExec[Merge]=45230157;OrderedFinalAggregateStream=33590712;SortPreservingMergeExec=2361752;RepartitionExec=589664
event	360499	refusal	OrderedFinalAggregateStream[0]	1	8294887	16795566	81772285	4	4	47591909	21656454	RepartitionExec[Merge]=45230157;OrderedFinalAggregateStream=33590712;SortPreservingMergeExec=2361752;RepartitionExec=589664
event	372381	release_after_refusal	OrderedFinalAggregateStream[1]	1	16794322	824	64977963	4	4	47591909		RepartitionExec[Merge]=45230157;OrderedFinalAggregateStream=16796390;SortPreservingMergeExec=2361752;RepartitionExec=589664
event	372847	release_after_refusal	OrderedFinalAggregateStream[0]	1	16794742	824	48024269	4	4	47432957		RepartitionExec[Merge]=45071205;SortPreservingMergeExec=2361752;RepartitionExec=589664;OrderedFinalAggregateStream=1648
event	425820	refusal	OrderedFinalAggregateStream[1]	1	8282112	57974784	89239341	2	2	2361752	65927988	OrderedFinalAggregateStream=86877589;SortPreservingMergeExec=2361752
event	425822	release_after_refusal	OrderedFinalAggregateStream[1]	1	28987392	28987392	60251949	2	2	2361752		OrderedFinalAggregateStream=57890197;SortPreservingMergeExec=2361752
event	426964	refusal	OrderedFinalAggregateStream[0]	1	8282112	57974784	89323928	2	2	2361752	65927988	OrderedFinalAggregateStream=86962176;SortPreservingMergeExec=2361752
event	426966	release_after_refusal	OrderedFinalAggregateStream[0]	1	28987392	28987392	60336536	2	2	2361752		OrderedFinalAggregateStream=57974784;SortPreservingMergeExec=2361752
