#pool	name	limit	peak_reserved	refusals	events_dropped
pool	not fair	268435456	268400852	4027	1829
#class	class	consumers	can_spill	w_sum_of_peaks	w_largest_peak	w_class_peak	refusals	refused_bytes	w_refusals_then_release	w_consumers_ending_refused
class	OrderedPartialAggregateStream	45	45	40003423	3972352	33414853	67	137756195	0	4
class	RepartitionExec	120	120	270693787	5818050	266969805	3959	2694211479	1	119
class	RepartitionExec[Merge]	2	0	4168416	2750553	4168416	1	468638	1	1
#event	micros	kind	consumer	can_spill	bytes	w_held	reserved	w_registered_spillable	w_registered_unspillable	w_unspillable_bytes	w_fair_quota	w_top_classes
event	31981	refusal	RepartitionExec[35]	1	548246	2140412	267046009	358	122	892588		RepartitionExec=245614189;OrderedPartialAggregateStream=21784763;RepartitionExec[Merge]=892588
event	32019	refusal	RepartitionExec[79]	1	723149	1417263	265851050	358	122	892588		RepartitionExec=247316197;OrderedPartialAggregateStream=19378636;RepartitionExec[Merge]=892588
event	32030	refusal	OrderedPartialAggregateStream[116]	1	4225001	0	266354686	358	122	892588		RepartitionExec=247316197;OrderedPartialAggregateStream=19378636;RepartitionExec[Merge]=892588
event	32044	refusal	RepartitionExec[3]	1	528656	3149577	268242643	358	122	1417863		RepartitionExec=250102945;OrderedPartialAggregateStream=16721835;RepartitionExec[Merge]=1417863
event	32068	refusal	RepartitionExec[5]	1	460919	2688658	266998966	357	122	1417863		RepartitionExec=250102945;OrderedPartialAggregateStream=16721835;RepartitionExec[Merge]=1417863
event	32090	refusal	RepartitionExec[2]	1	503636	3678233	266484214	357	122	1417863		RepartitionExec=250102945;OrderedPartialAggregateStream=14963406;RepartitionExec[Merge]=1417863
event	32271	refusal	RepartitionExec[9]	1	493652	2688658	268209194	357	122	1417863		RepartitionExec=254545813;OrderedPartialAggregateStream=12245518;RepartitionExec[Merge]=1417863
event	32374	refusal	RepartitionExec[0]	1	483287	4675521	268209194	357	122	1417863		RepartitionExec=254545813;OrderedPartialAggregateStream=12245518;RepartitionExec[Merge]=1417863
event	32422	refusal	RepartitionExec[0]	1	577943	4675521	268209194	357	122	1417863		RepartitionExec=254545813;OrderedPartialAggregateStream=12245518;RepartitionExec[Merge]=1417863
event	32443	refusal	RepartitionExec[80]	1	723149	1417263	268209194	357	122	1417863		RepartitionExec=254545813;OrderedPartialAggregateStream=12245518;RepartitionExec[Merge]=1417863
event	32484	refusal	RepartitionExec[36]	1	548246	2140412	268209194	357	122	1417863		RepartitionExec=254545813;OrderedPartialAggregateStream=12245518;RepartitionExec[Merge]=1417863
event	32489	refusal	RepartitionExec[10]	1	493652	2688658	268209194	357	122	1417863		RepartitionExec=254545813;OrderedPartialAggregateStream=12245518;RepartitionExec[Merge]=1417863
event	32510	refusal	RepartitionExec[6]	1	460919	3182310	268209194	357	122	1417863		RepartitionExec=254545813;OrderedPartialAggregateStream=12245518;RepartitionExec[Merge]=1417863
event	32554	refusal	RepartitionExec[3]	1	503636	3643229	268209194	357	122	1417863		RepartitionExec=254545813;OrderedPartialAggregateStream=12245518;RepartitionExec[Merge]=1417863
event	32555	refusal	RepartitionExec[0]	1	605492	4675521	268209194	357	122	1417863		RepartitionExec=254545813;OrderedPartialAggregateStream=12245518;RepartitionExec[Merge]=1417863
event	32587	refusal	RepartitionExec[7]	1	460919	3182310	268209194	357	122	1417863		RepartitionExec=254545813;OrderedPartialAggregateStream=12245518;RepartitionExec[Merge]=1417863
event	32600	refusal	RepartitionExec[1]	1	483287	4675521	268209194	357	122	1417863		RepartitionExec=254545813;OrderedPartialAggregateStream=12245518;RepartitionExec[Merge]=1417863
event	32659	refusal	RepartitionExec[1]	1	577943	4675521	268209194	357	122	1417863		RepartitionExec=254545813;OrderedPartialAggregateStream=12245518;RepartitionExec[Merge]=1417863
event	32664	refusal	RepartitionExec[81]	1	723149	1417263	265341650	357	122	1417863		RepartitionExec=254545813;OrderedPartialAggregateStream=9377974;RepartitionExec[Merge]=1417863
event	32669	refusal	RepartitionExec[8]	1	460919	3182310	265341650	357	122	1417863		RepartitionExec=254545813;OrderedPartialAggregateStream=9377974;RepartitionExec[Merge]=1417863
event	32766	refusal	RepartitionExec[7]	1	577943	3182310	268231365	357	122	1417863		RepartitionExec=257435528;OrderedPartialAggregateStream=9377974;RepartitionExec[Merge]=1417863
event	32786	refusal	RepartitionExec[4]	1	528656	4221172	268231365	357	122	1417863		RepartitionExec=257435528;OrderedPartialAggregateStream=9377974;RepartitionExec[Merge]=1417863
event	32811	refusal	RepartitionExec[4]	1	503636	4221172	264927260	357	122	1417863		RepartitionExec=257435528;OrderedPartialAggregateStream=6073869;RepartitionExec[Merge]=1417863
event	32859	refusal	RepartitionExec[5]	1	672851	3760253	268291515	357	122	1417863		RepartitionExec=260799783;OrderedPartialAggregateStream=6073869;RepartitionExec[Merge]=1417863
event	32865	refusal	RepartitionExec[8]	1	577943	3182310	268291515	357	122	1417863		RepartitionExec=260799783;OrderedPartialAggregateStream=6073869;RepartitionExec[Merge]=1417863
event	32878	refusal	RepartitionExec[1]	1	605492	5348372	268291515	357	122	1417863		RepartitionExec=260799783;OrderedPartialAggregateStream=6073869;RepartitionExec[Merge]=1417863
event	32887	refusal	RepartitionExec[5]	1	528656	3760253	268291515	357	122	1417863		RepartitionExec=260799783;OrderedPartialAggregateStream=6073869;RepartitionExec[Merge]=1417863
event	32917	refusal	RepartitionExec[9]	1	460919	2688658	268291515	357	122	1417863		RepartitionExec=260799783;OrderedPartialAggregateStream=6073869;RepartitionExec[Merge]=1417863
event	32918	refusal	OrderedPartialAggregateStream[91]	1	3205390	0	268291515	357	122	1417863		RepartitionExec=260799783;OrderedPartialAggregateStream=6073869;RepartitionExec[Merge]=1417863
event	32926	refusal	RepartitionExec[82]	1	723149	1475959	268291515	357	122	1417863		RepartitionExec=260799783;OrderedPartialAggregateStream=6073869;RepartitionExec[Merge]=1417863
event	32929	refusal	RepartitionExec[37]	1	548246	2140412	268291515	357	122	1417863		RepartitionExec=260799783;OrderedPartialAggregateStream=6073869;RepartitionExec[Merge]=1417863
event	32943	refusal	OrderedPartialAggregateStream[79]	1	2102668	0	268291515	357	122	1417863		RepartitionExec=260799783;OrderedPartialAggregateStream=6073869;RepartitionExec[Merge]=1417863
event	32967	refusal	RepartitionExec[9]	1	577943	2688658	268291515	357	122	1417863		RepartitionExec=260799783;OrderedPartialAggregateStream=6073869;RepartitionExec[Merge]=1417863
event	32987	refusal	RepartitionExec[5]	1	503636	3760253	268291515	357	122	1417863		RepartitionExec=260799783;OrderedPartialAggregateStream=6073869;RepartitionExec[Merge]=1417863
event	32994	refusal	RepartitionExec[0]	1	869489	5348372	268291515	357	122	1417863		RepartitionExec=260799783;OrderedPartialAggregateStream=6073869;RepartitionExec[Merge]=1417863
event	33020	refusal	RepartitionExec[6]	1	672851	3760253	268291515	357	122	1417863		RepartitionExec=260799783;OrderedPartialAggregateStream=6073869;RepartitionExec[Merge]=1417863
event	33027	refusal	OrderedPartialAggregateStream[100]	1	3390115	0	268291515	357	122	1417863		RepartitionExec=260799783;OrderedPartialAggregateStream=6073869;RepartitionExec[Merge]=1417863
event	33033	refusal	RepartitionExec[2]	1	483287	5422679	268291515	357	122	1417863		RepartitionExec=260799783;OrderedPartialAggregateStream=6073869;RepartitionExec[Merge]=1417863
event	33068	refusal	RepartitionExec[2]	1	605492	5422679	268291515	357	122	1417863		RepartitionExec=260799783;OrderedPartialAggregateStream=6073869;RepartitionExec[Merge]=1417863
event	33076	refusal	RepartitionExec[6]	1	528656	3760253	268291515	357	122	1417863		RepartitionExec=260799783;OrderedPartialAggregateStream=6073869;RepartitionExec[Merge]=1417863
event	33095	refusal	RepartitionExec[10]	1	460919	2688658	268291515	357	122	1417863		RepartitionExec=260799783;OrderedPartialAggregateStream=6073869;RepartitionExec[Merge]=1417863
event	33130	refusal	RepartitionExec[83]	1	723149	1417263	268291515	357	122	1417863		RepartitionExec=260799783;OrderedPartialAggregateStream=6073869;RepartitionExec[Merge]=1417863
event	33141	refusal	RepartitionExec[38]	1	548246	2140412	268291515	357	122	1417863		RepartitionExec=260799783;OrderedPartialAggregateStream=6073869;RepartitionExec[Merge]=1417863
event	33178	refusal	RepartitionExec[3]	1	605492	4894023	268291515	357	122	1417863		RepartitionExec=260799783;OrderedPartialAggregateStream=6073869;RepartitionExec[Merge]=1417863
event	33497	refusal	OrderedPartialAggregateStream[79]	1	519496	0	268291515	357	122	1417863		RepartitionExec=260799783;OrderedPartialAggregateStream=6073869;RepartitionExec[Merge]=1417863
event	33607	refusal	RepartitionExec[0]	1	466869	5348372	268292339	357	122	1417863		RepartitionExec=260799783;OrderedPartialAggregateStream=6074693;RepartitionExec[Merge]=1417863
event	33631	refusal	OrderedPartialAggregateStream[116]	1	1037000	0	268292339	357	122	1417863		RepartitionExec=260799783;OrderedPartialAggregateStream=6074693;RepartitionExec[Merge]=1417863
event	33702	refusal	OrderedPartialAggregateStream[91]	1	1036232	0	268293163	357	122	1417863		RepartitionExec=260799783;OrderedPartialAggregateStream=6075517;RepartitionExec[Merge]=1417863
event	33792	refusal	OrderedPartialAggregateStream[100]	1	1036360	0	268293987	357	122	1417863		RepartitionExec=260799783;OrderedPartialAggregateStream=6076341;RepartitionExec[Merge]=1417863
event	33819	refusal	RepartitionExec[0]	1	940338	5348372	268294811	357	122	1417863		RepartitionExec=260799783;OrderedPartialAggregateStream=6077165;RepartitionExec[Merge]=1417863
event	33840	refusal	RepartitionExec[0]	1	597480	5348372	268294811	357	122	1417863		RepartitionExec=260799783;OrderedPartialAggregateStream=6077165;RepartitionExec[Merge]=1417863
event	33929	refusal	RepartitionExec[0]	1	667490	5348372	268294811	357	122	1417863		RepartitionExec=260799783;OrderedPartialAggregateStream=6077165;RepartitionExec[Merge]=1417863
event	34414	refusal	OrderedPartialAggregateStream[19]	1	3323965	0	268294811	357	122	1417863		RepartitionExec=260799783;OrderedPartialAggregateStream=6077165;RepartitionExec[Merge]=1417863
event	35025	refusal	OrderedPartialAggregateStream[19]	1	1036360	0	268294811	357	122	1417863		RepartitionExec=260799783;OrderedPartialAggregateStream=6077165;RepartitionExec[Merge]=1417863
event	35140	refusal	RepartitionExec[0]	1	642430	5348372	268295635	357	122	1417863		RepartitionExec=260799783;OrderedPartialAggregateStream=6077989;RepartitionExec[Merge]=1417863
event	42347	refusal	RepartitionExec[6]	1	503636	3760253	268295635	357	122	1417863		RepartitionExec=260799783;OrderedPartialAggregateStream=6077989;RepartitionExec[Merge]=1417863
event	42413	refusal	RepartitionExec[1]	1	869489	5348372	268295635	357	122	1417863		RepartitionExec=260799783;OrderedPartialAggregateStream=6077989;RepartitionExec[Merge]=1417863
event	42414	refusal	RepartitionExec[7]	1	503636	3182310	268295635	357	122	1417863		RepartitionExec=260799783;OrderedPartialAggregateStream=6077989;RepartitionExec[Merge]=1417863
event	42425	refusal	RepartitionExec[7]	1	672851	3182310	268295635	357	122	1417863		RepartitionExec=260799783;OrderedPartialAggregateStream=6077989;RepartitionExec[Merge]=1417863
event	42463	refusal	RepartitionExec[10]	1	577943	2688658	268295635	357	122	1417863		RepartitionExec=260799783;OrderedPartialAggregateStream=6077989;RepartitionExec[Merge]=1417863
event	42481	refusal	RepartitionExec[7]	1	528656	3182310	268295635	357	122	1417863		RepartitionExec=260799783;OrderedPartialAggregateStream=6077989;RepartitionExec[Merge]=1417863
event	42502	refusal	RepartitionExec[2]	1	869489	5422679	268295635	357	122	1417863		RepartitionExec=260799783;OrderedPartialAggregateStream=6077989;RepartitionExec[Merge]=1417863
event	42552	refusal	RepartitionExec[84]	1	723149	1417263	268295635	357	122	1417863		RepartitionExec=260799783;OrderedPartialAggregateStream=6077989;RepartitionExec[Merge]=1417863
event	42559	refusal	RepartitionExec[8]	1	528656	3182310	268295635	357	122	1417863		RepartitionExec=260799783;OrderedPartialAggregateStream=6077989;RepartitionExec[Merge]=1417863
event	42570	refusal	RepartitionExec[39]	1	548246	2140412	268295635	357	122	1417863		RepartitionExec=260799783;OrderedPartialAggregateStream=6077989;RepartitionExec[Merge]=1417863
event	42583	refusal	RepartitionExec[3]	1	869489	4894023	268295635	357	122	1417863		RepartitionExec=260799783;OrderedPartialAggregateStream=6077989;RepartitionExec[Merge]=1417863
event	42625	refusal	RepartitionExec[1]	1	466869	5348372	268295635	357	122	1417863		RepartitionExec=260799783;OrderedPartialAggregateStream=6077989;RepartitionExec[Merge]=1417863
event	42639	refusal	RepartitionExec[85]	1	723149	1417263	268295635	357	122	1417863		RepartitionExec=260799783;OrderedPartialAggregateStream=6077989;RepartitionExec[Merge]=1417863
event	42691	refusal	RepartitionExec[1]	1	597480	5348372	268295635	357	122	1417863		RepartitionExec=260799783;OrderedPartialAggregateStream=6077989;RepartitionExec[Merge]=1417863
event	42698	refusal	RepartitionExec[1]	1	667490	5348372	268295635	357	122	1417863		RepartitionExec=260799783;OrderedPartialAggregateStream=6077989;RepartitionExec[Merge]=1417863
event	42729	refusal	RepartitionExec[1]	1	642430	5348372	268295635	357	122	1417863		RepartitionExec=260799783;OrderedPartialAggregateStream=6077989;RepartitionExec[Merge]=1417863
event	42760	refusal	RepartitionExec[3]	1	483287	4894023	268295635	357	122	1417863		RepartitionExec=260799783;OrderedPartialAggregateStream=6077989;RepartitionExec[Merge]=1417863
event	42763	refusal	RepartitionExec[8]	1	503636	3182310	268295635	357	122	1417863		RepartitionExec=260799783;OrderedPartialAggregateStream=6077989;RepartitionExec[Merge]=1417863
event	42792	refusal	RepartitionExec[11]	1	460919	2688658	268295635	357	122	1417863		RepartitionExec=260799783;OrderedPartialAggregateStream=6077989;RepartitionExec[Merge]=1417863
event	42832	refusal	RepartitionExec[2]	1	642430	5422679	268295635	357	122	1417863		RepartitionExec=260799783;OrderedPartialAggregateStream=6077989;RepartitionExec[Merge]=1417863
event	42858	refusal	RepartitionExec[11]	1	577943	2688658	268295635	357	122	1417863		RepartitionExec=260799783;OrderedPartialAggregateStream=6077989;RepartitionExec[Merge]=1417863
event	42864	refusal	RepartitionExec[4]	1	605492	4894023	268295635	357	122	1417863		RepartitionExec=260799783;OrderedPartialAggregateStream=6077989;RepartitionExec[Merge]=1417863
event	42878	refusal	RepartitionExec[12]	1	460919	2688658	268295635	357	122	1417863		RepartitionExec=260799783;OrderedPartialAggregateStream=6077989;RepartitionExec[Merge]=1417863
event	42904	refusal	RepartitionExec[1]	1	940338	5348372	268295635	357	122	1417863		RepartitionExec=260799783;OrderedPartialAggregateStream=6077989;RepartitionExec[Merge]=1417863
event	42941	refusal	RepartitionExec[3]	1	642430	4894023	268295635	357	122	1417863		RepartitionExec=260799783;OrderedPartialAggregateStream=6077989;RepartitionExec[Merge]=1417863
event	42960	refusal	RepartitionExec[12]	1	577943	2688658	268295635	357	122	1417863		RepartitionExec=260799783;OrderedPartialAggregateStream=6077989;RepartitionExec[Merge]=1417863
event	42962	refusal	RepartitionExec[13]	1	460919	2688658	268295635	357	122	1417863		RepartitionExec=260799783;OrderedPartialAggregateStream=6077989;RepartitionExec[Merge]=1417863
event	42986	refusal	RepartitionExec[2]	1	466869	5422679	268295635	357	122	1417863		RepartitionExec=260799783;OrderedPartialAggregateStream=6077989;RepartitionExec[Merge]=1417863
event	43008	refusal	RepartitionExec[86]	1	723149	1417263	268295635	357	122	1417863		RepartitionExec=260799783;OrderedPartialAggregateStream=6077989;RepartitionExec[Merge]=1417863
event	43027	refusal	RepartitionExec[4]	1	642430	4894023	268295635	357	122	1417863		RepartitionExec=260799783;OrderedPartialAggregateStream=6077989;RepartitionExec[Merge]=1417863
event	43044	refusal	RepartitionExec[14]	1	460919	2688658	268295635	357	122	1417863		RepartitionExec=260799783;OrderedPartialAggregateStream=6077989;RepartitionExec[Merge]=1417863
event	43091	refusal	RepartitionExec[8]	1	672851	3182310	268295635	357	122	1417863		RepartitionExec=260799783;OrderedPartialAggregateStream=6077989;RepartitionExec[Merge]=1417863
event	43106	refusal	RepartitionExec[5]	1	642430	3760253	268295635	357	122	1417863		RepartitionExec=260799783;OrderedPartialAggregateStream=6077989;RepartitionExec[Merge]=1417863
event	43115	refusal	RepartitionExec[4]	1	483287	4894023	268295635	357	122	1417863		RepartitionExec=260799783;OrderedPartialAggregateStream=6077989;RepartitionExec[Merge]=1417863
event	43144	refusal	RepartitionExec[15]	1	460919	2688658	268295635	357	122	1417863		RepartitionExec=260799783;OrderedPartialAggregateStream=6077989;RepartitionExec[Merge]=1417863
event	43171	refusal	RepartitionExec[9]	1	528656	2688658	268295635	357	122	1417863		RepartitionExec=260799783;OrderedPartialAggregateStream=6077989;RepartitionExec[Merge]=1417863
event	43201	refusal	RepartitionExec[9]	1	672851	2688658	268295635	357	122	1417863		RepartitionExec=260799783;OrderedPartialAggregateStream=6077989;RepartitionExec[Merge]=1417863
event	43217	refusal	RepartitionExec[5]	1	483287	3760253	268295635	357	122	1417863		RepartitionExec=260799783;OrderedPartialAggregateStream=6077989;RepartitionExec[Merge]=1417863
event	43228	refusal	RepartitionExec[4]	1	869489	4894023	268295635	357	122	1417863		RepartitionExec=260799783;OrderedPartialAggregateStream=6077989;RepartitionExec[Merge]=1417863
event	43259	refusal	RepartitionExec[2]	1	940338	5422679	268295635	357	122	1417863		RepartitionExec=260799783;OrderedPartialAggregateStream=6077989;RepartitionExec[Merge]=1417863
event	43273	refusal	RepartitionExec[2]	1	597480	5422679	268295635	357	122	1417863		RepartitionExec=260799783;OrderedPartialAggregateStream=6077989;RepartitionExec[Merge]=1417863
event	43310	refusal	RepartitionExec[13]	1	577943	2688658	268295635	357	122	1417863		RepartitionExec=260799783;OrderedPartialAggregateStream=6077989;RepartitionExec[Merge]=1417863
event	43324	refusal	RepartitionExec[2]	1	667490	5422679	268295635	357	122	1417863		RepartitionExec=260799783;OrderedPartialAggregateStream=6077989;RepartitionExec[Merge]=1417863
event	43330	refusal	RepartitionExec[3]	1	466869	4894023	268295635	357	122	1417863		RepartitionExec=260799783;OrderedPartialAggregateStream=6077989;RepartitionExec[Merge]=1417863
event	43354	refusal	RepartitionExec[87]	1	723149	1417263	268295635	357	122	1417863		RepartitionExec=260799783;OrderedPartialAggregateStream=6077989;RepartitionExec[Merge]=1417863
event	43378	refusal	RepartitionExec[9]	1	503636	2688658	268295635	357	122	1417863		RepartitionExec=260799783;OrderedPartialAggregateStream=6077989;RepartitionExec[Merge]=1417863
event	43400	refusal	RepartitionExec[11]	1	493652	2688658	268295635	357	122	1417863		RepartitionExec=260799783;OrderedPartialAggregateStream=6077989;RepartitionExec[Merge]=1417863
event	43422	refusal	RepartitionExec[40]	1	548246	2140412	268295635	357	122	1417863		RepartitionExec=260799783;OrderedPartialAggregateStream=6077989;RepartitionExec[Merge]=1417863
event	43440	refusal	RepartitionExec[6]	1	642430	3760253	268295635	357	122	1417863		RepartitionExec=260799783;OrderedPartialAggregateStream=6077989;RepartitionExec[Merge]=1417863
event	43464	refusal	RepartitionExec[5]	1	605492	3760253	268295635	357	122	1417863		RepartitionExec=260799783;OrderedPartialAggregateStream=6077989;RepartitionExec[Merge]=1417863
event	43500	refusal	RepartitionExec[16]	1	460919	2688658	268295635	357	122	1417863		RepartitionExec=260799783;OrderedPartialAggregateStream=6077989;RepartitionExec[Merge]=1417863
event	43520	refusal	RepartitionExec[10]	1	528656	2688658	268295635	357	122	1417863		RepartitionExec=260799783;OrderedPartialAggregateStream=6077989;RepartitionExec[Merge]=1417863
event	43548	refusal	RepartitionExec[10]	1	672851	2688658	268295635	357	122	1417863		RepartitionExec=260799783;OrderedPartialAggregateStream=6077989;RepartitionExec[Merge]=1417863
event	43567	refusal	RepartitionExec[6]	1	483287	3760253	268295635	357	122	1417863		RepartitionExec=260799783;OrderedPartialAggregateStream=6077989;RepartitionExec[Merge]=1417863
event	43571	refusal	RepartitionExec[5]	1	869489	3760253	268295635	357	122	1417863		RepartitionExec=260799783;OrderedPartialAggregateStream=6077989;RepartitionExec[Merge]=1417863
event	43610	refusal	RepartitionExec[3]	1	940338	4894023	268295635	357	122	1417863		RepartitionExec=260799783;OrderedPartialAggregateStream=6077989;RepartitionExec[Merge]=1417863
event	43614	refusal	RepartitionExec[3]	1	597480	4894023	268295635	357	122	1417863		RepartitionExec=260799783;OrderedPartialAggregateStream=6077989;RepartitionExec[Merge]=1417863
event	43645	refusal	RepartitionExec[14]	1	577943	2688658	268295635	357	122	1417863		RepartitionExec=260799783;OrderedPartialAggregateStream=6077989;RepartitionExec[Merge]=1417863
event	43660	refusal	RepartitionExec[3]	1	667490	4894023	268295635	357	122	1417863		RepartitionExec=260799783;OrderedPartialAggregateStream=6077989;RepartitionExec[Merge]=1417863
event	43680	refusal	RepartitionExec[4]	1	466869	4894023	268295635	357	122	1417863		RepartitionExec=260799783;OrderedPartialAggregateStream=6077989;RepartitionExec[Merge]=1417863
event	43710	refusal	RepartitionExec[88]	1	723149	1417263	268295635	357	122	1417863		RepartitionExec=260799783;OrderedPartialAggregateStream=6077989;RepartitionExec[Merge]=1417863
event	43735	refusal	RepartitionExec[15]	1	577943	2688658	268295635	357	122	1417863		RepartitionExec=260799783;OrderedPartialAggregateStream=6077989;RepartitionExec[Merge]=1417863
event	43752	refusal	RepartitionExec[12]	1	493652	2688658	268295635	357	122	1417863		RepartitionExec=260799783;OrderedPartialAggregateStream=6077989;RepartitionExec[Merge]=1417863
event	52344	refusal	RepartitionExec[89]	1	723149	1417263	268295635	357	122	1417863		RepartitionExec=260799783;OrderedPartialAggregateStream=6077989;RepartitionExec[Merge]=1417863
event	52349	refusal	RepartitionExec[41]	1	548246	2140412	268295635	357	122	1417863		RepartitionExec=260799783;OrderedPartialAggregateStream=6077989;RepartitionExec[Merge]=1417863
event	52357	refusal	RepartitionExec[6]	1	605492	3760253	268295635	357	122	1417863		RepartitionExec=260799783;OrderedPartialAggregateStream=6077989;RepartitionExec[Merge]=1417863
event	52418	refusal	RepartitionExec[17]	1	460919	2688658	268295635	357	122	1417863		RepartitionExec=260799783;OrderedPartialAggregateStream=6077989;RepartitionExec[Merge]=1417863
event	52434	refusal	RepartitionExec[11]	1	528656	2688658	268295635	357	122	1417863		RepartitionExec=260799783;OrderedPartialAggregateStream=6077989;RepartitionExec[Merge]=1417863
event	52477	refusal	RepartitionExec[11]	1	672851	2688658	268295635	357	122	1417863		RepartitionExec=260799783;OrderedPartialAggregateStream=6077989;RepartitionExec[Merge]=1417863
event	52497	refusal	RepartitionExec[7]	1	483287	3182310	268295635	357	122	1417863		RepartitionExec=260799783;OrderedPartialAggregateStream=6077989;RepartitionExec[Merge]=1417863
event	52498	refusal	RepartitionExec[18]	1	460919	2688658	268295635	357	122	1417863		RepartitionExec=260799783;OrderedPartialAggregateStream=6077989;RepartitionExec[Merge]=1417863
event	52535	refusal	RepartitionExec[4]	1	940338	4894023	268295635	357	122	1417863		RepartitionExec=260799783;OrderedPartialAggregateStream=6077989;RepartitionExec[Merge]=1417863
event	52568	refusal	RepartitionExec[12]	1	672851	2688658	268295635	357	122	1417863		RepartitionExec=260799783;OrderedPartialAggregateStream=6077989;RepartitionExec[Merge]=1417863
event	52626	refusal	RepartitionExec[10]	1	503636	2688658	268295635	357	122	1417863		RepartitionExec=260799783;OrderedPartialAggregateStream=6077989;RepartitionExec[Merge]=1417863
event	52644	refusal	RepartitionExec[4]	1	667490	4894023	268295635	357	122	1417863		RepartitionExec=260799783;OrderedPartialAggregateStream=6077989;RepartitionExec[Merge]=1417863
event	52651	refusal	RepartitionExec[5]	1	466869	3760253	268295635	357	122	1417863		RepartitionExec=260799783;OrderedPartialAggregateStream=6077989;RepartitionExec[Merge]=1417863
event	52676	refusal	RepartitionExec[7]	1	642430	3182310	268295635	357	122	1417863		RepartitionExec=260799783;OrderedPartialAggregateStream=6077989;RepartitionExec[Merge]=1417863
event	52724	refusal	RepartitionExec[16]	1	577943	2688658	268295635	357	122	1417863		RepartitionExec=260799783;OrderedPartialAggregateStream=6077989;RepartitionExec[Merge]=1417863
event	52749	refusal	RepartitionExec[13]	1	493652	2688658	268295635	357	122	1417863		RepartitionExec=260799783;OrderedPartialAggregateStream=6077989;RepartitionExec[Merge]=1417863
event	52769	refusal	RepartitionExec[90]	1	723149	1417263	268295635	357	122	1417863		RepartitionExec=260799783;OrderedPartialAggregateStream=6077989;RepartitionExec[Merge]=1417863
event	52784	refusal	RepartitionExec[42]	1	548246	2140412	268295635	357	122	1417863		RepartitionExec=260799783;OrderedPartialAggregateStream=6077989;RepartitionExec[Merge]=1417863
event	52806	refusal	RepartitionExec[7]	1	605492	3182310	268295635	357	122	1417863		RepartitionExec=260799783;OrderedPartialAggregateStream=6077989;RepartitionExec[Merge]=1417863
event	52834	refusal	RepartitionExec[6]	1	869489	3760253	268295635	357	122	1417863		RepartitionExec=260799783;OrderedPartialAggregateStream=6077989;RepartitionExec[Merge]=1417863
event	52847	refusal	RepartitionExec[91]	1	723149	1417263	268295635	357	122	1417863		RepartitionExec=260799783;OrderedPartialAggregateStream=6077989;RepartitionExec[Merge]=1417863
event	52888	refusal	RepartitionExec[8]	1	605492	3182310	268295635	357	122	1417863		RepartitionExec=260799783;OrderedPartialAggregateStream=6077989;RepartitionExec[Merge]=1417863
event	52927	refusal	RepartitionExec[8]	1	483287	3182310	268295635	357	122	1417863		RepartitionExec=260799783;OrderedPartialAggregateStream=6077989;RepartitionExec[Merge]=1417863
event	52933	refusal	RepartitionExec[19]	1	460919	2688658	268295635	357	122	1417863		RepartitionExec=260799783;OrderedPartialAggregateStream=6077989;RepartitionExec[Merge]=1417863
event	52967	refusal	RepartitionExec[5]	1	940338	3760253	268295635	357	122	1417863		RepartitionExec=260799783;OrderedPartialAggregateStream=6077989;RepartitionExec[Merge]=1417863
event	52999	refusal	RepartitionExec[13]	1	672851	2688658	268295635	357	122	1417863		RepartitionExec=260799783;OrderedPartialAggregateStream=6077989;RepartitionExec[Merge]=1417863
event	53033	refusal	RepartitionExec[11]	1	503636	2688658	268295635	357	122	1417863		RepartitionExec=260799783;OrderedPartialAggregateStream=6077989;RepartitionExec[Merge]=1417863
event	53055	refusal	RepartitionExec[6]	1	940338	3760253	268295635	357	122	1417863		RepartitionExec=260799783;OrderedPartialAggregateStream=6077989;RepartitionExec[Merge]=1417863
event	53081	refusal	RepartitionExec[6]	1	466869	3760253	268295635	357	122	1417863		RepartitionExec=260799783;OrderedPartialAggregateStream=6077989;RepartitionExec[Merge]=1417863
event	53105	refusal	RepartitionExec[8]	1	642430	3182310	268295635	357	122	1417863		RepartitionExec=260799783;OrderedPartialAggregateStream=6077989;RepartitionExec[Merge]=1417863
event	53162	refusal	RepartitionExec[17]	1	577943	2688658	268295635	357	122	1417863		RepartitionExec=260799783;OrderedPartialAggregateStream=6077989;RepartitionExec[Merge]=1417863
event	53183	refusal	RepartitionExec[14]	1	493652	2688658	268295635	357	122	1417863		RepartitionExec=260799783;OrderedPartialAggregateStream=6077989;RepartitionExec[Merge]=1417863
event	53187	refusal	RepartitionExec[9]	1	642430	2688658	268295635	357	122	1417863		RepartitionExec=260799783;OrderedPartialAggregateStream=6077989;RepartitionExec[Merge]=1417863
event	53201	refusal	RepartitionExec[43]	1	548246	2140412	268295635	357	122	1417863		RepartitionExec=260799783;OrderedPartialAggregateStream=6077989;RepartitionExec[Merge]=1417863
event	53279	refusal	RepartitionExec[4]	1	597480	4894023	268295635	357	122	1417863		RepartitionExec=260799783;OrderedPartialAggregateStream=6077989;RepartitionExec[Merge]=1417863
event	53289	refusal	RepartitionExec[7]	1	869489	3182310	268295635	357	122	1417863		RepartitionExec=260799783;OrderedPartialAggregateStream=6077989;RepartitionExec[Merge]=1417863
event	53333	refusal	RepartitionExec[9]	1	605492	2688658	268295635	357	122	1417863		RepartitionExec=260799783;OrderedPartialAggregateStream=6077989;RepartitionExec[Merge]=1417863
event	53361	refusal	RepartitionExec[92]	1	723149	1417263	268295635	357	122	1417863		RepartitionExec=260799783;OrderedPartialAggregateStream=6077989;RepartitionExec[Merge]=1417863
event	53371	refusal	RepartitionExec[9]	1	483287	2688658	268295635	357	122	1417863		RepartitionExec=260799783;OrderedPartialAggregateStream=6077989;RepartitionExec[Merge]=1417863
event	53384	refusal	RepartitionExec[20]	1	460919	2688658	268295635	357	122	1417863		RepartitionExec=260799783;OrderedPartialAggregateStream=6077989;RepartitionExec[Merge]=1417863
event	53413	refusal	RepartitionExec[5]	1	667490	3760253	268295635	357	122	1417863		RepartitionExec=260799783;OrderedPartialAggregateStream=6077989;RepartitionExec[Merge]=1417863
event	53419	refusal	RepartitionExec[14]	1	672851	2688658	268295635	357	122	1417863		RepartitionExec=260799783;OrderedPartialAggregateStream=6077989;RepartitionExec[Merge]=1417863
event	53454	refusal	RepartitionExec[12]	1	503636	2688658	268295635	357	122	1417863		RepartitionExec=260799783;OrderedPartialAggregateStream=6077989;RepartitionExec[Merge]=1417863
event	53481	refusal	RepartitionExec[7]	1	940338	3182310	268295635	357	122	1417863		RepartitionExec=260799783;OrderedPartialAggregateStream=6077989;RepartitionExec[Merge]=1417863
event	53489	refusal	RepartitionExec[15]	1	672851	2688658	268295635	357	122	1417863		RepartitionExec=260799783;OrderedPartialAggregateStream=6077989;RepartitionExec[Merge]=1417863
event	53515	refusal	RepartitionExec[12]	1	528656	2688658	268295635	357	122	1417863		RepartitionExec=260799783;OrderedPartialAggregateStream=6077989;RepartitionExec[Merge]=1417863
event	53566	refusal	RepartitionExec[18]	1	577943	2688658	268295635	357	122	1417863		RepartitionExec=260799783;OrderedPartialAggregateStream=6077989;RepartitionExec[Merge]=1417863
event	53590	refusal	RepartitionExec[15]	1	493652	2688658	268295635	357	122	1417863		RepartitionExec=260799783;OrderedPartialAggregateStream=6077989;RepartitionExec[Merge]=1417863
event	53592	refusal	RepartitionExec[10]	1	642430	2688658	268295635	357	122	1417863		RepartitionExec=260799783;OrderedPartialAggregateStream=6077989;RepartitionExec[Merge]=1417863
event	53632	refusal	RepartitionExec[44]	1	548246	2140412	268295635	357	122	1417863		RepartitionExec=260799783;OrderedPartialAggregateStream=6077989;RepartitionExec[Merge]=1417863
event	53647	refusal	RepartitionExec[19]	1	577943	2688658	268295635	357	122	1417863		RepartitionExec=260799783;OrderedPartialAggregateStream=6077989;RepartitionExec[Merge]=1417863
event	53686	refusal	RepartitionExec[11]	1	642430	2688658	268295635	357	122	1417863		RepartitionExec=260799783;OrderedPartialAggregateStream=6077989;RepartitionExec[Merge]=1417863
event	53689	refusal	RepartitionExec[10]	1	605492	2688658	268295635	357	122	1417863		RepartitionExec=260799783;OrderedPartialAggregateStream=6077989;RepartitionExec[Merge]=1417863
event	53727	refusal	RepartitionExec[45]	1	548246	2140412	268295635	357	122	1417863		RepartitionExec=260799783;OrderedPartialAggregateStream=6077989;RepartitionExec[Merge]=1417863
event	53750	refusal	RepartitionExec[10]	1	483287	2688658	268295635	357	122	1417863		RepartitionExec=260799783;OrderedPartialAggregateStream=6077989;RepartitionExec[Merge]=1417863
event	53787	refusal	RepartitionExec[21]	1	460919	2688658	268295635	357	122	1417863		RepartitionExec=260799783;OrderedPartialAggregateStream=6077989;RepartitionExec[Merge]=1417863
event	53805	refusal	RepartitionExec[6]	1	667490	3760253	268295635	357	122	1417863		RepartitionExec=260799783;OrderedPartialAggregateStream=6077989;RepartitionExec[Merge]=1417863
event	53822	refusal	RepartitionExec[7]	1	466869	3182310	268295635	357	122	1417863		RepartitionExec=260799783;OrderedPartialAggregateStream=6077989;RepartitionExec[Merge]=1417863
event	53853	refusal	RepartitionExec[13]	1	503636	2688658	268295635	357	122	1417863		RepartitionExec=260799783;OrderedPartialAggregateStream=6077989;RepartitionExec[Merge]=1417863
event	53871	refusal	RepartitionExec[8]	1	940338	3182310	268295635	357	122	1417863		RepartitionExec=260799783;OrderedPartialAggregateStream=6077989;RepartitionExec[Merge]=1417863
event	53898	refusal	RepartitionExec[16]	1	672851	2688658	268295635	357	122	1417863		RepartitionExec=260799783;OrderedPartialAggregateStream=6077989;RepartitionExec[Merge]=1417863
event	53915	refusal	RepartitionExec[13]	1	528656	2688658	268295635	357	122	1417863		RepartitionExec=260799783;OrderedPartialAggregateStream=6077989;RepartitionExec[Merge]=1417863
event	53954	refusal	RepartitionExec[5]	1	597480	3760253	268295635	357	122	1417863		RepartitionExec=260799783;OrderedPartialAggregateStream=6077989;RepartitionExec[Merge]=1417863
event	53970	refusal	RepartitionExec[16]	1	493652	2688658	268295635	357	122	1417863		RepartitionExec=260799783;OrderedPartialAggregateStream=6077989;RepartitionExec[Merge]=1417863
event	53998	refusal	RepartitionExec[14]	1	528656	2688658	268295635	357	122	1417863		RepartitionExec=260799783;OrderedPartialAggregateStream=6077989;RepartitionExec[Merge]=1417863
event	54012	refusal	RepartitionExec[93]	1	723149	1417263	268295635	357	122	1417863		RepartitionExec=260799783;OrderedPartialAggregateStream=6077989;RepartitionExec[Merge]=1417863
event	54047	refusal	RepartitionExec[20]	1	577943	2688658	268295635	357	122	1417863		RepartitionExec=260799783;OrderedPartialAggregateStream=6077989;RepartitionExec[Merge]=1417863
event	54084	refusal	RepartitionExec[12]	1	642430	2688658	268295635	357	122	1417863		RepartitionExec=260799783;OrderedPartialAggregateStream=6077989;RepartitionExec[Merge]=1417863
event	54104	refusal	RepartitionExec[11]	1	605492	2688658	268295635	357	122	1417863		RepartitionExec=260799783;OrderedPartialAggregateStream=6077989;RepartitionExec[Merge]=1417863
event	54131	refusal	RepartitionExec[46]	1	548246	2140412	268295635	357	122	1417863		RepartitionExec=260799783;OrderedPartialAggregateStream=6077989;RepartitionExec[Merge]=1417863
event	54164	refusal	RepartitionExec[11]	1	483287	2688658	268295635	357	122	1417863		RepartitionExec=260799783;OrderedPartialAggregateStream=6077989;RepartitionExec[Merge]=1417863
event	54183	refusal	RepartitionExec[12]	1	605492	2688658	268295635	357	122	1417863		RepartitionExec=260799783;OrderedPartialAggregateStream=6077989;RepartitionExec[Merge]=1417863
event	54208	refusal	RepartitionExec[7]	1	667490	3182310	268295635	357	122	1417863		RepartitionExec=260799783;OrderedPartialAggregateStream=6077989;RepartitionExec[Merge]=1417863
event	54243	refusal	RepartitionExec[8]	1	466869	3182310	268295635	357	122	1417863		RepartitionExec=260799783;OrderedPartialAggregateStream=6077989;RepartitionExec[Merge]=1417863
event	54283	refusal	RepartitionExec[14]	1	503636	2688658	268295635	357	122	1417863		RepartitionExec=260799783;OrderedPartialAggregateStream=6077989;RepartitionExec[Merge]=1417863
event	54297	refusal	RepartitionExec[9]	1	940338	2688658	268295635	357	122	1417863		RepartitionExec=260799783;OrderedPartialAggregateStream=6077989;RepartitionExec[Merge]=1417863
event	54323	refusal	RepartitionExec[17]	1	672851	2688658	268295635	357	122	1417863		RepartitionExec=260799783;OrderedPartialAggregateStream=6077989;RepartitionExec[Merge]=1417863
event	54351	refusal	RepartitionExec[8]	1	869489	3182310	268295635	357	122	1417863		RepartitionExec=260799783;OrderedPartialAggregateStream=6077989;RepartitionExec[Merge]=1417863
event	54362	refusal	RepartitionExec[15]	1	503636	2688658	268295635	357	122	1417863		RepartitionExec=260799783;OrderedPartialAggregateStream=6077989;RepartitionExec[Merge]=1417863
event	54394	refusal	RepartitionExec[17]	1	493652	2688658	268295635	357	122	1417863		RepartitionExec=260799783;OrderedPartialAggregateStream=6077989;RepartitionExec[Merge]=1417863
event	54431	refusal	RepartitionExec[15]	1	528656	2688658	268295635	357	122	1417863		RepartitionExec=260799783;OrderedPartialAggregateStream=6077989;RepartitionExec[Merge]=1417863
event	54462	refusal	RepartitionExec[94]	1	723149	1417263	268295635	357	122	1417863		RepartitionExec=260799783;OrderedPartialAggregateStream=6077989;RepartitionExec[Merge]=1417863
event	120216	refusal	RepartitionExec[1]	1	468443	5348372	268398380	353	122	1417863		RepartitionExec=266969805;RepartitionExec[Merge]=1417863;OrderedPartialAggregateStream=10712
event	120231	refusal	RepartitionExec[119]	1	466869	0	268398380	353	122	1417863		RepartitionExec=266969805;RepartitionExec[Merge]=1417863;OrderedPartialAggregateStream=10712
event	120245	refusal	RepartitionExec[2]	1	918986	5422679	268398380	353	122	1417863		RepartitionExec=266969805;RepartitionExec[Merge]=1417863;OrderedPartialAggregateStream=10712
event	120274	refusal	RepartitionExec[13]	1	468104	2688658	268398380	353	122	1417863		RepartitionExec=266969805;RepartitionExec[Merge]=1417863;OrderedPartialAggregateStream=10712
event	120294	refusal	RepartitionExec[4]	1	627822	4894023	268398380	353	122	1417863		RepartitionExec=266969805;RepartitionExec[Merge]=1417863;OrderedPartialAggregateStream=10712
event	120334	refusal	RepartitionExec[10]	1	595570	2688658	268398380	353	122	1417863		RepartitionExec=266969805;RepartitionExec[Merge]=1417863;OrderedPartialAggregateStream=10712
event	120346	refusal	OrderedPartialAggregateStream[112]	1	4609522	0	268398380	353	122	1417863		RepartitionExec=266969805;RepartitionExec[Merge]=1417863;OrderedPartialAggregateStream=10712
event	120382	refusal	RepartitionExec[89]	1	883589	1417263	268398380	353	122	1417863		RepartitionExec=266969805;RepartitionExec[Merge]=1417863;OrderedPartialAggregateStream=10712
event	120383	refusal	RepartitionExec[119]	1	940338	0	268398380	353	122	1417863		RepartitionExec=266969805;RepartitionExec[Merge]=1417863;OrderedPartialAggregateStream=10712
event	120427	refusal	RepartitionExec[42]	1	620067	2140412	268398380	353	122	1417863		RepartitionExec=266969805;RepartitionExec[Merge]=1417863;OrderedPartialAggregateStream=10712
event	120446	refusal	RepartitionExec[10]	1	981017	2688658	268398380	353	122	1417863		RepartitionExec=266969805;RepartitionExec[Merge]=1417863;OrderedPartialAggregateStream=10712
event	120458	refusal	RepartitionExec[28]	1	625349	2688658	268398380	353	122	1417863		RepartitionExec=266969805;RepartitionExec[Merge]=1417863;OrderedPartialAggregateStream=10712
event	120479	refusal	OrderedPartialAggregateStream[9]	1	3871003	0	268398380	353	122	1417863		RepartitionExec=266969805;RepartitionExec[Merge]=1417863;OrderedPartialAggregateStream=10712
event	120483	refusal	RepartitionExec[22]	1	469678	2688658	268398380	353	122	1417863		RepartitionExec=266969805;RepartitionExec[Merge]=1417863;OrderedPartialAggregateStream=10712
event	120531	refusal	RepartitionExec[11]	1	1036304	2688658	268398380	353	122	1417863		RepartitionExec=266969805;RepartitionExec[Merge]=1417863;OrderedPartialAggregateStream=10712
event	120550	refusal	RepartitionExec[2]	1	468443	5422679	268398380	353	122	1417863		RepartitionExec=266969805;RepartitionExec[Merge]=1417863;OrderedPartialAggregateStream=10712
event	120561	refusal	RepartitionExec[23]	1	469678	2688658	268398380	353	122	1417863		RepartitionExec=266969805;RepartitionExec[Merge]=1417863;OrderedPartialAggregateStream=10712
event	120593	refusal	RepartitionExec[3]	1	918986	4894023	268398380	353	122	1417863		RepartitionExec=266969805;RepartitionExec[Merge]=1417863;OrderedPartialAggregateStream=10712
event	120613	refusal	RepartitionExec[12]	1	1036304	2688658	268398380	353	122	1417863		RepartitionExec=266969805;RepartitionExec[Merge]=1417863;OrderedPartialAggregateStream=10712
event	120630	refusal	RepartitionExec[5]	1	627822	3760253	268398380	353	122	1417863		RepartitionExec=266969805;RepartitionExec[Merge]=1417863;OrderedPartialAggregateStream=10712
event	120669	refusal	RepartitionExec[11]	1	595570	2688658	268398380	353	122	1417863		RepartitionExec=266969805;RepartitionExec[Merge]=1417863;OrderedPartialAggregateStream=10712
event	120722	refusal	RepartitionExec[90]	1	883589	1878182	268398380	353	122	1417863		RepartitionExec=266969805;RepartitionExec[Merge]=1417863;OrderedPartialAggregateStream=10712
event	120755	refusal	RepartitionExec[43]	1	620067	2140412	268397556	352	122	1417863		RepartitionExec=266969805;RepartitionExec[Merge]=1417863;OrderedPartialAggregateStream=9888
event	120782	refusal	RepartitionExec[11]	1	981017	2688658	268397556	352	122	1417863		RepartitionExec=266969805;RepartitionExec[Merge]=1417863;OrderedPartialAggregateStream=9888
event	120790	refusal	RepartitionExec[29]	1	625349	2688658	268397556	352	122	1417863		RepartitionExec=266969805;RepartitionExec[Merge]=1417863;OrderedPartialAggregateStream=9888
event	120860	refusal	RepartitionExec[14]	1	468104	2747354	268396732	351	122	1417863		RepartitionExec=266969805;RepartitionExec[Merge]=1417863;OrderedPartialAggregateStream=9064
event	120865	refusal	RepartitionExec[30]	1	625349	2688658	268396732	351	122	1417863		RepartitionExec=266969805;RepartitionExec[Merge]=1417863;OrderedPartialAggregateStream=9064
event	120894	refusal	OrderedPartialAggregateStream[0]	1	4609387	0	268396732	351	122	1417863		RepartitionExec=266969805;RepartitionExec[Merge]=1417863;OrderedPartialAggregateStream=9064
event	120898	refusal	RepartitionExec[24]	1	469678	2688658	268396732	351	122	1417863		RepartitionExec=266969805;RepartitionExec[Merge]=1417863;OrderedPartialAggregateStream=9064
event	120918	refusal	RepartitionExec[4]	1	918986	4894023	268396732	351	122	1417863		RepartitionExec=266969805;RepartitionExec[Merge]=1417863;OrderedPartialAggregateStream=9064
event	120935	refusal	RepartitionExec[31]	1	625349	2804698	268396732	351	122	1417863		RepartitionExec=266969805;RepartitionExec[Merge]=1417863;OrderedPartialAggregateStream=9064
event	120991	refusal	RepartitionExec[6]	1	627822	3760253	268396732	351	122	1417863		RepartitionExec=266969805;RepartitionExec[Merge]=1417863;OrderedPartialAggregateStream=9064
event	120992	refusal	RepartitionExec[5]	1	918986	3760253	268396732	351	122	1417863		RepartitionExec=266969805;RepartitionExec[Merge]=1417863;OrderedPartialAggregateStream=9064
event	121004	refusal	RepartitionExec[32]	1	625349	2688658	268396732	351	122	1417863		RepartitionExec=266969805;RepartitionExec[Merge]=1417863;OrderedPartialAggregateStream=9064
event	121056	refusal	RepartitionExec[44]	1	620067	2140412	268396732	351	122	1417863		RepartitionExec=266969805;RepartitionExec[Merge]=1417863;OrderedPartialAggregateStream=9064
event	121075	refusal	RepartitionExec[33]	1	625349	2688658	268396732	351	122	1417863		RepartitionExec=266969805;RepartitionExec[Merge]=1417863;OrderedPartialAggregateStream=9064
event	121079	refusal	RepartitionExec[12]	1	981017	2688658	268396732	351	122	1417863		RepartitionExec=266969805;RepartitionExec[Merge]=1417863;OrderedPartialAggregateStream=9064
event	121120	refusal	RepartitionExec[15]	1	468104	3314007	268396732	351	122	1417863		RepartitionExec=266969805;RepartitionExec[Merge]=1417863;OrderedPartialAggregateStream=9064
event	121167	refusal	RepartitionExec[25]	1	469678	2688658	268396732	351	122	1417863		RepartitionExec=266969805;RepartitionExec[Merge]=1417863;OrderedPartialAggregateStream=9064
event	121183	refusal	RepartitionExec[13]	1	1036304	2688658	268396732	351	122	1417863		RepartitionExec=266969805;RepartitionExec[Merge]=1417863;OrderedPartialAggregateStream=9064
event	121194	refusal	RepartitionExec[12]	1	595570	2688658	268396732	351	122	1417863		RepartitionExec=266969805;RepartitionExec[Merge]=1417863;OrderedPartialAggregateStream=9064
event	121260	refusal	RepartitionExec[91]	1	883589	1417263	268396732	351	122	1417863		RepartitionExec=266969805;RepartitionExec[Merge]=1417863;OrderedPartialAggregateStream=9064
event	121298	refusal	RepartitionExec[7]	1	627822	3651988	268396732	351	122	1417863		RepartitionExec=266969805;RepartitionExec[Merge]=1417863;OrderedPartialAggregateStream=9064
event	121301	refusal	RepartitionExec[6]	1	918986	3760253	268396732	351	122	1417863		RepartitionExec=266969805;RepartitionExec[Merge]=1417863;OrderedPartialAggregateStream=9064
event	121339	refusal	RepartitionExec[3]	1	468443	4894023	268396732	351	122	1417863		RepartitionExec=266969805;RepartitionExec[Merge]=1417863;OrderedPartialAggregateStream=9064
event	121346	refusal	OrderedPartialAggregateStream[112]	1	1037128	0	268396732	351	122	1417863		RepartitionExec=266969805;RepartitionExec[Merge]=1417863;OrderedPartialAggregateStream=9064
event	121364	refusal	RepartitionExec[45]	1	620067	2140412	268397556	351	122	1417863		RepartitionExec=266969805;RepartitionExec[Merge]=1417863;OrderedPartialAggregateStream=9888
event	121370	refusal	OrderedPartialAggregateStream[9]	1	1036744	0	268397556	351	122	1417863		RepartitionExec=266969805;RepartitionExec[Merge]=1417863;OrderedPartialAggregateStream=9888
event	121390	refusal	RepartitionExec[34]	1	625349	2688658	268398380	351	122	1417863		RepartitionExec=266969805;RepartitionExec[Merge]=1417863;OrderedPartialAggregateStream=10712
event	121410	refusal	RepartitionExec[13]	1	981017	2688658	268398380	351	122	1417863		RepartitionExec=266969805;RepartitionExec[Merge]=1417863;OrderedPartialAggregateStream=10712
event	121470	refusal	RepartitionExec[16]	1	468104	2688658	268398380	351	122	1417863		RepartitionExec=266969805;RepartitionExec[Merge]=1417863;OrderedPartialAggregateStream=10712
event	121478	refusal	RepartitionExec[26]	1	469678	2688658	268398380	351	122	1417863		RepartitionExec=266969805;RepartitionExec[Merge]=1417863;OrderedPartialAggregateStream=10712
event	121536	refusal	RepartitionExec[14]	1	1036304	2747354	268398380	351	122	1417863		RepartitionExec=266969805;RepartitionExec[Merge]=1417863;OrderedPartialAggregateStream=10712
event	121543	refusal	RepartitionExec[0]	1	849763	5818050	268398380	351	122	1417863		RepartitionExec=266969805;RepartitionExec[Merge]=1417863;OrderedPartialAggregateStream=10712
event	121555	refusal	RepartitionExec[13]	1	595570	2688658	268398380	351	122	1417863		RepartitionExec=266969805;RepartitionExec[Merge]=1417863;OrderedPartialAggregateStream=10712
event	121563	refusal	RepartitionExec[27]	1	469678	2688658	268398380	351	122	1417863		RepartitionExec=266969805;RepartitionExec[Merge]=1417863;OrderedPartialAggregateStream=10712
event	121568	refusal	RepartitionExec[0]	1	1036304	5818050	268398380	351	122	1417863		RepartitionExec=266969805;RepartitionExec[Merge]=1417863;OrderedPartialAggregateStream=10712
event	121620	refusal	RepartitionExec[8]	1	627822	3182310	268398380	351	122	1417863		RepartitionExec=266969805;RepartitionExec[Merge]=1417863;OrderedPartialAggregateStream=10712
event	121641	refusal	RepartitionExec[28]	1	469678	2688658	268398380	351	122	1417863		RepartitionExec=266969805;RepartitionExec[Merge]=1417863;OrderedPartialAggregateStream=10712
event	121652	refusal	RepartitionExec[15]	1	1036304	3314007	268398380	351	122	1417863		RepartitionExec=266969805;RepartitionExec[Merge]=1417863;OrderedPartialAggregateStream=10712
event	121685	refusal	RepartitionExec[46]	1	620067	2140412	268398380	351	122	1417863		RepartitionExec=266969805;RepartitionExec[Merge]=1417863;OrderedPartialAggregateStream=10712
event	121709	refusal	RepartitionExec[35]	1	625349	2140412	268398380	351	122	1417863		RepartitionExec=266969805;RepartitionExec[Merge]=1417863;OrderedPartialAggregateStream=10712
event	121720	refusal	RepartitionExec[14]	1	981017	2747354	268398380	351	122	1417863		RepartitionExec=266969805;RepartitionExec[Merge]=1417863;OrderedPartialAggregateStream=10712
event	121746	refusal	RepartitionExec[17]	1	468104	2688658	268398380	351	122	1417863		RepartitionExec=266969805;RepartitionExec[Merge]=1417863;OrderedPartialAggregateStream=10712
event	121787	refusal	RepartitionExec[36]	1	625349	2607281	268398380	351	122	1417863		RepartitionExec=266969805;RepartitionExec[Merge]=1417863;OrderedPartialAggregateStream=10712
event	121802	refusal	RepartitionExec[92]	1	883589	1475959	268398380	351	122	1417863		RepartitionExec=266969805;RepartitionExec[Merge]=1417863;OrderedPartialAggregateStream=10712
event	121835	refusal	RepartitionExec[14]	1	595570	2747354	268398380	351	122	1417863		RepartitionExec=266969805;RepartitionExec[Merge]=1417863;OrderedPartialAggregateStream=10712
event	121848	refusal	RepartitionExec[1]	1	849763	5348372	268398380	351	122	1417863		RepartitionExec=266969805;RepartitionExec[Merge]=1417863;OrderedPartialAggregateStream=10712
event	121890	refusal	RepartitionExec[1]	1	1036304	5348372	268398380	351	122	1417863		RepartitionExec=266969805;RepartitionExec[Merge]=1417863;OrderedPartialAggregateStream=10712
event	121931	refusal	RepartitionExec[9]	1	627822	2688658	268398380	351	122	1417863		RepartitionExec=266969805;RepartitionExec[Merge]=1417863;OrderedPartialAggregateStream=10712
event	121946	refusal	RepartitionExec[4]	1	468443	4894023	268398380	351	122	1417863		RepartitionExec=266969805;RepartitionExec[Merge]=1417863;OrderedPartialAggregateStream=10712
event	121969	refusal	RepartitionExec[29]	1	469678	2688658	268398380	351	122	1417863		RepartitionExec=266969805;RepartitionExec[Merge]=1417863;OrderedPartialAggregateStream=10712
event	122025	refusal	RepartitionExec[16]	1	1036304	2688658	268398380	351	122	1417863		RepartitionExec=266969805;RepartitionExec[Merge]=1417863;OrderedPartialAggregateStream=10712
event	122035	refusal	RepartitionExec[47]	1	620067	2140412	268398380	351	122	1417863		RepartitionExec=266969805;RepartitionExec[Merge]=1417863;OrderedPartialAggregateStream=10712
event	122055	refusal	RepartitionExec[7]	1	918986	3651988	268398380	351	122	1417863		RepartitionExec=266969805;RepartitionExec[Merge]=1417863;OrderedPartialAggregateStream=10712
event	122079	refusal	RepartitionExec[15]	1	981017	3314007	268398380	351	122	1417863		RepartitionExec=266969805;RepartitionExec[Merge]=1417863;OrderedPartialAggregateStream=10712
event	122094	refusal	RepartitionExec[18]	1	468104	2688658	268398380	351	122	1417863		RepartitionExec=266969805;RepartitionExec[Merge]=1417863;OrderedPartialAggregateStream=10712
event	122123	refusal	RepartitionExec[37]	1	625349	2140412	268398380	351	122	1417863		RepartitionExec=266969805;RepartitionExec[Merge]=1417863;OrderedPartialAggregateStream=10712
event	122161	refusal	RepartitionExec[93]	1	883589	1417263	268398380	351	122	1417863		RepartitionExec=266969805;RepartitionExec[Merge]=1417863;OrderedPartialAggregateStream=10712
event	122162	refusal	RepartitionExec[15]	1	595570	3314007	268398380	351	122	1417863		RepartitionExec=266969805;RepartitionExec[Merge]=1417863;OrderedPartialAggregateStream=10712
event	122221	refusal	RepartitionExec[2]	1	849763	5422679	268398380	351	122	1417863		RepartitionExec=266969805;RepartitionExec[Merge]=1417863;OrderedPartialAggregateStream=10712
event	122225	refusal	RepartitionExec[2]	1	1036304	5422679	268398380	351	122	1417863		RepartitionExec=266969805;RepartitionExec[Merge]=1417863;OrderedPartialAggregateStream=10712
event	122231	refusal	OrderedPartialAggregateStream[0]	1	1037128	0	268398380	351	122	1417863		RepartitionExec=266969805;RepartitionExec[Merge]=1417863;OrderedPartialAggregateStream=10712
event	122270	refusal	RepartitionExec[94]	1	883589	1417263	268399204	351	122	1417863		RepartitionExec=266969805;RepartitionExec[Merge]=1417863;OrderedPartialAggregateStream=11536
event	122302	refusal	RepartitionExec[5]	1	468443	3760253	268399204	351	122	1417863		RepartitionExec=266969805;RepartitionExec[Merge]=1417863;OrderedPartialAggregateStream=11536
event	122313	refusal	RepartitionExec[3]	1	849763	4894023	268399204	351	122	1417863		RepartitionExec=266969805;RepartitionExec[Merge]=1417863;OrderedPartialAggregateStream=11536
event	122371	refusal	RepartitionExec[17]	1	1036304	2688658	268399204	351	122	1417863		RepartitionExec=266969805;RepartitionExec[Merge]=1417863;OrderedPartialAggregateStream=11536
event	122376	refusal	RepartitionExec[48]	1	620067	2140412	268399204	351	122	1417863		RepartitionExec=266969805;RepartitionExec[Merge]=1417863;OrderedPartialAggregateStream=11536
event	122389	refusal	RepartitionExec[8]	1	918986	3182310	268399204	351	122	1417863		RepartitionExec=266969805;RepartitionExec[Merge]=1417863;OrderedPartialAggregateStream=11536
event	122405	refusal	RepartitionExec[16]	1	981017	2688658	268399204	351	122	1417863		RepartitionExec=266969805;RepartitionExec[Merge]=1417863;OrderedPartialAggregateStream=11536
event	122427	refusal	RepartitionExec[19]	1	468104	2688658	268399204	351	122	1417863		RepartitionExec=266969805;RepartitionExec[Merge]=1417863;OrderedPartialAggregateStream=11536
event	122453	refusal	RepartitionExec[38]	1	625349	2140412	268399204	351	122	1417863		RepartitionExec=266969805;RepartitionExec[Merge]=1417863;OrderedPartialAggregateStream=11536
event	122462	refusal	RepartitionExec[0]	1	1036304	5818050	268399204	351	122	1417863		RepartitionExec=266969805;RepartitionExec[Merge]=1417863;OrderedPartialAggregateStream=11536
event	122476	refusal	RepartitionExec[16]	1	595570	2688658	268399204	351	122	1417863		RepartitionExec=266969805;RepartitionExec[Merge]=1417863;OrderedPartialAggregateStream=11536
event	122505	refusal	RepartitionExec[10]	1	627822	2688658	268399204	351	122	1417863		RepartitionExec=266969805;RepartitionExec[Merge]=1417863;OrderedPartialAggregateStream=11536
event	122538	refusal	RepartitionExec[30]	1	469678	2688658	268399204	351	122	1417863		RepartitionExec=266969805;RepartitionExec[Merge]=1417863;OrderedPartialAggregateStream=11536
event	122542	refusal	RepartitionExec[17]	1	595570	2688658	268399204	351	122	1417863		RepartitionExec=266969805;RepartitionExec[Merge]=1417863;OrderedPartialAggregateStream=11536
event	122580	refusal	RepartitionExec[95]	1	883589	1417263	268399204	351	122	1417863		RepartitionExec=266969805;RepartitionExec[Merge]=1417863;OrderedPartialAggregateStream=11536
event	122624	refusal	RepartitionExec[6]	1	468443	3760253	268399204	351	122	1417863		RepartitionExec=266969805;RepartitionExec[Merge]=1417863;OrderedPartialAggregateStream=11536
event	122640	refusal	RepartitionExec[4]	1	849763	4894023	268399204	351	122	1417863		RepartitionExec=266969805;RepartitionExec[Merge]=1417863;OrderedPartialAggregateStream=11536
event	122673	refusal	RepartitionExec[18]	1	1036304	2688658	268399204	351	122	1417863		RepartitionExec=266969805;RepartitionExec[Merge]=1417863;OrderedPartialAggregateStream=11536
event	122685	refusal	RepartitionExec[49]	1	620067	2140412	268399204	351	122	1417863		RepartitionExec=266969805;RepartitionExec[Merge]=1417863;OrderedPartialAggregateStream=11536
event	122705	refusal	RepartitionExec[9]	1	918986	2688658	268399204	351	122	1417863		RepartitionExec=266969805;RepartitionExec[Merge]=1417863;OrderedPartialAggregateStream=11536
event	122734	refusal	RepartitionExec[17]	1	981017	2688658	268399204	351	122	1417863		RepartitionExec=266969805;RepartitionExec[Merge]=1417863;OrderedPartialAggregateStream=11536
event	122760	refusal	RepartitionExec[20]	1	468104	2688658	268399204	351	122	1417863		RepartitionExec=266969805;RepartitionExec[Merge]=1417863;OrderedPartialAggregateStream=11536
event	122777	refusal	RepartitionExec[10]	1	918986	2688658	268399204	351	122	1417863		RepartitionExec=266969805;RepartitionExec[Merge]=1417863;OrderedPartialAggregateStream=11536
event	122808	refusal	RepartitionExec[1]	1	1036304	5348372	268399204	351	122	1417863		RepartitionExec=266969805;RepartitionExec[Merge]=1417863;OrderedPartialAggregateStream=11536
event	122850	refusal	RepartitionExec[3]	1	1036304	4894023	268399204	351	122	1417863		RepartitionExec=266969805;RepartitionExec[Merge]=1417863;OrderedPartialAggregateStream=11536
event	122851	refusal	RepartitionExec[11]	1	627822	2688658	268399204	351	122	1417863		RepartitionExec=266969805;RepartitionExec[Merge]=1417863;OrderedPartialAggregateStream=11536
event	122909	refusal	RepartitionExec[31]	1	469678	2804698	268399204	351	122	1417863		RepartitionExec=266969805;RepartitionExec[Merge]=1417863;OrderedPartialAggregateStream=11536
event	122913	refusal	RepartitionExec[18]	1	595570	2688658	268399204	351	122	1417863		RepartitionExec=266969805;RepartitionExec[Merge]=1417863;OrderedPartialAggregateStream=11536
event	122940	refusal	RepartitionExec[4]	1	1036304	4894023	268399204	351	122	1417863		RepartitionExec=266969805;RepartitionExec[Merge]=1417863;OrderedPartialAggregateStream=11536
event	122984	refusal	RepartitionExec[7]	1	468443	3651988	268399204	351	122	1417863		RepartitionExec=266969805;RepartitionExec[Merge]=1417863;OrderedPartialAggregateStream=11536
event	122990	refusal	RepartitionExec[5]	1	849763	3760253	268399204	351	122	1417863		RepartitionExec=266969805;RepartitionExec[Merge]=1417863;OrderedPartialAggregateStream=11536
event	123001	refusal	OrderedPartialAggregateStream[80]	1	2203846	0	268399204	351	122	1417863		RepartitionExec=266969805;RepartitionExec[Merge]=1417863;OrderedPartialAggregateStream=11536
event	123006	refusal	RepartitionExec[19]	1	1036304	2688658	268399204	351	122	1417863		RepartitionExec=266969805;RepartitionExec[Merge]=1417863;OrderedPartialAggregateStream=11536
event	123045	refusal	RepartitionExec[50]	1	620067	2140412	268399204	351	122	1417863		RepartitionExec=266969805;RepartitionExec[Merge]=1417863;OrderedPartialAggregateStream=11536
event	123053	refusal	RepartitionExec[39]	1	625349	2140412	268399204	351	122	1417863		RepartitionExec=266969805;RepartitionExec[Merge]=1417863;OrderedPartialAggregateStream=11536
event	123079	refusal	RepartitionExec[18]	1	981017	2688658	268399204	351	122	1417863		RepartitionExec=266969805;RepartitionExec[Merge]=1417863;OrderedPartialAggregateStream=11536
event	123109	refusal	RepartitionExec[21]	1	468104	2688658	268399204	351	122	1417863		RepartitionExec=266969805;RepartitionExec[Merge]=1417863;OrderedPartialAggregateStream=11536
event	123122	refusal	RepartitionExec[40]	1	625349	2140412	268399204	351	122	1417863		RepartitionExec=266969805;RepartitionExec[Merge]=1417863;OrderedPartialAggregateStream=11536
event	123151	refusal	RepartitionExec[2]	1	1036304	5422679	268399204	351	122	1417863		RepartitionExec=266969805;RepartitionExec[Merge]=1417863;OrderedPartialAggregateStream=11536
event	123172	refusal	RepartitionExec[12]	1	627822	2688658	268399204	351	122	1417863		RepartitionExec=266969805;RepartitionExec[Merge]=1417863;OrderedPartialAggregateStream=11536
event	123211	refusal	RepartitionExec[41]	1	625349	2199108	268399204	351	122	1417863		RepartitionExec=266969805;RepartitionExec[Merge]=1417863;OrderedPartialAggregateStream=11536
event	123241	refusal	RepartitionExec[32]	1	469678	2688658	268399204	351	122	1417863		RepartitionExec=266969805;RepartitionExec[Merge]=1417863;OrderedPartialAggregateStream=11536
event	123243	refusal	RepartitionExec[13]	1	627822	2688658	268399204	351	122	1417863		RepartitionExec=266969805;RepartitionExec[Merge]=1417863;OrderedPartialAggregateStream=11536
event	123280	refusal	RepartitionExec[5]	1	1036304	3760253	268399204	351	122	1417863		RepartitionExec=266969805;RepartitionExec[Merge]=1417863;OrderedPartialAggregateStream=11536
event	123335	refusal	RepartitionExec[8]	1	468443	3182310	268399204	351	122	1417863		RepartitionExec=266969805;RepartitionExec[Merge]=1417863;OrderedPartialAggregateStream=11536
event	123341	refusal	RepartitionExec[6]	1	849763	3760253	268399204	351	122	1417863		RepartitionExec=266969805;RepartitionExec[Merge]=1417863;OrderedPartialAggregateStream=11536
event	123362	refusal	RepartitionExec[20]	1	1036304	2688658	268399204	351	122	1417863		RepartitionExec=266969805;RepartitionExec[Merge]=1417863;OrderedPartialAggregateStream=11536
event	123388	refusal	RepartitionExec[51]	1	620067	2140412	268399204	351	122	1417863		RepartitionExec=266969805;RepartitionExec[Merge]=1417863;OrderedPartialAggregateStream=11536
event	123415	refusal	RepartitionExec[11]	1	918986	2688658	268399204	351	122	1417863		RepartitionExec=266969805;RepartitionExec[Merge]=1417863;OrderedPartialAggregateStream=11536
event	123466	refusal	RepartitionExec[19]	1	981017	2688658	268399204	351	122	1417863		RepartitionExec=266969805;RepartitionExec[Merge]=1417863;OrderedPartialAggregateStream=11536
event	123471	refusal	RepartitionExec[52]	1	620067	2140412	268399204	351	122	1417863		RepartitionExec=266969805;RepartitionExec[Merge]=1417863;OrderedPartialAggregateStream=11536
event	123514	refusal	RepartitionExec[96]	1	883589	1417263	268399204	351	122	1417863		RepartitionExec=266969805;RepartitionExec[Merge]=1417863;OrderedPartialAggregateStream=11536
event	123527	refusal	OrderedPartialAggregateStream[80]	1	519496	0	268399204	351	122	1417863		RepartitionExec=266969805;RepartitionExec[Merge]=1417863;OrderedPartialAggregateStream=11536
event	123531	refusal	RepartitionExec[3]	1	1036304	4894023	268400028	351	122	1417863		RepartitionExec=266969805;RepartitionExec[Merge]=1417863;OrderedPartialAggregateStream=12360
event	123554	refusal	RepartitionExec[20]	1	981017	2688658	268400028	351	122	1417863		RepartitionExec=266969805;RepartitionExec[Merge]=1417863;OrderedPartialAggregateStream=12360
event	123599	refusal	RepartitionExec[42]	1	625349	2140412	268400028	351	122	1417863		RepartitionExec=266969805;RepartitionExec[Merge]=1417863;OrderedPartialAggregateStream=12360
event	123623	refusal	OrderedPartialAggregateStream[107]	1	3578026	0	268400028	351	122	1417863		RepartitionExec=266969805;RepartitionExec[Merge]=1417863;OrderedPartialAggregateStream=12360
event	123628	refusal	RepartitionExec[33]	1	469678	2688658	268400028	351	122	1417863		RepartitionExec=266969805;RepartitionExec[Merge]=1417863;OrderedPartialAggregateStream=12360
event	123640	refusal	RepartitionExec[0]	1	505187	5818050	268400028	351	122	1417863		RepartitionExec=266969805;RepartitionExec[Merge]=1417863;OrderedPartialAggregateStream=12360
event	123641	refusal	RepartitionExec[14]	1	627822	2747354	268400028	351	122	1417863		RepartitionExec=266969805;RepartitionExec[Merge]=1417863;OrderedPartialAggregateStream=12360
event	123665	refusal	RepartitionExec[6]	1	1036304	3760253	268400028	351	122	1417863		RepartitionExec=266969805;RepartitionExec[Merge]=1417863;OrderedPartialAggregateStream=12360
event	123705	refusal	RepartitionExec[9]	1	468443	2688658	268400028	351	122	1417863		RepartitionExec=266969805;RepartitionExec[Merge]=1417863;OrderedPartialAggregateStream=12360
event	123741	refusal	RepartitionExec[7]	1	849763	3651988	268400028	351	122	1417863		RepartitionExec=266969805;RepartitionExec[Merge]=1417863;OrderedPartialAggregateStream=12360
event	123770	refusal	RepartitionExec[21]	1	1036304	2688658	268400028	351	122	1417863		RepartitionExec=266969805;RepartitionExec[Merge]=1417863;OrderedPartialAggregateStream=12360
event	123784	refusal	RepartitionExec[22]	1	468104	2688658	268400028	351	122	1417863		RepartitionExec=266969805;RepartitionExec[Merge]=1417863;OrderedPartialAggregateStream=12360
event	123794	refusal	RepartitionExec[12]	1	918986	2688658	268400028	351	122	1417863		RepartitionExec=266969805;RepartitionExec[Merge]=1417863;OrderedPartialAggregateStream=12360
event	123819	refusal	RepartitionExec[8]	1	849763	3182310	268400028	351	122	1417863		RepartitionExec=266969805;RepartitionExec[Merge]=1417863;OrderedPartialAggregateStream=12360
event	123854	refusal	RepartitionExec[53]	1	620067	2140412	268400028	351	122	1417863		RepartitionExec=266969805;RepartitionExec[Merge]=1417863;OrderedPartialAggregateStream=12360
event	123874	refusal	RepartitionExec[97]	1	883589	1417263	268400028	351	122	1417863		RepartitionExec=266969805;RepartitionExec[Merge]=1417863;OrderedPartialAggregateStream=12360
event	123894	refusal	RepartitionExec[4]	1	1036304	4894023	268400028	351	122	1417863		RepartitionExec=266969805;RepartitionExec[Merge]=1417863;OrderedPartialAggregateStream=12360
event	123925	refusal	RepartitionExec[21]	1	981017	2688658	268400028	351	122	1417863		RepartitionExec=266969805;RepartitionExec[Merge]=1417863;OrderedPartialAggregateStream=12360
event	123946	refusal	RepartitionExec[43]	1	625349	2140412	268400028	351	122	1417863		RepartitionExec=266969805;RepartitionExec[Merge]=1417863;OrderedPartialAggregateStream=12360
event	123968	refusal	RepartitionExec[34]	1	469678	2688658	268400028	351	122	1417863		RepartitionExec=266969805;RepartitionExec[Merge]=1417863;OrderedPartialAggregateStream=12360
event	124008	refusal	RepartitionExec[1]	1	505187	5348372	268400028	351	122	1417863		RepartitionExec=266969805;RepartitionExec[Merge]=1417863;OrderedPartialAggregateStream=12360
event	124025	refusal	RepartitionExec[44]	1	625349	2140412	268400028	351	122	1417863		RepartitionExec=266969805;RepartitionExec[Merge]=1417863;OrderedPartialAggregateStream=12360
event	124049	refusal	RepartitionExec[35]	1	469678	2140412	268400028	351	122	1417863		RepartitionExec=266969805;RepartitionExec[Merge]=1417863;OrderedPartialAggregateStream=12360
event	124074	refusal	RepartitionExec[10]	1	468443	2688658	268400028	351	122	1417863		RepartitionExec=266969805;RepartitionExec[Merge]=1417863;OrderedPartialAggregateStream=12360
event	124116	refusal	RepartitionExec[19]	1	595570	2688658	268400028	351	122	1417863		RepartitionExec=266969805;RepartitionExec[Merge]=1417863;OrderedPartialAggregateStream=12360
event	124143	refusal	RepartitionExec[11]	1	468443	2688658	268400028	351	122	1417863		RepartitionExec=266969805;RepartitionExec[Merge]=1417863;OrderedPartialAggregateStream=12360
event	124154	refusal	RepartitionExec[36]	1	469678	2607281	268400028	351	122	1417863		RepartitionExec=266969805;RepartitionExec[Merge]=1417863;OrderedPartialAggregateStream=12360
event	124176	refusal	RepartitionExec[13]	1	918986	2688658	268400028	351	122	1417863		RepartitionExec=266969805;RepartitionExec[Merge]=1417863;OrderedPartialAggregateStream=12360
event	124228	refusal	RepartitionExec[9]	1	849763	2688658	268400028	351	122	1417863		RepartitionExec=266969805;RepartitionExec[Merge]=1417863;OrderedPartialAggregateStream=12360
event	124253	refusal	RepartitionExec[37]	1	469678	2140412	268400028	351	122	1417863		RepartitionExec=266969805;RepartitionExec[Merge]=1417863;OrderedPartialAggregateStream=12360
event	124270	refusal	RepartitionExec[98]	1	883589	1417263	268400028	351	122	1417863		RepartitionExec=266969805;RepartitionExec[Merge]=1417863;OrderedPartialAggregateStream=12360
event	124304	refusal	RepartitionExec[5]	1	1036304	3760253	268400028	351	122	1417863		RepartitionExec=266969805;RepartitionExec[Merge]=1417863;OrderedPartialAggregateStream=12360
event	124333	refusal	RepartitionExec[22]	1	981017	2688658	268400028	351	122	1417863		RepartitionExec=266969805;RepartitionExec[Merge]=1417863;OrderedPartialAggregateStream=12360
event	124351	refusal	RepartitionExec[15]	1	627822	3314007	268400028	351	122	1417863		RepartitionExec=266969805;RepartitionExec[Merge]=1417863;OrderedPartialAggregateStream=12360
event	124374	refusal	OrderedPartialAggregateStream[107]	1	1036488	0	268400028	351	122	1417863		RepartitionExec=266969805;RepartitionExec[Merge]=1417863;OrderedPartialAggregateStream=12360
event	124384	refusal	RepartitionExec[7]	1	1036304	3651988	268400852	351	122	1417863		RepartitionExec=266969805;RepartitionExec[Merge]=1417863;OrderedPartialAggregateStream=13184
event	124402	refusal	RepartitionExec[2]	1	505187	5422679	268400852	351	122	1417863		RepartitionExec=266969805;RepartitionExec[Merge]=1417863;OrderedPartialAggregateStream=13184
event	124430	refusal	RepartitionExec[45]	1	625349	2140412	268400852	351	122	1417863		RepartitionExec=266969805;RepartitionExec[Merge]=1417863;OrderedPartialAggregateStream=13184
event	124464	refusal	RepartitionExec[22]	1	1036304	2688658	268400852	351	122	1417863		RepartitionExec=266969805;RepartitionExec[Merge]=1417863;OrderedPartialAggregateStream=13184
event	124482	refusal	RepartitionExec[3]	1	505187	4894023	268400852	351	122	1417863		RepartitionExec=266969805;RepartitionExec[Merge]=1417863;OrderedPartialAggregateStream=13184
event	124498	refusal	RepartitionExec[20]	1	595570	2688658	268400852	351	122	1417863		RepartitionExec=266969805;RepartitionExec[Merge]=1417863;OrderedPartialAggregateStream=13184
event	124509	refusal	RepartitionExec[0]	1	738735	5818050	268400852	351	122	1417863		RepartitionExec=266969805;RepartitionExec[Merge]=1417863;OrderedPartialAggregateStream=13184
event	124532	refusal	RepartitionExec[12]	1	468443	2688658	268400852	351	122	1417863		RepartitionExec=266969805;RepartitionExec[Merge]=1417863;OrderedPartialAggregateStream=13184
event	124563	refusal	RepartitionExec[54]	1	620067	2140412	268400852	351	122	1417863		RepartitionExec=266969805;RepartitionExec[Merge]=1417863;OrderedPartialAggregateStream=13184
event	124567	refusal	RepartitionExec[21]	1	595570	2688658	268400852	351	122	1417863		RepartitionExec=266969805;RepartitionExec[Merge]=1417863;OrderedPartialAggregateStream=13184
event	124619	refusal	RepartitionExec[10]	1	849763	2688658	268400852	351	122	1417863		RepartitionExec=266969805;RepartitionExec[Merge]=1417863;OrderedPartialAggregateStream=13184
event	124639	refusal	RepartitionExec[38]	1	469678	2140412	268400852	351	122	1417863		RepartitionExec=266969805;RepartitionExec[Merge]=1417863;OrderedPartialAggregateStream=13184
event	124662	refusal	RepartitionExec[22]	1	595570	2688658	268400852	351	122	1417863		RepartitionExec=266969805;RepartitionExec[Merge]=1417863;OrderedPartialAggregateStream=13184
event	124681	refusal	RepartitionExec[6]	1	1036304	3760253	268400852	351	122	1417863		RepartitionExec=266969805;RepartitionExec[Merge]=1417863;OrderedPartialAggregateStream=13184
event	124715	refusal	RepartitionExec[23]	1	981017	2688658	268400852	351	122	1417863		RepartitionExec=266969805;RepartitionExec[Merge]=1417863;OrderedPartialAggregateStream=13184
event	124753	refusal	RepartitionExec[7]	1	1036304	3651988	268400852	351	122	1417863		RepartitionExec=266969805;RepartitionExec[Merge]=1417863;OrderedPartialAggregateStream=13184
event	124768	refusal	RepartitionExec[16]	1	627822	2688658	268400852	351	122	1417863		RepartitionExec=266969805;RepartitionExec[Merge]=1417863;OrderedPartialAggregateStream=13184
event	124808	refusal	RepartitionExec[23]	1	468104	2688658	268400852	351	122	1417863		RepartitionExec=266969805;RepartitionExec[Merge]=1417863;OrderedPartialAggregateStream=13184
event	124830	refusal	RepartitionExec[46]	1	625349	2140412	268400852	351	122	1417863		RepartitionExec=266969805;RepartitionExec[Merge]=1417863;OrderedPartialAggregateStream=13184
event	124841	refusal	RepartitionExec[8]	1	1036304	3182310	268400852	351	122	1417863		RepartitionExec=266969805;RepartitionExec[Merge]=1417863;OrderedPartialAggregateStream=13184
event	124864	refusal	RepartitionExec[4]	1	505187	4894023	268400852	351	122	1417863		RepartitionExec=266969805;RepartitionExec[Merge]=1417863;OrderedPartialAggregateStream=13184
event	124902	refusal	RepartitionExec[24]	1	468104	2688658	268400852	351	122	1417863		RepartitionExec=266969805;RepartitionExec[Merge]=1417863;OrderedPartialAggregateStream=13184
event	124916	refusal	RepartitionExec[1]	1	738735	5348372	268400852	351	122	1417863		RepartitionExec=266969805;RepartitionExec[Merge]=1417863;OrderedPartialAggregateStream=13184
event	124938	refusal	RepartitionExec[13]	1	468443	2688658	268400852	351	122	1417863		RepartitionExec=266969805;RepartitionExec[Merge]=1417863;OrderedPartialAggregateStream=13184
event	124968	refusal	RepartitionExec[55]	1	620067	2140412	268400852	351	122	1417863		RepartitionExec=266969805;RepartitionExec[Merge]=1417863;OrderedPartialAggregateStream=13184
event	124988	refusal	RepartitionExec[2]	1	738735	5422679	268400852	351	122	1417863		RepartitionExec=266969805;RepartitionExec[Merge]=1417863;OrderedPartialAggregateStream=13184
event	125004	refusal	RepartitionExec[14]	1	468443	2747354	268400852	351	122	1417863		RepartitionExec=266969805;RepartitionExec[Merge]=1417863;OrderedPartialAggregateStream=13184
event	125038	refusal	RepartitionExec[39]	1	469678	2140412	268400852	351	122	1417863		RepartitionExec=266969805;RepartitionExec[Merge]=1417863;OrderedPartialAggregateStream=13184
event	125053	refusal	RepartitionExec[3]	1	738735	4894023	268400852	351	122	1417863		RepartitionExec=266969805;RepartitionExec[Merge]=1417863;OrderedPartialAggregateStream=13184
event	125083	refusal	RepartitionExec[15]	1	468443	3314007	268400852	351	122	1417863		RepartitionExec=266969805;RepartitionExec[Merge]=1417863;OrderedPartialAggregateStream=13184
event	125103	refusal	RepartitionExec[24]	1	981017	2688658	268400852	351	122	1417863		RepartitionExec=266969805;RepartitionExec[Merge]=1417863;OrderedPartialAggregateStream=13184
event	125132	refusal	RepartitionExec[23]	1	1036304	2688658	268400852	351	122	1417863		RepartitionExec=266969805;RepartitionExec[Merge]=1417863;OrderedPartialAggregateStream=13184
event	125156	refusal	RepartitionExec[17]	1	627822	2688658	268400852	351	122	1417863		RepartitionExec=266969805;RepartitionExec[Merge]=1417863;OrderedPartialAggregateStream=13184
event	125179	refusal	RepartitionExec[14]	1	918986	2747354	268400852	351	122	1417863		RepartitionExec=266969805;RepartitionExec[Merge]=1417863;OrderedPartialAggregateStream=13184
event	125198	refusal	RepartitionExec[47]	1	625349	2140412	268400852	351	122	1417863		RepartitionExec=266969805;RepartitionExec[Merge]=1417863;OrderedPartialAggregateStream=13184
event	125215	refusal	RepartitionExec[9]	1	1036304	2688658	268400852	351	122	1417863		RepartitionExec=266969805;RepartitionExec[Merge]=1417863;OrderedPartialAggregateStream=13184
event	125240	refusal	RepartitionExec[5]	1	505187	3760253	268400852	351	122	1417863		RepartitionExec=266969805;RepartitionExec[Merge]=1417863;OrderedPartialAggregateStream=13184
event	125269	refusal	RepartitionExec[25]	1	468104	2688658	268400852	351	122	1417863		RepartitionExec=266969805;RepartitionExec[Merge]=1417863;OrderedPartialAggregateStream=13184
event	125298	refusal	RepartitionExec[10]	1	1036304	2688658	268400852	351	122	1417863		RepartitionExec=266969805;RepartitionExec[Merge]=1417863;OrderedPartialAggregateStream=13184
event	125332	refusal	RepartitionExec[11]	1	849763	2688658	268400852	351	122	1417863		RepartitionExec=266969805;RepartitionExec[Merge]=1417863;OrderedPartialAggregateStream=13184
event	125348	refusal	RepartitionExec[56]	1	620067	2140412	268400852	351	122	1417863		RepartitionExec=266969805;RepartitionExec[Merge]=1417863;OrderedPartialAggregateStream=13184
event	125378	refusal	RepartitionExec[11]	1	1036304	2688658	268400852	351	122	1417863		RepartitionExec=266969805;RepartitionExec[Merge]=1417863;OrderedPartialAggregateStream=13184
event	125420	refusal	RepartitionExec[8]	1	1036304	3182310	268400852	351	122	1417863		RepartitionExec=266969805;RepartitionExec[Merge]=1417863;OrderedPartialAggregateStream=13184
event	125449	refusal	RepartitionExec[40]	1	469678	2140412	268400852	351	122	1417863		RepartitionExec=266969805;RepartitionExec[Merge]=1417863;OrderedPartialAggregateStream=13184
event	125459	refusal	RepartitionExec[4]	1	738735	4894023	268400852	351	122	1417863		RepartitionExec=266969805;RepartitionExec[Merge]=1417863;OrderedPartialAggregateStream=13184
event	125501	refusal	RepartitionExec[16]	1	468443	2688658	268400852	351	122	1417863		RepartitionExec=266969805;RepartitionExec[Merge]=1417863;OrderedPartialAggregateStream=13184
event	125526	refusal	RepartitionExec[25]	1	981017	2688658	268400852	351	122	1417863		RepartitionExec=266969805;RepartitionExec[Merge]=1417863;OrderedPartialAggregateStream=13184
event	125570	refusal	RepartitionExec[24]	1	1036304	2688658	268400852	351	122	1417863		RepartitionExec=266969805;RepartitionExec[Merge]=1417863;OrderedPartialAggregateStream=13184
event	125578	refusal	RepartitionExec[17]	1	468443	2688658	268400852	351	122	1417863		RepartitionExec=266969805;RepartitionExec[Merge]=1417863;OrderedPartialAggregateStream=13184
event	125600	refusal	RepartitionExec[26]	1	981017	2688658	268400852	351	122	1417863		RepartitionExec=266969805;RepartitionExec[Merge]=1417863;OrderedPartialAggregateStream=13184
event	125634	refusal	RepartitionExec[48]	1	625349	2140412	268400852	351	122	1417863		RepartitionExec=266969805;RepartitionExec[Merge]=1417863;OrderedPartialAggregateStream=13184
event	125659	refusal	RepartitionExec[25]	1	1036304	2688658	268400852	351	122	1417863		RepartitionExec=266969805;RepartitionExec[Merge]=1417863;OrderedPartialAggregateStream=13184
event	125679	refusal	RepartitionExec[6]	1	505187	3760253	268400852	351	122	1417863		RepartitionExec=266969805;RepartitionExec[Merge]=1417863;OrderedPartialAggregateStream=13184
event	125706	refusal	RepartitionExec[26]	1	468104	2688658	268400852	351	122	1417863		RepartitionExec=266969805;RepartitionExec[Merge]=1417863;OrderedPartialAggregateStream=13184
event	125734	refusal	RepartitionExec[23]	1	595570	2688658	268400852	351	122	1417863		RepartitionExec=266969805;RepartitionExec[Merge]=1417863;OrderedPartialAggregateStream=13184
event	125754	refusal	RepartitionExec[7]	1	505187	3651988	268400852	351	122	1417863		RepartitionExec=266969805;RepartitionExec[Merge]=1417863;OrderedPartialAggregateStream=13184
event	125785	refusal	RepartitionExec[57]	1	620067	2140412	268400852	351	122	1417863		RepartitionExec=266969805;RepartitionExec[Merge]=1417863;OrderedPartialAggregateStream=13184
event	125804	refusal	RepartitionExec[12]	1	1036304	2688658	268400852	351	122	1417863		RepartitionExec=266969805;RepartitionExec[Merge]=1417863;OrderedPartialAggregateStream=13184
event	125835	refusal	RepartitionExec[9]	1	1036304	2688658	268400852	351	122	1417863		RepartitionExec=266969805;RepartitionExec[Merge]=1417863;OrderedPartialAggregateStream=13184
event	125858	refusal	RepartitionExec[41]	1	469678	2199108	268400852	351	122	1417863		RepartitionExec=266969805;RepartitionExec[Merge]=1417863;OrderedPartialAggregateStream=13184
event	125874	refusal	RepartitionExec[13]	1	1036304	2688658	268400852	351	122	1417863		RepartitionExec=266969805;RepartitionExec[Merge]=1417863;OrderedPartialAggregateStream=13184
event	125910	refusal	RepartitionExec[18]	1	627822	2688658	268400852	351	122	1417863		RepartitionExec=266969805;RepartitionExec[Merge]=1417863;OrderedPartialAggregateStream=13184
event	125946	refusal	RepartitionExec[15]	1	918986	3314007	268400852	351	122	1417863		RepartitionExec=266969805;RepartitionExec[Merge]=1417863;OrderedPartialAggregateStream=13184
event	125960	refusal	RepartitionExec[99]	1	883589	1417263	268400852	351	122	1417863		RepartitionExec=266969805;RepartitionExec[Merge]=1417863;OrderedPartialAggregateStream=13184
event	125984	refusal	RepartitionExec[18]	1	468443	2688658	268400852	351	122	1417863		RepartitionExec=266969805;RepartitionExec[Merge]=1417863;OrderedPartialAggregateStream=13184
event	126000	refusal	RepartitionExec[27]	1	981017	2688658	268400852	351	122	1417863		RepartitionExec=266969805;RepartitionExec[Merge]=1417863;OrderedPartialAggregateStream=13184
event	126028	refusal	RepartitionExec[49]	1	625349	2140412	268400852	351	122	1417863		RepartitionExec=266969805;RepartitionExec[Merge]=1417863;OrderedPartialAggregateStream=13184
event	126057	refusal	RepartitionExec[26]	1	1036304	2688658	268400852	351	122	1417863		RepartitionExec=266969805;RepartitionExec[Merge]=1417863;OrderedPartialAggregateStream=13184
event	126065	refusal	RepartitionExec[12]	1	849763	2688658	268400852	351	122	1417863		RepartitionExec=266969805;RepartitionExec[Merge]=1417863;OrderedPartialAggregateStream=13184
event	126085	refusal	RepartitionExec[27]	1	468104	2688658	268400852	351	122	1417863		RepartitionExec=266969805;RepartitionExec[Merge]=1417863;OrderedPartialAggregateStream=13184
event	126133	refusal	RepartitionExec[27]	1	1036304	2688658	268400852	351	122	1417863		RepartitionExec=266969805;RepartitionExec[Merge]=1417863;OrderedPartialAggregateStream=13184
event	126164	refusal	RepartitionExec[8]	1	505187	3182310	268400852	351	122	1417863		RepartitionExec=266969805;RepartitionExec[Merge]=1417863;OrderedPartialAggregateStream=13184
event	126177	refusal	RepartitionExec[58]	1	620067	2140412	268400852	351	122	1417863		RepartitionExec=266969805;RepartitionExec[Merge]=1417863;OrderedPartialAggregateStream=13184
event	126202	refusal	RepartitionExec[5]	1	738735	3760253	268400852	351	122	1417863		RepartitionExec=266969805;RepartitionExec[Merge]=1417863;OrderedPartialAggregateStream=13184
event	126238	refusal	RepartitionExec[10]	1	1036304	2688658	268400852	351	122	1417863		RepartitionExec=266969805;RepartitionExec[Merge]=1417863;OrderedPartialAggregateStream=13184
event	126260	refusal	RepartitionExec[42]	1	469678	2140412	268400852	351	122	1417863		RepartitionExec=266969805;RepartitionExec[Merge]=1417863;OrderedPartialAggregateStream=13184
event	126287	refusal	RepartitionExec[14]	1	1036304	2747354	268400852	351	122	1417863		RepartitionExec=266969805;RepartitionExec[Merge]=1417863;OrderedPartialAggregateStream=13184
event	126316	refusal	RepartitionExec[19]	1	627822	2688658	268400852	351	122	1417863		RepartitionExec=266969805;RepartitionExec[Merge]=1417863;OrderedPartialAggregateStream=13184
event	126351	refusal	RepartitionExec[16]	1	918986	2688658	268400852	351	122	1417863		RepartitionExec=266969805;RepartitionExec[Merge]=1417863;OrderedPartialAggregateStream=13184
event	126364	refusal	RepartitionExec[100]	1	883589	1417263	268400852	351	122	1417863		RepartitionExec=266969805;RepartitionExec[Merge]=1417863;OrderedPartialAggregateStream=13184
event	126390	refusal	RepartitionExec[19]	1	468443	2688658	268400852	351	122	1417863		RepartitionExec=266969805;RepartitionExec[Merge]=1417863;OrderedPartialAggregateStream=13184
event	126412	refusal	RepartitionExec[28]	1	981017	2688658	268400852	351	122	1417863		RepartitionExec=266969805;RepartitionExec[Merge]=1417863;OrderedPartialAggregateStream=13184
event	126434	refusal	RepartitionExec[50]	1	625349	2140412	268400852	351	122	1417863		RepartitionExec=266969805;RepartitionExec[Merge]=1417863;OrderedPartialAggregateStream=13184
event	126458	refusal	RepartitionExec[13]	1	849763	2688658	268400852	351	122	1417863		RepartitionExec=266969805;RepartitionExec[Merge]=1417863;OrderedPartialAggregateStream=13184
event	126478	refusal	RepartitionExec[28]	1	468104	2688658	268400852	351	122	1417863		RepartitionExec=266969805;RepartitionExec[Merge]=1417863;OrderedPartialAggregateStream=13184
event	126503	refusal	RepartitionExec[28]	1	1036304	2688658	268400852	351	122	1417863		RepartitionExec=266969805;RepartitionExec[Merge]=1417863;OrderedPartialAggregateStream=13184
event	126524	refusal	RepartitionExec[24]	1	595570	2688658	268400852	351	122	1417863		RepartitionExec=266969805;RepartitionExec[Merge]=1417863;OrderedPartialAggregateStream=13184
event	126545	refusal	RepartitionExec[9]	1	505187	2688658	268400852	351	122	1417863		RepartitionExec=266969805;RepartitionExec[Merge]=1417863;OrderedPartialAggregateStream=13184
event	126584	refusal	RepartitionExec[59]	1	620067	2140412	268400852	351	122	1417863		RepartitionExec=266969805;RepartitionExec[Merge]=1417863;OrderedPartialAggregateStream=13184
event	126594	refusal	RepartitionExec[6]	1	738735	3760253	268400852	351	122	1417863		RepartitionExec=266969805;RepartitionExec[Merge]=1417863;OrderedPartialAggregateStream=13184
event	126620	refusal	RepartitionExec[11]	1	1036304	2688658	268400852	351	122	1417863		RepartitionExec=266969805;RepartitionExec[Merge]=1417863;OrderedPartialAggregateStream=13184
event	126664	refusal	RepartitionExec[43]	1	469678	2140412	268400852	351	122	1417863		RepartitionExec=266969805;RepartitionExec[Merge]=1417863;OrderedPartialAggregateStream=13184
event	126689	refusal	RepartitionExec[20]	1	627822	2688658	268400852	351	122	1417863		RepartitionExec=266969805;RepartitionExec[Merge]=1417863;OrderedPartialAggregateStream=13184
event	126690	refusal	RepartitionExec[15]	1	1036304	3314007	268400852	351	122	1417863		RepartitionExec=266969805;RepartitionExec[Merge]=1417863;OrderedPartialAggregateStream=13184
event	126733	refusal	RepartitionExec[17]	1	918986	2688658	268400852	351	122	1417863		RepartitionExec=266969805;RepartitionExec[Merge]=1417863;OrderedPartialAggregateStream=13184
event	126739	refusal	RepartitionExec[101]	1	883589	1417263	268400852	351	122	1417863		RepartitionExec=266969805;RepartitionExec[Merge]=1417863;OrderedPartialAggregateStream=13184
event	126774	refusal	RepartitionExec[20]	1	468443	2688658	268400852	351	122	1417863		RepartitionExec=266969805;RepartitionExec[Merge]=1417863;OrderedPartialAggregateStream=13184
event	126784	refusal	RepartitionExec[29]	1	981017	2688658	268400852	351	122	1417863		RepartitionExec=266969805;RepartitionExec[Merge]=1417863;OrderedPartialAggregateStream=13184
event	126826	refusal	RepartitionExec[18]	1	918986	2688658	268400852	351	122	1417863		RepartitionExec=266969805;RepartitionExec[Merge]=1417863;OrderedPartialAggregateStream=13184
event	126835	refusal	RepartitionExec[14]	1	849763	2747354	268400852	351	122	1417863		RepartitionExec=266969805;RepartitionExec[Merge]=1417863;OrderedPartialAggregateStream=13184
event	126855	refusal	RepartitionExec[29]	1	468104	2688658	268400852	351	122	1417863		RepartitionExec=266969805;RepartitionExec[Merge]=1417863;OrderedPartialAggregateStream=13184
event	126880	refusal	RepartitionExec[29]	1	1036304	2688658	268400852	351	122	1417863		RepartitionExec=266969805;RepartitionExec[Merge]=1417863;OrderedPartialAggregateStream=13184
event	126917	refusal	RepartitionExec[19]	1	918986	2688658	268400852	351	122	1417863		RepartitionExec=266969805;RepartitionExec[Merge]=1417863;OrderedPartialAggregateStream=13184
event	126922	refusal	RepartitionExec[10]	1	505187	2688658	268400852	351	122	1417863		RepartitionExec=266969805;RepartitionExec[Merge]=1417863;OrderedPartialAggregateStream=13184
event	126946	refusal	RepartitionExec[60]	1	620067	2140412	268400852	351	122	1417863		RepartitionExec=266969805;RepartitionExec[Merge]=1417863;OrderedPartialAggregateStream=13184
event	126966	refusal	RepartitionExec[7]	1	738735	3651988	268400852	351	122	1417863		RepartitionExec=266969805;RepartitionExec[Merge]=1417863;OrderedPartialAggregateStream=13184
event	127006	refusal	RepartitionExec[12]	1	1036304	2688658	268400852	351	122	1417863		RepartitionExec=266969805;RepartitionExec[Merge]=1417863;OrderedPartialAggregateStream=13184
event	127055	refusal	RepartitionExec[44]	1	469678	2140412	268400852	351	122	1417863		RepartitionExec=266969805;RepartitionExec[Merge]=1417863;OrderedPartialAggregateStream=13184
event	127066	refusal	RepartitionExec[21]	1	627822	2688658	268400852	351	122	1417863		RepartitionExec=266969805;RepartitionExec[Merge]=1417863;OrderedPartialAggregateStream=13184
event	127092	refusal	RepartitionExec[16]	1	1036304	2688658	268400852	351	122	1417863		RepartitionExec=266969805;RepartitionExec[Merge]=1417863;OrderedPartialAggregateStream=13184
event	127124	refusal	RepartitionExec[51]	1	625349	2140412	268400852	351	122	1417863		RepartitionExec=266969805;RepartitionExec[Merge]=1417863;OrderedPartialAggregateStream=13184
event	127149	refusal	RepartitionExec[45]	1	469678	2140412	268400852	351	122	1417863		RepartitionExec=266969805;RepartitionExec[Merge]=1417863;OrderedPartialAggregateStream=13184
event	127157	refusal	RepartitionExec[21]	1	468443	2688658	268400852	351	122	1417863		RepartitionExec=266969805;RepartitionExec[Merge]=1417863;OrderedPartialAggregateStream=13184
event	127179	refusal	RepartitionExec[30]	1	981017	2688658	268400852	351	122	1417863		RepartitionExec=266969805;RepartitionExec[Merge]=1417863;OrderedPartialAggregateStream=13184
event	127205	refusal	RepartitionExec[52]	1	625349	2140412	268400852	351	122	1417863		RepartitionExec=266969805;RepartitionExec[Merge]=1417863;OrderedPartialAggregateStream=13184
event	127230	refusal	RepartitionExec[15]	1	849763	3314007	268400852	351	122	1417863		RepartitionExec=266969805;RepartitionExec[Merge]=1417863;OrderedPartialAggregateStream=13184
event	127282	refusal	RepartitionExec[30]	1	468104	2688658	268400852	351	122	1417863		RepartitionExec=266969805;RepartitionExec[Merge]=1417863;OrderedPartialAggregateStream=13184
event	127289	refusal	RepartitionExec[30]	1	1036304	2688658	268400852	351	122	1417863		RepartitionExec=266969805;RepartitionExec[Merge]=1417863;OrderedPartialAggregateStream=13184
event	127305	refusal	RepartitionExec[20]	1	918986	2688658	268400852	351	122	1417863		RepartitionExec=266969805;RepartitionExec[Merge]=1417863;OrderedPartialAggregateStream=13184
event	127329	refusal	RepartitionExec[11]	1	505187	2688658	268400852	351	122	1417863		RepartitionExec=266969805;RepartitionExec[Merge]=1417863;OrderedPartialAggregateStream=13184
event	127381	refusal	RepartitionExec[8]	1	738735	3182310	268400852	351	122	1417863		RepartitionExec=266969805;RepartitionExec[Merge]=1417863;OrderedPartialAggregateStream=13184
event	127386	refusal	RepartitionExec[61]	1	620067	2140412	268400852	351	122	1417863		RepartitionExec=266969805;RepartitionExec[Merge]=1417863;OrderedPartialAggregateStream=13184
event	127402	refusal	RepartitionExec[13]	1	1036304	2688658	268400852	351	122	1417863		RepartitionExec=266969805;RepartitionExec[Merge]=1417863;OrderedPartialAggregateStream=13184
event	127442	refusal	RepartitionExec[102]	1	883589	2014743	268400852	351	122	1417863		RepartitionExec=266969805;RepartitionExec[Merge]=1417863;OrderedPartialAggregateStream=13184
event	127459	refusal	RepartitionExec[22]	1	627822	2688658	268400852	351	122	1417863		RepartitionExec=266969805;RepartitionExec[Merge]=1417863;OrderedPartialAggregateStream=13184
event	127477	refusal	RepartitionExec[17]	1	1036304	2688658	268400852	351	122	1417863		RepartitionExec=266969805;RepartitionExec[Merge]=1417863;OrderedPartialAggregateStream=13184
event	127503	refusal	RepartitionExec[25]	1	595570	2688658	268400852	351	122	1417863		RepartitionExec=266969805;RepartitionExec[Merge]=1417863;OrderedPartialAggregateStream=13184
event	127519	refusal	RepartitionExec[46]	1	469678	2140412	268400852	351	122	1417863		RepartitionExec=266969805;RepartitionExec[Merge]=1417863;OrderedPartialAggregateStream=13184
event	127554	refusal	RepartitionExec[22]	1	468443	2688658	268400852	351	122	1417863		RepartitionExec=266969805;RepartitionExec[Merge]=1417863;OrderedPartialAggregateStream=13184
event	127589	refusal	RepartitionExec[31]	1	981017	2804698	268400852	351	122	1417863		RepartitionExec=266969805;RepartitionExec[Merge]=1417863;OrderedPartialAggregateStream=13184
event	127625	refusal	RepartitionExec[53]	1	625349	2140412	268400852	351	122	1417863		RepartitionExec=266969805;RepartitionExec[Merge]=1417863;OrderedPartialAggregateStream=13184
event	127639	refusal	RepartitionExec[16]	1	849763	2688658	268400852	351	122	1417863		RepartitionExec=266969805;RepartitionExec[Merge]=1417863;OrderedPartialAggregateStream=13184
event	127671	refusal	RepartitionExec[31]	1	468104	2804698	268400852	351	122	1417863		RepartitionExec=266969805;RepartitionExec[Merge]=1417863;OrderedPartialAggregateStream=13184
event	127681	refusal	RepartitionExec[31]	1	1036304	2804698	268400852	351	122	1417863		RepartitionExec=266969805;RepartitionExec[Merge]=1417863;OrderedPartialAggregateStream=13184
event	127716	refusal	RepartitionExec[21]	1	918986	2688658	268400852	351	122	1417863		RepartitionExec=266969805;RepartitionExec[Merge]=1417863;OrderedPartialAggregateStream=13184
event	127740	refusal	RepartitionExec[12]	1	505187	2688658	268400852	351	122	1417863		RepartitionExec=266969805;RepartitionExec[Merge]=1417863;OrderedPartialAggregateStream=13184
event	127750	refusal	RepartitionExec[32]	1	1036304	2688658	268400852	351	122	1417863		RepartitionExec=266969805;RepartitionExec[Merge]=1417863;OrderedPartialAggregateStream=13184
event	127774	refusal	RepartitionExec[62]	1	620067	2140412	268400852	351	122	1417863		RepartitionExec=266969805;RepartitionExec[Merge]=1417863;OrderedPartialAggregateStream=13184
event	127800	refusal	RepartitionExec[14]	1	1036304	2747354	268400852	351	122	1417863		RepartitionExec=266969805;RepartitionExec[Merge]=1417863;OrderedPartialAggregateStream=13184
event	127825	refusal	RepartitionExec[103]	1	883589	1417263	268400852	351	122	1417863		RepartitionExec=266969805;RepartitionExec[Merge]=1417863;OrderedPartialAggregateStream=13184
event	127841	refusal	RepartitionExec[23]	1	627822	2688658	268400852	351	122	1417863		RepartitionExec=266969805;RepartitionExec[Merge]=1417863;OrderedPartialAggregateStream=13184
event	127873	refusal	RepartitionExec[18]	1	1036304	2688658	268400852	351	122	1417863		RepartitionExec=266969805;RepartitionExec[Merge]=1417863;OrderedPartialAggregateStream=13184
event	127899	refusal	RepartitionExec[26]	1	595570	2688658	268400852	351	122	1417863		RepartitionExec=266969805;RepartitionExec[Merge]=1417863;OrderedPartialAggregateStream=13184
event	127910	refusal	RepartitionExec[24]	1	627822	2688658	268400852	351	122	1417863		RepartitionExec=266969805;RepartitionExec[Merge]=1417863;OrderedPartialAggregateStream=13184
event	127937	refusal	RepartitionExec[23]	1	468443	2688658	268400852	351	122	1417863		RepartitionExec=266969805;RepartitionExec[Merge]=1417863;OrderedPartialAggregateStream=13184
event	127975	refusal	RepartitionExec[32]	1	981017	2688658	268400852	351	122	1417863		RepartitionExec=266969805;RepartitionExec[Merge]=1417863;OrderedPartialAggregateStream=13184
event	127989	refusal	RepartitionExec[54]	1	625349	2140412	268400852	351	122	1417863		RepartitionExec=266969805;RepartitionExec[Merge]=1417863;OrderedPartialAggregateStream=13184
event	128006	refusal	RepartitionExec[24]	1	468443	2688658	268400852	351	122	1417863		RepartitionExec=266969805;RepartitionExec[Merge]=1417863;OrderedPartialAggregateStream=13184
event	128039	refusal	RepartitionExec[32]	1	468104	2688658	268400852	351	122	1417863		RepartitionExec=266969805;RepartitionExec[Merge]=1417863;OrderedPartialAggregateStream=13184
event	128066	refusal	RepartitionExec[9]	1	738735	2688658	268400852	351	122	1417863		RepartitionExec=266969805;RepartitionExec[Merge]=1417863;OrderedPartialAggregateStream=13184
event	128088	refusal	RepartitionExec[22]	1	918986	2688658	268400852	351	122	1417863		RepartitionExec=266969805;RepartitionExec[Merge]=1417863;OrderedPartialAggregateStream=13184
event	128116	refusal	RepartitionExec[13]	1	505187	2688658	268400852	351	122	1417863		RepartitionExec=266969805;RepartitionExec[Merge]=1417863;OrderedPartialAggregateStream=13184
event	128155	refusal	RepartitionExec[33]	1	1036304	2688658	268400852	351	122	1417863		RepartitionExec=266969805;RepartitionExec[Merge]=1417863;OrderedPartialAggregateStream=13184
event	128186	refusal	RepartitionExec[63]	1	620067	2140412	268400852	351	122	1417863		RepartitionExec=266969805;RepartitionExec[Merge]=1417863;OrderedPartialAggregateStream=13184
event	128210	refusal	RepartitionExec[15]	1	1036304	3314007	268400852	351	122	1417863		RepartitionExec=266969805;RepartitionExec[Merge]=1417863;OrderedPartialAggregateStream=13184
event	128232	refusal	RepartitionExec[34]	1	1036304	2688658	268400852	351	122	1417863		RepartitionExec=266969805;RepartitionExec[Merge]=1417863;OrderedPartialAggregateStream=13184
event	128257	refusal	RepartitionExec[47]	1	469678	2140412	268400852	351	122	1417863		RepartitionExec=266969805;RepartitionExec[Merge]=1417863;OrderedPartialAggregateStream=13184
event	128297	refusal	RepartitionExec[19]	1	1036304	2688658	268400852	351	122	1417863		RepartitionExec=266969805;RepartitionExec[Merge]=1417863;OrderedPartialAggregateStream=13184
event	128310	refusal	RepartitionExec[27]	1	595570	2688658	268400852	351	122	1417863		RepartitionExec=266969805;RepartitionExec[Merge]=1417863;OrderedPartialAggregateStream=13184
event	128336	refusal	RepartitionExec[25]	1	627822	2688658	268400852	351	122	1417863		RepartitionExec=266969805;RepartitionExec[Merge]=1417863;OrderedPartialAggregateStream=13184
event	128374	refusal	RepartitionExec[17]	1	849763	2688658	268400852	351	122	1417863		RepartitionExec=266969805;RepartitionExec[Merge]=1417863;OrderedPartialAggregateStream=13184
event	128399	refusal	RepartitionExec[33]	1	981017	2688658	268400852	351	122	1417863		RepartitionExec=266969805;RepartitionExec[Merge]=1417863;OrderedPartialAggregateStream=13184
event	128442	refusal	RepartitionExec[26]	1	627822	2688658	268400852	351	122	1417863		RepartitionExec=266969805;RepartitionExec[Merge]=1417863;OrderedPartialAggregateStream=13184
event	128450	refusal	RepartitionExec[25]	1	468443	2688658	268400852	351	122	1417863		RepartitionExec=266969805;RepartitionExec[Merge]=1417863;OrderedPartialAggregateStream=13184
event	128479	refusal	RepartitionExec[33]	1	468104	2688658	268400852	351	122	1417863		RepartitionExec=266969805;RepartitionExec[Merge]=1417863;OrderedPartialAggregateStream=13184
event	128505	refusal	RepartitionExec[10]	1	738735	2688658	268400852	351	122	1417863		RepartitionExec=266969805;RepartitionExec[Merge]=1417863;OrderedPartialAggregateStream=13184
event	128525	refusal	RepartitionExec[23]	1	918986	2688658	268400852	351	122	1417863		RepartitionExec=266969805;RepartitionExec[Merge]=1417863;OrderedPartialAggregateStream=13184
event	128558	refusal	RepartitionExec[14]	1	505187	2747354	268400852	351	122	1417863		RepartitionExec=266969805;RepartitionExec[Merge]=1417863;OrderedPartialAggregateStream=13184
event	128577	refusal	RepartitionExec[11]	1	738735	2688658	268400852	351	122	1417863		RepartitionExec=266969805;RepartitionExec[Merge]=1417863;OrderedPartialAggregateStream=13184
event	128621	refusal	RepartitionExec[24]	1	918986	2688658	268400852	351	122	1417863		RepartitionExec=266969805;RepartitionExec[Merge]=1417863;OrderedPartialAggregateStream=13184
event	128641	refusal	RepartitionExec[16]	1	1036304	2688658	268400852	351	122	1417863		RepartitionExec=266969805;RepartitionExec[Merge]=1417863;OrderedPartialAggregateStream=13184
event	128657	refusal	RepartitionExec[35]	1	1036304	2140412	268400852	351	122	1417863		RepartitionExec=266969805;RepartitionExec[Merge]=1417863;OrderedPartialAggregateStream=13184
event	128683	refusal	RepartitionExec[48]	1	469678	2140412	268400852	351	122	1417863		RepartitionExec=266969805;RepartitionExec[Merge]=1417863;OrderedPartialAggregateStream=13184
event	128707	refusal	RepartitionExec[20]	1	1036304	2688658	268400852	351	122	1417863		RepartitionExec=266969805;RepartitionExec[Merge]=1417863;OrderedPartialAggregateStream=13184
event	128743	refusal	RepartitionExec[28]	1	595570	2688658	268400852	351	122	1417863		RepartitionExec=266969805;RepartitionExec[Merge]=1417863;OrderedPartialAggregateStream=13184
event	128766	refusal	RepartitionExec[55]	1	625349	2140412	268400852	351	122	1417863		RepartitionExec=266969805;RepartitionExec[Merge]=1417863;OrderedPartialAggregateStream=13184
event	128789	refusal	RepartitionExec[18]	1	849763	2688658	268400852	351	122	1417863		RepartitionExec=266969805;RepartitionExec[Merge]=1417863;OrderedPartialAggregateStream=13184
event	128816	refusal	RepartitionExec[34]	1	981017	2688658	268400852	351	122	1417863		RepartitionExec=266969805;RepartitionExec[Merge]=1417863;OrderedPartialAggregateStream=13184
event	128835	refusal	RepartitionExec[27]	1	627822	2688658	268400852	351	122	1417863		RepartitionExec=266969805;RepartitionExec[Merge]=1417863;OrderedPartialAggregateStream=13184
event	128882	refusal	RepartitionExec[26]	1	468443	2688658	268400852	351	122	1417863		RepartitionExec=266969805;RepartitionExec[Merge]=1417863;OrderedPartialAggregateStream=13184
event	128894	refusal	RepartitionExec[34]	1	468104	2688658	268400852	351	122	1417863		RepartitionExec=266969805;RepartitionExec[Merge]=1417863;OrderedPartialAggregateStream=13184
event	128920	refusal	RepartitionExec[104]	1	883589	1417263	268400852	351	122	1417863		RepartitionExec=266969805;RepartitionExec[Merge]=1417863;OrderedPartialAggregateStream=13184
event	128953	refusal	RepartitionExec[64]	1	620067	2199108	268400852	351	122	1417863		RepartitionExec=266969805;RepartitionExec[Merge]=1417863;OrderedPartialAggregateStream=13184
event	128985	refusal	RepartitionExec[15]	1	505187	3314007	268400852	351	122	1417863		RepartitionExec=266969805;RepartitionExec[Merge]=1417863;OrderedPartialAggregateStream=13184
event	129004	refusal	RepartitionExec[12]	1	738735	2688658	268400852	351	122	1417863		RepartitionExec=266969805;RepartitionExec[Merge]=1417863;OrderedPartialAggregateStream=13184
event	129023	refusal	RepartitionExec[65]	1	620067	2140412	268400852	351	122	1417863		RepartitionExec=266969805;RepartitionExec[Merge]=1417863;OrderedPartialAggregateStream=13184
event	129047	refusal	RepartitionExec[17]	1	1036304	2688658	268400852	351	122	1417863		RepartitionExec=266969805;RepartitionExec[Merge]=1417863;OrderedPartialAggregateStream=13184
event	129080	refusal	RepartitionExec[36]	1	1036304	2607281	268400852	351	122	1417863		RepartitionExec=266969805;RepartitionExec[Merge]=1417863;OrderedPartialAggregateStream=13184
event	129091	refusal	RepartitionExec[66]	1	620067	2140412	268400852	351	122	1417863		RepartitionExec=266969805;RepartitionExec[Merge]=1417863;OrderedPartialAggregateStream=13184
event	129125	refusal	RepartitionExec[21]	1	1036304	2688658	268400852	351	122	1417863		RepartitionExec=266969805;RepartitionExec[Merge]=1417863;OrderedPartialAggregateStream=13184
event	129160	refusal	RepartitionExec[29]	1	595570	2688658	268400852	351	122	1417863		RepartitionExec=266969805;RepartitionExec[Merge]=1417863;OrderedPartialAggregateStream=13184
event	129178	refusal	RepartitionExec[56]	1	625349	2140412	268400852	351	122	1417863		RepartitionExec=266969805;RepartitionExec[Merge]=1417863;OrderedPartialAggregateStream=13184
event	129194	refusal	RepartitionExec[19]	1	849763	2688658	268400852	351	122	1417863		RepartitionExec=266969805;RepartitionExec[Merge]=1417863;OrderedPartialAggregateStream=13184
event	129218	refusal	RepartitionExec[35]	1	981017	2140412	268400852	351	122	1417863		RepartitionExec=266969805;RepartitionExec[Merge]=1417863;OrderedPartialAggregateStream=13184
event	129233	refusal	RepartitionExec[30]	1	595570	2688658	268400852	351	122	1417863		RepartitionExec=266969805;RepartitionExec[Merge]=1417863;OrderedPartialAggregateStream=13184
event	129268	refusal	RepartitionExec[27]	1	468443	2688658	268400852	351	122	1417863		RepartitionExec=266969805;RepartitionExec[Merge]=1417863;OrderedPartialAggregateStream=13184
event	129296	refusal	RepartitionExec[35]	1	468104	2140412	268400852	351	122	1417863		RepartitionExec=266969805;RepartitionExec[Merge]=1417863;OrderedPartialAggregateStream=13184
event	129307	refusal	RepartitionExec[31]	1	595570	2804698	268400852	351	122	1417863		RepartitionExec=266969805;RepartitionExec[Merge]=1417863;OrderedPartialAggregateStream=13184
event	129335	refusal	RepartitionExec[25]	1	918986	2688658	268400852	351	122	1417863		RepartitionExec=266969805;RepartitionExec[Merge]=1417863;OrderedPartialAggregateStream=13184
event	129365	refusal	RepartitionExec[16]	1	505187	2688658	268400852	351	122	1417863		RepartitionExec=266969805;RepartitionExec[Merge]=1417863;OrderedPartialAggregateStream=13184
event	129381	refusal	RepartitionExec[13]	1	738735	2688658	268400852	351	122	1417863		RepartitionExec=266969805;RepartitionExec[Merge]=1417863;OrderedPartialAggregateStream=13184
event	129414	refusal	RepartitionExec[49]	1	469678	2140412	268400852	351	122	1417863		RepartitionExec=266969805;RepartitionExec[Merge]=1417863;OrderedPartialAggregateStream=13184
event	129438	refusal	RepartitionExec[18]	1	1036304	2688658	268400852	351	122	1417863		RepartitionExec=266969805;RepartitionExec[Merge]=1417863;OrderedPartialAggregateStream=13184
event	129453	refusal	RepartitionExec[14]	1	738735	2747354	268400852	351	122	1417863		RepartitionExec=266969805;RepartitionExec[Merge]=1417863;OrderedPartialAggregateStream=13184
event	129480	refusal	RepartitionExec[67]	1	620067	2140412	268400852	351	122	1417863		RepartitionExec=266969805;RepartitionExec[Merge]=1417863;OrderedPartialAggregateStream=13184
event	129510	refusal	RepartitionExec[22]	1	1036304	2688658	268400852	351	122	1417863		RepartitionExec=266969805;RepartitionExec[Merge]=1417863;OrderedPartialAggregateStream=13184
event	129518	refusal	RepartitionExec[15]	1	738735	3314007	268400852	351	122	1417863		RepartitionExec=266969805;RepartitionExec[Merge]=1417863;OrderedPartialAggregateStream=13184
event	135329	refusal	RepartitionExec[57]	1	625349	2140412	268400852	351	122	1417863		RepartitionExec=266969805;RepartitionExec[Merge]=1417863;OrderedPartialAggregateStream=13184
event	135367	refusal	RepartitionExec[20]	1	849763	2688658	268400852	351	122	1417863		RepartitionExec=266969805;RepartitionExec[Merge]=1417863;OrderedPartialAggregateStream=13184
event	135397	refusal	RepartitionExec[36]	1	981017	2607281	268400852	351	122	1417863		RepartitionExec=266969805;RepartitionExec[Merge]=1417863;OrderedPartialAggregateStream=13184
event	135401	refusal	RepartitionExec[58]	1	625349	2140412	268400852	351	122	1417863		RepartitionExec=266969805;RepartitionExec[Merge]=1417863;OrderedPartialAggregateStream=13184
event	135446	refusal	RepartitionExec[28]	1	468443	2688658	268400852	351	122	1417863		RepartitionExec=266969805;RepartitionExec[Merge]=1417863;OrderedPartialAggregateStream=13184
event	135480	refusal	RepartitionExec[36]	1	468104	2607281	268400852	351	122	1417863		RepartitionExec=266969805;RepartitionExec[Merge]=1417863;OrderedPartialAggregateStream=13184
event	135501	refusal	RepartitionExec[32]	1	595570	2688658	268400852	351	122	1417863		RepartitionExec=266969805;RepartitionExec[Merge]=1417863;OrderedPartialAggregateStream=13184
event	135513	refusal	RepartitionExec[26]	1	918986	2688658	268400852	351	122	1417863		RepartitionExec=266969805;RepartitionExec[Merge]=1417863;OrderedPartialAggregateStream=13184
event	135560	refusal	RepartitionExec[17]	1	505187	2688658	268400852	351	122	1417863		RepartitionExec=266969805;RepartitionExec[Merge]=1417863;OrderedPartialAggregateStream=13184
event	135599	refusal	RepartitionExec[37]	1	1036304	2140412	268400852	351	122	1417863		RepartitionExec=266969805;RepartitionExec[Merge]=1417863;OrderedPartialAggregateStream=13184
event	135636	refusal	RepartitionExec[50]	1	469678	2140412	268400852	351	122	1417863		RepartitionExec=266969805;RepartitionExec[Merge]=1417863;OrderedPartialAggregateStream=13184
event	135641	refusal	RepartitionExec[19]	1	1036304	2688658	268400852	351	122	1417863		RepartitionExec=266969805;RepartitionExec[Merge]=1417863;OrderedPartialAggregateStream=13184
event	135703	refusal	RepartitionExec[28]	1	627822	2688658	268400852	351	122	1417863		RepartitionExec=266969805;RepartitionExec[Merge]=1417863;OrderedPartialAggregateStream=13184
event	135716	refusal	RepartitionExec[68]	1	620067	2140412	268400852	351	122	1417863		RepartitionExec=266969805;RepartitionExec[Merge]=1417863;OrderedPartialAggregateStream=13184
event	135772	refusal	RepartitionExec[23]	1	1036304	2688658	268400852	351	122	1417863		RepartitionExec=266969805;RepartitionExec[Merge]=1417863;OrderedPartialAggregateStream=13184
event	135791	refusal	RepartitionExec[16]	1	738735	2688658	268400852	351	122	1417863		RepartitionExec=266969805;RepartitionExec[Merge]=1417863;OrderedPartialAggregateStream=13184
event	135827	refusal	RepartitionExec[105]	1	883589	1417263	268400852	351	122	1417863		RepartitionExec=266969805;RepartitionExec[Merge]=1417863;OrderedPartialAggregateStream=13184
event	135857	refusal	RepartitionExec[21]	1	849763	2688658	268400852	351	122	1417863		RepartitionExec=266969805;RepartitionExec[Merge]=1417863;OrderedPartialAggregateStream=13184
event	135871	refusal	RepartitionExec[17]	1	738735	2688658	268400852	351	122	1417863		RepartitionExec=266969805;RepartitionExec[Merge]=1417863;OrderedPartialAggregateStream=13184
event	135891	refusal	RepartitionExec[59]	1	625349	2140412	268400852	351	122	1417863		RepartitionExec=266969805;RepartitionExec[Merge]=1417863;OrderedPartialAggregateStream=13184
event	135939	refusal	RepartitionExec[29]	1	468443	2688658	268400852	351	122	1417863		RepartitionExec=266969805;RepartitionExec[Merge]=1417863;OrderedPartialAggregateStream=13184
event	135968	refusal	RepartitionExec[37]	1	468104	2140412	268400852	351	122	1417863		RepartitionExec=266969805;RepartitionExec[Merge]=1417863;OrderedPartialAggregateStream=13184
event	135998	refusal	RepartitionExec[33]	1	595570	2688658	268400852	351	122	1417863		RepartitionExec=266969805;RepartitionExec[Merge]=1417863;OrderedPartialAggregateStream=13184
event	136008	refusal	RepartitionExec[27]	1	918986	2688658	268400852	351	122	1417863		RepartitionExec=266969805;RepartitionExec[Merge]=1417863;OrderedPartialAggregateStream=13184
event	136058	refusal	RepartitionExec[18]	1	505187	2688658	268400852	351	122	1417863		RepartitionExec=266969805;RepartitionExec[Merge]=1417863;OrderedPartialAggregateStream=13184
event	136091	refusal	RepartitionExec[38]	1	1036304	2140412	268400852	351	122	1417863		RepartitionExec=266969805;RepartitionExec[Merge]=1417863;OrderedPartialAggregateStream=13184
event	136131	refusal	RepartitionExec[51]	1	469678	2140412	268400852	351	122	1417863		RepartitionExec=266969805;RepartitionExec[Merge]=1417863;OrderedPartialAggregateStream=13184
event	136132	refusal	RepartitionExec[20]	1	1036304	2688658	268400852	351	122	1417863		RepartitionExec=266969805;RepartitionExec[Merge]=1417863;OrderedPartialAggregateStream=13184
event	136206	refusal	RepartitionExec[29]	1	627822	2688658	268400852	351	122	1417863		RepartitionExec=266969805;RepartitionExec[Merge]=1417863;OrderedPartialAggregateStream=13184
event	136225	refusal	RepartitionExec[69]	1	620067	2140412	268400852	351	122	1417863		RepartitionExec=266969805;RepartitionExec[Merge]=1417863;OrderedPartialAggregateStream=13184
event	136269	refusal	RepartitionExec[24]	1	1036304	2688658	268400852	351	122	1417863		RepartitionExec=266969805;RepartitionExec[Merge]=1417863;OrderedPartialAggregateStream=13184
event	136312	refusal	RepartitionExec[37]	1	981017	2140412	268400852	351	122	1417863		RepartitionExec=266969805;RepartitionExec[Merge]=1417863;OrderedPartialAggregateStream=13184
event	136349	refusal	RepartitionExec[70]	1	620067	2140412	268400852	351	122	1417863		RepartitionExec=266969805;RepartitionExec[Merge]=1417863;OrderedPartialAggregateStream=13184
event	136400	refusal	RepartitionExec[22]	1	849763	2688658	268400852	351	122	1417863		RepartitionExec=266969805;RepartitionExec[Merge]=1417863;OrderedPartialAggregateStream=13184
event	136420	refusal	RepartitionExec[18]	1	738735	2688658	268400852	351	122	1417863		RepartitionExec=266969805;RepartitionExec[Merge]=1417863;OrderedPartialAggregateStream=13184
event	136424	refusal	RepartitionExec[60]	1	625349	2140412	268400852	351	122	1417863		RepartitionExec=266969805;RepartitionExec[Merge]=1417863;OrderedPartialAggregateStream=13184
event	136449	refusal	RepartitionExec[30]	1	468443	2688658	268400852	351	122	1417863		RepartitionExec=266969805;RepartitionExec[Merge]=1417863;OrderedPartialAggregateStream=13184
event	136483	refusal	RepartitionExec[38]	1	468104	2140412	268400852	351	122	1417863		RepartitionExec=266969805;RepartitionExec[Merge]=1417863;OrderedPartialAggregateStream=13184
event	136491	refusal	RepartitionExec[19]	1	738735	2688658	268400852	351	122	1417863		RepartitionExec=266969805;RepartitionExec[Merge]=1417863;OrderedPartialAggregateStream=13184
event	136532	refusal	RepartitionExec[28]	1	918986	2688658	268400852	351	122	1417863		RepartitionExec=266969805;RepartitionExec[Merge]=1417863;OrderedPartialAggregateStream=13184
event	136552	refusal	RepartitionExec[19]	1	505187	2688658	268400852	351	122	1417863		RepartitionExec=266969805;RepartitionExec[Merge]=1417863;OrderedPartialAggregateStream=13184
event	136592	refusal	RepartitionExec[39]	1	1036304	2140412	268400852	351	122	1417863		RepartitionExec=266969805;RepartitionExec[Merge]=1417863;OrderedPartialAggregateStream=13184
event	136625	refusal	RepartitionExec[52]	1	469678	2140412	268400852	351	122	1417863		RepartitionExec=266969805;RepartitionExec[Merge]=1417863;OrderedPartialAggregateStream=13184
event	136640	refusal	RepartitionExec[21]	1	1036304	2688658	268400852	351	122	1417863		RepartitionExec=266969805;RepartitionExec[Merge]=1417863;OrderedPartialAggregateStream=13184
event	136660	refusal	RepartitionExec[30]	1	627822	2688658	268400852	351	122	1417863		RepartitionExec=266969805;RepartitionExec[Merge]=1417863;OrderedPartialAggregateStream=13184
event	136691	refusal	RepartitionExec[106]	1	883589	2022755	268400852	351	122	1417863		RepartitionExec=266969805;RepartitionExec[Merge]=1417863;OrderedPartialAggregateStream=13184
event	136698	refusal	RepartitionExec[53]	1	469678	2140412	268400852	351	122	1417863		RepartitionExec=266969805;RepartitionExec[Merge]=1417863;OrderedPartialAggregateStream=13184
event	136725	refusal	RepartitionExec[38]	1	981017	2140412	268400852	351	122	1417863		RepartitionExec=266969805;RepartitionExec[Merge]=1417863;OrderedPartialAggregateStream=13184
event	136789	refusal	RepartitionExec[71]	1	620067	2140412	268400852	351	122	1417863		RepartitionExec=266969805;RepartitionExec[Merge]=1417863;OrderedPartialAggregateStream=13184
event	136818	refusal	RepartitionExec[23]	1	849763	2688658	268400852	351	122	1417863		RepartitionExec=266969805;RepartitionExec[Merge]=1417863;OrderedPartialAggregateStream=13184
event	136824	refusal	RepartitionExec[61]	1	625349	2140412	268400852	351	122	1417863		RepartitionExec=266969805;RepartitionExec[Merge]=1417863;OrderedPartialAggregateStream=13184
event	136854	refusal	RepartitionExec[34]	1	595570	2688658	268400852	351	122	1417863		RepartitionExec=266969805;RepartitionExec[Merge]=1417863;OrderedPartialAggregateStream=13184
event	136876	refusal	RepartitionExec[31]	1	468443	2804698	268400852	351	122	1417863		RepartitionExec=266969805;RepartitionExec[Merge]=1417863;OrderedPartialAggregateStream=13184
event	136903	refusal	RepartitionExec[62]	1	625349	2140412	268400852	351	122	1417863		RepartitionExec=266969805;RepartitionExec[Merge]=1417863;OrderedPartialAggregateStream=13184
event	136922	refusal	RepartitionExec[20]	1	738735	2688658	268400852	351	122	1417863		RepartitionExec=266969805;RepartitionExec[Merge]=1417863;OrderedPartialAggregateStream=13184
event	136957	refusal	RepartitionExec[29]	1	918986	2688658	268400852	351	122	1417863		RepartitionExec=266969805;RepartitionExec[Merge]=1417863;OrderedPartialAggregateStream=13184
event	136974	refusal	RepartitionExec[20]	1	505187	2688658	268400852	351	122	1417863		RepartitionExec=266969805;RepartitionExec[Merge]=1417863;OrderedPartialAggregateStream=13184
event	137006	refusal	RepartitionExec[40]	1	1036304	2140412	268400852	351	122	1417863		RepartitionExec=266969805;RepartitionExec[Merge]=1417863;OrderedPartialAggregateStream=13184
event	137038	refusal	RepartitionExec[25]	1	1036304	2688658	268400852	351	122	1417863		RepartitionExec=266969805;RepartitionExec[Merge]=1417863;OrderedPartialAggregateStream=13184
event	137062	refusal	RepartitionExec[22]	1	1036304	2688658	268400852	351	122	1417863		RepartitionExec=266969805;RepartitionExec[Merge]=1417863;OrderedPartialAggregateStream=13184
event	137083	refusal	RepartitionExec[31]	1	627822	2804698	268400852	351	122	1417863		RepartitionExec=266969805;RepartitionExec[Merge]=1417863;OrderedPartialAggregateStream=13184
event	137101	refusal	RepartitionExec[107]	1	883589	1417263	268400852	351	122	1417863		RepartitionExec=266969805;RepartitionExec[Merge]=1417863;OrderedPartialAggregateStream=13184
event	137120	refusal	RepartitionExec[54]	1	469678	2140412	268400852	351	122	1417863		RepartitionExec=266969805;RepartitionExec[Merge]=1417863;OrderedPartialAggregateStream=13184
event	137174	refusal	RepartitionExec[32]	1	627822	2688658	268400852	351	122	1417863		RepartitionExec=266969805;RepartitionExec[Merge]=1417863;OrderedPartialAggregateStream=13184
event	137175	refusal	RepartitionExec[108]	1	883589	1417263	268400852	351	122	1417863		RepartitionExec=266969805;RepartitionExec[Merge]=1417863;OrderedPartialAggregateStream=13184
event	137226	refusal	RepartitionExec[24]	1	849763	2688658	268400852	351	122	1417863		RepartitionExec=266969805;RepartitionExec[Merge]=1417863;OrderedPartialAggregateStream=13184
event	137233	refusal	RepartitionExec[39]	1	468104	2140412	268400852	351	122	1417863		RepartitionExec=266969805;RepartitionExec[Merge]=1417863;OrderedPartialAggregateStream=13184
event	137255	refusal	RepartitionExec[35]	1	595570	2140412	268400852	351	122	1417863		RepartitionExec=266969805;RepartitionExec[Merge]=1417863;OrderedPartialAggregateStream=13184
event	137290	refusal	RepartitionExec[32]	1	468443	2688658	268400852	351	122	1417863		RepartitionExec=266969805;RepartitionExec[Merge]=1417863;OrderedPartialAggregateStream=13184
event	137305	refusal	RepartitionExec[25]	1	849763	2688658	268400852	351	122	1417863		RepartitionExec=266969805;RepartitionExec[Merge]=1417863;OrderedPartialAggregateStream=13184
event	137330	refusal	RepartitionExec[21]	1	738735	2688658	268400852	351	122	1417863		RepartitionExec=266969805;RepartitionExec[Merge]=1417863;OrderedPartialAggregateStream=13184
event	137358	refusal	RepartitionExec[30]	1	918986	2688658	268400852	351	122	1417863		RepartitionExec=266969805;RepartitionExec[Merge]=1417863;OrderedPartialAggregateStream=13184
event	137375	refusal	RepartitionExec[21]	1	505187	2688658	268400852	351	122	1417863		RepartitionExec=266969805;RepartitionExec[Merge]=1417863;OrderedPartialAggregateStream=13184
event	137418	refusal	RepartitionExec[41]	1	1036304	2199108	268400852	351	122	1417863		RepartitionExec=266969805;RepartitionExec[Merge]=1417863;OrderedPartialAggregateStream=13184
event	137446	refusal	RepartitionExec[31]	1	918986	2804698	268400852	351	122	1417863		RepartitionExec=266969805;RepartitionExec[Merge]=1417863;OrderedPartialAggregateStream=13184
event	137461	refusal	RepartitionExec[23]	1	1036304	2688658	268400852	351	122	1417863		RepartitionExec=266969805;RepartitionExec[Merge]=1417863;OrderedPartialAggregateStream=13184
event	137482	refusal	RepartitionExec[72]	1	620067	2140412	268400852	351	122	1417863		RepartitionExec=266969805;RepartitionExec[Merge]=1417863;OrderedPartialAggregateStream=13184
event	137509	refusal	RepartitionExec[55]	1	469678	2140412	268400852	351	122	1417863		RepartitionExec=266969805;RepartitionExec[Merge]=1417863;OrderedPartialAggregateStream=13184
event	137540	refusal	RepartitionExec[33]	1	627822	2688658	268400852	351	122	1417863		RepartitionExec=266969805;RepartitionExec[Merge]=1417863;OrderedPartialAggregateStream=13184
event	137553	refusal	RepartitionExec[73]	1	620067	2140412	268400852	351	122	1417863		RepartitionExec=266969805;RepartitionExec[Merge]=1417863;OrderedPartialAggregateStream=13184
event	137588	refusal	RepartitionExec[39]	1	981017	2140412	268400852	351	122	1417863		RepartitionExec=266969805;RepartitionExec[Merge]=1417863;OrderedPartialAggregateStream=13184
event	137607	refusal	RepartitionExec[63]	1	625349	2140412	268400852	351	122	1417863		RepartitionExec=266969805;RepartitionExec[Merge]=1417863;OrderedPartialAggregateStream=13184
event	137632	refusal	RepartitionExec[40]	1	468104	2140412	268400852	351	122	1417863		RepartitionExec=266969805;RepartitionExec[Merge]=1417863;OrderedPartialAggregateStream=13184
event	137658	refusal	RepartitionExec[36]	1	595570	2607281	268400852	351	122	1417863		RepartitionExec=266969805;RepartitionExec[Merge]=1417863;OrderedPartialAggregateStream=13184
event	137676	refusal	RepartitionExec[64]	1	625349	2199108	268400852	351	122	1417863		RepartitionExec=266969805;RepartitionExec[Merge]=1417863;OrderedPartialAggregateStream=13184
event	137704	refusal	RepartitionExec[26]	1	849763	2688658	268400852	351	122	1417863		RepartitionExec=266969805;RepartitionExec[Merge]=1417863;OrderedPartialAggregateStream=13184
event	137732	refusal	RepartitionExec[22]	1	738735	2688658	268400852	351	122	1417863		RepartitionExec=266969805;RepartitionExec[Merge]=1417863;OrderedPartialAggregateStream=13184
event	137779	refusal	RepartitionExec[26]	1	1036304	2688658	268400852	351	122	1417863		RepartitionExec=266969805;RepartitionExec[Merge]=1417863;OrderedPartialAggregateStream=13184
event	137786	refusal	RepartitionExec[22]	1	505187	2688658	268400852	351	122	1417863		RepartitionExec=266969805;RepartitionExec[Merge]=1417863;OrderedPartialAggregateStream=13184
event	137802	refusal	RepartitionExec[23]	1	738735	2688658	268400852	351	122	1417863		RepartitionExec=266969805;RepartitionExec[Merge]=1417863;OrderedPartialAggregateStream=13184
event	137840	refusal	RepartitionExec[32]	1	918986	2688658	268400852	351	122	1417863		RepartitionExec=266969805;RepartitionExec[Merge]=1417863;OrderedPartialAggregateStream=13184
event	137855	refusal	RepartitionExec[27]	1	1036304	2688658	268400852	351	122	1417863		RepartitionExec=266969805;RepartitionExec[Merge]=1417863;OrderedPartialAggregateStream=13184
event	137873	refusal	RepartitionExec[24]	1	738735	2688658	268400852	351	122	1417863		RepartitionExec=266969805;RepartitionExec[Merge]=1417863;OrderedPartialAggregateStream=13184
event	137910	refusal	RepartitionExec[56]	1	469678	2140412	268400852	351	122	1417863		RepartitionExec=266969805;RepartitionExec[Merge]=1417863;OrderedPartialAggregateStream=13184
event	137925	refusal	RepartitionExec[34]	1	627822	2688658	268400852	351	122	1417863		RepartitionExec=266969805;RepartitionExec[Merge]=1417863;OrderedPartialAggregateStream=13184
event	137944	refusal	RepartitionExec[74]	1	620067	2140412	268400852	351	122	1417863		RepartitionExec=266969805;RepartitionExec[Merge]=1417863;OrderedPartialAggregateStream=13184
event	137973	refusal	RepartitionExec[40]	1	981017	2140412	268400852	351	122	1417863		RepartitionExec=266969805;RepartitionExec[Merge]=1417863;OrderedPartialAggregateStream=13184
event	138008	refusal	RepartitionExec[33]	1	468443	2688658	268400852	351	122	1417863		RepartitionExec=266969805;RepartitionExec[Merge]=1417863;OrderedPartialAggregateStream=13184
event	138024	refusal	RepartitionExec[41]	1	468104	2199108	268400852	351	122	1417863		RepartitionExec=266969805;RepartitionExec[Merge]=1417863;OrderedPartialAggregateStream=13184
event	138045	refusal	RepartitionExec[37]	1	595570	2140412	268400852	351	122	1417863		RepartitionExec=266969805;RepartitionExec[Merge]=1417863;OrderedPartialAggregateStream=13184
event	138075	refusal	RepartitionExec[65]	1	625349	2140412	268400852	351	122	1417863		RepartitionExec=266969805;RepartitionExec[Merge]=1417863;OrderedPartialAggregateStream=13184
event	138095	refusal	RepartitionExec[42]	1	468104	2140412	268400852	351	122	1417863		RepartitionExec=266969805;RepartitionExec[Merge]=1417863;OrderedPartialAggregateStream=13184
event	138119	refusal	RepartitionExec[38]	1	595570	2140412	268400852	351	122	1417863		RepartitionExec=266969805;RepartitionExec[Merge]=1417863;OrderedPartialAggregateStream=13184
event	138157	refusal	RepartitionExec[24]	1	1036304	2688658	268400852	351	122	1417863		RepartitionExec=266969805;RepartitionExec[Merge]=1417863;OrderedPartialAggregateStream=13184
event	138171	refusal	RepartitionExec[23]	1	505187	2688658	268400852	351	122	1417863		RepartitionExec=266969805;RepartitionExec[Merge]=1417863;OrderedPartialAggregateStream=13184
event	138191	refusal	RepartitionExec[39]	1	595570	2140412	268400852	351	122	1417863		RepartitionExec=266969805;RepartitionExec[Merge]=1417863;OrderedPartialAggregateStream=13184
event	138222	refusal	RepartitionExec[33]	1	918986	2688658	268400852	351	122	1417863		RepartitionExec=266969805;RepartitionExec[Merge]=1417863;OrderedPartialAggregateStream=13184
event	138255	refusal	RepartitionExec[24]	1	505187	2688658	268400852	351	122	1417863		RepartitionExec=266969805;RepartitionExec[Merge]=1417863;OrderedPartialAggregateStream=13184
event	138282	refusal	RepartitionExec[40]	1	595570	2140412	268400852	351	122	1417863		RepartitionExec=266969805;RepartitionExec[Merge]=1417863;OrderedPartialAggregateStream=13184
event	138309	refusal	RepartitionExec[57]	1	469678	2140412	268400852	351	122	1417863		RepartitionExec=266969805;RepartitionExec[Merge]=1417863;OrderedPartialAggregateStream=13184
event	138332	refusal	RepartitionExec[25]	1	505187	2688658	268400852	351	122	1417863		RepartitionExec=266969805;RepartitionExec[Merge]=1417863;OrderedPartialAggregateStream=13184
event	138355	refusal	RepartitionExec[41]	1	595570	2199108	268400852	351	122	1417863		RepartitionExec=266969805;RepartitionExec[Merge]=1417863;OrderedPartialAggregateStream=13184
event	138393	refusal	RepartitionExec[41]	1	981017	2199108	268400852	351	122	1417863		RepartitionExec=266969805;RepartitionExec[Merge]=1417863;OrderedPartialAggregateStream=13184
event	138414	refusal	RepartitionExec[34]	1	468443	2688658	268400852	351	122	1417863		RepartitionExec=266969805;RepartitionExec[Merge]=1417863;OrderedPartialAggregateStream=13184
event	138442	refusal	RepartitionExec[27]	1	849763	2688658	268400852	351	122	1417863		RepartitionExec=266969805;RepartitionExec[Merge]=1417863;OrderedPartialAggregateStream=13184
event	138485	refusal	RepartitionExec[42]	1	1036304	2140412	268400852	351	122	1417863		RepartitionExec=266969805;RepartitionExec[Merge]=1417863;OrderedPartialAggregateStream=13184
event	138506	refusal	RepartitionExec[66]	1	625349	2140412	268400852	351	122	1417863		RepartitionExec=266969805;RepartitionExec[Merge]=1417863;OrderedPartialAggregateStream=13184
event	138512	refusal	RepartitionExec[43]	1	468104	2140412	268400852	351	122	1417863		RepartitionExec=266969805;RepartitionExec[Merge]=1417863;OrderedPartialAggregateStream=13184
event	138540	refusal	RepartitionExec[109]	1	883589	1417263	268400852	351	122	1417863		RepartitionExec=266969805;RepartitionExec[Merge]=1417863;OrderedPartialAggregateStream=13184
event	138558	refusal	RepartitionExec[25]	1	1036304	2688658	268400852	351	122	1417863		RepartitionExec=266969805;RepartitionExec[Merge]=1417863;OrderedPartialAggregateStream=13184
event	138579	refusal	RepartitionExec[67]	1	625349	2140412	268400852	351	122	1417863		RepartitionExec=266969805;RepartitionExec[Merge]=1417863;OrderedPartialAggregateStream=13184
event	138619	refusal	RepartitionExec[25]	1	738735	2688658	268400852	351	122	1417863		RepartitionExec=266969805;RepartitionExec[Merge]=1417863;OrderedPartialAggregateStream=13184
event	138636	refusal	RepartitionExec[34]	1	918986	2688658	268400852	351	122	1417863		RepartitionExec=266969805;RepartitionExec[Merge]=1417863;OrderedPartialAggregateStream=13184
event	138679	refusal	RepartitionExec[35]	1	627822	2140412	268400852	351	122	1417863		RepartitionExec=266969805;RepartitionExec[Merge]=1417863;OrderedPartialAggregateStream=13184
event	138702	refusal	RepartitionExec[75]	1	620067	2256452	268400852	351	122	1417863		RepartitionExec=266969805;RepartitionExec[Merge]=1417863;OrderedPartialAggregateStream=13184
event	138706	refusal	RepartitionExec[35]	1	918986	2140412	268400852	351	122	1417863		RepartitionExec=266969805;RepartitionExec[Merge]=1417863;OrderedPartialAggregateStream=13184
event	138727	refusal	RepartitionExec[26]	1	505187	2688658	268400852	351	122	1417863		RepartitionExec=266969805;RepartitionExec[Merge]=1417863;OrderedPartialAggregateStream=13184
event	138749	refusal	RepartitionExec[42]	1	595570	2140412	268400852	351	122	1417863		RepartitionExec=266969805;RepartitionExec[Merge]=1417863;OrderedPartialAggregateStream=13184
event	138784	refusal	RepartitionExec[42]	1	981017	2140412	268400852	351	122	1417863		RepartitionExec=266969805;RepartitionExec[Merge]=1417863;OrderedPartialAggregateStream=13184
event	138796	refusal	RepartitionExec[27]	1	505187	2688658	268400852	351	122	1417863		RepartitionExec=266969805;RepartitionExec[Merge]=1417863;OrderedPartialAggregateStream=13184
event	138839	refusal	RepartitionExec[43]	1	595570	2140412	268400852	351	122	1417863		RepartitionExec=266969805;RepartitionExec[Merge]=1417863;OrderedPartialAggregateStream=13184
event	138867	refusal	RepartitionExec[43]	1	1036304	2140412	268400852	351	122	1417863		RepartitionExec=266969805;RepartitionExec[Merge]=1417863;OrderedPartialAggregateStream=13184
event	138896	refusal	RepartitionExec[28]	1	1036304	2688658	268400852	351	122	1417863		RepartitionExec=266969805;RepartitionExec[Merge]=1417863;OrderedPartialAggregateStream=13184
event	138923	refusal	RepartitionExec[44]	1	468104	2140412	268400852	351	122	1417863		RepartitionExec=266969805;RepartitionExec[Merge]=1417863;OrderedPartialAggregateStream=13184
event	138938	refusal	RepartitionExec[110]	1	883589	1417263	268400852	351	122	1417863		RepartitionExec=266969805;RepartitionExec[Merge]=1417863;OrderedPartialAggregateStream=13184
event	138953	refusal	RepartitionExec[26]	1	1036304	2688658	268400852	351	122	1417863		RepartitionExec=266969805;RepartitionExec[Merge]=1417863;OrderedPartialAggregateStream=13184
event	138980	refusal	RepartitionExec[29]	1	1036304	2688658	268400852	351	122	1417863		RepartitionExec=266969805;RepartitionExec[Merge]=1417863;OrderedPartialAggregateStream=13184
event	139003	refusal	RepartitionExec[26]	1	738735	2688658	268400852	351	122	1417863		RepartitionExec=266969805;RepartitionExec[Merge]=1417863;OrderedPartialAggregateStream=13184
event	139028	refusal	RepartitionExec[58]	1	469678	2140412	268400852	351	122	1417863		RepartitionExec=266969805;RepartitionExec[Merge]=1417863;OrderedPartialAggregateStream=13184
event	139063	refusal	RepartitionExec[36]	1	627822	2607281	268400852	351	122	1417863		RepartitionExec=266969805;RepartitionExec[Merge]=1417863;OrderedPartialAggregateStream=13184
event	139081	refusal	RepartitionExec[27]	1	738735	2688658	268400852	351	122	1417863		RepartitionExec=266969805;RepartitionExec[Merge]=1417863;OrderedPartialAggregateStream=13184
event	139107	refusal	RepartitionExec[36]	1	918986	2607281	268400852	351	122	1417863		RepartitionExec=266969805;RepartitionExec[Merge]=1417863;OrderedPartialAggregateStream=13184
event	139154	refusal	RepartitionExec[35]	1	468443	2140412	268400852	351	122	1417863		RepartitionExec=266969805;RepartitionExec[Merge]=1417863;OrderedPartialAggregateStream=13184
event	139180	refusal	RepartitionExec[28]	1	849763	2688658	268400852	351	122	1417863		RepartitionExec=266969805;RepartitionExec[Merge]=1417863;OrderedPartialAggregateStream=13184
event	139189	refusal	RepartitionExec[37]	1	918986	2140412	268400852	351	122	1417863		RepartitionExec=266969805;RepartitionExec[Merge]=1417863;OrderedPartialAggregateStream=13184
event	139209	refusal	RepartitionExec[28]	1	505187	2688658	268400852	351	122	1417863		RepartitionExec=266969805;RepartitionExec[Merge]=1417863;OrderedPartialAggregateStream=13184
event	139233	refusal	RepartitionExec[36]	1	468443	2607281	268400852	351	122	1417863		RepartitionExec=266969805;RepartitionExec[Merge]=1417863;OrderedPartialAggregateStream=13184
event	139302	refusal	RepartitionExec[44]	1	1036304	2140412	268400852	351	122	1417863		RepartitionExec=266969805;RepartitionExec[Merge]=1417863;OrderedPartialAggregateStream=13184
event	139308	refusal	RepartitionExec[68]	1	625349	2140412	268400852	351	122	1417863		RepartitionExec=266969805;RepartitionExec[Merge]=1417863;OrderedPartialAggregateStream=13184
event	139332	refusal	RepartitionExec[45]	1	468104	2140412	268400852	351	122	1417863		RepartitionExec=266969805;RepartitionExec[Merge]=1417863;OrderedPartialAggregateStream=13184
event	139363	refusal	RepartitionExec[111]	1	883589	1417263	268400852	351	122	1417863		RepartitionExec=266969805;RepartitionExec[Merge]=1417863;OrderedPartialAggregateStream=13184
event	139377	refusal	RepartitionExec[27]	1	1036304	2688658	268400852	351	122	1417863		RepartitionExec=266969805;RepartitionExec[Merge]=1417863;OrderedPartialAggregateStream=13184
event	139406	refusal	RepartitionExec[30]	1	1036304	2688658	268400852	351	122	1417863		RepartitionExec=266969805;RepartitionExec[Merge]=1417863;OrderedPartialAggregateStream=13184
event	139439	refusal	RepartitionExec[76]	1	620067	2140412	268400852	351	122	1417863		RepartitionExec=266969805;RepartitionExec[Merge]=1417863;OrderedPartialAggregateStream=13184
event	139463	refusal	RepartitionExec[59]	1	469678	2140412	268400852	351	122	1417863		RepartitionExec=266969805;RepartitionExec[Merge]=1417863;OrderedPartialAggregateStream=13184
event	139479	refusal	RepartitionExec[31]	1	1036304	2804698	268400852	351	122	1417863		RepartitionExec=266969805;RepartitionExec[Merge]=1417863;OrderedPartialAggregateStream=13184
event	139516	refusal	RepartitionExec[28]	1	738735	2688658	268400852	351	122	1417863		RepartitionExec=266969805;RepartitionExec[Merge]=1417863;OrderedPartialAggregateStream=13184
event	139553	refusal	RepartitionExec[43]	1	981017	2140412	268400852	351	122	1417863		RepartitionExec=266969805;RepartitionExec[Merge]=1417863;OrderedPartialAggregateStream=13184
event	139560	refusal	RepartitionExec[44]	1	595570	2140412	268400852	351	122	1417863		RepartitionExec=266969805;RepartitionExec[Merge]=1417863;OrderedPartialAggregateStream=13184
event	139584	refusal	RepartitionExec[29]	1	849763	2688658	268400852	351	122	1417863		RepartitionExec=266969805;RepartitionExec[Merge]=1417863;OrderedPartialAggregateStream=13184
event	139611	refusal	RepartitionExec[38]	1	918986	2140412	268400852	351	122	1417863		RepartitionExec=266969805;RepartitionExec[Merge]=1417863;OrderedPartialAggregateStream=13184
event	139650	refusal	RepartitionExec[29]	1	505187	2688658	268400852	351	122	1417863		RepartitionExec=266969805;RepartitionExec[Merge]=1417863;OrderedPartialAggregateStream=13184
event	139679	refusal	RepartitionExec[30]	1	849763	2688658	268400852	351	122	1417863		RepartitionExec=266969805;RepartitionExec[Merge]=1417863;OrderedPartialAggregateStream=13184
event	139715	refusal	RepartitionExec[69]	1	625349	2140412	268400852	351	122	1417863		RepartitionExec=266969805;RepartitionExec[Merge]=1417863;OrderedPartialAggregateStream=13184
event	139725	refusal	RepartitionExec[45]	1	1036304	2140412	268400852	351	122	1417863		RepartitionExec=266969805;RepartitionExec[Merge]=1417863;OrderedPartialAggregateStream=13184
event	139735	refusal	RepartitionExec[46]	1	468104	2140412	268400852	351	122	1417863		RepartitionExec=266969805;RepartitionExec[Merge]=1417863;OrderedPartialAggregateStream=13184
event	139762	refusal	RepartitionExec[31]	1	849763	2804698	268400852	351	122	1417863		RepartitionExec=266969805;RepartitionExec[Merge]=1417863;OrderedPartialAggregateStream=13184
event	139783	refusal	RepartitionExec[28]	1	1036304	2688658	268400852	351	122	1417863		RepartitionExec=266969805;RepartitionExec[Merge]=1417863;OrderedPartialAggregateStream=13184
event	139814	refusal	RepartitionExec[37]	1	627822	2140412	268400852	351	122	1417863		RepartitionExec=266969805;RepartitionExec[Merge]=1417863;OrderedPartialAggregateStream=13184
event	139834	refusal	RepartitionExec[77]	1	620067	2140412	268400852	351	122	1417863		RepartitionExec=266969805;RepartitionExec[Merge]=1417863;OrderedPartialAggregateStream=13184
event	139858	refusal	RepartitionExec[60]	1	469678	2140412	268400852	351	122	1417863		RepartitionExec=266969805;RepartitionExec[Merge]=1417863;OrderedPartialAggregateStream=13184
event	139882	refusal	RepartitionExec[32]	1	1036304	2688658	268400852	351	122	1417863		RepartitionExec=266969805;RepartitionExec[Merge]=1417863;OrderedPartialAggregateStream=13184
event	139906	refusal	RepartitionExec[29]	1	738735	2688658	268400852	351	122	1417863		RepartitionExec=266969805;RepartitionExec[Merge]=1417863;OrderedPartialAggregateStream=13184
event	139960	refusal	RepartitionExec[44]	1	981017	2140412	268400852	351	122	1417863		RepartitionExec=266969805;RepartitionExec[Merge]=1417863;OrderedPartialAggregateStream=13184
event	139969	refusal	RepartitionExec[45]	1	595570	2140412	268400852	351	122	1417863		RepartitionExec=266969805;RepartitionExec[Merge]=1417863;OrderedPartialAggregateStream=13184
event	139995	refusal	RepartitionExec[37]	1	468443	2140412	268400852	351	122	1417863		RepartitionExec=266969805;RepartitionExec[Merge]=1417863;OrderedPartialAggregateStream=13184
event	140020	refusal	RepartitionExec[39]	1	918986	2140412	268400852	351	122	1417863		RepartitionExec=266969805;RepartitionExec[Merge]=1417863;OrderedPartialAggregateStream=13184
event	140057	refusal	RepartitionExec[30]	1	505187	2688658	268400852	351	122	1417863		RepartitionExec=266969805;RepartitionExec[Merge]=1417863;OrderedPartialAggregateStream=13184
event	140063	refusal	RepartitionExec[38]	1	468443	2140412	268400852	351	122	1417863		RepartitionExec=266969805;RepartitionExec[Merge]=1417863;OrderedPartialAggregateStream=13184
event	140102	refusal	RepartitionExec[70]	1	625349	2140412	268400852	351	122	1417863		RepartitionExec=266969805;RepartitionExec[Merge]=1417863;OrderedPartialAggregateStream=13184
event	140127	refusal	RepartitionExec[46]	1	1036304	2140412	268400852	351	122	1417863		RepartitionExec=266969805;RepartitionExec[Merge]=1417863;OrderedPartialAggregateStream=13184
event	140145	refusal	RepartitionExec[47]	1	468104	2140412	268400852	351	122	1417863		RepartitionExec=266969805;RepartitionExec[Merge]=1417863;OrderedPartialAggregateStream=13184
event	140172	refusal	RepartitionExec[32]	1	849763	2688658	268400852	351	122	1417863		RepartitionExec=266969805;RepartitionExec[Merge]=1417863;OrderedPartialAggregateStream=13184
event	140192	refusal	RepartitionExec[29]	1	1036304	2688658	268400852	351	122	1417863		RepartitionExec=266969805;RepartitionExec[Merge]=1417863;OrderedPartialAggregateStream=13184
event	140222	refusal	RepartitionExec[38]	1	627822	2140412	268400852	351	122	1417863		RepartitionExec=266969805;RepartitionExec[Merge]=1417863;OrderedPartialAggregateStream=13184
event	140242	refusal	RepartitionExec[78]	1	620067	2140412	268400852	351	122	1417863		RepartitionExec=266969805;RepartitionExec[Merge]=1417863;OrderedPartialAggregateStream=13184
event	140273	refusal	RepartitionExec[61]	1	469678	2140412	268400852	351	122	1417863		RepartitionExec=266969805;RepartitionExec[Merge]=1417863;OrderedPartialAggregateStream=13184
event	140299	refusal	RepartitionExec[33]	1	1036304	2688658	268400852	351	122	1417863		RepartitionExec=266969805;RepartitionExec[Merge]=1417863;OrderedPartialAggregateStream=13184
event	140322	refusal	RepartitionExec[30]	1	738735	2688658	268400852	351	122	1417863		RepartitionExec=266969805;RepartitionExec[Merge]=1417863;OrderedPartialAggregateStream=13184
event	140367	refusal	RepartitionExec[45]	1	981017	2140412	268400852	351	122	1417863		RepartitionExec=266969805;RepartitionExec[Merge]=1417863;OrderedPartialAggregateStream=13184
event	140392	refusal	RepartitionExec[46]	1	595570	2140412	268400852	351	122	1417863		RepartitionExec=266969805;RepartitionExec[Merge]=1417863;OrderedPartialAggregateStream=13184
event	140402	refusal	RepartitionExec[112]	1	883589	1900550	268400852	351	122	1417863		RepartitionExec=266969805;RepartitionExec[Merge]=1417863;OrderedPartialAggregateStream=13184
event	140426	refusal	RepartitionExec[40]	1	918986	2140412	268400852	351	122	1417863		RepartitionExec=266969805;RepartitionExec[Merge]=1417863;OrderedPartialAggregateStream=13184
event	140468	refusal	RepartitionExec[31]	1	505187	2804698	268400852	351	122	1417863		RepartitionExec=266969805;RepartitionExec[Merge]=1417863;OrderedPartialAggregateStream=13184
event	140473	refusal	RepartitionExec[113]	1	883589	1417263	268400852	351	122	1417863		RepartitionExec=266969805;RepartitionExec[Merge]=1417863;OrderedPartialAggregateStream=13184
event	140499	refusal	RepartitionExec[71]	1	625349	2140412	268400852	351	122	1417863		RepartitionExec=266969805;RepartitionExec[Merge]=1417863;OrderedPartialAggregateStream=13184
event	140540	refusal	RepartitionExec[47]	1	1036304	2140412	268400852	351	122	1417863		RepartitionExec=266969805;RepartitionExec[Merge]=1417863;OrderedPartialAggregateStream=13184
event	140548	refusal	RepartitionExec[114]	1	883589	1417263	268400852	351	122	1417863		RepartitionExec=266969805;RepartitionExec[Merge]=1417863;OrderedPartialAggregateStream=13184
event	140576	refusal	RepartitionExec[33]	1	849763	2688658	268400852	351	122	1417863		RepartitionExec=266969805;RepartitionExec[Merge]=1417863;OrderedPartialAggregateStream=13184
event	140601	refusal	RepartitionExec[30]	1	1036304	2688658	268400852	351	122	1417863		RepartitionExec=266969805;RepartitionExec[Merge]=1417863;OrderedPartialAggregateStream=13184
event	140624	refusal	RepartitionExec[48]	1	1036304	2140412	268400852	351	122	1417863		RepartitionExec=266969805;RepartitionExec[Merge]=1417863;OrderedPartialAggregateStream=13184
event	140638	refusal	RepartitionExec[79]	1	620067	1417263	268400852	351	122	1417863		RepartitionExec=266969805;RepartitionExec[Merge]=1417863;OrderedPartialAggregateStream=13184
event	140665	refusal	RepartitionExec[62]	1	469678	2140412	268400852	351	122	1417863		RepartitionExec=266969805;RepartitionExec[Merge]=1417863;OrderedPartialAggregateStream=13184
event	140703	refusal	RepartitionExec[34]	1	1036304	2688658	268400852	351	122	1417863		RepartitionExec=266969805;RepartitionExec[Merge]=1417863;OrderedPartialAggregateStream=13184
event	140719	refusal	RepartitionExec[31]	1	738735	2804698	268400852	351	122	1417863		RepartitionExec=266969805;RepartitionExec[Merge]=1417863;OrderedPartialAggregateStream=13184
event	140763	refusal	RepartitionExec[46]	1	981017	2140412	268400852	351	122	1417863		RepartitionExec=266969805;RepartitionExec[Merge]=1417863;OrderedPartialAggregateStream=13184
event	140775	refusal	RepartitionExec[47]	1	595570	2140412	268400852	351	122	1417863		RepartitionExec=266969805;RepartitionExec[Merge]=1417863;OrderedPartialAggregateStream=13184
event	140787	refusal	RepartitionExec[32]	1	738735	2688658	268400852	351	122	1417863		RepartitionExec=266969805;RepartitionExec[Merge]=1417863;OrderedPartialAggregateStream=13184
event	140818	refusal	RepartitionExec[41]	1	918986	2199108	268400852	351	122	1417863		RepartitionExec=266969805;RepartitionExec[Merge]=1417863;OrderedPartialAggregateStream=13184
event	140842	refusal	RepartitionExec[47]	1	981017	2140412	268400852	351	122	1417863		RepartitionExec=266969805;RepartitionExec[Merge]=1417863;OrderedPartialAggregateStream=13184
event	140856	refusal	RepartitionExec[33]	1	738735	2688658	268400852	351	122	1417863		RepartitionExec=266969805;RepartitionExec[Merge]=1417863;OrderedPartialAggregateStream=13184
event	140885	refusal	RepartitionExec[72]	1	625349	2140412	268400852	351	122	1417863		RepartitionExec=266969805;RepartitionExec[Merge]=1417863;OrderedPartialAggregateStream=13184
event	140913	refusal	RepartitionExec[39]	1	627822	2140412	268400852	351	122	1417863		RepartitionExec=266969805;RepartitionExec[Merge]=1417863;OrderedPartialAggregateStream=13184
event	140955	refusal	RepartitionExec[34]	1	849763	2688658	268400852	351	122	1417863		RepartitionExec=266969805;RepartitionExec[Merge]=1417863;OrderedPartialAggregateStream=13184
event	140980	refusal	RepartitionExec[31]	1	1036304	2804698	268400852	351	122	1417863		RepartitionExec=266969805;RepartitionExec[Merge]=1417863;OrderedPartialAggregateStream=13184
event	140988	refusal	RepartitionExec[115]	1	883589	1591999	268400852	351	122	1417863		RepartitionExec=266969805;RepartitionExec[Merge]=1417863;OrderedPartialAggregateStream=13184
event	141009	refusal	RepartitionExec[49]	1	1036304	2140412	268400852	351	122	1417863		RepartitionExec=266969805;RepartitionExec[Merge]=1417863;OrderedPartialAggregateStream=13184
event	141026	refusal	RepartitionExec[80]	1	620067	1417263	268400852	351	122	1417863		RepartitionExec=266969805;RepartitionExec[Merge]=1417863;OrderedPartialAggregateStream=13184
event	141053	refusal	RepartitionExec[63]	1	469678	2140412	268400852	351	122	1417863		RepartitionExec=266969805;RepartitionExec[Merge]=1417863;OrderedPartialAggregateStream=13184
event	141086	refusal	RepartitionExec[35]	1	1036304	2140412	268400852	351	122	1417863		RepartitionExec=266969805;RepartitionExec[Merge]=1417863;OrderedPartialAggregateStream=13184
event	141107	refusal	RepartitionExec[39]	1	468443	2140412	268400852	351	122	1417863		RepartitionExec=266969805;RepartitionExec[Merge]=1417863;OrderedPartialAggregateStream=13184
event	141144	refusal	RepartitionExec[64]	1	469678	2199108	268400852	351	122	1417863		RepartitionExec=266969805;RepartitionExec[Merge]=1417863;OrderedPartialAggregateStream=13184
event	141176	refusal	RepartitionExec[48]	1	595570	2140412	268400852	351	122	1417863		RepartitionExec=266969805;RepartitionExec[Merge]=1417863;OrderedPartialAggregateStream=13184
event	141198	refusal	RepartitionExec[48]	1	468104	2140412	268400852	351	122	1417863		RepartitionExec=266969805;RepartitionExec[Merge]=1417863;OrderedPartialAggregateStream=13184
event	141218	refusal	RepartitionExec[42]	1	918986	2140412	268400852	351	122	1417863		RepartitionExec=266969805;RepartitionExec[Merge]=1417863;OrderedPartialAggregateStream=13184
event	141245	refusal	RepartitionExec[48]	1	981017	2140412	268400852	351	122	1417863		RepartitionExec=266969805;RepartitionExec[Merge]=1417863;OrderedPartialAggregateStream=13184
event	141266	refusal	RepartitionExec[34]	1	738735	2688658	268400852	351	122	1417863		RepartitionExec=266969805;RepartitionExec[Merge]=1417863;OrderedPartialAggregateStream=13184
event	141297	refusal	RepartitionExec[73]	1	625349	2140412	268400852	351	122	1417863		RepartitionExec=266969805;RepartitionExec[Merge]=1417863;OrderedPartialAggregateStream=13184
event	141319	refusal	RepartitionExec[40]	1	627822	2140412	268400852	351	122	1417863		RepartitionExec=266969805;RepartitionExec[Merge]=1417863;OrderedPartialAggregateStream=13184
event	141351	refusal	RepartitionExec[35]	1	849763	2140412	268400852	351	122	1417863		RepartitionExec=266969805;RepartitionExec[Merge]=1417863;OrderedPartialAggregateStream=13184
event	141372	refusal	RepartitionExec[74]	1	625349	2140412	268400852	351	122	1417863		RepartitionExec=266969805;RepartitionExec[Merge]=1417863;OrderedPartialAggregateStream=13184
event	141397	refusal	RepartitionExec[116]	1	883589	2593549	268400852	351	122	1417863		RepartitionExec=266969805;RepartitionExec[Merge]=1417863;OrderedPartialAggregateStream=13184
event	141433	refusal	RepartitionExec[50]	1	1036304	2140412	268400852	351	122	1417863		RepartitionExec=266969805;RepartitionExec[Merge]=1417863;OrderedPartialAggregateStream=13184
event	141445	refusal	RepartitionExec[81]	1	620067	1417263	268400852	351	122	1417863		RepartitionExec=266969805;RepartitionExec[Merge]=1417863;OrderedPartialAggregateStream=13184
event	141472	refusal	RepartitionExec[32]	1	505187	2688658	268400852	351	122	1417863		RepartitionExec=266969805;RepartitionExec[Merge]=1417863;OrderedPartialAggregateStream=13184
event	141504	refusal	RepartitionExec[36]	1	1036304	2607281	268400852	351	122	1417863		RepartitionExec=266969805;RepartitionExec[Merge]=1417863;OrderedPartialAggregateStream=13184
event	141527	refusal	RepartitionExec[40]	1	468443	2140412	268400852	351	122	1417863		RepartitionExec=266969805;RepartitionExec[Merge]=1417863;OrderedPartialAggregateStream=13184
event	141570	refusal	RepartitionExec[65]	1	469678	2140412	268400852	351	122	1417863		RepartitionExec=266969805;RepartitionExec[Merge]=1417863;OrderedPartialAggregateStream=13184
event	141597	refusal	RepartitionExec[49]	1	595570	2140412	268400852	351	122	1417863		RepartitionExec=266969805;RepartitionExec[Merge]=1417863;OrderedPartialAggregateStream=13184
event	141602	refusal	RepartitionExec[41]	1	468443	2199108	268400852	351	122	1417863		RepartitionExec=266969805;RepartitionExec[Merge]=1417863;OrderedPartialAggregateStream=13184
event	141625	refusal	RepartitionExec[43]	1	918986	2140412	268400852	351	122	1417863		RepartitionExec=266969805;RepartitionExec[Merge]=1417863;OrderedPartialAggregateStream=13184
event	141651	refusal	RepartitionExec[66]	1	469678	2140412	268400852	351	122	1417863		RepartitionExec=266969805;RepartitionExec[Merge]=1417863;OrderedPartialAggregateStream=13184
event	141669	refusal	RepartitionExec[42]	1	468443	2140412	268400852	351	122	1417863		RepartitionExec=266969805;RepartitionExec[Merge]=1417863;OrderedPartialAggregateStream=13184
event	141716	refusal	RepartitionExec[44]	1	918986	2140412	268400852	351	122	1417863		RepartitionExec=266969805;RepartitionExec[Merge]=1417863;OrderedPartialAggregateStream=13184
event	141740	refusal	RepartitionExec[41]	1	627822	2199108	268400852	351	122	1417863		RepartitionExec=266969805;RepartitionExec[Merge]=1417863;OrderedPartialAggregateStream=13184
event	141754	refusal	RepartitionExec[36]	1	849763	2607281	268400852	351	122	1417863		RepartitionExec=266969805;RepartitionExec[Merge]=1417863;OrderedPartialAggregateStream=13184
event	141780	refusal	RepartitionExec[75]	1	625349	2256452	268400852	351	122	1417863		RepartitionExec=266969805;RepartitionExec[Merge]=1417863;OrderedPartialAggregateStream=13184
event	141799	refusal	RepartitionExec[117]	1	883589	1649343	268400852	351	122	1417863		RepartitionExec=266969805;RepartitionExec[Merge]=1417863;OrderedPartialAggregateStream=13184
event	141822	refusal	RepartitionExec[51]	1	1036304	2140412	268400852	351	122	1417863		RepartitionExec=266969805;RepartitionExec[Merge]=1417863;OrderedPartialAggregateStream=13184
event	141845	refusal	RepartitionExec[82]	1	620067	1475959	268400852	351	122	1417863		RepartitionExec=266969805;RepartitionExec[Merge]=1417863;OrderedPartialAggregateStream=13184
event	141868	refusal	RepartitionExec[33]	1	505187	2688658	268400852	351	122	1417863		RepartitionExec=266969805;RepartitionExec[Merge]=1417863;OrderedPartialAggregateStream=13184
event	141902	refusal	RepartitionExec[37]	1	1036304	2140412	268400852	351	122	1417863		RepartitionExec=266969805;RepartitionExec[Merge]=1417863;OrderedPartialAggregateStream=13184
event	141915	refusal	RepartitionExec[83]	1	620067	1417263	268400852	351	122	1417863		RepartitionExec=266969805;RepartitionExec[Merge]=1417863;OrderedPartialAggregateStream=13184
event	141946	refusal	RepartitionExec[49]	1	981017	2140412	268400852	351	122	1417863		RepartitionExec=266969805;RepartitionExec[Merge]=1417863;OrderedPartialAggregateStream=13184
event	141968	refusal	RepartitionExec[50]	1	595570	2140412	268400852	351	122	1417863		RepartitionExec=266969805;RepartitionExec[Merge]=1417863;OrderedPartialAggregateStream=13184
event	141985	refusal	RepartitionExec[84]	1	620067	1417263	268400852	351	122	1417863		RepartitionExec=266969805;RepartitionExec[Merge]=1417863;OrderedPartialAggregateStream=13184
event	142015	refusal	RepartitionExec[32]	1	1036304	2688658	268400852	351	122	1417863		RepartitionExec=266969805;RepartitionExec[Merge]=1417863;OrderedPartialAggregateStream=13184
event	142036	refusal	RepartitionExec[67]	1	469678	2140412	268400852	351	122	1417863		RepartitionExec=266969805;RepartitionExec[Merge]=1417863;OrderedPartialAggregateStream=13184
event	142051	refusal	RepartitionExec[85]	1	620067	1417263	268400852	351	122	1417863		RepartitionExec=266969805;RepartitionExec[Merge]=1417863;OrderedPartialAggregateStream=13184
event	142099	refusal	RepartitionExec[45]	1	918986	2140412	268400852	351	122	1417863		RepartitionExec=266969805;RepartitionExec[Merge]=1417863;OrderedPartialAggregateStream=13184
event	142104	refusal	RepartitionExec[68]	1	469678	2140412	268400852	351	122	1417863		RepartitionExec=266969805;RepartitionExec[Merge]=1417863;OrderedPartialAggregateStream=13184
event	142142	refusal	RepartitionExec[37]	1	849763	2140412	268400852	351	122	1417863		RepartitionExec=266969805;RepartitionExec[Merge]=1417863;OrderedPartialAggregateStream=13184
event	142163	refusal	RepartitionExec[76]	1	625349	2140412	268400852	351	122	1417863		RepartitionExec=266969805;RepartitionExec[Merge]=1417863;OrderedPartialAggregateStream=13184
event	142192	refusal	RepartitionExec[118]	1	883589	1417263	268400852	351	122	1417863		RepartitionExec=266969805;RepartitionExec[Merge]=1417863;OrderedPartialAggregateStream=13184
event	142221	refusal	RepartitionExec[52]	1	1036304	2140412	268400852	351	122	1417863		RepartitionExec=266969805;RepartitionExec[Merge]=1417863;OrderedPartialAggregateStream=13184
event	142233	refusal	RepartitionExec[77]	1	625349	2140412	268400852	351	122	1417863		RepartitionExec=266969805;RepartitionExec[Merge]=1417863;OrderedPartialAggregateStream=13184
event	142260	refusal	RepartitionExec[34]	1	505187	2688658	268400852	351	122	1417863		RepartitionExec=266969805;RepartitionExec[Merge]=1417863;OrderedPartialAggregateStream=13184
event	142297	refusal	RepartitionExec[38]	1	1036304	2140412	268400852	351	122	1417863		RepartitionExec=266969805;RepartitionExec[Merge]=1417863;OrderedPartialAggregateStream=13184
event	142322	refusal	RepartitionExec[35]	1	738735	2140412	268400852	351	122	1417863		RepartitionExec=266969805;RepartitionExec[Merge]=1417863;OrderedPartialAggregateStream=13184
event	142332	refusal	RepartitionExec[35]	1	505187	2140412	268400852	351	122	1417863		RepartitionExec=266969805;RepartitionExec[Merge]=1417863;OrderedPartialAggregateStream=13184
event	142364	refusal	RepartitionExec[51]	1	595570	2140412	268400852	351	122	1417863		RepartitionExec=266969805;RepartitionExec[Merge]=1417863;OrderedPartialAggregateStream=13184
event	142385	refusal	RepartitionExec[43]	1	468443	2140412	268400852	351	122	1417863		RepartitionExec=266969805;RepartitionExec[Merge]=1417863;OrderedPartialAggregateStream=13184
event	142404	refusal	RepartitionExec[36]	1	505187	2607281	268400852	351	122	1417863		RepartitionExec=266969805;RepartitionExec[Merge]=1417863;OrderedPartialAggregateStream=13184
event	142432	refusal	RepartitionExec[42]	1	627822	2140412	268400852	351	122	1417863		RepartitionExec=266969805;RepartitionExec[Merge]=1417863;OrderedPartialAggregateStream=13184
event	142454	refusal	RepartitionExec[86]	1	620067	1417263	268400852	351	122	1417863		RepartitionExec=266969805;RepartitionExec[Merge]=1417863;OrderedPartialAggregateStream=13184
event	142472	refusal	RepartitionExec[37]	1	505187	2140412	268400852	351	122	1417863		RepartitionExec=266969805;RepartitionExec[Merge]=1417863;OrderedPartialAggregateStream=13184
event	142500	refusal	RepartitionExec[69]	1	469678	2140412	268400852	351	122	1417863		RepartitionExec=266969805;RepartitionExec[Merge]=1417863;OrderedPartialAggregateStream=13184
event	142531	refusal	RepartitionExec[38]	1	849763	2140412	268400852	351	122	1417863		RepartitionExec=266969805;RepartitionExec[Merge]=1417863;OrderedPartialAggregateStream=13184
event	142540	refusal	RepartitionExec[38]	1	505187	2140412	268400852	351	122	1417863		RepartitionExec=266969805;RepartitionExec[Merge]=1417863;OrderedPartialAggregateStream=13184
event	142571	refusal	RepartitionExec[119]	1	883589	0	268400852	351	122	1417863		RepartitionExec=266969805;RepartitionExec[Merge]=1417863;OrderedPartialAggregateStream=13184
event	142606	refusal	RepartitionExec[53]	1	1036304	2140412	268400852	351	122	1417863		RepartitionExec=266969805;RepartitionExec[Merge]=1417863;OrderedPartialAggregateStream=13184
event	142616	refusal	RepartitionExec[39]	1	505187	2140412	268400852	351	122	1417863		RepartitionExec=266969805;RepartitionExec[Merge]=1417863;OrderedPartialAggregateStream=13184
event	142650	refusal	RepartitionExec[50]	1	981017	2140412	268400852	351	122	1417863		RepartitionExec=266969805;RepartitionExec[Merge]=1417863;OrderedPartialAggregateStream=13184
event	142675	refusal	RepartitionExec[39]	1	1036304	2140412	268400852	351	122	1417863		RepartitionExec=266969805;RepartitionExec[Merge]=1417863;OrderedPartialAggregateStream=13184
event	142698	refusal	RepartitionExec[36]	1	738735	2607281	268400852	351	122	1417863		RepartitionExec=266969805;RepartitionExec[Merge]=1417863;OrderedPartialAggregateStream=13184
event	142732	refusal	RepartitionExec[51]	1	981017	2140412	268400852	351	122	1417863		RepartitionExec=266969805;RepartitionExec[Merge]=1417863;OrderedPartialAggregateStream=13184
event	142746	refusal	RepartitionExec[52]	1	595570	2140412	268400852	351	122	1417863		RepartitionExec=266969805;RepartitionExec[Merge]=1417863;OrderedPartialAggregateStream=13184
event	142772	refusal	RepartitionExec[44]	1	468443	2140412	268400852	351	122	1417863		RepartitionExec=266969805;RepartitionExec[Merge]=1417863;OrderedPartialAggregateStream=13184
event	142818	refusal	RepartitionExec[46]	1	918986	2140412	268400852	351	122	1417863		RepartitionExec=266969805;RepartitionExec[Merge]=1417863;OrderedPartialAggregateStream=13184
event	142839	refusal	RepartitionExec[43]	1	627822	2140412	268400852	351	122	1417863		RepartitionExec=266969805;RepartitionExec[Merge]=1417863;OrderedPartialAggregateStream=13184
event	142845	refusal	RepartitionExec[87]	1	620067	1417263	268400852	351	122	1417863		RepartitionExec=266969805;RepartitionExec[Merge]=1417863;OrderedPartialAggregateStream=13184
event	142881	refusal	RepartitionExec[49]	1	468104	2140412	268400852	351	122	1417863		RepartitionExec=266969805;RepartitionExec[Merge]=1417863;OrderedPartialAggregateStream=13184
event	142896	refusal	RepartitionExec[70]	1	469678	2140412	268400852	351	122	1417863		RepartitionExec=266969805;RepartitionExec[Merge]=1417863;OrderedPartialAggregateStream=13184
event	142913	refusal	RepartitionExec[88]	1	620067	1533303	268400852	351	122	1417863		RepartitionExec=266969805;RepartitionExec[Merge]=1417863;OrderedPartialAggregateStream=13184
event	142940	refusal	RepartitionExec[78]	1	625349	2140412	268400852	351	122	1417863		RepartitionExec=266969805;RepartitionExec[Merge]=1417863;OrderedPartialAggregateStream=13184
event	142998	refusal	RepartitionExec[54]	1	1036304	2140412	268400028	350	122	1417863		RepartitionExec=266969805;RepartitionExec[Merge]=1417863;OrderedPartialAggregateStream=12360
event	143010	refusal	RepartitionExec[79]	1	625349	1417263	268400028	350	122	1417863		RepartitionExec=266969805;RepartitionExec[Merge]=1417863;OrderedPartialAggregateStream=12360
event	143042	refusal	RepartitionExec[33]	1	1036304	2688658	268400028	350	122	1417863		RepartitionExec=266969805;RepartitionExec[Merge]=1417863;OrderedPartialAggregateStream=12360
event	143069	refusal	RepartitionExec[40]	1	1036304	2140412	268400028	350	122	1417863		RepartitionExec=266969805;RepartitionExec[Merge]=1417863;OrderedPartialAggregateStream=12360
event	143091	refusal	RepartitionExec[37]	1	738735	2140412	268400028	350	122	1417863		RepartitionExec=266969805;RepartitionExec[Merge]=1417863;OrderedPartialAggregateStream=12360
event	143115	refusal	RepartitionExec[52]	1	981017	2140412	268400028	350	122	1417863		RepartitionExec=266969805;RepartitionExec[Merge]=1417863;OrderedPartialAggregateStream=12360
event	143137	refusal	RepartitionExec[53]	1	595570	2140412	268400028	350	122	1417863		RepartitionExec=266969805;RepartitionExec[Merge]=1417863;OrderedPartialAggregateStream=12360
event	143169	refusal	RepartitionExec[45]	1	468443	2140412	268400028	350	122	1417863		RepartitionExec=266969805;RepartitionExec[Merge]=1417863;OrderedPartialAggregateStream=12360
event	143189	refusal	RepartitionExec[47]	1	918986	2140412	268400028	350	122	1417863		RepartitionExec=266969805;RepartitionExec[Merge]=1417863;OrderedPartialAggregateStream=12360
event	143204	refusal	RepartitionExec[54]	1	595570	2140412	268400028	350	122	1417863		RepartitionExec=266969805;RepartitionExec[Merge]=1417863;OrderedPartialAggregateStream=12360
event	143269	refusal	RepartitionExec[39]	1	849763	2140412	268400028	350	122	1417863		RepartitionExec=266969805;RepartitionExec[Merge]=1417863;OrderedPartialAggregateStream=12360
event	143293	refusal	RepartitionExec[50]	1	468104	2140412	268400028	350	122	1417863		RepartitionExec=266969805;RepartitionExec[Merge]=1417863;OrderedPartialAggregateStream=12360
event	143301	refusal	RepartitionExec[71]	1	469678	2140412	268400028	350	122	1417863		RepartitionExec=266969805;RepartitionExec[Merge]=1417863;OrderedPartialAggregateStream=12360
event	143327	refusal	RepartitionExec[89]	1	620067	1417263	268400028	350	122	1417863		RepartitionExec=266969805;RepartitionExec[Merge]=1417863;OrderedPartialAggregateStream=12360
event	143398	refusal	RepartitionExec[40]	1	505187	2140412	268400028	350	122	1417863		RepartitionExec=266969805;RepartitionExec[Merge]=1417863;OrderedPartialAggregateStream=12360
event	143405	refusal	RepartitionExec[55]	1	1036304	2140412	268400028	350	122	1417863		RepartitionExec=266969805;RepartitionExec[Merge]=1417863;OrderedPartialAggregateStream=12360
event	143417	refusal	RepartitionExec[80]	1	625349	1417263	268400028	350	122	1417863		RepartitionExec=266969805;RepartitionExec[Merge]=1417863;OrderedPartialAggregateStream=12360
event	143446	refusal	RepartitionExec[34]	1	1036304	2688658	268400028	350	122	1417863		RepartitionExec=266969805;RepartitionExec[Merge]=1417863;OrderedPartialAggregateStream=12360
event	143477	refusal	RepartitionExec[41]	1	1036304	2199108	268400028	350	122	1417863		RepartitionExec=266969805;RepartitionExec[Merge]=1417863;OrderedPartialAggregateStream=12360
event	143506	refusal	RepartitionExec[38]	1	738735	2140412	268400028	350	122	1417863		RepartitionExec=266969805;RepartitionExec[Merge]=1417863;OrderedPartialAggregateStream=12360
event	143537	refusal	RepartitionExec[53]	1	981017	2140412	268400028	350	122	1417863		RepartitionExec=266969805;RepartitionExec[Merge]=1417863;OrderedPartialAggregateStream=12360
event	143558	refusal	RepartitionExec[44]	1	627822	2140412	268400028	350	122	1417863		RepartitionExec=266969805;RepartitionExec[Merge]=1417863;OrderedPartialAggregateStream=12360
event	143596	refusal	RepartitionExec[39]	1	738735	2140412	268400028	350	122	1417863		RepartitionExec=266969805;RepartitionExec[Merge]=1417863;OrderedPartialAggregateStream=12360
event	143621	refusal	RepartitionExec[48]	1	918986	2140412	268400028	350	122	1417863		RepartitionExec=266969805;RepartitionExec[Merge]=1417863;OrderedPartialAggregateStream=12360
event	143628	refusal	RepartitionExec[55]	1	595570	2140412	268400028	350	122	1417863		RepartitionExec=266969805;RepartitionExec[Merge]=1417863;OrderedPartialAggregateStream=12360
event	143679	refusal	RepartitionExec[40]	1	849763	2140412	268400028	350	122	1417863		RepartitionExec=266969805;RepartitionExec[Merge]=1417863;OrderedPartialAggregateStream=12360
event	143701	refusal	RepartitionExec[51]	1	468104	2140412	268400028	350	122	1417863		RepartitionExec=266969805;RepartitionExec[Merge]=1417863;OrderedPartialAggregateStream=12360
event	143704	refusal	RepartitionExec[72]	1	469678	2140412	268400028	350	122	1417863		RepartitionExec=266969805;RepartitionExec[Merge]=1417863;OrderedPartialAggregateStream=12360
event	143728	refusal	RepartitionExec[90]	1	620067	1878182	268400028	350	122	1417863		RepartitionExec=266969805;RepartitionExec[Merge]=1417863;OrderedPartialAggregateStream=12360
event	143757	refusal	RepartitionExec[41]	1	849763	2199108	268400028	350	122	1417863		RepartitionExec=266969805;RepartitionExec[Merge]=1417863;OrderedPartialAggregateStream=12360
event	143793	refusal	RepartitionExec[56]	1	1036304	2140412	268400028	350	122	1417863		RepartitionExec=266969805;RepartitionExec[Merge]=1417863;OrderedPartialAggregateStream=12360
event	143801	refusal	RepartitionExec[91]	1	620067	1417263	268400028	350	122	1417863		RepartitionExec=266969805;RepartitionExec[Merge]=1417863;OrderedPartialAggregateStream=12360
event	143827	refusal	RepartitionExec[35]	1	1036304	2140412	268400028	350	122	1417863		RepartitionExec=266969805;RepartitionExec[Merge]=1417863;OrderedPartialAggregateStream=12360
event	143857	refusal	RepartitionExec[42]	1	1036304	2140412	268400028	350	122	1417863		RepartitionExec=266969805;RepartitionExec[Merge]=1417863;OrderedPartialAggregateStream=12360
event	143882	refusal	RepartitionExec[46]	1	468443	2140412	268400028	350	122	1417863		RepartitionExec=266969805;RepartitionExec[Merge]=1417863;OrderedPartialAggregateStream=12360
event	143907	refusal	RepartitionExec[54]	1	981017	2140412	268400028	350	122	1417863		RepartitionExec=266969805;RepartitionExec[Merge]=1417863;OrderedPartialAggregateStream=12360
event	143927	refusal	RepartitionExec[45]	1	627822	2140412	268400028	350	122	1417863		RepartitionExec=266969805;RepartitionExec[Merge]=1417863;OrderedPartialAggregateStream=12360
event	143971	refusal	RepartitionExec[40]	1	738735	2140412	268400028	350	122	1417863		RepartitionExec=266969805;RepartitionExec[Merge]=1417863;OrderedPartialAggregateStream=12360
event	143985	refusal	RepartitionExec[55]	1	981017	2140412	268400028	350	122	1417863		RepartitionExec=266969805;RepartitionExec[Merge]=1417863;OrderedPartialAggregateStream=12360
event	143996	refusal	RepartitionExec[46]	1	627822	2140412	268400028	350	122	1417863		RepartitionExec=266969805;RepartitionExec[Merge]=1417863;OrderedPartialAggregateStream=12360
event	144066	refusal	RepartitionExec[52]	1	468104	2140412	268400028	350	122	1417863		RepartitionExec=266969805;RepartitionExec[Merge]=1417863;OrderedPartialAggregateStream=12360
event	144079	refusal	RepartitionExec[41]	1	505187	2199108	268400028	350	122	1417863		RepartitionExec=266969805;RepartitionExec[Merge]=1417863;OrderedPartialAggregateStream=12360
event	144091	refusal	RepartitionExec[73]	1	469678	2140412	268400028	350	122	1417863		RepartitionExec=266969805;RepartitionExec[Merge]=1417863;OrderedPartialAggregateStream=12360
event	144121	refusal	RepartitionExec[81]	1	625349	1417263	268400028	350	122	1417863		RepartitionExec=266969805;RepartitionExec[Merge]=1417863;OrderedPartialAggregateStream=12360
event	144146	refusal	RepartitionExec[42]	1	849763	2140412	268400028	350	122	1417863		RepartitionExec=266969805;RepartitionExec[Merge]=1417863;OrderedPartialAggregateStream=12360
event	144181	refusal	RepartitionExec[57]	1	1036304	2140412	268400028	350	122	1417863		RepartitionExec=266969805;RepartitionExec[Merge]=1417863;OrderedPartialAggregateStream=12360
event	144190	refusal	RepartitionExec[82]	1	625349	1475959	268400028	350	122	1417863		RepartitionExec=266969805;RepartitionExec[Merge]=1417863;OrderedPartialAggregateStream=12360
event	144217	refusal	RepartitionExec[36]	1	1036304	2607281	268400028	350	122	1417863		RepartitionExec=266969805;RepartitionExec[Merge]=1417863;OrderedPartialAggregateStream=12360
event	144254	refusal	RepartitionExec[43]	1	1036304	2140412	268400028	350	122	1417863		RepartitionExec=266969805;RepartitionExec[Merge]=1417863;OrderedPartialAggregateStream=12360
event	144279	refusal	RepartitionExec[47]	1	468443	2140412	268400028	350	122	1417863		RepartitionExec=266969805;RepartitionExec[Merge]=1417863;OrderedPartialAggregateStream=12360
event	144320	refusal	RepartitionExec[49]	1	918986	2140412	268400028	350	122	1417863		RepartitionExec=266969805;RepartitionExec[Merge]=1417863;OrderedPartialAggregateStream=12360
event	144326	refusal	RepartitionExec[56]	1	595570	2140412	268400028	350	122	1417863		RepartitionExec=266969805;RepartitionExec[Merge]=1417863;OrderedPartialAggregateStream=12360
event	144367	refusal	RepartitionExec[41]	1	738735	2199108	268400028	350	122	1417863		RepartitionExec=266969805;RepartitionExec[Merge]=1417863;OrderedPartialAggregateStream=12360
event	144381	refusal	RepartitionExec[56]	1	981017	2140412	268400028	350	122	1417863		RepartitionExec=266969805;RepartitionExec[Merge]=1417863;OrderedPartialAggregateStream=12360
event	144407	refusal	RepartitionExec[47]	1	627822	2140412	268400028	350	122	1417863		RepartitionExec=266969805;RepartitionExec[Merge]=1417863;OrderedPartialAggregateStream=12360
event	144435	refusal	RepartitionExec[53]	1	468104	2140412	268400028	350	122	1417863		RepartitionExec=266969805;RepartitionExec[Merge]=1417863;OrderedPartialAggregateStream=12360
event	144464	refusal	RepartitionExec[42]	1	505187	2140412	268400028	350	122	1417863		RepartitionExec=266969805;RepartitionExec[Merge]=1417863;OrderedPartialAggregateStream=12360
event	144495	refusal	RepartitionExec[74]	1	469678	2140412	268400028	350	122	1417863		RepartitionExec=266969805;RepartitionExec[Merge]=1417863;OrderedPartialAggregateStream=12360
event	144526	refusal	RepartitionExec[54]	1	468104	2140412	268400028	350	122	1417863		RepartitionExec=266969805;RepartitionExec[Merge]=1417863;OrderedPartialAggregateStream=12360
event	144554	refusal	RepartitionExec[43]	1	849763	2140412	268400028	350	122	1417863		RepartitionExec=266969805;RepartitionExec[Merge]=1417863;OrderedPartialAggregateStream=12360
event	144582	refusal	RepartitionExec[58]	1	1036304	2140412	268400028	350	122	1417863		RepartitionExec=266969805;RepartitionExec[Merge]=1417863;OrderedPartialAggregateStream=12360
event	144624	refusal	RepartitionExec[83]	1	625349	1417263	268400028	350	122	1417863		RepartitionExec=266969805;RepartitionExec[Merge]=1417863;OrderedPartialAggregateStream=12360
event	144628	refusal	RepartitionExec[37]	1	1036304	2140412	268400028	350	122	1417863		RepartitionExec=266969805;RepartitionExec[Merge]=1417863;OrderedPartialAggregateStream=12360
event	144670	refusal	RepartitionExec[44]	1	1036304	2140412	268400028	350	122	1417863		RepartitionExec=266969805;RepartitionExec[Merge]=1417863;OrderedPartialAggregateStream=12360
event	144690	refusal	RepartitionExec[48]	1	468443	2140412	268400028	350	122	1417863		RepartitionExec=266969805;RepartitionExec[Merge]=1417863;OrderedPartialAggregateStream=12360
event	144735	refusal	RepartitionExec[50]	1	918986	2140412	268400028	350	122	1417863		RepartitionExec=266969805;RepartitionExec[Merge]=1417863;OrderedPartialAggregateStream=12360
event	144745	refusal	RepartitionExec[57]	1	595570	2140412	268400028	350	122	1417863		RepartitionExec=266969805;RepartitionExec[Merge]=1417863;OrderedPartialAggregateStream=12360
event	144774	refusal	RepartitionExec[42]	1	738735	2140412	268400028	350	122	1417863		RepartitionExec=266969805;RepartitionExec[Merge]=1417863;OrderedPartialAggregateStream=12360
event	144798	refusal	RepartitionExec[57]	1	981017	2140412	268400028	350	122	1417863		RepartitionExec=266969805;RepartitionExec[Merge]=1417863;OrderedPartialAggregateStream=12360
event	144813	refusal	RepartitionExec[48]	1	627822	2140412	268400028	350	122	1417863		RepartitionExec=266969805;RepartitionExec[Merge]=1417863;OrderedPartialAggregateStream=12360
event	144843	refusal	RepartitionExec[92]	1	620067	1475959	268400028	350	122	1417863		RepartitionExec=266969805;RepartitionExec[Merge]=1417863;OrderedPartialAggregateStream=12360
event	144869	refusal	RepartitionExec[43]	1	505187	2140412	268400028	350	122	1417863		RepartitionExec=266969805;RepartitionExec[Merge]=1417863;OrderedPartialAggregateStream=12360
event	144884	refusal	RepartitionExec[49]	1	627822	2140412	268400028	350	122	1417863		RepartitionExec=266969805;RepartitionExec[Merge]=1417863;OrderedPartialAggregateStream=12360
event	144915	refusal	RepartitionExec[55]	1	468104	2140412	268400028	350	122	1417863		RepartitionExec=266969805;RepartitionExec[Merge]=1417863;OrderedPartialAggregateStream=12360
event	144963	refusal	RepartitionExec[44]	1	849763	2140412	268400028	350	122	1417863		RepartitionExec=266969805;RepartitionExec[Merge]=1417863;OrderedPartialAggregateStream=12360
event	144989	refusal	RepartitionExec[59]	1	1036304	2140412	268400028	350	122	1417863		RepartitionExec=266969805;RepartitionExec[Merge]=1417863;OrderedPartialAggregateStream=12360
event	144999	refusal	RepartitionExec[84]	1	625349	1417263	268400028	350	122	1417863		RepartitionExec=266969805;RepartitionExec[Merge]=1417863;OrderedPartialAggregateStream=12360
event	145031	refusal	RepartitionExec[38]	1	1036304	2140412	268400028	350	122	1417863		RepartitionExec=266969805;RepartitionExec[Merge]=1417863;OrderedPartialAggregateStream=12360
event	145051	refusal	RepartitionExec[45]	1	1036304	2140412	268400028	350	122	1417863		RepartitionExec=266969805;RepartitionExec[Merge]=1417863;OrderedPartialAggregateStream=12360
event	145074	refusal	RepartitionExec[49]	1	468443	2140412	268400028	350	122	1417863		RepartitionExec=266969805;RepartitionExec[Merge]=1417863;OrderedPartialAggregateStream=12360
event	145111	refusal	RepartitionExec[51]	1	918986	2140412	268400028	350	122	1417863		RepartitionExec=266969805;RepartitionExec[Merge]=1417863;OrderedPartialAggregateStream=12360
event	145125	refusal	RepartitionExec[46]	1	1036304	2140412	268400028	350	122	1417863		RepartitionExec=266969805;RepartitionExec[Merge]=1417863;OrderedPartialAggregateStream=12360
event	145142	refusal	RepartitionExec[50]	1	468443	2140412	268400028	350	122	1417863		RepartitionExec=266969805;RepartitionExec[Merge]=1417863;OrderedPartialAggregateStream=12360
event	145175	refusal	RepartitionExec[58]	1	981017	2140412	268400028	350	122	1417863		RepartitionExec=266969805;RepartitionExec[Merge]=1417863;OrderedPartialAggregateStream=12360
event	145204	refusal	RepartitionExec[75]	1	469678	2256452	268400028	350	122	1417863		RepartitionExec=266969805;RepartitionExec[Merge]=1417863;OrderedPartialAggregateStream=12360
event	145239	refusal	RepartitionExec[93]	1	620067	1417263	268400028	350	122	1417863		RepartitionExec=266969805;RepartitionExec[Merge]=1417863;OrderedPartialAggregateStream=12360
event	145284	refusal	RepartitionExec[59]	1	981017	2140412	268400028	350	122	1417863		RepartitionExec=266969805;RepartitionExec[Merge]=1417863;OrderedPartialAggregateStream=12360
event	145293	refusal	RepartitionExec[50]	1	627822	2140412	268400028	350	122	1417863		RepartitionExec=266969805;RepartitionExec[Merge]=1417863;OrderedPartialAggregateStream=12360
event	145321	refusal	RepartitionExec[56]	1	468104	2140412	268400028	350	122	1417863		RepartitionExec=266969805;RepartitionExec[Merge]=1417863;OrderedPartialAggregateStream=12360
event	145368	refusal	RepartitionExec[45]	1	849763	2140412	268400028	350	122	1417863		RepartitionExec=266969805;RepartitionExec[Merge]=1417863;OrderedPartialAggregateStream=12360
event	145397	refusal	RepartitionExec[60]	1	1036304	2140412	268400028	350	122	1417863		RepartitionExec=266969805;RepartitionExec[Merge]=1417863;OrderedPartialAggregateStream=12360
event	145401	refusal	RepartitionExec[57]	1	468104	2140412	268400028	350	122	1417863		RepartitionExec=266969805;RepartitionExec[Merge]=1417863;OrderedPartialAggregateStream=12360
event	145432	refusal	RepartitionExec[39]	1	1036304	2140412	268400028	350	122	1417863		RepartitionExec=266969805;RepartitionExec[Merge]=1417863;OrderedPartialAggregateStream=12360
event	145467	refusal	RepartitionExec[58]	1	595570	2140412	268400028	350	122	1417863		RepartitionExec=266969805;RepartitionExec[Merge]=1417863;OrderedPartialAggregateStream=12360
event	145481	refusal	RepartitionExec[58]	1	468104	2140412	268400028	350	122	1417863		RepartitionExec=266969805;RepartitionExec[Merge]=1417863;OrderedPartialAggregateStream=12360
event	145514	refusal	RepartitionExec[52]	1	918986	2140412	268400028	350	122	1417863		RepartitionExec=266969805;RepartitionExec[Merge]=1417863;OrderedPartialAggregateStream=12360
event	145545	refusal	RepartitionExec[47]	1	1036304	2140412	268400028	350	122	1417863		RepartitionExec=266969805;RepartitionExec[Merge]=1417863;OrderedPartialAggregateStream=12360
event	145565	refusal	RepartitionExec[51]	1	468443	2140412	268400028	350	122	1417863		RepartitionExec=266969805;RepartitionExec[Merge]=1417863;OrderedPartialAggregateStream=12360
event	145587	refusal	RepartitionExec[53]	1	918986	2140412	268400028	350	122	1417863		RepartitionExec=266969805;RepartitionExec[Merge]=1417863;OrderedPartialAggregateStream=12360
event	145620	refusal	RepartitionExec[76]	1	469678	2140412	268400028	350	122	1417863		RepartitionExec=266969805;RepartitionExec[Merge]=1417863;OrderedPartialAggregateStream=12360
event	145632	refusal	RepartitionExec[52]	1	468443	2140412	268400028	350	122	1417863		RepartitionExec=266969805;RepartitionExec[Merge]=1417863;OrderedPartialAggregateStream=12360
event	145691	refusal	RepartitionExec[60]	1	981017	2140412	268400028	350	122	1417863		RepartitionExec=266969805;RepartitionExec[Merge]=1417863;OrderedPartialAggregateStream=12360
event	145696	refusal	RepartitionExec[51]	1	627822	2140412	268400028	350	122	1417863		RepartitionExec=266969805;RepartitionExec[Merge]=1417863;OrderedPartialAggregateStream=12360
event	145757	refusal	RepartitionExec[85]	1	625349	1417263	268400028	350	122	1417863		RepartitionExec=266969805;RepartitionExec[Merge]=1417863;OrderedPartialAggregateStream=12360
event	145759	refusal	RepartitionExec[46]	1	849763	2140412	268400028	350	122	1417863		RepartitionExec=266969805;RepartitionExec[Merge]=1417863;OrderedPartialAggregateStream=12360
event	145792	refusal	RepartitionExec[61]	1	1036304	2140412	268400028	350	122	1417863		RepartitionExec=266969805;RepartitionExec[Merge]=1417863;OrderedPartialAggregateStream=12360
event	145810	refusal	RepartitionExec[43]	1	738735	2140412	268400028	350	122	1417863		RepartitionExec=266969805;RepartitionExec[Merge]=1417863;OrderedPartialAggregateStream=12360
event	145863	refusal	RepartitionExec[40]	1	1036304	2140412	268400028	350	122	1417863		RepartitionExec=266969805;RepartitionExec[Merge]=1417863;OrderedPartialAggregateStream=12360
event	145878	refusal	RepartitionExec[59]	1	595570	2140412	268400028	350	122	1417863		RepartitionExec=266969805;RepartitionExec[Merge]=1417863;OrderedPartialAggregateStream=12360
event	145908	refusal	RepartitionExec[59]	1	468104	2140412	268400028	350	122	1417863		RepartitionExec=266969805;RepartitionExec[Merge]=1417863;OrderedPartialAggregateStream=12360
event	145933	refusal	RepartitionExec[44]	1	505187	2140412	268400028	350	122	1417863		RepartitionExec=266969805;RepartitionExec[Merge]=1417863;OrderedPartialAggregateStream=12360
event	145950	refusal	RepartitionExec[60]	1	595570	2140412	268400028	350	122	1417863		RepartitionExec=266969805;RepartitionExec[Merge]=1417863;OrderedPartialAggregateStream=12360
event	145965	refusal	OrderedPartialAggregateStream[111]	1	3890749	0	268400028	350	122	1417863		RepartitionExec=266969805;RepartitionExec[Merge]=1417863;OrderedPartialAggregateStream=12360
event	145988	refusal	RepartitionExec[94]	1	620067	1417263	268400028	350	122	1417863		RepartitionExec=266969805;RepartitionExec[Merge]=1417863;OrderedPartialAggregateStream=12360
event	146009	refusal	RepartitionExec[54]	1	918986	2140412	268400028	350	122	1417863		RepartitionExec=266969805;RepartitionExec[Merge]=1417863;OrderedPartialAggregateStream=12360
event	146032	refusal	RepartitionExec[77]	1	469678	2140412	268400028	350	122	1417863		RepartitionExec=266969805;RepartitionExec[Merge]=1417863;OrderedPartialAggregateStream=12360
event	146052	refusal	RepartitionExec[53]	1	468443	2140412	268400028	350	122	1417863		RepartitionExec=266969805;RepartitionExec[Merge]=1417863;OrderedPartialAggregateStream=12360
event	146115	refusal	RepartitionExec[61]	1	981017	2140412	268400028	350	122	1417863		RepartitionExec=266969805;RepartitionExec[Merge]=1417863;OrderedPartialAggregateStream=12360
event	146121	refusal	RepartitionExec[52]	1	627822	2140412	268400028	350	122	1417863		RepartitionExec=266969805;RepartitionExec[Merge]=1417863;OrderedPartialAggregateStream=12360
event	146151	refusal	RepartitionExec[86]	1	625349	1417263	268400028	350	122	1417863		RepartitionExec=266969805;RepartitionExec[Merge]=1417863;OrderedPartialAggregateStream=12360
event	146167	refusal	RepartitionExec[47]	1	849763	2140412	268400028	350	122	1417863		RepartitionExec=266969805;RepartitionExec[Merge]=1417863;OrderedPartialAggregateStream=12360
event	146190	refusal	RepartitionExec[62]	1	1036304	2140412	268400028	350	122	1417863		RepartitionExec=266969805;RepartitionExec[Merge]=1417863;OrderedPartialAggregateStream=12360
event	146225	refusal	RepartitionExec[44]	1	738735	2140412	268400028	350	122	1417863		RepartitionExec=266969805;RepartitionExec[Merge]=1417863;OrderedPartialAggregateStream=12360
event	146240	refusal	RepartitionExec[48]	1	849763	2140412	268400028	350	122	1417863		RepartitionExec=266969805;RepartitionExec[Merge]=1417863;OrderedPartialAggregateStream=12360
event	146280	refusal	RepartitionExec[63]	1	1036304	2140412	268400028	350	122	1417863		RepartitionExec=266969805;RepartitionExec[Merge]=1417863;OrderedPartialAggregateStream=12360
event	146300	refusal	RepartitionExec[60]	1	468104	2140412	268400028	350	122	1417863		RepartitionExec=266969805;RepartitionExec[Merge]=1417863;OrderedPartialAggregateStream=12360
event	146318	refusal	RepartitionExec[49]	1	849763	2140412	268400028	350	122	1417863		RepartitionExec=266969805;RepartitionExec[Merge]=1417863;OrderedPartialAggregateStream=12360
event	146348	refusal	RepartitionExec[61]	1	595570	2140412	268400028	350	122	1417863		RepartitionExec=266969805;RepartitionExec[Merge]=1417863;OrderedPartialAggregateStream=12360
event	146372	refusal	RepartitionExec[95]	1	620067	1417263	268400028	350	122	1417863		RepartitionExec=266969805;RepartitionExec[Merge]=1417863;OrderedPartialAggregateStream=12360
event	146412	refusal	RepartitionExec[50]	1	849763	2140412	268400028	350	122	1417863		RepartitionExec=266969805;RepartitionExec[Merge]=1417863;OrderedPartialAggregateStream=12360
event	146428	refusal	RepartitionExec[78]	1	469678	2140412	268400028	350	122	1417863		RepartitionExec=266969805;RepartitionExec[Merge]=1417863;OrderedPartialAggregateStream=12360
event	146457	refusal	RepartitionExec[54]	1	468443	2140412	268400028	350	122	1417863		RepartitionExec=266969805;RepartitionExec[Merge]=1417863;OrderedPartialAggregateStream=12360
event	146512	refusal	RepartitionExec[62]	1	981017	2140412	268400028	350	122	1417863		RepartitionExec=266969805;RepartitionExec[Merge]=1417863;OrderedPartialAggregateStream=12360
event	146551	refusal	RepartitionExec[55]	1	468443	2140412	268400028	350	122	1417863		RepartitionExec=266969805;RepartitionExec[Merge]=1417863;OrderedPartialAggregateStream=12360
event	146560	refusal	RepartitionExec[87]	1	625349	1417263	268400028	350	122	1417863		RepartitionExec=266969805;RepartitionExec[Merge]=1417863;OrderedPartialAggregateStream=12360
event	146589	refusal	RepartitionExec[41]	1	1036304	2199108	268400028	350	122	1417863		RepartitionExec=266969805;RepartitionExec[Merge]=1417863;OrderedPartialAggregateStream=12360
event	146612	refusal	RepartitionExec[48]	1	1036304	2140412	268400028	350	122	1417863		RepartitionExec=266969805;RepartitionExec[Merge]=1417863;OrderedPartialAggregateStream=12360
event	146641	refusal	RepartitionExec[45]	1	738735	2140412	268400028	350	122	1417863		RepartitionExec=266969805;RepartitionExec[Merge]=1417863;OrderedPartialAggregateStream=12360
event	146662	refusal	RepartitionExec[42]	1	1036304	2140412	268400028	350	122	1417863		RepartitionExec=266969805;RepartitionExec[Merge]=1417863;OrderedPartialAggregateStream=12360
event	146689	refusal	RepartitionExec[64]	1	1036304	2199108	268400028	350	122	1417863		RepartitionExec=266969805;RepartitionExec[Merge]=1417863;OrderedPartialAggregateStream=12360
event	146710	refusal	RepartitionExec[61]	1	468104	2140412	268400028	350	122	1417863		RepartitionExec=266969805;RepartitionExec[Merge]=1417863;OrderedPartialAggregateStream=12360
event	146737	refusal	RepartitionExec[55]	1	918986	2140412	268400028	350	122	1417863		RepartitionExec=266969805;RepartitionExec[Merge]=1417863;OrderedPartialAggregateStream=12360
event	146765	refusal	RepartitionExec[62]	1	595570	2140412	268400028	350	122	1417863		RepartitionExec=266969805;RepartitionExec[Merge]=1417863;OrderedPartialAggregateStream=12360
event	146775	refusal	OrderedPartialAggregateStream[111]	1	1036744	0	268400028	350	122	1417863		RepartitionExec=266969805;RepartitionExec[Merge]=1417863;OrderedPartialAggregateStream=12360
event	146790	refusal	RepartitionExec[62]	1	468104	2140412	268400852	350	122	1417863		RepartitionExec=266969805;RepartitionExec[Merge]=1417863;OrderedPartialAggregateStream=13184
event	146810	refusal	RepartitionExec[56]	1	918986	2140412	268400852	350	122	1417863		RepartitionExec=266969805;RepartitionExec[Merge]=1417863;OrderedPartialAggregateStream=13184
event	146832	refusal	RepartitionExec[79]	1	469678	1417263	268400852	350	122	1417863		RepartitionExec=266969805;RepartitionExec[Merge]=1417863;OrderedPartialAggregateStream=13184
event	146855	refusal	RepartitionExec[53]	1	627822	2140412	268400852	350	122	1417863		RepartitionExec=266969805;RepartitionExec[Merge]=1417863;OrderedPartialAggregateStream=13184
event	146896	refusal	RepartitionExec[63]	1	981017	2140412	268400852	350	122	1417863		RepartitionExec=266969805;RepartitionExec[Merge]=1417863;OrderedPartialAggregateStream=13184
event	146911	refusal	RepartitionExec[0]	1	857179	5818050	268400852	350	122	1417863		RepartitionExec=266969805;RepartitionExec[Merge]=1417863;OrderedPartialAggregateStream=13184
event	146916	refusal	RepartitionExec[56]	1	468443	2140412	268400852	350	122	1417863		RepartitionExec=266969805;RepartitionExec[Merge]=1417863;OrderedPartialAggregateStream=13184
event	146970	refusal	RepartitionExec[88]	1	625349	1533303	268400852	350	122	1417863		RepartitionExec=266969805;RepartitionExec[Merge]=1417863;OrderedPartialAggregateStream=13184
event	146989	refusal	RepartitionExec[64]	1	981017	2199108	268400852	350	122	1417863		RepartitionExec=266969805;RepartitionExec[Merge]=1417863;OrderedPartialAggregateStream=13184
event	147011	refusal	RepartitionExec[49]	1	1036304	2140412	268400852	350	122	1417863		RepartitionExec=266969805;RepartitionExec[Merge]=1417863;OrderedPartialAggregateStream=13184
event	147056	refusal	RepartitionExec[46]	1	738735	2140412	268400852	350	122	1417863		RepartitionExec=266969805;RepartitionExec[Merge]=1417863;OrderedPartialAggregateStream=13184
event	147073	refusal	RepartitionExec[43]	1	1036304	2140412	268400852	350	122	1417863		RepartitionExec=266969805;RepartitionExec[Merge]=1417863;OrderedPartialAggregateStream=13184
event	147094	refusal	RepartitionExec[65]	1	1036304	2140412	268400852	350	122	1417863		RepartitionExec=266969805;RepartitionExec[Merge]=1417863;OrderedPartialAggregateStream=13184
event	147122	refusal	RepartitionExec[96]	1	620067	1417263	268400852	350	122	1417863		RepartitionExec=266969805;RepartitionExec[Merge]=1417863;OrderedPartialAggregateStream=13184
event	147162	refusal	RepartitionExec[51]	1	849763	2140412	268400852	350	122	1417863		RepartitionExec=266969805;RepartitionExec[Merge]=1417863;OrderedPartialAggregateStream=13184
event	147178	refusal	RepartitionExec[66]	1	1036304	2140412	268400852	350	122	1417863		RepartitionExec=266969805;RepartitionExec[Merge]=1417863;OrderedPartialAggregateStream=13184
event	147206	refusal	RepartitionExec[63]	1	468104	2140412	268400852	350	122	1417863		RepartitionExec=266969805;RepartitionExec[Merge]=1417863;OrderedPartialAggregateStream=13184
event	147233	refusal	RepartitionExec[57]	1	918986	2140412	268400852	350	122	1417863		RepartitionExec=266969805;RepartitionExec[Merge]=1417863;OrderedPartialAggregateStream=13184
event	147247	refusal	RepartitionExec[80]	1	469678	1417263	268400852	350	122	1417863		RepartitionExec=266969805;RepartitionExec[Merge]=1417863;OrderedPartialAggregateStream=13184
event	147286	refusal	RepartitionExec[54]	1	627822	2140412	268400852	350	122	1417863		RepartitionExec=266969805;RepartitionExec[Merge]=1417863;OrderedPartialAggregateStream=13184
event	147317	refusal	RepartitionExec[45]	1	505187	2140412	268400852	350	122	1417863		RepartitionExec=266969805;RepartitionExec[Merge]=1417863;OrderedPartialAggregateStream=13184
event	147334	refusal	RepartitionExec[1]	1	857179	5348372	268400852	350	122	1417863		RepartitionExec=266969805;RepartitionExec[Merge]=1417863;OrderedPartialAggregateStream=13184
event	147376	refusal	RepartitionExec[57]	1	468443	2140412	268400852	350	122	1417863		RepartitionExec=266969805;RepartitionExec[Merge]=1417863;OrderedPartialAggregateStream=13184
event	147392	refusal	RepartitionExec[89]	1	625349	1417263	268400852	350	122	1417863		RepartitionExec=266969805;RepartitionExec[Merge]=1417863;OrderedPartialAggregateStream=13184
event	147412	refusal	RepartitionExec[2]	1	857179	5422679	268400852	350	122	1417863		RepartitionExec=266969805;RepartitionExec[Merge]=1417863;OrderedPartialAggregateStream=13184
event	147446	refusal	RepartitionExec[50]	1	1036304	2140412	268400852	350	122	1417863		RepartitionExec=266969805;RepartitionExec[Merge]=1417863;OrderedPartialAggregateStream=13184
event	147474	refusal	RepartitionExec[47]	1	738735	2140412	268400852	350	122	1417863		RepartitionExec=266969805;RepartitionExec[Merge]=1417863;OrderedPartialAggregateStream=13184
event	147520	refusal	RepartitionExec[44]	1	1036304	2140412	268400852	350	122	1417863		RepartitionExec=266969805;RepartitionExec[Merge]=1417863;OrderedPartialAggregateStream=13184
event	147540	refusal	RepartitionExec[63]	1	595570	2140412	268400852	350	122	1417863		RepartitionExec=266969805;RepartitionExec[Merge]=1417863;OrderedPartialAggregateStream=13184
event	147572	refusal	RepartitionExec[97]	1	620067	1417263	268400852	350	122	1417863		RepartitionExec=266969805;RepartitionExec[Merge]=1417863;OrderedPartialAggregateStream=13184
event	147595	refusal	RepartitionExec[52]	1	849763	2140412	268400852	350	122	1417863		RepartitionExec=266969805;RepartitionExec[Merge]=1417863;OrderedPartialAggregateStream=13184
event	147606	refusal	RepartitionExec[67]	1	1036304	2140412	268400852	350	122	1417863		RepartitionExec=266969805;RepartitionExec[Merge]=1417863;OrderedPartialAggregateStream=13184
event	147644	refusal	RepartitionExec[64]	1	468104	2199108	268400852	350	122	1417863		RepartitionExec=266969805;RepartitionExec[Merge]=1417863;OrderedPartialAggregateStream=13184
event	147677	refusal	RepartitionExec[58]	1	918986	2140412	268400852	350	122	1417863		RepartitionExec=266969805;RepartitionExec[Merge]=1417863;OrderedPartialAggregateStream=13184
event	147707	refusal	RepartitionExec[81]	1	469678	1417263	268400852	350	122	1417863		RepartitionExec=266969805;RepartitionExec[Merge]=1417863;OrderedPartialAggregateStream=13184
event	147718	refusal	RepartitionExec[55]	1	627822	2140412	268400852	350	122	1417863		RepartitionExec=266969805;RepartitionExec[Merge]=1417863;OrderedPartialAggregateStream=13184
event	147748	refusal	RepartitionExec[46]	1	505187	2140412	268400852	350	122	1417863		RepartitionExec=266969805;RepartitionExec[Merge]=1417863;OrderedPartialAggregateStream=13184
event	147778	refusal	RepartitionExec[65]	1	981017	2140412	268400852	350	122	1417863		RepartitionExec=266969805;RepartitionExec[Merge]=1417863;OrderedPartialAggregateStream=13184
event	147803	refusal	RepartitionExec[58]	1	468443	2140412	268400852	350	122	1417863		RepartitionExec=266969805;RepartitionExec[Merge]=1417863;OrderedPartialAggregateStream=13184
event	147825	refusal	RepartitionExec[90]	1	625349	1878182	268400852	350	122	1417863		RepartitionExec=266969805;RepartitionExec[Merge]=1417863;OrderedPartialAggregateStream=13184
event	147849	refusal	RepartitionExec[3]	1	857179	4894023	268400852	350	122	1417863		RepartitionExec=266969805;RepartitionExec[Merge]=1417863;OrderedPartialAggregateStream=13184
event	147881	refusal	RepartitionExec[51]	1	1036304	2140412	268400852	350	122	1417863		RepartitionExec=266969805;RepartitionExec[Merge]=1417863;OrderedPartialAggregateStream=13184
event	147919	refusal	RepartitionExec[48]	1	738735	2140412	268400852	350	122	1417863		RepartitionExec=266969805;RepartitionExec[Merge]=1417863;OrderedPartialAggregateStream=13184
event	147942	refusal	RepartitionExec[45]	1	1036304	2140412	268400852	350	122	1417863		RepartitionExec=266969805;RepartitionExec[Merge]=1417863;OrderedPartialAggregateStream=13184
event	147964	refusal	RepartitionExec[64]	1	595570	2199108	268400852	350	122	1417863		RepartitionExec=266969805;RepartitionExec[Merge]=1417863;OrderedPartialAggregateStream=13184
event	147980	refusal	RepartitionExec[98]	1	620067	1417263	268400852	350	122	1417863		RepartitionExec=266969805;RepartitionExec[Merge]=1417863;OrderedPartialAggregateStream=13184
event	148025	refusal	RepartitionExec[53]	1	849763	2140412	268400852	350	122	1417863		RepartitionExec=266969805;RepartitionExec[Merge]=1417863;OrderedPartialAggregateStream=13184
event	148037	refusal	RepartitionExec[68]	1	1036304	2140412	268400852	350	122	1417863		RepartitionExec=266969805;RepartitionExec[Merge]=1417863;OrderedPartialAggregateStream=13184
event	148103	refusal	RepartitionExec[65]	1	468104	2140412	268400852	350	122	1417863		RepartitionExec=266969805;RepartitionExec[Merge]=1417863;OrderedPartialAggregateStream=13184
event	148127	refusal	RepartitionExec[59]	1	918986	2140412	268400852	350	122	1417863		RepartitionExec=266969805;RepartitionExec[Merge]=1417863;OrderedPartialAggregateStream=13184
event	148162	refusal	RepartitionExec[82]	1	469678	1475959	268400852	350	122	1417863		RepartitionExec=266969805;RepartitionExec[Merge]=1417863;OrderedPartialAggregateStream=13184
event	148170	refusal	RepartitionExec[56]	1	627822	2140412	268400852	350	122	1417863		RepartitionExec=266969805;RepartitionExec[Merge]=1417863;OrderedPartialAggregateStream=13184
event	148218	refusal	RepartitionExec[47]	1	505187	2140412	268400852	350	122	1417863		RepartitionExec=266969805;RepartitionExec[Merge]=1417863;OrderedPartialAggregateStream=13184
event	148228	refusal	RepartitionExec[66]	1	981017	2140412	268400852	350	122	1417863		RepartitionExec=266969805;RepartitionExec[Merge]=1417863;OrderedPartialAggregateStream=13184
event	148238	refusal	RepartitionExec[57]	1	627822	2140412	268400852	350	122	1417863		RepartitionExec=266969805;RepartitionExec[Merge]=1417863;OrderedPartialAggregateStream=13184
event	148288	refusal	RepartitionExec[91]	1	625349	1417263	268400852	350	122	1417863		RepartitionExec=266969805;RepartitionExec[Merge]=1417863;OrderedPartialAggregateStream=13184
event	148310	refusal	RepartitionExec[4]	1	857179	4894023	268400852	350	122	1417863		RepartitionExec=266969805;RepartitionExec[Merge]=1417863;OrderedPartialAggregateStream=13184
event	148344	refusal	RepartitionExec[52]	1	1036304	2140412	268400852	350	122	1417863		RepartitionExec=266969805;RepartitionExec[Merge]=1417863;OrderedPartialAggregateStream=13184
event	148374	refusal	RepartitionExec[49]	1	738735	2140412	268400852	350	122	1417863		RepartitionExec=266969805;RepartitionExec[Merge]=1417863;OrderedPartialAggregateStream=13184
event	148388	refusal	RepartitionExec[5]	1	857179	3760253	268400852	350	122	1417863		RepartitionExec=266969805;RepartitionExec[Merge]=1417863;OrderedPartialAggregateStream=13184
event	148439	refusal	RepartitionExec[65]	1	595570	2140412	268400852	350	122	1417863		RepartitionExec=266969805;RepartitionExec[Merge]=1417863;OrderedPartialAggregateStream=13184
event	148449	refusal	RepartitionExec[99]	1	620067	1417263	268400852	350	122	1417863		RepartitionExec=266969805;RepartitionExec[Merge]=1417863;OrderedPartialAggregateStream=13184
event	148489	refusal	RepartitionExec[54]	1	849763	2140412	268400852	350	122	1417863		RepartitionExec=266969805;RepartitionExec[Merge]=1417863;OrderedPartialAggregateStream=13184
event	148513	refusal	RepartitionExec[69]	1	1036304	2140412	268400852	350	122	1417863		RepartitionExec=266969805;RepartitionExec[Merge]=1417863;OrderedPartialAggregateStream=13184
event	148541	refusal	RepartitionExec[66]	1	468104	2140412	268400852	350	122	1417863		RepartitionExec=266969805;RepartitionExec[Merge]=1417863;OrderedPartialAggregateStream=13184
event	148565	refusal	RepartitionExec[60]	1	918986	2140412	268400852	350	122	1417863		RepartitionExec=266969805;RepartitionExec[Merge]=1417863;OrderedPartialAggregateStream=13184
event	148585	refusal	RepartitionExec[70]	1	1036304	2140412	268400852	350	122	1417863		RepartitionExec=266969805;RepartitionExec[Merge]=1417863;OrderedPartialAggregateStream=13184
event	148609	refusal	RepartitionExec[59]	1	468443	2140412	268400852	350	122	1417863		RepartitionExec=266969805;RepartitionExec[Merge]=1417863;OrderedPartialAggregateStream=13184
event	148631	refusal	RepartitionExec[48]	1	505187	2140412	268400852	350	122	1417863		RepartitionExec=266969805;RepartitionExec[Merge]=1417863;OrderedPartialAggregateStream=13184
event	148661	refusal	RepartitionExec[67]	1	981017	2140412	268400852	350	122	1417863		RepartitionExec=266969805;RepartitionExec[Merge]=1417863;OrderedPartialAggregateStream=13184
event	148674	refusal	RepartitionExec[58]	1	627822	2140412	268400852	350	122	1417863		RepartitionExec=266969805;RepartitionExec[Merge]=1417863;OrderedPartialAggregateStream=13184
event	148700	refusal	RepartitionExec[92]	1	625349	1475959	268400852	350	122	1417863		RepartitionExec=266969805;RepartitionExec[Merge]=1417863;OrderedPartialAggregateStream=13184
event	148732	refusal	RepartitionExec[46]	1	1036304	2140412	268400852	350	122	1417863		RepartitionExec=266969805;RepartitionExec[Merge]=1417863;OrderedPartialAggregateStream=13184
event	148738	refusal	RepartitionExec[59]	1	627822	2140412	268400852	350	122	1417863		RepartitionExec=266969805;RepartitionExec[Merge]=1417863;OrderedPartialAggregateStream=13184
event	148789	refusal	RepartitionExec[50]	1	738735	2140412	268400852	350	122	1417863		RepartitionExec=266969805;RepartitionExec[Merge]=1417863;OrderedPartialAggregateStream=13184
event	148795	refusal	RepartitionExec[6]	1	857179	3760253	268400852	350	122	1417863		RepartitionExec=266969805;RepartitionExec[Merge]=1417863;OrderedPartialAggregateStream=13184
event	148823	refusal	RepartitionExec[66]	1	595570	2140412	268400852	350	122	1417863		RepartitionExec=266969805;RepartitionExec[Merge]=1417863;OrderedPartialAggregateStream=13184
event	148848	refusal	RepartitionExec[100]	1	620067	1417263	268400852	350	122	1417863		RepartitionExec=266969805;RepartitionExec[Merge]=1417863;OrderedPartialAggregateStream=13184
event	148878	refusal	RepartitionExec[55]	1	849763	2140412	268400852	350	122	1417863		RepartitionExec=266969805;RepartitionExec[Merge]=1417863;OrderedPartialAggregateStream=13184
event	148895	refusal	RepartitionExec[67]	1	595570	2140412	268400852	350	122	1417863		RepartitionExec=266969805;RepartitionExec[Merge]=1417863;OrderedPartialAggregateStream=13184
event	148922	refusal	RepartitionExec[67]	1	468104	2140412	268400852	350	122	1417863		RepartitionExec=266969805;RepartitionExec[Merge]=1417863;OrderedPartialAggregateStream=13184
event	148950	refusal	RepartitionExec[61]	1	918986	2140412	268400852	350	122	1417863		RepartitionExec=266969805;RepartitionExec[Merge]=1417863;OrderedPartialAggregateStream=13184
event	148976	refusal	RepartitionExec[68]	1	595570	2140412	268400852	350	122	1417863		RepartitionExec=266969805;RepartitionExec[Merge]=1417863;OrderedPartialAggregateStream=13184
event	148995	refusal	RepartitionExec[60]	1	468443	2140412	268400852	350	122	1417863		RepartitionExec=266969805;RepartitionExec[Merge]=1417863;OrderedPartialAggregateStream=13184
event	149019	refusal	RepartitionExec[49]	1	505187	2140412	268400852	350	122	1417863		RepartitionExec=266969805;RepartitionExec[Merge]=1417863;OrderedPartialAggregateStream=13184
event	149048	refusal	RepartitionExec[68]	1	981017	2140412	268400852	350	122	1417863		RepartitionExec=266969805;RepartitionExec[Merge]=1417863;OrderedPartialAggregateStream=13184
event	149068	refusal	RepartitionExec[53]	1	1036304	2140412	268400852	350	122	1417863		RepartitionExec=266969805;RepartitionExec[Merge]=1417863;OrderedPartialAggregateStream=13184
event	149087	refusal	RepartitionExec[93]	1	625349	1417263	268400852	350	122	1417863		RepartitionExec=266969805;RepartitionExec[Merge]=1417863;OrderedPartialAggregateStream=13184
event	149118	refusal	RepartitionExec[47]	1	1036304	2140412	268400852	350	122	1417863		RepartitionExec=266969805;RepartitionExec[Merge]=1417863;OrderedPartialAggregateStream=13184
event	149137	refusal	RepartitionExec[60]	1	627822	2140412	268400852	350	122	1417863		RepartitionExec=266969805;RepartitionExec[Merge]=1417863;OrderedPartialAggregateStream=13184
event	149162	refusal	RepartitionExec[51]	1	738735	2140412	268400852	350	122	1417863		RepartitionExec=266969805;RepartitionExec[Merge]=1417863;OrderedPartialAggregateStream=13184
event	149194	refusal	RepartitionExec[7]	1	857179	3651988	268400852	350	122	1417863		RepartitionExec=266969805;RepartitionExec[Merge]=1417863;OrderedPartialAggregateStream=13184
event	149219	refusal	RepartitionExec[83]	1	469678	1417263	268400852	350	122	1417863		RepartitionExec=266969805;RepartitionExec[Merge]=1417863;OrderedPartialAggregateStream=13184
event	149255	refusal	RepartitionExec[101]	1	620067	1417263	268400852	350	122	1417863		RepartitionExec=266969805;RepartitionExec[Merge]=1417863;OrderedPartialAggregateStream=13184
event	149276	refusal	RepartitionExec[56]	1	849763	2140412	268400852	350	122	1417863		RepartitionExec=266969805;RepartitionExec[Merge]=1417863;OrderedPartialAggregateStream=13184
event	149306	refusal	RepartitionExec[71]	1	1036304	2140412	268400852	350	122	1417863		RepartitionExec=266969805;RepartitionExec[Merge]=1417863;OrderedPartialAggregateStream=13184
event	149321	refusal	RepartitionExec[68]	1	468104	2140412	268400852	350	122	1417863		RepartitionExec=266969805;RepartitionExec[Merge]=1417863;OrderedPartialAggregateStream=13184
event	149336	refusal	RepartitionExec[62]	1	918986	2140412	268400852	350	122	1417863		RepartitionExec=266969805;RepartitionExec[Merge]=1417863;OrderedPartialAggregateStream=13184
event	149375	refusal	RepartitionExec[69]	1	595570	2140412	268400852	350	122	1417863		RepartitionExec=266969805;RepartitionExec[Merge]=1417863;OrderedPartialAggregateStream=13184
event	149398	refusal	RepartitionExec[69]	1	468104	2140412	268400852	350	122	1417863		RepartitionExec=266969805;RepartitionExec[Merge]=1417863;OrderedPartialAggregateStream=13184
event	149425	refusal	RepartitionExec[50]	1	505187	2140412	268400852	350	122	1417863		RepartitionExec=266969805;RepartitionExec[Merge]=1417863;OrderedPartialAggregateStream=13184
event	149464	refusal	RepartitionExec[69]	1	981017	2140412	268400852	350	122	1417863		RepartitionExec=266969805;RepartitionExec[Merge]=1417863;OrderedPartialAggregateStream=13184
event	149489	refusal	RepartitionExec[54]	1	1036304	2140412	268400852	350	122	1417863		RepartitionExec=266969805;RepartitionExec[Merge]=1417863;OrderedPartialAggregateStream=13184
event	149507	refusal	RepartitionExec[94]	1	625349	1417263	268400852	350	122	1417863		RepartitionExec=266969805;RepartitionExec[Merge]=1417863;OrderedPartialAggregateStream=13184
event	149536	refusal	RepartitionExec[48]	1	1036304	2140412	268400852	350	122	1417863		RepartitionExec=266969805;RepartitionExec[Merge]=1417863;OrderedPartialAggregateStream=13184
event	149557	refusal	RepartitionExec[61]	1	627822	2140412	268400852	350	122	1417863		RepartitionExec=266969805;RepartitionExec[Merge]=1417863;OrderedPartialAggregateStream=13184
event	149583	refusal	RepartitionExec[52]	1	738735	2140412	268400852	350	122	1417863		RepartitionExec=266969805;RepartitionExec[Merge]=1417863;OrderedPartialAggregateStream=13184
event	149625	refusal	RepartitionExec[8]	1	857179	3182310	268400852	350	122	1417863		RepartitionExec=266969805;RepartitionExec[Merge]=1417863;OrderedPartialAggregateStream=13184
event	149644	refusal	RepartitionExec[84]	1	469678	1417263	268400852	350	122	1417863		RepartitionExec=266969805;RepartitionExec[Merge]=1417863;OrderedPartialAggregateStream=13184
event	149671	refusal	RepartitionExec[102]	1	620067	2014743	268400852	350	122	1417863		RepartitionExec=266969805;RepartitionExec[Merge]=1417863;OrderedPartialAggregateStream=13184
event	149719	refusal	RepartitionExec[57]	1	849763	2140412	268400852	350	122	1417863		RepartitionExec=266969805;RepartitionExec[Merge]=1417863;OrderedPartialAggregateStream=13184
event	149732	refusal	RepartitionExec[85]	1	469678	1417263	268400852	350	122	1417863		RepartitionExec=266969805;RepartitionExec[Merge]=1417863;OrderedPartialAggregateStream=13184
event	149744	refusal	RepartitionExec[61]	1	468443	2140412	268400852	350	122	1417863		RepartitionExec=266969805;RepartitionExec[Merge]=1417863;OrderedPartialAggregateStream=13184
event	149771	refusal	RepartitionExec[63]	1	918986	2140412	268400852	350	122	1417863		RepartitionExec=266969805;RepartitionExec[Merge]=1417863;OrderedPartialAggregateStream=13184
event	149792	refusal	RepartitionExec[70]	1	595570	2140412	268400852	350	122	1417863		RepartitionExec=266969805;RepartitionExec[Merge]=1417863;OrderedPartialAggregateStream=13184
event	149822	refusal	RepartitionExec[70]	1	468104	2140412	268400852	350	122	1417863		RepartitionExec=266969805;RepartitionExec[Merge]=1417863;OrderedPartialAggregateStream=13184
event	149841	refusal	RepartitionExec[51]	1	505187	2140412	268400852	350	122	1417863		RepartitionExec=266969805;RepartitionExec[Merge]=1417863;OrderedPartialAggregateStream=13184
event	149863	refusal	RepartitionExec[71]	1	595570	2140412	268400852	350	122	1417863		RepartitionExec=266969805;RepartitionExec[Merge]=1417863;OrderedPartialAggregateStream=13184
event	149889	refusal	RepartitionExec[55]	1	1036304	2140412	268400852	350	122	1417863		RepartitionExec=266969805;RepartitionExec[Merge]=1417863;OrderedPartialAggregateStream=13184
event	149921	refusal	RepartitionExec[95]	1	625349	1417263	268400852	350	122	1417863		RepartitionExec=266969805;RepartitionExec[Merge]=1417863;OrderedPartialAggregateStream=13184
event	149942	refusal	RepartitionExec[72]	1	595570	2140412	268400852	350	122	1417863		RepartitionExec=266969805;RepartitionExec[Merge]=1417863;OrderedPartialAggregateStream=13184
event	149954	refusal	RepartitionExec[62]	1	627822	2140412	268400852	350	122	1417863		RepartitionExec=266969805;RepartitionExec[Merge]=1417863;OrderedPartialAggregateStream=13184
event	149994	refusal	RepartitionExec[53]	1	738735	2140412	268400852	350	122	1417863		RepartitionExec=266969805;RepartitionExec[Merge]=1417863;OrderedPartialAggregateStream=13184
event	150021	refusal	RepartitionExec[9]	1	857179	2688658	268400852	350	122	1417863		RepartitionExec=266969805;RepartitionExec[Merge]=1417863;OrderedPartialAggregateStream=13184
event	150043	refusal	RepartitionExec[72]	1	1036304	2140412	268400852	350	122	1417863		RepartitionExec=266969805;RepartitionExec[Merge]=1417863;OrderedPartialAggregateStream=13184
event	150067	refusal	RepartitionExec[103]	1	620067	1417263	268400852	350	122	1417863		RepartitionExec=266969805;RepartitionExec[Merge]=1417863;OrderedPartialAggregateStream=13184
event	150093	refusal	RepartitionExec[58]	1	849763	2140412	268400852	350	122	1417863		RepartitionExec=266969805;RepartitionExec[Merge]=1417863;OrderedPartialAggregateStream=13184
event	150120	refusal	RepartitionExec[86]	1	469678	1417263	268400852	350	122	1417863		RepartitionExec=266969805;RepartitionExec[Merge]=1417863;OrderedPartialAggregateStream=13184
event	150137	refusal	RepartitionExec[104]	1	620067	1417263	268400852	350	122	1417863		RepartitionExec=266969805;RepartitionExec[Merge]=1417863;OrderedPartialAggregateStream=13184
event	150167	refusal	RepartitionExec[64]	1	918986	2199108	268400852	350	122	1417863		RepartitionExec=266969805;RepartitionExec[Merge]=1417863;OrderedPartialAggregateStream=13184
event	150226	refusal	RepartitionExec[71]	1	468104	2140412	268400852	350	122	1417863		RepartitionExec=266969805;RepartitionExec[Merge]=1417863;OrderedPartialAggregateStream=13184
event	150241	refusal	RepartitionExec[70]	1	981017	2140412	268400852	350	122	1417863		RepartitionExec=266969805;RepartitionExec[Merge]=1417863;OrderedPartialAggregateStream=13184
event	150250	refusal	RepartitionExec[65]	1	918986	2140412	268400852	350	122	1417863		RepartitionExec=266969805;RepartitionExec[Merge]=1417863;OrderedPartialAggregateStream=13184
event	150273	refusal	RepartitionExec[49]	1	1036304	2140412	268400852	350	122	1417863		RepartitionExec=266969805;RepartitionExec[Merge]=1417863;OrderedPartialAggregateStream=13184
event	150307	refusal	RepartitionExec[56]	1	1036304	2140412	268400852	350	122	1417863		RepartitionExec=266969805;RepartitionExec[Merge]=1417863;OrderedPartialAggregateStream=13184
event	150324	refusal	RepartitionExec[96]	1	625349	1417263	268400852	350	122	1417863		RepartitionExec=266969805;RepartitionExec[Merge]=1417863;OrderedPartialAggregateStream=13184
event	150352	refusal	RepartitionExec[50]	1	1036304	2140412	268400852	350	122	1417863		RepartitionExec=266969805;RepartitionExec[Merge]=1417863;OrderedPartialAggregateStream=13184
event	150372	refusal	RepartitionExec[63]	1	627822	2140412	268400852	350	122	1417863		RepartitionExec=266969805;RepartitionExec[Merge]=1417863;OrderedPartialAggregateStream=13184
event	150400	refusal	RepartitionExec[54]	1	738735	2140412	268400852	350	122	1417863		RepartitionExec=266969805;RepartitionExec[Merge]=1417863;OrderedPartialAggregateStream=13184
event	150423	refusal	RepartitionExec[10]	1	857179	2688658	268400852	350	122	1417863		RepartitionExec=266969805;RepartitionExec[Merge]=1417863;OrderedPartialAggregateStream=13184
event	150451	refusal	RepartitionExec[73]	1	1036304	2140412	268400852	350	122	1417863		RepartitionExec=266969805;RepartitionExec[Merge]=1417863;OrderedPartialAggregateStream=13184
event	150469	refusal	RepartitionExec[62]	1	468443	2140412	268400852	350	122	1417863		RepartitionExec=266969805;RepartitionExec[Merge]=1417863;OrderedPartialAggregateStream=13184
event	150494	refusal	RepartitionExec[59]	1	849763	2140412	268400852	350	122	1417863		RepartitionExec=266969805;RepartitionExec[Merge]=1417863;OrderedPartialAggregateStream=13184
event	150531	refusal	RepartitionExec[87]	1	469678	1417263	268400852	350	122	1417863		RepartitionExec=266969805;RepartitionExec[Merge]=1417863;OrderedPartialAggregateStream=13184
event	150540	refusal	RepartitionExec[63]	1	468443	2140412	268400852	350	122	1417863		RepartitionExec=266969805;RepartitionExec[Merge]=1417863;OrderedPartialAggregateStream=13184
event	150569	refusal	RepartitionExec[60]	1	849763	2140412	268400852	350	122	1417863		RepartitionExec=266969805;RepartitionExec[Merge]=1417863;OrderedPartialAggregateStream=13184
event	150615	refusal	RepartitionExec[72]	1	468104	2140412	268400852	350	122	1417863		RepartitionExec=266969805;RepartitionExec[Merge]=1417863;OrderedPartialAggregateStream=13184
event	150642	refusal	RepartitionExec[71]	1	981017	2140412	268400852	350	122	1417863		RepartitionExec=266969805;RepartitionExec[Merge]=1417863;OrderedPartialAggregateStream=13184
event	150655	refusal	RepartitionExec[66]	1	918986	2140412	268400852	350	122	1417863		RepartitionExec=266969805;RepartitionExec[Merge]=1417863;OrderedPartialAggregateStream=13184
event	150688	refusal	RepartitionExec[73]	1	595570	2140412	268400852	350	122	1417863		RepartitionExec=266969805;RepartitionExec[Merge]=1417863;OrderedPartialAggregateStream=13184
event	150711	refusal	RepartitionExec[57]	1	1036304	2140412	268400852	350	122	1417863		RepartitionExec=266969805;RepartitionExec[Merge]=1417863;OrderedPartialAggregateStream=13184
event	150730	refusal	RepartitionExec[97]	1	625349	1417263	268400852	350	122	1417863		RepartitionExec=266969805;RepartitionExec[Merge]=1417863;OrderedPartialAggregateStream=13184
event	150757	refusal	RepartitionExec[51]	1	1036304	2140412	268400852	350	122	1417863		RepartitionExec=266969805;RepartitionExec[Merge]=1417863;OrderedPartialAggregateStream=13184
event	150776	refusal	RepartitionExec[64]	1	627822	2199108	268400852	350	122	1417863		RepartitionExec=266969805;RepartitionExec[Merge]=1417863;OrderedPartialAggregateStream=13184
event	150801	refusal	RepartitionExec[55]	1	738735	2140412	268400852	350	122	1417863		RepartitionExec=266969805;RepartitionExec[Merge]=1417863;OrderedPartialAggregateStream=13184
event	150834	refusal	RepartitionExec[11]	1	857179	2688658	268400852	350	122	1417863		RepartitionExec=266969805;RepartitionExec[Merge]=1417863;OrderedPartialAggregateStream=13184
event	150843	refusal	RepartitionExec[74]	1	1036304	2140412	268400852	350	122	1417863		RepartitionExec=266969805;RepartitionExec[Merge]=1417863;OrderedPartialAggregateStream=13184
event	150878	refusal	RepartitionExec[105]	1	620067	1417263	268400852	350	122	1417863		RepartitionExec=266969805;RepartitionExec[Merge]=1417863;OrderedPartialAggregateStream=13184
event	150903	refusal	RepartitionExec[52]	1	505187	2140412	268400852	350	122	1417863		RepartitionExec=266969805;RepartitionExec[Merge]=1417863;OrderedPartialAggregateStream=13184
event	150925	refusal	RepartitionExec[88]	1	469678	1533303	268400852	350	122	1417863		RepartitionExec=266969805;RepartitionExec[Merge]=1417863;OrderedPartialAggregateStream=13184
event	150948	refusal	RepartitionExec[64]	1	468443	2199108	268400852	350	122	1417863		RepartitionExec=266969805;RepartitionExec[Merge]=1417863;OrderedPartialAggregateStream=13184
event	151012	refusal	RepartitionExec[61]	1	849763	2140412	268400852	350	122	1417863		RepartitionExec=266969805;RepartitionExec[Merge]=1417863;OrderedPartialAggregateStream=13184
event	151057	refusal	RepartitionExec[73]	1	468104	2140412	268400852	350	122	1417863		RepartitionExec=266969805;RepartitionExec[Merge]=1417863;OrderedPartialAggregateStream=13184
event	151069	refusal	RepartitionExec[72]	1	981017	2140412	268400852	350	122	1417863		RepartitionExec=266969805;RepartitionExec[Merge]=1417863;OrderedPartialAggregateStream=13184
event	151078	refusal	RepartitionExec[67]	1	918986	2140412	268400852	350	122	1417863		RepartitionExec=266969805;RepartitionExec[Merge]=1417863;OrderedPartialAggregateStream=13184
event	151107	refusal	RepartitionExec[74]	1	595570	2140412	268400852	350	122	1417863		RepartitionExec=266969805;RepartitionExec[Merge]=1417863;OrderedPartialAggregateStream=13184
event	151129	refusal	RepartitionExec[58]	1	1036304	2140412	268400852	350	122	1417863		RepartitionExec=266969805;RepartitionExec[Merge]=1417863;OrderedPartialAggregateStream=13184
event	151145	refusal	RepartitionExec[68]	1	918986	2140412	268400852	350	122	1417863		RepartitionExec=266969805;RepartitionExec[Merge]=1417863;OrderedPartialAggregateStream=13184
event	151170	refusal	RepartitionExec[52]	1	1036304	2140412	268400852	350	122	1417863		RepartitionExec=266969805;RepartitionExec[Merge]=1417863;OrderedPartialAggregateStream=13184
event	151199	refusal	RepartitionExec[65]	1	627822	2140412	268400852	350	122	1417863		RepartitionExec=266969805;RepartitionExec[Merge]=1417863;OrderedPartialAggregateStream=13184
event	151221	refusal	RepartitionExec[69]	1	918986	2140412	268400852	350	122	1417863		RepartitionExec=266969805;RepartitionExec[Merge]=1417863;OrderedPartialAggregateStream=13184
event	151256	refusal	RepartitionExec[12]	1	857179	2688658	268400852	350	122	1417863		RepartitionExec=266969805;RepartitionExec[Merge]=1417863;OrderedPartialAggregateStream=13184
event	151270	refusal	RepartitionExec[75]	1	1036304	2256452	268400852	350	122	1417863		RepartitionExec=266969805;RepartitionExec[Merge]=1417863;OrderedPartialAggregateStream=13184
event	151320	refusal	RepartitionExec[106]	1	620067	2022755	268400852	350	122	1417863		RepartitionExec=266969805;RepartitionExec[Merge]=1417863;OrderedPartialAggregateStream=13184
event	151333	refusal	RepartitionExec[53]	1	505187	2140412	268400852	350	122	1417863		RepartitionExec=266969805;RepartitionExec[Merge]=1417863;OrderedPartialAggregateStream=13184
event	151357	refusal	RepartitionExec[89]	1	469678	1417263	268400852	350	122	1417863		RepartitionExec=266969805;RepartitionExec[Merge]=1417863;OrderedPartialAggregateStream=13184
event	151380	refusal	RepartitionExec[65]	1	468443	2140412	268400852	350	122	1417863		RepartitionExec=266969805;RepartitionExec[Merge]=1417863;OrderedPartialAggregateStream=13184
event	151408	refusal	RepartitionExec[62]	1	849763	2140412	268400852	350	122	1417863		RepartitionExec=266969805;RepartitionExec[Merge]=1417863;OrderedPartialAggregateStream=13184
event	151454	refusal	RepartitionExec[74]	1	468104	2140412	268400852	350	122	1417863		RepartitionExec=266969805;RepartitionExec[Merge]=1417863;OrderedPartialAggregateStream=13184
event	151481	refusal	RepartitionExec[73]	1	981017	2140412	268400852	350	122	1417863		RepartitionExec=266969805;RepartitionExec[Merge]=1417863;OrderedPartialAggregateStream=13184
event	151501	refusal	RepartitionExec[63]	1	849763	2140412	268400852	350	122	1417863		RepartitionExec=266969805;RepartitionExec[Merge]=1417863;OrderedPartialAggregateStream=13184
event	151526	refusal	RepartitionExec[75]	1	595570	2256452	268400852	350	122	1417863		RepartitionExec=266969805;RepartitionExec[Merge]=1417863;OrderedPartialAggregateStream=13184
event	151538	refusal	RepartitionExec[59]	1	1036304	2140412	268400852	350	122	1417863		RepartitionExec=266969805;RepartitionExec[Merge]=1417863;OrderedPartialAggregateStream=13184
event	151577	refusal	RepartitionExec[74]	1	981017	2140412	268400852	350	122	1417863		RepartitionExec=266969805;RepartitionExec[Merge]=1417863;OrderedPartialAggregateStream=13184
event	151584	refusal	RepartitionExec[53]	1	1036304	2140412	268400852	350	122	1417863		RepartitionExec=266969805;RepartitionExec[Merge]=1417863;OrderedPartialAggregateStream=13184
event	151621	refusal	RepartitionExec[66]	1	627822	2140412	268400852	350	122	1417863		RepartitionExec=266969805;RepartitionExec[Merge]=1417863;OrderedPartialAggregateStream=13184
event	151634	refusal	RepartitionExec[70]	1	918986	2140412	268400852	350	122	1417863		RepartitionExec=266969805;RepartitionExec[Merge]=1417863;OrderedPartialAggregateStream=13184
event	151659	refusal	RepartitionExec[54]	1	1036304	2140412	268400852	350	122	1417863		RepartitionExec=266969805;RepartitionExec[Merge]=1417863;OrderedPartialAggregateStream=13184
event	151694	refusal	RepartitionExec[76]	1	1036304	2140412	268400852	350	122	1417863		RepartitionExec=266969805;RepartitionExec[Merge]=1417863;OrderedPartialAggregateStream=13184
event	151704	refusal	RepartitionExec[71]	1	918986	2140412	268400852	350	122	1417863		RepartitionExec=266969805;RepartitionExec[Merge]=1417863;OrderedPartialAggregateStream=13184
event	151732	refusal	RepartitionExec[54]	1	505187	2140412	268400852	350	122	1417863		RepartitionExec=266969805;RepartitionExec[Merge]=1417863;OrderedPartialAggregateStream=13184
event	151753	refusal	RepartitionExec[90]	1	469678	1878182	268400852	350	122	1417863		RepartitionExec=266969805;RepartitionExec[Merge]=1417863;OrderedPartialAggregateStream=13184
event	151782	refusal	RepartitionExec[66]	1	468443	2140412	268400852	350	122	1417863		RepartitionExec=266969805;RepartitionExec[Merge]=1417863;OrderedPartialAggregateStream=13184
event	151801	refusal	RepartitionExec[98]	1	625349	1417263	268400852	350	122	1417863		RepartitionExec=266969805;RepartitionExec[Merge]=1417863;OrderedPartialAggregateStream=13184
event	151821	refusal	RepartitionExec[75]	1	468104	2256452	268400852	350	122	1417863		RepartitionExec=266969805;RepartitionExec[Merge]=1417863;OrderedPartialAggregateStream=13184
event	151857	refusal	RepartitionExec[56]	1	738735	2140412	268400852	350	122	1417863		RepartitionExec=266969805;RepartitionExec[Merge]=1417863;OrderedPartialAggregateStream=13184
event	151880	refusal	RepartitionExec[64]	1	849763	2199108	268400852	350	122	1417863		RepartitionExec=266969805;RepartitionExec[Merge]=1417863;OrderedPartialAggregateStream=13184
event	151909	refusal	RepartitionExec[76]	1	595570	2140412	268400852	350	122	1417863		RepartitionExec=266969805;RepartitionExec[Merge]=1417863;OrderedPartialAggregateStream=13184
event	151923	refusal	RepartitionExec[60]	1	1036304	2140412	268400852	350	122	1417863		RepartitionExec=266969805;RepartitionExec[Merge]=1417863;OrderedPartialAggregateStream=13184
event	151964	refusal	RepartitionExec[75]	1	981017	2256452	268400852	350	122	1417863		RepartitionExec=266969805;RepartitionExec[Merge]=1417863;OrderedPartialAggregateStream=13184
event	151986	refusal	RepartitionExec[13]	1	857179	2688658	268400852	350	122	1417863		RepartitionExec=266969805;RepartitionExec[Merge]=1417863;OrderedPartialAggregateStream=13184
event	152006	refusal	RepartitionExec[67]	1	627822	2140412	268400852	350	122	1417863		RepartitionExec=266969805;RepartitionExec[Merge]=1417863;OrderedPartialAggregateStream=13184
event	152042	refusal	RepartitionExec[107]	1	620067	1417263	268400852	350	122	1417863		RepartitionExec=266969805;RepartitionExec[Merge]=1417863;OrderedPartialAggregateStream=13184
event	152049	refusal	RepartitionExec[55]	1	1036304	2140412	268400852	350	122	1417863		RepartitionExec=266969805;RepartitionExec[Merge]=1417863;OrderedPartialAggregateStream=13184
event	152087	refusal	RepartitionExec[77]	1	1036304	2140412	268400852	350	122	1417863		RepartitionExec=266969805;RepartitionExec[Merge]=1417863;OrderedPartialAggregateStream=13184
event	152093	refusal	RepartitionExec[72]	1	918986	2140412	268400852	350	122	1417863		RepartitionExec=266969805;RepartitionExec[Merge]=1417863;OrderedPartialAggregateStream=13184
event	152115	refusal	RepartitionExec[55]	1	505187	2140412	268400852	350	122	1417863		RepartitionExec=266969805;RepartitionExec[Merge]=1417863;OrderedPartialAggregateStream=13184
event	152161	refusal	RepartitionExec[78]	1	1036304	2140412	268400852	350	122	1417863		RepartitionExec=266969805;RepartitionExec[Merge]=1417863;OrderedPartialAggregateStream=13184
event	152168	refusal	RepartitionExec[91]	1	469678	1417263	268400852	350	122	1417863		RepartitionExec=266969805;RepartitionExec[Merge]=1417863;OrderedPartialAggregateStream=13184
event	152183	refusal	RepartitionExec[99]	1	625349	1417263	268400852	350	122	1417863		RepartitionExec=266969805;RepartitionExec[Merge]=1417863;OrderedPartialAggregateStream=13184
event	152224	refusal	RepartitionExec[76]	1	468104	2140412	268400852	350	122	1417863		RepartitionExec=266969805;RepartitionExec[Merge]=1417863;OrderedPartialAggregateStream=13184
event	152250	refusal	RepartitionExec[57]	1	738735	2140412	268400852	350	122	1417863		RepartitionExec=266969805;RepartitionExec[Merge]=1417863;OrderedPartialAggregateStream=13184
event	152256	refusal	RepartitionExec[100]	1	625349	1417263	268400852	350	122	1417863		RepartitionExec=266969805;RepartitionExec[Merge]=1417863;OrderedPartialAggregateStream=13184
event	152293	refusal	RepartitionExec[77]	1	595570	2140412	268400852	350	122	1417863		RepartitionExec=266969805;RepartitionExec[Merge]=1417863;OrderedPartialAggregateStream=13184
event	152327	refusal	RepartitionExec[61]	1	1036304	2140412	268400852	350	122	1417863		RepartitionExec=266969805;RepartitionExec[Merge]=1417863;OrderedPartialAggregateStream=13184
event	152330	refusal	RepartitionExec[58]	1	738735	2140412	268400852	350	122	1417863		RepartitionExec=266969805;RepartitionExec[Merge]=1417863;OrderedPartialAggregateStream=13184
event	152373	refusal	RepartitionExec[14]	1	857179	2747354	268400852	350	122	1417863		RepartitionExec=266969805;RepartitionExec[Merge]=1417863;OrderedPartialAggregateStream=13184
event	152389	refusal	RepartitionExec[68]	1	627822	2140412	268400852	350	122	1417863		RepartitionExec=266969805;RepartitionExec[Merge]=1417863;OrderedPartialAggregateStream=13184
event	152420	refusal	RepartitionExec[108]	1	620067	1417263	268400852	350	122	1417863		RepartitionExec=266969805;RepartitionExec[Merge]=1417863;OrderedPartialAggregateStream=13184
event	152443	refusal	RepartitionExec[56]	1	1036304	2140412	268400852	350	122	1417863		RepartitionExec=266969805;RepartitionExec[Merge]=1417863;OrderedPartialAggregateStream=13184
event	152459	refusal	RepartitionExec[69]	1	627822	2140412	268400852	350	122	1417863		RepartitionExec=266969805;RepartitionExec[Merge]=1417863;OrderedPartialAggregateStream=13184
event	152500	refusal	RepartitionExec[73]	1	918986	2140412	268400852	350	122	1417863		RepartitionExec=266969805;RepartitionExec[Merge]=1417863;OrderedPartialAggregateStream=13184
event	152524	refusal	RepartitionExec[56]	1	505187	2140412	268400852	350	122	1417863		RepartitionExec=266969805;RepartitionExec[Merge]=1417863;OrderedPartialAggregateStream=13184
event	152542	refusal	RepartitionExec[79]	1	1036304	1417263	268400852	350	122	1417863		RepartitionExec=266969805;RepartitionExec[Merge]=1417863;OrderedPartialAggregateStream=13184
event	152573	refusal	RepartitionExec[92]	1	469678	1475959	268400852	350	122	1417863		RepartitionExec=266969805;RepartitionExec[Merge]=1417863;OrderedPartialAggregateStream=13184
event	152640	refusal	RepartitionExec[65]	1	849763	2140412	268400852	350	122	1417863		RepartitionExec=266969805;RepartitionExec[Merge]=1417863;OrderedPartialAggregateStream=13184
event	152651	refusal	RepartitionExec[77]	1	468104	2140412	268400852	350	122	1417863		RepartitionExec=266969805;RepartitionExec[Merge]=1417863;OrderedPartialAggregateStream=13184
event	152685	refusal	RepartitionExec[76]	1	981017	2140412	268400852	350	122	1417863		RepartitionExec=266969805;RepartitionExec[Merge]=1417863;OrderedPartialAggregateStream=13184
event	152725	refusal	RepartitionExec[101]	1	625349	1417263	268400852	350	122	1417863		RepartitionExec=266969805;RepartitionExec[Merge]=1417863;OrderedPartialAggregateStream=13184
event	152747	refusal	RepartitionExec[78]	1	468104	2140412	268400852	350	122	1417863		RepartitionExec=266969805;RepartitionExec[Merge]=1417863;OrderedPartialAggregateStream=13184
event	152751	refusal	RepartitionExec[62]	1	1036304	2140412	268400852	350	122	1417863		RepartitionExec=266969805;RepartitionExec[Merge]=1417863;OrderedPartialAggregateStream=13184
event	152792	refusal	RepartitionExec[59]	1	738735	2140412	268400852	350	122	1417863		RepartitionExec=266969805;RepartitionExec[Merge]=1417863;OrderedPartialAggregateStream=13184
event	152837	refusal	RepartitionExec[15]	1	857179	3314007	268400852	350	122	1417863		RepartitionExec=266969805;RepartitionExec[Merge]=1417863;OrderedPartialAggregateStream=13184
event	152846	refusal	RepartitionExec[67]	1	468443	2140412	268400852	350	122	1417863		RepartitionExec=266969805;RepartitionExec[Merge]=1417863;OrderedPartialAggregateStream=13184
event	152880	refusal	RepartitionExec[109]	1	620067	1417263	268400852	350	122	1417863		RepartitionExec=266969805;RepartitionExec[Merge]=1417863;OrderedPartialAggregateStream=13184
event	152904	refusal	RepartitionExec[57]	1	1036304	2140412	268400852	350	122	1417863		RepartitionExec=266969805;RepartitionExec[Merge]=1417863;OrderedPartialAggregateStream=13184
event	152931	refusal	RepartitionExec[70]	1	627822	2140412	268400852	350	122	1417863		RepartitionExec=266969805;RepartitionExec[Merge]=1417863;OrderedPartialAggregateStream=13184
event	152960	refusal	RepartitionExec[74]	1	918986	2140412	268400852	350	122	1417863		RepartitionExec=266969805;RepartitionExec[Merge]=1417863;OrderedPartialAggregateStream=13184
event	152978	refusal	RepartitionExec[58]	1	1036304	2140412	268400852	350	122	1417863		RepartitionExec=266969805;RepartitionExec[Merge]=1417863;OrderedPartialAggregateStream=13184
event	153005	refusal	RepartitionExec[80]	1	1036304	1417263	268400852	350	122	1417863		RepartitionExec=266969805;RepartitionExec[Merge]=1417863;OrderedPartialAggregateStream=13184
event	153031	refusal	RepartitionExec[93]	1	469678	1417263	268400852	350	122	1417863		RepartitionExec=266969805;RepartitionExec[Merge]=1417863;OrderedPartialAggregateStream=13184
event	153071	refusal	RepartitionExec[66]	1	849763	2140412	268400852	350	122	1417863		RepartitionExec=266969805;RepartitionExec[Merge]=1417863;OrderedPartialAggregateStream=13184
event	153090	refusal	RepartitionExec[78]	1	595570	2140412	268400852	350	122	1417863		RepartitionExec=266969805;RepartitionExec[Merge]=1417863;OrderedPartialAggregateStream=13184
event	153105	refusal	RepartitionExec[77]	1	981017	2140412	268400852	350	122	1417863		RepartitionExec=266969805;RepartitionExec[Merge]=1417863;OrderedPartialAggregateStream=13184
event	153148	refusal	RepartitionExec[102]	1	625349	2014743	268400852	350	122	1417863		RepartitionExec=266969805;RepartitionExec[Merge]=1417863;OrderedPartialAggregateStream=13184
event	153165	refusal	RepartitionExec[79]	1	468104	1417263	268400852	350	122	1417863		RepartitionExec=266969805;RepartitionExec[Merge]=1417863;OrderedPartialAggregateStream=13184
event	153173	refusal	RepartitionExec[63]	1	1036304	2140412	268400852	350	122	1417863		RepartitionExec=266969805;RepartitionExec[Merge]=1417863;OrderedPartialAggregateStream=13184
event	153202	refusal	RepartitionExec[60]	1	738735	2140412	268400852	350	122	1417863		RepartitionExec=266969805;RepartitionExec[Merge]=1417863;OrderedPartialAggregateStream=13184
event	153226	refusal	RepartitionExec[16]	1	857179	2688658	268400852	350	122	1417863		RepartitionExec=266969805;RepartitionExec[Merge]=1417863;OrderedPartialAggregateStream=13184
event	153247	refusal	RepartitionExec[68]	1	468443	2140412	268400852	350	122	1417863		RepartitionExec=266969805;RepartitionExec[Merge]=1417863;OrderedPartialAggregateStream=13184
event	153283	refusal	RepartitionExec[110]	1	620067	1417263	268400852	350	122	1417863		RepartitionExec=266969805;RepartitionExec[Merge]=1417863;OrderedPartialAggregateStream=13184
event	153306	refusal	RepartitionExec[57]	1	505187	2140412	268400852	350	122	1417863		RepartitionExec=266969805;RepartitionExec[Merge]=1417863;OrderedPartialAggregateStream=13184
event	153319	refusal	RepartitionExec[69]	1	468443	2140412	268400852	350	122	1417863		RepartitionExec=266969805;RepartitionExec[Merge]=1417863;OrderedPartialAggregateStream=13184
event	153356	refusal	RepartitionExec[75]	1	918986	2256452	268400852	350	122	1417863		RepartitionExec=266969805;RepartitionExec[Merge]=1417863;OrderedPartialAggregateStream=13184
event	153378	refusal	RepartitionExec[59]	1	1036304	2140412	268400852	350	122	1417863		RepartitionExec=266969805;RepartitionExec[Merge]=1417863;OrderedPartialAggregateStream=13184
event	153401	refusal	RepartitionExec[81]	1	1036304	1417263	268400852	350	122	1417863		RepartitionExec=266969805;RepartitionExec[Merge]=1417863;OrderedPartialAggregateStream=13184
event	153427	refusal	RepartitionExec[94]	1	469678	1417263	268400852	350	122	1417863		RepartitionExec=266969805;RepartitionExec[Merge]=1417863;OrderedPartialAggregateStream=13184
event	153471	refusal	RepartitionExec[67]	1	849763	2140412	268400852	350	122	1417863		RepartitionExec=266969805;RepartitionExec[Merge]=1417863;OrderedPartialAggregateStream=13184
event	153496	refusal	RepartitionExec[79]	1	595570	1417263	268400852	350	122	1417863		RepartitionExec=266969805;RepartitionExec[Merge]=1417863;OrderedPartialAggregateStream=13184
event	153503	refusal	RepartitionExec[95]	1	469678	1417263	268400852	350	122	1417863		RepartitionExec=266969805;RepartitionExec[Merge]=1417863;OrderedPartialAggregateStream=13184
event	153551	refusal	RepartitionExec[103]	1	625349	1417263	268400852	350	122	1417863		RepartitionExec=266969805;RepartitionExec[Merge]=1417863;OrderedPartialAggregateStream=13184
event	153577	refusal	RepartitionExec[80]	1	468104	1417263	268400852	350	122	1417863		RepartitionExec=266969805;RepartitionExec[Merge]=1417863;OrderedPartialAggregateStream=13184
event	153589	refusal	RepartitionExec[64]	1	1036304	2199108	268400852	350	122	1417863		RepartitionExec=266969805;RepartitionExec[Merge]=1417863;OrderedPartialAggregateStream=13184
event	153606	refusal	RepartitionExec[61]	1	738735	2140412	268400852	350	122	1417863		RepartitionExec=266969805;RepartitionExec[Merge]=1417863;OrderedPartialAggregateStream=13184
event	153631	refusal	RepartitionExec[17]	1	857179	2688658	268400852	350	122	1417863		RepartitionExec=266969805;RepartitionExec[Merge]=1417863;OrderedPartialAggregateStream=13184
event	153656	refusal	RepartitionExec[81]	1	468104	1417263	268400852	350	122	1417863		RepartitionExec=266969805;RepartitionExec[Merge]=1417863;OrderedPartialAggregateStream=13184
event	153678	refusal	RepartitionExec[111]	1	620067	1417263	268400852	350	122	1417863		RepartitionExec=266969805;RepartitionExec[Merge]=1417863;OrderedPartialAggregateStream=13184
event	153698	refusal	RepartitionExec[58]	1	505187	2140412	268400852	350	122	1417863		RepartitionExec=266969805;RepartitionExec[Merge]=1417863;OrderedPartialAggregateStream=13184
event	153724	refusal	RepartitionExec[70]	1	468443	2140412	268400852	350	122	1417863		RepartitionExec=266969805;RepartitionExec[Merge]=1417863;OrderedPartialAggregateStream=13184
event	153752	refusal	RepartitionExec[76]	1	918986	2140412	268400852	350	122	1417863		RepartitionExec=266969805;RepartitionExec[Merge]=1417863;OrderedPartialAggregateStream=13184
event	153770	refusal	RepartitionExec[59]	1	505187	2140412	268400852	350	122	1417863		RepartitionExec=266969805;RepartitionExec[Merge]=1417863;OrderedPartialAggregateStream=13184
event	153799	refusal	RepartitionExec[82]	1	1036304	1475959	268400852	350	122	1417863		RepartitionExec=266969805;RepartitionExec[Merge]=1417863;OrderedPartialAggregateStream=13184
event	153833	refusal	RepartitionExec[78]	1	981017	2140412	268400852	350	122	1417863		RepartitionExec=266969805;RepartitionExec[Merge]=1417863;OrderedPartialAggregateStream=13184
event	153877	refusal	RepartitionExec[68]	1	849763	2140412	268400852	350	122	1417863		RepartitionExec=266969805;RepartitionExec[Merge]=1417863;OrderedPartialAggregateStream=13184
event	153900	refusal	RepartitionExec[80]	1	595570	1417263	268400852	350	122	1417863		RepartitionExec=266969805;RepartitionExec[Merge]=1417863;OrderedPartialAggregateStream=13184
event	153932	refusal	RepartitionExec[79]	1	981017	1417263	268400852	350	122	1417863		RepartitionExec=266969805;RepartitionExec[Merge]=1417863;OrderedPartialAggregateStream=13184
event	153935	refusal	RepartitionExec[104]	1	625349	1417263	268400852	350	122	1417863		RepartitionExec=266969805;RepartitionExec[Merge]=1417863;OrderedPartialAggregateStream=13184
event	153966	refusal	RepartitionExec[71]	1	627822	2140412	268400852	350	122	1417863		RepartitionExec=266969805;RepartitionExec[Merge]=1417863;OrderedPartialAggregateStream=13184
event	153981	refusal	RepartitionExec[65]	1	1036304	2140412	268400852	350	122	1417863		RepartitionExec=266969805;RepartitionExec[Merge]=1417863;OrderedPartialAggregateStream=13184
event	154006	refusal	RepartitionExec[62]	1	738735	2140412	268400852	350	122	1417863		RepartitionExec=266969805;RepartitionExec[Merge]=1417863;OrderedPartialAggregateStream=13184
event	154046	refusal	RepartitionExec[18]	1	857179	2688658	268400852	350	122	1417863		RepartitionExec=266969805;RepartitionExec[Merge]=1417863;OrderedPartialAggregateStream=13184
event	154072	refusal	RepartitionExec[82]	1	468104	1475959	268400852	350	122	1417863		RepartitionExec=266969805;RepartitionExec[Merge]=1417863;OrderedPartialAggregateStream=13184
event	154112	refusal	RepartitionExec[112]	1	620067	1900550	268400852	350	122	1417863		RepartitionExec=266969805;RepartitionExec[Merge]=1417863;OrderedPartialAggregateStream=13184
event	154141	refusal	RepartitionExec[60]	1	1036304	2140412	268400852	350	122	1417863		RepartitionExec=266969805;RepartitionExec[Merge]=1417863;OrderedPartialAggregateStream=13184
event	154162	refusal	RepartitionExec[83]	1	468104	1417263	268400852	350	122	1417863		RepartitionExec=266969805;RepartitionExec[Merge]=1417863;OrderedPartialAggregateStream=13184
event	154182	refusal	RepartitionExec[77]	1	918986	2140412	268400852	350	122	1417863		RepartitionExec=266969805;RepartitionExec[Merge]=1417863;OrderedPartialAggregateStream=13184
event	154199	refusal	RepartitionExec[60]	1	505187	2140412	268400852	350	122	1417863		RepartitionExec=266969805;RepartitionExec[Merge]=1417863;OrderedPartialAggregateStream=13184
event	154231	refusal	RepartitionExec[83]	1	1036304	1417263	268400852	350	122	1417863		RepartitionExec=266969805;RepartitionExec[Merge]=1417863;OrderedPartialAggregateStream=13184
event	154254	refusal	RepartitionExec[96]	1	469678	1417263	268400852	350	122	1417863		RepartitionExec=266969805;RepartitionExec[Merge]=1417863;OrderedPartialAggregateStream=13184
event	154301	refusal	RepartitionExec[69]	1	849763	2140412	268400852	350	122	1417863		RepartitionExec=266969805;RepartitionExec[Merge]=1417863;OrderedPartialAggregateStream=13184
event	154337	refusal	RepartitionExec[97]	1	469678	1417263	268400852	350	122	1417863		RepartitionExec=266969805;RepartitionExec[Merge]=1417863;OrderedPartialAggregateStream=13184
event	154345	refusal	RepartitionExec[81]	1	595570	1417263	268400852	350	122	1417863		RepartitionExec=266969805;RepartitionExec[Merge]=1417863;OrderedPartialAggregateStream=13184
event	154380	refusal	RepartitionExec[105]	1	625349	1417263	268400852	350	122	1417863		RepartitionExec=266969805;RepartitionExec[Merge]=1417863;OrderedPartialAggregateStream=13184
event	154384	refusal	RepartitionExec[72]	1	627822	2140412	268400852	350	122	1417863		RepartitionExec=266969805;RepartitionExec[Merge]=1417863;OrderedPartialAggregateStream=13184
event	154416	refusal	RepartitionExec[66]	1	1036304	2140412	268400852	350	122	1417863		RepartitionExec=266969805;RepartitionExec[Merge]=1417863;OrderedPartialAggregateStream=13184
event	154439	refusal	RepartitionExec[63]	1	738735	2140412	268400852	350	122	1417863		RepartitionExec=266969805;RepartitionExec[Merge]=1417863;OrderedPartialAggregateStream=13184
event	154456	refusal	RepartitionExec[73]	1	627822	2140412	268400852	350	122	1417863		RepartitionExec=266969805;RepartitionExec[Merge]=1417863;OrderedPartialAggregateStream=13184
event	154482	refusal	RepartitionExec[71]	1	468443	2140412	268400852	350	122	1417863		RepartitionExec=266969805;RepartitionExec[Merge]=1417863;OrderedPartialAggregateStream=13184
event	154527	refusal	RepartitionExec[113]	1	620067	1417263	268400852	350	122	1417863		RepartitionExec=266969805;RepartitionExec[Merge]=1417863;OrderedPartialAggregateStream=13184
event	154548	refusal	RepartitionExec[61]	1	1036304	2140412	268400852	350	122	1417863		RepartitionExec=266969805;RepartitionExec[Merge]=1417863;OrderedPartialAggregateStream=13184
event	154575	refusal	RepartitionExec[84]	1	468104	1417263	268400852	350	122	1417863		RepartitionExec=266969805;RepartitionExec[Merge]=1417863;OrderedPartialAggregateStream=13184
event	154594	refusal	RepartitionExec[78]	1	918986	2140412	268400852	350	122	1417863		RepartitionExec=266969805;RepartitionExec[Merge]=1417863;OrderedPartialAggregateStream=13184
event	154611	refusal	RepartitionExec[61]	1	505187	2140412	268400852	350	122	1417863		RepartitionExec=266969805;RepartitionExec[Merge]=1417863;OrderedPartialAggregateStream=13184
event	154640	refusal	RepartitionExec[84]	1	1036304	1417263	268400852	350	122	1417863		RepartitionExec=266969805;RepartitionExec[Merge]=1417863;OrderedPartialAggregateStream=13184
event	154673	refusal	RepartitionExec[80]	1	981017	1417263	268400852	350	122	1417863		RepartitionExec=266969805;RepartitionExec[Merge]=1417863;OrderedPartialAggregateStream=13184
event	154689	refusal	RepartitionExec[70]	1	849763	2140412	268400852	350	122	1417863		RepartitionExec=266969805;RepartitionExec[Merge]=1417863;OrderedPartialAggregateStream=13184
event	154747	refusal	RepartitionExec[98]	1	469678	1417263	268400852	350	122	1417863		RepartitionExec=266969805;RepartitionExec[Merge]=1417863;OrderedPartialAggregateStream=13184
event	154799	refusal	RepartitionExec[82]	1	595570	1475959	268400852	350	122	1417863		RepartitionExec=266969805;RepartitionExec[Merge]=1417863;OrderedPartialAggregateStream=13184
event	154811	refusal	RepartitionExec[106]	1	625349	2022755	268400852	350	122	1417863		RepartitionExec=266969805;RepartitionExec[Merge]=1417863;OrderedPartialAggregateStream=13184
event	154890	refusal	RepartitionExec[83]	1	595570	1417263	268400852	350	122	1417863		RepartitionExec=266969805;RepartitionExec[Merge]=1417863;OrderedPartialAggregateStream=13184
event	154925	refusal	RepartitionExec[67]	1	1036304	2140412	268400852	350	122	1417863		RepartitionExec=266969805;RepartitionExec[Merge]=1417863;OrderedPartialAggregateStream=13184
event	154927	refusal	RepartitionExec[64]	1	738735	2199108	268400852	350	122	1417863		RepartitionExec=266969805;RepartitionExec[Merge]=1417863;OrderedPartialAggregateStream=13184
event	154956	refusal	RepartitionExec[74]	1	627822	2140412	268400852	350	122	1417863		RepartitionExec=266969805;RepartitionExec[Merge]=1417863;OrderedPartialAggregateStream=13184
event	154976	refusal	RepartitionExec[19]	1	857179	2688658	268400852	350	122	1417863		RepartitionExec=266969805;RepartitionExec[Merge]=1417863;OrderedPartialAggregateStream=13184
event	155016	refusal	RepartitionExec[114]	1	620067	1417263	268400852	350	122	1417863		RepartitionExec=266969805;RepartitionExec[Merge]=1417863;OrderedPartialAggregateStream=13184
event	155028	refusal	RepartitionExec[62]	1	1036304	2140412	268400852	350	122	1417863		RepartitionExec=266969805;RepartitionExec[Merge]=1417863;OrderedPartialAggregateStream=13184
event	155048	refusal	RepartitionExec[20]	1	857179	2688658	268400852	350	122	1417863		RepartitionExec=266969805;RepartitionExec[Merge]=1417863;OrderedPartialAggregateStream=13184
event	155073	refusal	RepartitionExec[79]	1	918986	1417263	268400852	350	122	1417863		RepartitionExec=266969805;RepartitionExec[Merge]=1417863;OrderedPartialAggregateStream=13184
event	155107	refusal	RepartitionExec[62]	1	505187	2140412	268400852	350	122	1417863		RepartitionExec=266969805;RepartitionExec[Merge]=1417863;OrderedPartialAggregateStream=13184
event	155120	refusal	RepartitionExec[21]	1	857179	2688658	268400852	350	122	1417863		RepartitionExec=266969805;RepartitionExec[Merge]=1417863;OrderedPartialAggregateStream=13184
event	155144	refusal	RepartitionExec[81]	1	981017	1417263	268400852	350	122	1417863		RepartitionExec=266969805;RepartitionExec[Merge]=1417863;OrderedPartialAggregateStream=13184
event	155181	refusal	RepartitionExec[71]	1	849763	2140412	268400852	350	122	1417863		RepartitionExec=266969805;RepartitionExec[Merge]=1417863;OrderedPartialAggregateStream=13184
event	155213	refusal	RepartitionExec[107]	1	625349	1417263	268400852	350	122	1417863		RepartitionExec=266969805;RepartitionExec[Merge]=1417863;OrderedPartialAggregateStream=13184
event	155245	refusal	RepartitionExec[84]	1	595570	1417263	268400852	350	122	1417863		RepartitionExec=266969805;RepartitionExec[Merge]=1417863;OrderedPartialAggregateStream=13184
event	155255	refusal	RepartitionExec[72]	1	468443	2140412	268400852	350	122	1417863		RepartitionExec=266969805;RepartitionExec[Merge]=1417863;OrderedPartialAggregateStream=13184
event	155290	refusal	RepartitionExec[22]	1	857179	2688658	268400852	350	122	1417863		RepartitionExec=266969805;RepartitionExec[Merge]=1417863;OrderedPartialAggregateStream=13184
event	155319	refusal	RepartitionExec[68]	1	1036304	2140412	268400852	350	122	1417863		RepartitionExec=266969805;RepartitionExec[Merge]=1417863;OrderedPartialAggregateStream=13184
event	155322	refusal	RepartitionExec[65]	1	738735	2140412	268400852	350	122	1417863		RepartitionExec=266969805;RepartitionExec[Merge]=1417863;OrderedPartialAggregateStream=13184
event	155345	refusal	RepartitionExec[75]	1	627822	2256452	268400852	350	122	1417863		RepartitionExec=266969805;RepartitionExec[Merge]=1417863;OrderedPartialAggregateStream=13184
event	155378	refusal	RepartitionExec[23]	1	857179	2688658	268400852	350	122	1417863		RepartitionExec=266969805;RepartitionExec[Merge]=1417863;OrderedPartialAggregateStream=13184
event	155395	refusal	RepartitionExec[66]	1	738735	2140412	268400852	350	122	1417863		RepartitionExec=266969805;RepartitionExec[Merge]=1417863;OrderedPartialAggregateStream=13184
event	155415	refusal	RepartitionExec[76]	1	627822	2140412	268400852	350	122	1417863		RepartitionExec=266969805;RepartitionExec[Merge]=1417863;OrderedPartialAggregateStream=13184
event	155470	refusal	RepartitionExec[85]	1	1036304	1417263	268400852	350	122	1417863		RepartitionExec=266969805;RepartitionExec[Merge]=1417863;OrderedPartialAggregateStream=13184
event	155498	refusal	RepartitionExec[80]	1	918986	1417263	268400852	350	122	1417863		RepartitionExec=266969805;RepartitionExec[Merge]=1417863;OrderedPartialAggregateStream=13184
event	155508	refusal	RepartitionExec[63]	1	505187	2140412	268400852	350	122	1417863		RepartitionExec=266969805;RepartitionExec[Merge]=1417863;OrderedPartialAggregateStream=13184
event	155542	refusal	RepartitionExec[99]	1	469678	1417263	268400852	350	122	1417863		RepartitionExec=266969805;RepartitionExec[Merge]=1417863;OrderedPartialAggregateStream=13184
event	155573	refusal	RepartitionExec[82]	1	981017	1475959	268400852	350	122	1417863		RepartitionExec=266969805;RepartitionExec[Merge]=1417863;OrderedPartialAggregateStream=13184
event	155594	refusal	RepartitionExec[72]	1	849763	2140412	268400852	350	122	1417863		RepartitionExec=266969805;RepartitionExec[Merge]=1417863;OrderedPartialAggregateStream=13184
event	155623	refusal	RepartitionExec[100]	1	469678	1417263	268400852	350	122	1417863		RepartitionExec=266969805;RepartitionExec[Merge]=1417863;OrderedPartialAggregateStream=13184
event	155651	refusal	RepartitionExec[85]	1	595570	1417263	268400852	350	122	1417863		RepartitionExec=266969805;RepartitionExec[Merge]=1417863;OrderedPartialAggregateStream=13184
event	155688	refusal	RepartitionExec[73]	1	849763	2140412	268400852	350	122	1417863		RepartitionExec=266969805;RepartitionExec[Merge]=1417863;OrderedPartialAggregateStream=13184
event	155713	refusal	RepartitionExec[85]	1	468104	1417263	268400852	350	122	1417863		RepartitionExec=266969805;RepartitionExec[Merge]=1417863;OrderedPartialAggregateStream=13184
event	155726	refusal	RepartitionExec[86]	1	595570	1417263	268400852	350	122	1417863		RepartitionExec=266969805;RepartitionExec[Merge]=1417863;OrderedPartialAggregateStream=13184
event	155762	refusal	RepartitionExec[115]	1	620067	1591999	268400852	350	122	1417863		RepartitionExec=266969805;RepartitionExec[Merge]=1417863;OrderedPartialAggregateStream=13184
event	155791	refusal	RepartitionExec[63]	1	1036304	2140412	268400852	350	122	1417863		RepartitionExec=266969805;RepartitionExec[Merge]=1417863;OrderedPartialAggregateStream=13184
event	155824	refusal	RepartitionExec[24]	1	857179	2688658	268400852	350	122	1417863		RepartitionExec=266969805;RepartitionExec[Merge]=1417863;OrderedPartialAggregateStream=13184
event	155846	refusal	RepartitionExec[67]	1	738735	2140412	268400852	350	122	1417863		RepartitionExec=266969805;RepartitionExec[Merge]=1417863;OrderedPartialAggregateStream=13184
event	155864	refusal	RepartitionExec[64]	1	1036304	2199108	268400852	350	122	1417863		RepartitionExec=266969805;RepartitionExec[Merge]=1417863;OrderedPartialAggregateStream=13184
event	155914	refusal	RepartitionExec[86]	1	1036304	1417263	268400852	350	122	1417863		RepartitionExec=266969805;RepartitionExec[Merge]=1417863;OrderedPartialAggregateStream=13184
event	155919	refusal	RepartitionExec[81]	1	918986	1417263	268400852	350	122	1417863		RepartitionExec=266969805;RepartitionExec[Merge]=1417863;OrderedPartialAggregateStream=13184
event	155931	refusal	RepartitionExec[65]	1	1036304	2140412	268400852	350	122	1417863		RepartitionExec=266969805;RepartitionExec[Merge]=1417863;OrderedPartialAggregateStream=13184
event	155978	refusal	RepartitionExec[108]	1	625349	1417263	268400852	350	122	1417863		RepartitionExec=266969805;RepartitionExec[Merge]=1417863;OrderedPartialAggregateStream=13184
event	156005	refusal	RepartitionExec[83]	1	981017	1417263	268400852	350	122	1417863		RepartitionExec=266969805;RepartitionExec[Merge]=1417863;OrderedPartialAggregateStream=13184
event	156013	refusal	RepartitionExec[66]	1	1036304	2140412	268400852	350	122	1417863		RepartitionExec=266969805;RepartitionExec[Merge]=1417863;OrderedPartialAggregateStream=13184
event	156039	refusal	RepartitionExec[101]	1	469678	1417263	268400852	350	122	1417863		RepartitionExec=266969805;RepartitionExec[Merge]=1417863;OrderedPartialAggregateStream=13184
event	156080	refusal	RepartitionExec[69]	1	1036304	2140412	268400852	350	122	1417863		RepartitionExec=266969805;RepartitionExec[Merge]=1417863;OrderedPartialAggregateStream=13184
event	156108	refusal	RepartitionExec[74]	1	849763	2140412	268400852	350	122	1417863		RepartitionExec=266969805;RepartitionExec[Merge]=1417863;OrderedPartialAggregateStream=13184
event	156135	refusal	RepartitionExec[86]	1	468104	1417263	268400852	350	122	1417863		RepartitionExec=266969805;RepartitionExec[Merge]=1417863;OrderedPartialAggregateStream=13184
event	156153	refusal	RepartitionExec[87]	1	595570	1417263	268400852	350	122	1417863		RepartitionExec=266969805;RepartitionExec[Merge]=1417863;OrderedPartialAggregateStream=13184
event	156185	refusal	RepartitionExec[116]	1	620067	2593549	268400852	350	122	1417863		RepartitionExec=266969805;RepartitionExec[Merge]=1417863;OrderedPartialAggregateStream=13184
event	156216	refusal	RepartitionExec[77]	1	627822	2140412	268400852	350	122	1417863		RepartitionExec=266969805;RepartitionExec[Merge]=1417863;OrderedPartialAggregateStream=13184
event	156222	refusal	RepartitionExec[88]	1	595570	1533303	268400852	350	122	1417863		RepartitionExec=266969805;RepartitionExec[Merge]=1417863;OrderedPartialAggregateStream=13184
event	156267	refusal	RepartitionExec[68]	1	738735	2140412	268400852	350	122	1417863		RepartitionExec=266969805;RepartitionExec[Merge]=1417863;OrderedPartialAggregateStream=13184
event	156294	refusal	RepartitionExec[64]	1	505187	2199108	268400852	350	122	1417863		RepartitionExec=266969805;RepartitionExec[Merge]=1417863;OrderedPartialAggregateStream=13184
event	156321	refusal	RepartitionExec[87]	1	1036304	1417263	268400852	350	122	1417863		RepartitionExec=266969805;RepartitionExec[Merge]=1417863;OrderedPartialAggregateStream=13184
event	156337	refusal	RepartitionExec[82]	1	918986	1475959	268400852	350	122	1417863		RepartitionExec=266969805;RepartitionExec[Merge]=1417863;OrderedPartialAggregateStream=13184
event	156365	refusal	RepartitionExec[73]	1	468443	2140412	268400852	350	122	1417863		RepartitionExec=266969805;RepartitionExec[Merge]=1417863;OrderedPartialAggregateStream=13184
event	156387	refusal	RepartitionExec[109]	1	625349	1417263	268400852	350	122	1417863		RepartitionExec=266969805;RepartitionExec[Merge]=1417863;OrderedPartialAggregateStream=13184
event	156422	refusal	RepartitionExec[83]	1	918986	1417263	268400852	350	122	1417863		RepartitionExec=266969805;RepartitionExec[Merge]=1417863;OrderedPartialAggregateStream=13184
event	156465	refusal	RepartitionExec[67]	1	1036304	2140412	268400852	350	122	1417863		RepartitionExec=266969805;RepartitionExec[Merge]=1417863;OrderedPartialAggregateStream=13184
event	156469	refusal	RepartitionExec[102]	1	469678	2014743	268400852	350	122	1417863		RepartitionExec=266969805;RepartitionExec[Merge]=1417863;OrderedPartialAggregateStream=13184
event	156508	refusal	RepartitionExec[70]	1	1036304	2140412	268400852	350	122	1417863		RepartitionExec=266969805;RepartitionExec[Merge]=1417863;OrderedPartialAggregateStream=13184
event	156554	refusal	RepartitionExec[75]	1	849763	2256452	268400852	350	122	1417863		RepartitionExec=266969805;RepartitionExec[Merge]=1417863;OrderedPartialAggregateStream=13184
event	156565	refusal	RepartitionExec[87]	1	468104	1417263	268400852	350	122	1417863		RepartitionExec=266969805;RepartitionExec[Merge]=1417863;OrderedPartialAggregateStream=13184
event	156587	refusal	RepartitionExec[25]	1	857179	2688658	268400852	350	122	1417863		RepartitionExec=266969805;RepartitionExec[Merge]=1417863;OrderedPartialAggregateStream=13184
event	156611	refusal	RepartitionExec[117]	1	620067	1649343	268400852	350	122	1417863		RepartitionExec=266969805;RepartitionExec[Merge]=1417863;OrderedPartialAggregateStream=13184
event	156632	refusal	RepartitionExec[78]	1	627822	2140412	268400852	350	122	1417863		RepartitionExec=266969805;RepartitionExec[Merge]=1417863;OrderedPartialAggregateStream=13184
event	156657	refusal	RepartitionExec[89]	1	595570	1417263	268400852	350	122	1417863		RepartitionExec=266969805;RepartitionExec[Merge]=1417863;OrderedPartialAggregateStream=13184
event	156685	refusal	RepartitionExec[69]	1	738735	2140412	268400852	350	122	1417863		RepartitionExec=266969805;RepartitionExec[Merge]=1417863;OrderedPartialAggregateStream=13184
event	156707	refusal	RepartitionExec[79]	1	627822	1417263	268400852	350	122	1417863		RepartitionExec=266969805;RepartitionExec[Merge]=1417863;OrderedPartialAggregateStream=13184
event	156732	refusal	RepartitionExec[88]	1	1036304	1533303	268400852	350	122	1417863		RepartitionExec=266969805;RepartitionExec[Merge]=1417863;OrderedPartialAggregateStream=13184
event	156755	refusal	RepartitionExec[84]	1	981017	1417263	268400852	350	122	1417863		RepartitionExec=266969805;RepartitionExec[Merge]=1417863;OrderedPartialAggregateStream=13184
event	156786	refusal	RepartitionExec[74]	1	468443	2140412	268400852	350	122	1417863		RepartitionExec=266969805;RepartitionExec[Merge]=1417863;OrderedPartialAggregateStream=13184
event	156830	refusal	RepartitionExec[110]	1	625349	1417263	268400852	350	122	1417863		RepartitionExec=266969805;RepartitionExec[Merge]=1417863;OrderedPartialAggregateStream=13184
event	156862	refusal	RepartitionExec[84]	1	918986	1417263	268400852	350	122	1417863		RepartitionExec=266969805;RepartitionExec[Merge]=1417863;OrderedPartialAggregateStream=13184
event	156880	refusal	RepartitionExec[68]	1	1036304	2140412	268400852	350	122	1417863		RepartitionExec=266969805;RepartitionExec[Merge]=1417863;OrderedPartialAggregateStream=13184
event	156902	refusal	RepartitionExec[103]	1	469678	1417263	268400852	350	122	1417863		RepartitionExec=266969805;RepartitionExec[Merge]=1417863;OrderedPartialAggregateStream=13184
event	156954	refusal	RepartitionExec[71]	1	1036304	2140412	268400852	350	122	1417863		RepartitionExec=266969805;RepartitionExec[Merge]=1417863;OrderedPartialAggregateStream=13184
event	156963	refusal	RepartitionExec[76]	1	849763	2140412	268400852	350	122	1417863		RepartitionExec=266969805;RepartitionExec[Merge]=1417863;OrderedPartialAggregateStream=13184
event	157001	refusal	RepartitionExec[88]	1	468104	1533303	268400852	350	122	1417863		RepartitionExec=266969805;RepartitionExec[Merge]=1417863;OrderedPartialAggregateStream=13184
event	157013	refusal	RepartitionExec[26]	1	857179	2688658	268400852	350	122	1417863		RepartitionExec=266969805;RepartitionExec[Merge]=1417863;OrderedPartialAggregateStream=13184
event	157048	refusal	RepartitionExec[118]	1	620067	1417263	268400852	350	122	1417863		RepartitionExec=266969805;RepartitionExec[Merge]=1417863;OrderedPartialAggregateStream=13184
event	157068	refusal	RepartitionExec[65]	1	505187	2140412	268400852	350	122	1417863		RepartitionExec=266969805;RepartitionExec[Merge]=1417863;OrderedPartialAggregateStream=13184
event	157097	refusal	RepartitionExec[89]	1	468104	1417263	268400852	350	122	1417863		RepartitionExec=266969805;RepartitionExec[Merge]=1417863;OrderedPartialAggregateStream=13184
event	157105	refusal	RepartitionExec[70]	1	738735	2140412	268400852	350	122	1417863		RepartitionExec=266969805;RepartitionExec[Merge]=1417863;OrderedPartialAggregateStream=13184
event	157138	refusal	RepartitionExec[66]	1	505187	2140412	268400852	350	122	1417863		RepartitionExec=266969805;RepartitionExec[Merge]=1417863;OrderedPartialAggregateStream=13184
event	157170	refusal	RepartitionExec[89]	1	1036304	1417263	268400852	350	122	1417863		RepartitionExec=266969805;RepartitionExec[Merge]=1417863;OrderedPartialAggregateStream=13184
event	157194	refusal	RepartitionExec[85]	1	981017	1417263	268400852	350	122	1417863		RepartitionExec=266969805;RepartitionExec[Merge]=1417863;OrderedPartialAggregateStream=13184
event	157204	refusal	RepartitionExec[67]	1	505187	2140412	268400852	350	122	1417863		RepartitionExec=266969805;RepartitionExec[Merge]=1417863;OrderedPartialAggregateStream=13184
event	157232	refusal	RepartitionExec[111]	1	625349	1417263	268400852	350	122	1417863		RepartitionExec=266969805;RepartitionExec[Merge]=1417863;OrderedPartialAggregateStream=13184
event	157259	refusal	RepartitionExec[85]	1	918986	1417263	268400852	350	122	1417863		RepartitionExec=266969805;RepartitionExec[Merge]=1417863;OrderedPartialAggregateStream=13184
event	157288	refusal	RepartitionExec[68]	1	505187	2140412	268400852	350	122	1417863		RepartitionExec=266969805;RepartitionExec[Merge]=1417863;OrderedPartialAggregateStream=13184
event	157311	refusal	RepartitionExec[104]	1	469678	1417263	268400852	350	122	1417863		RepartitionExec=266969805;RepartitionExec[Merge]=1417863;OrderedPartialAggregateStream=13184
event	157353	refusal	RepartitionExec[72]	1	1036304	2140412	268400852	350	122	1417863		RepartitionExec=266969805;RepartitionExec[Merge]=1417863;OrderedPartialAggregateStream=13184
event	157381	refusal	RepartitionExec[77]	1	849763	2140412	268400852	350	122	1417863		RepartitionExec=266969805;RepartitionExec[Merge]=1417863;OrderedPartialAggregateStream=13184
event	157403	refusal	RepartitionExec[90]	1	595570	1878182	268400852	350	122	1417863		RepartitionExec=266969805;RepartitionExec[Merge]=1417863;OrderedPartialAggregateStream=13184
event	157435	refusal	RepartitionExec[27]	1	857179	2688658	268400852	350	122	1417863		RepartitionExec=266969805;RepartitionExec[Merge]=1417863;OrderedPartialAggregateStream=13184
event	157472	refusal	RepartitionExec[119]	1	620067	0	268400852	350	122	1417863		RepartitionExec=266969805;RepartitionExec[Merge]=1417863;OrderedPartialAggregateStream=13184
event	157503	refusal	RepartitionExec[90]	1	468104	1878182	268400852	350	122	1417863		RepartitionExec=266969805;RepartitionExec[Merge]=1417863;OrderedPartialAggregateStream=13184
event	157521	refusal	RepartitionExec[80]	1	627822	1417263	268400852	350	122	1417863		RepartitionExec=266969805;RepartitionExec[Merge]=1417863;OrderedPartialAggregateStream=13184
event	157604	refusal	RepartitionExec[75]	1	468443	2256452	268400028	349	122	1417863		RepartitionExec=266969805;RepartitionExec[Merge]=1417863;OrderedPartialAggregateStream=12360
event	157607	refusal	RepartitionExec[90]	1	1036304	1878182	268400028	349	122	1417863		RepartitionExec=266969805;RepartitionExec[Merge]=1417863;OrderedPartialAggregateStream=12360
event	157627	refusal	RepartitionExec[86]	1	981017	1417263	268400028	349	122	1417863		RepartitionExec=266969805;RepartitionExec[Merge]=1417863;OrderedPartialAggregateStream=12360
event	157660	refusal	RepartitionExec[69]	1	1036304	2140412	268400028	349	122	1417863		RepartitionExec=266969805;RepartitionExec[Merge]=1417863;OrderedPartialAggregateStream=12360
event	157674	refusal	RepartitionExec[112]	1	625349	1900550	268400028	349	122	1417863		RepartitionExec=266969805;RepartitionExec[Merge]=1417863;OrderedPartialAggregateStream=12360
event	157708	refusal	RepartitionExec[86]	1	918986	1417263	268400028	349	122	1417863		RepartitionExec=266969805;RepartitionExec[Merge]=1417863;OrderedPartialAggregateStream=12360
event	157729	refusal	RepartitionExec[70]	1	1036304	2140412	268400028	349	122	1417863		RepartitionExec=266969805;RepartitionExec[Merge]=1417863;OrderedPartialAggregateStream=12360
event	157757	refusal	RepartitionExec[105]	1	469678	1417263	268400028	349	122	1417863		RepartitionExec=266969805;RepartitionExec[Merge]=1417863;OrderedPartialAggregateStream=12360
event	157786	refusal	RepartitionExec[73]	1	1036304	2140412	268400028	349	122	1417863		RepartitionExec=266969805;RepartitionExec[Merge]=1417863;OrderedPartialAggregateStream=12360
event	157803	refusal	RepartitionExec[71]	1	1036304	2140412	268400028	349	122	1417863		RepartitionExec=266969805;RepartitionExec[Merge]=1417863;OrderedPartialAggregateStream=12360
event	157853	refusal	RepartitionExec[106]	1	469678	2022755	268400028	349	122	1417863		RepartitionExec=266969805;RepartitionExec[Merge]=1417863;OrderedPartialAggregateStream=12360
event	157868	refusal	RepartitionExec[28]	1	857179	2688658	268400028	349	122	1417863		RepartitionExec=266969805;RepartitionExec[Merge]=1417863;OrderedPartialAggregateStream=12360
event	157894	refusal	RepartitionExec[71]	1	738735	2140412	268400028	349	122	1417863		RepartitionExec=266969805;RepartitionExec[Merge]=1417863;OrderedPartialAggregateStream=12360
event	157916	refusal	RepartitionExec[91]	1	468104	1417263	268400028	349	122	1417863		RepartitionExec=266969805;RepartitionExec[Merge]=1417863;OrderedPartialAggregateStream=12360
event	157942	refusal	RepartitionExec[81]	1	627822	1417263	268400028	349	122	1417863		RepartitionExec=266969805;RepartitionExec[Merge]=1417863;OrderedPartialAggregateStream=12360
event	157969	refusal	RepartitionExec[76]	1	468443	2140412	268400028	349	122	1417863		RepartitionExec=266969805;RepartitionExec[Merge]=1417863;OrderedPartialAggregateStream=12360
event	157996	refusal	RepartitionExec[92]	1	468104	1475959	268400028	349	122	1417863		RepartitionExec=266969805;RepartitionExec[Merge]=1417863;OrderedPartialAggregateStream=12360
event	158025	refusal	RepartitionExec[87]	1	981017	1417263	268400028	349	122	1417863		RepartitionExec=266969805;RepartitionExec[Merge]=1417863;OrderedPartialAggregateStream=12360
event	158039	refusal	RepartitionExec[77]	1	468443	2140412	268400028	349	122	1417863		RepartitionExec=266969805;RepartitionExec[Merge]=1417863;OrderedPartialAggregateStream=12360
event	158064	refusal	RepartitionExec[113]	1	625349	1417263	268400028	349	122	1417863		RepartitionExec=266969805;RepartitionExec[Merge]=1417863;OrderedPartialAggregateStream=12360
event	158099	refusal	RepartitionExec[87]	1	918986	1417263	268400028	349	122	1417863		RepartitionExec=266969805;RepartitionExec[Merge]=1417863;OrderedPartialAggregateStream=12360
event	158110	refusal	RepartitionExec[78]	1	468443	2140412	268400028	349	122	1417863		RepartitionExec=266969805;RepartitionExec[Merge]=1417863;OrderedPartialAggregateStream=12360
event	158135	refusal	RepartitionExec[114]	1	625349	1417263	268400028	349	122	1417863		RepartitionExec=266969805;RepartitionExec[Merge]=1417863;OrderedPartialAggregateStream=12360
event	158161	refusal	RepartitionExec[74]	1	1036304	2140412	268400028	349	122	1417863		RepartitionExec=266969805;RepartitionExec[Merge]=1417863;OrderedPartialAggregateStream=12360
event	158186	refusal	RepartitionExec[79]	1	468443	1417263	268400028	349	122	1417863		RepartitionExec=266969805;RepartitionExec[Merge]=1417863;OrderedPartialAggregateStream=12360
event	158206	refusal	RepartitionExec[115]	1	625349	1591999	268400028	349	122	1417863		RepartitionExec=266969805;RepartitionExec[Merge]=1417863;OrderedPartialAggregateStream=12360
event	158231	refusal	RepartitionExec[29]	1	857179	2688658	268400028	349	122	1417863		RepartitionExec=266969805;RepartitionExec[Merge]=1417863;OrderedPartialAggregateStream=12360
event	158254	refusal	RepartitionExec[72]	1	738735	2140412	268400028	349	122	1417863		RepartitionExec=266969805;RepartitionExec[Merge]=1417863;OrderedPartialAggregateStream=12360
event	158330	refusal	RepartitionExec[91]	1	1036304	1417263	268400028	349	122	1417863		RepartitionExec=266969805;RepartitionExec[Merge]=1417863;OrderedPartialAggregateStream=12360
event	158331	refusal	RepartitionExec[82]	1	627822	1475959	268400028	349	122	1417863		RepartitionExec=266969805;RepartitionExec[Merge]=1417863;OrderedPartialAggregateStream=12360
event	158378	refusal	RepartitionExec[93]	1	468104	1417263	268400028	349	122	1417863		RepartitionExec=266969805;RepartitionExec[Merge]=1417863;OrderedPartialAggregateStream=12360
event	158388	refusal	RepartitionExec[69]	1	505187	2140412	268400028	349	122	1417863		RepartitionExec=266969805;RepartitionExec[Merge]=1417863;OrderedPartialAggregateStream=12360
event	158413	refusal	RepartitionExec[88]	1	981017	1533303	268400028	349	122	1417863		RepartitionExec=266969805;RepartitionExec[Merge]=1417863;OrderedPartialAggregateStream=12360
event	158468	refusal	RepartitionExec[78]	1	849763	2140412	268400028	349	122	1417863		RepartitionExec=266969805;RepartitionExec[Merge]=1417863;OrderedPartialAggregateStream=12360
event	158474	refusal	RepartitionExec[70]	1	505187	2140412	268400028	349	122	1417863		RepartitionExec=266969805;RepartitionExec[Merge]=1417863;OrderedPartialAggregateStream=12360
event	158496	refusal	RepartitionExec[89]	1	981017	1417263	268400028	349	122	1417863		RepartitionExec=266969805;RepartitionExec[Merge]=1417863;OrderedPartialAggregateStream=12360
event	158535	refusal	RepartitionExec[72]	1	1036304	2140412	268400028	349	122	1417863		RepartitionExec=266969805;RepartitionExec[Merge]=1417863;OrderedPartialAggregateStream=12360
event	158575	refusal	RepartitionExec[75]	1	1036304	2256452	268400028	349	122	1417863		RepartitionExec=266969805;RepartitionExec[Merge]=1417863;OrderedPartialAggregateStream=12360
event	158581	refusal	RepartitionExec[79]	1	849763	1417263	268400028	349	122	1417863		RepartitionExec=266969805;RepartitionExec[Merge]=1417863;OrderedPartialAggregateStream=12360
event	158619	refusal	RepartitionExec[80]	1	468443	1417263	268400028	349	122	1417863		RepartitionExec=266969805;RepartitionExec[Merge]=1417863;OrderedPartialAggregateStream=12360
event	158638	refusal	RepartitionExec[116]	1	625349	2593549	268400028	349	122	1417863		RepartitionExec=266969805;RepartitionExec[Merge]=1417863;OrderedPartialAggregateStream=12360
event	158664	refusal	RepartitionExec[30]	1	857179	2688658	268400028	349	122	1417863		RepartitionExec=266969805;RepartitionExec[Merge]=1417863;OrderedPartialAggregateStream=12360
event	158689	refusal	RepartitionExec[73]	1	738735	2140412	268400028	349	122	1417863		RepartitionExec=266969805;RepartitionExec[Merge]=1417863;OrderedPartialAggregateStream=12360
event	158724	refusal	RepartitionExec[92]	1	1036304	1475959	268400028	349	122	1417863		RepartitionExec=266969805;RepartitionExec[Merge]=1417863;OrderedPartialAggregateStream=12360
event	158734	refusal	RepartitionExec[31]	1	857179	2804698	268400028	349	122	1417863		RepartitionExec=266969805;RepartitionExec[Merge]=1417863;OrderedPartialAggregateStream=12360
event	158793	refusal	RepartitionExec[94]	1	468104	1417263	268400028	349	122	1417863		RepartitionExec=266969805;RepartitionExec[Merge]=1417863;OrderedPartialAggregateStream=12360
event	158822	refusal	RepartitionExec[91]	1	595570	1417263	268400028	349	122	1417863		RepartitionExec=266969805;RepartitionExec[Merge]=1417863;OrderedPartialAggregateStream=12360
event	158854	refusal	RepartitionExec[88]	1	918986	1533303	268400028	349	122	1417863		RepartitionExec=266969805;RepartitionExec[Merge]=1417863;OrderedPartialAggregateStream=12360
event	158887	refusal	RepartitionExec[95]	1	468104	1417263	268400028	349	122	1417863		RepartitionExec=266969805;RepartitionExec[Merge]=1417863;OrderedPartialAggregateStream=12360
event	158909	refusal	RepartitionExec[107]	1	469678	1417263	268400028	349	122	1417863		RepartitionExec=266969805;RepartitionExec[Merge]=1417863;OrderedPartialAggregateStream=12360
event	158927	refusal	RepartitionExec[90]	1	981017	1878182	268400028	349	122	1417863		RepartitionExec=266969805;RepartitionExec[Merge]=1417863;OrderedPartialAggregateStream=12360
event	158965	refusal	RepartitionExec[73]	1	1036304	2140412	268400028	349	122	1417863		RepartitionExec=266969805;RepartitionExec[Merge]=1417863;OrderedPartialAggregateStream=12360
event	158977	refusal	RepartitionExec[76]	1	1036304	2140412	268400028	349	122	1417863		RepartitionExec=266969805;RepartitionExec[Merge]=1417863;OrderedPartialAggregateStream=12360
event	158997	refusal	RepartitionExec[80]	1	849763	1417263	268400028	349	122	1417863		RepartitionExec=266969805;RepartitionExec[Merge]=1417863;OrderedPartialAggregateStream=12360
event	159022	refusal	RepartitionExec[81]	1	468443	1417263	268400028	349	122	1417863		RepartitionExec=266969805;RepartitionExec[Merge]=1417863;OrderedPartialAggregateStream=12360
event	159038	refusal	RepartitionExec[74]	1	1036304	2140412	268400028	349	122	1417863		RepartitionExec=266969805;RepartitionExec[Merge]=1417863;OrderedPartialAggregateStream=12360
event	159062	refusal	RepartitionExec[83]	1	627822	1417263	268400028	349	122	1417863		RepartitionExec=266969805;RepartitionExec[Merge]=1417863;OrderedPartialAggregateStream=12360
event	159088	refusal	RepartitionExec[74]	1	738735	2140412	268400028	349	122	1417863		RepartitionExec=266969805;RepartitionExec[Merge]=1417863;OrderedPartialAggregateStream=12360
event	159117	refusal	RepartitionExec[93]	1	1036304	1417263	268400028	349	122	1417863		RepartitionExec=266969805;RepartitionExec[Merge]=1417863;OrderedPartialAggregateStream=12360
event	159143	refusal	RepartitionExec[84]	1	627822	1417263	268400028	349	122	1417863		RepartitionExec=266969805;RepartitionExec[Merge]=1417863;OrderedPartialAggregateStream=12360
event	159158	refusal	RepartitionExec[75]	1	738735	2256452	268400028	349	122	1417863		RepartitionExec=266969805;RepartitionExec[Merge]=1417863;OrderedPartialAggregateStream=12360
event	159194	refusal	RepartitionExec[92]	1	595570	1475959	268400028	349	122	1417863		RepartitionExec=266969805;RepartitionExec[Merge]=1417863;OrderedPartialAggregateStream=12360
event	159212	refusal	RepartitionExec[89]	1	918986	1417263	268400028	349	122	1417863		RepartitionExec=266969805;RepartitionExec[Merge]=1417863;OrderedPartialAggregateStream=12360
event	159238	refusal	RepartitionExec[76]	1	738735	2140412	268400028	349	122	1417863		RepartitionExec=266969805;RepartitionExec[Merge]=1417863;OrderedPartialAggregateStream=12360
event	159254	refusal	RepartitionExec[108]	1	469678	1417263	268400028	349	122	1417863		RepartitionExec=266969805;RepartitionExec[Merge]=1417863;OrderedPartialAggregateStream=12360
event	159307	refusal	RepartitionExec[91]	1	981017	1417263	268400028	349	122	1417863		RepartitionExec=266969805;RepartitionExec[Merge]=1417863;OrderedPartialAggregateStream=12360
event	159318	refusal	RepartitionExec[117]	1	625349	1649343	268400028	349	122	1417863		RepartitionExec=266969805;RepartitionExec[Merge]=1417863;OrderedPartialAggregateStream=12360
event	159358	refusal	RepartitionExec[77]	1	1036304	2140412	268400028	349	122	1417863		RepartitionExec=266969805;RepartitionExec[Merge]=1417863;OrderedPartialAggregateStream=12360
event	159405	refusal	RepartitionExec[81]	1	849763	1417263	268400028	349	122	1417863		RepartitionExec=266969805;RepartitionExec[Merge]=1417863;OrderedPartialAggregateStream=12360
event	159431	refusal	RepartitionExec[82]	1	468443	1475959	268400028	349	122	1417863		RepartitionExec=266969805;RepartitionExec[Merge]=1417863;OrderedPartialAggregateStream=12360
event	159451	refusal	RepartitionExec[75]	1	1036304	2256452	268400028	349	122	1417863		RepartitionExec=266969805;RepartitionExec[Merge]=1417863;OrderedPartialAggregateStream=12360
event	159478	refusal	RepartitionExec[32]	1	857179	2688658	268400028	349	122	1417863		RepartitionExec=266969805;RepartitionExec[Merge]=1417863;OrderedPartialAggregateStream=12360
event	159507	refusal	RepartitionExec[71]	1	505187	2140412	268400028	349	122	1417863		RepartitionExec=266969805;RepartitionExec[Merge]=1417863;OrderedPartialAggregateStream=12360
event	159532	refusal	RepartitionExec[76]	1	1036304	2140412	268400028	349	122	1417863		RepartitionExec=266969805;RepartitionExec[Merge]=1417863;OrderedPartialAggregateStream=12360
event	159550	refusal	RepartitionExec[85]	1	627822	1417263	268400028	349	122	1417863		RepartitionExec=266969805;RepartitionExec[Merge]=1417863;OrderedPartialAggregateStream=12360
event	159573	refusal	OrderedPartialAggregateStream[28]	1	3199225	0	268400028	349	122	1417863		RepartitionExec=266969805;RepartitionExec[Merge]=1417863;OrderedPartialAggregateStream=12360
event	159586	refusal	RepartitionExec[96]	1	468104	1417263	268400028	349	122	1417863		RepartitionExec=266969805;RepartitionExec[Merge]=1417863;OrderedPartialAggregateStream=12360
event	159606	refusal	RepartitionExec[93]	1	595570	1417263	268400028	349	122	1417863		RepartitionExec=266969805;RepartitionExec[Merge]=1417863;OrderedPartialAggregateStream=12360
event	159616	refusal	RepartitionExec[86]	1	627822	1417263	268400028	349	122	1417863		RepartitionExec=266969805;RepartitionExec[Merge]=1417863;OrderedPartialAggregateStream=12360
event	159641	refusal	RepartitionExec[77]	1	738735	2140412	268400028	349	122	1417863		RepartitionExec=266969805;RepartitionExec[Merge]=1417863;OrderedPartialAggregateStream=12360
event	159662	refusal	RepartitionExec[97]	1	468104	1417263	268400028	349	122	1417863		RepartitionExec=266969805;RepartitionExec[Merge]=1417863;OrderedPartialAggregateStream=12360
event	159692	refusal	RepartitionExec[92]	1	981017	1475959	268400028	349	122	1417863		RepartitionExec=266969805;RepartitionExec[Merge]=1417863;OrderedPartialAggregateStream=12360
event	159711	refusal	RepartitionExec[118]	1	625349	1417263	268400028	349	122	1417863		RepartitionExec=266969805;RepartitionExec[Merge]=1417863;OrderedPartialAggregateStream=12360
event	159729	refusal	RepartitionExec[98]	1	468104	1417263	268400028	349	122	1417863		RepartitionExec=266969805;RepartitionExec[Merge]=1417863;OrderedPartialAggregateStream=12360
event	159768	refusal	RepartitionExec[82]	1	849763	1475959	268400028	349	122	1417863		RepartitionExec=266969805;RepartitionExec[Merge]=1417863;OrderedPartialAggregateStream=12360
event	159778	refusal	RepartitionExec[83]	1	468443	1417263	268400028	349	122	1417863		RepartitionExec=266969805;RepartitionExec[Merge]=1417863;OrderedPartialAggregateStream=12360
event	159803	refusal	RepartitionExec[94]	1	1036304	1417263	268400028	349	122	1417863		RepartitionExec=266969805;RepartitionExec[Merge]=1417863;OrderedPartialAggregateStream=12360
event	159825	refusal	RepartitionExec[33]	1	857179	2688658	268400028	349	122	1417863		RepartitionExec=266969805;RepartitionExec[Merge]=1417863;OrderedPartialAggregateStream=12360
event	159844	refusal	RepartitionExec[72]	1	505187	2140412	268400028	349	122	1417863		RepartitionExec=266969805;RepartitionExec[Merge]=1417863;OrderedPartialAggregateStream=12360
event	159877	refusal	RepartitionExec[77]	1	1036304	2140412	268400028	349	122	1417863		RepartitionExec=266969805;RepartitionExec[Merge]=1417863;OrderedPartialAggregateStream=12360
event	159913	refusal	RepartitionExec[90]	1	918986	1878182	268400028	349	122	1417863		RepartitionExec=266969805;RepartitionExec[Merge]=1417863;OrderedPartialAggregateStream=12360
event	159934	refusal	RepartitionExec[73]	1	505187	2140412	268400028	349	122	1417863		RepartitionExec=266969805;RepartitionExec[Merge]=1417863;OrderedPartialAggregateStream=12360
event	159960	refusal	RepartitionExec[94]	1	595570	1417263	268400028	349	122	1417863		RepartitionExec=266969805;RepartitionExec[Merge]=1417863;OrderedPartialAggregateStream=12360
event	159980	refusal	RepartitionExec[87]	1	627822	1417263	268400028	349	122	1417863		RepartitionExec=266969805;RepartitionExec[Merge]=1417863;OrderedPartialAggregateStream=12360
event	160001	refusal	RepartitionExec[78]	1	738735	2140412	268400028	349	122	1417863		RepartitionExec=266969805;RepartitionExec[Merge]=1417863;OrderedPartialAggregateStream=12360
event	160042	refusal	RepartitionExec[78]	1	1036304	2140412	268400028	349	122	1417863		RepartitionExec=266969805;RepartitionExec[Merge]=1417863;OrderedPartialAggregateStream=12360
event	160046	refusal	RepartitionExec[88]	1	627822	1533303	268400028	349	122	1417863		RepartitionExec=266969805;RepartitionExec[Merge]=1417863;OrderedPartialAggregateStream=12360
event	160070	refusal	RepartitionExec[119]	1	625349	0	268400028	349	122	1417863		RepartitionExec=266969805;RepartitionExec[Merge]=1417863;OrderedPartialAggregateStream=12360
event	160123	refusal	OrderedPartialAggregateStream[28]	1	1036232	0	268400028	349	122	1417863		RepartitionExec=266969805;RepartitionExec[Merge]=1417863;OrderedPartialAggregateStream=12360
event	160151	refusal	RepartitionExec[99]	1	468104	1417263	268400852	349	122	1417863		RepartitionExec=266969805;RepartitionExec[Merge]=1417863;OrderedPartialAggregateStream=13184
event	160169	refusal	RepartitionExec[83]	1	849763	1417263	268400852	349	122	1417863		RepartitionExec=266969805;RepartitionExec[Merge]=1417863;OrderedPartialAggregateStream=13184
event	160190	refusal	RepartitionExec[84]	1	468443	1417263	268400852	349	122	1417863		RepartitionExec=266969805;RepartitionExec[Merge]=1417863;OrderedPartialAggregateStream=13184
event	160205	refusal	RepartitionExec[95]	1	1036304	1417263	268400852	349	122	1417863		RepartitionExec=266969805;RepartitionExec[Merge]=1417863;OrderedPartialAggregateStream=13184
event	160218	refusal	RepartitionExec[34]	1	857179	2688658	268400852	349	122	1417863		RepartitionExec=266969805;RepartitionExec[Merge]=1417863;OrderedPartialAggregateStream=13184
event	160233	refusal	RepartitionExec[0]	1	595234	5818050	268400852	349	122	1417863		RepartitionExec=266969805;RepartitionExec[Merge]=1417863;OrderedPartialAggregateStream=13184
event	160239	refusal	RepartitionExec[84]	1	849763	1417263	268400852	349	122	1417863		RepartitionExec=266969805;RepartitionExec[Merge]=1417863;OrderedPartialAggregateStream=13184
event	160294	refusal	RepartitionExec[91]	1	918986	1417263	268400852	349	122	1417863		RepartitionExec=266969805;RepartitionExec[Merge]=1417863;OrderedPartialAggregateStream=13184
event	160299	refusal	RepartitionExec[78]	1	1036304	2140412	268400852	349	122	1417863		RepartitionExec=266969805;RepartitionExec[Merge]=1417863;OrderedPartialAggregateStream=13184
event	160323	refusal	RepartitionExec[1]	1	595234	5348372	268400852	349	122	1417863		RepartitionExec=266969805;RepartitionExec[Merge]=1417863;OrderedPartialAggregateStream=13184
event	160342	refusal	RepartitionExec[95]	1	595570	1417263	268400852	349	122	1417863		RepartitionExec=266969805;RepartitionExec[Merge]=1417863;OrderedPartialAggregateStream=13184
event	160371	refusal	RepartitionExec[93]	1	981017	1417263	268400852	349	122	1417863		RepartitionExec=266969805;RepartitionExec[Merge]=1417863;OrderedPartialAggregateStream=13184
event	160401	refusal	RepartitionExec[79]	1	738735	1417263	268400852	349	122	1417863		RepartitionExec=266969805;RepartitionExec[Merge]=1417863;OrderedPartialAggregateStream=13184
event	160421	refusal	RepartitionExec[96]	1	595570	1417263	268400852	349	122	1417863		RepartitionExec=266969805;RepartitionExec[Merge]=1417863;OrderedPartialAggregateStream=13184
event	160433	refusal	RepartitionExec[89]	1	627822	1417263	268400852	349	122	1417863		RepartitionExec=266969805;RepartitionExec[Merge]=1417863;OrderedPartialAggregateStream=13184
event	160495	refusal	RepartitionExec[100]	1	468104	1417263	268400028	348	122	1417863		RepartitionExec=266969805;RepartitionExec[Merge]=1417863;OrderedPartialAggregateStream=12360
event	160530	refusal	RepartitionExec[109]	1	469678	1417263	268400028	348	122	1417863		RepartitionExec=266969805;RepartitionExec[Merge]=1417863;OrderedPartialAggregateStream=12360
event	160536	refusal	RepartitionExec[85]	1	468443	1417263	268400028	348	122	1417863		RepartitionExec=266969805;RepartitionExec[Merge]=1417863;OrderedPartialAggregateStream=12360
event	160581	refusal	RepartitionExec[96]	1	1036304	1417263	268400028	348	122	1417863		RepartitionExec=266969805;RepartitionExec[Merge]=1417863;OrderedPartialAggregateStream=12360
event	160587	refusal	RepartitionExec[35]	1	857179	2140412	268400028	348	122	1417863		RepartitionExec=266969805;RepartitionExec[Merge]=1417863;OrderedPartialAggregateStream=12360
event	160625	refusal	RepartitionExec[86]	1	468443	1417263	268400028	348	122	1417863		RepartitionExec=266969805;RepartitionExec[Merge]=1417863;OrderedPartialAggregateStream=12360
event	160639	refusal	RepartitionExec[85]	1	849763	1417263	268400028	348	122	1417863		RepartitionExec=266969805;RepartitionExec[Merge]=1417863;OrderedPartialAggregateStream=12360
event	160672	refusal	RepartitionExec[97]	1	1036304	1417263	268400028	348	122	1417863		RepartitionExec=266969805;RepartitionExec[Merge]=1417863;OrderedPartialAggregateStream=12360
event	160709	refusal	RepartitionExec[79]	1	1036304	1417263	268400028	348	122	1417863		RepartitionExec=266969805;RepartitionExec[Merge]=1417863;OrderedPartialAggregateStream=12360
event	160711	refusal	RepartitionExec[86]	1	849763	1417263	268400028	348	122	1417863		RepartitionExec=266969805;RepartitionExec[Merge]=1417863;OrderedPartialAggregateStream=12360
event	160750	refusal	RepartitionExec[79]	1	1036304	1417263	268400028	348	122	1417863		RepartitionExec=266969805;RepartitionExec[Merge]=1417863;OrderedPartialAggregateStream=12360
event	160801	refusal	RepartitionExec[80]	1	738735	1417263	268400028	348	122	1417863		RepartitionExec=266969805;RepartitionExec[Merge]=1417863;OrderedPartialAggregateStream=12360
event	160812	refusal	RepartitionExec[94]	1	981017	1417263	268400028	348	122	1417863		RepartitionExec=266969805;RepartitionExec[Merge]=1417863;OrderedPartialAggregateStream=12360
event	160837	refusal	RepartitionExec[97]	1	595570	1417263	268400028	348	122	1417863		RepartitionExec=266969805;RepartitionExec[Merge]=1417863;OrderedPartialAggregateStream=12360
event	160864	refusal	RepartitionExec[90]	1	627822	1878182	268400028	348	122	1417863		RepartitionExec=266969805;RepartitionExec[Merge]=1417863;OrderedPartialAggregateStream=12360
event	160888	refusal	RepartitionExec[101]	1	468104	1417263	268400028	348	122	1417863		RepartitionExec=266969805;RepartitionExec[Merge]=1417863;OrderedPartialAggregateStream=12360
event	160895	refusal	RepartitionExec[110]	1	469678	1417263	268400028	348	122	1417863		RepartitionExec=266969805;RepartitionExec[Merge]=1417863;OrderedPartialAggregateStream=12360
event	160942	refusal	RepartitionExec[74]	1	505187	2140412	268400028	348	122	1417863		RepartitionExec=266969805;RepartitionExec[Merge]=1417863;OrderedPartialAggregateStream=12360
event	160946	refusal	RepartitionExec[92]	1	918986	1475959	268400028	348	122	1417863		RepartitionExec=266969805;RepartitionExec[Merge]=1417863;OrderedPartialAggregateStream=12360
event	160965	refusal	RepartitionExec[102]	1	468104	2014743	268400028	348	122	1417863		RepartitionExec=266969805;RepartitionExec[Merge]=1417863;OrderedPartialAggregateStream=12360
event	160987	refusal	RepartitionExec[87]	1	468443	1417263	268400028	348	122	1417863		RepartitionExec=266969805;RepartitionExec[Merge]=1417863;OrderedPartialAggregateStream=12360
event	161025	refusal	RepartitionExec[2]	1	595234	5422679	268400028	348	122	1417863		RepartitionExec=266969805;RepartitionExec[Merge]=1417863;OrderedPartialAggregateStream=12360
event	161041	refusal	RepartitionExec[98]	1	1036304	1417263	268400028	348	122	1417863		RepartitionExec=266969805;RepartitionExec[Merge]=1417863;OrderedPartialAggregateStream=12360
event	161080	refusal	RepartitionExec[80]	1	1036304	1417263	268400028	348	122	1417863		RepartitionExec=266969805;RepartitionExec[Merge]=1417863;OrderedPartialAggregateStream=12360
event	161091	refusal	RepartitionExec[87]	1	849763	1417263	268400028	348	122	1417863		RepartitionExec=266969805;RepartitionExec[Merge]=1417863;OrderedPartialAggregateStream=12360
event	161136	refusal	RepartitionExec[80]	1	1036304	1417263	268400028	348	122	1417863		RepartitionExec=266969805;RepartitionExec[Merge]=1417863;OrderedPartialAggregateStream=12360
event	161148	refusal	RepartitionExec[81]	1	738735	1417263	268400028	348	122	1417863		RepartitionExec=266969805;RepartitionExec[Merge]=1417863;OrderedPartialAggregateStream=12360
event	161179	refusal	RepartitionExec[95]	1	981017	1417263	268400028	348	122	1417863		RepartitionExec=266969805;RepartitionExec[Merge]=1417863;OrderedPartialAggregateStream=12360
event	161195	refusal	RepartitionExec[98]	1	595570	1417263	268400028	348	122	1417863		RepartitionExec=266969805;RepartitionExec[Merge]=1417863;OrderedPartialAggregateStream=12360
event	161217	refusal	RepartitionExec[91]	1	627822	1417263	268400028	348	122	1417863		RepartitionExec=266969805;RepartitionExec[Merge]=1417863;OrderedPartialAggregateStream=12360
event	161244	refusal	RepartitionExec[36]	1	857179	2607281	268400028	348	122	1417863		RepartitionExec=266969805;RepartitionExec[Merge]=1417863;OrderedPartialAggregateStream=12360
event	161270	refusal	RepartitionExec[111]	1	469678	1417263	268400028	348	122	1417863		RepartitionExec=266969805;RepartitionExec[Merge]=1417863;OrderedPartialAggregateStream=12360
event	161299	refusal	RepartitionExec[75]	1	505187	2256452	268400028	348	122	1417863		RepartitionExec=266969805;RepartitionExec[Merge]=1417863;OrderedPartialAggregateStream=12360
event	161323	refusal	RepartitionExec[37]	1	857179	2140412	268400028	348	122	1417863		RepartitionExec=266969805;RepartitionExec[Merge]=1417863;OrderedPartialAggregateStream=12360
event	161356	refusal	RepartitionExec[112]	1	469678	1900550	268400028	348	122	1417863		RepartitionExec=266969805;RepartitionExec[Merge]=1417863;OrderedPartialAggregateStream=12360
event	161385	refusal	RepartitionExec[88]	1	468443	1533303	268400028	348	122	1417863		RepartitionExec=266969805;RepartitionExec[Merge]=1417863;OrderedPartialAggregateStream=12360
event	161394	refusal	RepartitionExec[3]	1	595234	4894023	268400028	348	122	1417863		RepartitionExec=266969805;RepartitionExec[Merge]=1417863;OrderedPartialAggregateStream=12360
event	161419	refusal	RepartitionExec[99]	1	1036304	1417263	268400028	348	122	1417863		RepartitionExec=266969805;RepartitionExec[Merge]=1417863;OrderedPartialAggregateStream=12360
event	161452	refusal	RepartitionExec[81]	1	1036304	1417263	268400028	348	122	1417863		RepartitionExec=266969805;RepartitionExec[Merge]=1417863;OrderedPartialAggregateStream=12360
event	161487	refusal	RepartitionExec[88]	1	849763	1533303	268400028	348	122	1417863		RepartitionExec=266969805;RepartitionExec[Merge]=1417863;OrderedPartialAggregateStream=12360
event	161511	refusal	RepartitionExec[81]	1	1036304	1417263	268400028	348	122	1417863		RepartitionExec=266969805;RepartitionExec[Merge]=1417863;OrderedPartialAggregateStream=12360
event	161522	refusal	RepartitionExec[82]	1	1036304	1475959	268400028	348	122	1417863		RepartitionExec=266969805;RepartitionExec[Merge]=1417863;OrderedPartialAggregateStream=12360
event	161557	refusal	RepartitionExec[96]	1	981017	1417263	268400028	348	122	1417863		RepartitionExec=266969805;RepartitionExec[Merge]=1417863;OrderedPartialAggregateStream=12360
event	161584	refusal	RepartitionExec[99]	1	595570	1417263	268400028	348	122	1417863		RepartitionExec=266969805;RepartitionExec[Merge]=1417863;OrderedPartialAggregateStream=12360
event	161590	refusal	RepartitionExec[83]	1	1036304	1417263	268400028	348	122	1417863		RepartitionExec=266969805;RepartitionExec[Merge]=1417863;OrderedPartialAggregateStream=12360
event	161627	refusal	RepartitionExec[93]	1	918986	1417263	268400028	348	122	1417863		RepartitionExec=266969805;RepartitionExec[Merge]=1417863;OrderedPartialAggregateStream=12360
event	161671	refusal	RepartitionExec[103]	1	468104	1417263	268400028	348	122	1417863		RepartitionExec=266969805;RepartitionExec[Merge]=1417863;OrderedPartialAggregateStream=12360
event	161690	refusal	RepartitionExec[76]	1	505187	2140412	268400028	348	122	1417863		RepartitionExec=266969805;RepartitionExec[Merge]=1417863;OrderedPartialAggregateStream=12360
event	161702	refusal	RepartitionExec[38]	1	857179	2140412	268400028	348	122	1417863		RepartitionExec=266969805;RepartitionExec[Merge]=1417863;OrderedPartialAggregateStream=12360
event	161739	refusal	RepartitionExec[113]	1	469678	1417263	268400028	348	122	1417863		RepartitionExec=266969805;RepartitionExec[Merge]=1417863;OrderedPartialAggregateStream=12360
event	161763	refusal	RepartitionExec[89]	1	468443	1417263	268400028	348	122	1417863		RepartitionExec=266969805;RepartitionExec[Merge]=1417863;OrderedPartialAggregateStream=12360
event	161770	refusal	RepartitionExec[77]	1	505187	2140412	268400028	348	122	1417863		RepartitionExec=266969805;RepartitionExec[Merge]=1417863;OrderedPartialAggregateStream=12360
event	161798	refusal	RepartitionExec[100]	1	1036304	1417263	268400028	348	122	1417863		RepartitionExec=266969805;RepartitionExec[Merge]=1417863;OrderedPartialAggregateStream=12360
event	161833	refusal	RepartitionExec[114]	1	469678	1417263	268400028	348	122	1417863		RepartitionExec=266969805;RepartitionExec[Merge]=1417863;OrderedPartialAggregateStream=12360
event	161851	refusal	RepartitionExec[90]	1	468443	1878182	268400028	348	122	1417863		RepartitionExec=266969805;RepartitionExec[Merge]=1417863;OrderedPartialAggregateStream=12360
event	161866	refusal	RepartitionExec[82]	1	1036304	1475959	268400028	348	122	1417863		RepartitionExec=266969805;RepartitionExec[Merge]=1417863;OrderedPartialAggregateStream=12360
event	161881	refusal	RepartitionExec[92]	1	627822	1475959	268400028	348	122	1417863		RepartitionExec=266969805;RepartitionExec[Merge]=1417863;OrderedPartialAggregateStream=12360
event	161907	refusal	RepartitionExec[97]	1	981017	1417263	268400028	348	122	1417863		RepartitionExec=266969805;RepartitionExec[Merge]=1417863;OrderedPartialAggregateStream=12360
event	161920	refusal	RepartitionExec[91]	1	468443	1417263	268400028	348	122	1417863		RepartitionExec=266969805;RepartitionExec[Merge]=1417863;OrderedPartialAggregateStream=12360
event	161958	refusal	RepartitionExec[84]	1	1036304	1417263	268400028	348	122	1417863		RepartitionExec=266969805;RepartitionExec[Merge]=1417863;OrderedPartialAggregateStream=12360
event	161973	refusal	RepartitionExec[94]	1	918986	1417263	268400028	348	122	1417863		RepartitionExec=266969805;RepartitionExec[Merge]=1417863;OrderedPartialAggregateStream=12360
event	161990	refusal	RepartitionExec[92]	1	468443	1475959	268400028	348	122	1417863		RepartitionExec=266969805;RepartitionExec[Merge]=1417863;OrderedPartialAggregateStream=12360
event	162023	refusal	RepartitionExec[4]	1	595234	4894023	268400028	348	122	1417863		RepartitionExec=266969805;RepartitionExec[Merge]=1417863;OrderedPartialAggregateStream=12360
event	162062	refusal	RepartitionExec[39]	1	857179	2140412	268400028	348	122	1417863		RepartitionExec=266969805;RepartitionExec[Merge]=1417863;OrderedPartialAggregateStream=12360
event	162068	refusal	RepartitionExec[82]	1	738735	1475959	268400028	348	122	1417863		RepartitionExec=266969805;RepartitionExec[Merge]=1417863;OrderedPartialAggregateStream=12360
event	162105	refusal	RepartitionExec[89]	1	849763	1417263	268400028	348	122	1417863		RepartitionExec=266969805;RepartitionExec[Merge]=1417863;OrderedPartialAggregateStream=12360
event	162125	refusal	RepartitionExec[78]	1	505187	2140412	268400028	348	122	1417863		RepartitionExec=266969805;RepartitionExec[Merge]=1417863;OrderedPartialAggregateStream=12360
event	162158	refusal	RepartitionExec[101]	1	1036304	1417263	268400028	348	122	1417863		RepartitionExec=266969805;RepartitionExec[Merge]=1417863;OrderedPartialAggregateStream=12360
event	162180	refusal	RepartitionExec[115]	1	469678	1591999	268400028	348	122	1417863		RepartitionExec=266969805;RepartitionExec[Merge]=1417863;OrderedPartialAggregateStream=12360
event	162193	refusal	RepartitionExec[79]	1	505187	1417263	268400028	348	122	1417863		RepartitionExec=266969805;RepartitionExec[Merge]=1417863;OrderedPartialAggregateStream=12360
event	162257	refusal	RepartitionExec[83]	1	1036304	1417263	268400028	348	122	1417863		RepartitionExec=266969805;RepartitionExec[Merge]=1417863;OrderedPartialAggregateStream=12360
event	162295	refusal	RepartitionExec[80]	1	505187	1417263	268400028	348	122	1417863		RepartitionExec=266969805;RepartitionExec[Merge]=1417863;OrderedPartialAggregateStream=12360
event	162302	refusal	RepartitionExec[98]	1	981017	1417263	268400028	348	122	1417863		RepartitionExec=266969805;RepartitionExec[Merge]=1417863;OrderedPartialAggregateStream=12360
event	162339	refusal	RepartitionExec[104]	1	468104	1417263	268400028	348	122	1417863		RepartitionExec=266969805;RepartitionExec[Merge]=1417863;OrderedPartialAggregateStream=12360
event	162361	refusal	RepartitionExec[85]	1	1036304	1417263	268400028	348	122	1417863		RepartitionExec=266969805;RepartitionExec[Merge]=1417863;OrderedPartialAggregateStream=12360
event	162400	refusal	RepartitionExec[95]	1	918986	1417263	268400028	348	122	1417863		RepartitionExec=266969805;RepartitionExec[Merge]=1417863;OrderedPartialAggregateStream=12360
event	162407	refusal	RepartitionExec[105]	1	468104	1417263	268400028	348	122	1417863		RepartitionExec=266969805;RepartitionExec[Merge]=1417863;OrderedPartialAggregateStream=12360
event	162451	refusal	RepartitionExec[5]	1	595234	3760253	268400028	348	122	1417863		RepartitionExec=266969805;RepartitionExec[Merge]=1417863;OrderedPartialAggregateStream=12360
event	162478	refusal	RepartitionExec[40]	1	857179	2140412	268400028	348	122	1417863		RepartitionExec=266969805;RepartitionExec[Merge]=1417863;OrderedPartialAggregateStream=12360
event	162479	refusal	RepartitionExec[96]	1	918986	1417263	268400028	348	122	1417863		RepartitionExec=266969805;RepartitionExec[Merge]=1417863;OrderedPartialAggregateStream=12360
event	162498	refusal	RepartitionExec[90]	1	849763	1878182	268400028	348	122	1417863		RepartitionExec=266969805;RepartitionExec[Merge]=1417863;OrderedPartialAggregateStream=12360
event	162529	refusal	RepartitionExec[100]	1	595570	1417263	268400028	348	122	1417863		RepartitionExec=266969805;RepartitionExec[Merge]=1417863;OrderedPartialAggregateStream=12360
event	162547	refusal	RepartitionExec[102]	1	1036304	2014743	268400028	348	122	1417863		RepartitionExec=266969805;RepartitionExec[Merge]=1417863;OrderedPartialAggregateStream=12360
event	162565	refusal	RepartitionExec[116]	1	469678	2593549	268400028	348	122	1417863		RepartitionExec=266969805;RepartitionExec[Merge]=1417863;OrderedPartialAggregateStream=12360
event	162589	refusal	RepartitionExec[93]	1	627822	1417263	268400028	348	122	1417863		RepartitionExec=266969805;RepartitionExec[Merge]=1417863;OrderedPartialAggregateStream=12360
event	162615	refusal	RepartitionExec[84]	1	1036304	1417263	268400028	348	122	1417863		RepartitionExec=266969805;RepartitionExec[Merge]=1417863;OrderedPartialAggregateStream=12360
event	162665	refusal	RepartitionExec[117]	1	469678	1649343	268400028	348	122	1417863		RepartitionExec=266969805;RepartitionExec[Merge]=1417863;OrderedPartialAggregateStream=12360
event	162668	refusal	RepartitionExec[94]	1	627822	1417263	268400028	348	122	1417863		RepartitionExec=266969805;RepartitionExec[Merge]=1417863;OrderedPartialAggregateStream=12360
event	162696	refusal	RepartitionExec[93]	1	468443	1417263	268400028	348	122	1417863		RepartitionExec=266969805;RepartitionExec[Merge]=1417863;OrderedPartialAggregateStream=12360
event	162712	refusal	RepartitionExec[86]	1	1036304	1417263	268400028	348	122	1417863		RepartitionExec=266969805;RepartitionExec[Merge]=1417863;OrderedPartialAggregateStream=12360
event	162757	refusal	RepartitionExec[83]	1	738735	1417263	268400028	348	122	1417863		RepartitionExec=266969805;RepartitionExec[Merge]=1417863;OrderedPartialAggregateStream=12360
event	162783	refusal	RepartitionExec[106]	1	468104	2022755	268400028	348	122	1417863		RepartitionExec=266969805;RepartitionExec[Merge]=1417863;OrderedPartialAggregateStream=12360
event	162805	refusal	RepartitionExec[6]	1	595234	3760253	268400028	348	122	1417863		RepartitionExec=266969805;RepartitionExec[Merge]=1417863;OrderedPartialAggregateStream=12360
event	162824	refusal	RepartitionExec[41]	1	857179	2199108	268400028	348	122	1417863		RepartitionExec=266969805;RepartitionExec[Merge]=1417863;OrderedPartialAggregateStream=12360
event	162853	refusal	RepartitionExec[84]	1	738735	1417263	268400028	348	122	1417863		RepartitionExec=266969805;RepartitionExec[Merge]=1417863;OrderedPartialAggregateStream=12360
event	162857	refusal	RepartitionExec[107]	1	468104	1417263	268400028	348	122	1417863		RepartitionExec=266969805;RepartitionExec[Merge]=1417863;OrderedPartialAggregateStream=12360
event	162885	refusal	RepartitionExec[7]	1	595234	3651988	268400028	348	122	1417863		RepartitionExec=266969805;RepartitionExec[Merge]=1417863;OrderedPartialAggregateStream=12360
event	162925	refusal	RepartitionExec[85]	1	738735	1417263	268400028	348	122	1417863		RepartitionExec=266969805;RepartitionExec[Merge]=1417863;OrderedPartialAggregateStream=12360
event	162937	refusal	RepartitionExec[103]	1	1036304	1417263	268400028	348	122	1417863		RepartitionExec=266969805;RepartitionExec[Merge]=1417863;OrderedPartialAggregateStream=12360
event	162950	refusal	RepartitionExec[99]	1	981017	1417263	268400028	348	122	1417863		RepartitionExec=266969805;RepartitionExec[Merge]=1417863;OrderedPartialAggregateStream=12360
event	162986	refusal	RepartitionExec[85]	1	1036304	1417263	268400028	348	122	1417863		RepartitionExec=266969805;RepartitionExec[Merge]=1417863;OrderedPartialAggregateStream=12360
event	163000	refusal	RepartitionExec[118]	1	469678	1417263	268400028	348	122	1417863		RepartitionExec=266969805;RepartitionExec[Merge]=1417863;OrderedPartialAggregateStream=12360
event	163037	refusal	RepartitionExec[95]	1	627822	1417263	268400028	348	122	1417863		RepartitionExec=266969805;RepartitionExec[Merge]=1417863;OrderedPartialAggregateStream=12360
event	163069	refusal	RepartitionExec[94]	1	468443	1417263	268400028	348	122	1417863		RepartitionExec=266969805;RepartitionExec[Merge]=1417863;OrderedPartialAggregateStream=12360
event	163070	refusal	RepartitionExec[119]	1	469678	0	268400028	348	122	1417863		RepartitionExec=266969805;RepartitionExec[Merge]=1417863;OrderedPartialAggregateStream=12360
event	163120	refusal	RepartitionExec[97]	1	918986	1417263	268400028	348	122	1417863		RepartitionExec=266969805;RepartitionExec[Merge]=1417863;OrderedPartialAggregateStream=12360
event	163125	refusal	RepartitionExec[91]	1	849763	1417263	268400028	348	122	1417863		RepartitionExec=266969805;RepartitionExec[Merge]=1417863;OrderedPartialAggregateStream=12360
event	163152	refusal	RepartitionExec[95]	1	468443	1417263	268400028	348	122	1417863		RepartitionExec=266969805;RepartitionExec[Merge]=1417863;OrderedPartialAggregateStream=12360
event	163193	refusal	RepartitionExec[42]	1	857179	2140412	268400028	348	122	1417863		RepartitionExec=266969805;RepartitionExec[Merge]=1417863;OrderedPartialAggregateStream=12360
event	163209	refusal	RepartitionExec[108]	1	468104	1417263	268400028	348	122	1417863		RepartitionExec=266969805;RepartitionExec[Merge]=1417863;OrderedPartialAggregateStream=12360
event	163222	refusal	RepartitionExec[81]	1	505187	1417263	268400028	348	122	1417863		RepartitionExec=266969805;RepartitionExec[Merge]=1417863;OrderedPartialAggregateStream=12360
event	163237	refusal	RepartitionExec[8]	1	595234	3182310	268400028	348	122	1417863		RepartitionExec=266969805;RepartitionExec[Merge]=1417863;OrderedPartialAggregateStream=12360
event	163258	refusal	RepartitionExec[86]	1	738735	1417263	268400028	348	122	1417863		RepartitionExec=266969805;RepartitionExec[Merge]=1417863;OrderedPartialAggregateStream=12360
event	163306	refusal	RepartitionExec[100]	1	981017	1417263	268400028	348	122	1417863		RepartitionExec=266969805;RepartitionExec[Merge]=1417863;OrderedPartialAggregateStream=12360
event	163318	refusal	RepartitionExec[104]	1	1036304	1417263	268400028	348	122	1417863		RepartitionExec=266969805;RepartitionExec[Merge]=1417863;OrderedPartialAggregateStream=12360
event	163388	refusal	RepartitionExec[86]	1	1036304	1417263	268400028	348	122	1417863		RepartitionExec=266969805;RepartitionExec[Merge]=1417863;OrderedPartialAggregateStream=12360
event	163404	refusal	RepartitionExec[87]	1	1036304	1417263	268400028	348	122	1417863		RepartitionExec=266969805;RepartitionExec[Merge]=1417863;OrderedPartialAggregateStream=12360
event	163433	refusal	RepartitionExec[96]	1	627822	1417263	268400028	348	122	1417863		RepartitionExec=266969805;RepartitionExec[Merge]=1417863;OrderedPartialAggregateStream=12360
event	163473	refusal	RepartitionExec[88]	1	1036304	1533303	268400028	348	122	1417863		RepartitionExec=266969805;RepartitionExec[Merge]=1417863;OrderedPartialAggregateStream=12360
event	163518	refusal	RepartitionExec[98]	1	918986	1417263	268399204	347	122	1417863		RepartitionExec=266969805;RepartitionExec[Merge]=1417863;OrderedPartialAggregateStream=11536
event	163569	refusal	RepartitionExec[92]	1	849763	1475959	268399204	347	122	1417863		RepartitionExec=266969805;RepartitionExec[Merge]=1417863;OrderedPartialAggregateStream=11536
event	163573	refusal	RepartitionExec[96]	1	468443	1417263	268399204	347	122	1417863		RepartitionExec=266969805;RepartitionExec[Merge]=1417863;OrderedPartialAggregateStream=11536
event	163610	refusal	RepartitionExec[43]	1	857179	2140412	268399204	347	122	1417863		RepartitionExec=266969805;RepartitionExec[Merge]=1417863;OrderedPartialAggregateStream=11536
event	163630	refusal	RepartitionExec[109]	1	468104	1417263	268399204	347	122	1417863		RepartitionExec=266969805;RepartitionExec[Merge]=1417863;OrderedPartialAggregateStream=11536
event	163641	refusal	RepartitionExec[82]	1	505187	1475959	268399204	347	122	1417863		RepartitionExec=266969805;RepartitionExec[Merge]=1417863;OrderedPartialAggregateStream=11536
event	163690	refusal	RepartitionExec[9]	1	595234	2688658	268399204	347	122	1417863		RepartitionExec=266969805;RepartitionExec[Merge]=1417863;OrderedPartialAggregateStream=11536
event	163692	refusal	RepartitionExec[87]	1	738735	1417263	268399204	347	122	1417863		RepartitionExec=266969805;RepartitionExec[Merge]=1417863;OrderedPartialAggregateStream=11536
event	163716	refusal	RepartitionExec[101]	1	981017	1417263	268399204	347	122	1417863		RepartitionExec=266969805;RepartitionExec[Merge]=1417863;OrderedPartialAggregateStream=11536
event	163750	refusal	RepartitionExec[105]	1	1036304	1417263	268399204	347	122	1417863		RepartitionExec=266969805;RepartitionExec[Merge]=1417863;OrderedPartialAggregateStream=11536
event	163767	refusal	RepartitionExec[87]	1	1036304	1417263	268399204	347	122	1417863		RepartitionExec=266969805;RepartitionExec[Merge]=1417863;OrderedPartialAggregateStream=11536
event	163787	refusal	RepartitionExec[101]	1	595570	1417263	268399204	347	122	1417863		RepartitionExec=266969805;RepartitionExec[Merge]=1417863;OrderedPartialAggregateStream=11536
event	163816	refusal	RepartitionExec[97]	1	627822	1417263	268399204	347	122	1417863		RepartitionExec=266969805;RepartitionExec[Merge]=1417863;OrderedPartialAggregateStream=11536
event	163838	refusal	RepartitionExec[89]	1	1036304	1417263	268399204	347	122	1417863		RepartitionExec=266969805;RepartitionExec[Merge]=1417863;OrderedPartialAggregateStream=11536
event	163867	refusal	RepartitionExec[99]	1	918986	1417263	268399204	347	122	1417863		RepartitionExec=266969805;RepartitionExec[Merge]=1417863;OrderedPartialAggregateStream=11536
event	163900	refusal	OrderedPartialAggregateStream[114]	1	4609378	0	268399204	347	122	1417863		RepartitionExec=266969805;RepartitionExec[Merge]=1417863;OrderedPartialAggregateStream=11536
event	163919	refusal	RepartitionExec[93]	1	849763	1417263	268399204	347	122	1417863		RepartitionExec=266969805;RepartitionExec[Merge]=1417863;OrderedPartialAggregateStream=11536
event	163920	refusal	RepartitionExec[90]	1	1036304	1878182	268399204	347	122	1417863		RepartitionExec=266969805;RepartitionExec[Merge]=1417863;OrderedPartialAggregateStream=11536
event	163975	refusal	RepartitionExec[100]	1	918986	1417263	268399204	347	122	1417863		RepartitionExec=266969805;RepartitionExec[Merge]=1417863;OrderedPartialAggregateStream=11536
event	163977	refusal	RepartitionExec[110]	1	468104	1417263	268399204	347	122	1417863		RepartitionExec=266969805;RepartitionExec[Merge]=1417863;OrderedPartialAggregateStream=11536
event	164007	refusal	RepartitionExec[83]	1	505187	1417263	268399204	347	122	1417863		RepartitionExec=266969805;RepartitionExec[Merge]=1417863;OrderedPartialAggregateStream=11536
event	164054	refusal	RepartitionExec[88]	1	738735	1533303	268399204	347	122	1417863		RepartitionExec=266969805;RepartitionExec[Merge]=1417863;OrderedPartialAggregateStream=11536
event	164065	refusal	RepartitionExec[10]	1	595234	2688658	268399204	347	122	1417863		RepartitionExec=266969805;RepartitionExec[Merge]=1417863;OrderedPartialAggregateStream=11536
event	164070	refusal	RepartitionExec[102]	1	981017	2014743	268399204	347	122	1417863		RepartitionExec=266969805;RepartitionExec[Merge]=1417863;OrderedPartialAggregateStream=11536
event	164116	refusal	RepartitionExec[106]	1	1036304	2022755	268399204	347	122	1417863		RepartitionExec=266969805;RepartitionExec[Merge]=1417863;OrderedPartialAggregateStream=11536
event	164117	refusal	RepartitionExec[88]	1	1036304	1533303	268399204	347	122	1417863		RepartitionExec=266969805;RepartitionExec[Merge]=1417863;OrderedPartialAggregateStream=11536
event	164152	refusal	RepartitionExec[102]	1	595570	2014743	268399204	347	122	1417863		RepartitionExec=266969805;RepartitionExec[Merge]=1417863;OrderedPartialAggregateStream=11536
event	164183	refusal	RepartitionExec[98]	1	627822	1417263	268399204	347	122	1417863		RepartitionExec=266969805;RepartitionExec[Merge]=1417863;OrderedPartialAggregateStream=11536
event	164195	refusal	RepartitionExec[97]	1	468443	1417263	268399204	347	122	1417863		RepartitionExec=266969805;RepartitionExec[Merge]=1417863;OrderedPartialAggregateStream=11536
event	164223	refusal	RepartitionExec[44]	1	857179	2140412	268399204	347	122	1417863		RepartitionExec=266969805;RepartitionExec[Merge]=1417863;OrderedPartialAggregateStream=11536
event	164285	refusal	RepartitionExec[94]	1	849763	1417263	268399204	347	122	1417863		RepartitionExec=266969805;RepartitionExec[Merge]=1417863;OrderedPartialAggregateStream=11536
event	164291	refusal	RepartitionExec[98]	1	468443	1417263	268399204	347	122	1417863		RepartitionExec=266969805;RepartitionExec[Merge]=1417863;OrderedPartialAggregateStream=11536
event	164317	refusal	RepartitionExec[101]	1	918986	1417263	268399204	347	122	1417863		RepartitionExec=266969805;RepartitionExec[Merge]=1417863;OrderedPartialAggregateStream=11536
event	164325	refusal	RepartitionExec[111]	1	468104	1417263	268399204	347	122	1417863		RepartitionExec=266969805;RepartitionExec[Merge]=1417863;OrderedPartialAggregateStream=11536
event	164357	refusal	RepartitionExec[84]	1	505187	1417263	268399204	347	122	1417863		RepartitionExec=266969805;RepartitionExec[Merge]=1417863;OrderedPartialAggregateStream=11536
event	164395	refusal	RepartitionExec[95]	1	849763	1417263	268399204	347	122	1417863		RepartitionExec=266969805;RepartitionExec[Merge]=1417863;OrderedPartialAggregateStream=11536
event	164396	refusal	RepartitionExec[11]	1	595234	2688658	268399204	347	122	1417863		RepartitionExec=266969805;RepartitionExec[Merge]=1417863;OrderedPartialAggregateStream=11536
event	164423	refusal	RepartitionExec[103]	1	981017	1417263	268399204	347	122	1417863		RepartitionExec=266969805;RepartitionExec[Merge]=1417863;OrderedPartialAggregateStream=11536
event	164472	refusal	RepartitionExec[107]	1	1036304	1417263	268399204	347	122	1417863		RepartitionExec=266969805;RepartitionExec[Merge]=1417863;OrderedPartialAggregateStream=11536
event	164472	refusal	RepartitionExec[89]	1	1036304	1417263	268399204	347	122	1417863		RepartitionExec=266969805;RepartitionExec[Merge]=1417863;OrderedPartialAggregateStream=11536
event	164517	refusal	RepartitionExec[103]	1	595570	1417263	268399204	347	122	1417863		RepartitionExec=266969805;RepartitionExec[Merge]=1417863;OrderedPartialAggregateStream=11536
event	164554	refusal	RepartitionExec[99]	1	627822	1417263	268399204	347	122	1417863		RepartitionExec=266969805;RepartitionExec[Merge]=1417863;OrderedPartialAggregateStream=11536
event	164564	refusal	RepartitionExec[91]	1	1036304	1417263	268399204	347	122	1417863		RepartitionExec=266969805;RepartitionExec[Merge]=1417863;OrderedPartialAggregateStream=11536
event	164600	refusal	RepartitionExec[45]	1	857179	2140412	268399204	347	122	1417863		RepartitionExec=266969805;RepartitionExec[Merge]=1417863;OrderedPartialAggregateStream=11536
event	164631	refusal	RepartitionExec[89]	1	738735	1417263	268399204	347	122	1417863		RepartitionExec=266969805;RepartitionExec[Merge]=1417863;OrderedPartialAggregateStream=11536
event	164656	refusal	RepartitionExec[99]	1	468443	1417263	268399204	347	122	1417863		RepartitionExec=266969805;RepartitionExec[Merge]=1417863;OrderedPartialAggregateStream=11536
event	164665	refusal	RepartitionExec[102]	1	918986	2014743	268399204	347	122	1417863		RepartitionExec=266969805;RepartitionExec[Merge]=1417863;OrderedPartialAggregateStream=11536
event	164690	refusal	RepartitionExec[112]	1	468104	1900550	268399204	347	122	1417863		RepartitionExec=266969805;RepartitionExec[Merge]=1417863;OrderedPartialAggregateStream=11536
event	164711	refusal	RepartitionExec[85]	1	505187	1417263	268399204	347	122	1417863		RepartitionExec=266969805;RepartitionExec[Merge]=1417863;OrderedPartialAggregateStream=11536
event	164755	refusal	RepartitionExec[113]	1	468104	1417263	268399204	347	122	1417863		RepartitionExec=266969805;RepartitionExec[Merge]=1417863;OrderedPartialAggregateStream=11536
event	164772	refusal	RepartitionExec[96]	1	849763	1417263	268399204	347	122	1417863		RepartitionExec=266969805;RepartitionExec[Merge]=1417863;OrderedPartialAggregateStream=11536
event	164785	refusal	RepartitionExec[104]	1	981017	1417263	268399204	347	122	1417863		RepartitionExec=266969805;RepartitionExec[Merge]=1417863;OrderedPartialAggregateStream=11536
event	164822	refusal	RepartitionExec[108]	1	1036304	1417263	268399204	347	122	1417863		RepartitionExec=266969805;RepartitionExec[Merge]=1417863;OrderedPartialAggregateStream=11536
event	164835	refusal	RepartitionExec[90]	1	1036304	1878182	268399204	347	122	1417863		RepartitionExec=266969805;RepartitionExec[Merge]=1417863;OrderedPartialAggregateStream=11536
event	164864	refusal	RepartitionExec[104]	1	595570	1417263	268399204	347	122	1417863		RepartitionExec=266969805;RepartitionExec[Merge]=1417863;OrderedPartialAggregateStream=11536
event	164888	refusal	RepartitionExec[100]	1	627822	1417263	268399204	347	122	1417863		RepartitionExec=266969805;RepartitionExec[Merge]=1417863;OrderedPartialAggregateStream=11536
event	164889	refusal	OrderedPartialAggregateStream[114]	1	1037128	0	268399204	347	122	1417863		RepartitionExec=266969805;RepartitionExec[Merge]=1417863;OrderedPartialAggregateStream=11536
event	164905	refusal	RepartitionExec[92]	1	1036304	1475959	268400028	347	122	1417863		RepartitionExec=266969805;RepartitionExec[Merge]=1417863;OrderedPartialAggregateStream=12360
event	164940	refusal	RepartitionExec[46]	1	857179	2140412	268400028	347	122	1417863		RepartitionExec=266969805;RepartitionExec[Merge]=1417863;OrderedPartialAggregateStream=12360
event	164973	refusal	RepartitionExec[90]	1	738735	1878182	268400028	347	122	1417863		RepartitionExec=266969805;RepartitionExec[Merge]=1417863;OrderedPartialAggregateStream=12360
event	164994	refusal	RepartitionExec[100]	1	468443	1417263	268400028	347	122	1417863		RepartitionExec=266969805;RepartitionExec[Merge]=1417863;OrderedPartialAggregateStream=12360
event	165005	refusal	RepartitionExec[103]	1	918986	1417263	268400028	347	122	1417863		RepartitionExec=266969805;RepartitionExec[Merge]=1417863;OrderedPartialAggregateStream=12360
event	165027	refusal	RepartitionExec[12]	1	595234	2688658	268400028	347	122	1417863		RepartitionExec=266969805;RepartitionExec[Merge]=1417863;OrderedPartialAggregateStream=12360
event	165052	refusal	RepartitionExec[86]	1	505187	1417263	268400028	347	122	1417863		RepartitionExec=266969805;RepartitionExec[Merge]=1417863;OrderedPartialAggregateStream=12360
event	165058	refusal	RepartitionExec[0]	1	1036304	5818050	268400028	347	122	1417863		RepartitionExec=266969805;RepartitionExec[Merge]=1417863;OrderedPartialAggregateStream=12360
event	165071	refusal	RepartitionExec[114]	1	468104	1417263	268400028	347	122	1417863		RepartitionExec=266969805;RepartitionExec[Merge]=1417863;OrderedPartialAggregateStream=12360
event	165123	refusal	RepartitionExec[105]	1	981017	1417263	268400028	347	122	1417863		RepartitionExec=266969805;RepartitionExec[Merge]=1417863;OrderedPartialAggregateStream=12360
event	165134	refusal	RepartitionExec[97]	1	849763	1417263	268400028	347	122	1417863		RepartitionExec=266969805;RepartitionExec[Merge]=1417863;OrderedPartialAggregateStream=12360
event	165135	refusal	RepartitionExec[115]	1	468104	1591999	268400028	347	122	1417863		RepartitionExec=266969805;RepartitionExec[Merge]=1417863;OrderedPartialAggregateStream=12360
event	165170	refusal	RepartitionExec[91]	1	1036304	1417263	268400028	347	122	1417863		RepartitionExec=266969805;RepartitionExec[Merge]=1417863;OrderedPartialAggregateStream=12360
event	165186	refusal	RepartitionExec[105]	1	595570	1417263	268400028	347	122	1417863		RepartitionExec=266969805;RepartitionExec[Merge]=1417863;OrderedPartialAggregateStream=12360
event	165235	refusal	RepartitionExec[93]	1	1036304	1417263	268400028	347	122	1417863		RepartitionExec=266969805;RepartitionExec[Merge]=1417863;OrderedPartialAggregateStream=12360
event	165236	refusal	RepartitionExec[98]	1	849763	1417263	268400028	347	122	1417863		RepartitionExec=266969805;RepartitionExec[Merge]=1417863;OrderedPartialAggregateStream=12360
event	165257	refusal	RepartitionExec[47]	1	857179	2140412	268400028	347	122	1417863		RepartitionExec=266969805;RepartitionExec[Merge]=1417863;OrderedPartialAggregateStream=12360
event	165305	refusal	RepartitionExec[91]	1	738735	1417263	268400028	347	122	1417863		RepartitionExec=266969805;RepartitionExec[Merge]=1417863;OrderedPartialAggregateStream=12360
event	165324	refusal	RepartitionExec[101]	1	468443	1417263	268400028	347	122	1417863		RepartitionExec=266969805;RepartitionExec[Merge]=1417863;OrderedPartialAggregateStream=12360
event	165344	refusal	RepartitionExec[104]	1	918986	1417263	268400028	347	122	1417863		RepartitionExec=266969805;RepartitionExec[Merge]=1417863;OrderedPartialAggregateStream=12360
event	165364	refusal	RepartitionExec[13]	1	595234	2688658	268400028	347	122	1417863		RepartitionExec=266969805;RepartitionExec[Merge]=1417863;OrderedPartialAggregateStream=12360
event	165387	refusal	RepartitionExec[87]	1	505187	1417263	268400028	347	122	1417863		RepartitionExec=266969805;RepartitionExec[Merge]=1417863;OrderedPartialAggregateStream=12360
event	165429	refusal	RepartitionExec[1]	1	1036304	5348372	268400028	347	122	1417863		RepartitionExec=266969805;RepartitionExec[Merge]=1417863;OrderedPartialAggregateStream=12360
event	165443	refusal	RepartitionExec[109]	1	1036304	1417263	268400028	347	122	1417863		RepartitionExec=266969805;RepartitionExec[Merge]=1417863;OrderedPartialAggregateStream=12360
event	165466	refusal	RepartitionExec[106]	1	981017	2022755	268400028	347	122	1417863		RepartitionExec=266969805;RepartitionExec[Merge]=1417863;OrderedPartialAggregateStream=12360
event	165487	refusal	RepartitionExec[116]	1	468104	2593549	268400028	347	122	1417863		RepartitionExec=266969805;RepartitionExec[Merge]=1417863;OrderedPartialAggregateStream=12360
event	165513	refusal	RepartitionExec[101]	1	627822	1417263	268400028	347	122	1417863		RepartitionExec=266969805;RepartitionExec[Merge]=1417863;OrderedPartialAggregateStream=12360
event	165534	refusal	RepartitionExec[92]	1	1036304	1475959	268400028	347	122	1417863		RepartitionExec=266969805;RepartitionExec[Merge]=1417863;OrderedPartialAggregateStream=12360
event	165558	refusal	RepartitionExec[106]	1	595570	2022755	268400028	347	122	1417863		RepartitionExec=266969805;RepartitionExec[Merge]=1417863;OrderedPartialAggregateStream=12360
event	165587	refusal	RepartitionExec[94]	1	1036304	1417263	268400028	347	122	1417863		RepartitionExec=266969805;RepartitionExec[Merge]=1417863;OrderedPartialAggregateStream=12360
event	165644	refusal	RepartitionExec[99]	1	849763	1417263	268400028	347	122	1417863		RepartitionExec=266969805;RepartitionExec[Merge]=1417863;OrderedPartialAggregateStream=12360
event	165649	refusal	RepartitionExec[48]	1	857179	2140412	268400028	347	122	1417863		RepartitionExec=266969805;RepartitionExec[Merge]=1417863;OrderedPartialAggregateStream=12360
event	165681	refusal	OrderedPartialAggregateStream[36]	1	2149675	0	268400028	347	122	1417863		RepartitionExec=266969805;RepartitionExec[Merge]=1417863;OrderedPartialAggregateStream=12360
event	165690	refusal	RepartitionExec[92]	1	738735	1475959	268400028	347	122	1417863		RepartitionExec=266969805;RepartitionExec[Merge]=1417863;OrderedPartialAggregateStream=12360
event	165705	refusal	RepartitionExec[102]	1	468443	2014743	268400028	347	122	1417863		RepartitionExec=266969805;RepartitionExec[Merge]=1417863;OrderedPartialAggregateStream=12360
event	165712	refusal	RepartitionExec[105]	1	918986	1417263	268400028	347	122	1417863		RepartitionExec=266969805;RepartitionExec[Merge]=1417863;OrderedPartialAggregateStream=12360
event	165733	refusal	RepartitionExec[14]	1	595234	2747354	268400028	347	122	1417863		RepartitionExec=266969805;RepartitionExec[Merge]=1417863;OrderedPartialAggregateStream=12360
event	165764	refusal	RepartitionExec[88]	1	505187	1533303	268400028	347	122	1417863		RepartitionExec=266969805;RepartitionExec[Merge]=1417863;OrderedPartialAggregateStream=12360
event	165795	refusal	RepartitionExec[106]	1	918986	2022755	268400028	347	122	1417863		RepartitionExec=266969805;RepartitionExec[Merge]=1417863;OrderedPartialAggregateStream=12360
event	165809	refusal	RepartitionExec[110]	1	1036304	1417263	268400028	347	122	1417863		RepartitionExec=266969805;RepartitionExec[Merge]=1417863;OrderedPartialAggregateStream=12360
event	165838	refusal	RepartitionExec[107]	1	981017	1417263	268400028	347	122	1417863		RepartitionExec=266969805;RepartitionExec[Merge]=1417863;OrderedPartialAggregateStream=12360
event	165850	refusal	RepartitionExec[117]	1	468104	1649343	268400028	347	122	1417863		RepartitionExec=266969805;RepartitionExec[Merge]=1417863;OrderedPartialAggregateStream=12360
event	165875	refusal	RepartitionExec[102]	1	627822	2014743	268400028	347	122	1417863		RepartitionExec=266969805;RepartitionExec[Merge]=1417863;OrderedPartialAggregateStream=12360
event	165895	refusal	RepartitionExec[93]	1	1036304	1417263	268400028	347	122	1417863		RepartitionExec=266969805;RepartitionExec[Merge]=1417863;OrderedPartialAggregateStream=12360
event	165918	refusal	RepartitionExec[107]	1	595570	1417263	268400028	347	122	1417863		RepartitionExec=266969805;RepartitionExec[Merge]=1417863;OrderedPartialAggregateStream=12360
event	165934	refusal	RepartitionExec[95]	1	1036304	1417263	268400028	347	122	1417863		RepartitionExec=266969805;RepartitionExec[Merge]=1417863;OrderedPartialAggregateStream=12360
event	166003	refusal	RepartitionExec[100]	1	849763	1417263	268400028	347	122	1417863		RepartitionExec=266969805;RepartitionExec[Merge]=1417863;OrderedPartialAggregateStream=12360
event	166015	refusal	RepartitionExec[49]	1	857179	2140412	268400028	347	122	1417863		RepartitionExec=266969805;RepartitionExec[Merge]=1417863;OrderedPartialAggregateStream=12360
event	166050	refusal	RepartitionExec[93]	1	738735	1417263	268400028	347	122	1417863		RepartitionExec=266969805;RepartitionExec[Merge]=1417863;OrderedPartialAggregateStream=12360
event	166070	refusal	RepartitionExec[103]	1	468443	1417263	268400028	347	122	1417863		RepartitionExec=266969805;RepartitionExec[Merge]=1417863;OrderedPartialAggregateStream=12360
event	166107	refusal	RepartitionExec[15]	1	595234	3314007	268400028	347	122	1417863		RepartitionExec=266969805;RepartitionExec[Merge]=1417863;OrderedPartialAggregateStream=12360
event	166118	refusal	RepartitionExec[101]	1	849763	1417263	268400028	347	122	1417863		RepartitionExec=266969805;RepartitionExec[Merge]=1417863;OrderedPartialAggregateStream=12360
event	166128	refusal	RepartitionExec[89]	1	505187	1417263	268400028	347	122	1417863		RepartitionExec=266969805;RepartitionExec[Merge]=1417863;OrderedPartialAggregateStream=12360
event	166151	refusal	RepartitionExec[107]	1	918986	1417263	268400028	347	122	1417863		RepartitionExec=266969805;RepartitionExec[Merge]=1417863;OrderedPartialAggregateStream=12360
event	166173	refusal	RepartitionExec[111]	1	1036304	1417263	268400028	347	122	1417863		RepartitionExec=266969805;RepartitionExec[Merge]=1417863;OrderedPartialAggregateStream=12360
event	166221	refusal	RepartitionExec[108]	1	918986	1417263	268400028	347	122	1417863		RepartitionExec=266969805;RepartitionExec[Merge]=1417863;OrderedPartialAggregateStream=12360
event	166233	refusal	RepartitionExec[102]	1	849763	2014743	268400028	347	122	1417863		RepartitionExec=266969805;RepartitionExec[Merge]=1417863;OrderedPartialAggregateStream=12360
event	166248	refusal	OrderedPartialAggregateStream[36]	1	519496	0	268400028	347	122	1417863		RepartitionExec=266969805;RepartitionExec[Merge]=1417863;OrderedPartialAggregateStream=12360
event	166261	refusal	RepartitionExec[103]	1	627822	1417263	268400852	347	122	1417863		RepartitionExec=266969805;RepartitionExec[Merge]=1417863;OrderedPartialAggregateStream=13184
event	166285	refusal	RepartitionExec[94]	1	1036304	1417263	268400852	347	122	1417863		RepartitionExec=266969805;RepartitionExec[Merge]=1417863;OrderedPartialAggregateStream=13184
event	166316	refusal	RepartitionExec[108]	1	595570	1417263	268400852	347	122	1417863		RepartitionExec=266969805;RepartitionExec[Merge]=1417863;OrderedPartialAggregateStream=13184
event	166334	refusal	RepartitionExec[96]	1	1036304	1417263	268400852	347	122	1417863		RepartitionExec=266969805;RepartitionExec[Merge]=1417863;OrderedPartialAggregateStream=13184
event	166355	refusal	RepartitionExec[0]	1	484510	5818050	268400852	347	122	1417863		RepartitionExec=266969805;RepartitionExec[Merge]=1417863;OrderedPartialAggregateStream=13184
event	166360	refusal	RepartitionExec[2]	1	1036304	5422679	268400852	347	122	1417863		RepartitionExec=266969805;RepartitionExec[Merge]=1417863;OrderedPartialAggregateStream=13184
event	166389	refusal	RepartitionExec[50]	1	857179	2140412	268400852	347	122	1417863		RepartitionExec=266969805;RepartitionExec[Merge]=1417863;OrderedPartialAggregateStream=13184
event	166412	refusal	RepartitionExec[94]	1	738735	1417263	268400852	347	122	1417863		RepartitionExec=266969805;RepartitionExec[Merge]=1417863;OrderedPartialAggregateStream=13184
event	166436	refusal	RepartitionExec[1]	1	484510	5348372	268400852	347	122	1417863		RepartitionExec=266969805;RepartitionExec[Merge]=1417863;OrderedPartialAggregateStream=13184
event	166464	refusal	RepartitionExec[16]	1	595234	2688658	268400852	347	122	1417863		RepartitionExec=266969805;RepartitionExec[Merge]=1417863;OrderedPartialAggregateStream=13184
event	166483	refusal	RepartitionExec[108]	1	981017	1417263	268400852	347	122	1417863		RepartitionExec=266969805;RepartitionExec[Merge]=1417863;OrderedPartialAggregateStream=13184
event	166510	refusal	RepartitionExec[90]	1	505187	1878182	268400852	347	122	1417863		RepartitionExec=266969805;RepartitionExec[Merge]=1417863;OrderedPartialAggregateStream=13184
event	166529	refusal	RepartitionExec[118]	1	468104	1417263	268400852	347	122	1417863		RepartitionExec=266969805;RepartitionExec[Merge]=1417863;OrderedPartialAggregateStream=13184
event	166558	refusal	RepartitionExec[112]	1	1036304	1900550	268400852	347	122	1417863		RepartitionExec=266969805;RepartitionExec[Merge]=1417863;OrderedPartialAggregateStream=13184
event	166574	refusal	RepartitionExec[109]	1	918986	1417263	268400852	347	122	1417863		RepartitionExec=266969805;RepartitionExec[Merge]=1417863;OrderedPartialAggregateStream=13184
event	166608	refusal	RepartitionExec[103]	1	849763	1417263	268400852	347	122	1417863		RepartitionExec=266969805;RepartitionExec[Merge]=1417863;OrderedPartialAggregateStream=13184
event	166631	refusal	RepartitionExec[104]	1	627822	1417263	268400852	347	122	1417863		RepartitionExec=266969805;RepartitionExec[Merge]=1417863;OrderedPartialAggregateStream=13184
event	166661	refusal	RepartitionExec[95]	1	1036304	1417263	268400852	347	122	1417863		RepartitionExec=266969805;RepartitionExec[Merge]=1417863;OrderedPartialAggregateStream=13184
event	166700	refusal	RepartitionExec[109]	1	595570	1417263	268400852	347	122	1417863		RepartitionExec=266969805;RepartitionExec[Merge]=1417863;OrderedPartialAggregateStream=13184
event	166704	refusal	RepartitionExec[97]	1	1036304	1417263	268400852	347	122	1417863		RepartitionExec=266969805;RepartitionExec[Merge]=1417863;OrderedPartialAggregateStream=13184
event	166755	refusal	RepartitionExec[104]	1	468443	1417263	268400852	347	122	1417863		RepartitionExec=266969805;RepartitionExec[Merge]=1417863;OrderedPartialAggregateStream=13184
event	166757	refusal	RepartitionExec[3]	1	1036304	4894023	268400852	347	122	1417863		RepartitionExec=266969805;RepartitionExec[Merge]=1417863;OrderedPartialAggregateStream=13184
event	166785	refusal	RepartitionExec[110]	1	595570	1417263	268400852	347	122	1417863		RepartitionExec=266969805;RepartitionExec[Merge]=1417863;OrderedPartialAggregateStream=13184
event	166812	refusal	RepartitionExec[95]	1	738735	1417263	268400852	347	122	1417863		RepartitionExec=266969805;RepartitionExec[Merge]=1417863;OrderedPartialAggregateStream=13184
event	166818	refusal	RepartitionExec[2]	1	484510	5422679	268400852	347	122	1417863		RepartitionExec=266969805;RepartitionExec[Merge]=1417863;OrderedPartialAggregateStream=13184
event	166885	refusal	RepartitionExec[17]	1	595234	2688658	268400852	347	122	1417863		RepartitionExec=266969805;RepartitionExec[Merge]=1417863;OrderedPartialAggregateStream=13184
event	166910	refusal	RepartitionExec[109]	1	981017	1417263	268400852	347	122	1417863		RepartitionExec=266969805;RepartitionExec[Merge]=1417863;OrderedPartialAggregateStream=13184
event	166936	refusal	RepartitionExec[91]	1	505187	1417263	268400852	347	122	1417863		RepartitionExec=266969805;RepartitionExec[Merge]=1417863;OrderedPartialAggregateStream=13184
event	166952	refusal	RepartitionExec[18]	1	595234	2688658	268400852	347	122	1417863		RepartitionExec=266969805;RepartitionExec[Merge]=1417863;OrderedPartialAggregateStream=13184
event	166989	refusal	RepartitionExec[113]	1	1036304	1417263	268400852	347	122	1417863		RepartitionExec=266969805;RepartitionExec[Merge]=1417863;OrderedPartialAggregateStream=13184
event	167002	refusal	RepartitionExec[110]	1	918986	1417263	268400852	347	122	1417863		RepartitionExec=266969805;RepartitionExec[Merge]=1417863;OrderedPartialAggregateStream=13184
event	167023	refusal	RepartitionExec[19]	1	595234	2688658	268400852	347	122	1417863		RepartitionExec=266969805;RepartitionExec[Merge]=1417863;OrderedPartialAggregateStream=13184
event	167048	refusal	RepartitionExec[105]	1	627822	1417263	268400852	347	122	1417863		RepartitionExec=266969805;RepartitionExec[Merge]=1417863;OrderedPartialAggregateStream=13184
event	167069	refusal	RepartitionExec[96]	1	1036304	1417263	268400852	347	122	1417863		RepartitionExec=266969805;RepartitionExec[Merge]=1417863;OrderedPartialAggregateStream=13184
event	167096	refusal	RepartitionExec[51]	1	857179	2140412	268400852	347	122	1417863		RepartitionExec=266969805;RepartitionExec[Merge]=1417863;OrderedPartialAggregateStream=13184
event	167117	refusal	RepartitionExec[98]	1	1036304	1417263	268400852	347	122	1417863		RepartitionExec=266969805;RepartitionExec[Merge]=1417863;OrderedPartialAggregateStream=13184
event	167139	refusal	RepartitionExec[105]	1	468443	1417263	268400852	347	122	1417863		RepartitionExec=266969805;RepartitionExec[Merge]=1417863;OrderedPartialAggregateStream=13184
event	167174	refusal	RepartitionExec[4]	1	1036304	4894023	268400852	347	122	1417863		RepartitionExec=266969805;RepartitionExec[Merge]=1417863;OrderedPartialAggregateStream=13184
event	167183	refusal	RepartitionExec[99]	1	1036304	1417263	268400852	347	122	1417863		RepartitionExec=266969805;RepartitionExec[Merge]=1417863;OrderedPartialAggregateStream=13184
event	167208	refusal	RepartitionExec[96]	1	738735	1417263	268400852	347	122	1417863		RepartitionExec=266969805;RepartitionExec[Merge]=1417863;OrderedPartialAggregateStream=13184
event	167228	refusal	RepartitionExec[3]	1	484510	4894023	268400852	347	122	1417863		RepartitionExec=266969805;RepartitionExec[Merge]=1417863;OrderedPartialAggregateStream=13184
event	167249	refusal	RepartitionExec[5]	1	1036304	3760253	268400852	347	122	1417863		RepartitionExec=266969805;RepartitionExec[Merge]=1417863;OrderedPartialAggregateStream=13184
event	167274	refusal	RepartitionExec[110]	1	981017	1417263	268400852	347	122	1417863		RepartitionExec=266969805;RepartitionExec[Merge]=1417863;OrderedPartialAggregateStream=13184
event	167301	refusal	RepartitionExec[92]	1	505187	1475959	268400852	347	122	1417863		RepartitionExec=266969805;RepartitionExec[Merge]=1417863;OrderedPartialAggregateStream=13184
event	167336	refusal	RepartitionExec[104]	1	849763	1417263	268400852	347	122	1417863		RepartitionExec=266969805;RepartitionExec[Merge]=1417863;OrderedPartialAggregateStream=13184
event	167365	refusal	RepartitionExec[114]	1	1036304	1417263	268400852	347	122	1417863		RepartitionExec=266969805;RepartitionExec[Merge]=1417863;OrderedPartialAggregateStream=13184
event	167379	refusal	RepartitionExec[111]	1	918986	1417263	268400852	347	122	1417863		RepartitionExec=266969805;RepartitionExec[Merge]=1417863;OrderedPartialAggregateStream=13184
event	167407	refusal	RepartitionExec[20]	1	595234	2688658	268400852	347	122	1417863		RepartitionExec=266969805;RepartitionExec[Merge]=1417863;OrderedPartialAggregateStream=13184
event	167423	refusal	RepartitionExec[106]	1	627822	2022755	268400852	347	122	1417863		RepartitionExec=266969805;RepartitionExec[Merge]=1417863;OrderedPartialAggregateStream=13184
event	167440	refusal	RepartitionExec[97]	1	1036304	1417263	268400852	347	122	1417863		RepartitionExec=266969805;RepartitionExec[Merge]=1417863;OrderedPartialAggregateStream=13184
event	167475	refusal	RepartitionExec[52]	1	857179	2140412	268400852	347	122	1417863		RepartitionExec=266969805;RepartitionExec[Merge]=1417863;OrderedPartialAggregateStream=13184
event	167496	refusal	RepartitionExec[107]	1	627822	1417263	268400852	347	122	1417863		RepartitionExec=266969805;RepartitionExec[Merge]=1417863;OrderedPartialAggregateStream=13184
event	167520	refusal	RepartitionExec[106]	1	468443	2022755	268400852	347	122	1417863		RepartitionExec=266969805;RepartitionExec[Merge]=1417863;OrderedPartialAggregateStream=13184
event	167544	refusal	RepartitionExec[119]	1	468104	0	268400852	347	122	1417863		RepartitionExec=266969805;RepartitionExec[Merge]=1417863;OrderedPartialAggregateStream=13184
event	167567	refusal	RepartitionExec[100]	1	1036304	1417263	268400852	347	122	1417863		RepartitionExec=266969805;RepartitionExec[Merge]=1417863;OrderedPartialAggregateStream=13184
event	167586	refusal	RepartitionExec[97]	1	738735	1417263	268400852	347	122	1417863		RepartitionExec=266969805;RepartitionExec[Merge]=1417863;OrderedPartialAggregateStream=13184
event	167611	refusal	RepartitionExec[4]	1	484510	4894023	268400852	347	122	1417863		RepartitionExec=266969805;RepartitionExec[Merge]=1417863;OrderedPartialAggregateStream=13184
event	167638	refusal	RepartitionExec[6]	1	1036304	3760253	268400852	347	122	1417863		RepartitionExec=266969805;RepartitionExec[Merge]=1417863;OrderedPartialAggregateStream=13184
event	167655	refusal	RepartitionExec[111]	1	981017	1417263	268400852	347	122	1417863		RepartitionExec=266969805;RepartitionExec[Merge]=1417863;OrderedPartialAggregateStream=13184
event	167678	refusal	RepartitionExec[93]	1	505187	1417263	268400852	347	122	1417863		RepartitionExec=266969805;RepartitionExec[Merge]=1417863;OrderedPartialAggregateStream=13184
event	167709	refusal	RepartitionExec[105]	1	849763	1417263	268400852	347	122	1417863		RepartitionExec=266969805;RepartitionExec[Merge]=1417863;OrderedPartialAggregateStream=13184
event	167733	refusal	RepartitionExec[115]	1	1036304	1591999	268400852	347	122	1417863		RepartitionExec=266969805;RepartitionExec[Merge]=1417863;OrderedPartialAggregateStream=13184
event	167759	refusal	RepartitionExec[112]	1	918986	1900550	268400852	347	122	1417863		RepartitionExec=266969805;RepartitionExec[Merge]=1417863;OrderedPartialAggregateStream=13184
event	167772	refusal	RepartitionExec[21]	1	595234	2688658	268400852	347	122	1417863		RepartitionExec=266969805;RepartitionExec[Merge]=1417863;OrderedPartialAggregateStream=13184
event	167807	refusal	RepartitionExec[111]	1	595570	1417263	268400852	347	122	1417863		RepartitionExec=266969805;RepartitionExec[Merge]=1417863;OrderedPartialAggregateStream=13184
event	167825	refusal	RepartitionExec[98]	1	1036304	1417263	268400852	347	122	1417863		RepartitionExec=266969805;RepartitionExec[Merge]=1417863;OrderedPartialAggregateStream=13184
event	167846	refusal	RepartitionExec[22]	1	595234	2688658	268400852	347	122	1417863		RepartitionExec=266969805;RepartitionExec[Merge]=1417863;OrderedPartialAggregateStream=13184
event	167871	refusal	RepartitionExec[108]	1	627822	1417263	268400852	347	122	1417863		RepartitionExec=266969805;RepartitionExec[Merge]=1417863;OrderedPartialAggregateStream=13184
event	167904	refusal	RepartitionExec[107]	1	468443	1417263	268400852	347	122	1417863		RepartitionExec=266969805;RepartitionExec[Merge]=1417863;OrderedPartialAggregateStream=13184
event	167950	refusal	RepartitionExec[101]	1	1036304	1417263	268400028	346	122	1417863		RepartitionExec=266969805;RepartitionExec[Merge]=1417863;OrderedPartialAggregateStream=12360
event	167970	refusal	RepartitionExec[98]	1	738735	1417263	268400028	346	122	1417863		RepartitionExec=266969805;RepartitionExec[Merge]=1417863;OrderedPartialAggregateStream=12360
event	167990	refusal	RepartitionExec[5]	1	484510	3760253	268400028	346	122	1417863		RepartitionExec=266969805;RepartitionExec[Merge]=1417863;OrderedPartialAggregateStream=12360
event	168027	refusal	RepartitionExec[7]	1	1036304	3651988	268400028	346	122	1417863		RepartitionExec=266969805;RepartitionExec[Merge]=1417863;OrderedPartialAggregateStream=12360
event	168032	refusal	RepartitionExec[112]	1	981017	1900550	268400028	346	122	1417863		RepartitionExec=266969805;RepartitionExec[Merge]=1417863;OrderedPartialAggregateStream=12360
event	168054	refusal	RepartitionExec[94]	1	505187	1417263	268400028	346	122	1417863		RepartitionExec=266969805;RepartitionExec[Merge]=1417863;OrderedPartialAggregateStream=12360
event	168078	refusal	RepartitionExec[106]	1	849763	2022755	268400028	346	122	1417863		RepartitionExec=266969805;RepartitionExec[Merge]=1417863;OrderedPartialAggregateStream=12360
event	168107	refusal	RepartitionExec[116]	1	1036304	2593549	268400028	346	122	1417863		RepartitionExec=266969805;RepartitionExec[Merge]=1417863;OrderedPartialAggregateStream=12360
event	168117	refusal	RepartitionExec[113]	1	918986	1417263	268400028	346	122	1417863		RepartitionExec=266969805;RepartitionExec[Merge]=1417863;OrderedPartialAggregateStream=12360
event	168142	refusal	RepartitionExec[53]	1	857179	2140412	268400028	346	122	1417863		RepartitionExec=266969805;RepartitionExec[Merge]=1417863;OrderedPartialAggregateStream=12360
event	168170	refusal	RepartitionExec[112]	1	595570	1900550	268400028	346	122	1417863		RepartitionExec=266969805;RepartitionExec[Merge]=1417863;OrderedPartialAggregateStream=12360
event	168187	refusal	RepartitionExec[99]	1	1036304	1417263	268400028	346	122	1417863		RepartitionExec=266969805;RepartitionExec[Merge]=1417863;OrderedPartialAggregateStream=12360
event	168218	refusal	RepartitionExec[23]	1	595234	2688658	268400028	346	122	1417863		RepartitionExec=266969805;RepartitionExec[Merge]=1417863;OrderedPartialAggregateStream=12360
event	168236	refusal	RepartitionExec[109]	1	627822	1417263	268400028	346	122	1417863		RepartitionExec=266969805;RepartitionExec[Merge]=1417863;OrderedPartialAggregateStream=12360
event	168274	refusal	RepartitionExec[108]	1	468443	1417263	268400028	346	122	1417863		RepartitionExec=266969805;RepartitionExec[Merge]=1417863;OrderedPartialAggregateStream=12360
event	168283	refusal	RepartitionExec[102]	1	1036304	2014743	268400028	346	122	1417863		RepartitionExec=266969805;RepartitionExec[Merge]=1417863;OrderedPartialAggregateStream=12360
event	168324	refusal	RepartitionExec[99]	1	738735	1417263	268400028	346	122	1417863		RepartitionExec=266969805;RepartitionExec[Merge]=1417863;OrderedPartialAggregateStream=12360
event	168341	refusal	RepartitionExec[6]	1	484510	3760253	268400028	346	122	1417863		RepartitionExec=266969805;RepartitionExec[Merge]=1417863;OrderedPartialAggregateStream=12360
event	168363	refusal	RepartitionExec[8]	1	1036304	3182310	268400028	346	122	1417863		RepartitionExec=266969805;RepartitionExec[Merge]=1417863;OrderedPartialAggregateStream=12360
event	168397	refusal	RepartitionExec[113]	1	981017	1417263	268400028	346	122	1417863		RepartitionExec=266969805;RepartitionExec[Merge]=1417863;OrderedPartialAggregateStream=12360
event	168411	refusal	RepartitionExec[7]	1	484510	3651988	268400028	346	122	1417863		RepartitionExec=266969805;RepartitionExec[Merge]=1417863;OrderedPartialAggregateStream=12360
event	168436	refusal	RepartitionExec[9]	1	1036304	2688658	268400028	346	122	1417863		RepartitionExec=266969805;RepartitionExec[Merge]=1417863;OrderedPartialAggregateStream=12360
event	168464	refusal	RepartitionExec[117]	1	1036304	1649343	268400028	346	122	1417863		RepartitionExec=266969805;RepartitionExec[Merge]=1417863;OrderedPartialAggregateStream=12360
event	168498	refusal	RepartitionExec[114]	1	918986	1417263	268400028	346	122	1417863		RepartitionExec=266969805;RepartitionExec[Merge]=1417863;OrderedPartialAggregateStream=12360
event	168506	refusal	RepartitionExec[54]	1	857179	2140412	268400028	346	122	1417863		RepartitionExec=266969805;RepartitionExec[Merge]=1417863;OrderedPartialAggregateStream=12360
event	168538	refusal	RepartitionExec[113]	1	595570	1417263	268400028	346	122	1417863		RepartitionExec=266969805;RepartitionExec[Merge]=1417863;OrderedPartialAggregateStream=12360
event	168566	refusal	RepartitionExec[100]	1	1036304	1417263	268400028	346	122	1417863		RepartitionExec=266969805;RepartitionExec[Merge]=1417863;OrderedPartialAggregateStream=12360
event	168577	refusal	RepartitionExec[24]	1	595234	2688658	268400028	346	122	1417863		RepartitionExec=266969805;RepartitionExec[Merge]=1417863;OrderedPartialAggregateStream=12360
event	168609	refusal	RepartitionExec[110]	1	627822	1417263	268400028	346	122	1417863		RepartitionExec=266969805;RepartitionExec[Merge]=1417863;OrderedPartialAggregateStream=12360
event	168636	refusal	RepartitionExec[109]	1	468443	1417263	268400028	346	122	1417863		RepartitionExec=266969805;RepartitionExec[Merge]=1417863;OrderedPartialAggregateStream=12360
event	168643	refusal	RepartitionExec[103]	1	1036304	1417263	268400028	346	122	1417863		RepartitionExec=266969805;RepartitionExec[Merge]=1417863;OrderedPartialAggregateStream=12360
event	168670	refusal	RepartitionExec[100]	1	738735	1417263	268400028	346	122	1417863		RepartitionExec=266969805;RepartitionExec[Merge]=1417863;OrderedPartialAggregateStream=12360
event	168704	refusal	RepartitionExec[95]	1	505187	1417263	268400028	346	122	1417863		RepartitionExec=266969805;RepartitionExec[Merge]=1417863;OrderedPartialAggregateStream=12360
event	168711	refusal	RepartitionExec[104]	1	1036304	1417263	268400028	346	122	1417863		RepartitionExec=266969805;RepartitionExec[Merge]=1417863;OrderedPartialAggregateStream=12360
event	168758	refusal	RepartitionExec[114]	1	981017	1417263	268400028	346	122	1417863		RepartitionExec=266969805;RepartitionExec[Merge]=1417863;OrderedPartialAggregateStream=12360
event	168777	refusal	RepartitionExec[8]	1	484510	3182310	268400028	346	122	1417863		RepartitionExec=266969805;RepartitionExec[Merge]=1417863;OrderedPartialAggregateStream=12360
event	168816	refusal	RepartitionExec[10]	1	1036304	2688658	268400028	346	122	1417863		RepartitionExec=266969805;RepartitionExec[Merge]=1417863;OrderedPartialAggregateStream=12360
event	168834	refusal	RepartitionExec[118]	1	1036304	1417263	268400028	346	122	1417863		RepartitionExec=266969805;RepartitionExec[Merge]=1417863;OrderedPartialAggregateStream=12360
event	168845	refusal	RepartitionExec[115]	1	918986	1591999	268400028	346	122	1417863		RepartitionExec=266969805;RepartitionExec[Merge]=1417863;OrderedPartialAggregateStream=12360
event	168867	refusal	RepartitionExec[55]	1	857179	2140412	268400028	346	122	1417863		RepartitionExec=266969805;RepartitionExec[Merge]=1417863;OrderedPartialAggregateStream=12360
event	168888	refusal	RepartitionExec[114]	1	595570	1417263	268400028	346	122	1417863		RepartitionExec=266969805;RepartitionExec[Merge]=1417863;OrderedPartialAggregateStream=12360
event	168910	refusal	RepartitionExec[119]	1	1036304	0	268400028	346	122	1417863		RepartitionExec=266969805;RepartitionExec[Merge]=1417863;OrderedPartialAggregateStream=12360
event	168944	refusal	RepartitionExec[25]	1	595234	2688658	268400028	346	122	1417863		RepartitionExec=266969805;RepartitionExec[Merge]=1417863;OrderedPartialAggregateStream=12360
event	168976	refusal	RepartitionExec[111]	1	627822	1417263	268400028	346	122	1417863		RepartitionExec=266969805;RepartitionExec[Merge]=1417863;OrderedPartialAggregateStream=12360
event	169004	refusal	RepartitionExec[110]	1	468443	1417263	268400028	346	122	1417863		RepartitionExec=266969805;RepartitionExec[Merge]=1417863;OrderedPartialAggregateStream=12360
event	169031	refusal	RepartitionExec[26]	1	595234	2688658	268400028	346	122	1417863		RepartitionExec=266969805;RepartitionExec[Merge]=1417863;OrderedPartialAggregateStream=12360
event	169057	refusal	RepartitionExec[101]	1	738735	1417263	268400028	346	122	1417863		RepartitionExec=266969805;RepartitionExec[Merge]=1417863;OrderedPartialAggregateStream=12360
event	169076	refusal	RepartitionExec[96]	1	505187	1417263	268400028	346	122	1417863		RepartitionExec=266969805;RepartitionExec[Merge]=1417863;OrderedPartialAggregateStream=12360
event	169100	refusal	RepartitionExec[105]	1	1036304	1417263	268400028	346	122	1417863		RepartitionExec=266969805;RepartitionExec[Merge]=1417863;OrderedPartialAggregateStream=12360
event	169127	refusal	RepartitionExec[115]	1	981017	1591999	268400028	346	122	1417863		RepartitionExec=266969805;RepartitionExec[Merge]=1417863;OrderedPartialAggregateStream=12360
event	169151	refusal	RepartitionExec[9]	1	484510	2688658	268400028	346	122	1417863		RepartitionExec=266969805;RepartitionExec[Merge]=1417863;OrderedPartialAggregateStream=12360
event	169171	refusal	RepartitionExec[106]	1	1036304	2022755	268400028	346	122	1417863		RepartitionExec=266969805;RepartitionExec[Merge]=1417863;OrderedPartialAggregateStream=12360
event	169207	refusal	RepartitionExec[101]	1	1036304	1417263	268400028	346	122	1417863		RepartitionExec=266969805;RepartitionExec[Merge]=1417863;OrderedPartialAggregateStream=12360
event	169223	refusal	RepartitionExec[10]	1	484510	2688658	268400028	346	122	1417863		RepartitionExec=266969805;RepartitionExec[Merge]=1417863;OrderedPartialAggregateStream=12360
event	169284	refusal	RepartitionExec[107]	1	1036304	1417263	268400028	346	122	1417863		RepartitionExec=266969805;RepartitionExec[Merge]=1417863;OrderedPartialAggregateStream=12360
event	169303	refusal	RepartitionExec[11]	1	484510	2688658	268400028	346	122	1417863		RepartitionExec=266969805;RepartitionExec[Merge]=1417863;OrderedPartialAggregateStream=12360
event	169373	refusal	RepartitionExec[12]	1	484510	2688658	268400028	346	122	1417863		RepartitionExec=266969805;RepartitionExec[Merge]=1417863;OrderedPartialAggregateStream=12360
event	169386	refusal	RepartitionExec[107]	1	849763	1417263	268400028	346	122	1417863		RepartitionExec=266969805;RepartitionExec[Merge]=1417863;OrderedPartialAggregateStream=12360
event	169406	refusal	RepartitionExec[111]	1	468443	1417263	268400028	346	122	1417863		RepartitionExec=266969805;RepartitionExec[Merge]=1417863;OrderedPartialAggregateStream=12360
event	169439	refusal	RepartitionExec[27]	1	595234	2688658	268400028	346	122	1417863		RepartitionExec=266969805;RepartitionExec[Merge]=1417863;OrderedPartialAggregateStream=12360
event	169467	refusal	RepartitionExec[102]	1	738735	2014743	268400028	346	122	1417863		RepartitionExec=266969805;RepartitionExec[Merge]=1417863;OrderedPartialAggregateStream=12360
event	169483	refusal	RepartitionExec[97]	1	505187	1417263	268400028	346	122	1417863		RepartitionExec=266969805;RepartitionExec[Merge]=1417863;OrderedPartialAggregateStream=12360
event	169523	refusal	RepartitionExec[11]	1	1036304	2688658	268400028	346	122	1417863		RepartitionExec=266969805;RepartitionExec[Merge]=1417863;OrderedPartialAggregateStream=12360
event	169538	refusal	RepartitionExec[116]	1	981017	2593549	268400028	346	122	1417863		RepartitionExec=266969805;RepartitionExec[Merge]=1417863;OrderedPartialAggregateStream=12360
event	169571	refusal	RepartitionExec[116]	1	918986	2593549	268400028	346	122	1417863		RepartitionExec=266969805;RepartitionExec[Merge]=1417863;OrderedPartialAggregateStream=12360
event	169603	refusal	RepartitionExec[56]	1	857179	2140412	268400028	346	122	1417863		RepartitionExec=266969805;RepartitionExec[Merge]=1417863;OrderedPartialAggregateStream=12360
event	169617	refusal	RepartitionExec[102]	1	1036304	2014743	268400028	346	122	1417863		RepartitionExec=266969805;RepartitionExec[Merge]=1417863;OrderedPartialAggregateStream=12360
event	169656	refusal	RepartitionExec[115]	1	595570	1591999	268400028	346	122	1417863		RepartitionExec=266969805;RepartitionExec[Merge]=1417863;OrderedPartialAggregateStream=12360
event	169674	refusal	RepartitionExec[57]	1	857179	2140412	268400028	346	122	1417863		RepartitionExec=266969805;RepartitionExec[Merge]=1417863;OrderedPartialAggregateStream=12360
event	169699	refusal	RepartitionExec[112]	1	627822	1900550	268400028	346	122	1417863		RepartitionExec=266969805;RepartitionExec[Merge]=1417863;OrderedPartialAggregateStream=12360
event	169705	refusal	OrderedPartialAggregateStream[64]	1	2010674	0	268400028	346	122	1417863		RepartitionExec=266969805;RepartitionExec[Merge]=1417863;OrderedPartialAggregateStream=12360
event	169726	refusal	RepartitionExec[13]	1	484510	2688658	268400028	346	122	1417863		RepartitionExec=266969805;RepartitionExec[Merge]=1417863;OrderedPartialAggregateStream=12360
event	169747	refusal	RepartitionExec[108]	1	849763	1417263	268400028	346	122	1417863		RepartitionExec=266969805;RepartitionExec[Merge]=1417863;OrderedPartialAggregateStream=12360
event	169768	refusal	RepartitionExec[112]	1	468443	1900550	268400028	346	122	1417863		RepartitionExec=266969805;RepartitionExec[Merge]=1417863;OrderedPartialAggregateStream=12360
event	169812	refusal	RepartitionExec[28]	1	595234	2688658	268400028	346	122	1417863		RepartitionExec=266969805;RepartitionExec[Merge]=1417863;OrderedPartialAggregateStream=12360
event	169834	refusal	RepartitionExec[103]	1	738735	1417263	268400028	346	122	1417863		RepartitionExec=266969805;RepartitionExec[Merge]=1417863;OrderedPartialAggregateStream=12360
event	169839	refusal	RepartitionExec[113]	1	468443	1417263	268400028	346	122	1417863		RepartitionExec=266969805;RepartitionExec[Merge]=1417863;OrderedPartialAggregateStream=12360
event	169872	refusal	RepartitionExec[12]	1	1036304	2688658	268400028	346	122	1417863		RepartitionExec=266969805;RepartitionExec[Merge]=1417863;OrderedPartialAggregateStream=12360
event	169898	refusal	RepartitionExec[117]	1	981017	1649343	268400028	346	122	1417863		RepartitionExec=266969805;RepartitionExec[Merge]=1417863;OrderedPartialAggregateStream=12360
event	169924	refusal	RepartitionExec[117]	1	918986	1649343	268400028	346	122	1417863		RepartitionExec=266969805;RepartitionExec[Merge]=1417863;OrderedPartialAggregateStream=12360
event	169966	refusal	RepartitionExec[13]	1	1036304	2688658	268400028	346	122	1417863		RepartitionExec=266969805;RepartitionExec[Merge]=1417863;OrderedPartialAggregateStream=12360
event	169994	refusal	RepartitionExec[103]	1	1036304	1417263	268400028	346	122	1417863		RepartitionExec=266969805;RepartitionExec[Merge]=1417863;OrderedPartialAggregateStream=12360
event	170000	refusal	RepartitionExec[116]	1	595570	2593549	268400028	346	122	1417863		RepartitionExec=266969805;RepartitionExec[Merge]=1417863;OrderedPartialAggregateStream=12360
event	170035	refusal	RepartitionExec[58]	1	857179	2140412	268400028	346	122	1417863		RepartitionExec=266969805;RepartitionExec[Merge]=1417863;OrderedPartialAggregateStream=12360
event	170048	refusal	RepartitionExec[113]	1	627822	1417263	268400028	346	122	1417863		RepartitionExec=266969805;RepartitionExec[Merge]=1417863;OrderedPartialAggregateStream=12360
event	170091	refusal	RepartitionExec[104]	1	1036304	1417263	268400028	346	122	1417863		RepartitionExec=266969805;RepartitionExec[Merge]=1417863;OrderedPartialAggregateStream=12360
event	170096	refusal	RepartitionExec[109]	1	849763	1417263	268400028	346	122	1417863		RepartitionExec=266969805;RepartitionExec[Merge]=1417863;OrderedPartialAggregateStream=12360
event	170135	refusal	RepartitionExec[98]	1	505187	1417263	268400028	346	122	1417863		RepartitionExec=266969805;RepartitionExec[Merge]=1417863;OrderedPartialAggregateStream=12360
event	170156	refusal	OrderedPartialAggregateStream[64]	1	519368	0	268400028	346	122	1417863		RepartitionExec=266969805;RepartitionExec[Merge]=1417863;OrderedPartialAggregateStream=12360
event	170165	refusal	RepartitionExec[29]	1	595234	2688658	268400852	346	122	1417863		RepartitionExec=266969805;RepartitionExec[Merge]=1417863;OrderedPartialAggregateStream=13184
event	170176	refusal	RepartitionExec[104]	1	738735	1417263	268400852	346	122	1417863		RepartitionExec=266969805;RepartitionExec[Merge]=1417863;OrderedPartialAggregateStream=13184
event	170201	refusal	RepartitionExec[114]	1	468443	1417263	268400852	346	122	1417863		RepartitionExec=266969805;RepartitionExec[Merge]=1417863;OrderedPartialAggregateStream=13184
event	170235	refusal	RepartitionExec[108]	1	1036304	1417263	268400852	346	122	1417863		RepartitionExec=266969805;RepartitionExec[Merge]=1417863;OrderedPartialAggregateStream=13184
event	170252	refusal	RepartitionExec[0]	1	453720	5818050	268400852	346	122	1417863		RepartitionExec=266969805;RepartitionExec[Merge]=1417863;OrderedPartialAggregateStream=13184
event	170260	refusal	RepartitionExec[105]	1	738735	1417263	268400852	346	122	1417863		RepartitionExec=266969805;RepartitionExec[Merge]=1417863;OrderedPartialAggregateStream=13184
event	170295	refusal	RepartitionExec[115]	1	468443	1591999	268400852	346	122	1417863		RepartitionExec=266969805;RepartitionExec[Merge]=1417863;OrderedPartialAggregateStream=13184
event	170327	refusal	RepartitionExec[14]	1	1036304	2747354	268400852	346	122	1417863		RepartitionExec=266969805;RepartitionExec[Merge]=1417863;OrderedPartialAggregateStream=13184
event	170334	refusal	RepartitionExec[1]	1	453720	5348372	268400852	346	122	1417863		RepartitionExec=266969805;RepartitionExec[Merge]=1417863;OrderedPartialAggregateStream=13184
event	170361	refusal	RepartitionExec[117]	1	595570	1649343	268400852	346	122	1417863		RepartitionExec=266969805;RepartitionExec[Merge]=1417863;OrderedPartialAggregateStream=13184
event	170396	refusal	RepartitionExec[59]	1	857179	2140412	268400852	346	122	1417863		RepartitionExec=266969805;RepartitionExec[Merge]=1417863;OrderedPartialAggregateStream=13184
event	170401	refusal	OrderedPartialAggregateStream[115]	1	1818222	824	268400852	346	122	1417863		RepartitionExec=266969805;RepartitionExec[Merge]=1417863;OrderedPartialAggregateStream=13184
event	170416	refusal	RepartitionExec[15]	1	1036304	3314007	268400852	346	122	1417863		RepartitionExec=266969805;RepartitionExec[Merge]=1417863;OrderedPartialAggregateStream=13184
event	170460	refusal	RepartitionExec[105]	1	1036304	1417263	268400852	346	122	1417863		RepartitionExec=266969805;RepartitionExec[Merge]=1417863;OrderedPartialAggregateStream=13184
event	170472	refusal	RepartitionExec[110]	1	849763	1417263	268400852	346	122	1417863		RepartitionExec=266969805;RepartitionExec[Merge]=1417863;OrderedPartialAggregateStream=13184
event	170507	refusal	RepartitionExec[99]	1	505187	1417263	268400852	346	122	1417863		RepartitionExec=266969805;RepartitionExec[Merge]=1417863;OrderedPartialAggregateStream=13184
event	170519	refusal	RepartitionExec[30]	1	595234	2688658	268400852	346	122	1417863		RepartitionExec=266969805;RepartitionExec[Merge]=1417863;OrderedPartialAggregateStream=13184
event	170571	refusal	RepartitionExec[106]	1	1036304	2022755	268400852	346	122	1417863		RepartitionExec=266969805;RepartitionExec[Merge]=1417863;OrderedPartialAggregateStream=13184
event	170575	refusal	RepartitionExec[118]	1	918986	1417263	268400852	346	122	1417863		RepartitionExec=266969805;RepartitionExec[Merge]=1417863;OrderedPartialAggregateStream=13184
event	170587	refusal	RepartitionExec[100]	1	505187	1417263	268400852	346	122	1417863		RepartitionExec=266969805;RepartitionExec[Merge]=1417863;OrderedPartialAggregateStream=13184
event	170603	refusal	RepartitionExec[14]	1	484510	2747354	268400852	346	122	1417863		RepartitionExec=266969805;RepartitionExec[Merge]=1417863;OrderedPartialAggregateStream=13184
event	170660	refusal	RepartitionExec[106]	1	738735	2022755	268400852	346	122	1417863		RepartitionExec=266969805;RepartitionExec[Merge]=1417863;OrderedPartialAggregateStream=13184
event	170698	refusal	RepartitionExec[15]	1	484510	3314007	268400852	346	122	1417863		RepartitionExec=266969805;RepartitionExec[Merge]=1417863;OrderedPartialAggregateStream=13184
event	170710	refusal	RepartitionExec[114]	1	627822	1417263	268400852	346	122	1417863		RepartitionExec=266969805;RepartitionExec[Merge]=1417863;OrderedPartialAggregateStream=13184
event	170735	refusal	RepartitionExec[107]	1	738735	1417263	268400852	346	122	1417863		RepartitionExec=266969805;RepartitionExec[Merge]=1417863;OrderedPartialAggregateStream=13184
event	170773	refusal	OrderedPartialAggregateStream[115]	1	518416	824	268400852	346	122	1417863		RepartitionExec=266969805;RepartitionExec[Merge]=1417863;OrderedPartialAggregateStream=13184
event	170777	refusal	RepartitionExec[118]	1	595570	1417263	268400852	346	122	1417863		RepartitionExec=266969805;RepartitionExec[Merge]=1417863;OrderedPartialAggregateStream=13184
event	170805	refusal	RepartitionExec[60]	1	857179	2140412	268400852	346	122	1417863		RepartitionExec=266969805;RepartitionExec[Merge]=1417863;OrderedPartialAggregateStream=13184
event	170827	refusal	RepartitionExec[16]	1	1036304	2688658	268400852	346	122	1417863		RepartitionExec=266969805;RepartitionExec[Merge]=1417863;OrderedPartialAggregateStream=13184
event	170851	refusal	RepartitionExec[118]	1	981017	1417263	268400852	346	122	1417863		RepartitionExec=266969805;RepartitionExec[Merge]=1417863;OrderedPartialAggregateStream=13184
event	170856	refusal	RepartitionExec[0]	1	381125	5818050	268400852	346	122	1417863		RepartitionExec=266969805;RepartitionExec[Merge]=1417863;OrderedPartialAggregateStream=13184
event	170876	refusal	RepartitionExec[111]	1	849763	1417263	268400852	346	122	1417863		RepartitionExec=266969805;RepartitionExec[Merge]=1417863;OrderedPartialAggregateStream=13184
event	170898	refusal	RepartitionExec[109]	1	1036304	1417263	268400852	346	122	1417863		RepartitionExec=266969805;RepartitionExec[Merge]=1417863;OrderedPartialAggregateStream=13184
event	170911	refusal	RepartitionExec[31]	1	595234	2804698	268400852	346	122	1417863		RepartitionExec=266969805;RepartitionExec[Merge]=1417863;OrderedPartialAggregateStream=13184
event	170941	refusal	RepartitionExec[107]	1	1036304	1417263	268400852	346	122	1417863		RepartitionExec=266969805;RepartitionExec[Merge]=1417863;OrderedPartialAggregateStream=13184
event	170953	refusal	RepartitionExec[112]	1	849763	1900550	268400852	346	122	1417863		RepartitionExec=266969805;RepartitionExec[Merge]=1417863;OrderedPartialAggregateStream=13184
event	170969	refusal	RepartitionExec[110]	1	1036304	1417263	268400852	346	122	1417863		RepartitionExec=266969805;RepartitionExec[Merge]=1417863;OrderedPartialAggregateStream=13184
event	170991	refusal	RepartitionExec[116]	1	468443	2593549	268400852	346	122	1417863		RepartitionExec=266969805;RepartitionExec[Merge]=1417863;OrderedPartialAggregateStream=13184
event	171021	refusal	RepartitionExec[2]	1	453720	5422679	268400852	346	122	1417863		RepartitionExec=266969805;RepartitionExec[Merge]=1417863;OrderedPartialAggregateStream=13184
event	171045	refusal	RepartitionExec[16]	1	484510	2688658	268400852	346	122	1417863		RepartitionExec=266969805;RepartitionExec[Merge]=1417863;OrderedPartialAggregateStream=13184
event	171059	refusal	RepartitionExec[117]	1	468443	1649343	268400852	346	122	1417863		RepartitionExec=266969805;RepartitionExec[Merge]=1417863;OrderedPartialAggregateStream=13184
event	171093	refusal	RepartitionExec[108]	1	738735	1417263	268400852	346	122	1417863		RepartitionExec=266969805;RepartitionExec[Merge]=1417863;OrderedPartialAggregateStream=13184
event	171125	refusal	RepartitionExec[119]	1	595570	0	268400852	346	122	1417863		RepartitionExec=266969805;RepartitionExec[Merge]=1417863;OrderedPartialAggregateStream=13184
event	171140	refusal	RepartitionExec[61]	1	857179	2140412	268400852	346	122	1417863		RepartitionExec=266969805;RepartitionExec[Merge]=1417863;OrderedPartialAggregateStream=13184
event	171175	refusal	RepartitionExec[17]	1	1036304	2688658	268400852	346	122	1417863		RepartitionExec=266969805;RepartitionExec[Merge]=1417863;OrderedPartialAggregateStream=13184
event	171194	refusal	RepartitionExec[119]	1	981017	0	268400852	346	122	1417863		RepartitionExec=266969805;RepartitionExec[Merge]=1417863;OrderedPartialAggregateStream=13184
event	171250	refusal	RepartitionExec[62]	1	857179	2140412	268400852	346	122	1417863		RepartitionExec=266969805;RepartitionExec[Merge]=1417863;OrderedPartialAggregateStream=13184
event	171277	refusal	RepartitionExec[101]	1	505187	1417263	268400852	346	122	1417863		RepartitionExec=266969805;RepartitionExec[Merge]=1417863;OrderedPartialAggregateStream=13184
event	171294	refusal	RepartitionExec[32]	1	595234	2688658	268400852	346	122	1417863		RepartitionExec=266969805;RepartitionExec[Merge]=1417863;OrderedPartialAggregateStream=13184
event	171319	refusal	RepartitionExec[108]	1	1036304	1417263	268400852	346	122	1417863		RepartitionExec=266969805;RepartitionExec[Merge]=1417863;OrderedPartialAggregateStream=13184
event	171343	refusal	RepartitionExec[113]	1	849763	1417263	268400852	346	122	1417863		RepartitionExec=266969805;RepartitionExec[Merge]=1417863;OrderedPartialAggregateStream=13184
event	171367	refusal	RepartitionExec[111]	1	1036304	1417263	268400852	346	122	1417863		RepartitionExec=266969805;RepartitionExec[Merge]=1417863;OrderedPartialAggregateStream=13184
event	171410	refusal	RepartitionExec[115]	1	627822	1591999	268400852	346	122	1417863		RepartitionExec=266969805;RepartitionExec[Merge]=1417863;OrderedPartialAggregateStream=13184
event	171423	refusal	RepartitionExec[3]	1	453720	4894023	268400852	346	122	1417863		RepartitionExec=266969805;RepartitionExec[Merge]=1417863;OrderedPartialAggregateStream=13184
event	171436	refusal	RepartitionExec[17]	1	484510	2688658	268400852	346	122	1417863		RepartitionExec=266969805;RepartitionExec[Merge]=1417863;OrderedPartialAggregateStream=13184
event	171474	refusal	RepartitionExec[118]	1	468443	1417263	268400852	346	122	1417863		RepartitionExec=266969805;RepartitionExec[Merge]=1417863;OrderedPartialAggregateStream=13184
event	171500	refusal	RepartitionExec[109]	1	738735	1417263	268400852	346	122	1417863		RepartitionExec=266969805;RepartitionExec[Merge]=1417863;OrderedPartialAggregateStream=13184
event	171541	refusal	RepartitionExec[119]	1	918986	0	268400028	345	122	1417863		RepartitionExec=266969805;RepartitionExec[Merge]=1417863;OrderedPartialAggregateStream=12360
event	171558	refusal	RepartitionExec[18]	1	1036304	2688658	268400028	345	122	1417863		RepartitionExec=266969805;RepartitionExec[Merge]=1417863;OrderedPartialAggregateStream=12360
event	171628	refusal	RepartitionExec[63]	1	857179	2140412	268399204	345	122	1417863		RepartitionExec=266969805;RepartitionExec[Merge]=1417863;OrderedPartialAggregateStream=12360
event	171634	refusal	RepartitionExec[102]	1	505187	2014743	268399204	344	122	1417863		RepartitionExec=266969805;RepartitionExec[Merge]=1417863;OrderedPartialAggregateStream=11536
event	171649	refusal	RepartitionExec[33]	1	595234	2688658	268399204	344	122	1417863		RepartitionExec=266969805;RepartitionExec[Merge]=1417863;OrderedPartialAggregateStream=11536
event	171676	refusal	RepartitionExec[109]	1	1036304	1417263	268399204	344	122	1417863		RepartitionExec=266969805;RepartitionExec[Merge]=1417863;OrderedPartialAggregateStream=11536
event	171712	refusal	RepartitionExec[114]	1	849763	1417263	268399204	344	122	1417863		RepartitionExec=266969805;RepartitionExec[Merge]=1417863;OrderedPartialAggregateStream=11536
event	171729	refusal	RepartitionExec[112]	1	1036304	1900550	268399204	344	122	1417863		RepartitionExec=266969805;RepartitionExec[Merge]=1417863;OrderedPartialAggregateStream=11536
event	171757	refusal	RepartitionExec[110]	1	1036304	1417263	268399204	344	122	1417863		RepartitionExec=266969805;RepartitionExec[Merge]=1417863;OrderedPartialAggregateStream=11536
event	171784	refusal	RepartitionExec[4]	1	453720	4894023	268399204	344	122	1417863		RepartitionExec=266969805;RepartitionExec[Merge]=1417863;OrderedPartialAggregateStream=11536
event	171804	refusal	RepartitionExec[18]	1	484510	2688658	268399204	344	122	1417863		RepartitionExec=266969805;RepartitionExec[Merge]=1417863;OrderedPartialAggregateStream=11536
event	171827	refusal	RepartitionExec[119]	1	468443	0	268399204	344	122	1417863		RepartitionExec=266969805;RepartitionExec[Merge]=1417863;OrderedPartialAggregateStream=11536
event	171882	refusal	RepartitionExec[110]	1	738735	1417263	268399204	344	122	1417863		RepartitionExec=266969805;RepartitionExec[Merge]=1417863;OrderedPartialAggregateStream=11536
event	171929	refusal	RepartitionExec[64]	1	857179	2199108	268397556	342	122	1417863		RepartitionExec=266969805;RepartitionExec[Merge]=1417863;OrderedPartialAggregateStream=9888
event	171961	refusal	RepartitionExec[103]	1	505187	1417263	268397556	342	122	1417863		RepartitionExec=266969805;RepartitionExec[Merge]=1417863;OrderedPartialAggregateStream=9888
event	172001	refusal	RepartitionExec[34]	1	595234	2688658	268397556	342	122	1417863		RepartitionExec=266969805;RepartitionExec[Merge]=1417863;OrderedPartialAggregateStream=9888
event	172021	refusal	RepartitionExec[65]	1	857179	2140412	268397556	342	122	1417863		RepartitionExec=266969805;RepartitionExec[Merge]=1417863;OrderedPartialAggregateStream=9888
event	172041	refusal	RepartitionExec[115]	1	849763	1591999	268397556	342	122	1417863		RepartitionExec=266969805;RepartitionExec[Merge]=1417863;OrderedPartialAggregateStream=9888
event	172067	refusal	RepartitionExec[113]	1	1036304	1417263	268397556	342	122	1417863		RepartitionExec=266969805;RepartitionExec[Merge]=1417863;OrderedPartialAggregateStream=9888
event	172113	refusal	RepartitionExec[111]	1	1036304	1417263	268397556	342	122	1417863		RepartitionExec=266969805;RepartitionExec[Merge]=1417863;OrderedPartialAggregateStream=9888
event	172121	refusal	RepartitionExec[5]	1	453720	3760253	268397556	342	122	1417863		RepartitionExec=266969805;RepartitionExec[Merge]=1417863;OrderedPartialAggregateStream=9888
event	172177	refusal	RepartitionExec[19]	1	484510	2688658	268397556	342	122	1417863		RepartitionExec=266969805;RepartitionExec[Merge]=1417863;OrderedPartialAggregateStream=9888
event	172200	refusal	RepartitionExec[19]	1	1036304	2688658	268397556	342	122	1417863		RepartitionExec=266969805;RepartitionExec[Merge]=1417863;OrderedPartialAggregateStream=9888
event	172244	refusal	RepartitionExec[116]	1	627822	2593549	268397556	342	122	1417863		RepartitionExec=266969805;RepartitionExec[Merge]=1417863;OrderedPartialAggregateStream=9888
event	172254	refusal	RepartitionExec[111]	1	738735	1417263	268397556	342	122	1417863		RepartitionExec=266969805;RepartitionExec[Merge]=1417863;OrderedPartialAggregateStream=9888
event	172266	refusal	RepartitionExec[104]	1	505187	1417263	268397556	342	122	1417863		RepartitionExec=266969805;RepartitionExec[Merge]=1417863;OrderedPartialAggregateStream=9888
event	172318	refusal	RepartitionExec[35]	1	595234	2140412	268397556	342	122	1417863		RepartitionExec=266969805;RepartitionExec[Merge]=1417863;OrderedPartialAggregateStream=9888
event	172324	refusal	RepartitionExec[66]	1	857179	2140412	268397556	342	122	1417863		RepartitionExec=266969805;RepartitionExec[Merge]=1417863;OrderedPartialAggregateStream=9888
event	172338	refusal	RepartitionExec[105]	1	505187	1417263	268397556	342	122	1417863		RepartitionExec=266969805;RepartitionExec[Merge]=1417863;OrderedPartialAggregateStream=9888
event	172374	refusal	RepartitionExec[114]	1	1036304	1417263	268397556	342	122	1417863		RepartitionExec=266969805;RepartitionExec[Merge]=1417863;OrderedPartialAggregateStream=9888
event	172431	refusal	RepartitionExec[112]	1	1036304	1900550	268397556	342	122	1417863		RepartitionExec=266969805;RepartitionExec[Merge]=1417863;OrderedPartialAggregateStream=9888
event	172439	refusal	RepartitionExec[6]	1	453720	3760253	268397556	342	122	1417863		RepartitionExec=266969805;RepartitionExec[Merge]=1417863;OrderedPartialAggregateStream=9888
event	172476	refusal	RepartitionExec[20]	1	484510	2688658	268397556	342	122	1417863		RepartitionExec=266969805;RepartitionExec[Merge]=1417863;OrderedPartialAggregateStream=9888
event	172481	refusal	RepartitionExec[20]	1	1036304	2688658	268397556	342	122	1417863		RepartitionExec=266969805;RepartitionExec[Merge]=1417863;OrderedPartialAggregateStream=9888
event	172509	refusal	RepartitionExec[117]	1	627822	1649343	268397556	342	122	1417863		RepartitionExec=266969805;RepartitionExec[Merge]=1417863;OrderedPartialAggregateStream=9888
event	172566	refusal	RepartitionExec[112]	1	738735	1900550	268397556	342	122	1417863		RepartitionExec=266969805;RepartitionExec[Merge]=1417863;OrderedPartialAggregateStream=9888
event	172575	refusal	RepartitionExec[21]	1	484510	2688658	268397556	342	122	1417863		RepartitionExec=266969805;RepartitionExec[Merge]=1417863;OrderedPartialAggregateStream=9888
event	172579	refusal	RepartitionExec[36]	1	595234	2607281	268397556	342	122	1417863		RepartitionExec=266969805;RepartitionExec[Merge]=1417863;OrderedPartialAggregateStream=9888
event	172603	refusal	RepartitionExec[67]	1	857179	2140412	268397556	342	122	1417863		RepartitionExec=266969805;RepartitionExec[Merge]=1417863;OrderedPartialAggregateStream=9888
event	172627	refusal	RepartitionExec[106]	1	505187	2022755	268397556	342	122	1417863		RepartitionExec=266969805;RepartitionExec[Merge]=1417863;OrderedPartialAggregateStream=9888
event	172687	refusal	RepartitionExec[22]	1	484510	2688658	268397556	342	122	1417863		RepartitionExec=266969805;RepartitionExec[Merge]=1417863;OrderedPartialAggregateStream=9888
event	172726	refusal	RepartitionExec[7]	1	453720	3651988	268397556	342	122	1417863		RepartitionExec=266969805;RepartitionExec[Merge]=1417863;OrderedPartialAggregateStream=9888
event	172735	refusal	RepartitionExec[113]	1	1036304	1417263	268397556	342	122	1417863		RepartitionExec=266969805;RepartitionExec[Merge]=1417863;OrderedPartialAggregateStream=9888
event	172750	refusal	RepartitionExec[21]	1	1036304	2688658	268397556	342	122	1417863		RepartitionExec=266969805;RepartitionExec[Merge]=1417863;OrderedPartialAggregateStream=9888
event	172778	refusal	RepartitionExec[116]	1	849763	2593549	268397556	342	122	1417863		RepartitionExec=266969805;RepartitionExec[Merge]=1417863;OrderedPartialAggregateStream=9888
event	172828	refusal	RepartitionExec[118]	1	627822	1417263	268397556	342	122	1417863		RepartitionExec=266969805;RepartitionExec[Merge]=1417863;OrderedPartialAggregateStream=9888
event	172838	refusal	RepartitionExec[22]	1	1036304	2688658	268397556	342	122	1417863		RepartitionExec=266969805;RepartitionExec[Merge]=1417863;OrderedPartialAggregateStream=9888
event	172880	refusal	RepartitionExec[115]	1	1036304	1591999	268397556	342	122	1417863		RepartitionExec=266969805;RepartitionExec[Merge]=1417863;OrderedPartialAggregateStream=9888
event	172881	refusal	RepartitionExec[37]	1	595234	2140412	268397556	342	122	1417863		RepartitionExec=266969805;RepartitionExec[Merge]=1417863;OrderedPartialAggregateStream=9888
event	172898	refusal	RepartitionExec[68]	1	857179	2140412	268397556	342	122	1417863		RepartitionExec=266969805;RepartitionExec[Merge]=1417863;OrderedPartialAggregateStream=9888
event	172923	refusal	RepartitionExec[107]	1	505187	1417263	268397556	342	122	1417863		RepartitionExec=266969805;RepartitionExec[Merge]=1417863;OrderedPartialAggregateStream=9888
event	172981	refusal	RepartitionExec[23]	1	484510	2688658	268397556	342	122	1417863		RepartitionExec=266969805;RepartitionExec[Merge]=1417863;OrderedPartialAggregateStream=9888
event	172988	refusal	RepartitionExec[8]	1	453720	3182310	268397556	342	122	1417863		RepartitionExec=266969805;RepartitionExec[Merge]=1417863;OrderedPartialAggregateStream=9888
event	173035	refusal	RepartitionExec[114]	1	1036304	1417263	268397556	342	122	1417863		RepartitionExec=266969805;RepartitionExec[Merge]=1417863;OrderedPartialAggregateStream=9888
event	173060	refusal	RepartitionExec[113]	1	738735	1417263	268397556	342	122	1417863		RepartitionExec=266969805;RepartitionExec[Merge]=1417863;OrderedPartialAggregateStream=9888
event	173085	refusal	RepartitionExec[9]	1	453720	2688658	268397556	342	122	1417863		RepartitionExec=266969805;RepartitionExec[Merge]=1417863;OrderedPartialAggregateStream=9888
event	173109	refusal	RepartitionExec[119]	1	627822	0	268397556	342	122	1417863		RepartitionExec=266969805;RepartitionExec[Merge]=1417863;OrderedPartialAggregateStream=9888
event	173122	refusal	RepartitionExec[23]	1	1036304	2688658	268397556	342	122	1417863		RepartitionExec=266969805;RepartitionExec[Merge]=1417863;OrderedPartialAggregateStream=9888
event	173170	refusal	RepartitionExec[116]	1	1036304	2593549	268397556	342	122	1417863		RepartitionExec=266969805;RepartitionExec[Merge]=1417863;OrderedPartialAggregateStream=9888
event	173175	refusal	RepartitionExec[38]	1	595234	2140412	268397556	342	122	1417863		RepartitionExec=266969805;RepartitionExec[Merge]=1417863;OrderedPartialAggregateStream=9888
event	173213	refusal	RepartitionExec[24]	1	1036304	2688658	268397556	342	122	1417863		RepartitionExec=266969805;RepartitionExec[Merge]=1417863;OrderedPartialAggregateStream=9888
event	173229	refusal	RepartitionExec[108]	1	505187	1417263	268397556	342	122	1417863		RepartitionExec=266969805;RepartitionExec[Merge]=1417863;OrderedPartialAggregateStream=9888
event	173277	refusal	RepartitionExec[117]	1	1036304	1649343	268397556	342	122	1417863		RepartitionExec=266969805;RepartitionExec[Merge]=1417863;OrderedPartialAggregateStream=9888
event	173304	refusal	RepartitionExec[117]	1	849763	1649343	268397556	342	122	1417863		RepartitionExec=266969805;RepartitionExec[Merge]=1417863;OrderedPartialAggregateStream=9888
event	173308	refusal	RepartitionExec[115]	1	1036304	1591999	268397556	342	122	1417863		RepartitionExec=266969805;RepartitionExec[Merge]=1417863;OrderedPartialAggregateStream=9888
event	173363	refusal	RepartitionExec[114]	1	738735	1417263	268397556	342	122	1417863		RepartitionExec=266969805;RepartitionExec[Merge]=1417863;OrderedPartialAggregateStream=9888
event	173391	refusal	RepartitionExec[10]	1	453720	2688658	268397556	342	122	1417863		RepartitionExec=266969805;RepartitionExec[Merge]=1417863;OrderedPartialAggregateStream=9888
event	173419	refusal	RepartitionExec[69]	1	857179	2140412	268397556	342	122	1417863		RepartitionExec=266969805;RepartitionExec[Merge]=1417863;OrderedPartialAggregateStream=9888
event	173457	refusal	RepartitionExec[115]	1	738735	1591999	268396732	341	122	1417863		RepartitionExec=266969805;RepartitionExec[Merge]=1417863;OrderedPartialAggregateStream=9064
event	173477	refusal	RepartitionExec[11]	1	453720	2688658	268396732	341	122	1417863		RepartitionExec=266969805;RepartitionExec[Merge]=1417863;OrderedPartialAggregateStream=9064
event	173516	refusal	RepartitionExec[25]	1	1036304	2688658	268396732	341	122	1417863		RepartitionExec=266969805;RepartitionExec[Merge]=1417863;OrderedPartialAggregateStream=9064
event	173528	refusal	RepartitionExec[109]	1	505187	1417263	268396732	341	122	1417863		RepartitionExec=266969805;RepartitionExec[Merge]=1417863;OrderedPartialAggregateStream=9064
event	173584	refusal	RepartitionExec[118]	1	1036304	1417263	268396732	341	122	1417863		RepartitionExec=266969805;RepartitionExec[Merge]=1417863;OrderedPartialAggregateStream=9064
event	173607	refusal	RepartitionExec[118]	1	849763	1417263	268396732	341	122	1417863		RepartitionExec=266969805;RepartitionExec[Merge]=1417863;OrderedPartialAggregateStream=9064
event	173625	refusal	RepartitionExec[116]	1	1036304	2593549	268396732	341	122	1417863		RepartitionExec=266969805;RepartitionExec[Merge]=1417863;OrderedPartialAggregateStream=9064
event	173633	refusal	RepartitionExec[39]	1	595234	2140412	268396732	341	122	1417863		RepartitionExec=266969805;RepartitionExec[Merge]=1417863;OrderedPartialAggregateStream=9064
event	173674	refusal	RepartitionExec[24]	1	484510	2688658	268396732	341	122	1417863		RepartitionExec=266969805;RepartitionExec[Merge]=1417863;OrderedPartialAggregateStream=9064
event	173703	refusal	RepartitionExec[119]	1	849763	0	268396732	341	122	1417863		RepartitionExec=266969805;RepartitionExec[Merge]=1417863;OrderedPartialAggregateStream=9064
event	173704	refusal	RepartitionExec[40]	1	595234	2140412	268396732	341	122	1417863		RepartitionExec=266969805;RepartitionExec[Merge]=1417863;OrderedPartialAggregateStream=9064
event	173726	refusal	RepartitionExec[12]	1	453720	2688658	268396732	341	122	1417863		RepartitionExec=266969805;RepartitionExec[Merge]=1417863;OrderedPartialAggregateStream=9064
event	173785	refusal	RepartitionExec[26]	1	1036304	2688658	268396732	341	122	1417863		RepartitionExec=266969805;RepartitionExec[Merge]=1417863;OrderedPartialAggregateStream=9064
event	173810	refusal	RepartitionExec[13]	1	453720	2688658	268396732	341	122	1417863		RepartitionExec=266969805;RepartitionExec[Merge]=1417863;OrderedPartialAggregateStream=9064
event	173847	refusal	RepartitionExec[70]	1	857179	2140412	268395908	340	122	1417863		RepartitionExec=266969805;RepartitionExec[Merge]=1417863;OrderedPartialAggregateStream=8240
event	173870	refusal	RepartitionExec[117]	1	1036304	1649343	268395908	340	122	1417863		RepartitionExec=266969805;RepartitionExec[Merge]=1417863;OrderedPartialAggregateStream=8240
event	173879	refusal	OrderedPartialAggregateStream[101]	1	3432316	0	268395908	340	122	1417863		RepartitionExec=266969805;RepartitionExec[Merge]=1417863;OrderedPartialAggregateStream=8240
event	173915	refusal	RepartitionExec[116]	1	738735	2593549	268395908	340	122	1417863		RepartitionExec=266969805;RepartitionExec[Merge]=1417863;OrderedPartialAggregateStream=8240
event	173944	refusal	RepartitionExec[25]	1	484510	2688658	268395908	340	122	1417863		RepartitionExec=266969805;RepartitionExec[Merge]=1417863;OrderedPartialAggregateStream=8240
event	173960	refusal	RepartitionExec[41]	1	595234	2199108	268395908	340	122	1417863		RepartitionExec=266969805;RepartitionExec[Merge]=1417863;OrderedPartialAggregateStream=8240
event	173999	refusal	RepartitionExec[110]	1	505187	1417263	268395908	339	122	1417863		RepartitionExec=266969805;RepartitionExec[Merge]=1417863;OrderedPartialAggregateStream=8240
event	174028	refusal	RepartitionExec[119]	1	1036304	0	268395908	339	122	1417863		RepartitionExec=266969805;RepartitionExec[Merge]=1417863;OrderedPartialAggregateStream=8240
event	174028	refusal	RepartitionExec[26]	1	484510	2688658	268395908	339	122	1417863		RepartitionExec=266969805;RepartitionExec[Merge]=1417863;OrderedPartialAggregateStream=8240
event	174065	refusal	RepartitionExec[14]	1	453720	2747354	268395908	339	122	1417863		RepartitionExec=266969805;RepartitionExec[Merge]=1417863;OrderedPartialAggregateStream=8240
event	174097	refusal	RepartitionExec[71]	1	857179	2140412	268395908	339	122	1417863		RepartitionExec=266969805;RepartitionExec[Merge]=1417863;OrderedPartialAggregateStream=8240
event	174140	refusal	RepartitionExec[118]	1	1036304	1417263	268395908	339	122	1417863		RepartitionExec=266969805;RepartitionExec[Merge]=1417863;OrderedPartialAggregateStream=8240
event	174162	refusal	OrderedPartialAggregateStream[72]	1	2097871	0	268395908	339	122	1417863		RepartitionExec=266969805;RepartitionExec[Merge]=1417863;OrderedPartialAggregateStream=8240
event	174169	refusal	RepartitionExec[117]	1	738735	1649343	268395908	339	122	1417863		RepartitionExec=266969805;RepartitionExec[Merge]=1417863;OrderedPartialAggregateStream=8240
event	174181	refusal	OrderedPartialAggregateStream[117]	1	4609405	0	268395908	339	122	1417863		RepartitionExec=266969805;RepartitionExec[Merge]=1417863;OrderedPartialAggregateStream=8240
event	174190	refusal	RepartitionExec[27]	1	1036304	2688658	268395908	339	122	1417863		RepartitionExec=266969805;RepartitionExec[Merge]=1417863;OrderedPartialAggregateStream=8240
event	174219	refusal	RepartitionExec[42]	1	595234	2140412	268395908	339	122	1417863		RepartitionExec=266969805;RepartitionExec[Merge]=1417863;OrderedPartialAggregateStream=8240
event	174258	refusal	RepartitionExec[111]	1	505187	1417263	268395908	339	122	1417863		RepartitionExec=266969805;RepartitionExec[Merge]=1417863;OrderedPartialAggregateStream=8240
event	174315	refusal	RepartitionExec[27]	1	484510	2688658	268395908	339	122	1417863		RepartitionExec=266969805;RepartitionExec[Merge]=1417863;OrderedPartialAggregateStream=8240
event	174364	refusal	RepartitionExec[15]	1	453720	3314007	268395908	339	122	1417863		RepartitionExec=266969805;RepartitionExec[Merge]=1417863;OrderedPartialAggregateStream=8240
event	174403	refusal	RepartitionExec[72]	1	857179	2140412	268395908	339	122	1417863		RepartitionExec=266969805;RepartitionExec[Merge]=1417863;OrderedPartialAggregateStream=8240
event	174431	refusal	RepartitionExec[28]	1	484510	2688658	268395908	339	122	1417863		RepartitionExec=266969805;RepartitionExec[Merge]=1417863;OrderedPartialAggregateStream=8240
event	174486	refusal	RepartitionExec[119]	1	1036304	0	268395908	339	122	1417863		RepartitionExec=266969805;RepartitionExec[Merge]=1417863;OrderedPartialAggregateStream=8240
event	174514	refusal	RepartitionExec[28]	1	1036304	2688658	268395908	339	122	1417863		RepartitionExec=266969805;RepartitionExec[Merge]=1417863;OrderedPartialAggregateStream=8240
event	174525	refusal	RepartitionExec[29]	1	484510	2688658	268395908	339	122	1417863		RepartitionExec=266969805;RepartitionExec[Merge]=1417863;OrderedPartialAggregateStream=8240
event	174587	refusal	RepartitionExec[112]	1	505187	1900550	268395908	339	122	1417863		RepartitionExec=266969805;RepartitionExec[Merge]=1417863;OrderedPartialAggregateStream=8240
event	174605	refusal	RepartitionExec[118]	1	738735	1417263	268395908	339	122	1417863		RepartitionExec=266969805;RepartitionExec[Merge]=1417863;OrderedPartialAggregateStream=8240
event	174661	refusal	RepartitionExec[16]	1	453720	2688658	268395908	338	122	1417863		RepartitionExec=266969805;RepartitionExec[Merge]=1417863;OrderedPartialAggregateStream=8240
event	174666	refusal	RepartitionExec[73]	1	857179	2140412	268395908	338	122	1417863		RepartitionExec=266969805;RepartitionExec[Merge]=1417863;OrderedPartialAggregateStream=8240
event	174685	refusal	RepartitionExec[43]	1	595234	2140412	268395908	338	122	1417863		RepartitionExec=266969805;RepartitionExec[Merge]=1417863;OrderedPartialAggregateStream=8240
event	174709	refusal	OrderedPartialAggregateStream[101]	1	1036360	0	268395908	338	122	1417863		RepartitionExec=266969805;RepartitionExec[Merge]=1417863;OrderedPartialAggregateStream=8240
event	174756	refusal	RepartitionExec[29]	1	1036304	2688658	268396732	338	122	1417863		RepartitionExec=266969805;RepartitionExec[Merge]=1417863;OrderedPartialAggregateStream=9064
event	174796	refusal	RepartitionExec[30]	1	484510	2688658	268396732	338	122	1417863		RepartitionExec=266969805;RepartitionExec[Merge]=1417863;OrderedPartialAggregateStream=9064
event	174832	refusal	OrderedPartialAggregateStream[72]	1	519496	0	268396732	338	122	1417863		RepartitionExec=266969805;RepartitionExec[Merge]=1417863;OrderedPartialAggregateStream=9064
event	174847	refusal	RepartitionExec[113]	1	505187	1417263	268397556	338	122	1417863		RepartitionExec=266969805;RepartitionExec[Merge]=1417863;OrderedPartialAggregateStream=9888
event	174862	refusal	RepartitionExec[119]	1	738735	0	268397556	338	122	1417863		RepartitionExec=266969805;RepartitionExec[Merge]=1417863;OrderedPartialAggregateStream=9888
event	174883	refusal	RepartitionExec[0]	1	683448	5818050	268397556	338	122	1417863		RepartitionExec=266969805;RepartitionExec[Merge]=1417863;OrderedPartialAggregateStream=9888
event	174892	refusal	RepartitionExec[17]	1	453720	2688658	268397556	338	122	1417863		RepartitionExec=266969805;RepartitionExec[Merge]=1417863;OrderedPartialAggregateStream=9888
event	174912	refusal	RepartitionExec[74]	1	857179	2140412	268397556	338	122	1417863		RepartitionExec=266969805;RepartitionExec[Merge]=1417863;OrderedPartialAggregateStream=9888
event	174940	refusal	RepartitionExec[44]	1	595234	2140412	268397556	338	122	1417863		RepartitionExec=266969805;RepartitionExec[Merge]=1417863;OrderedPartialAggregateStream=9888
event	174966	refusal	RepartitionExec[30]	1	1036304	2688658	268397556	338	122	1417863		RepartitionExec=266969805;RepartitionExec[Merge]=1417863;OrderedPartialAggregateStream=9888
event	174983	refusal	RepartitionExec[18]	1	453720	2688658	268397556	338	122	1417863		RepartitionExec=266969805;RepartitionExec[Merge]=1417863;OrderedPartialAggregateStream=9888
event	174984	refusal	RepartitionExec[0]	1	465071	5818050	268397556	338	122	1417863		RepartitionExec=266969805;RepartitionExec[Merge]=1417863;OrderedPartialAggregateStream=9888
event	175030	refusal	RepartitionExec[114]	1	505187	1417263	268397556	338	122	1417863		RepartitionExec=266969805;RepartitionExec[Merge]=1417863;OrderedPartialAggregateStream=9888
event	175067	refusal	RepartitionExec[1]	1	683448	5348372	268397556	338	122	1417863		RepartitionExec=266969805;RepartitionExec[Merge]=1417863;OrderedPartialAggregateStream=9888
event	175114	refusal	OrderedPartialAggregateStream[112]	1	947660	824	268396732	337	122	1417863		RepartitionExec=266969805;RepartitionExec[Merge]=1417863;OrderedPartialAggregateStream=9064
event	175124	refusal	RepartitionExec[31]	1	484510	2804698	268396732	337	122	1417863		RepartitionExec=266969805;RepartitionExec[Merge]=1417863;OrderedPartialAggregateStream=9064
event	175138	refusal	RepartitionExec[75]	1	857179	2256452	268396732	337	122	1417863		RepartitionExec=266969805;RepartitionExec[Merge]=1417863;OrderedPartialAggregateStream=9064
event	175166	refusal	RepartitionExec[45]	1	595234	2140412	268396732	337	122	1417863		RepartitionExec=266969805;RepartitionExec[Merge]=1417863;OrderedPartialAggregateStream=9064
event	175212	refusal	RepartitionExec[31]	1	1036304	2804698	268396732	337	122	1417863		RepartitionExec=266969805;RepartitionExec[Merge]=1417863;OrderedPartialAggregateStream=9064
event	175251	refusal	RepartitionExec[1]	1	465071	5348372	268396732	337	122	1417863		RepartitionExec=266969805;RepartitionExec[Merge]=1417863;OrderedPartialAggregateStream=9064
event	175272	refusal	RepartitionExec[19]	1	453720	2688658	268396732	337	122	1417863		RepartitionExec=266969805;RepartitionExec[Merge]=1417863;OrderedPartialAggregateStream=9064
event	175312	refusal	RepartitionExec[115]	1	505187	1591999	268396732	336	122	1417863		RepartitionExec=266969805;RepartitionExec[Merge]=1417863;OrderedPartialAggregateStream=9064
event	175313	refusal	RepartitionExec[2]	1	683448	5422679	268396732	336	122	1417863		RepartitionExec=266969805;RepartitionExec[Merge]=1417863;OrderedPartialAggregateStream=9064
event	175324	refusal	OrderedPartialAggregateStream[117]	1	1037128	0	268396732	336	122	1417863		RepartitionExec=266969805;RepartitionExec[Merge]=1417863;OrderedPartialAggregateStream=9064
event	175340	refusal	RepartitionExec[2]	1	465071	5422679	268397556	336	122	1417863		RepartitionExec=266969805;RepartitionExec[Merge]=1417863;OrderedPartialAggregateStream=9888
event	175383	refusal	OrderedPartialAggregateStream[112]	1	259856	824	268397556	336	122	1417863		RepartitionExec=266969805;RepartitionExec[Merge]=1417863;OrderedPartialAggregateStream=9888
event	175391	refusal	RepartitionExec[20]	1	453720	2688658	268397556	336	122	1417863		RepartitionExec=266969805;RepartitionExec[Merge]=1417863;OrderedPartialAggregateStream=9888
event	175399	refusal	RepartitionExec[46]	1	595234	2140412	268397556	336	122	1417863		RepartitionExec=266969805;RepartitionExec[Merge]=1417863;OrderedPartialAggregateStream=9888
event	175452	refusal	RepartitionExec[32]	1	1036304	2688658	268397556	336	122	1417863		RepartitionExec=266969805;RepartitionExec[Merge]=1417863;OrderedPartialAggregateStream=9888
event	175473	refusal	RepartitionExec[32]	1	484510	2688658	268397556	336	122	1417863		RepartitionExec=266969805;RepartitionExec[Merge]=1417863;OrderedPartialAggregateStream=9888
event	175489	refusal	RepartitionExec[47]	1	595234	2140412	268397556	336	122	1417863		RepartitionExec=266969805;RepartitionExec[Merge]=1417863;OrderedPartialAggregateStream=9888
event	175500	refusal	RepartitionExec[0]	1	205692	5818050	268397556	336	122	1417863		RepartitionExec=266969805;RepartitionExec[Merge]=1417863;OrderedPartialAggregateStream=9888
event	175530	refusal	RepartitionExec[116]	1	505187	2593549	268397556	336	122	1417863		RepartitionExec=266969805;RepartitionExec[Merge]=1417863;OrderedPartialAggregateStream=9888
event	175538	refusal	RepartitionExec[0]	1	1036304	5818050	268397556	336	122	1417863		RepartitionExec=266969805;RepartitionExec[Merge]=1417863;OrderedPartialAggregateStream=9888
event	175542	refusal	RepartitionExec[3]	1	683448	4894023	268397556	336	122	1417863		RepartitionExec=266969805;RepartitionExec[Merge]=1417863;OrderedPartialAggregateStream=9888
event	175575	refusal	OrderedPartialAggregateStream[2]	1	4006894	0	268397556	336	122	1417863		RepartitionExec=266969805;RepartitionExec[Merge]=1417863;OrderedPartialAggregateStream=9888
event	175587	refusal	RepartitionExec[3]	1	465071	4894023	268397556	336	122	1417863		RepartitionExec=266969805;RepartitionExec[Merge]=1417863;OrderedPartialAggregateStream=9888
event	175594	refusal	OrderedPartialAggregateStream[0]	1	946157	824	268397556	336	122	1417863		RepartitionExec=266969805;RepartitionExec[Merge]=1417863;OrderedPartialAggregateStream=9888
event	175608	refusal	RepartitionExec[21]	1	453720	2688658	268397556	336	122	1417863		RepartitionExec=266969805;RepartitionExec[Merge]=1417863;OrderedPartialAggregateStream=9888
event	175625	refusal	RepartitionExec[76]	1	857179	2140412	268397556	336	122	1417863		RepartitionExec=266969805;RepartitionExec[Merge]=1417863;OrderedPartialAggregateStream=9888
event	175686	refusal	RepartitionExec[33]	1	1036304	2688658	268397556	336	122	1417863		RepartitionExec=266969805;RepartitionExec[Merge]=1417863;OrderedPartialAggregateStream=9888
event	175687	refusal	RepartitionExec[22]	1	453720	2688658	268397556	336	122	1417863		RepartitionExec=266969805;RepartitionExec[Merge]=1417863;OrderedPartialAggregateStream=9888
event	175711	refusal	RepartitionExec[48]	1	595234	2140412	268397556	336	122	1417863		RepartitionExec=266969805;RepartitionExec[Merge]=1417863;OrderedPartialAggregateStream=9888
event	175772	refusal	RepartitionExec[117]	1	505187	1649343	268397556	335	122	1417863		RepartitionExec=266969805;RepartitionExec[Merge]=1417863;OrderedPartialAggregateStream=9888
event	175789	refusal	RepartitionExec[1]	1	1036304	5348372	268397556	335	122	1417863		RepartitionExec=266969805;RepartitionExec[Merge]=1417863;OrderedPartialAggregateStream=9888
event	175799	refusal	RepartitionExec[4]	1	683448	4894023	268397556	335	122	1417863		RepartitionExec=266969805;RepartitionExec[Merge]=1417863;OrderedPartialAggregateStream=9888
event	175844	refusal	OrderedPartialAggregateStream[0]	1	259856	824	268397556	335	122	1417863		RepartitionExec=266969805;RepartitionExec[Merge]=1417863;OrderedPartialAggregateStream=9888
event	175870	refusal	RepartitionExec[4]	1	465071	4894023	268397556	335	122	1417863		RepartitionExec=266969805;RepartitionExec[Merge]=1417863;OrderedPartialAggregateStream=9888
event	175878	refusal	RepartitionExec[33]	1	484510	2688658	268397556	335	122	1417863		RepartitionExec=266969805;RepartitionExec[Merge]=1417863;OrderedPartialAggregateStream=9888
event	175880	refusal	RepartitionExec[77]	1	857179	2140412	268397556	335	122	1417863		RepartitionExec=266969805;RepartitionExec[Merge]=1417863;OrderedPartialAggregateStream=9888
event	175942	refusal	RepartitionExec[0]	1	205132	5818050	268397556	335	122	1417863		RepartitionExec=266969805;RepartitionExec[Merge]=1417863;OrderedPartialAggregateStream=9888
event	175943	refusal	RepartitionExec[23]	1	453720	2688658	268397556	335	122	1417863		RepartitionExec=266969805;RepartitionExec[Merge]=1417863;OrderedPartialAggregateStream=9888
event	175954	refusal	RepartitionExec[34]	1	1036304	2688658	268397556	335	122	1417863		RepartitionExec=266969805;RepartitionExec[Merge]=1417863;OrderedPartialAggregateStream=9888
event	175968	refusal	RepartitionExec[49]	1	595234	2140412	268397556	335	122	1417863		RepartitionExec=266969805;RepartitionExec[Merge]=1417863;OrderedPartialAggregateStream=9888
event	176027	release_after_refusal	RepartitionExec[0]	1	672851	5145199	267724705	335	122	1417863		RepartitionExec=266296954;RepartitionExec[Merge]=1417863;OrderedPartialAggregateStream=9888
event	176030	refusal	RepartitionExec[118]	1	505187	1417263	267724705	335	122	1417863		RepartitionExec=266296954;RepartitionExec[Merge]=1417863;OrderedPartialAggregateStream=9888
event	176034	refusal	RepartitionExec[2]	1	1036304	5422679	267724705	335	122	1417863		RepartitionExec=266296954;RepartitionExec[Merge]=1417863;OrderedPartialAggregateStream=9888
event	176066	refusal	RepartitionExec[5]	1	683448	3760253	267850762	335	122	2620822		RepartitionExec=265220052;RepartitionExec[Merge]=2620822;OrderedPartialAggregateStream=9888
event	176119	refusal	RepartitionExec[Merge 0]	0	468638	2750553	268396461	335	122	4168416		RepartitionExec=264218157;RepartitionExec[Merge]=4168416;OrderedPartialAggregateStream=9888
event	176123	release_after_refusal	RepartitionExec[Merge 0]	0	2741841	8712	265654620	335	122	1426575		RepartitionExec=264218157;RepartitionExec[Merge]=1426575;OrderedPartialAggregateStream=9888
event	176129	refusal	RepartitionExec[6]	1	465071	3760253	265654620	335	122	1426575		RepartitionExec=264218157;RepartitionExec[Merge]=1426575;OrderedPartialAggregateStream=9888
event	176137	refusal	RepartitionExec[34]	1	484510	2688658	266338068	335	122	1426575		RepartitionExec=264901605;RepartitionExec[Merge]=1426575;OrderedPartialAggregateStream=9888
event	176154	refusal	RepartitionExec[10]	1	683448	2688658	268388412	335	122	1426575		RepartitionExec=266951949;RepartitionExec[Merge]=1426575;OrderedPartialAggregateStream=9888
event	176172	refusal	RepartitionExec[24]	1	453720	2688658	268388412	335	122	1426575		RepartitionExec=266951949;RepartitionExec[Merge]=1426575;OrderedPartialAggregateStream=9888
event	176226	refusal	RepartitionExec[35]	1	1036304	2140412	268388412	335	122	1426575		RepartitionExec=266951949;RepartitionExec[Merge]=1426575;OrderedPartialAggregateStream=9888
event	176228	refusal	RepartitionExec[50]	1	595234	2140412	268388412	335	122	1426575		RepartitionExec=266951949;RepartitionExec[Merge]=1426575;OrderedPartialAggregateStream=9888
event	176295	refusal	RepartitionExec[119]	1	505187	0	268388412	335	122	1426575		RepartitionExec=266951949;RepartitionExec[Merge]=1426575;OrderedPartialAggregateStream=9888
event	176309	refusal	RepartitionExec[3]	1	1036304	4894023	268388412	335	122	1426575		RepartitionExec=266951949;RepartitionExec[Merge]=1426575;OrderedPartialAggregateStream=9888
event	176331	refusal	RepartitionExec[78]	1	857179	2140412	268388412	334	122	1426575		RepartitionExec=266951949;RepartitionExec[Merge]=1426575;OrderedPartialAggregateStream=9888
event	176372	refusal	RepartitionExec[7]	1	465071	4335436	268388412	334	122	1426575		RepartitionExec=266951949;RepartitionExec[Merge]=1426575;OrderedPartialAggregateStream=9888
event	176406	refusal	RepartitionExec[11]	1	683448	2688658	268388412	334	122	1426575		RepartitionExec=266951949;RepartitionExec[Merge]=1426575;OrderedPartialAggregateStream=9888
event	176422	refusal	RepartitionExec[25]	1	453720	2688658	268387588	333	122	1426575		RepartitionExec=266951949;RepartitionExec[Merge]=1426575;OrderedPartialAggregateStream=9064
event	176473	refusal	RepartitionExec[36]	1	1036304	2607281	268387588	333	122	1426575		RepartitionExec=266951949;RepartitionExec[Merge]=1426575;OrderedPartialAggregateStream=9064
event	176487	refusal	RepartitionExec[51]	1	595234	2140412	268387588	333	122	1426575		RepartitionExec=266951949;RepartitionExec[Merge]=1426575;OrderedPartialAggregateStream=9064
event	176512	refusal	RepartitionExec[26]	1	453720	2688658	268387588	333	122	1426575		RepartitionExec=266951949;RepartitionExec[Merge]=1426575;OrderedPartialAggregateStream=9064
event	176539	refusal	RepartitionExec[4]	1	1036304	4894023	268387588	333	122	1426575		RepartitionExec=266951949;RepartitionExec[Merge]=1426575;OrderedPartialAggregateStream=9064
event	176552	refusal	RepartitionExec[79]	1	857179	1417263	268387588	333	122	1426575		RepartitionExec=266951949;RepartitionExec[Merge]=1426575;OrderedPartialAggregateStream=9064
event	176594	refusal	RepartitionExec[8]	1	465071	3865758	268387588	333	122	1426575		RepartitionExec=266951949;RepartitionExec[Merge]=1426575;OrderedPartialAggregateStream=9064
event	176617	refusal	RepartitionExec[12]	1	683448	2688658	268387588	333	122	1426575		RepartitionExec=266951949;RepartitionExec[Merge]=1426575;OrderedPartialAggregateStream=9064
event	176639	refusal	OrderedPartialAggregateStream[2]	1	1036872	0	268387588	333	122	1426575		RepartitionExec=266951949;RepartitionExec[Merge]=1426575;OrderedPartialAggregateStream=9064
event	176655	refusal	RepartitionExec[35]	1	484510	2140412	268388412	333	122	1426575		RepartitionExec=266951949;RepartitionExec[Merge]=1426575;OrderedPartialAggregateStream=9888
event	176693	refusal	RepartitionExec[37]	1	1036304	2140412	268388412	332	122	1426575		RepartitionExec=266951949;RepartitionExec[Merge]=1426575;OrderedPartialAggregateStream=9888
event	176700	refusal	RepartitionExec[13]	1	683448	2688658	268384880	332	122	1423043		RepartitionExec=266951949;RepartitionExec[Merge]=1423043;OrderedPartialAggregateStream=9888
event	176709	refusal	RepartitionExec[27]	1	453720	2688658	268379700	332	121	1417863		RepartitionExec=266951949;RepartitionExec[Merge]=1417863;OrderedPartialAggregateStream=9888
event	176755	refusal	RepartitionExec[36]	1	484510	2607281	268379700	331	121	1417863		RepartitionExec=266951949;RepartitionExec[Merge]=1417863;OrderedPartialAggregateStream=9888
event	176762	refusal	RepartitionExec[80]	1	857179	1417263	268379700	331	121	1417863		RepartitionExec=266951949;RepartitionExec[Merge]=1417863;OrderedPartialAggregateStream=9888
event	176794	refusal	RepartitionExec[9]	1	465071	3372106	268379700	331	120	1417863		RepartitionExec=266951949;RepartitionExec[Merge]=1417863;OrderedPartialAggregateStream=9888
event	176804	refusal	RepartitionExec[52]	1	595234	2140412	268379700	331	120	1417863		RepartitionExec=266951949;RepartitionExec[Merge]=1417863;OrderedPartialAggregateStream=9888
event	176844	refusal	RepartitionExec[37]	1	484510	2140412	268379700	331	120	1417863		RepartitionExec=266951949;RepartitionExec[Merge]=1417863;OrderedPartialAggregateStream=9888
event	176865	refusal	RepartitionExec[0]	1	901230	2601331	268379700	331	120	1417863		RepartitionExec=266951949;RepartitionExec[Merge]=1417863;OrderedPartialAggregateStream=9888
event	176890	refusal	RepartitionExec[38]	1	1036304	2140412	268379700	331	120	1417863		RepartitionExec=266951949;RepartitionExec[Merge]=1417863;OrderedPartialAggregateStream=9888
event	176905	refusal	RepartitionExec[14]	1	683448	2747354	268379700	331	120	1417863		RepartitionExec=266951949;RepartitionExec[Merge]=1417863;OrderedPartialAggregateStream=9888
event	176912	refusal	RepartitionExec[28]	1	453720	2688658	268379700	331	120	1417863		RepartitionExec=266951949;RepartitionExec[Merge]=1417863;OrderedPartialAggregateStream=9888
event	176971	refusal	RepartitionExec[5]	1	1036304	4225324	268379700	331	120	1417863		RepartitionExec=266951949;RepartitionExec[Merge]=1417863;OrderedPartialAggregateStream=9888
event	176985	refusal	RepartitionExec[39]	1	1036304	2140412	268379700	331	120	1417863		RepartitionExec=266951949;RepartitionExec[Merge]=1417863;OrderedPartialAggregateStream=9888
event	177006	refusal	RepartitionExec[29]	1	453720	2688658	268379700	331	119	1417863		RepartitionExec=266951949;RepartitionExec[Merge]=1417863;OrderedPartialAggregateStream=9888
event	177035	refusal	OrderedPartialAggregateStream[118]	1	4608955	0	268379700	331	119	1417863		RepartitionExec=266951949;RepartitionExec[Merge]=1417863;OrderedPartialAggregateStream=9888
