#pool	name	limit	peak_reserved	refusals	events_dropped
pool	fair	2147483648	2008281537	12252	10734
#class	class	consumers	can_spill	w_sum_of_peaks	w_largest_peak	w_class_peak	refusals	refused_bytes	w_refusals_then_release	w_consumers_ending_refused
class	DataFusion-Cli	1	0	5518	5518	5518	0	0	0	0
class	OrderedFinalAggregateStream	120	120	411908618	3498981	33726256	25	85838147	0	0
class	OrderedPartialAggregateStream	120	120	279418496	4609405	31388220	34	107680090	0	0
class	RepartitionExec	120	120	676573852	6562735	675518650	12193	7391019082	682	118
class	RepartitionExec[Merge]	120	0	1994131487	20841758	1955933782	0	0	0	0
class	SortPreservingMergeExec	1	0	144421592	144421592	144421592	0	0	0	0
#event	micros	kind	consumer	can_spill	bytes	w_held	reserved	w_registered_spillable	w_registered_unspillable	w_unspillable_bytes	w_fair_quota	w_top_classes
event	36153	refusal	RepartitionExec[0]	1	884276	5623487	705014817	360	122	0	5965232	RepartitionExec=675459954;OrderedPartialAggregateStream=29554863
event	36374	refusal	RepartitionExec[0]	1	517031	5623487	701634165	360	122	0	5965232	RepartitionExec=675459954;OrderedPartialAggregateStream=26174211
event	36665	refusal	RepartitionExec[0]	1	904118	5623487	701124626	360	122	0	5965232	RepartitionExec=675459954;OrderedPartialAggregateStream=25664672
event	36681	refusal	RepartitionExec[1]	1	884276	5623487	701124626	360	122	0	5965232	RepartitionExec=675459954;OrderedPartialAggregateStream=25664672
event	36697	refusal	RepartitionExec[1]	1	517031	5623487	701124626	360	122	0	5965232	RepartitionExec=675459954;OrderedPartialAggregateStream=25664672
event	36816	refusal	RepartitionExec[1]	1	904118	5623487	703046955	360	122	0	5965232	RepartitionExec=675459954;OrderedPartialAggregateStream=27587001
event	36826	refusal	RepartitionExec[2]	1	884276	5623487	703046955	360	122	0	5965232	RepartitionExec=675459954;OrderedPartialAggregateStream=27587001
event	36861	refusal	RepartitionExec[2]	1	517031	5623487	703046955	360	122	0	5965232	RepartitionExec=675459954;OrderedPartialAggregateStream=27587001
event	36910	refusal	RepartitionExec[0]	1	429452	5623487	703046955	360	122	0	5965232	RepartitionExec=675459954;OrderedPartialAggregateStream=27587001
event	36934	refusal	RepartitionExec[2]	1	904118	5623487	703046955	360	122	0	5965232	RepartitionExec=675459954;OrderedPartialAggregateStream=27587001
event	36989	refusal	RepartitionExec[3]	1	884276	5739441	703046955	360	122	0	5965232	RepartitionExec=675459954;OrderedPartialAggregateStream=27587001
event	37264	refusal	RepartitionExec[0]	1	1036178	5623487	699720101	360	122	0	5965232	RepartitionExec=675459954;OrderedPartialAggregateStream=24260147
event	37411	refusal	RepartitionExec[3]	1	517031	5739441	696046257	360	122	0	5965232	RepartitionExec=675459954;OrderedPartialAggregateStream=20586303
event	37472	refusal	RepartitionExec[1]	1	429452	5623487	695768322	360	122	0	5965232	RepartitionExec=675459954;OrderedPartialAggregateStream=20308368
event	37511	refusal	RepartitionExec[3]	1	904118	5739441	695148550	360	122	0	5965232	RepartitionExec=674898878;OrderedPartialAggregateStream=20249672
event	37514	refusal	RepartitionExec[4]	1	517031	5623487	695148550	360	122	0	5965232	RepartitionExec=674898878;OrderedPartialAggregateStream=20249672
event	37589	refusal	RepartitionExec[0]	1	705836	5623487	693665941	360	122	621688	5963505	RepartitionExec=674455902;OrderedPartialAggregateStream=20249672;RepartitionExec[Merge]=621688
event	37904	refusal	RepartitionExec[0]	1	1036178	5623487	695172857	360	122	1063624	5962277	RepartitionExec=674455902;OrderedPartialAggregateStream=18146415;RepartitionExec[Merge]=1063624
event	37920	refusal	RepartitionExec[4]	1	904118	5623487	695172857	360	122	1063624	5962277	RepartitionExec=674455902;OrderedPartialAggregateStream=18146415;RepartitionExec[Merge]=1063624
event	37929	refusal	RepartitionExec[2]	1	429452	5623487	695172857	360	122	1063624	5962277	RepartitionExec=674455902;OrderedPartialAggregateStream=18146415;RepartitionExec[Merge]=1063624
event	37939	refusal	RepartitionExec[5]	1	517031	5623487	693611977	360	122	1063624	5962277	RepartitionExec=674455902;OrderedPartialAggregateStream=18146415;RepartitionExec[Merge]=1063624
event	37952	refusal	RepartitionExec[0]	1	1036178	5623487	693611977	360	122	1063624	5962277	RepartitionExec=674455902;OrderedPartialAggregateStream=18146415;RepartitionExec[Merge]=1063624
event	37976	refusal	RepartitionExec[1]	1	1036178	5623487	693611977	360	122	1063624	5962277	RepartitionExec=674455902;OrderedPartialAggregateStream=21113592;RepartitionExec[Merge]=1063624
event	37985	refusal	RepartitionExec[4]	1	884276	5623487	693611977	360	122	1063624	5962277	RepartitionExec=674455902;OrderedPartialAggregateStream=21113592;RepartitionExec[Merge]=1063624
event	38005	refusal	RepartitionExec[1]	1	705836	5623487	692634071	360	122	1064496	5962275	RepartitionExec=674003449;OrderedPartialAggregateStream=17566126;RepartitionExec[Merge]=1064496
event	38016	refusal	RepartitionExec[6]	1	517031	5623487	692049306	360	122	1515909	5961021	RepartitionExec=672967271;OrderedPartialAggregateStream=17566126;RepartitionExec[Merge]=1515909
event	38020	refusal	RepartitionExec[1]	1	1036178	5623487	692049306	360	122	1515909	5961021	RepartitionExec=672967271;OrderedPartialAggregateStream=17566126;RepartitionExec[Merge]=1515909
event	38068	refusal	RepartitionExec[1]	1	1036178	5623487	692546448	360	122	4425325	5952939	RepartitionExec=670554997;OrderedPartialAggregateStream=17566126;RepartitionExec[Merge]=4425325
event	38100	refusal	RepartitionExec[5]	1	904118	5623487	690288557	360	122	5626547	5949603	RepartitionExec=670011117;OrderedPartialAggregateStream=14650893;RepartitionExec[Merge]=5626547
event	38134	refusal	RepartitionExec[2]	1	705836	5623487	690288557	359	122	5626547	5966175	RepartitionExec=670011117;OrderedPartialAggregateStream=14650893;RepartitionExec[Merge]=5626547
event	38157	refusal	RepartitionExec[2]	1	1036178	5623487	690288557	359	122	5626547	5966175	RepartitionExec=670011117;OrderedPartialAggregateStream=14650893;RepartitionExec[Merge]=5626547
event	38166	refusal	RepartitionExec[5]	1	884276	5623487	690288557	359	122	5626547	5966175	RepartitionExec=670011117;OrderedPartialAggregateStream=14650893;RepartitionExec[Merge]=5626547
event	38221	release_after_refusal	RepartitionExec[0]	1	619772	5003715	689668785	359	122	5626547		RepartitionExec=669391345;OrderedPartialAggregateStream=14650893;RepartitionExec[Merge]=5626547
event	38222	refusal	RepartitionExec[3]	1	429452	5739441	689668785	359	122	5626547	5966175	RepartitionExec=669391345;OrderedPartialAggregateStream=14650893;RepartitionExec[Merge]=5626547
event	38227	refusal	RepartitionExec[7]	1	517031	5623487	689668785	359	122	5626547	5966175	RepartitionExec=669391345;OrderedPartialAggregateStream=14650893;RepartitionExec[Merge]=5626547
event	38261	refusal	RepartitionExec[1]	1	525119	5623487	693628991	359	122	6247075	5964447	RepartitionExec=669473488;OrderedPartialAggregateStream=14650893;RepartitionExec[Merge]=6247075
event	38271	refusal	RepartitionExec[2]	1	1036178	5623487	693628991	359	122	6247075	5964447	RepartitionExec=669473488;OrderedPartialAggregateStream=14650893;RepartitionExec[Merge]=6247075
event	38278	refusal	RepartitionExec[6]	1	884276	5623487	695547804	359	122	6690207	5963212	RepartitionExec=670950365;OrderedPartialAggregateStream=14650893;RepartitionExec[Merge]=6690207
event	38302	refusal	RepartitionExec[1]	1	694334	5623487	695095351	359	122	6690207	5963212	RepartitionExec=670950365;OrderedPartialAggregateStream=17907232;RepartitionExec[Merge]=6690207
event	38307	refusal	RepartitionExec[1]	1	782543	5623487	695096295	359	122	6691151	5963210	RepartitionExec=670497912;OrderedPartialAggregateStream=17907232;RepartitionExec[Merge]=6691151
event	38328	refusal	RepartitionExec[4]	1	429452	5623487	695099209	359	122	8642100	5957775	RepartitionExec=668549877;OrderedPartialAggregateStream=17907232;RepartitionExec[Merge]=8642100
event	38356	refusal	RepartitionExec[3]	1	705836	5739441	695009080	359	122	10577507	5952384	RepartitionExec=666524341;OrderedPartialAggregateStream=17907232;RepartitionExec[Merge]=10577507
event	38383	refusal	RepartitionExec[3]	1	1036178	5739441	695550684	359	122	11778945	5949038	RepartitionExec=665864507;OrderedPartialAggregateStream=17907232;RepartitionExec[Merge]=11778945
event	38385	release_after_refusal	RepartitionExec[1]	1	619772	5003715	694930912	359	122	11778945		RepartitionExec=665244735;OrderedPartialAggregateStream=17907232;RepartitionExec[Merge]=11778945
event	38451	release_after_refusal	RepartitionExec[2]	1	619772	5003715	692279583	359	122	17407904		RepartitionExec=659621248;RepartitionExec[Merge]=17407904;OrderedPartialAggregateStream=15250431
event	38506	release_after_refusal	RepartitionExec[3]	1	619772	5119669	692285091	359	122	23036899		RepartitionExec=653997761;RepartitionExec[Merge]=23036899;OrderedPartialAggregateStream=15250431
event	38543	refusal	RepartitionExec[4]	1	577943	5623487	694759394	359	122	26503183	5908023	RepartitionExec=653005780;RepartitionExec[Merge]=26503183;OrderedPartialAggregateStream=15250431
event	38568	release_after_refusal	RepartitionExec[4]	1	619772	5003715	694600979	359	122	29242445		RepartitionExec=650108103;RepartitionExec[Merge]=29242445;OrderedPartialAggregateStream=15250431
event	38615	release_after_refusal	RepartitionExec[5]	1	619772	5003715	694604795	359	122	34869748		RepartitionExec=644484616;RepartitionExec[Merge]=34869748;OrderedPartialAggregateStream=15250431
event	38660	release_after_refusal	RepartitionExec[6]	1	619772	5003715	694608359	359	122	40496799		RepartitionExec=638861129;RepartitionExec[Merge]=40496799;OrderedPartialAggregateStream=15250431
event	38700	release_after_refusal	RepartitionExec[7]	1	619772	5003715	694612823	359	122	46124750		RepartitionExec=633237642;RepartitionExec[Merge]=46124750;OrderedPartialAggregateStream=15250431
event	38978	refusal	RepartitionExec[14]	1	780700	5623487	700261020	359	122	82906289	5750911	RepartitionExec=607583056;RepartitionExec[Merge]=82906289;OrderedPartialAggregateStream=9771675
event	38996	release_after_refusal	RepartitionExec[14]	1	619772	5003715	700092595	359	122	85517887		RepartitionExec=604803033;RepartitionExec[Merge]=85517887;OrderedPartialAggregateStream=9771675
event	39065	refusal	RepartitionExec[16]	1	564422	5623487	712652935	359	122	94161715	5719559	RepartitionExec=605366834;RepartitionExec[Merge]=94161715;OrderedPartialAggregateStream=13124386
event	39086	release_after_refusal	RepartitionExec[16]	1	619772	5003715	712484926	359	122	97338151		RepartitionExec=602022389;RepartitionExec[Merge]=97338151;OrderedPartialAggregateStream=13124386
event	39843	refusal	RepartitionExec[35]	1	605492	5623487	731660606	359	122	204265980	5412862	RepartitionExec=516988128;RepartitionExec[Merge]=204265980;OrderedPartialAggregateStream=10406498
event	43059	refusal	RepartitionExec[35]	1	750320	5623487	758574965	359	122	204265980	5412862	RepartitionExec=543249328;RepartitionExec[Merge]=204265980;OrderedPartialAggregateStream=11059657
event	46367	refusal	RepartitionExec[35]	1	1036178	5623487	793285870	359	122	204265980	5412862	RepartitionExec=577960233;RepartitionExec[Merge]=204265980;OrderedPartialAggregateStream=11059657
event	46396	refusal	RepartitionExec[35]	1	517031	5623487	816673974	359	122	204265980	5412862	RepartitionExec=601348337;RepartitionExec[Merge]=204265980;OrderedPartialAggregateStream=11059657
event	46419	refusal	RepartitionExec[35]	1	904118	5623487	832948098	359	122	204265980	5412862	RepartitionExec=617622461;RepartitionExec[Merge]=204265980;OrderedPartialAggregateStream=11059657
event	46439	refusal	RepartitionExec[8]	1	525119	5158261	836098812	359	122	204265980	5412862	RepartitionExec=620773175;RepartitionExec[Merge]=204265980;OrderedPartialAggregateStream=11059657
event	46481	refusal	RepartitionExec[3]	1	1036178	4378185	836098812	359	122	204265980	5412862	RepartitionExec=620773175;RepartitionExec[Merge]=204265980;OrderedPartialAggregateStream=11059657
event	46494	refusal	RepartitionExec[7]	1	884276	5166349	836098812	359	122	204265980	5412862	RepartitionExec=620773175;RepartitionExec[Merge]=204265980;OrderedPartialAggregateStream=11059657
event	46502	refusal	RepartitionExec[36]	1	904118	5623487	836098812	359	122	204265980	5412862	RepartitionExec=620773175;RepartitionExec[Merge]=204265980;OrderedPartialAggregateStream=11059657
event	46526	refusal	RepartitionExec[9]	1	525119	5158261	836098812	359	122	204265980	5412862	RepartitionExec=620773175;RepartitionExec[Merge]=204265980;OrderedPartialAggregateStream=11059657
event	46563	refusal	RepartitionExec[6]	1	429452	5166349	837564442	359	122	204265980	5412862	RepartitionExec=622238805;RepartitionExec[Merge]=204265980;OrderedPartialAggregateStream=11059657
event	46571	refusal	RepartitionExec[5]	1	1036178	4691683	837564442	359	122	204265980	5412862	RepartitionExec=622238805;RepartitionExec[Merge]=204265980;OrderedPartialAggregateStream=11059657
event	46584	refusal	RepartitionExec[37]	1	904118	5623487	837564442	359	122	204265980	5412862	RepartitionExec=622238805;RepartitionExec[Merge]=204265980;OrderedPartialAggregateStream=11059657
event	46623	refusal	RepartitionExec[6]	1	577943	5166349	838142385	359	122	204265980	5412862	RepartitionExec=622816748;RepartitionExec[Merge]=204265980;OrderedPartialAggregateStream=11059657
event	46662	refusal	RepartitionExec[35]	1	780700	5623487	853756385	359	122	204265980	5412862	RepartitionExec=638430748;RepartitionExec[Merge]=204265980;OrderedPartialAggregateStream=11059657
event	46686	refusal	RepartitionExec[38]	1	904118	5739527	853756385	359	122	204265980	5412862	RepartitionExec=638430748;RepartitionExec[Merge]=204265980;OrderedPartialAggregateStream=11059657
event	46696	refusal	RepartitionExec[36]	1	605492	5623487	853756385	359	122	204265980	5412862	RepartitionExec=638430748;RepartitionExec[Merge]=204265980;OrderedPartialAggregateStream=11059657
event	46704	refusal	RepartitionExec[7]	1	577943	5166349	853756385	359	122	204265980	5412862	RepartitionExec=638430748;RepartitionExec[Merge]=204265980;OrderedPartialAggregateStream=11059657
event	46734	refusal	RepartitionExec[36]	1	1036178	5623487	853756385	359	122	204265980	5412862	RepartitionExec=638430748;RepartitionExec[Merge]=204265980;OrderedPartialAggregateStream=11059657
event	46774	refusal	RepartitionExec[36]	1	517031	5623487	853756385	359	122	204265980	5412862	RepartitionExec=638430748;RepartitionExec[Merge]=204265980;OrderedPartialAggregateStream=11059657
event	46788	refusal	RepartitionExec[2]	1	694334	4840174	853756385	359	122	204265980	5412862	RepartitionExec=638430748;RepartitionExec[Merge]=204265980;OrderedPartialAggregateStream=11059657
event	46840	refusal	RepartitionExec[2]	1	782543	4840174	853756385	359	122	204265980	5412862	RepartitionExec=638430748;RepartitionExec[Merge]=204265980;OrderedPartialAggregateStream=11059657
event	46844	refusal	RepartitionExec[4]	1	705836	5298409	853756385	359	122	204265980	5412862	RepartitionExec=638430748;RepartitionExec[Merge]=204265980;OrderedPartialAggregateStream=11059657
event	46881	refusal	RepartitionExec[37]	1	517031	5623487	853756385	359	122	204265980	5412862	RepartitionExec=638430748;RepartitionExec[Merge]=204265980;OrderedPartialAggregateStream=11059657
event	46891	refusal	RepartitionExec[4]	1	1036178	5298409	853756385	359	122	204265980	5412862	RepartitionExec=638430748;RepartitionExec[Merge]=204265980;OrderedPartialAggregateStream=11059657
event	46920	refusal	RepartitionExec[10]	1	525119	5158261	853756385	359	122	204265980	5412862	RepartitionExec=638430748;RepartitionExec[Merge]=204265980;OrderedPartialAggregateStream=11059657
event	46931	refusal	RepartitionExec[4]	1	782543	5298409	854538928	359	122	204265980	5412862	RepartitionExec=639213291;RepartitionExec[Merge]=204265980;OrderedPartialAggregateStream=11059657
event	46957	refusal	RepartitionExec[6]	1	1036178	5166349	854538928	359	122	204265980	5412862	RepartitionExec=639213291;RepartitionExec[Merge]=204265980;OrderedPartialAggregateStream=11059657
event	46994	refusal	RepartitionExec[36]	1	750320	5623487	864698524	359	122	204265980	5412862	RepartitionExec=649372887;RepartitionExec[Merge]=204265980;OrderedPartialAggregateStream=11059657
event	47000	refusal	RepartitionExec[35]	1	564422	5623487	864698524	359	122	204265980	5412862	RepartitionExec=649372887;RepartitionExec[Merge]=204265980;OrderedPartialAggregateStream=11059657
event	47031	refusal	RepartitionExec[36]	1	780700	5623487	864698524	359	122	204265980	5412862	RepartitionExec=649372887;RepartitionExec[Merge]=204265980;OrderedPartialAggregateStream=11059657
event	47075	refusal	RepartitionExec[39]	1	904118	5623487	864698524	359	122	204265980	5412862	RepartitionExec=649372887;RepartitionExec[Merge]=204265980;OrderedPartialAggregateStream=11059657
event	47082	refusal	RepartitionExec[37]	1	605492	5623487	864698524	359	122	204265980	5412862	RepartitionExec=649372887;RepartitionExec[Merge]=204265980;OrderedPartialAggregateStream=11059657
event	47109	refusal	RepartitionExec[37]	1	780700	5623487	864698524	359	122	204265980	5412862	RepartitionExec=649372887;RepartitionExec[Merge]=204265980;OrderedPartialAggregateStream=11059657
event	47120	refusal	RepartitionExec[8]	1	577943	5158261	864698524	359	122	204265980	5412862	RepartitionExec=649372887;RepartitionExec[Merge]=204265980;OrderedPartialAggregateStream=11059657
event	47161	refusal	RepartitionExec[8]	1	884276	5158261	864698524	359	122	204265980	5412862	RepartitionExec=649372887;RepartitionExec[Merge]=204265980;OrderedPartialAggregateStream=11059657
event	47168	refusal	RepartitionExec[40]	1	904118	5623487	864698524	359	122	204265980	5412862	RepartitionExec=649372887;RepartitionExec[Merge]=204265980;OrderedPartialAggregateStream=11059657
event	47191	refusal	RepartitionExec[5]	1	705836	5269626	864698524	359	122	204265980	5412862	RepartitionExec=649372887;RepartitionExec[Merge]=204265980;OrderedPartialAggregateStream=11059657
event	47220	refusal	RepartitionExec[7]	1	429452	5166349	864698524	359	122	204265980	5412862	RepartitionExec=649372887;RepartitionExec[Merge]=204265980;OrderedPartialAggregateStream=11059657
event	47259	refusal	RepartitionExec[38]	1	517031	5739527	864698524	359	122	204265980	5412862	RepartitionExec=649372887;RepartitionExec[Merge]=204265980;OrderedPartialAggregateStream=11059657
event	47266	refusal	RepartitionExec[41]	1	904118	5623487	864698524	359	122	204265980	5412862	RepartitionExec=649372887;RepartitionExec[Merge]=204265980;OrderedPartialAggregateStream=11059657
event	47278	refusal	RepartitionExec[11]	1	525119	5158261	864698524	359	122	204265980	5412862	RepartitionExec=649372887;RepartitionExec[Merge]=204265980;OrderedPartialAggregateStream=11059657
event	47299	refusal	RepartitionExec[5]	1	782543	5269626	864698524	359	122	204265980	5412862	RepartitionExec=649372887;RepartitionExec[Merge]=204265980;OrderedPartialAggregateStream=11059657
event	47344	refusal	RepartitionExec[7]	1	1036178	5166349	864698524	359	122	204265980	5412862	RepartitionExec=649372887;RepartitionExec[Merge]=204265980;OrderedPartialAggregateStream=11059657
event	47348	refusal	RepartitionExec[42]	1	904118	5623487	864698524	359	122	204265980	5412862	RepartitionExec=649372887;RepartitionExec[Merge]=204265980;OrderedPartialAggregateStream=11059657
event	47371	refusal	RepartitionExec[36]	1	564422	5623487	864698524	359	122	204265980	5412862	RepartitionExec=649372887;RepartitionExec[Merge]=204265980;OrderedPartialAggregateStream=11059657
event	47388	refusal	RepartitionExec[37]	1	1036178	5623487	864698524	359	122	204265980	5412862	RepartitionExec=649372887;RepartitionExec[Merge]=204265980;OrderedPartialAggregateStream=11059657
event	47420	refusal	RepartitionExec[3]	1	694334	5160728	864698524	359	122	204265980	5412862	RepartitionExec=649372887;RepartitionExec[Merge]=204265980;OrderedPartialAggregateStream=11059657
event	47421	refusal	RepartitionExec[43]	1	904118	5623487	864698524	359	122	204265980	5412862	RepartitionExec=649372887;RepartitionExec[Merge]=204265980;OrderedPartialAggregateStream=11059657
event	47440	refusal	RepartitionExec[38]	1	780700	5739527	864698524	359	122	204265980	5412862	RepartitionExec=649372887;RepartitionExec[Merge]=204265980;OrderedPartialAggregateStream=11059657
event	47460	refusal	RepartitionExec[38]	1	1036178	5739527	864698524	359	122	204265980	5412862	RepartitionExec=649372887;RepartitionExec[Merge]=204265980;OrderedPartialAggregateStream=11059657
event	47491	refusal	RepartitionExec[9]	1	884276	5158261	864698524	359	122	204265980	5412862	RepartitionExec=649372887;RepartitionExec[Merge]=204265980;OrderedPartialAggregateStream=11059657
event	47522	refusal	RepartitionExec[5]	1	1036178	5269626	864698524	359	122	204265980	5412862	RepartitionExec=649372887;RepartitionExec[Merge]=204265980;OrderedPartialAggregateStream=11059657
event	56275	refusal	RepartitionExec[6]	1	705836	5166349	864698524	359	122	204265980	5412862	RepartitionExec=649372887;RepartitionExec[Merge]=204265980;OrderedPartialAggregateStream=11059657
event	56308	refusal	RepartitionExec[8]	1	429452	5158261	864698524	359	122	204265980	5412862	RepartitionExec=649372887;RepartitionExec[Merge]=204265980;OrderedPartialAggregateStream=11059657
event	56334	refusal	RepartitionExec[39]	1	517031	5623487	864698524	359	122	204265980	5412862	RepartitionExec=649372887;RepartitionExec[Merge]=204265980;OrderedPartialAggregateStream=11059657
event	56360	refusal	RepartitionExec[37]	1	750320	5623487	864698524	359	122	204265980	5412862	RepartitionExec=649372887;RepartitionExec[Merge]=204265980;OrderedPartialAggregateStream=11059657
event	56381	refusal	RepartitionExec[12]	1	525119	5158261	864698524	359	122	204265980	5412862	RepartitionExec=649372887;RepartitionExec[Merge]=204265980;OrderedPartialAggregateStream=11059657
event	56405	refusal	RepartitionExec[6]	1	782543	5166349	864698524	359	122	204265980	5412862	RepartitionExec=649372887;RepartitionExec[Merge]=204265980;OrderedPartialAggregateStream=11059657
event	56435	refusal	RepartitionExec[8]	1	1036178	5158261	864698524	359	122	204265980	5412862	RepartitionExec=649372887;RepartitionExec[Merge]=204265980;OrderedPartialAggregateStream=11059657
event	56457	refusal	RepartitionExec[38]	1	605492	5739527	864698524	359	122	204265980	5412862	RepartitionExec=649372887;RepartitionExec[Merge]=204265980;OrderedPartialAggregateStream=11059657
event	56477	refusal	RepartitionExec[37]	1	564422	5623487	864698524	359	122	204265980	5412862	RepartitionExec=649372887;RepartitionExec[Merge]=204265980;OrderedPartialAggregateStream=11059657
event	56526	refusal	RepartitionExec[9]	1	577943	5158261	864698524	359	122	204265980	5412862	RepartitionExec=649372887;RepartitionExec[Merge]=204265980;OrderedPartialAggregateStream=11059657
event	56528	refusal	RepartitionExec[4]	1	694334	5298409	864698524	359	122	204265980	5412862	RepartitionExec=649372887;RepartitionExec[Merge]=204265980;OrderedPartialAggregateStream=11059657
event	56572	refusal	RepartitionExec[44]	1	904118	5623487	864698524	359	122	204265980	5412862	RepartitionExec=649372887;RepartitionExec[Merge]=204265980;OrderedPartialAggregateStream=11059657
event	56589	refusal	RepartitionExec[39]	1	780700	5623487	864698524	359	122	204265980	5412862	RepartitionExec=649372887;RepartitionExec[Merge]=204265980;OrderedPartialAggregateStream=11059657
event	56617	refusal	RepartitionExec[39]	1	1036178	5623487	864698524	359	122	204265980	5412862	RepartitionExec=649372887;RepartitionExec[Merge]=204265980;OrderedPartialAggregateStream=11059657
event	56645	refusal	RepartitionExec[10]	1	884276	5158261	864698524	359	122	204265980	5412862	RepartitionExec=649372887;RepartitionExec[Merge]=204265980;OrderedPartialAggregateStream=11059657
event	56672	refusal	RepartitionExec[6]	1	1036178	5166349	864698524	359	122	204265980	5412862	RepartitionExec=649372887;RepartitionExec[Merge]=204265980;OrderedPartialAggregateStream=11059657
event	56675	refusal	RepartitionExec[7]	1	705836	5166349	864698524	359	122	204265980	5412862	RepartitionExec=649372887;RepartitionExec[Merge]=204265980;OrderedPartialAggregateStream=11059657
event	56717	refusal	RepartitionExec[40]	1	1036178	5623487	864698524	359	122	204265980	5412862	RepartitionExec=649372887;RepartitionExec[Merge]=204265980;OrderedPartialAggregateStream=11059657
event	56726	refusal	RepartitionExec[40]	1	517031	5623487	864698524	359	122	204265980	5412862	RepartitionExec=649372887;RepartitionExec[Merge]=204265980;OrderedPartialAggregateStream=11059657
event	56782	refusal	RepartitionExec[38]	1	750320	5739527	864698524	359	122	204265980	5412862	RepartitionExec=649372887;RepartitionExec[Merge]=204265980;OrderedPartialAggregateStream=11059657
event	56784	refusal	RepartitionExec[13]	1	525119	5158261	864698524	359	122	204265980	5412862	RepartitionExec=649372887;RepartitionExec[Merge]=204265980;OrderedPartialAggregateStream=11059657
event	56821	refusal	RepartitionExec[41]	1	1036178	5623487	864698524	359	122	204265980	5412862	RepartitionExec=649372887;RepartitionExec[Merge]=204265980;OrderedPartialAggregateStream=11059657
event	56835	refusal	RepartitionExec[9]	1	1036178	5158261	864698524	359	122	204265980	5412862	RepartitionExec=649372887;RepartitionExec[Merge]=204265980;OrderedPartialAggregateStream=11059657
event	56857	refusal	RepartitionExec[39]	1	605492	5623487	864698524	359	122	204265980	5412862	RepartitionExec=649372887;RepartitionExec[Merge]=204265980;OrderedPartialAggregateStream=11059657
event	56889	refusal	RepartitionExec[38]	1	564422	5739527	864698524	359	122	204265980	5412862	RepartitionExec=649372887;RepartitionExec[Merge]=204265980;OrderedPartialAggregateStream=11059657
event	56925	refusal	RepartitionExec[10]	1	577943	5158261	864698524	359	122	204265980	5412862	RepartitionExec=649372887;RepartitionExec[Merge]=204265980;OrderedPartialAggregateStream=11059657
event	56934	refusal	RepartitionExec[5]	1	694334	5269626	864698524	359	122	204265980	5412862	RepartitionExec=649372887;RepartitionExec[Merge]=204265980;OrderedPartialAggregateStream=11059657
event	56991	refusal	RepartitionExec[45]	1	904118	5623487	864698524	359	122	204265980	5412862	RepartitionExec=649372887;RepartitionExec[Merge]=204265980;OrderedPartialAggregateStream=11059657
event	57004	refusal	RepartitionExec[40]	1	780700	5623487	864698524	359	122	204265980	5412862	RepartitionExec=649372887;RepartitionExec[Merge]=204265980;OrderedPartialAggregateStream=11059657
event	57027	refusal	RepartitionExec[11]	1	577943	5158261	864698524	359	122	204265980	5412862	RepartitionExec=649372887;RepartitionExec[Merge]=204265980;OrderedPartialAggregateStream=11059657
event	57051	refusal	RepartitionExec[11]	1	884276	5158261	864698524	359	122	204265980	5412862	RepartitionExec=649372887;RepartitionExec[Merge]=204265980;OrderedPartialAggregateStream=11059657
event	57075	refusal	RepartitionExec[7]	1	1036178	5166349	864698524	359	122	204265980	5412862	RepartitionExec=649372887;RepartitionExec[Merge]=204265980;OrderedPartialAggregateStream=11059657
event	57091	refusal	RepartitionExec[41]	1	780700	5623487	864698524	359	122	204265980	5412862	RepartitionExec=649372887;RepartitionExec[Merge]=204265980;OrderedPartialAggregateStream=11059657
event	57108	refusal	RepartitionExec[12]	1	577943	5158261	864698524	359	122	204265980	5412862	RepartitionExec=649372887;RepartitionExec[Merge]=204265980;OrderedPartialAggregateStream=11059657
event	57152	refusal	RepartitionExec[41]	1	517031	5623487	864698524	359	122	204265980	5412862	RepartitionExec=649372887;RepartitionExec[Merge]=204265980;OrderedPartialAggregateStream=11059657
event	57160	refusal	RepartitionExec[8]	1	1036178	5158261	864698524	359	122	204265980	5412862	RepartitionExec=649372887;RepartitionExec[Merge]=204265980;OrderedPartialAggregateStream=11059657
event	57210	refusal	RepartitionExec[17]	1	525119	5158261	866273881	359	122	204265980	5412862	RepartitionExec=650948244;RepartitionExec[Merge]=204265980;OrderedPartialAggregateStream=11059657
event	57236	refusal	RepartitionExec[42]	1	1036178	5623487	866273881	359	122	204265980	5412862	RepartitionExec=650948244;RepartitionExec[Merge]=204265980;OrderedPartialAggregateStream=11059657
event	57257	refusal	RepartitionExec[9]	1	1036178	5158261	866273881	359	122	204265980	5412862	RepartitionExec=650948244;RepartitionExec[Merge]=204265980;OrderedPartialAggregateStream=11059657
event	57276	refusal	RepartitionExec[40]	1	605492	5623487	866273881	359	122	204265980	5412862	RepartitionExec=650948244;RepartitionExec[Merge]=204265980;OrderedPartialAggregateStream=11059657
event	57290	refusal	RepartitionExec[18]	1	525119	5216957	866273881	359	122	204265980	5412862	RepartitionExec=650948244;RepartitionExec[Merge]=204265980;OrderedPartialAggregateStream=11059657
event	57308	refusal	RepartitionExec[43]	1	1036178	5623487	866273881	359	122	204265980	5412862	RepartitionExec=650948244;RepartitionExec[Merge]=204265980;OrderedPartialAggregateStream=11059657
event	57330	refusal	RepartitionExec[10]	1	1036178	5158261	866273881	359	122	204265980	5412862	RepartitionExec=650948244;RepartitionExec[Merge]=204265980;OrderedPartialAggregateStream=11059657
event	57359	refusal	RepartitionExec[41]	1	605492	5623487	866273881	359	122	204265980	5412862	RepartitionExec=650948244;RepartitionExec[Merge]=204265980;OrderedPartialAggregateStream=11059657
event	57390	refusal	RepartitionExec[8]	1	705836	5158261	866273881	359	122	204265980	5412862	RepartitionExec=650948244;RepartitionExec[Merge]=204265980;OrderedPartialAggregateStream=11059657
event	57397	refusal	RepartitionExec[7]	1	782543	5166349	866273881	359	122	204265980	5412862	RepartitionExec=650948244;RepartitionExec[Merge]=204265980;OrderedPartialAggregateStream=11059657
event	57437	refusal	RepartitionExec[12]	1	884276	5158261	866273881	359	122	204265980	5412862	RepartitionExec=650948244;RepartitionExec[Merge]=204265980;OrderedPartialAggregateStream=11059657
event	57449	refusal	RepartitionExec[39]	1	750320	5623487	866273881	359	122	204265980	5412862	RepartitionExec=650948244;RepartitionExec[Merge]=204265980;OrderedPartialAggregateStream=11059657
event	57467	refusal	RepartitionExec[42]	1	780700	5623487	866273881	359	122	204265980	5412862	RepartitionExec=650948244;RepartitionExec[Merge]=204265980;OrderedPartialAggregateStream=11059657
event	57488	refusal	RepartitionExec[13]	1	577943	5158261	866273881	359	122	204265980	5412862	RepartitionExec=650948244;RepartitionExec[Merge]=204265980;OrderedPartialAggregateStream=11059657
event	57529	refusal	RepartitionExec[13]	1	884276	5158261	866273881	359	122	204265980	5412862	RepartitionExec=650948244;RepartitionExec[Merge]=204265980;OrderedPartialAggregateStream=11059657
event	57560	refusal	RepartitionExec[10]	1	1036178	5158261	866273881	359	122	204265980	5412862	RepartitionExec=650948244;RepartitionExec[Merge]=204265980;OrderedPartialAggregateStream=11059657
event	57577	refusal	RepartitionExec[39]	1	564422	5623487	866273881	359	122	204265980	5412862	RepartitionExec=650948244;RepartitionExec[Merge]=204265980;OrderedPartialAggregateStream=11059657
event	57591	refusal	RepartitionExec[9]	1	429452	5158261	866273881	359	122	204265980	5412862	RepartitionExec=650948244;RepartitionExec[Merge]=204265980;OrderedPartialAggregateStream=11059657
event	57633	refusal	RepartitionExec[6]	1	694334	5166349	866273881	359	122	204265980	5412862	RepartitionExec=650948244;RepartitionExec[Merge]=204265980;OrderedPartialAggregateStream=11059657
event	57658	refusal	RepartitionExec[46]	1	904118	5623487	866273881	359	122	204265980	5412862	RepartitionExec=650948244;RepartitionExec[Merge]=204265980;OrderedPartialAggregateStream=11059657
event	57670	refusal	RepartitionExec[10]	1	429452	5158261	866273881	359	122	204265980	5412862	RepartitionExec=650948244;RepartitionExec[Merge]=204265980;OrderedPartialAggregateStream=11059657
event	57703	refusal	RepartitionExec[44]	1	1036178	5623487	866273881	359	122	204265980	5412862	RepartitionExec=650948244;RepartitionExec[Merge]=204265980;OrderedPartialAggregateStream=11059657
event	57726	refusal	RepartitionExec[11]	1	1036178	5158261	866273881	359	122	204265980	5412862	RepartitionExec=650948244;RepartitionExec[Merge]=204265980;OrderedPartialAggregateStream=11059657
event	57741	refusal	RepartitionExec[42]	1	605492	5623487	866273881	359	122	204265980	5412862	RepartitionExec=650948244;RepartitionExec[Merge]=204265980;OrderedPartialAggregateStream=11059657
event	57765	refusal	RepartitionExec[9]	1	705836	5158261	866273881	359	122	204265980	5412862	RepartitionExec=650948244;RepartitionExec[Merge]=204265980;OrderedPartialAggregateStream=11059657
event	57786	refusal	RepartitionExec[8]	1	782543	5158261	866273881	359	122	204265980	5412862	RepartitionExec=650948244;RepartitionExec[Merge]=204265980;OrderedPartialAggregateStream=11059657
event	57810	refusal	RepartitionExec[42]	1	517031	5623487	866273881	359	122	204265980	5412862	RepartitionExec=650948244;RepartitionExec[Merge]=204265980;OrderedPartialAggregateStream=11059657
event	57830	refusal	RepartitionExec[40]	1	750320	5623487	866273881	359	122	204265980	5412862	RepartitionExec=650948244;RepartitionExec[Merge]=204265980;OrderedPartialAggregateStream=11059657
event	57850	refusal	RepartitionExec[43]	1	780700	5623487	866273881	359	122	204265980	5412862	RepartitionExec=650948244;RepartitionExec[Merge]=204265980;OrderedPartialAggregateStream=11059657
event	57875	refusal	RepartitionExec[14]	1	577943	4902680	866273881	359	122	204265980	5412862	RepartitionExec=650948244;RepartitionExec[Merge]=204265980;OrderedPartialAggregateStream=11059657
event	57914	refusal	RepartitionExec[14]	1	884276	4902680	866273881	359	122	204265980	5412862	RepartitionExec=650948244;RepartitionExec[Merge]=204265980;OrderedPartialAggregateStream=11059657
event	57927	refusal	RepartitionExec[11]	1	1036178	5158261	866273881	359	122	204265980	5412862	RepartitionExec=650948244;RepartitionExec[Merge]=204265980;OrderedPartialAggregateStream=11059657
event	57956	refusal	RepartitionExec[40]	1	564422	5623487	866273881	359	122	204265980	5412862	RepartitionExec=650948244;RepartitionExec[Merge]=204265980;OrderedPartialAggregateStream=11059657
event	57970	refusal	RepartitionExec[19]	1	525119	5158261	866273881	359	122	204265980	5412862	RepartitionExec=650948244;RepartitionExec[Merge]=204265980;OrderedPartialAggregateStream=11059657
event	57997	refusal	RepartitionExec[7]	1	694334	5166349	866273881	359	122	204265980	5412862	RepartitionExec=650948244;RepartitionExec[Merge]=204265980;OrderedPartialAggregateStream=11059657
event	58017	refusal	RepartitionExec[47]	1	904118	5623487	866273881	359	122	204265980	5412862	RepartitionExec=650948244;RepartitionExec[Merge]=204265980;OrderedPartialAggregateStream=11059657
event	58066	refusal	RepartitionExec[11]	1	429452	5158261	866273881	359	122	204265980	5412862	RepartitionExec=650948244;RepartitionExec[Merge]=204265980;OrderedPartialAggregateStream=11059657
event	58086	refusal	RepartitionExec[45]	1	1036178	5623487	866273881	359	122	204265980	5412862	RepartitionExec=650948244;RepartitionExec[Merge]=204265980;OrderedPartialAggregateStream=11059657
event	58090	refusal	RepartitionExec[48]	1	904118	5623487	866273881	359	122	204265980	5412862	RepartitionExec=650948244;RepartitionExec[Merge]=204265980;OrderedPartialAggregateStream=11059657
event	58108	refusal	RepartitionExec[43]	1	605492	5623487	866273881	359	122	204265980	5412862	RepartitionExec=650948244;RepartitionExec[Merge]=204265980;OrderedPartialAggregateStream=11059657
event	58134	refusal	RepartitionExec[10]	1	705836	5158261	866273881	359	122	204265980	5412862	RepartitionExec=650948244;RepartitionExec[Merge]=204265980;OrderedPartialAggregateStream=11059657
event	58154	refusal	RepartitionExec[9]	1	782543	5158261	866273881	359	122	204265980	5412862	RepartitionExec=650948244;RepartitionExec[Merge]=204265980;OrderedPartialAggregateStream=11059657
event	58179	refusal	RepartitionExec[43]	1	517031	5623487	866273881	359	122	204265980	5412862	RepartitionExec=650948244;RepartitionExec[Merge]=204265980;OrderedPartialAggregateStream=11059657
event	58200	refusal	RepartitionExec[41]	1	750320	5623487	866273881	359	122	204265980	5412862	RepartitionExec=650948244;RepartitionExec[Merge]=204265980;OrderedPartialAggregateStream=11059657
event	58229	refusal	RepartitionExec[44]	1	780700	5623487	866273881	359	122	204265980	5412862	RepartitionExec=650948244;RepartitionExec[Merge]=204265980;OrderedPartialAggregateStream=11059657
event	58271	refusal	RepartitionExec[15]	1	577943	5118958	866273881	359	122	204265980	5412862	RepartitionExec=650948244;RepartitionExec[Merge]=204265980;OrderedPartialAggregateStream=11059657
event	58283	refusal	RepartitionExec[42]	1	750320	5623487	866273881	359	122	204265980	5412862	RepartitionExec=650948244;RepartitionExec[Merge]=204265980;OrderedPartialAggregateStream=11059657
event	58308	refusal	RepartitionExec[12]	1	1036178	5158261	866273881	359	122	204265980	5412862	RepartitionExec=650948244;RepartitionExec[Merge]=204265980;OrderedPartialAggregateStream=11059657
event	58333	refusal	RepartitionExec[41]	1	564422	5623487	866273881	359	122	204265980	5412862	RepartitionExec=650948244;RepartitionExec[Merge]=204265980;OrderedPartialAggregateStream=11059657
event	58357	refusal	RepartitionExec[20]	1	525119	5158261	866273881	359	122	204265980	5412862	RepartitionExec=650948244;RepartitionExec[Merge]=204265980;OrderedPartialAggregateStream=11059657
event	58387	refusal	RepartitionExec[8]	1	694334	5158261	866273881	359	122	204265980	5412862	RepartitionExec=650948244;RepartitionExec[Merge]=204265980;OrderedPartialAggregateStream=11059657
event	58411	refusal	RepartitionExec[42]	1	564422	5623487	866273881	359	122	204265980	5412862	RepartitionExec=650948244;RepartitionExec[Merge]=204265980;OrderedPartialAggregateStream=11059657
event	58456	refusal	RepartitionExec[12]	1	429452	5158261	866273881	359	122	204265980	5412862	RepartitionExec=650948244;RepartitionExec[Merge]=204265980;OrderedPartialAggregateStream=11059657
event	58484	refusal	RepartitionExec[46]	1	1036178	5623487	866273881	359	122	204265980	5412862	RepartitionExec=650948244;RepartitionExec[Merge]=204265980;OrderedPartialAggregateStream=11059657
event	58485	refusal	RepartitionExec[43]	1	564422	5623487	866273881	359	122	204265980	5412862	RepartitionExec=650948244;RepartitionExec[Merge]=204265980;OrderedPartialAggregateStream=11059657
event	58506	refusal	RepartitionExec[44]	1	605492	5623487	866273881	359	122	204265980	5412862	RepartitionExec=650948244;RepartitionExec[Merge]=204265980;OrderedPartialAggregateStream=11059657
event	403175	refusal	RepartitionExec[95]	1	598491	2300858	1946457291	272	122	1655239101	1809722	RepartitionExec[Merge]=1655239101;RepartitionExec=287706171;OrderedPartialAggregateStream=3512019
event	403209	refusal	RepartitionExec[115]	1	436655	1655662	1946457291	272	122	1655239101	1809722	RepartitionExec[Merge]=1655239101;RepartitionExec=287706171;OrderedPartialAggregateStream=3512019
event	403239	refusal	RepartitionExec[48]	1	503165	1856320	1946457291	272	122	1655239101	1809722	RepartitionExec[Merge]=1655239101;RepartitionExec=287706171;OrderedPartialAggregateStream=3512019
event	403300	refusal	RepartitionExec[75]	1	467429	1865476	1946474879	272	122	1655256689	1809657	RepartitionExec[Merge]=1655256689;RepartitionExec=287706171;OrderedPartialAggregateStream=3512019
event	403340	refusal	RepartitionExec[88]	1	981017	1976815	1946532639	272	122	1655314449	1809445	RepartitionExec[Merge]=1655314449;RepartitionExec=287706171;OrderedPartialAggregateStream=3512019
event	403341	refusal	RepartitionExec[49]	1	503165	1643710	1946532639	272	122	1655314449	1809445	RepartitionExec[Merge]=1655314449;RepartitionExec=287706171;OrderedPartialAggregateStream=3512019
event	403366	refusal	RepartitionExec[30]	1	469678	2298524	1946553723	272	122	1655335533	1809368	RepartitionExec[Merge]=1655335533;RepartitionExec=287706171;OrderedPartialAggregateStream=3512019
event	403407	release_after_refusal	RepartitionExec[1]	1	446261	2398270	1946138742	272	122	1655366813		RepartitionExec[Merge]=1655366813;RepartitionExec=287259910;OrderedPartialAggregateStream=3512019
event	403417	refusal	RepartitionExec[11]	1	450463	2046240	1946591119	272	122	1655819190	1807589	RepartitionExec[Merge]=1655819190;RepartitionExec=287259910;OrderedPartialAggregateStream=3512019
event	403446	refusal	RepartitionExec[89]	1	981017	1850610	1946599019	272	122	1656294960	1805840	RepartitionExec[Merge]=1656294960;RepartitionExec=286792040;OrderedPartialAggregateStream=3512019
event	403454	refusal	RepartitionExec[87]	1	625349	1867574	1946603243	272	122	1656299184	1805825	RepartitionExec[Merge]=1656299184;RepartitionExec=286792040;OrderedPartialAggregateStream=3512019
event	403504	refusal	RepartitionExec[70]	1	450809	2179592	1946612219	272	122	1656308160	1805792	RepartitionExec[Merge]=1656308160;RepartitionExec=286792040;OrderedPartialAggregateStream=3512019
event	403538	refusal	RepartitionExec[104]	1	458012	2298793	1946622295	272	122	1656767782	1804102	RepartitionExec[Merge]=1656767782;RepartitionExec=286342494;OrderedPartialAggregateStream=3512019
event	403544	refusal	RepartitionExec[77]	1	471025	2161704	1946627111	272	122	1656772598	1804084	RepartitionExec[Merge]=1656772598;RepartitionExec=286342494;OrderedPartialAggregateStream=3512019
event	403605	refusal	RepartitionExec[97]	1	642430	2367309	1946642543	272	122	1656788030	1804028	RepartitionExec[Merge]=1656788030;RepartitionExec=286342494;OrderedPartialAggregateStream=3512019
event	403611	refusal	RepartitionExec[96]	1	598491	1911519	1946642543	272	122	1656788030	1804028	RepartitionExec[Merge]=1656788030;RepartitionExec=286342494;OrderedPartialAggregateStream=3512019
event	403649	refusal	RepartitionExec[105]	1	458012	2138997	1946652339	272	122	1656797826	1803991	RepartitionExec[Merge]=1656797826;RepartitionExec=286342494;OrderedPartialAggregateStream=3512019
event	403690	refusal	RepartitionExec[80]	1	738735	1795136	1946665531	272	122	1656811018	1803943	RepartitionExec[Merge]=1656811018;RepartitionExec=286342494;OrderedPartialAggregateStream=3512019
event	403717	refusal	RepartitionExec[76]	1	467429	1981430	1946670987	272	122	1656816474	1803923	RepartitionExec[Merge]=1656816474;RepartitionExec=286342494;OrderedPartialAggregateStream=3512019
event	403729	refusal	RepartitionExec[50]	1	503165	1856320	1946670987	272	122	1656816474	1803923	RepartitionExec[Merge]=1656816474;RepartitionExec=286342494;OrderedPartialAggregateStream=3512019
event	403788	refusal	RepartitionExec[81]	1	738735	2195041	1946695655	272	122	1656832374	1803864	RepartitionExec[Merge]=1656832374;RepartitionExec=286342494;OrderedPartialAggregateStream=3512019
event	403803	refusal	RepartitionExec[108]	1	447650	1785929	1946695655	272	122	1656841142	1803832	RepartitionExec[Merge]=1656841142;RepartitionExec=286342494;OrderedPartialAggregateStream=3512019
event	403824	refusal	RepartitionExec[12]	1	450463	1682503	1946701291	272	122	1656846778	1803812	RepartitionExec[Merge]=1656846778;RepartitionExec=286342494;OrderedPartialAggregateStream=3512019
event	403861	refusal	RepartitionExec[90]	1	981017	1867574	1946716559	272	122	1656862046	1803755	RepartitionExec[Merge]=1656862046;RepartitionExec=286342494;OrderedPartialAggregateStream=3512019
event	403868	refusal	RepartitionExec[88]	1	625349	1976815	1946722343	272	122	1656867830	1803734	RepartitionExec[Merge]=1656867830;RepartitionExec=286342494;OrderedPartialAggregateStream=3512019
event	403933	refusal	RepartitionExec[119]	1	436655	2108908	1948056104	272	122	1656890358	1803651	RepartitionExec[Merge]=1656890358;RepartitionExec=287652459;OrderedPartialAggregateStream=3512019
event	403945	refusal	RepartitionExec[71]	1	450809	1865476	1948060472	272	122	1656895994	1803631	RepartitionExec[Merge]=1656895994;RepartitionExec=287652459;OrderedPartialAggregateStream=3512019
event	403949	refusal	RepartitionExec[78]	1	471025	1865476	1948065288	272	122	1656900810	1803613	RepartitionExec[Merge]=1656900810;RepartitionExec=287652459;OrderedPartialAggregateStream=3512019
event	403984	refusal	RepartitionExec[98]	1	642430	2308613	1948097940	272	122	1656933462	1803493	RepartitionExec[Merge]=1656933462;RepartitionExec=287652459;OrderedPartialAggregateStream=3512019
event	404016	refusal	RepartitionExec[97]	1	598491	2367309	1948136088	272	122	1656971610	1803353	RepartitionExec[Merge]=1656971610;RepartitionExec=287652459;OrderedPartialAggregateStream=3512019
event	404037	refusal	RepartitionExec[106]	1	458012	1789595	1948167180	272	122	1657002702	1803238	RepartitionExec[Merge]=1657002702;RepartitionExec=287652459;OrderedPartialAggregateStream=3512019
event	404065	refusal	RepartitionExec[31]	1	469678	1647602	1948198452	272	122	1657033974	1803123	RepartitionExec[Merge]=1657033974;RepartitionExec=287652459;OrderedPartialAggregateStream=3512019
event	404107	refusal	RepartitionExec[77]	1	467429	2161704	1948238288	272	122	1657073810	1802977	RepartitionExec[Merge]=1657073810;RepartitionExec=287652459;OrderedPartialAggregateStream=3512019
event	404126	refusal	RepartitionExec[51]	1	503165	1839356	1948257772	272	122	1657093294	1802905	RepartitionExec[Merge]=1657093294;RepartitionExec=287652459;OrderedPartialAggregateStream=3512019
event	404140	refusal	RepartitionExec[82]	1	738735	2253737	1948274664	272	122	1657110186	1802843	RepartitionExec[Merge]=1657110186;RepartitionExec=287652459;OrderedPartialAggregateStream=3512019
event	404203	refusal	RepartitionExec[109]	1	447650	1802893	1948337192	272	122	1657172714	1802613	RepartitionExec[Merge]=1657172714;RepartitionExec=287652459;OrderedPartialAggregateStream=3512019
event	404205	refusal	RepartitionExec[13]	1	450463	1682503	1948337192	272	122	1657172714	1802613	RepartitionExec[Merge]=1657172714;RepartitionExec=287652459;OrderedPartialAggregateStream=3512019
event	404221	refusal	RepartitionExec[83]	1	738735	1993779	1948350056	272	122	1657185578	1802566	RepartitionExec[Merge]=1657185578;RepartitionExec=287652459;OrderedPartialAggregateStream=3512019
event	404253	refusal	RepartitionExec[89]	1	625349	1850610	1948387688	272	122	1657223210	1802428	RepartitionExec[Merge]=1657223210;RepartitionExec=287652459;OrderedPartialAggregateStream=3512019
event	404298	refusal	RepartitionExec[84]	1	738735	2178077	1948425188	272	122	1657260710	1802290	RepartitionExec[Merge]=1657260710;RepartitionExec=287652459;OrderedPartialAggregateStream=3512019
event	404352	refusal	RepartitionExec[79]	1	471025	3168819	1948216489	271	122	1657328234	1808691	RepartitionExec[Merge]=1657328234;RepartitionExec=287711155;OrderedPartialAggregateStream=3177100
event	404378	refusal	RepartitionExec[99]	1	642430	2291649	1948239469	271	122	1657351214	1808606	RepartitionExec[Merge]=1657351214;RepartitionExec=287711155;OrderedPartialAggregateStream=3177100
event	404423	refusal	RepartitionExec[98]	1	598491	2308613	1948284581	271	122	1657396326	1808440	RepartitionExec[Merge]=1657396326;RepartitionExec=287711155;OrderedPartialAggregateStream=3177100
event	404435	release_after_refusal	RepartitionExec[5]	1	503165	1093688	1947787528	271	122	1657402438		RepartitionExec[Merge]=1657402438;RepartitionExec=287207990;OrderedPartialAggregateStream=3177100
event	404440	refusal	RepartitionExec[107]	1	458012	1802893	1948290705	271	122	1657905615	1806561	RepartitionExec[Merge]=1657905615;RepartitionExec=287207990;OrderedPartialAggregateStream=3177100
event	404454	release_after_refusal	RepartitionExec[4]	1	503165	1093688	1947802348	271	122	1657920423		RepartitionExec[Merge]=1657920423;RepartitionExec=286704825;OrderedPartialAggregateStream=3177100
event	404475	refusal	RepartitionExec[100]	1	642430	1895542	1948312321	271	122	1658430396	1804624	RepartitionExec[Merge]=1658430396;RepartitionExec=286704825;OrderedPartialAggregateStream=3177100
event	404492	release_after_refusal	RepartitionExec[25]	1	1036178	4238123	1947280995	271	122	1658435248		RepartitionExec[Merge]=1658435248;RepartitionExec=285668647;OrderedPartialAggregateStream=3177100
event	404498	refusal	RepartitionExec[78]	1	467429	1865476	1947287215	271	122	1658441468	1804583	RepartitionExec[Merge]=1658441468;RepartitionExec=285668647;OrderedPartialAggregateStream=3177100
event	404519	refusal	RepartitionExec[52]	1	503165	2796785	1948329941	271	122	1659484194	1800735	RepartitionExec[Merge]=1659484194;RepartitionExec=285668647;OrderedPartialAggregateStream=3177100
event	404558	refusal	RepartitionExec[91]	1	981017	1867574	1948347521	271	122	1660857586	1795668	RepartitionExec[Merge]=1660857586;RepartitionExec=284312835;OrderedPartialAggregateStream=3177100
event	404619	refusal	RepartitionExec[110]	1	447650	1802893	1948374373	271	122	1660884438	1795569	RepartitionExec[Merge]=1660884438;RepartitionExec=284312835;OrderedPartialAggregateStream=3177100
event	404637	refusal	RepartitionExec[14]	1	450463	1487521	1948384045	271	122	1660894110	1795533	RepartitionExec[Merge]=1660894110;RepartitionExec=284312835;OrderedPartialAggregateStream=3177100
event	404666	refusal	RepartitionExec[92]	1	981017	1613282	1947882134	271	122	1661813348	1792141	RepartitionExec[Merge]=1661813348;RepartitionExec=283408717;OrderedPartialAggregateStream=3177100
event	404676	refusal	RepartitionExec[90]	1	625349	1867574	1948404993	271	122	1662336207	1790211	RepartitionExec[Merge]=1662336207;RepartitionExec=282891686;OrderedPartialAggregateStream=3177100
event	404707	refusal	RepartitionExec[85]	1	738735	2184876	1948424593	271	122	1662920229	1788056	RepartitionExec[Merge]=1662920229;RepartitionExec=282327264;OrderedPartialAggregateStream=3177100
event	404752	refusal	RepartitionExec[15]	1	450463	1949990	1948444529	271	122	1662940165	1787983	RepartitionExec[Merge]=1662940165;RepartitionExec=282327264;OrderedPartialAggregateStream=3177100
event	404768	refusal	RepartitionExec[93]	1	981017	1993779	1948451281	271	122	1662946917	1787958	RepartitionExec[Merge]=1662946917;RepartitionExec=282327264;OrderedPartialAggregateStream=3177100
event	404804	refusal	RepartitionExec[99]	1	598491	2291649	1948478353	271	122	1662973989	1787858	RepartitionExec[Merge]=1662973989;RepartitionExec=282327264;OrderedPartialAggregateStream=3177100
event	404820	refusal	RepartitionExec[108]	1	458012	1785929	1948484137	271	122	1662979773	1787837	RepartitionExec[Merge]=1662979773;RepartitionExec=282327264;OrderedPartialAggregateStream=3177100
event	404855	refusal	RepartitionExec[101]	1	642430	2138997	1948507301	271	122	1663001669	1787756	RepartitionExec[Merge]=1663001669;RepartitionExec=282327264;OrderedPartialAggregateStream=3177100
event	404866	refusal	RepartitionExec[79]	1	467429	3168819	1949014834	271	122	1663007305	1787735	RepartitionExec[Merge]=1663007305;RepartitionExec=282830429;OrderedPartialAggregateStream=3177100
event	404872	refusal	RepartitionExec[54]	1	503165	1739271	1949014834	271	122	1663007305	1787735	RepartitionExec[Merge]=1663007305;RepartitionExec=282830429;OrderedPartialAggregateStream=3177100
event	404959	refusal	RepartitionExec[72]	1	450809	2179592	1949062842	271	122	1663055313	1787558	RepartitionExec[Merge]=1663055313;RepartitionExec=282830429;OrderedPartialAggregateStream=3177100
event	404979	refusal	RepartitionExec[111]	1	447650	1802893	1949065574	271	122	1663058045	1787548	RepartitionExec[Merge]=1663058045;RepartitionExec=282830429;OrderedPartialAggregateStream=3177100
event	404980	refusal	RepartitionExec[80]	1	471025	1795136	1949065574	271	122	1663058045	1787548	RepartitionExec[Merge]=1663058045;RepartitionExec=282830429;OrderedPartialAggregateStream=3177100
event	405018	refusal	RepartitionExec[35]	1	469678	2013749	1950492976	271	122	1663076413	1787480	RepartitionExec[Merge]=1663076413;RepartitionExec=284239463;OrderedPartialAggregateStream=3177100
event	405029	refusal	RepartitionExec[91]	1	625349	1867574	1950499908	271	122	1663083345	1787454	RepartitionExec[Merge]=1663083345;RepartitionExec=284239463;OrderedPartialAggregateStream=3177100
event	405054	refusal	RepartitionExec[86]	1	738735	1867574	1950512820	271	122	1663096257	1787407	RepartitionExec[Merge]=1663096257;RepartitionExec=284239463;OrderedPartialAggregateStream=3177100
event	405105	refusal	RepartitionExec[16]	1	450463	5118958	1950537808	271	122	1663121245	1787315	RepartitionExec[Merge]=1663121245;RepartitionExec=284239463;OrderedPartialAggregateStream=3177100
event	405133	refusal	RepartitionExec[94]	1	981017	1993779	1950555488	271	122	1663138925	1787249	RepartitionExec[Merge]=1663138925;RepartitionExec=284239463;OrderedPartialAggregateStream=3177100
event	405164	refusal	RepartitionExec[100]	1	598491	1895542	1950568860	271	122	1663152297	1787200	RepartitionExec[Merge]=1663152297;RepartitionExec=284239463;OrderedPartialAggregateStream=3177100
event	405184	refusal	RepartitionExec[109]	1	458012	1802893	1950577704	271	122	1663161141	1787167	RepartitionExec[Merge]=1663161141;RepartitionExec=284239463;OrderedPartialAggregateStream=3177100
event	405192	refusal	RepartitionExec[102]	1	642430	2138997	1950582372	271	122	1663165809	1787150	RepartitionExec[Merge]=1663165809;RepartitionExec=284239463;OrderedPartialAggregateStream=3177100
event	405219	refusal	RepartitionExec[95]	1	981017	2300858	1950593480	271	122	1663176917	1787109	RepartitionExec[Merge]=1663176917;RepartitionExec=284239463;OrderedPartialAggregateStream=3177100
event	405240	refusal	RepartitionExec[55]	1	503165	1756235	1950598148	271	122	1663181585	1787092	RepartitionExec[Merge]=1663181585;RepartitionExec=284239463;OrderedPartialAggregateStream=3177100
event	405301	refusal	RepartitionExec[96]	1	981017	1911519	1950630464	271	122	1663212309	1786979	RepartitionExec[Merge]=1663212309;RepartitionExec=284239463;OrderedPartialAggregateStream=3177100
event	405314	refusal	RepartitionExec[73]	1	450809	2179592	1950641736	271	122	1663225173	1786931	RepartitionExec[Merge]=1663225173;RepartitionExec=284239463;OrderedPartialAggregateStream=3177100
event	405325	refusal	RepartitionExec[81]	1	471025	2195041	1950647700	271	122	1663231137	1786909	RepartitionExec[Merge]=1663231137;RepartitionExec=284239463;OrderedPartialAggregateStream=3177100
event	405429	refusal	RepartitionExec[36]	1	469678	1938089	1950667652	271	122	1663251089	1786836	RepartitionExec[Merge]=1663251089;RepartitionExec=284239463;OrderedPartialAggregateStream=3177100
event	405651	refusal	RepartitionExec[17]	1	450463	5158261	1950672796	271	122	1663252249	1786831	RepartitionExec[Merge]=1663252249;RepartitionExec=284239463;OrderedPartialAggregateStream=3177100
event	405664	refusal	RepartitionExec[80]	1	467429	1795136	1950672796	271	122	1663252249	1786831	RepartitionExec[Merge]=1663252249;RepartitionExec=284239463;OrderedPartialAggregateStream=3177100
event	405673	refusal	RepartitionExec[110]	1	458012	1802893	1950672796	271	122	1663252249	1786831	RepartitionExec[Merge]=1663252249;RepartitionExec=284239463;OrderedPartialAggregateStream=3177100
event	405676	refusal	RepartitionExec[37]	1	469678	1863630	1950672796	271	122	1663252249	1786831	RepartitionExec[Merge]=1663252249;RepartitionExec=284239463;OrderedPartialAggregateStream=3177100
event	405682	refusal	RepartitionExec[92]	1	625349	1613282	1950672796	271	122	1663252249	1786831	RepartitionExec[Merge]=1663252249;RepartitionExec=284239463;OrderedPartialAggregateStream=3177100
event	405692	refusal	RepartitionExec[87]	1	738735	1867574	1950672796	271	122	1663256233	1786817	RepartitionExec[Merge]=1663256233;RepartitionExec=284239463;OrderedPartialAggregateStream=3177100
event	405694	refusal	RepartitionExec[103]	1	642430	2138997	1950672796	271	122	1663256233	1786817	RepartitionExec[Merge]=1663256233;RepartitionExec=284239463;OrderedPartialAggregateStream=3177100
event	405713	refusal	RepartitionExec[112]	1	447650	1802893	1950683248	271	122	1663266685	1786778	RepartitionExec[Merge]=1663266685;RepartitionExec=284239463;OrderedPartialAggregateStream=3177100
event	405746	refusal	RepartitionExec[56]	1	503165	1882440	1950701420	271	122	1663284857	1786711	RepartitionExec[Merge]=1663284857;RepartitionExec=284239463;OrderedPartialAggregateStream=3177100
event	405761	refusal	RepartitionExec[111]	1	458012	1802893	1950705580	271	122	1663289017	1786696	RepartitionExec[Merge]=1663289017;RepartitionExec=284239463;OrderedPartialAggregateStream=3177100
event	405819	refusal	RepartitionExec[82]	1	471025	2253737	1950731464	271	122	1663314901	1786600	RepartitionExec[Merge]=1663314901;RepartitionExec=284239463;OrderedPartialAggregateStream=3177100
event	405819	refusal	RepartitionExec[74]	1	450809	2179592	1950731464	271	122	1663314901	1786600	RepartitionExec[Merge]=1663314901;RepartitionExec=284239463;OrderedPartialAggregateStream=3177100
event	405839	refusal	RepartitionExec[112]	1	458012	1802893	1950741456	271	122	1663324893	1786563	RepartitionExec[Merge]=1663324893;RepartitionExec=284239463;OrderedPartialAggregateStream=3177100
event	405894	refusal	RepartitionExec[18]	1	450463	5332997	1950764492	271	122	1663347929	1786478	RepartitionExec[Merge]=1663347929;RepartitionExec=284239463;OrderedPartialAggregateStream=3177100
event	405897	refusal	RepartitionExec[83]	1	471025	1993779	1950764492	271	122	1663347929	1786478	RepartitionExec[Merge]=1663347929;RepartitionExec=284239463;OrderedPartialAggregateStream=3177100
event	405946	refusal	RepartitionExec[38]	1	469678	1863630	1950777972	271	122	1663361409	1786428	RepartitionExec[Merge]=1663361409;RepartitionExec=284239463;OrderedPartialAggregateStream=3177100
event	406000	refusal	RepartitionExec[93]	1	625349	1993779	1950790640	271	122	1663373025	1786386	RepartitionExec[Merge]=1663373025;RepartitionExec=284239463;OrderedPartialAggregateStream=3177100
event	406017	refusal	RepartitionExec[97]	1	981017	2367309	1950794256	271	122	1663377693	1786368	RepartitionExec[Merge]=1663377693;RepartitionExec=284239463;OrderedPartialAggregateStream=3177100
event	406025	refusal	RepartitionExec[88]	1	738735	1976815	1950800040	271	122	1663383477	1786347	RepartitionExec[Merge]=1663383477;RepartitionExec=284239463;OrderedPartialAggregateStream=3177100
event	406074	refusal	RepartitionExec[94]	1	625349	1993779	1950810000	271	122	1663393437	1786310	RepartitionExec[Merge]=1663393437;RepartitionExec=284239463;OrderedPartialAggregateStream=3177100
event	406093	refusal	RepartitionExec[104]	1	642430	2298793	1950815964	271	122	1663399401	1786288	RepartitionExec[Merge]=1663399401;RepartitionExec=284239463;OrderedPartialAggregateStream=3177100
event	406110	refusal	RepartitionExec[89]	1	738735	1850610	1950826432	271	122	1663409869	1786250	RepartitionExec[Merge]=1663409869;RepartitionExec=284239463;OrderedPartialAggregateStream=3177100
event	406171	refusal	RepartitionExec[101]	1	598491	2138997	1950845368	271	122	1663428805	1786180	RepartitionExec[Merge]=1663428805;RepartitionExec=284239463;OrderedPartialAggregateStream=3177100
event	406196	refusal	RepartitionExec[75]	1	450809	1865476	1950863136	271	122	1663446573	1786114	RepartitionExec[Merge]=1663446573;RepartitionExec=284239463;OrderedPartialAggregateStream=3177100
event	406241	refusal	RepartitionExec[81]	1	467429	2195041	1950863136	271	122	1663446573	1786114	RepartitionExec[Merge]=1663446573;RepartitionExec=284239463;OrderedPartialAggregateStream=3177100
event	406244	refusal	RepartitionExec[113]	1	458012	1802893	1950863136	271	122	1663446573	1786114	RepartitionExec[Merge]=1663446573;RepartitionExec=284239463;OrderedPartialAggregateStream=3177100
event	406274	refusal	RepartitionExec[19]	1	450463	5217021	1950863136	271	122	1663446573	1786114	RepartitionExec[Merge]=1663446573;RepartitionExec=284239463;OrderedPartialAggregateStream=3177100
event	406339	refusal	RepartitionExec[84]	1	471025	2178077	1950871840	271	122	1663455277	1786082	RepartitionExec[Merge]=1663455277;RepartitionExec=284239463;OrderedPartialAggregateStream=3177100
event	406342	refusal	RepartitionExec[114]	1	458012	1424934	1950871840	271	122	1663455277	1786082	RepartitionExec[Merge]=1663455277;RepartitionExec=284239463;OrderedPartialAggregateStream=3177100
event	406350	refusal	RepartitionExec[20]	1	450463	5158261	1950872928	271	122	1663456365	1786078	RepartitionExec[Merge]=1663456365;RepartitionExec=284239463;OrderedPartialAggregateStream=3177100
event	406425	refusal	RepartitionExec[98]	1	981017	2308613	1951915274	271	122	1663492381	1785945	RepartitionExec[Merge]=1663492381;RepartitionExec=285245793;OrderedPartialAggregateStream=3177100
event	406434	refusal	RepartitionExec[59]	1	503165	1885584	1951921058	271	122	1663498165	1785924	RepartitionExec[Merge]=1663498165;RepartitionExec=285245793;OrderedPartialAggregateStream=3177100
event	406451	refusal	RepartitionExec[95]	1	625349	2300858	1951928794	271	122	1663505901	1785895	RepartitionExec[Merge]=1663505901;RepartitionExec=285245793;OrderedPartialAggregateStream=3177100
event	406520	refusal	RepartitionExec[90]	1	738735	1867574	1951960014	271	122	1663535385	1785786	RepartitionExec[Merge]=1663535385;RepartitionExec=285245793;OrderedPartialAggregateStream=3177100
event	406537	refusal	RepartitionExec[105]	1	642430	2138997	1951966014	271	122	1663543121	1785758	RepartitionExec[Merge]=1663543121;RepartitionExec=285245793;OrderedPartialAggregateStream=3177100
event	406542	refusal	RepartitionExec[102]	1	598491	2138997	1951966014	271	122	1663543121	1785758	RepartitionExec[Merge]=1663543121;RepartitionExec=285245793;OrderedPartialAggregateStream=3177100
event	406596	refusal	RepartitionExec[76]	1	450809	1981430	1951966014	271	122	1663543121	1785758	RepartitionExec[Merge]=1663543121;RepartitionExec=285245793;OrderedPartialAggregateStream=3177100
event	406622	refusal	RepartitionExec[82]	1	467429	2253737	1951966014	271	122	1663543121	1785758	RepartitionExec[Merge]=1663543121;RepartitionExec=285245793;OrderedPartialAggregateStream=3177100
event	406667	refusal	RepartitionExec[106]	1	642430	1789595	1951973754	271	122	1663549233	1785735	RepartitionExec[Merge]=1663549233;RepartitionExec=285245793;OrderedPartialAggregateStream=3177100
event	406668	refusal	RepartitionExec[113]	1	447650	1802893	1951973754	271	122	1663549233	1785735	RepartitionExec[Merge]=1663549233;RepartitionExec=285245793;OrderedPartialAggregateStream=3177100
event	406678	refusal	OrderedPartialAggregateStream[47]	1	2018954	0	1951973754	271	122	1663550861	1785729	RepartitionExec[Merge]=1663550861;RepartitionExec=285245793;OrderedPartialAggregateStream=3177100
event	406680	refusal	RepartitionExec[77]	1	450809	2161704	1951979386	271	122	1663556493	1785709	RepartitionExec[Merge]=1663556493;RepartitionExec=285245793;OrderedPartialAggregateStream=3177100
event	406710	refusal	RepartitionExec[115]	1	458012	1714358	1951995022	271	122	1663572129	1785651	RepartitionExec[Merge]=1663572129;RepartitionExec=285245793;OrderedPartialAggregateStream=3177100
event	406733	refusal	RepartitionExec[21]	1	450463	5216957	1952011774	271	122	1663588881	1785589	RepartitionExec[Merge]=1663588881;RepartitionExec=285245793;OrderedPartialAggregateStream=3177100
event	406746	refusal	RepartitionExec[114]	1	447650	1424934	1952024162	271	122	1663601269	1785543	RepartitionExec[Merge]=1663601269;RepartitionExec=285245793;OrderedPartialAggregateStream=3177100
event	406833	refusal	RepartitionExec[60]	1	503165	1500294	1952062342	271	122	1663639449	1785402	RepartitionExec[Merge]=1663639449;RepartitionExec=285245793;OrderedPartialAggregateStream=3177100
event	406835	refusal	RepartitionExec[96]	1	625349	1911519	1952062342	271	122	1663639449	1785402	RepartitionExec[Merge]=1663639449;RepartitionExec=285245793;OrderedPartialAggregateStream=3177100
event	406855	refusal	RepartitionExec[115]	1	447650	1714358	1952071046	271	122	1663648153	1785370	RepartitionExec[Merge]=1663648153;RepartitionExec=285245793;OrderedPartialAggregateStream=3177100
event	406882	refusal	RepartitionExec[39]	1	469678	1778522	1952088634	271	122	1663665741	1785305	RepartitionExec[Merge]=1663665741;RepartitionExec=285245793;OrderedPartialAggregateStream=3177100
event	406941	refusal	RepartitionExec[103]	1	598491	2138997	1952116634	271	122	1663692689	1785206	RepartitionExec[Merge]=1663692689;RepartitionExec=285245793;OrderedPartialAggregateStream=3177100
event	406947	refusal	RepartitionExec[97]	1	625349	2367309	1952120250	271	122	1663697357	1785189	RepartitionExec[Merge]=1663697357;RepartitionExec=285245793;OrderedPartialAggregateStream=3177100
event	406975	refusal	RepartitionExec[83]	1	467429	1993779	1952128166	271	122	1663705273	1785160	RepartitionExec[Merge]=1663705273;RepartitionExec=285245793;OrderedPartialAggregateStream=3177100
event	406987	release_after_refusal	RepartitionExec[111]	1	436655	1366238	1951698443	271	122	1663712205		RepartitionExec[Merge]=1663712205;RepartitionExec=284809138;OrderedPartialAggregateStream=3177100
event	407016	refusal	RepartitionExec[107]	1	642430	1802893	1952135146	271	122	1664148908	1783523	RepartitionExec[Merge]=1664148908;RepartitionExec=284809138;OrderedPartialAggregateStream=3177100
event	407035	refusal	RepartitionExec[99]	1	981017	2291649	1952135146	271	122	1664148908	1783523	RepartitionExec[Merge]=1664148908;RepartitionExec=284809138;OrderedPartialAggregateStream=3177100
event	407055	refusal	RepartitionExec[78]	1	450809	1865476	1952135146	271	122	1664148908	1783523	RepartitionExec[Merge]=1664148908;RepartitionExec=284809138;OrderedPartialAggregateStream=3177100
event	407098	refusal	RepartitionExec[116]	1	458012	1802893	1952135146	271	122	1664148908	1783523	RepartitionExec[Merge]=1664148908;RepartitionExec=284809138;OrderedPartialAggregateStream=3177100
event	407103	refusal	RepartitionExec[22]	1	450463	5158261	1952135146	271	122	1664148908	1783523	RepartitionExec[Merge]=1664148908;RepartitionExec=284809138;OrderedPartialAggregateStream=3177100
event	407121	release_after_refusal	RepartitionExec[107]	1	436655	1366238	1951698491	271	122	1664148908		RepartitionExec[Merge]=1664148908;RepartitionExec=284372483;OrderedPartialAggregateStream=3177100
event	407152	release_after_refusal	RepartitionExec[108]	1	436655	1349274	1951698539	271	122	1664585611		RepartitionExec[Merge]=1664585611;RepartitionExec=283935828;OrderedPartialAggregateStream=3177100
event	407300	refusal	RepartitionExec[91]	1	738735	1867574	1951698875	271	122	1665022602	1780299	RepartitionExec[Merge]=1665022602;RepartitionExec=283935828;OrderedPartialAggregateStream=3177100
event	407311	refusal	RepartitionExec[61]	1	503165	1739271	1951698875	271	122	1665022602	1780299	RepartitionExec[Merge]=1665022602;RepartitionExec=283935828;OrderedPartialAggregateStream=3177100
event	407320	refusal	RepartitionExec[23]	1	450463	5158261	1951698875	271	122	1665022602	1780299	RepartitionExec[Merge]=1665022602;RepartitionExec=283935828;OrderedPartialAggregateStream=3177100
event	407332	refusal	RepartitionExec[116]	1	447650	1802893	1951698875	271	122	1665022602	1780299	RepartitionExec[Merge]=1665022602;RepartitionExec=283935828;OrderedPartialAggregateStream=3177100
event	407337	release_after_refusal	RepartitionExec[109]	1	436655	1366238	1951698875	271	122	1665022602		RepartitionExec[Merge]=1665022602;RepartitionExec=283499173;OrderedPartialAggregateStream=3177100
event	407345	refusal	RepartitionExec[98]	1	625349	2308613	1951700359	271	122	1665022602	1780299	RepartitionExec[Merge]=1665022602;RepartitionExec=283499173;OrderedPartialAggregateStream=3177100
event	407360	refusal	RepartitionExec[104]	1	598491	2298793	1951700359	271	122	1665022602	1780299	RepartitionExec[Merge]=1665022602;RepartitionExec=283499173;OrderedPartialAggregateStream=3177100
event	407369	refusal	RepartitionExec[40]	1	469678	2001174	1952135974	271	122	1665459701	1778686	RepartitionExec[Merge]=1665459701;RepartitionExec=283499173;OrderedPartialAggregateStream=3177100
event	407375	refusal	RepartitionExec[84]	1	467429	2178077	1952135974	271	122	1665459701	1778686	RepartitionExec[Merge]=1665459701;RepartitionExec=283499173;OrderedPartialAggregateStream=3177100
event	407380	release_after_refusal	RepartitionExec[110]	1	436655	1366238	1951699319	271	122	1665459701		RepartitionExec[Merge]=1665459701;RepartitionExec=283062518;OrderedPartialAggregateStream=3177100
event	407389	refusal	RepartitionExec[108]	1	642430	1349274	1952135770	271	122	1665896152	1777075	RepartitionExec[Merge]=1665896152;RepartitionExec=283062518;OrderedPartialAggregateStream=3177100
event	407444	refusal	RepartitionExec[24]	1	450463	5158261	1952141410	271	122	1665897240	1777071	RepartitionExec[Merge]=1665897240;RepartitionExec=283062518;OrderedPartialAggregateStream=3177924
event	407455	refusal	RepartitionExec[79]	1	450809	3168819	1952141410	271	122	1665900968	1777057	RepartitionExec[Merge]=1665900968;RepartitionExec=283062518;OrderedPartialAggregateStream=3177924
event	407492	refusal	RepartitionExec[117]	1	458012	1802893	1952141410	271	122	1665900968	1777057	RepartitionExec[Merge]=1665900968;RepartitionExec=283062518;OrderedPartialAggregateStream=3177924
event	407518	refusal	RepartitionExec[85]	1	471025	2184876	1952141410	271	122	1665900968	1777057	RepartitionExec[Merge]=1665900968;RepartitionExec=283062518;OrderedPartialAggregateStream=3177924
event	407548	refusal	OrderedPartialAggregateStream[16]	1	3490384	0	1952141410	271	122	1665900968	1777057	RepartitionExec[Merge]=1665900968;RepartitionExec=283062518;OrderedPartialAggregateStream=3177924
event	407559	refusal	RepartitionExec[92]	1	738735	1613282	1952141410	271	122	1665900968	1777057	RepartitionExec[Merge]=1665900968;RepartitionExec=283062518;OrderedPartialAggregateStream=3177924
event	407580	refusal	RepartitionExec[62]	1	503165	1670438	1952141410	271	122	1665900968	1777057	RepartitionExec[Merge]=1665900968;RepartitionExec=283062518;OrderedPartialAggregateStream=3177924
event	407599	refusal	RepartitionExec[118]	1	458012	1802893	1952141410	271	122	1665900968	1777057	RepartitionExec[Merge]=1665900968;RepartitionExec=283062518;OrderedPartialAggregateStream=3177924
event	407626	refusal	RepartitionExec[86]	1	471025	1867574	1952141410	271	122	1665900968	1777057	RepartitionExec[Merge]=1665900968;RepartitionExec=283062518;OrderedPartialAggregateStream=3177924
event	407708	refusal	RepartitionExec[0]	1	456868	2167998	1952141410	271	122	1665900968	1777057	RepartitionExec[Merge]=1665900968;RepartitionExec=283062518;OrderedPartialAggregateStream=3177924
event	407718	refusal	RepartitionExec[93]	1	738735	1993779	1952141410	271	122	1665900968	1777057	RepartitionExec[Merge]=1665900968;RepartitionExec=283062518;OrderedPartialAggregateStream=3177924
event	407722	refusal	RepartitionExec[105]	1	598491	2138997	1952146866	271	122	1665906424	1777037	RepartitionExec[Merge]=1665906424;RepartitionExec=283062518;OrderedPartialAggregateStream=3177924
event	407763	refusal	RepartitionExec[41]	1	469678	1489269	1952151354	271	122	1665910912	1777021	RepartitionExec[Merge]=1665910912;RepartitionExec=283062518;OrderedPartialAggregateStream=3177924
event	407785	refusal	RepartitionExec[85]	1	467429	2184876	1952165186	271	122	1665924744	1776970	RepartitionExec[Merge]=1665924744;RepartitionExec=283062518;OrderedPartialAggregateStream=3177924
event	407809	refusal	RepartitionExec[109]	1	642430	1366238	1952180510	271	122	1665940068	1776913	RepartitionExec[Merge]=1665940068;RepartitionExec=283062518;OrderedPartialAggregateStream=3177924
event	407858	refusal	RepartitionExec[80]	1	450809	1795136	1952649813	271	122	1665958108	1776847	RepartitionExec[Merge]=1665958108;RepartitionExec=283512981;OrderedPartialAggregateStream=3177924
event	407872	refusal	RepartitionExec[26]	1	450463	5158261	1952649813	271	122	1665958108	1776847	RepartitionExec[Merge]=1665958108;RepartitionExec=283512981;OrderedPartialAggregateStream=3177924
event	407908	refusal	RepartitionExec[100]	1	981017	1895542	1952665577	271	122	1665974672	1776785	RepartitionExec[Merge]=1665974672;RepartitionExec=283512981;OrderedPartialAggregateStream=3177924
event	407936	refusal	RepartitionExec[117]	1	447650	1802893	1952672301	271	122	1665980308	1776765	RepartitionExec[Merge]=1665980308;RepartitionExec=283512981;OrderedPartialAggregateStream=3177924
event	407963	refusal	RepartitionExec[63]	1	503165	1739271	1952688941	271	122	1665998036	1776699	RepartitionExec[Merge]=1665998036;RepartitionExec=283512981;OrderedPartialAggregateStream=3177924
event	407967	refusal	RepartitionExec[119]	1	458012	2108908	1952688941	271	122	1665998036	1776699	RepartitionExec[Merge]=1665998036;RepartitionExec=283512981;OrderedPartialAggregateStream=3177924
event	408005	refusal	RepartitionExec[87]	1	471025	1867574	1952707597	271	122	1666016692	1776630	RepartitionExec[Merge]=1666016692;RepartitionExec=283512981;OrderedPartialAggregateStream=3177924
event	408018	refusal	RepartitionExec[99]	1	625349	2291649	1952714349	271	122	1666023444	1776605	RepartitionExec[Merge]=1666023444;RepartitionExec=283512981;OrderedPartialAggregateStream=3177924
event	408047	refusal	RepartitionExec[1]	1	456868	1480854	1952733177	271	122	1666042272	1776536	RepartitionExec[Merge]=1666042272;RepartitionExec=283512981;OrderedPartialAggregateStream=3177924
event	408087	refusal	RepartitionExec[94]	1	738735	1993779	1952758953	271	122	1666068048	1776441	RepartitionExec[Merge]=1666068048;RepartitionExec=283512981;OrderedPartialAggregateStream=3177924
event	408087	refusal	RepartitionExec[106]	1	598491	1789595	1952758953	271	122	1666068048	1776441	RepartitionExec[Merge]=1666068048;RepartitionExec=283512981;OrderedPartialAggregateStream=3177924
event	408136	refusal	RepartitionExec[42]	1	469678	1986027	1952786485	271	122	1666095580	1776339	RepartitionExec[Merge]=1666095580;RepartitionExec=283512981;OrderedPartialAggregateStream=3177924
event	408156	refusal	RepartitionExec[86]	1	467429	1867574	1952798429	271	122	1666107524	1776295	RepartitionExec[Merge]=1666107524;RepartitionExec=283512981;OrderedPartialAggregateStream=3177924
event	408194	refusal	RepartitionExec[95]	1	738735	2300858	1952814017	271	122	1666121880	1776242	RepartitionExec[Merge]=1666121880;RepartitionExec=283512981;OrderedPartialAggregateStream=3177924
event	408195	refusal	RepartitionExec[81]	1	450809	2195041	1952814017	271	122	1666123112	1776238	RepartitionExec[Merge]=1666123112;RepartitionExec=283512981;OrderedPartialAggregateStream=3177924
event	408239	refusal	RepartitionExec[43]	1	469678	2255395	1952843181	271	122	1666152276	1776130	RepartitionExec[Merge]=1666152276;RepartitionExec=283512981;OrderedPartialAggregateStream=3177924
event	408258	refusal	RepartitionExec[101]	1	981017	2138997	1952854289	271	122	1666163384	1776089	RepartitionExec[Merge]=1666163384;RepartitionExec=283512981;OrderedPartialAggregateStream=3177924
event	408306	refusal	RepartitionExec[118]	1	447650	1802893	1952882009	271	122	1666191104	1775987	RepartitionExec[Merge]=1666191104;RepartitionExec=283512981;OrderedPartialAggregateStream=3177924
event	408328	release_after_refusal	RepartitionExec[14]	1	469678	1017843	1952419411	271	122	1666198184		RepartitionExec[Merge]=1666198184;RepartitionExec=283043303;OrderedPartialAggregateStream=3177924
event	408336	refusal	RepartitionExec[64]	1	503165	1856663	1952889065	271	122	1666667838	1774228	RepartitionExec[Merge]=1666667838;RepartitionExec=283043303;OrderedPartialAggregateStream=3177924
event	408350	refusal	RepartitionExec[102]	1	981017	2138997	1952895357	271	122	1666674130	1774204	RepartitionExec[Merge]=1666674130;RepartitionExec=283043303;OrderedPartialAggregateStream=3177924
event	408377	refusal	RepartitionExec[88]	1	471025	1976815	1952895357	271	122	1666674130	1774204	RepartitionExec[Merge]=1666674130;RepartitionExec=283043303;OrderedPartialAggregateStream=3177924
event	408408	refusal	RepartitionExec[100]	1	625349	1895542	1952895357	271	122	1666674130	1774204	RepartitionExec[Merge]=1666674130;RepartitionExec=283043303;OrderedPartialAggregateStream=3177924
event	408440	refusal	RepartitionExec[2]	1	456868	1969180	1952895357	271	122	1666674130	1774204	RepartitionExec[Merge]=1666674130;RepartitionExec=283043303;OrderedPartialAggregateStream=3177924
event	408464	refusal	RepartitionExec[107]	1	598491	1366238	1952896181	271	122	1666674130	1774204	RepartitionExec[Merge]=1666674130;RepartitionExec=283043303;OrderedPartialAggregateStream=3178748
event	408483	refusal	RepartitionExec[101]	1	625349	2138997	1952896181	271	122	1666674130	1774204	RepartitionExec[Merge]=1666674130;RepartitionExec=283043303;OrderedPartialAggregateStream=3178748
event	408532	refusal	RepartitionExec[27]	1	450463	5274301	1952896181	271	122	1666674130	1774204	RepartitionExec[Merge]=1666674130;RepartitionExec=283043303;OrderedPartialAggregateStream=3178748
event	408587	refusal	RepartitionExec[87]	1	467429	1867574	1952896181	271	122	1666674130	1774204	RepartitionExec[Merge]=1666674130;RepartitionExec=283043303;OrderedPartialAggregateStream=3178748
event	408588	refusal	RepartitionExec[0]	1	705472	2167998	1952896181	271	122	1666674130	1774204	RepartitionExec[Merge]=1666674130;RepartitionExec=283043303;OrderedPartialAggregateStream=3178748
event	408627	refusal	RepartitionExec[96]	1	738735	1911519	1952896181	271	122	1666674130	1774204	RepartitionExec[Merge]=1666674130;RepartitionExec=283043303;OrderedPartialAggregateStream=3178748
event	408627	refusal	RepartitionExec[82]	1	450809	2253737	1952896181	271	122	1666674130	1774204	RepartitionExec[Merge]=1666674130;RepartitionExec=283043303;OrderedPartialAggregateStream=3178748
event	408663	refusal	RepartitionExec[44]	1	469678	2196699	1952896181	271	122	1666674130	1774204	RepartitionExec[Merge]=1666674130;RepartitionExec=283043303;OrderedPartialAggregateStream=3178748
event	408711	refusal	RepartitionExec[119]	1	447650	2108908	1952896181	271	122	1666674130	1774204	RepartitionExec[Merge]=1666674130;RepartitionExec=283043303;OrderedPartialAggregateStream=3178748
event	408757	refusal	RepartitionExec[119]	1	58696	2108908	1952501214	271	122	1666674130	1774204	RepartitionExec[Merge]=1666674130;RepartitionExec=283043303;OrderedPartialAggregateStream=2783781
event	408761	refusal	RepartitionExec[65]	1	503165	1739271	1952501214	271	122	1666674130	1774204	RepartitionExec[Merge]=1666674130;RepartitionExec=283043303;OrderedPartialAggregateStream=2783781
event	408781	refusal	RepartitionExec[103]	1	981017	2138997	1952501214	271	122	1666674130	1774204	RepartitionExec[Merge]=1666674130;RepartitionExec=283043303;OrderedPartialAggregateStream=2783781
event	408807	refusal	RepartitionExec[89]	1	471025	1850610	1952501214	270	122	1666674130	1780775	RepartitionExec[Merge]=1666674130;RepartitionExec=283043303;OrderedPartialAggregateStream=2783781
event	408825	refusal	RepartitionExec[110]	1	642430	1366238	1952501214	270	122	1666674130	1780775	RepartitionExec[Merge]=1666674130;RepartitionExec=283043303;OrderedPartialAggregateStream=2783781
event	408847	refusal	RepartitionExec[3]	1	456868	2065858	1952501214	270	122	1666674130	1780775	RepartitionExec[Merge]=1666674130;RepartitionExec=283043303;OrderedPartialAggregateStream=2783781
event	408885	refusal	RepartitionExec[108]	1	598491	1349274	1952501214	270	122	1666674130	1780775	RepartitionExec[Merge]=1666674130;RepartitionExec=283043303;OrderedPartialAggregateStream=2783781
event	408899	refusal	RepartitionExec[111]	1	642430	1366238	1952501214	270	122	1666674130	1780775	RepartitionExec[Merge]=1666674130;RepartitionExec=283043303;OrderedPartialAggregateStream=2783781
event	408937	refusal	RepartitionExec[6]	1	456868	3491720	1953414950	270	122	1666674130	1780775	RepartitionExec[Merge]=1666674130;RepartitionExec=283957039;OrderedPartialAggregateStream=2783781
event	408972	refusal	RepartitionExec[88]	1	467429	1976815	1953414950	270	122	1666674130	1780775	RepartitionExec[Merge]=1666674130;RepartitionExec=283957039;OrderedPartialAggregateStream=2783781
event	409006	refusal	RepartitionExec[1]	1	705472	1480854	1953414950	270	122	1666674130	1780775	RepartitionExec[Merge]=1666674130;RepartitionExec=283957039;OrderedPartialAggregateStream=2783781
event	409043	refusal	RepartitionExec[97]	1	738735	2367309	1953414950	270	122	1666674130	1780775	RepartitionExec[Merge]=1666674130;RepartitionExec=283957039;OrderedPartialAggregateStream=2783781
event	409061	refusal	RepartitionExec[89]	1	467429	1850610	1953414950	270	122	1666674130	1780775	RepartitionExec[Merge]=1666674130;RepartitionExec=283957039;OrderedPartialAggregateStream=2783781
event	409088	refusal	RepartitionExec[45]	1	469678	2213663	1953414950	270	122	1666674130	1780775	RepartitionExec[Merge]=1666674130;RepartitionExec=283957039;OrderedPartialAggregateStream=2783781
event	409157	refusal	RepartitionExec[66]	1	503165	1739271	1953414950	270	122	1666674130	1780775	RepartitionExec[Merge]=1666674130;RepartitionExec=283957039;OrderedPartialAggregateStream=2783781
event	409197	refusal	RepartitionExec[104]	1	981017	2298793	1953078639	270	122	1666674130	1780775	RepartitionExec[Merge]=1666674130;RepartitionExec=283957039;OrderedPartialAggregateStream=2447470
event	409206	refusal	RepartitionExec[90]	1	471025	1867574	1953078639	270	122	1666674130	1780775	RepartitionExec[Merge]=1666674130;RepartitionExec=283957039;OrderedPartialAggregateStream=2447470
event	409211	refusal	RepartitionExec[99]	1	58696	2291649	1953078639	270	122	1666674130	1780775	RepartitionExec[Merge]=1666674130;RepartitionExec=283957039;OrderedPartialAggregateStream=2447470
event	409221	refusal	RepartitionExec[102]	1	625349	2138997	1953078639	270	122	1666674130	1780775	RepartitionExec[Merge]=1666674130;RepartitionExec=283957039;OrderedPartialAggregateStream=2447470
event	409258	refusal	RepartitionExec[28]	1	450463	5216957	1953078639	269	122	1666674130	1787395	RepartitionExec[Merge]=1666674130;RepartitionExec=283957039;OrderedPartialAggregateStream=2447470
event	409275	release_after_refusal	RepartitionExec[52]	1	440447	2356338	1952638192	269	122	1666674130		RepartitionExec[Merge]=1666674130;RepartitionExec=283516592;OrderedPartialAggregateStream=2447470
event	409294	refusal	RepartitionExec[109]	1	598491	1366238	1953078723	269	122	1667114661	1785758	RepartitionExec[Merge]=1667114661;RepartitionExec=283516592;OrderedPartialAggregateStream=2447470
event	409354	refusal	RepartitionExec[112]	1	642430	1802893	1952579709	269	122	1667724389	1783491	RepartitionExec[Merge]=1667724389;RepartitionExec=282406834;OrderedPartialAggregateStream=2447470
event	409361	refusal	RepartitionExec[29]	1	450463	5158261	1953079143	269	122	1668224839	1781631	RepartitionExec[Merge]=1668224839;RepartitionExec=282406834;OrderedPartialAggregateStream=2447470
event	409390	refusal	RepartitionExec[83]	1	450809	1993779	1953079143	269	122	1668224839	1781631	RepartitionExec[Merge]=1668224839;RepartitionExec=282406834;OrderedPartialAggregateStream=2447470
event	409407	refusal	RepartitionExec[2]	1	705472	1969180	1953079143	269	122	1668224839	1781631	RepartitionExec[Merge]=1668224839;RepartitionExec=282406834;OrderedPartialAggregateStream=2447470
event	409442	refusal	RepartitionExec[98]	1	738735	2308613	1953079143	269	122	1668224839	1781631	RepartitionExec[Merge]=1668224839;RepartitionExec=282406834;OrderedPartialAggregateStream=2447470
event	409463	release_after_refusal	RepartitionExec[6]	1	609284	2882436	1952469859	269	122	1668224839		RepartitionExec[Merge]=1668224839;RepartitionExec=281797550;OrderedPartialAggregateStream=2447470
event	409472	refusal	RepartitionExec[90]	1	467429	1867574	1952471487	269	122	1668224839	1781631	RepartitionExec[Merge]=1668224839;RepartitionExec=281797550;OrderedPartialAggregateStream=2447470
event	409495	refusal	RepartitionExec[46]	1	469678	1588610	1953080823	269	122	1669548587	1776710	RepartitionExec[Merge]=1669548587;RepartitionExec=281084766;OrderedPartialAggregateStream=2447470
event	409520	refusal	RepartitionExec[67]	1	503165	1797967	1952580349	269	122	1669548587	1776710	RepartitionExec[Merge]=1669548587;RepartitionExec=280584292;OrderedPartialAggregateStream=2447470
event	409572	refusal	RepartitionExec[105]	1	981017	2138997	1953081351	269	122	1670490036	1773210	RepartitionExec[Merge]=1670490036;RepartitionExec=280143845;OrderedPartialAggregateStream=2447470
event	409609	refusal	RepartitionExec[91]	1	471025	1867574	1953081111	269	122	1670937827	1771545	RepartitionExec[Merge]=1670937827;RepartitionExec=279695814;OrderedPartialAggregateStream=2447470
event	409615	refusal	RepartitionExec[103]	1	625349	2138997	1953081111	269	122	1670937827	1771545	RepartitionExec[Merge]=1670937827;RepartitionExec=279695814;OrderedPartialAggregateStream=2447470
event	409657	refusal	RepartitionExec[7]	1	456868	5212471	1953081111	269	122	1670937827	1771545	RepartitionExec[Merge]=1670937827;RepartitionExec=279695814;OrderedPartialAggregateStream=2447470
event	409687	refusal	RepartitionExec[110]	1	598491	1366238	1953081111	269	122	1670937827	1771545	RepartitionExec[Merge]=1670937827;RepartitionExec=279695814;OrderedPartialAggregateStream=2447470
event	409688	refusal	RepartitionExec[113]	1	642430	1802893	1953081111	269	122	1670937827	1771545	RepartitionExec[Merge]=1670937827;RepartitionExec=279695814;OrderedPartialAggregateStream=2447470
event	409703	refusal	RepartitionExec[30]	1	450463	2298524	1953081111	269	122	1670937827	1771545	RepartitionExec[Merge]=1670937827;RepartitionExec=279695814;OrderedPartialAggregateStream=2447470
event	409753	refusal	RepartitionExec[84]	1	450809	2178077	1953081111	269	122	1670937827	1771545	RepartitionExec[Merge]=1670937827;RepartitionExec=279695814;OrderedPartialAggregateStream=2447470
event	409794	refusal	RepartitionExec[3]	1	705472	2065858	1953081111	269	122	1670937827	1771545	RepartitionExec[Merge]=1670937827;RepartitionExec=279695814;OrderedPartialAggregateStream=2447470
event	409813	refusal	RepartitionExec[99]	1	738735	2291649	1953081111	269	122	1670937827	1771545	RepartitionExec[Merge]=1670937827;RepartitionExec=279695814;OrderedPartialAggregateStream=2447470
event	409872	refusal	RepartitionExec[91]	1	467429	1867574	1953081111	269	122	1670937827	1771545	RepartitionExec[Merge]=1670937827;RepartitionExec=279695814;OrderedPartialAggregateStream=2447470
event	409877	refusal	RepartitionExec[47]	1	469678	2272359	1953081111	269	122	1670937827	1771545	RepartitionExec[Merge]=1670937827;RepartitionExec=279695814;OrderedPartialAggregateStream=2447470
event	409890	refusal	RepartitionExec[68]	1	503165	1981516	1953081111	269	122	1670937827	1771545	RepartitionExec[Merge]=1670937827;RepartitionExec=279695814;OrderedPartialAggregateStream=2447470
event	409899	release_after_refusal	RepartitionExec[40]	1	883589	1117585	1952197522	269	122	1670937827		RepartitionExec[Merge]=1670937827;RepartitionExec=278812225;OrderedPartialAggregateStream=2447470
event	409944	refusal	RepartitionExec[106]	1	981017	1789595	1953082239	269	122	1671822544	1768256	RepartitionExec[Merge]=1671822544;RepartitionExec=278812225;OrderedPartialAggregateStream=2447470
event	409951	refusal	RepartitionExec[92]	1	471025	1613282	1953082239	269	122	1671822544	1768256	RepartitionExec[Merge]=1671822544;RepartitionExec=278812225;OrderedPartialAggregateStream=2447470
event	409980	refusal	RepartitionExec[69]	1	503165	2179592	1953082239	269	122	1671822544	1768256	RepartitionExec[Merge]=1671822544;RepartitionExec=278812225;OrderedPartialAggregateStream=2447470
event	410005	refusal	RepartitionExec[8]	1	456868	5212471	1953082239	269	122	1671822544	1768256	RepartitionExec[Merge]=1671822544;RepartitionExec=278812225;OrderedPartialAggregateStream=2447470
event	410057	refusal	OrderedPartialAggregateStream[40]	1	2094901	0	1953086087	269	122	1671826392	1768242	RepartitionExec[Merge]=1671826392;RepartitionExec=278812225;OrderedPartialAggregateStream=2447470
event	410105	refusal	RepartitionExec[111]	1	598491	1366238	1953086087	269	122	1671826392	1768242	RepartitionExec[Merge]=1671826392;RepartitionExec=278812225;OrderedPartialAggregateStream=2447470
event	410115	refusal	RepartitionExec[114]	1	642430	1424934	1953086087	269	122	1671826392	1768242	RepartitionExec[Merge]=1671826392;RepartitionExec=278812225;OrderedPartialAggregateStream=2447470
event	410125	refusal	RepartitionExec[31]	1	450463	1647602	1953086087	269	122	1671826392	1768242	RepartitionExec[Merge]=1671826392;RepartitionExec=278812225;OrderedPartialAggregateStream=2447470
event	410209	refusal	RepartitionExec[85]	1	450809	2184876	1953086087	269	122	1671826392	1768242	RepartitionExec[Merge]=1671826392;RepartitionExec=278812225;OrderedPartialAggregateStream=2447470
event	410223	release_after_refusal	RepartitionExec[42]	1	446009	1540018	1952640078	269	122	1671826392		RepartitionExec[Merge]=1671826392;RepartitionExec=278366216;OrderedPartialAggregateStream=2447470
event	410255	refusal	RepartitionExec[4]	1	705472	1550556	1953086207	269	122	1672272521	1766584	RepartitionExec[Merge]=1672272521;RepartitionExec=278366216;OrderedPartialAggregateStream=2447470
event	410289	refusal	RepartitionExec[100]	1	738735	1895542	1953091203	269	122	1672277517	1766565	RepartitionExec[Merge]=1672277517;RepartitionExec=278366216;OrderedPartialAggregateStream=2447470
event	410387	refusal	RepartitionExec[92]	1	467429	1613282	1953091203	269	122	1672277517	1766565	RepartitionExec[Merge]=1672277517;RepartitionExec=278366216;OrderedPartialAggregateStream=2447470
event	410410	refusal	RepartitionExec[101]	1	738735	2138997	1953091203	269	122	1672277517	1766565	RepartitionExec[Merge]=1672277517;RepartitionExec=278366216;OrderedPartialAggregateStream=2447470
event	410467	refusal	RepartitionExec[104]	1	625349	2298793	1953091203	269	122	1672277517	1766565	RepartitionExec[Merge]=1672277517;RepartitionExec=278366216;OrderedPartialAggregateStream=2447470
event	410577	refusal	RepartitionExec[107]	1	981017	1366238	1953091203	269	122	1672277517	1766565	RepartitionExec[Merge]=1672277517;RepartitionExec=278366216;OrderedPartialAggregateStream=2447470
event	410593	refusal	RepartitionExec[93]	1	471025	1993779	1953091203	269	122	1672277517	1766565	RepartitionExec[Merge]=1672277517;RepartitionExec=278366216;OrderedPartialAggregateStream=2447470
event	410633	refusal	RepartitionExec[70]	1	503165	2179592	1953091203	269	122	1672277517	1766565	RepartitionExec[Merge]=1672277517;RepartitionExec=278366216;OrderedPartialAggregateStream=2447470
event	410653	refusal	RepartitionExec[9]	1	456868	5212471	1953091203	269	122	1672277517	1766565	RepartitionExec[Merge]=1672277517;RepartitionExec=278366216;OrderedPartialAggregateStream=2447470
event	410730	refusal	RepartitionExec[115]	1	642430	1714358	1953091203	269	122	1672277517	1766565	RepartitionExec[Merge]=1672277517;RepartitionExec=278366216;OrderedPartialAggregateStream=2447470
event	410743	refusal	RepartitionExec[108]	1	981017	1349274	1953092543	269	122	1672277517	1766565	RepartitionExec[Merge]=1672277517;RepartitionExec=278366216;OrderedPartialAggregateStream=2447470
event	410762	refusal	RepartitionExec[32]	1	450463	1563366	1953092543	269	122	1672277517	1766565	RepartitionExec[Merge]=1672277517;RepartitionExec=278366216;OrderedPartialAggregateStream=2447470
event	410790	refusal	RepartitionExec[86]	1	450809	1867574	1953102491	269	122	1672288805	1766523	RepartitionExec[Merge]=1672288805;RepartitionExec=278366216;OrderedPartialAggregateStream=2447470
event	410807	refusal	RepartitionExec[5]	1	705472	1550556	1953110719	269	122	1672297033	1766492	RepartitionExec[Merge]=1672297033;RepartitionExec=278366216;OrderedPartialAggregateStream=2447470
event	410913	refusal	RepartitionExec[102]	1	738735	2138997	1953142707	269	122	1672326821	1766382	RepartitionExec[Merge]=1672326821;RepartitionExec=278366216;OrderedPartialAggregateStream=2448294
event	410944	refusal	RepartitionExec[48]	1	469678	1856320	1953149791	269	122	1672328197	1766377	RepartitionExec[Merge]=1672328197;RepartitionExec=278366216;OrderedPartialAggregateStream=2448294
event	410950	refusal	RepartitionExec[105]	1	625349	2138997	1953157951	269	122	1672338705	1766338	RepartitionExec[Merge]=1672338705;RepartitionExec=278366216;OrderedPartialAggregateStream=2448294
event	410999	refusal	RepartitionExec[112]	1	598491	1802893	1953173087	269	122	1672353841	1766281	RepartitionExec[Merge]=1672353841;RepartitionExec=278366216;OrderedPartialAggregateStream=2448294
event	411003	refusal	RepartitionExec[94]	1	471025	1993779	1953173087	269	122	1672353841	1766281	RepartitionExec[Merge]=1672353841;RepartitionExec=278366216;OrderedPartialAggregateStream=2448294
event	411004	refusal	RepartitionExec[71]	1	503165	1865476	1953173087	269	122	1672353841	1766281	RepartitionExec[Merge]=1672353841;RepartitionExec=278366216;OrderedPartialAggregateStream=2448294
event	411013	refusal	RepartitionExec[93]	1	467429	1993779	1953173087	269	122	1672353841	1766281	RepartitionExec[Merge]=1672353841;RepartitionExec=278366216;OrderedPartialAggregateStream=2448294
event	411018	refusal	RepartitionExec[10]	1	456868	5212471	1953177903	269	122	1672363393	1766246	RepartitionExec[Merge]=1672363393;RepartitionExec=278366216;OrderedPartialAggregateStream=2448294
event	411024	refusal	RepartitionExec[0]	1	463948	2167998	1953177903	269	122	1672363393	1766246	RepartitionExec[Merge]=1672363393;RepartitionExec=278366216;OrderedPartialAggregateStream=2448294
event	411049	refusal	RepartitionExec[116]	1	642430	1802893	1953191915	269	122	1672377405	1766194	RepartitionExec[Merge]=1672377405;RepartitionExec=278366216;OrderedPartialAggregateStream=2448294
event	411105	refusal	RepartitionExec[33]	1	450463	1563366	1953235035	269	122	1672420525	1766033	RepartitionExec[Merge]=1672420525;RepartitionExec=278366216;OrderedPartialAggregateStream=2448294
event	411127	refusal	RepartitionExec[109]	1	981017	1366238	1953245355	269	122	1672430845	1765995	RepartitionExec[Merge]=1672430845;RepartitionExec=278366216;OrderedPartialAggregateStream=2448294
event	411167	refusal	RepartitionExec[87]	1	450809	1867574	1953976431	269	122	1672456449	1765900	RepartitionExec[Merge]=1672456449;RepartitionExec=279071688;OrderedPartialAggregateStream=2448294
event	411168	refusal	RepartitionExec[7]	1	705472	5212471	1953976431	269	122	1672456449	1765900	RepartitionExec[Merge]=1672456449;RepartitionExec=279071688;OrderedPartialAggregateStream=2448294
event	411194	refusal	RepartitionExec[34]	1	450463	1622062	1953988179	269	122	1672468197	1765856	RepartitionExec[Merge]=1672468197;RepartitionExec=279071688;OrderedPartialAggregateStream=2448294
event	411264	refusal	RepartitionExec[110]	1	981017	1366238	1954023455	269	122	1672503473	1765725	RepartitionExec[Merge]=1672503473;RepartitionExec=279071688;OrderedPartialAggregateStream=2448294
event	411268	refusal	RepartitionExec[106]	1	625349	1789595	1954033595	269	122	1672513613	1765687	RepartitionExec[Merge]=1672513613;RepartitionExec=279071688;OrderedPartialAggregateStream=2448294
event	411285	refusal	RepartitionExec[113]	1	598491	1802893	1954051823	269	122	1672531841	1765620	RepartitionExec[Merge]=1672531841;RepartitionExec=279071688;OrderedPartialAggregateStream=2448294
event	411332	refusal	RepartitionExec[95]	1	471025	2300858	1954093671	269	122	1672573689	1765464	RepartitionExec[Merge]=1672573689;RepartitionExec=279071688;OrderedPartialAggregateStream=2448294
event	411357	refusal	RepartitionExec[72]	1	503165	2179592	1954119595	269	122	1672599613	1765368	RepartitionExec[Merge]=1672599613;RepartitionExec=279071688;OrderedPartialAggregateStream=2448294
event	411398	refusal	RepartitionExec[94]	1	467429	1993779	1954158395	269	122	1672637253	1765228	RepartitionExec[Merge]=1672637253;RepartitionExec=279071688;OrderedPartialAggregateStream=2448294
event	411404	refusal	RepartitionExec[11]	1	456868	2046240	1954167867	269	122	1672647885	1765188	RepartitionExec[Merge]=1672647885;RepartitionExec=279071688;OrderedPartialAggregateStream=2448294
event	411450	refusal	RepartitionExec[1]	1	463948	1480854	1954228255	269	122	1672708273	1764964	RepartitionExec[Merge]=1672708273;RepartitionExec=279071688;OrderedPartialAggregateStream=2448294
event	411468	refusal	RepartitionExec[117]	1	642430	1802893	1954255507	269	122	1672735525	1764862	RepartitionExec[Merge]=1672735525;RepartitionExec=279071688;OrderedPartialAggregateStream=2448294
event	411490	refusal	RepartitionExec[103]	1	738735	2138997	1954281923	269	122	1672761941	1764764	RepartitionExec[Merge]=1672761941;RepartitionExec=279071688;OrderedPartialAggregateStream=2448294
event	411527	refusal	RepartitionExec[49]	1	469678	1643710	1954326271	269	122	1672806289	1764599	RepartitionExec[Merge]=1672806289;RepartitionExec=279071688;OrderedPartialAggregateStream=2448294
event	411590	refusal	RepartitionExec[8]	1	705472	5212471	1954384115	269	122	1672864133	1764384	RepartitionExec[Merge]=1672864133;RepartitionExec=279071688;OrderedPartialAggregateStream=2448294
event	411590	refusal	RepartitionExec[88]	1	450809	1976815	1954384115	269	122	1672864133	1764384	RepartitionExec[Merge]=1672864133;RepartitionExec=279071688;OrderedPartialAggregateStream=2448294
event	411615	refusal	RepartitionExec[35]	1	450463	2013749	1954412647	269	122	1672892665	1764278	RepartitionExec[Merge]=1672892665;RepartitionExec=279071688;OrderedPartialAggregateStream=2448294
event	411676	refusal	RepartitionExec[111]	1	981017	1366238	1954469935	269	122	1672949953	1764065	RepartitionExec[Merge]=1672949953;RepartitionExec=279071688;OrderedPartialAggregateStream=2448294
event	411691	refusal	RepartitionExec[107]	1	625349	1366238	1954490251	269	122	1672970269	1763990	RepartitionExec[Merge]=1672970269;RepartitionExec=279071688;OrderedPartialAggregateStream=2448294
event	411719	refusal	RepartitionExec[36]	1	450463	1938089	1954516663	269	122	1672996681	1763892	RepartitionExec[Merge]=1672996681;RepartitionExec=279071688;OrderedPartialAggregateStream=2448294
event	411729	refusal	RepartitionExec[96]	1	471025	1911519	1954534907	269	122	1673014925	1763824	RepartitionExec[Merge]=1673014925;RepartitionExec=279071688;OrderedPartialAggregateStream=2448294
event	411756	refusal	RepartitionExec[73]	1	503165	2179592	1954561643	269	122	1673041661	1763724	RepartitionExec[Merge]=1673041661;RepartitionExec=279071688;OrderedPartialAggregateStream=2448294
event	411788	refusal	RepartitionExec[95]	1	467429	2300858	1954600135	269	122	1673080153	1763581	RepartitionExec[Merge]=1673080153;RepartitionExec=279071688;OrderedPartialAggregateStream=2448294
event	411813	refusal	RepartitionExec[12]	1	456868	1682503	1954630743	269	122	1673110761	1763467	RepartitionExec[Merge]=1673110761;RepartitionExec=279071688;OrderedPartialAggregateStream=2448294
event	411827	refusal	RepartitionExec[74]	1	503165	2179592	1954652655	269	122	1673132673	1763386	RepartitionExec[Merge]=1673132673;RepartitionExec=279071688;OrderedPartialAggregateStream=2448294
event	411859	refusal	RepartitionExec[118]	1	642430	1802893	1954685783	269	122	1673165801	1763263	RepartitionExec[Merge]=1673165801;RepartitionExec=279071688;OrderedPartialAggregateStream=2448294
event	411890	refusal	RepartitionExec[104]	1	738735	2298793	1954723815	269	122	1673203833	1763121	RepartitionExec[Merge]=1673203833;RepartitionExec=279071688;OrderedPartialAggregateStream=2448294
event	411923	refusal	RepartitionExec[50]	1	469678	1856320	1954758591	269	122	1673238609	1762992	RepartitionExec[Merge]=1673238609;RepartitionExec=279071688;OrderedPartialAggregateStream=2448294
event	411943	refusal	RepartitionExec[9]	1	705472	5212471	1954778255	269	122	1673258273	1762919	RepartitionExec[Merge]=1673258273;RepartitionExec=279071688;OrderedPartialAggregateStream=2448294
event	412170	refusal	RepartitionExec[105]	1	738735	2138997	1954790331	269	122	1673265213	1762893	RepartitionExec[Merge]=1673265213;RepartitionExec=279071688;OrderedPartialAggregateStream=2448294
event	412186	refusal	RepartitionExec[112]	1	981017	1802893	1954790331	269	122	1673265213	1762893	RepartitionExec[Merge]=1673265213;RepartitionExec=279071688;OrderedPartialAggregateStream=2448294
event	412198	refusal	RepartitionExec[114]	1	598491	1424934	1954790331	269	122	1673265213	1762893	RepartitionExec[Merge]=1673265213;RepartitionExec=279071688;OrderedPartialAggregateStream=2448294
event	412206	refusal	RepartitionExec[37]	1	450463	1863630	1954790331	269	122	1673265213	1762893	RepartitionExec[Merge]=1673265213;RepartitionExec=279071688;OrderedPartialAggregateStream=2448294
event	412232	refusal	RepartitionExec[96]	1	467429	1911519	1954790331	269	122	1673270349	1762874	RepartitionExec[Merge]=1673270349;RepartitionExec=279071688;OrderedPartialAggregateStream=2448294
event	412242	refusal	RepartitionExec[108]	1	625349	1349274	1954790331	269	122	1673270349	1762874	RepartitionExec[Merge]=1673270349;RepartitionExec=279071688;OrderedPartialAggregateStream=2448294
event	412245	release_after_refusal	RepartitionExec[39]	1	503165	1275357	1954287166	269	122	1673270349		RepartitionExec[Merge]=1673270349;RepartitionExec=278568523;OrderedPartialAggregateStream=2448294
event	412251	refusal	RepartitionExec[2]	1	463948	1969180	1954298906	269	122	1673282089	1762831	RepartitionExec[Merge]=1673282089;RepartitionExec=278568523;OrderedPartialAggregateStream=2448294
event	412274	refusal	RepartitionExec[13]	1	456868	1682503	1954820735	269	122	1673803918	1760891	RepartitionExec[Merge]=1673803918;RepartitionExec=278568523;OrderedPartialAggregateStream=2448294
event	412315	refusal	RepartitionExec[113]	1	981017	1802893	1954849567	269	122	1673832750	1760784	RepartitionExec[Merge]=1673832750;RepartitionExec=278568523;OrderedPartialAggregateStream=2448294
event	412320	refusal	RepartitionExec[119]	1	642430	2108908	1954852927	269	122	1673836110	1760771	RepartitionExec[Merge]=1673836110;RepartitionExec=278568523;OrderedPartialAggregateStream=2448294
event	412333	refusal	RepartitionExec[3]	1	463948	2065858	1954866119	269	122	1673849302	1760722	RepartitionExec[Merge]=1673849302;RepartitionExec=278568523;OrderedPartialAggregateStream=2448294
event	412376	refusal	RepartitionExec[15]	1	456868	1949990	1955381639	269	122	1674613426	1757881	RepartitionExec[Merge]=1674613426;RepartitionExec=278319919;OrderedPartialAggregateStream=2448294
event	412396	refusal	RepartitionExec[97]	1	471025	2367309	1955405299	269	122	1674637086	1757793	RepartitionExec[Merge]=1674637086;RepartitionExec=278319919;OrderedPartialAggregateStream=2448294
event	412417	refusal	RepartitionExec[10]	1	705472	5212471	1955407547	269	122	1674637086	1757793	RepartitionExec[Merge]=1674637086;RepartitionExec=278319919;OrderedPartialAggregateStream=2448294
event	412429	refusal	RepartitionExec[106]	1	738735	1789595	1955410763	269	122	1674641246	1757778	RepartitionExec[Merge]=1674641246;RepartitionExec=278319919;OrderedPartialAggregateStream=2448294
event	412457	refusal	RepartitionExec[75]	1	503165	1865476	1955415243	269	122	1674647030	1757756	RepartitionExec[Merge]=1674647030;RepartitionExec=278319919;OrderedPartialAggregateStream=2448294
event	412473	refusal	RepartitionExec[115]	1	598491	1714358	1955422979	269	122	1674654766	1757728	RepartitionExec[Merge]=1674654766;RepartitionExec=278319919;OrderedPartialAggregateStream=2448294
event	412533	refusal	RepartitionExec[38]	1	450463	1863630	1955459027	269	122	1674690814	1757594	RepartitionExec[Merge]=1674690814;RepartitionExec=278319919;OrderedPartialAggregateStream=2448294
event	412543	refusal	RepartitionExec[97]	1	467429	2367309	1955464351	269	122	1674696138	1757574	RepartitionExec[Merge]=1674696138;RepartitionExec=278319919;OrderedPartialAggregateStream=2448294
event	412557	refusal	RepartitionExec[109]	1	625349	1366238	1955469987	269	122	1674701774	1757553	RepartitionExec[Merge]=1674701774;RepartitionExec=278319919;OrderedPartialAggregateStream=2448294
event	412584	refusal	RepartitionExec[89]	1	450809	1850610	1955491227	269	122	1674723014	1757474	RepartitionExec[Merge]=1674723014;RepartitionExec=278319919;OrderedPartialAggregateStream=2448294
event	412613	refusal	RepartitionExec[51]	1	469678	1839356	1955506823	269	122	1674738610	1757416	RepartitionExec[Merge]=1674738610;RepartitionExec=278319919;OrderedPartialAggregateStream=2448294
event	412633	refusal	RepartitionExec[110]	1	625349	1366238	1955515339	269	122	1674747126	1757384	RepartitionExec[Merge]=1674747126;RepartitionExec=278319919;OrderedPartialAggregateStream=2448294
event	412685	refusal	RepartitionExec[4]	1	463948	1550556	1955515339	269	122	1674747126	1757384	RepartitionExec[Merge]=1674747126;RepartitionExec=278319919;OrderedPartialAggregateStream=2448294
event	412713	refusal	RepartitionExec[111]	1	625349	1366238	1955514515	268	122	1674747126	1763942	RepartitionExec[Merge]=1674747126;RepartitionExec=278319919;OrderedPartialAggregateStream=2447470
event	412789	refusal	RepartitionExec[98]	1	471025	2308613	1955523539	268	122	1674756150	1763908	RepartitionExec[Merge]=1674756150;RepartitionExec=278319919;OrderedPartialAggregateStream=2447470
event	412792	refusal	RepartitionExec[11]	1	705472	2046240	1955523539	268	122	1674756150	1763908	RepartitionExec[Merge]=1674756150;RepartitionExec=278319919;OrderedPartialAggregateStream=2447470
event	412811	refusal	RepartitionExec[107]	1	738735	1366238	1955528355	268	122	1674760966	1763890	RepartitionExec[Merge]=1674760966;RepartitionExec=278319919;OrderedPartialAggregateStream=2447470
event	412841	refusal	RepartitionExec[76]	1	503165	1981430	1955528355	268	122	1674760966	1763890	RepartitionExec[Merge]=1674760966;RepartitionExec=278319919;OrderedPartialAggregateStream=2447470
event	412847	release_after_refusal	RepartitionExec[44]	1	602426	1594273	1954925929	268	122	1674760966		RepartitionExec[Merge]=1674760966;RepartitionExec=277717493;OrderedPartialAggregateStream=2447470
event	412887	refusal	RepartitionExec[116]	1	598491	1802893	1955528847	268	122	1675857536	1759798	RepartitionExec[Merge]=1675857536;RepartitionExec=277223841;OrderedPartialAggregateStream=2447470
event	412908	release_after_refusal	RepartitionExec[26]	1	1036178	4122083	1954492669	268	122	1675857536		RepartitionExec[Merge]=1675857536;RepartitionExec=276187663;OrderedPartialAggregateStream=2447470
event	412941	refusal	RepartitionExec[41]	1	450463	1489269	1956431405	268	122	1676895346	1755926	RepartitionExec[Merge]=1676895346;RepartitionExec=277088589;OrderedPartialAggregateStream=2447470
event	412953	refusal	RepartitionExec[98]	1	467429	2308613	1956431405	268	122	1676895346	1755926	RepartitionExec[Merge]=1676895346;RepartitionExec=277088589;OrderedPartialAggregateStream=2447470
event	412974	refusal	RepartitionExec[114]	1	981017	1424934	1956432317	268	122	1677646578	1753123	RepartitionExec[Merge]=1677646578;RepartitionExec=276338269;OrderedPartialAggregateStream=2447470
event	413000	refusal	RepartitionExec[90]	1	450809	1867574	1956432797	268	122	1678252550	1750862	RepartitionExec[Merge]=1678252550;RepartitionExec=275732777;OrderedPartialAggregateStream=2447470
event	413046	refusal	RepartitionExec[53]	1	469678	1404968	1956902475	268	122	1678252550	1750862	RepartitionExec[Merge]=1678252550;RepartitionExec=276202455;OrderedPartialAggregateStream=2447470
event	413062	refusal	RepartitionExec[115]	1	981017	1714358	1956902475	268	122	1678252550	1750862	RepartitionExec[Merge]=1678252550;RepartitionExec=276202455;OrderedPartialAggregateStream=2447470
event	413101	refusal	RepartitionExec[91]	1	450809	1867574	1956902475	268	122	1678252550	1750862	RepartitionExec[Merge]=1678252550;RepartitionExec=276202455;OrderedPartialAggregateStream=2447470
event	413132	refusal	RepartitionExec[112]	1	625349	1802893	1956388416	268	122	1679159640	1747477	RepartitionExec[Merge]=1679159640;RepartitionExec=274781306;OrderedPartialAggregateStream=2447470
event	413138	refusal	RepartitionExec[99]	1	471025	2291649	1956904407	268	122	1679675631	1745552	RepartitionExec[Merge]=1679675631;RepartitionExec=274781306;OrderedPartialAggregateStream=2447470
event	413174	refusal	RepartitionExec[12]	1	705472	1682503	1956904671	268	122	1680240317	1743445	RepartitionExec[Merge]=1680240317;RepartitionExec=274216884;OrderedPartialAggregateStream=2447470
event	413205	release_after_refusal	RepartitionExec[27]	1	1036178	4238123	1955868493	268	122	1680240317		RepartitionExec[Merge]=1680240317;RepartitionExec=273180706;OrderedPartialAggregateStream=2447470
event	413241	refusal	RepartitionExec[77]	1	503165	2161704	1955105123	268	122	1681277515	1739575	RepartitionExec[Merge]=1681277515;RepartitionExec=272430386;OrderedPartialAggregateStream=1397222
event	413241	refusal	RepartitionExec[108]	1	738735	1349274	1955105123	268	122	1681277515	1739575	RepartitionExec[Merge]=1681277515;RepartitionExec=272430386;OrderedPartialAggregateStream=1397222
event	413257	refusal	RepartitionExec[3]	1	230642	2065858	1955856607	268	122	1682028999	1736771	RepartitionExec[Merge]=1682028999;RepartitionExec=272430386;OrderedPartialAggregateStream=1397222
event	413280	refusal	RepartitionExec[13]	1	705472	1682503	1955857015	268	122	1682634899	1734510	RepartitionExec[Merge]=1682634899;RepartitionExec=271824894;OrderedPartialAggregateStream=1397222
event	413302	refusal	RepartitionExec[42]	1	450463	1540018	1955857015	268	122	1682634899	1734510	RepartitionExec[Merge]=1682634899;RepartitionExec=271824894;OrderedPartialAggregateStream=1397222
event	413332	refusal	RepartitionExec[99]	1	467429	2291649	1955857015	268	122	1682634899	1734510	RepartitionExec[Merge]=1682634899;RepartitionExec=271824894;OrderedPartialAggregateStream=1397222
event	413369	refusal	RepartitionExec[16]	1	456868	5118958	1955856191	267	122	1682634899	1741006	RepartitionExec[Merge]=1682634899;RepartitionExec=271824894;OrderedPartialAggregateStream=1396398
event	413383	refusal	RepartitionExec[5]	1	463948	1550556	1955856191	267	122	1682634899	1741006	RepartitionExec[Merge]=1682634899;RepartitionExec=271824894;OrderedPartialAggregateStream=1396398
event	413404	refusal	RepartitionExec[54]	1	469678	1739271	1955856191	267	122	1682634899	1741006	RepartitionExec[Merge]=1682634899;RepartitionExec=271824894;OrderedPartialAggregateStream=1396398
event	413444	refusal	RepartitionExec[116]	1	981017	1802893	1955858243	267	122	1684622522	1733562	RepartitionExec[Merge]=1684622522;RepartitionExec=269839323;OrderedPartialAggregateStream=1396398
event	413470	refusal	RepartitionExec[92]	1	450809	1613282	1955858243	267	122	1684622522	1733562	RepartitionExec[Merge]=1684622522;RepartitionExec=269839323;OrderedPartialAggregateStream=1396398
event	413486	release_after_refusal	RepartitionExec[28]	1	1036178	4180779	1954822065	267	122	1684622522		RepartitionExec[Merge]=1684622522;RepartitionExec=268803145;OrderedPartialAggregateStream=1396398
event	413491	refusal	RepartitionExec[113]	1	625349	1802893	1954822065	267	122	1684622522	1733562	RepartitionExec[Merge]=1684622522;RepartitionExec=268803145;OrderedPartialAggregateStream=1396398
event	413530	refusal	RepartitionExec[100]	1	471025	1895542	1955255043	267	122	1686411312	1726862	RepartitionExec[Merge]=1686411312;RepartitionExec=267447333;OrderedPartialAggregateStream=1396398
event	413577	refusal	RepartitionExec[117]	1	598491	1802893	1955860871	267	122	1687017140	1724593	RepartitionExec[Merge]=1687017140;RepartitionExec=267447333;OrderedPartialAggregateStream=1396398
event	413584	refusal	RepartitionExec[78]	1	503165	1865476	1955860871	267	122	1687017140	1724593	RepartitionExec[Merge]=1687017140;RepartitionExec=267447333;OrderedPartialAggregateStream=1396398
event	413623	refusal	RepartitionExec[109]	1	738735	1366238	1955860871	267	122	1687017140	1724593	RepartitionExec[Merge]=1687017140;RepartitionExec=267447333;OrderedPartialAggregateStream=1396398
event	413652	refusal	RepartitionExec[14]	1	705472	1474711	1955862143	267	122	1687922530	1721202	RepartitionExec[Merge]=1687922530;RepartitionExec=266543215;OrderedPartialAggregateStream=1396398
event	413675	refusal	RepartitionExec[118]	1	598491	1802893	1955345112	267	122	1687922530	1721202	RepartitionExec[Merge]=1687922530;RepartitionExec=266026184;OrderedPartialAggregateStream=1396398
event	413708	refusal	RepartitionExec[100]	1	467429	1895542	1955863319	267	122	1689005159	1717147	RepartitionExec[Merge]=1689005159;RepartitionExec=265461762;OrderedPartialAggregateStream=1396398
event	413734	refusal	RepartitionExec[17]	1	456868	5158261	1955863319	267	122	1689005159	1717147	RepartitionExec[Merge]=1689005159;RepartitionExec=265461762;OrderedPartialAggregateStream=1396398
event	413751	release_after_refusal	RepartitionExec[29]	1	1036178	4122083	1954827141	267	122	1689005159		RepartitionExec[Merge]=1689005159;RepartitionExec=264425584;OrderedPartialAggregateStream=1396398
event	413766	refusal	RepartitionExec[7]	1	463948	5212471	1955279136	267	122	1690043005	1713260	RepartitionExec[Merge]=1690043005;RepartitionExec=264889532;OrderedPartialAggregateStream=346599
event	413780	refusal	RepartitionExec[90]	1	230728	1867574	1955279136	267	122	1690043005	1713260	RepartitionExec[Merge]=1690043005;RepartitionExec=264889532;OrderedPartialAggregateStream=346599
event	413797	refusal	RepartitionExec[55]	1	469678	1756235	1955279916	267	122	1691399597	1708179	RepartitionExec[Merge]=1691399597;RepartitionExec=263533720;OrderedPartialAggregateStream=346599
event	413826	refusal	RepartitionExec[117]	1	981017	1802893	1955279916	267	122	1691399597	1708179	RepartitionExec[Merge]=1691399597;RepartitionExec=263533720;OrderedPartialAggregateStream=346599
event	413840	refusal	RepartitionExec[93]	1	450809	1993779	1955279916	267	122	1691399597	1708179	RepartitionExec[Merge]=1691399597;RepartitionExec=263533720;OrderedPartialAggregateStream=346599
event	413875	refusal	RepartitionExec[114]	1	625349	1424934	1955279916	267	122	1691399597	1708179	RepartitionExec[Merge]=1691399597;RepartitionExec=263533720;OrderedPartialAggregateStream=346599
event	413914	refusal	RepartitionExec[56]	1	469678	1882440	1955279916	267	122	1691399597	1708179	RepartitionExec[Merge]=1691399597;RepartitionExec=263533720;OrderedPartialAggregateStream=346599
event	413958	refusal	RepartitionExec[43]	1	450463	2255395	1955279916	267	122	1691399597	1708179	RepartitionExec[Merge]=1691399597;RepartitionExec=263533720;OrderedPartialAggregateStream=346599
event	413993	refusal	RepartitionExec[79]	1	503165	3168819	1955281380	267	122	1692822210	1702851	RepartitionExec[Merge]=1692822210;RepartitionExec=262112571;OrderedPartialAggregateStream=346599
event	414321	refusal	RepartitionExec[110]	1	738735	1366238	1955283416	267	122	1692823910	1702845	RepartitionExec[Merge]=1692823910;RepartitionExec=261548149;OrderedPartialAggregateStream=346599
event	414326	refusal	RepartitionExec[15]	1	705472	1949990	1955283416	267	122	1692823910	1702845	RepartitionExec[Merge]=1692823910;RepartitionExec=261548149;OrderedPartialAggregateStream=346599
event	414336	refusal	RepartitionExec[101]	1	467429	2138997	1955283416	267	122	1692823910	1702845	RepartitionExec[Merge]=1692823910;RepartitionExec=261548149;OrderedPartialAggregateStream=346599
event	414344	refusal	RepartitionExec[18]	1	456868	5332997	1955733879	267	122	1692823910	1702845	RepartitionExec[Merge]=1692823910;RepartitionExec=261998612;OrderedPartialAggregateStream=346599
event	414353	refusal	RepartitionExec[8]	1	463948	5212471	1955733879	267	122	1692823910	1702845	RepartitionExec[Merge]=1692823910;RepartitionExec=261998612;OrderedPartialAggregateStream=346599
event	414362	refusal	RepartitionExec[101]	1	471025	2138997	1955733879	267	122	1692823910	1702845	RepartitionExec[Merge]=1692823910;RepartitionExec=261998612;OrderedPartialAggregateStream=346599
event	414369	refusal	RepartitionExec[94]	1	450809	1993779	1955733879	267	122	1692823910	1702845	RepartitionExec[Merge]=1692823910;RepartitionExec=261998612;OrderedPartialAggregateStream=346599
event	414378	refusal	RepartitionExec[118]	1	981017	1802893	1955733879	267	122	1692823910	1702845	RepartitionExec[Merge]=1692823910;RepartitionExec=261998612;OrderedPartialAggregateStream=346599
event	414385	refusal	RepartitionExec[119]	1	598491	2108908	1955733879	267	122	1692823910	1702845	RepartitionExec[Merge]=1692823910;RepartitionExec=261998612;OrderedPartialAggregateStream=346599
event	414396	refusal	RepartitionExec[80]	1	503165	1795136	1955733879	267	122	1692823910	1702845	RepartitionExec[Merge]=1692823910;RepartitionExec=261998612;OrderedPartialAggregateStream=346599
event	414405	refusal	RepartitionExec[57]	1	469678	1531173	1955733879	267	122	1693387292	1700735	RepartitionExec[Merge]=1693387292;RepartitionExec=261998612;OrderedPartialAggregateStream=346599
event	414411	refusal	RepartitionExec[45]	1	450463	2213663	1955733879	267	122	1693387292	1700735	RepartitionExec[Merge]=1693387292;RepartitionExec=261998612;OrderedPartialAggregateStream=346599
event	414426	refusal	RepartitionExec[111]	1	738735	1366238	1955738615	267	122	1693388668	1700730	RepartitionExec[Merge]=1693388668;RepartitionExec=261998612;OrderedPartialAggregateStream=346599
event	414428	refusal	RepartitionExec[115]	1	625349	1714358	1955738615	267	122	1693388668	1700730	RepartitionExec[Merge]=1693388668;RepartitionExec=261998612;OrderedPartialAggregateStream=346599
event	414437	refusal	RepartitionExec[16]	1	705472	5118958	1955738615	267	122	1693393404	1700712	RepartitionExec[Merge]=1693393404;RepartitionExec=261998612;OrderedPartialAggregateStream=346599
event	414442	release_after_refusal	RepartitionExec[119]	1	471029	1637879	1955267586	267	122	1693393404		RepartitionExec[Merge]=1693393404;RepartitionExec=261527583;OrderedPartialAggregateStream=346599
event	414469	refusal	RepartitionExec[95]	1	450809	2300858	1955738627	267	122	1693864445	1698948	RepartitionExec[Merge]=1693864445;RepartitionExec=261527583;OrderedPartialAggregateStream=346599
event	414495	refusal	RepartitionExec[19]	1	456868	5217021	1955738627	267	122	1693864445	1698948	RepartitionExec[Merge]=1693864445;RepartitionExec=261527583;OrderedPartialAggregateStream=346599
event	414530	refusal	RepartitionExec[112]	1	738735	1802893	1955738627	267	122	1693864445	1698948	RepartitionExec[Merge]=1693864445;RepartitionExec=261527583;OrderedPartialAggregateStream=346599
event	414552	refusal	RepartitionExec[102]	1	471025	2138997	1955738627	267	122	1693864445	1698948	RepartitionExec[Merge]=1693864445;RepartitionExec=261527583;OrderedPartialAggregateStream=346599
event	414604	refusal	RepartitionExec[102]	1	467429	2138997	1955738627	267	122	1693864445	1698948	RepartitionExec[Merge]=1693864445;RepartitionExec=261527583;OrderedPartialAggregateStream=346599
event	414616	refusal	RepartitionExec[119]	1	981017	1637879	1955738627	267	122	1693864445	1698948	RepartitionExec[Merge]=1693864445;RepartitionExec=261527583;OrderedPartialAggregateStream=346599
event	414676	refusal	RepartitionExec[81]	1	503165	2195041	1955738627	267	122	1693864445	1698948	RepartitionExec[Merge]=1693864445;RepartitionExec=261527583;OrderedPartialAggregateStream=346599
event	414703	refusal	RepartitionExec[58]	1	469678	1404968	1955737803	266	122	1693864445	1705335	RepartitionExec[Merge]=1693864445;RepartitionExec=261527583;OrderedPartialAggregateStream=345775
event	414743	refusal	RepartitionExec[46]	1	450463	1588610	1955737803	266	122	1693864445	1705335	RepartitionExec[Merge]=1693864445;RepartitionExec=261527583;OrderedPartialAggregateStream=345775
event	414774	refusal	RepartitionExec[9]	1	463948	5212471	1955737803	266	122	1693864445	1705335	RepartitionExec[Merge]=1693864445;RepartitionExec=261527583;OrderedPartialAggregateStream=345775
event	414781	refusal	OrderedPartialAggregateStream[41]	1	2141710	0	1955737803	266	122	1693864445	1705335	RepartitionExec[Merge]=1693864445;RepartitionExec=261527583;OrderedPartialAggregateStream=345775
event	414825	refusal	RepartitionExec[116]	1	625349	1802893	1955737803	266	122	1693864445	1705335	RepartitionExec[Merge]=1693864445;RepartitionExec=261527583;OrderedPartialAggregateStream=345775
event	414836	refusal	RepartitionExec[17]	1	705472	5158261	1955737803	266	122	1693864445	1705335	RepartitionExec[Merge]=1693864445;RepartitionExec=261527583;OrderedPartialAggregateStream=345775
event	414919	refusal	RepartitionExec[96]	1	450809	1911519	1955737803	266	122	1693864445	1705335	RepartitionExec[Merge]=1693864445;RepartitionExec=261527583;OrderedPartialAggregateStream=345775
event	414925	refusal	RepartitionExec[20]	1	456868	5158261	1955737803	266	122	1693864445	1705335	RepartitionExec[Merge]=1693864445;RepartitionExec=261527583;OrderedPartialAggregateStream=345775
event	414979	refusal	RepartitionExec[113]	1	738735	1802893	1955737803	266	122	1693864445	1705335	RepartitionExec[Merge]=1693864445;RepartitionExec=261527583;OrderedPartialAggregateStream=345775
event	415002	refusal	RepartitionExec[103]	1	471025	2138997	1955737803	266	122	1693864445	1705335	RepartitionExec[Merge]=1693864445;RepartitionExec=261527583;OrderedPartialAggregateStream=345775
event	415083	refusal	RepartitionExec[103]	1	467429	2138997	1955737803	266	122	1693864445	1705335	RepartitionExec[Merge]=1693864445;RepartitionExec=261527583;OrderedPartialAggregateStream=345775
event	415116	refusal	RepartitionExec[82]	1	503165	2253737	1955737803	266	122	1693864445	1705335	RepartitionExec[Merge]=1693864445;RepartitionExec=261527583;OrderedPartialAggregateStream=345775
event	415147	refusal	RepartitionExec[59]	1	469678	1885584	1954886408	266	122	1693870229	1705313	RepartitionExec[Merge]=1693870229;RepartitionExec=261527583;OrderedPartialAggregateStream=345775
event	415150	release_after_refusal	RepartitionExec[119]	1	857179	780700	1954886408	266	122	1693870229		RepartitionExec[Merge]=1693870229;RepartitionExec=260670404;OrderedPartialAggregateStream=345775
event	415180	refusal	RepartitionExec[47]	1	450463	2272359	1955743423	265	122	1694728068	1708511	RepartitionExec[Merge]=1694728068;RepartitionExec=260670404;OrderedPartialAggregateStream=344951
event	415197	refusal	RepartitionExec[10]	1	463948	5212471	1955743423	265	122	1694728068	1708511	RepartitionExec[Merge]=1694728068;RepartitionExec=260670404;OrderedPartialAggregateStream=344951
event	415220	release_after_refusal	RepartitionExec[60]	1	598491	901803	1955144932	265	122	1694728068		RepartitionExec[Merge]=1694728068;RepartitionExec=260071913;OrderedPartialAggregateStream=344951
event	415241	refusal	RepartitionExec[117]	1	625349	1802893	1955743759	265	122	1695326895	1706251	RepartitionExec[Merge]=1695326895;RepartitionExec=260071913;OrderedPartialAggregateStream=344951
event	415265	release_after_refusal	RepartitionExec[30]	1	1036304	1262220	1954707455	265	122	1695326895		RepartitionExec[Merge]=1695326895;RepartitionExec=259035609;OrderedPartialAggregateStream=344951
event	415273	refusal	RepartitionExec[18]	1	705472	5332997	1954707455	265	122	1695326895	1706251	RepartitionExec[Merge]=1695326895;RepartitionExec=259035609;OrderedPartialAggregateStream=344951
event	415277	release_after_refusal	RepartitionExec[62]	1	642430	1028008	1955102997	265	122	1696364867		RepartitionExec[Merge]=1696364867;RepartitionExec=258393179;OrderedPartialAggregateStream=344951
event	415310	refusal	RepartitionExec[97]	1	450809	2367309	1955745943	265	122	1697007813	1699908	RepartitionExec[Merge]=1697007813;RepartitionExec=258393179;OrderedPartialAggregateStream=344951
event	415322	refusal	RepartitionExec[21]	1	456868	5216957	1955264423	265	122	1697007813	1699908	RepartitionExec[Merge]=1697007813;RepartitionExec=258393179;OrderedPartialAggregateStream=344951
event	415373	refusal	RepartitionExec[114]	1	738735	1424934	1955756355	265	122	1697499745	1698052	RepartitionExec[Merge]=1697499745;RepartitionExec=257911659;OrderedPartialAggregateStream=344951
event	415388	refusal	RepartitionExec[104]	1	471025	2298793	1955771531	265	122	1697514921	1697995	RepartitionExec[Merge]=1697514921;RepartitionExec=257911659;OrderedPartialAggregateStream=344951
event	415430	refusal	RepartitionExec[104]	1	467429	2298793	1955781491	265	122	1697524881	1697957	RepartitionExec[Merge]=1697524881;RepartitionExec=257911659;OrderedPartialAggregateStream=344951
event	415458	refusal	RepartitionExec[83]	1	503165	1993779	1955787931	265	122	1697531321	1697933	RepartitionExec[Merge]=1697531321;RepartitionExec=257911659;OrderedPartialAggregateStream=344951
event	415501	refusal	RepartitionExec[61]	1	469678	1739271	1956266349	265	122	1697539237	1697903	RepartitionExec[Merge]=1697539237;RepartitionExec=258381337;OrderedPartialAggregateStream=345775
event	415550	refusal	RepartitionExec[48]	1	450463	1856320	1956286801	265	122	1697559689	1697826	RepartitionExec[Merge]=1697559689;RepartitionExec=258381337;OrderedPartialAggregateStream=345775
event	415573	refusal	RepartitionExec[11]	1	463948	2046240	1956292913	265	122	1697565801	1697803	RepartitionExec[Merge]=1697565801;RepartitionExec=258381337;OrderedPartialAggregateStream=345775
event	415582	refusal	RepartitionExec[118]	1	625349	1802893	1956292913	265	122	1697565801	1697803	RepartitionExec[Merge]=1697565801;RepartitionExec=258381337;OrderedPartialAggregateStream=345775
event	415613	release_after_refusal	RepartitionExec[43]	1	602426	1652969	1955706451	265	122	1697581765		RepartitionExec[Merge]=1697581765;RepartitionExec=257778911;OrderedPartialAggregateStream=345775
event	415618	refusal	RepartitionExec[19]	1	705472	5217021	1955706451	265	122	1697581765	1697742	RepartitionExec[Merge]=1697581765;RepartitionExec=257778911;OrderedPartialAggregateStream=345775
event	415649	refusal	RepartitionExec[98]	1	450809	2308613	1956319765	265	122	1698688731	1693565	RepartitionExec[Merge]=1698688731;RepartitionExec=257285259;OrderedPartialAggregateStream=345775
event	415662	refusal	RepartitionExec[12]	1	463948	1682503	1956325729	265	122	1698694695	1693543	RepartitionExec[Merge]=1698694695;RepartitionExec=257285259;OrderedPartialAggregateStream=345775
event	415694	refusal	RepartitionExec[0]	1	481701	2167998	1956341817	265	122	1699161246	1691782	RepartitionExec[Merge]=1699161246;RepartitionExec=256834796;OrderedPartialAggregateStream=345775
event	415709	refusal	RepartitionExec[115]	1	738735	1714358	1956350193	265	122	1699169622	1691751	RepartitionExec[Merge]=1699169622;RepartitionExec=256834796;OrderedPartialAggregateStream=345775
event	415719	release_after_refusal	RepartitionExec[45]	1	602426	1611237	1955748927	265	122	1699169622		RepartitionExec[Merge]=1699169622;RepartitionExec=256232370;OrderedPartialAggregateStream=345775
event	415730	refusal	RepartitionExec[105]	1	471025	2138997	1956355313	265	122	1699777168	1689458	RepartitionExec[Merge]=1699777168;RepartitionExec=256232370;OrderedPartialAggregateStream=345775
event	415766	refusal	RepartitionExec[105]	1	467429	2138997	1956374533	265	122	1700290040	1687523	RepartitionExec[Merge]=1700290040;RepartitionExec=255738718;OrderedPartialAggregateStream=345775
event	415787	refusal	RepartitionExec[84]	1	503165	2178077	1956387125	265	122	1700302632	1687475	RepartitionExec[Merge]=1700302632;RepartitionExec=255738718;OrderedPartialAggregateStream=345775
event	415828	refusal	RepartitionExec[63]	1	469678	1739271	1956876943	265	122	1700322772	1687399	RepartitionExec[Merge]=1700322772;RepartitionExec=256208396;OrderedPartialAggregateStream=345775
event	415849	refusal	RepartitionExec[49]	1	450463	1643710	1956279333	265	122	1700327588	1687381	RepartitionExec[Merge]=1700327588;RepartitionExec=256208396;OrderedPartialAggregateStream=345775
event	415855	release_after_refusal	RepartitionExec[47]	1	602426	1669933	1956279333	265	122	1700327588		RepartitionExec[Merge]=1700327588;RepartitionExec=255605970;OrderedPartialAggregateStream=345775
event	415895	refusal	RepartitionExec[22]	1	456868	5158261	1957519196	265	122	1701435754	1683199	RepartitionExec[Merge]=1701435754;RepartitionExec=255737667;OrderedPartialAggregateStream=345775
event	415934	refusal	RepartitionExec[64]	1	469678	1856663	1957528992	265	122	1701445550	1683162	RepartitionExec[Merge]=1701445550;RepartitionExec=255737667;OrderedPartialAggregateStream=345775
event	415966	refusal	RepartitionExec[99]	1	450809	2291649	1957548020	264	122	1701465402	1689463	RepartitionExec[Merge]=1701465402;RepartitionExec=255737667;OrderedPartialAggregateStream=344951
event	415996	refusal	RepartitionExec[13]	1	463948	1682503	1957564952	264	122	1701482334	1689398	RepartitionExec[Merge]=1701482334;RepartitionExec=255737667;OrderedPartialAggregateStream=344951
event	416075	refusal	RepartitionExec[116]	1	738735	1802893	1957591056	264	122	1701508438	1689300	RepartitionExec[Merge]=1701508438;RepartitionExec=255737667;OrderedPartialAggregateStream=344951
event	416100	release_after_refusal	RepartitionExec[95]	1	620067	1680791	1956977101	264	122	1701514550		RepartitionExec[Merge]=1701514550;RepartitionExec=255117600;OrderedPartialAggregateStream=344951
event	416111	refusal	RepartitionExec[14]	1	463948	1474711	1956977101	264	122	1701514550	1689276	RepartitionExec[Merge]=1701514550;RepartitionExec=255117600;OrderedPartialAggregateStream=344951
event	416169	refusal	RepartitionExec[1]	1	481701	1480854	1957610664	264	122	1702146989	1686881	RepartitionExec[Merge]=1702146989;RepartitionExec=255117600;OrderedPartialAggregateStream=344951
event	416178	refusal	RepartitionExec[85]	1	503165	2184876	1957610664	264	122	1702146989	1686881	RepartitionExec[Merge]=1702146989;RepartitionExec=255117600;OrderedPartialAggregateStream=344951
event	416249	refusal	RepartitionExec[50]	1	450463	1856320	1957637120	264	122	1702174569	1686776	RepartitionExec[Merge]=1702174569;RepartitionExec=255117600;OrderedPartialAggregateStream=344951
event	416253	refusal	RepartitionExec[23]	1	456868	5158261	1957637120	264	122	1702174569	1686776	RepartitionExec[Merge]=1702174569;RepartitionExec=255117600;OrderedPartialAggregateStream=344951
event	416255	refusal	RepartitionExec[106]	1	467429	1789595	1957637120	264	122	1702174569	1686776	RepartitionExec[Merge]=1702174569;RepartitionExec=255117600;OrderedPartialAggregateStream=344951
event	416377	refusal	RepartitionExec[65]	1	469678	1739271	1957667876	264	122	1702205325	1686660	RepartitionExec[Merge]=1702205325;RepartitionExec=255117600;OrderedPartialAggregateStream=344951
event	416400	refusal	RepartitionExec[20]	1	705472	5158261	1957667876	264	122	1702205325	1686660	RepartitionExec[Merge]=1702205325;RepartitionExec=255117600;OrderedPartialAggregateStream=344951
event	416570	refusal	RepartitionExec[100]	1	450809	1895542	1957667876	264	122	1702205325	1686660	RepartitionExec[Merge]=1702205325;RepartitionExec=255117600;OrderedPartialAggregateStream=344951
event	416590	refusal	RepartitionExec[21]	1	705472	5216957	1957667876	264	122	1702205325	1686660	RepartitionExec[Merge]=1702205325;RepartitionExec=255117600;OrderedPartialAggregateStream=344951
event	416786	refusal	RepartitionExec[2]	1	481701	1969180	1957667876	264	122	1702205325	1686660	RepartitionExec[Merge]=1702205325;RepartitionExec=255117600;OrderedPartialAggregateStream=344951
event	416813	refusal	RepartitionExec[15]	1	463948	1949990	1957667876	264	122	1702205325	1686660	RepartitionExec[Merge]=1702205325;RepartitionExec=255117600;OrderedPartialAggregateStream=344951
event	416867	refusal	RepartitionExec[106]	1	471025	1789595	1957686424	264	122	1702223873	1686590	RepartitionExec[Merge]=1702223873;RepartitionExec=255117600;OrderedPartialAggregateStream=344951
event	416930	refusal	RepartitionExec[86]	1	503165	1867574	1957696096	264	122	1702233545	1686553	RepartitionExec[Merge]=1702233545;RepartitionExec=255117600;OrderedPartialAggregateStream=344951
event	417077	refusal	RepartitionExec[107]	1	471025	1366238	1957715948	264	122	1702253397	1686478	RepartitionExec[Merge]=1702253397;RepartitionExec=255117600;OrderedPartialAggregateStream=344951
event	417088	refusal	RepartitionExec[24]	1	456868	5158261	1957095415	264	122	1702258213	1686459	RepartitionExec[Merge]=1702258213;RepartitionExec=254492251;OrderedPartialAggregateStream=344951
event	417106	refusal	RepartitionExec[107]	1	467429	1366238	1957721064	264	122	1702883862	1684090	RepartitionExec[Merge]=1702883862;RepartitionExec=254492251;OrderedPartialAggregateStream=344951
event	417134	refusal	RepartitionExec[66]	1	469678	1739271	1957729768	264	122	1702892566	1684057	RepartitionExec[Merge]=1702892566;RepartitionExec=254492251;OrderedPartialAggregateStream=344951
event	417208	refusal	RepartitionExec[101]	1	450809	2138997	1957742812	264	122	1702905610	1684007	RepartitionExec[Merge]=1702905610;RepartitionExec=254492251;OrderedPartialAggregateStream=344951
event	417271	refusal	RepartitionExec[108]	1	467429	1349274	1957755544	264	122	1702918342	1683959	RepartitionExec[Merge]=1702918342;RepartitionExec=254492251;OrderedPartialAggregateStream=344951
event	417302	refusal	RepartitionExec[22]	1	705472	5158261	1957760540	264	122	1702923338	1683940	RepartitionExec[Merge]=1702923338;RepartitionExec=254492251;OrderedPartialAggregateStream=344951
event	417345	refusal	RepartitionExec[3]	1	481701	2065858	1957771976	264	122	1702934774	1683897	RepartitionExec[Merge]=1702934774;RepartitionExec=254492251;OrderedPartialAggregateStream=344951
event	417394	refusal	RepartitionExec[109]	1	467429	1366238	1957772096	264	122	1703404572	1682117	RepartitionExec[Merge]=1703404572;RepartitionExec=254022573;OrderedPartialAggregateStream=344951
event	417451	refusal	RepartitionExec[87]	1	503165	1867574	1957772096	264	122	1703404572	1682117	RepartitionExec[Merge]=1703404572;RepartitionExec=254022573;OrderedPartialAggregateStream=344951
event	417598	refusal	RepartitionExec[51]	1	450463	1839356	1957778848	264	122	1703411324	1682092	RepartitionExec[Merge]=1703411324;RepartitionExec=254022573;OrderedPartialAggregateStream=344951
event	417652	refusal	RepartitionExec[25]	1	456868	1347203	1957778848	264	122	1703411324	1682092	RepartitionExec[Merge]=1703411324;RepartitionExec=254022573;OrderedPartialAggregateStream=344951
event	417678	refusal	RepartitionExec[117]	1	738735	1802893	1957778848	264	122	1703411324	1682092	RepartitionExec[Merge]=1703411324;RepartitionExec=254022573;OrderedPartialAggregateStream=344951
event	417686	refusal	RepartitionExec[67]	1	469678	1797967	1957778848	264	122	1703411324	1682092	RepartitionExec[Merge]=1703411324;RepartitionExec=254022573;OrderedPartialAggregateStream=344951
event	417724	refusal	RepartitionExec[108]	1	471025	1349274	1957789488	264	122	1703421964	1682051	RepartitionExec[Merge]=1703421964;RepartitionExec=254022573;OrderedPartialAggregateStream=344951
event	417728	refusal	RepartitionExec[102]	1	450809	2138997	1957789488	264	122	1703421964	1682051	RepartitionExec[Merge]=1703421964;RepartitionExec=254022573;OrderedPartialAggregateStream=344951
event	417876	refusal	RepartitionExec[23]	1	705472	5158261	1957319810	264	122	1703421964	1682051	RepartitionExec[Merge]=1703421964;RepartitionExec=253552895;OrderedPartialAggregateStream=344951
event	417914	refusal	RepartitionExec[4]	1	481701	1550556	1957789464	264	122	1703891618	1680272	RepartitionExec[Merge]=1703891618;RepartitionExec=253552895;OrderedPartialAggregateStream=344951
event	417955	refusal	RepartitionExec[16]	1	463948	5118958	1957802836	264	122	1703904990	1680222	RepartitionExec[Merge]=1703904990;RepartitionExec=253552895;OrderedPartialAggregateStream=344951
event	417982	refusal	RepartitionExec[110]	1	467429	1366238	1957802836	264	122	1703904990	1680222	RepartitionExec[Merge]=1703904990;RepartitionExec=253552895;OrderedPartialAggregateStream=344951
event	418005	refusal	RepartitionExec[88]	1	503165	1976815	1957802836	264	122	1703904990	1680222	RepartitionExec[Merge]=1703904990;RepartitionExec=253552895;OrderedPartialAggregateStream=344951
event	418065	refusal	RepartitionExec[52]	1	450463	1716258	1957808472	264	122	1703910626	1680200	RepartitionExec[Merge]=1703910626;RepartitionExec=253552895;OrderedPartialAggregateStream=344951
event	418119	refusal	RepartitionExec[31]	1	456868	1647602	1960100728	264	122	1703912398	1680194	RepartitionExec[Merge]=1703912398;RepartitionExec=255837235;OrderedPartialAggregateStream=344951
event	418136	refusal	RepartitionExec[118]	1	738735	1802893	1960100728	264	122	1703918542	1680170	RepartitionExec[Merge]=1703918542;RepartitionExec=255837235;OrderedPartialAggregateStream=344951
event	418290	refusal	RepartitionExec[53]	1	450463	1404968	1960116512	264	122	1703934326	1680111	RepartitionExec[Merge]=1703934326;RepartitionExec=255837235;OrderedPartialAggregateStream=344951
event	418312	refusal	RepartitionExec[109]	1	471025	1366238	1960116512	264	122	1703934326	1680111	RepartitionExec[Merge]=1703934326;RepartitionExec=255837235;OrderedPartialAggregateStream=344951
event	418429	refusal	RepartitionExec[103]	1	450809	2138997	1960137128	264	122	1703954942	1680032	RepartitionExec[Merge]=1703954942;RepartitionExec=255837235;OrderedPartialAggregateStream=344951
event	418459	refusal	RepartitionExec[24]	1	705472	5158261	1960153692	264	122	1703971506	1679970	RepartitionExec[Merge]=1703971506;RepartitionExec=255837235;OrderedPartialAggregateStream=344951
event	418519	refusal	RepartitionExec[54]	1	450463	1739271	1960198732	264	122	1704016546	1679799	RepartitionExec[Merge]=1704016546;RepartitionExec=255837235;OrderedPartialAggregateStream=344951
event	418552	refusal	RepartitionExec[17]	1	463948	5158261	1960214804	264	122	1704032618	1679738	RepartitionExec[Merge]=1704032618;RepartitionExec=255837235;OrderedPartialAggregateStream=344951
event	418572	refusal	RepartitionExec[25]	1	705472	1347203	1960228176	264	122	1704045990	1679688	RepartitionExec[Merge]=1704045990;RepartitionExec=255837235;OrderedPartialAggregateStream=344951
event	418597	refusal	RepartitionExec[89]	1	503165	1850610	1960269120	264	122	1704086934	1679533	RepartitionExec[Merge]=1704086934;RepartitionExec=255837235;OrderedPartialAggregateStream=344951
event	418650	refusal	RepartitionExec[55]	1	450463	1756235	1960294152	264	122	1704110446	1679443	RepartitionExec[Merge]=1704110446;RepartitionExec=255837235;OrderedPartialAggregateStream=344951
event	418672	refusal	RepartitionExec[18]	1	463948	5332997	1960306136	264	122	1704123950	1679392	RepartitionExec[Merge]=1704123950;RepartitionExec=255837235;OrderedPartialAggregateStream=344951
event	418683	refusal	RepartitionExec[68]	1	469678	1981516	1960312428	264	122	1704130242	1679368	RepartitionExec[Merge]=1704130242;RepartitionExec=255837235;OrderedPartialAggregateStream=344951
event	418761	refusal	RepartitionExec[5]	1	481701	1550556	1960351492	264	122	1704626174	1677490	RepartitionExec[Merge]=1704626174;RepartitionExec=255380367;OrderedPartialAggregateStream=344951
event	418806	refusal	RepartitionExec[110]	1	471025	1366238	1960400072	264	122	1704674754	1677306	RepartitionExec[Merge]=1704674754;RepartitionExec=255380367;OrderedPartialAggregateStream=344951
event	418819	refusal	RepartitionExec[104]	1	450809	2298793	1960406336	264	122	1704681018	1677282	RepartitionExec[Merge]=1704681018;RepartitionExec=255380367;OrderedPartialAggregateStream=344951
event	418859	refusal	RepartitionExec[111]	1	467429	1366238	1960434316	264	122	1704708998	1677176	RepartitionExec[Merge]=1704708998;RepartitionExec=255380367;OrderedPartialAggregateStream=344951
event	418885	refusal	RepartitionExec[32]	1	456868	1563366	1960445324	264	122	1704720006	1677135	RepartitionExec[Merge]=1704720006;RepartitionExec=255380367;OrderedPartialAggregateStream=344951
event	418973	refusal	RepartitionExec[90]	1	503165	1867574	1961237771	264	122	1704773718	1676931	RepartitionExec[Merge]=1704773718;RepartitionExec=256119102;OrderedPartialAggregateStream=344951
event	418989	refusal	RepartitionExec[26]	1	705472	1237568	1961252619	264	122	1704788566	1676875	RepartitionExec[Merge]=1704788566;RepartitionExec=256119102;OrderedPartialAggregateStream=344951
event	419032	refusal	RepartitionExec[56]	1	450463	1882440	1961281131	263	122	1704817902	1683139	RepartitionExec[Merge]=1704817902;RepartitionExec=256119102;OrderedPartialAggregateStream=344127
event	419084	refusal	RepartitionExec[69]	1	469678	2179592	1961310739	263	122	1704847510	1683027	RepartitionExec[Merge]=1704847510;RepartitionExec=256119102;OrderedPartialAggregateStream=344127
event	419091	refusal	RepartitionExec[19]	1	463948	5217021	1961310739	263	122	1704847510	1683027	RepartitionExec[Merge]=1704847510;RepartitionExec=256119102;OrderedPartialAggregateStream=344127
event	419139	refusal	RepartitionExec[6]	1	481701	1244648	1961343667	263	122	1704880438	1682901	RepartitionExec[Merge]=1704880438;RepartitionExec=256119102;OrderedPartialAggregateStream=344127
event	419184	refusal	RepartitionExec[111]	1	471025	1366238	1961355743	263	122	1704892514	1682856	RepartitionExec[Merge]=1704892514;RepartitionExec=256119102;OrderedPartialAggregateStream=344127
event	419209	refusal	OrderedPartialAggregateStream[59]	1	2025740	0	1961364267	263	122	1704894070	1682850	RepartitionExec[Merge]=1704894070;RepartitionExec=256119102;OrderedPartialAggregateStream=344127
event	419226	refusal	RepartitionExec[105]	1	450809	2138997	1961364267	263	122	1704899446	1682829	RepartitionExec[Merge]=1704899446;RepartitionExec=256119102;OrderedPartialAggregateStream=344127
event	419233	refusal	RepartitionExec[112]	1	467429	1802893	1961364267	263	122	1704899446	1682829	RepartitionExec[Merge]=1704899446;RepartitionExec=256119102;OrderedPartialAggregateStream=344127
event	419256	refusal	RepartitionExec[33]	1	456868	1563366	1961364267	263	122	1704899446	1682829	RepartitionExec[Merge]=1704899446;RepartitionExec=256119102;OrderedPartialAggregateStream=344127
event	419297	refusal	RepartitionExec[91]	1	503165	1867574	1961369263	263	122	1704904442	1682810	RepartitionExec[Merge]=1704904442;RepartitionExec=256119102;OrderedPartialAggregateStream=344127
event	419363	refusal	RepartitionExec[106]	1	450809	1789595	1961389567	263	122	1704924746	1682733	RepartitionExec[Merge]=1704924746;RepartitionExec=256119102;OrderedPartialAggregateStream=344127
event	419427	refusal	RepartitionExec[57]	1	450463	1531173	1961402607	263	122	1704939378	1682677	RepartitionExec[Merge]=1704939378;RepartitionExec=256119102;OrderedPartialAggregateStream=344127
event	419548	refusal	RepartitionExec[70]	1	469678	2179592	1961454247	263	122	1704982826	1682512	RepartitionExec[Merge]=1704982826;RepartitionExec=256119102;OrderedPartialAggregateStream=344127
event	419569	refusal	RepartitionExec[20]	1	463948	5158261	1961464023	263	122	1705000794	1682444	RepartitionExec[Merge]=1705000794;RepartitionExec=256119102;OrderedPartialAggregateStream=344127
event	419586	refusal	RepartitionExec[7]	1	481701	5212471	1961468511	263	122	1705005282	1682427	RepartitionExec[Merge]=1705005282;RepartitionExec=256119102;OrderedPartialAggregateStream=344127
event	419594	refusal	RepartitionExec[112]	1	471025	1802893	1960740104	263	122	1705015610	1682387	RepartitionExec[Merge]=1705015610;RepartitionExec=255380367;OrderedPartialAggregateStream=344127
event	419644	refusal	RepartitionExec[113]	1	467429	1802893	1961495551	263	122	1705771057	1679515	RepartitionExec[Merge]=1705771057;RepartitionExec=255380367;OrderedPartialAggregateStream=344127
event	419700	refusal	RepartitionExec[34]	1	456868	1622062	1961526323	263	122	1705801829	1679398	RepartitionExec[Merge]=1705801829;RepartitionExec=255380367;OrderedPartialAggregateStream=344127
event	419715	refusal	RepartitionExec[113]	1	471025	1802893	1961526323	263	122	1705801829	1679398	RepartitionExec[Merge]=1705801829;RepartitionExec=255380367;OrderedPartialAggregateStream=344127
event	419785	refusal	RepartitionExec[28]	1	705472	1296264	1962250163	263	122	1705820197	1679328	RepartitionExec[Merge]=1705820197;RepartitionExec=256085839;OrderedPartialAggregateStream=344127
event	419815	refusal	RepartitionExec[107]	1	450809	1366238	1962272239	263	122	1705842273	1679244	RepartitionExec[Merge]=1705842273;RepartitionExec=256085839;OrderedPartialAggregateStream=344127
event	419857	refusal	RepartitionExec[35]	1	456868	2013749	1962287047	263	122	1705857081	1679188	RepartitionExec[Merge]=1705857081;RepartitionExec=256085839;OrderedPartialAggregateStream=344127
event	419870	refusal	RepartitionExec[71]	1	469678	1865476	1962296859	263	122	1705866893	1679151	RepartitionExec[Merge]=1705866893;RepartitionExec=256085839;OrderedPartialAggregateStream=344127
event	419897	refusal	RepartitionExec[21]	1	463948	5216957	1962307819	263	122	1705877853	1679109	RepartitionExec[Merge]=1705877853;RepartitionExec=256085839;OrderedPartialAggregateStream=344127
event	419946	release_after_refusal	RepartitionExec[28]	1	456868	839396	1961873355	263	122	1705900257		RepartitionExec[Merge]=1705900257;RepartitionExec=255628971;OrderedPartialAggregateStream=344127
event	419949	refusal	RepartitionExec[8]	1	481701	5212471	1961873355	263	122	1705900257	1679024	RepartitionExec[Merge]=1705900257;RepartitionExec=255628971;OrderedPartialAggregateStream=344127
event	419969	refusal	RepartitionExec[36]	1	456868	1938089	1962330559	263	122	1706357461	1677285	RepartitionExec[Merge]=1706357461;RepartitionExec=255628971;OrderedPartialAggregateStream=344127
event	420001	refusal	RepartitionExec[114]	1	467429	1424934	1962335555	263	122	1706362457	1677266	RepartitionExec[Merge]=1706362457;RepartitionExec=255628971;OrderedPartialAggregateStream=344127
event	420033	refusal	RepartitionExec[114]	1	471025	1424934	1962347779	263	122	1706374681	1677220	RepartitionExec[Merge]=1706374681;RepartitionExec=255628971;OrderedPartialAggregateStream=344127
event	420060	refusal	RepartitionExec[58]	1	450463	1404968	1962358559	263	122	1706385461	1677179	RepartitionExec[Merge]=1706385461;RepartitionExec=255628971;OrderedPartialAggregateStream=344127
event	420077	refusal	RepartitionExec[29]	1	705472	1237568	1962365179	263	122	1706392081	1677154	RepartitionExec[Merge]=1706392081;RepartitionExec=255628971;OrderedPartialAggregateStream=344127
event	420177	refusal	RepartitionExec[115]	1	467429	1714358	1962419559	263	122	1706446461	1676947	RepartitionExec[Merge]=1706446461;RepartitionExec=255628971;OrderedPartialAggregateStream=344127
event	420219	refusal	RepartitionExec[92]	1	503165	1613282	1962432291	263	122	1706459193	1676899	RepartitionExec[Merge]=1706459193;RepartitionExec=255628971;OrderedPartialAggregateStream=344127
event	420244	refusal	RepartitionExec[72]	1	469678	2179592	1962438583	263	122	1706465485	1676875	RepartitionExec[Merge]=1706465485;RepartitionExec=255628971;OrderedPartialAggregateStream=344127
event	420281	refusal	RepartitionExec[22]	1	463948	5158261	1962448855	263	122	1706475757	1676836	RepartitionExec[Merge]=1706475757;RepartitionExec=255628971;OrderedPartialAggregateStream=344127
event	420324	refusal	RepartitionExec[93]	1	503165	1993779	1962459819	263	122	1706485897	1676797	RepartitionExec[Merge]=1706485897;RepartitionExec=255628971;OrderedPartialAggregateStream=344951
event	420352	release_after_refusal	RepartitionExec[117]	1	436655	1366238	1962027652	263	122	1706490385		RepartitionExec[Merge]=1706490385;RepartitionExec=255192316;OrderedPartialAggregateStream=344951
event	420390	refusal	RepartitionExec[37]	1	456868	1863630	1962464463	263	122	1706927196	1675119	RepartitionExec[Merge]=1706927196;RepartitionExec=255192316;OrderedPartialAggregateStream=344951
event	420394	release_after_refusal	RepartitionExec[112]	1	436655	1366238	1962027808	263	122	1706927196		RepartitionExec[Merge]=1706927196;RepartitionExec=254755661;OrderedPartialAggregateStream=344951
event	420416	refusal	RepartitionExec[108]	1	450809	1349274	1962475079	263	122	1707374467	1673418	RepartitionExec[Merge]=1707374467;RepartitionExec=254755661;OrderedPartialAggregateStream=344951
event	420445	release_after_refusal	RepartitionExec[113]	1	436655	1366238	1962045356	263	122	1707381399		RepartitionExec[Merge]=1707381399;RepartitionExec=254319006;OrderedPartialAggregateStream=344951
event	420484	refusal	RepartitionExec[115]	1	471025	1714358	1962488679	263	122	1707824722	1671706	RepartitionExec[Merge]=1707824722;RepartitionExec=254319006;OrderedPartialAggregateStream=344951
event	420494	refusal	RepartitionExec[59]	1	450463	1885584	1962488679	263	122	1707824722	1671706	RepartitionExec[Merge]=1707824722;RepartitionExec=254319006;OrderedPartialAggregateStream=344951
event	420541	refusal	RepartitionExec[109]	1	450809	1366238	1962488679	263	122	1707824722	1671706	RepartitionExec[Merge]=1707824722;RepartitionExec=254319006;OrderedPartialAggregateStream=344951
event	420568	release_after_refusal	RepartitionExec[116]	1	436655	1366238	1962052024	263	122	1707824722		RepartitionExec[Merge]=1707824722;RepartitionExec=253882351;OrderedPartialAggregateStream=344951
event	420573	refusal	RepartitionExec[116]	1	467429	1366238	1962052024	263	122	1707824722	1671706	RepartitionExec[Merge]=1707824722;RepartitionExec=253882351;OrderedPartialAggregateStream=344951
event	420613	refusal	RepartitionExec[0]	1	459453	2167998	1962488511	263	122	1708261209	1670047	RepartitionExec[Merge]=1708261209;RepartitionExec=253882351;OrderedPartialAggregateStream=344951
event	420614	refusal	RepartitionExec[116]	1	471025	1366238	1962488511	263	122	1708261209	1670047	RepartitionExec[Merge]=1708261209;RepartitionExec=253882351;OrderedPartialAggregateStream=344951
event	420636	refusal	RepartitionExec[23]	1	463948	5158261	1962488511	263	122	1708261209	1670047	RepartitionExec[Merge]=1708261209;RepartitionExec=253882351;OrderedPartialAggregateStream=344951
event	420688	refusal	RepartitionExec[9]	1	481701	5212471	1962497395	263	122	1708270093	1670013	RepartitionExec[Merge]=1708270093;RepartitionExec=253882351;OrderedPartialAggregateStream=344951
event	420716	refusal	RepartitionExec[94]	1	503165	1993779	1962497395	263	122	1708270093	1670013	RepartitionExec[Merge]=1708270093;RepartitionExec=253882351;OrderedPartialAggregateStream=344951
event	420778	refusal	RepartitionExec[24]	1	463948	5158261	1962497395	263	122	1708270093	1670013	RepartitionExec[Merge]=1708270093;RepartitionExec=253882351;OrderedPartialAggregateStream=344951
event	420845	refusal	RepartitionExec[95]	1	503165	1680791	1962497395	263	122	1708270093	1670013	RepartitionExec[Merge]=1708270093;RepartitionExec=253882351;OrderedPartialAggregateStream=344951
event	420846	refusal	RepartitionExec[10]	1	481701	5212471	1962497395	263	122	1708270093	1670013	RepartitionExec[Merge]=1708270093;RepartitionExec=253882351;OrderedPartialAggregateStream=344951
event	420935	refusal	RepartitionExec[61]	1	450463	1739271	1962947858	263	122	1708270093	1670013	RepartitionExec[Merge]=1708270093;RepartitionExec=254332814;OrderedPartialAggregateStream=344951
event	421014	refusal	RepartitionExec[110]	1	450809	1366238	1962947858	263	122	1708270093	1670013	RepartitionExec[Merge]=1708270093;RepartitionExec=254332814;OrderedPartialAggregateStream=344951
event	421024	refusal	RepartitionExec[117]	1	467429	1366238	1962947858	263	122	1708270093	1670013	RepartitionExec[Merge]=1708270093;RepartitionExec=254332814;OrderedPartialAggregateStream=344951
event	421092	refusal	RepartitionExec[1]	1	459453	1480854	1962947858	263	122	1708270093	1670013	RepartitionExec[Merge]=1708270093;RepartitionExec=254332814;OrderedPartialAggregateStream=344951
event	421100	refusal	RepartitionExec[117]	1	471025	1366238	1962947858	263	122	1708270093	1670013	RepartitionExec[Merge]=1708270093;RepartitionExec=254332814;OrderedPartialAggregateStream=344951
event	421129	refusal	RepartitionExec[111]	1	450809	1366238	1962947858	263	122	1708270093	1670013	RepartitionExec[Merge]=1708270093;RepartitionExec=254332814;OrderedPartialAggregateStream=344951
event	421138	refusal	RepartitionExec[25]	1	463948	1347203	1962947858	263	122	1708270093	1670013	RepartitionExec[Merge]=1708270093;RepartitionExec=254332814;OrderedPartialAggregateStream=344951
event	421155	refusal	RepartitionExec[30]	1	705472	1237568	1962947858	263	122	1708270093	1670013	RepartitionExec[Merge]=1708270093;RepartitionExec=254332814;OrderedPartialAggregateStream=344951
event	421213	refusal	RepartitionExec[38]	1	456868	1863630	1962947858	263	122	1708270093	1670013	RepartitionExec[Merge]=1708270093;RepartitionExec=254332814;OrderedPartialAggregateStream=344951
event	421232	refusal	RepartitionExec[2]	1	459453	1969180	1962947858	263	122	1708270093	1670013	RepartitionExec[Merge]=1708270093;RepartitionExec=254332814;OrderedPartialAggregateStream=344951
event	421272	refusal	RepartitionExec[11]	1	481701	2046240	1962947858	263	122	1708270093	1670013	RepartitionExec[Merge]=1708270093;RepartitionExec=254332814;OrderedPartialAggregateStream=344951
event	421297	refusal	RepartitionExec[63]	1	450463	1739271	1963398321	263	122	1708270093	1670013	RepartitionExec[Merge]=1708270093;RepartitionExec=254783277;OrderedPartialAggregateStream=344951
event	421314	refusal	RepartitionExec[73]	1	469678	2179592	1963398321	263	122	1708270093	1670013	RepartitionExec[Merge]=1708270093;RepartitionExec=254783277;OrderedPartialAggregateStream=344951
event	421345	refusal	RepartitionExec[118]	1	467429	1802893	1963398321	263	122	1708270093	1670013	RepartitionExec[Merge]=1708270093;RepartitionExec=254783277;OrderedPartialAggregateStream=344951
event	421378	refusal	RepartitionExec[12]	1	481701	1682503	1963398321	263	122	1708270093	1670013	RepartitionExec[Merge]=1708270093;RepartitionExec=254783277;OrderedPartialAggregateStream=344951
event	421382	refusal	RepartitionExec[118]	1	471025	1802893	1963398321	263	122	1708270093	1670013	RepartitionExec[Merge]=1708270093;RepartitionExec=254783277;OrderedPartialAggregateStream=344951
event	421425	refusal	RepartitionExec[112]	1	450809	1366238	1963398321	263	122	1708270093	1670013	RepartitionExec[Merge]=1708270093;RepartitionExec=254783277;OrderedPartialAggregateStream=344951
event	421455	refusal	RepartitionExec[26]	1	463948	1237568	1963869346	263	122	1708270093	1670013	RepartitionExec[Merge]=1708270093;RepartitionExec=255254302;OrderedPartialAggregateStream=344951
event	421513	refusal	RepartitionExec[39]	1	456868	1725820	1963868522	262	122	1708270093	1676387	RepartitionExec[Merge]=1708270093;RepartitionExec=255254302;OrderedPartialAggregateStream=344127
event	421556	refusal	RepartitionExec[3]	1	459453	2065858	1963868522	262	122	1708270093	1676387	RepartitionExec[Merge]=1708270093;RepartitionExec=255254302;OrderedPartialAggregateStream=344127
event	421568	refusal	RepartitionExec[96]	1	503165	1911519	1963868522	262	122	1708270093	1676387	RepartitionExec[Merge]=1708270093;RepartitionExec=255254302;OrderedPartialAggregateStream=344127
event	421613	refusal	RepartitionExec[64]	1	450463	1856663	1963868522	262	122	1708270093	1676387	RepartitionExec[Merge]=1708270093;RepartitionExec=255254302;OrderedPartialAggregateStream=344127
event	421656	refusal	RepartitionExec[97]	1	503165	2367309	1963868522	262	122	1708270093	1676387	RepartitionExec[Merge]=1708270093;RepartitionExec=255254302;OrderedPartialAggregateStream=344127
event	421669	refusal	RepartitionExec[74]	1	469678	2179592	1963868522	262	122	1708270093	1676387	RepartitionExec[Merge]=1708270093;RepartitionExec=255254302;OrderedPartialAggregateStream=344127
event	421740	refusal	RepartitionExec[13]	1	481701	1682503	1963868522	262	122	1708270093	1676387	RepartitionExec[Merge]=1708270093;RepartitionExec=255254302;OrderedPartialAggregateStream=344127
event	421744	refusal	RepartitionExec[31]	1	705472	1647602	1963868522	262	122	1708270093	1676387	RepartitionExec[Merge]=1708270093;RepartitionExec=255254302;OrderedPartialAggregateStream=344127
event	421761	refusal	RepartitionExec[98]	1	503165	2308613	1963868522	262	122	1708270093	1676387	RepartitionExec[Merge]=1708270093;RepartitionExec=255254302;OrderedPartialAggregateStream=344127
event	421767	refusal	RepartitionExec[27]	1	463948	1602212	1963868522	262	122	1708270093	1676387	RepartitionExec[Merge]=1708270093;RepartitionExec=255254302;OrderedPartialAggregateStream=344127
event	421807	refusal	RepartitionExec[40]	1	456868	1568048	1963868522	262	122	1708270093	1676387	RepartitionExec[Merge]=1708270093;RepartitionExec=255254302;OrderedPartialAggregateStream=344127
event	421854	refusal	RepartitionExec[14]	1	481701	1474711	1963868522	262	122	1708270093	1676387	RepartitionExec[Merge]=1708270093;RepartitionExec=255254302;OrderedPartialAggregateStream=344127
event	421863	refusal	OrderedPartialAggregateStream[21]	1	3481681	0	1963868522	262	122	1708270093	1676387	RepartitionExec[Merge]=1708270093;RepartitionExec=255254302;OrderedPartialAggregateStream=344127
event	421889	refusal	RepartitionExec[119]	1	467429	1251725	1963868522	262	122	1708270093	1676387	RepartitionExec[Merge]=1708270093;RepartitionExec=255254302;OrderedPartialAggregateStream=344127
event	421889	refusal	RepartitionExec[41]	1	456868	1489269	1963868522	262	122	1708270093	1676387	RepartitionExec[Merge]=1708270093;RepartitionExec=255254302;OrderedPartialAggregateStream=344127
event	421921	refusal	RepartitionExec[113]	1	450809	1366238	1963868522	262	122	1708270093	1676387	RepartitionExec[Merge]=1708270093;RepartitionExec=255254302;OrderedPartialAggregateStream=344127
event	421952	refusal	RepartitionExec[75]	1	469678	1865476	1963868522	262	122	1708270093	1676387	RepartitionExec[Merge]=1708270093;RepartitionExec=255254302;OrderedPartialAggregateStream=344127
event	422060	release_after_refusal	RepartitionExec[46]	1	471025	1117585	1963417021	262	122	1708289617		RepartitionExec[Merge]=1708289617;RepartitionExec=254783277;OrderedPartialAggregateStream=344127
event	422065	refusal	RepartitionExec[32]	1	705472	1563366	1963417021	262	122	1708289617	1676313	RepartitionExec[Merge]=1708289617;RepartitionExec=254783277;OrderedPartialAggregateStream=344127
event	422219	refusal	RepartitionExec[99]	1	503165	2291649	1963887414	261	122	1708760834	1680930	RepartitionExec[Merge]=1708760834;RepartitionExec=254783277;OrderedPartialAggregateStream=343303
event	422246	refusal	OrderedPartialAggregateStream[42]	1	2137669	0	1963887414	261	122	1708760834	1680930	RepartitionExec[Merge]=1708760834;RepartitionExec=254783277;OrderedPartialAggregateStream=343303
event	422271	release_after_refusal	RepartitionExec[29]	1	456868	780700	1963430546	261	122	1708760834		RepartitionExec[Merge]=1708760834;RepartitionExec=254326409;OrderedPartialAggregateStream=343303
event	422365	refusal	RepartitionExec[30]	1	463948	1237568	1964815358	261	122	1709217750	1679179	RepartitionExec[Merge]=1709217750;RepartitionExec=255254305;OrderedPartialAggregateStream=343303
event	422367	refusal	RepartitionExec[100]	1	503165	1895542	1964815358	261	122	1709217750	1679179	RepartitionExec[Merge]=1709217750;RepartitionExec=255254305;OrderedPartialAggregateStream=343303
event	422451	release_after_refusal	RepartitionExec[119]	1	471025	780700	1964344333	261	122	1709217750		RepartitionExec[Merge]=1709217750;RepartitionExec=254783280;OrderedPartialAggregateStream=343303
event	422709	refusal	RepartitionExec[15]	1	481701	1949990	1964815514	261	122	1709688931	1677374	RepartitionExec[Merge]=1709688931;RepartitionExec=254783280;OrderedPartialAggregateStream=343303
event	422745	refusal	RepartitionExec[42]	1	456868	1540018	1964815514	261	122	1709688931	1677374	RepartitionExec[Merge]=1709688931;RepartitionExec=254783280;OrderedPartialAggregateStream=343303
event	422866	refusal	RepartitionExec[4]	1	459453	1550556	1964815514	261	122	1709688931	1677374	RepartitionExec[Merge]=1709688931;RepartitionExec=254783280;OrderedPartialAggregateStream=343303
event	422954	refusal	RepartitionExec[114]	1	450809	1424934	1964815514	261	122	1709688931	1677374	RepartitionExec[Merge]=1709688931;RepartitionExec=254783280;OrderedPartialAggregateStream=343303
event	423050	refusal	RepartitionExec[33]	1	705472	1563366	1964824858	261	122	1709698275	1677338	RepartitionExec[Merge]=1709698275;RepartitionExec=254783280;OrderedPartialAggregateStream=343303
event	423058	refusal	RepartitionExec[65]	1	450463	1739271	1964824858	261	122	1709698275	1677338	RepartitionExec[Merge]=1709698275;RepartitionExec=254783280;OrderedPartialAggregateStream=343303
event	423105	refusal	RepartitionExec[31]	1	463948	1647602	1964824858	261	122	1709698275	1677338	RepartitionExec[Merge]=1709698275;RepartitionExec=254783280;OrderedPartialAggregateStream=343303
event	423120	refusal	RepartitionExec[76]	1	469678	1981430	1964824858	261	122	1709698275	1677338	RepartitionExec[Merge]=1709698275;RepartitionExec=254783280;OrderedPartialAggregateStream=343303
event	423127	refusal	RepartitionExec[101]	1	503165	2138997	1964824858	261	122	1709698275	1677338	RepartitionExec[Merge]=1709698275;RepartitionExec=254783280;OrderedPartialAggregateStream=343303
event	423175	refusal	RepartitionExec[16]	1	481701	5118958	1964824858	261	122	1709698275	1677338	RepartitionExec[Merge]=1709698275;RepartitionExec=254783280;OrderedPartialAggregateStream=343303
event	423246	refusal	RepartitionExec[32]	1	463948	1563366	1964843046	261	122	1709716463	1677268	RepartitionExec[Merge]=1709716463;RepartitionExec=254783280;OrderedPartialAggregateStream=343303
event	423270	refusal	RepartitionExec[5]	1	459453	1550556	1964848502	261	122	1709721919	1677248	RepartitionExec[Merge]=1709721919;RepartitionExec=254783280;OrderedPartialAggregateStream=343303
event	423353	refusal	RepartitionExec[17]	1	481701	5158261	1964871694	261	122	1709745111	1677159	RepartitionExec[Merge]=1709745111;RepartitionExec=254783280;OrderedPartialAggregateStream=343303
event	423402	refusal	RepartitionExec[33]	1	463948	1563366	1964879610	261	122	1709753027	1677128	RepartitionExec[Merge]=1709753027;RepartitionExec=254783280;OrderedPartialAggregateStream=343303
event	423431	refusal	RepartitionExec[66]	1	450463	1739271	1964885430	261	122	1709758023	1677109	RepartitionExec[Merge]=1709758023;RepartitionExec=254783280;OrderedPartialAggregateStream=344127
event	423485	refusal	RepartitionExec[77]	1	469678	2161704	1964902126	261	122	1709774719	1677045	RepartitionExec[Merge]=1709774719;RepartitionExec=254783280;OrderedPartialAggregateStream=344127
event	423529	refusal	RepartitionExec[102]	1	503165	2138997	1964907450	261	122	1709780043	1677025	RepartitionExec[Merge]=1709780043;RepartitionExec=254783280;OrderedPartialAggregateStream=344127
event	423601	refusal	RepartitionExec[115]	1	450809	1714358	1964925686	261	122	1709798279	1676955	RepartitionExec[Merge]=1709798279;RepartitionExec=254783280;OrderedPartialAggregateStream=344127
event	423646	refusal	RepartitionExec[6]	1	459453	1244648	1964937986	261	122	1709810579	1676908	RepartitionExec[Merge]=1709810579;RepartitionExec=254783280;OrderedPartialAggregateStream=344127
event	423649	release_after_refusal	RepartitionExec[79]	1	440447	2728372	1964497539	261	122	1709810579		RepartitionExec[Merge]=1709810579;RepartitionExec=254342833;OrderedPartialAggregateStream=344127
event	423655	refusal	RepartitionExec[78]	1	469678	1865476	1964497539	261	122	1709810579	1676908	RepartitionExec[Merge]=1709810579;RepartitionExec=254342833;OrderedPartialAggregateStream=344127
event	423771	refusal	RepartitionExec[34]	1	705472	1622062	1964509560	261	122	1710770017	1673232	RepartitionExec[Merge]=1710770017;RepartitionExec=253394328;OrderedPartialAggregateStream=344127
event	423790	refusal	RepartitionExec[34]	1	463948	1622062	1964520656	261	122	1710780289	1673192	RepartitionExec[Merge]=1710780289;RepartitionExec=253394328;OrderedPartialAggregateStream=344951
event	423876	refusal	RepartitionExec[0]	1	702103	2167998	1965056966	261	122	1711317687	1671133	RepartitionExec[Merge]=1711317687;RepartitionExec=253394328;OrderedPartialAggregateStream=344951
event	423901	refusal	RepartitionExec[67]	1	450463	1797967	1965083466	261	122	1711343135	1671036	RepartitionExec[Merge]=1711343135;RepartitionExec=253394328;OrderedPartialAggregateStream=344951
event	423923	refusal	RepartitionExec[35]	1	705472	2013749	1965104670	261	122	1711365391	1670951	RepartitionExec[Merge]=1711365391;RepartitionExec=253394328;OrderedPartialAggregateStream=344951
event	423950	refusal	RepartitionExec[103]	1	503165	2138997	1965127098	261	122	1711387819	1670865	RepartitionExec[Merge]=1711387819;RepartitionExec=253394328;OrderedPartialAggregateStream=344951
event	423974	refusal	RepartitionExec[116]	1	450809	1366238	1965165238	261	122	1711425959	1670719	RepartitionExec[Merge]=1711425959;RepartitionExec=253394328;OrderedPartialAggregateStream=344951
event	424002	refusal	RepartitionExec[0]	1	480130	2167998	1967470718	261	122	1711445903	1670642	RepartitionExec[Merge]=1711445903;RepartitionExec=255678668;OrderedPartialAggregateStream=344951
event	424020	refusal	RepartitionExec[48]	1	456868	1856320	1967485074	261	122	1711457191	1670599	RepartitionExec[Merge]=1711457191;RepartitionExec=255678668;OrderedPartialAggregateStream=344951
event	424033	refusal	RepartitionExec[7]	1	459453	5212471	1967505510	261	122	1711481891	1670504	RepartitionExec[Merge]=1711481891;RepartitionExec=255678668;OrderedPartialAggregateStream=344951
event	424046	refusal	RepartitionExec[79]	1	469678	1779867	1967519006	261	122	1711495387	1670453	RepartitionExec[Merge]=1711495387;RepartitionExec=255678668;OrderedPartialAggregateStream=344951
event	424084	refusal	RepartitionExec[35]	1	463948	2013749	1967558090	261	122	1711533059	1670308	RepartitionExec[Merge]=1711533059;RepartitionExec=255678668;OrderedPartialAggregateStream=344951
event	424127	refusal	RepartitionExec[1]	1	480130	1480854	1967602250	261	122	1711578631	1670134	RepartitionExec[Merge]=1711578631;RepartitionExec=255678668;OrderedPartialAggregateStream=344951
event	424163	refusal	RepartitionExec[1]	1	702103	1480854	1967621554	261	122	1711597935	1670060	RepartitionExec[Merge]=1711597935;RepartitionExec=255678668;OrderedPartialAggregateStream=344951
event	424205	refusal	RepartitionExec[68]	1	450463	1981516	1967655370	261	122	1711631751	1669930	RepartitionExec[Merge]=1711631751;RepartitionExec=255678668;OrderedPartialAggregateStream=344951
event	424286	release_after_refusal	RepartitionExec[5]	1	456868	1093688	1967247610	261	122	1711680859		RepartitionExec[Merge]=1711680859;RepartitionExec=255221800;OrderedPartialAggregateStream=344951
event	424293	refusal	RepartitionExec[36]	1	705472	1938089	1967247610	261	122	1711680859	1669742	RepartitionExec[Merge]=1711680859;RepartitionExec=255221800;OrderedPartialAggregateStream=344951
event	424306	refusal	RepartitionExec[117]	1	450809	1366238	1967710418	261	122	1712143667	1667969	RepartitionExec[Merge]=1712143667;RepartitionExec=255221800;OrderedPartialAggregateStream=344951
event	424331	refusal	RepartitionExec[104]	1	503165	2298793	1967719450	261	122	1712145691	1667961	RepartitionExec[Merge]=1712145691;RepartitionExec=255221800;OrderedPartialAggregateStream=344951
event	424356	refusal	RepartitionExec[18]	1	481701	5332997	1967719450	261	122	1712152699	1667934	RepartitionExec[Merge]=1712152699;RepartitionExec=255221800;OrderedPartialAggregateStream=344951
event	424390	refusal	RepartitionExec[49]	1	456868	1643710	1967723790	261	122	1712157039	1667918	RepartitionExec[Merge]=1712157039;RepartitionExec=255221800;OrderedPartialAggregateStream=344951
event	424395	release_after_refusal	RepartitionExec[118]	1	436655	1366238	1967287135	261	122	1712157039		RepartitionExec[Merge]=1712157039;RepartitionExec=254785145;OrderedPartialAggregateStream=344951
event	424550	release_after_refusal	RepartitionExec[4]	1	456868	1093688	1967279514	261	122	1712606286		RepartitionExec[Merge]=1712606286;RepartitionExec=254328277;OrderedPartialAggregateStream=344951
event	424582	refusal	RepartitionExec[8]	1	459453	5212471	1967737230	261	122	1713062950	1664447	RepartitionExec[Merge]=1713062950;RepartitionExec=254328277;OrderedPartialAggregateStream=344951
event	424608	refusal	RepartitionExec[80]	1	469678	1795136	1967740846	261	122	1713067618	1664429	RepartitionExec[Merge]=1713067618;RepartitionExec=254328277;OrderedPartialAggregateStream=344951
event	424640	refusal	RepartitionExec[36]	1	463948	1938089	1967749674	261	122	1713076446	1664395	RepartitionExec[Merge]=1713076446;RepartitionExec=254328277;OrderedPartialAggregateStream=344951
event	424692	refusal	RepartitionExec[2]	1	480130	1969180	1967763350	261	122	1713090122	1664343	RepartitionExec[Merge]=1713090122;RepartitionExec=254328277;OrderedPartialAggregateStream=344951
event	424716	refusal	RepartitionExec[2]	1	702103	1969180	1967763350	261	122	1713090122	1664343	RepartitionExec[Merge]=1713090122;RepartitionExec=254328277;OrderedPartialAggregateStream=344951
event	424793	refusal	RepartitionExec[37]	1	705472	1863630	1967844578	261	122	1713165350	1664054	RepartitionExec[Merge]=1713165350;RepartitionExec=254328277;OrderedPartialAggregateStream=344951
event	424802	refusal	RepartitionExec[69]	1	450463	2179592	1967844578	261	122	1713169974	1664037	RepartitionExec[Merge]=1713169974;RepartitionExec=254328277;OrderedPartialAggregateStream=344951
event	424822	refusal	RepartitionExec[118]	1	450809	1366238	1967859314	261	122	1713186086	1663975	RepartitionExec[Merge]=1713186086;RepartitionExec=254328277;OrderedPartialAggregateStream=344951
event	424847	refusal	RepartitionExec[105]	1	503165	2138997	1967889642	261	122	1713216414	1663859	RepartitionExec[Merge]=1713216414;RepartitionExec=254328277;OrderedPartialAggregateStream=344951
event	424881	refusal	RepartitionExec[19]	1	481701	5217021	1967920234	261	122	1713247006	1663741	RepartitionExec[Merge]=1713247006;RepartitionExec=254328277;OrderedPartialAggregateStream=344951
event	424915	refusal	RepartitionExec[50]	1	456868	1856320	1967953542	261	122	1713280314	1663614	RepartitionExec[Merge]=1713280314;RepartitionExec=254328277;OrderedPartialAggregateStream=344951
event	424954	refusal	RepartitionExec[9]	1	459453	5212471	1967997210	261	122	1713323982	1663446	RepartitionExec[Merge]=1713323982;RepartitionExec=254328277;OrderedPartialAggregateStream=344951
event	424973	refusal	RepartitionExec[81]	1	469678	2195041	1968024774	261	122	1713351546	1663341	RepartitionExec[Merge]=1713351546;RepartitionExec=254328277;OrderedPartialAggregateStream=344951
event	424996	refusal	RepartitionExec[37]	1	463948	1863630	1968049714	261	122	1713376486	1663245	RepartitionExec[Merge]=1713376486;RepartitionExec=254328277;OrderedPartialAggregateStream=344951
event	425045	refusal	RepartitionExec[3]	1	480130	2065858	1968108182	261	122	1713434954	1663021	RepartitionExec[Merge]=1713434954;RepartitionExec=254328277;OrderedPartialAggregateStream=344951
event	425071	refusal	RepartitionExec[3]	1	702103	2065858	1968143302	261	122	1713470074	1662887	RepartitionExec[Merge]=1713470074;RepartitionExec=254328277;OrderedPartialAggregateStream=344951
event	425132	refusal	RepartitionExec[38]	1	705472	1863630	1968226782	261	122	1713553554	1662567	RepartitionExec[Merge]=1713553554;RepartitionExec=254328277;OrderedPartialAggregateStream=344951
event	425133	refusal	RepartitionExec[70]	1	450463	2179592	1968226782	261	122	1713553554	1662567	RepartitionExec[Merge]=1713553554;RepartitionExec=254328277;OrderedPartialAggregateStream=344951
event	425180	refusal	RepartitionExec[106]	1	503165	1789595	1968760259	261	122	1713636222	1662250	RepartitionExec[Merge]=1713636222;RepartitionExec=254779086;OrderedPartialAggregateStream=344951
event	425206	refusal	RepartitionExec[20]	1	481701	5158261	1968807683	261	122	1713683646	1662068	RepartitionExec[Merge]=1713683646;RepartitionExec=254779086;OrderedPartialAggregateStream=344951
event	425239	refusal	RepartitionExec[51]	1	456868	1839356	1968509432	261	122	1713722106	1661921	RepartitionExec[Merge]=1713722106;RepartitionExec=254779086;OrderedPartialAggregateStream=8240
event	425246	refusal	RepartitionExec[59]	1	58696	1885584	1968525544	261	122	1713738218	1661859	RepartitionExec[Merge]=1713738218;RepartitionExec=254779086;OrderedPartialAggregateStream=8240
event	425290	refusal	RepartitionExec[10]	1	459453	5212471	1968594624	261	122	1713805742	1661601	RepartitionExec[Merge]=1713805742;RepartitionExec=254779086;OrderedPartialAggregateStream=8240
event	425297	refusal	RepartitionExec[82]	1	469678	2253737	1968611748	261	122	1713824422	1661529	RepartitionExec[Merge]=1713824422;RepartitionExec=254779086;OrderedPartialAggregateStream=8240
event	425319	refusal	RepartitionExec[38]	1	463948	1863630	1968651060	260	122	1713863734	1667768	RepartitionExec[Merge]=1713863734;RepartitionExec=254779086;OrderedPartialAggregateStream=8240
event	425367	refusal	RepartitionExec[6]	1	480130	1244648	1969690932	260	122	1713943346	1667462	RepartitionExec[Merge]=1713943346;RepartitionExec=255739346;OrderedPartialAggregateStream=8240
event	425387	refusal	RepartitionExec[4]	1	702103	1573818	1969730980	260	122	1713983394	1667308	RepartitionExec[Merge]=1713983394;RepartitionExec=255739346;OrderedPartialAggregateStream=8240
event	425394	release_after_refusal	RepartitionExec[4]	1	480130	1093688	1969261630	260	122	1713994174		RepartitionExec[Merge]=1713994174;RepartitionExec=255259216;OrderedPartialAggregateStream=8240
event	425400	release_after_refusal	RepartitionExec[30]	1	456868	780700	1969296796	260	122	1714486208		RepartitionExec[Merge]=1714486208;RepartitionExec=254802348;OrderedPartialAggregateStream=8240
event	425400	release_after_refusal	RepartitionExec[105]	1	770315	1368682	1968526481	260	122	1714487296		RepartitionExec[Merge]=1714487296;RepartitionExec=254032033;OrderedPartialAggregateStream=8240
event	425448	refusal	RepartitionExec[39]	1	705472	1725820	1969786240	260	122	1715737359	1660562	RepartitionExec[Merge]=1715737359;RepartitionExec=254032033;OrderedPartialAggregateStream=8240
event	425470	refusal	OrderedPartialAggregateStream[108]	1	3833932	0	1969786240	260	122	1715737359	1660562	RepartitionExec[Merge]=1715737359;RepartitionExec=254032033;OrderedPartialAggregateStream=8240
event	425482	refusal	RepartitionExec[71]	1	450463	1865476	1969786240	260	122	1715745967	1660529	RepartitionExec[Merge]=1715745967;RepartitionExec=254032033;OrderedPartialAggregateStream=8240
event	425502	refusal	RepartitionExec[107]	1	503165	1366238	1969798644	260	122	1715758371	1660481	RepartitionExec[Merge]=1715758371;RepartitionExec=254032033;OrderedPartialAggregateStream=8240
event	425536	refusal	RepartitionExec[21]	1	481701	5216957	1969838168	260	122	1716312145	1658351	RepartitionExec[Merge]=1716312145;RepartitionExec=253517783;OrderedPartialAggregateStream=8240
event	425581	refusal	RepartitionExec[52]	1	456868	1716258	1969892984	260	122	1716366961	1658141	RepartitionExec[Merge]=1716366961;RepartitionExec=253517783;OrderedPartialAggregateStream=8240
event	425640	refusal	RepartitionExec[11]	1	459453	2046240	1969918228	260	122	1716392205	1658044	RepartitionExec[Merge]=1716392205;RepartitionExec=253517783;OrderedPartialAggregateStream=8240
event	425660	release_after_refusal	RepartitionExec[31]	1	503165	1144437	1969420847	260	122	1716397989		RepartitionExec[Merge]=1716397989;RepartitionExec=253014618;OrderedPartialAggregateStream=8240
event	425671	refusal	RepartitionExec[83]	1	469678	1993779	1969426751	260	122	1716403893	1657999	RepartitionExec[Merge]=1716403893;RepartitionExec=253014618;OrderedPartialAggregateStream=8240
event	425678	refusal	RepartitionExec[39]	1	463948	1725820	1969928876	260	122	1716906018	1656067	RepartitionExec[Merge]=1716906018;RepartitionExec=253014618;OrderedPartialAggregateStream=8240
event	425703	release_after_refusal	RepartitionExec[81]	1	514250	1680791	1969431190	260	122	1716922582		RepartitionExec[Merge]=1716922582;RepartitionExec=252500368;OrderedPartialAggregateStream=8240
event	425709	refusal	RepartitionExec[7]	1	480130	5212471	1969431190	260	122	1716922582	1656004	RepartitionExec[Merge]=1716922582;RepartitionExec=252500368;OrderedPartialAggregateStream=8240
event	425724	release_after_refusal	RepartitionExec[53]	1	503165	901803	1969453667	260	122	1717448224		RepartitionExec[Merge]=1717448224;RepartitionExec=251997203;OrderedPartialAggregateStream=8240
event	425760	refusal	RepartitionExec[12]	1	459453	1682503	1969981248	260	122	1717975805	1651953	RepartitionExec[Merge]=1717975805;RepartitionExec=251997203;OrderedPartialAggregateStream=8240
event	425763	release_after_refusal	RepartitionExec[26]	1	456868	780700	1969529196	260	122	1717980621		RepartitionExec[Merge]=1717980621;RepartitionExec=251540335;OrderedPartialAggregateStream=8240
event	425804	refusal	RepartitionExec[40]	1	705472	1568048	1970006728	260	122	1718456597	1650104	RepartitionExec[Merge]=1718456597;RepartitionExec=251540335;OrderedPartialAggregateStream=8240
event	425813	refusal	RepartitionExec[8]	1	480130	5212471	1970012184	260	122	1718462053	1650083	RepartitionExec[Merge]=1718462053;RepartitionExec=251540335;OrderedPartialAggregateStream=8240
event	425846	refusal	RepartitionExec[108]	1	503165	1349274	1970029784	260	122	1718481209	1650009	RepartitionExec[Merge]=1718481209;RepartitionExec=251540335;OrderedPartialAggregateStream=8240
event	425848	release_after_refusal	RepartitionExec[82]	1	514250	1739487	1969515534	260	122	1718481209		RepartitionExec[Merge]=1718481209;RepartitionExec=251026085;OrderedPartialAggregateStream=8240
event	425872	refusal	RepartitionExec[22]	1	481701	5158261	1970042756	260	122	1719005543	1647992	RepartitionExec[Merge]=1719005543;RepartitionExec=251026085;OrderedPartialAggregateStream=8240
event	425940	refusal	RepartitionExec[54]	1	456868	1739271	1970064336	260	122	1719028743	1647903	RepartitionExec[Merge]=1719028743;RepartitionExec=251026085;OrderedPartialAggregateStream=8240
event	425951	refusal	RepartitionExec[5]	1	702103	1573818	1970530196	260	122	1719495871	1646106	RepartitionExec[Merge]=1719495871;RepartitionExec=251026085;OrderedPartialAggregateStream=8240
event	425971	refusal	RepartitionExec[84]	1	469678	2178077	1970543500	260	122	1719507439	1646062	RepartitionExec[Merge]=1719507439;RepartitionExec=251026085;OrderedPartialAggregateStream=8240
event	425982	refusal	RepartitionExec[40]	1	463948	1568048	1970557728	260	122	1719523403	1646000	RepartitionExec[Merge]=1719523403;RepartitionExec=251026085;OrderedPartialAggregateStream=8240
event	425993	release_after_refusal	RepartitionExec[84]	1	514250	1663827	1970050738	260	122	1719530663		RepartitionExec[Merge]=1719530663;RepartitionExec=250511835;OrderedPartialAggregateStream=8240
event	426029	refusal	RepartitionExec[72]	1	450463	2179592	1970594036	260	122	1720071973	1643891	RepartitionExec[Merge]=1720071973;RepartitionExec=250511835;OrderedPartialAggregateStream=8240
event	426040	refusal	RepartitionExec[55]	1	456868	1756235	1970165427	260	122	1720085673	1643838	RepartitionExec[Merge]=1720085673;RepartitionExec=250511835;OrderedPartialAggregateStream=8240
event	426069	release_after_refusal	RepartitionExec[69]	1	440321	1739271	1970187299	260	122	1720107545		RepartitionExec[Merge]=1720107545;RepartitionExec=250071514;OrderedPartialAggregateStream=8240
event	426092	refusal	RepartitionExec[41]	1	705472	1489269	1970643612	260	122	1720563858	1641999	RepartitionExec[Merge]=1720563858;RepartitionExec=250071514;OrderedPartialAggregateStream=8240
event	426114	refusal	RepartitionExec[9]	1	480130	5212471	1970655376	260	122	1720575622	1641953	RepartitionExec[Merge]=1720575622;RepartitionExec=250071514;OrderedPartialAggregateStream=8240
event	426150	refusal	RepartitionExec[56]	1	456868	1882440	1970683744	260	122	1720603990	1641844	RepartitionExec[Merge]=1720603990;RepartitionExec=250071514;OrderedPartialAggregateStream=8240
event	426155	release_after_refusal	RepartitionExec[85]	1	514250	1670626	1970170654	260	122	1720605150		RepartitionExec[Merge]=1720605150;RepartitionExec=249557264;OrderedPartialAggregateStream=8240
event	426188	refusal	RepartitionExec[23]	1	481701	5158261	1970705456	260	122	1721139952	1639783	RepartitionExec[Merge]=1721139952;RepartitionExec=249557264;OrderedPartialAggregateStream=8240
event	426209	release_after_refusal	RepartitionExec[70]	1	440321	1739271	1970272723	260	122	1721147540		RepartitionExec[Merge]=1721147540;RepartitionExec=249116943;OrderedPartialAggregateStream=8240
event	426247	refusal	RepartitionExec[13]	1	459453	1682503	1970271488	260	122	1721603173	1638001	RepartitionExec[Merge]=1721603173;RepartitionExec=248660075;OrderedPartialAggregateStream=8240
event	426262	release_after_refusal	RepartitionExec[14]	1	456868	1017843	1970278496	260	122	1722067049		RepartitionExec[Merge]=1722067049;RepartitionExec=248203207;OrderedPartialAggregateStream=8240
event	426325	release_after_refusal	RepartitionExec[100]	1	770315	1125227	1969993609	260	122	1722552477		RepartitionExec[Merge]=1722552477;RepartitionExec=247432892;OrderedPartialAggregateStream=8240
event	426402	refusal	RepartitionExec[6]	1	702103	1244648	1970824292	260	122	1723383160	1631155	RepartitionExec[Merge]=1723383160;RepartitionExec=247432892;OrderedPartialAggregateStream=8240
event	426492	release_after_refusal	RepartitionExec[72]	1	440321	1739271	1970456499	260	122	1724426806		RepartitionExec[Merge]=1724426806;RepartitionExec=246021453;OrderedPartialAggregateStream=8240
event	426514	release_after_refusal	RepartitionExec[57]	1	503165	1028008	1970417027	260	122	1724890499		RepartitionExec[Merge]=1724890499;RepartitionExec=245518288;OrderedPartialAggregateStream=8240
event	426539	refusal	RepartitionExec[7]	1	702103	5212471	1970431787	260	122	1724905259	1625301	RepartitionExec[Merge]=1724905259;RepartitionExec=245518288;OrderedPartialAggregateStream=8240
event	426562	release_after_refusal	RepartitionExec[101]	1	770315	1368682	1970181025	260	122	1725424812		RepartitionExec[Merge]=1725424812;RepartitionExec=244747973;OrderedPartialAggregateStream=8240
event	426685	refusal	RepartitionExec[41]	1	463948	1489269	1970976920	260	122	1725431872	1623276	RepartitionExec[Merge]=1725431872;RepartitionExec=244747973;OrderedPartialAggregateStream=9064
event	426701	refusal	RepartitionExec[73]	1	450463	2179592	1970976920	260	122	1725436752	1623257	RepartitionExec[Merge]=1725436752;RepartitionExec=244747973;OrderedPartialAggregateStream=9064
event	426708	refusal	RepartitionExec[8]	1	702103	5212471	1970976920	260	122	1725436752	1623257	RepartitionExec[Merge]=1725436752;RepartitionExec=244747973;OrderedPartialAggregateStream=9064
event	426723	refusal	RepartitionExec[42]	1	705472	1540018	1970982556	260	122	1726225519	1620223	RepartitionExec[Merge]=1726225519;RepartitionExec=244747973;OrderedPartialAggregateStream=9064
event	426732	refusal	RepartitionExec[10]	1	480130	5212471	1971440332	260	122	1726225519	1620223	RepartitionExec[Merge]=1726225519;RepartitionExec=245204841;OrderedPartialAggregateStream=9064
event	426744	refusal	RepartitionExec[58]	1	456868	1404968	1971447792	260	122	1726233887	1620191	RepartitionExec[Merge]=1726233887;RepartitionExec=245204841;OrderedPartialAggregateStream=9064
event	426745	release_after_refusal	RepartitionExec[73]	1	440321	1739271	1971007471	260	122	1726233887		RepartitionExec[Merge]=1726233887;RepartitionExec=244764520;OrderedPartialAggregateStream=9064
event	426776	refusal	RepartitionExec[24]	1	481701	5158261	1971451960	260	122	1726674544	1618496	RepartitionExec[Merge]=1726674544;RepartitionExec=244764520;OrderedPartialAggregateStream=9064
event	426795	refusal	RepartitionExec[0]	1	835715	2167998	1971465432	260	122	1727206098	1616452	RepartitionExec[Merge]=1727206098;RepartitionExec=244250270;OrderedPartialAggregateStream=9064
event	426815	refusal	RepartitionExec[15]	1	459453	1949990	1971931325	260	122	1727212538	1616427	RepartitionExec[Merge]=1727212538;RepartitionExec=244709723;OrderedPartialAggregateStream=9064
event	426824	release_after_refusal	RepartitionExec[102]	1	770315	1368682	1971162638	260	122	1727214166		RepartitionExec[Merge]=1727214166;RepartitionExec=243939408;OrderedPartialAggregateStream=9064
event	426830	release_after_refusal	RepartitionExec[74]	1	440321	1739271	1970731977	260	122	1727218194		RepartitionExec[Merge]=1727218194;RepartitionExec=243499087;OrderedPartialAggregateStream=9064
event	426863	refusal	RepartitionExec[43]	1	705472	1159317	1971958601	260	122	1728449398	1611670	RepartitionExec[Merge]=1728449398;RepartitionExec=243499087;OrderedPartialAggregateStream=9064
event	426874	refusal	RepartitionExec[25]	1	481701	1347203	1971965737	260	122	1728457586	1611638	RepartitionExec[Merge]=1728457586;RepartitionExec=243499087;OrderedPartialAggregateStream=9064
event	426935	refusal	RepartitionExec[42]	1	463948	1540018	1972038925	260	122	1729500876	1607626	RepartitionExec[Merge]=1729500876;RepartitionExec=242527969;OrderedPartialAggregateStream=9064
event	426964	refusal	RepartitionExec[74]	1	450463	1739271	1972061977	260	122	1729523928	1607537	RepartitionExec[Merge]=1729523928;RepartitionExec=242527969;OrderedPartialAggregateStream=9064
event	426983	refusal	RepartitionExec[9]	1	702103	5212471	1972072249	260	122	1729534200	1607497	RepartitionExec[Merge]=1729534200;RepartitionExec=242527969;OrderedPartialAggregateStream=9064
event	427011	refusal	RepartitionExec[11]	1	480130	2046240	1972090201	260	122	1729553168	1607424	RepartitionExec[Merge]=1729553168;RepartitionExec=242527969;OrderedPartialAggregateStream=9064
event	427066	refusal	RepartitionExec[43]	1	463948	1159317	1972135257	260	122	1729598224	1607251	RepartitionExec[Merge]=1729598224;RepartitionExec=242527969;OrderedPartialAggregateStream=9064
event	427094	release_after_refusal	RepartitionExec[103]	1	770315	1368682	1971384466	260	122	1729616264		RepartitionExec[Merge]=1729616264;RepartitionExec=241757654;OrderedPartialAggregateStream=9064
event	427096	release_after_refusal	RepartitionExec[2]	1	981017	988163	1970403449	260	122	1729616264		RepartitionExec[Merge]=1729616264;RepartitionExec=240776637;OrderedPartialAggregateStream=9064
event	427106	refusal	RepartitionExec[59]	1	456868	1885584	1971184992	260	122	1730399291	1604170	RepartitionExec[Merge]=1730399291;RepartitionExec=240776637;OrderedPartialAggregateStream=9064
event	427136	refusal	RepartitionExec[85]	1	469678	1670626	1972184773	260	122	1731397984	1600329	RepartitionExec[Merge]=1731397984;RepartitionExec=240776637;OrderedPartialAggregateStream=9064
event	427173	refusal	RepartitionExec[1]	1	835715	1480854	1972205893	260	122	1731420192	1600244	RepartitionExec[Merge]=1731420192;RepartitionExec=240776637;OrderedPartialAggregateStream=9064
event	427198	refusal	RepartitionExec[16]	1	459453	5118958	1972225073	260	122	1731953622	1598192	RepartitionExec[Merge]=1731953622;RepartitionExec=240262387;OrderedPartialAggregateStream=9064
event	427229	release_after_refusal	RepartitionExec[104]	1	770315	1528478	1971466522	260	122	1731965386		RepartitionExec[Merge]=1731965386;RepartitionExec=239492072;OrderedPartialAggregateStream=9064
event	427245	refusal	RepartitionExec[44]	1	705472	1100621	1972255113	260	122	1732753977	1595114	RepartitionExec[Merge]=1732753977;RepartitionExec=239492072;OrderedPartialAggregateStream=9064
event	427288	refusal	RepartitionExec[27]	1	481701	1602212	1972783794	260	122	1732800957	1594933	RepartitionExec[Merge]=1732800957;RepartitionExec=239973773;OrderedPartialAggregateStream=9064
event	427315	refusal	RepartitionExec[17]	1	459453	5158261	1972807486	260	122	1732824649	1594842	RepartitionExec[Merge]=1732824649;RepartitionExec=239973773;OrderedPartialAggregateStream=9064
event	427365	refusal	RepartitionExec[75]	1	450463	1865476	1972852222	260	122	1732869385	1594670	RepartitionExec[Merge]=1732869385;RepartitionExec=239973773;OrderedPartialAggregateStream=9064
event	427375	release_after_refusal	RepartitionExec[27]	1	705472	896740	1972153654	260	122	1732874841		RepartitionExec[Merge]=1732874841;RepartitionExec=239268301;OrderedPartialAggregateStream=9064
event	427383	refusal	RepartitionExec[10]	1	702103	5212471	1972155114	260	122	1733308313	1592982	RepartitionExec[Merge]=1733308313;RepartitionExec=238834805;OrderedPartialAggregateStream=9064
event	427418	refusal	RepartitionExec[12]	1	480130	1682503	1972442621	260	122	1734048401	1590135	RepartitionExec[Merge]=1734048401;RepartitionExec=238383996;OrderedPartialAggregateStream=9064
event	427465	refusal	RepartitionExec[45]	1	463948	1574453	1973390746	260	122	1734533738	1588268	RepartitionExec[Merge]=1734533738;RepartitionExec=238847944;OrderedPartialAggregateStream=9064
event	427498	refusal	RepartitionExec[76]	1	450463	1981430	1973439534	260	122	1734582526	1588081	RepartitionExec[Merge]=1734582526;RepartitionExec=238847944;OrderedPartialAggregateStream=9064
event	427528	refusal	RepartitionExec[86]	1	469678	1867574	1973460718	260	122	1734603710	1587999	RepartitionExec[Merge]=1734603710;RepartitionExec=238847944;OrderedPartialAggregateStream=9064
event	427554	refusal	RepartitionExec[2]	1	835715	988163	1973472794	260	122	1734615786	1587953	RepartitionExec[Merge]=1734615786;RepartitionExec=238847944;OrderedPartialAggregateStream=9064
event	427597	refusal	RepartitionExec[45]	1	705472	1574453	1973490710	260	122	1734624790	1587918	RepartitionExec[Merge]=1734624790;RepartitionExec=238847944;OrderedPartialAggregateStream=9064
event	427608	refusal	RepartitionExec[28]	1	481701	1303344	1973490710	260	122	1734633702	1587884	RepartitionExec[Merge]=1734633702;RepartitionExec=238847944;OrderedPartialAggregateStream=9064
event	427667	refusal	RepartitionExec[109]	1	503165	1366238	1973527962	260	122	1734670954	1587741	RepartitionExec[Merge]=1734670954;RepartitionExec=238847944;OrderedPartialAggregateStream=9064
event	427704	refusal	RepartitionExec[3]	1	835715	2065858	1973549850	260	122	1734692842	1587656	RepartitionExec[Merge]=1734692842;RepartitionExec=238847944;OrderedPartialAggregateStream=9064
event	427736	refusal	RepartitionExec[60]	1	456868	1352266	1973579558	260	122	1734720922	1587548	RepartitionExec[Merge]=1734720922;RepartitionExec=238847944;OrderedPartialAggregateStream=9064
event	427746	refusal	RepartitionExec[11]	1	702103	2046240	1973585190	260	122	1734728182	1587521	RepartitionExec[Merge]=1734728182;RepartitionExec=238847944;OrderedPartialAggregateStream=9064
event	427847	refusal	RepartitionExec[13]	1	480130	1682503	1973632238	260	122	1734775230	1587340	RepartitionExec[Merge]=1734775230;RepartitionExec=238847944;OrderedPartialAggregateStream=9064
event	427980	refusal	RepartitionExec[46]	1	463948	1574453	1973707110	260	122	1734835046	1587110	RepartitionExec[Merge]=1734835046;RepartitionExec=238847944;OrderedPartialAggregateStream=9064
event	428002	refusal	RepartitionExec[77]	1	450463	2161704	1973707110	260	122	1734850102	1587052	RepartitionExec[Merge]=1734850102;RepartitionExec=238847944;OrderedPartialAggregateStream=9064
event	428012	refusal	RepartitionExec[87]	1	469678	1867574	1973707110	260	122	1734850102	1587052	RepartitionExec[Merge]=1734850102;RepartitionExec=238847944;OrderedPartialAggregateStream=9064
event	428038	refusal	RepartitionExec[46]	1	705472	1574453	1973724338	260	122	1735349031	1585133	RepartitionExec[Merge]=1735349031;RepartitionExec=238366243;OrderedPartialAggregateStream=9064
event	428062	refusal	RepartitionExec[29]	1	481701	1244648	1973731862	260	122	1735355143	1585109	RepartitionExec[Merge]=1735355143;RepartitionExec=238366243;OrderedPartialAggregateStream=9064
event	428144	refusal	RepartitionExec[110]	1	503165	1366238	1973746154	260	122	1735367079	1585063	RepartitionExec[Merge]=1735367079;RepartitionExec=238366243;OrderedPartialAggregateStream=9064
event	428238	refusal	RepartitionExec[18]	1	459453	5332997	1973754770	260	122	1735372727	1585042	RepartitionExec[Merge]=1735372727;RepartitionExec=238366243;OrderedPartialAggregateStream=9064
event	428339	refusal	RepartitionExec[31]	1	481701	1144437	1974241095	260	122	1735382675	1585003	RepartitionExec[Merge]=1735382675;RepartitionExec=238847944;OrderedPartialAggregateStream=9064
event	428393	refusal	RepartitionExec[61]	1	456868	1739271	1974260579	260	122	1735402159	1584928	RepartitionExec[Merge]=1735402159;RepartitionExec=238847944;OrderedPartialAggregateStream=9064
event	428515	refusal	RepartitionExec[19]	1	459453	5217021	1974284911	260	122	1735416235	1584874	RepartitionExec[Merge]=1735416235;RepartitionExec=238847944;OrderedPartialAggregateStream=9064
event	428727	refusal	RepartitionExec[32]	1	481701	1563366	1974284911	260	122	1735426491	1584835	RepartitionExec[Merge]=1735426491;RepartitionExec=238847944;OrderedPartialAggregateStream=9064
event	428772	refusal	RepartitionExec[78]	1	450463	1865476	1974286215	260	122	1735426491	1584835	RepartitionExec[Merge]=1735426491;RepartitionExec=238847944;OrderedPartialAggregateStream=9064
event	428785	refusal	RepartitionExec[4]	1	835715	1093688	1974286215	260	122	1735426491	1584835	RepartitionExec[Merge]=1735426491;RepartitionExec=238847944;OrderedPartialAggregateStream=9064
event	428790	refusal	RepartitionExec[20]	1	459453	5158261	1974286215	260	122	1735426491	1584835	RepartitionExec[Merge]=1735426491;RepartitionExec=238847944;OrderedPartialAggregateStream=9064
event	428794	refusal	RepartitionExec[12]	1	702103	1682503	1974286215	260	122	1735426491	1584835	RepartitionExec[Merge]=1735426491;RepartitionExec=238847944;OrderedPartialAggregateStream=9064
event	428832	refusal	RepartitionExec[14]	1	480130	1477296	1973821417	260	122	1735427903	1584829	RepartitionExec[Merge]=1735427903;RepartitionExec=238847944;OrderedPartialAggregateStream=9064
event	428864	release_after_refusal	RepartitionExec[32]	1	469678	1093688	1973825897	260	122	1735434087		RepartitionExec[Merge]=1735434087;RepartitionExec=238378266;OrderedPartialAggregateStream=9064
event	428882	refusal	RepartitionExec[47]	1	705472	1633149	1973825897	260	122	1735438567	1584788	RepartitionExec[Merge]=1735438567;RepartitionExec=238378266;OrderedPartialAggregateStream=9064
event	428948	refusal	RepartitionExec[88]	1	469678	1976815	1974306255	260	122	1735918925	1582941	RepartitionExec[Merge]=1735918925;RepartitionExec=238378266;OrderedPartialAggregateStream=9064
event	428971	refusal	RepartitionExec[111]	1	503165	1366238	1973837701	260	122	1735918925	1582941	RepartitionExec[Merge]=1735918925;RepartitionExec=238378266;OrderedPartialAggregateStream=9064
event	428974	release_after_refusal	RepartitionExec[33]	1	469678	1093688	1973837701	260	122	1735920049		RepartitionExec[Merge]=1735920049;RepartitionExec=237908588;OrderedPartialAggregateStream=9064
event	428983	refusal	RepartitionExec[62]	1	456868	1478471	1973847865	260	122	1735930213	1582897	RepartitionExec[Merge]=1735930213;RepartitionExec=237908588;OrderedPartialAggregateStream=9064
event	429031	refusal	RepartitionExec[47]	1	463948	1633149	1974338823	260	122	1736421171	1581009	RepartitionExec[Merge]=1736421171;RepartitionExec=237908588;OrderedPartialAggregateStream=9064
event	429031	release_after_refusal	RepartitionExec[34]	1	469678	1152384	1973869145	260	122	1736425199		RepartitionExec[Merge]=1736425199;RepartitionExec=237438910;OrderedPartialAggregateStream=9064
event	429088	refusal	RepartitionExec[34]	1	481701	1152384	1974860004	260	122	1736930329	1579051	RepartitionExec[Merge]=1736930329;RepartitionExec=237920611;OrderedPartialAggregateStream=9064
event	429116	refusal	RepartitionExec[79]	1	450463	1779867	1974862072	260	122	1736930329	1579051	RepartitionExec[Merge]=1736930329;RepartitionExec=237920611;OrderedPartialAggregateStream=9064
event	429164	refusal	RepartitionExec[5]	1	835715	1573818	1974873500	260	122	1736943825	1578999	RepartitionExec[Merge]=1736943825;RepartitionExec=237920611;OrderedPartialAggregateStream=9064
event	429183	refusal	RepartitionExec[21]	1	459453	5216957	1974879284	260	122	1736949609	1578977	RepartitionExec[Merge]=1736949609;RepartitionExec=237920611;OrderedPartialAggregateStream=9064
event	429260	refusal	RepartitionExec[35]	1	481701	2013749	1974911664	260	122	1736981989	1578852	RepartitionExec[Merge]=1736981989;RepartitionExec=237920611;OrderedPartialAggregateStream=9064
event	429300	refusal	RepartitionExec[15]	1	480130	1949990	1974931328	260	122	1737001653	1578776	RepartitionExec[Merge]=1737001653;RepartitionExec=237920611;OrderedPartialAggregateStream=9064
event	429325	refusal	RepartitionExec[48]	1	705472	1856320	1974948588	260	122	1737018913	1578710	RepartitionExec[Merge]=1737018913;RepartitionExec=237920611;OrderedPartialAggregateStream=9064
event	429414	refusal	RepartitionExec[89]	1	469678	1850610	1974979812	260	122	1737050137	1578590	RepartitionExec[Merge]=1737050137;RepartitionExec=237920611;OrderedPartialAggregateStream=9064
event	429415	refusal	RepartitionExec[16]	1	480130	5118958	1974979812	260	122	1737050137	1578590	RepartitionExec[Merge]=1737050137;RepartitionExec=237920611;OrderedPartialAggregateStream=9064
event	429475	refusal	RepartitionExec[63]	1	456868	1739271	1975006376	260	122	1737076701	1578488	RepartitionExec[Merge]=1737076701;RepartitionExec=237920611;OrderedPartialAggregateStream=9064
event	429518	release_after_refusal	RepartitionExec[45]	1	456868	1117585	1974577040	260	122	1737104233		RepartitionExec[Merge]=1737104233;RepartitionExec=237463743;OrderedPartialAggregateStream=9064
event	429607	refusal	RepartitionExec[48]	1	463948	1856320	1974098271	260	122	1737104233	1578382	RepartitionExec[Merge]=1737104233;RepartitionExec=237463743;OrderedPartialAggregateStream=9064
event	429633	refusal	RepartitionExec[80]	1	450463	1795136	1974098271	260	122	1737105753	1578376	RepartitionExec[Merge]=1737105753;RepartitionExec=236982042;OrderedPartialAggregateStream=9064
event	429647	refusal	RepartitionExec[6]	1	835715	1244648	1975036100	260	122	1737587754	1576522	RepartitionExec[Merge]=1737587754;RepartitionExec=236982042;OrderedPartialAggregateStream=9064
event	429794	refusal	RepartitionExec[112]	1	503165	1366238	1975041556	260	122	1738049038	1574748	RepartitionExec[Merge]=1738049038;RepartitionExec=236982042;OrderedPartialAggregateStream=9064
event	429802	refusal	RepartitionExec[49]	1	463948	1643710	1975041556	260	122	1738049038	1574748	RepartitionExec[Merge]=1738049038;RepartitionExec=236982042;OrderedPartialAggregateStream=9064
event	429845	refusal	RepartitionExec[7]	1	835715	5212471	1975041556	260	122	1738049038	1574748	RepartitionExec[Merge]=1738049038;RepartitionExec=236982042;OrderedPartialAggregateStream=9064
event	429998	refusal	RepartitionExec[113]	1	503165	1366238	1975041556	260	122	1738049038	1574748	RepartitionExec[Merge]=1738049038;RepartitionExec=236982042;OrderedPartialAggregateStream=9064
event	430058	refusal	RepartitionExec[8]	1	835715	5212471	1975041556	260	122	1738049038	1574748	RepartitionExec[Merge]=1738049038;RepartitionExec=236982042;OrderedPartialAggregateStream=9064
event	430507	refusal	RepartitionExec[114]	1	503165	1424934	1975052876	260	122	1738061770	1574699	RepartitionExec[Merge]=1738061770;RepartitionExec=236982042;OrderedPartialAggregateStream=9064
event	430618	refusal	RepartitionExec[36]	1	481701	1938089	1975054036	260	122	1738061770	1574699	RepartitionExec[Merge]=1738061770;RepartitionExec=236982042;OrderedPartialAggregateStream=9064
event	430642	refusal	RepartitionExec[90]	1	469678	1867574	1975058852	260	122	1738066586	1574681	RepartitionExec[Merge]=1738066586;RepartitionExec=236982042;OrderedPartialAggregateStream=9064
event	430700	refusal	RepartitionExec[49]	1	705472	1643710	1975078620	260	122	1738085562	1574608	RepartitionExec[Merge]=1738085562;RepartitionExec=236982042;OrderedPartialAggregateStream=9064
event	430714	refusal	RepartitionExec[81]	1	450463	1680791	1975083288	260	122	1738090230	1574590	RepartitionExec[Merge]=1738090230;RepartitionExec=236982042;OrderedPartialAggregateStream=9064
event	430731	refusal	RepartitionExec[50]	1	463948	1856320	1975094380	260	122	1738103274	1574539	RepartitionExec[Merge]=1738103274;RepartitionExec=236982042;OrderedPartialAggregateStream=9064
event	430769	refusal	RepartitionExec[37]	1	481701	1863630	1975113328	260	122	1738122222	1574467	RepartitionExec[Merge]=1738122222;RepartitionExec=236982042;OrderedPartialAggregateStream=9064
event	430786	refusal	RepartitionExec[17]	1	480130	5158261	1975135556	260	122	1738144450	1574381	RepartitionExec[Merge]=1738144450;RepartitionExec=236982042;OrderedPartialAggregateStream=9064
event	430809	refusal	RepartitionExec[50]	1	705472	1856320	1975147252	260	122	1738156146	1574336	RepartitionExec[Merge]=1738156146;RepartitionExec=236982042;OrderedPartialAggregateStream=9064
event	430844	refusal	RepartitionExec[51]	1	463948	1839356	1975169684	260	122	1738178578	1574250	RepartitionExec[Merge]=1738178578;RepartitionExec=236982042;OrderedPartialAggregateStream=9064
event	430886	release_after_refusal	RepartitionExec[46]	1	456868	1117585	1974752564	260	122	1738218326		RepartitionExec[Merge]=1738218326;RepartitionExec=236525174;OrderedPartialAggregateStream=9064
event	430890	refusal	RepartitionExec[64]	1	456868	1856663	1974752564	260	122	1738218326	1574097	RepartitionExec[Merge]=1738218326;RepartitionExec=236525174;OrderedPartialAggregateStream=9064
event	430943	refusal	RepartitionExec[115]	1	503165	1714358	1974737383	260	122	1738704862	1572226	RepartitionExec[Merge]=1738704862;RepartitionExec=236525174;OrderedPartialAggregateStream=9064
event	430956	refusal	RepartitionExec[91]	1	469678	1867574	1974746715	260	122	1738715642	1572184	RepartitionExec[Merge]=1738715642;RepartitionExec=236525174;OrderedPartialAggregateStream=9064
event	430963	release_after_refusal	RepartitionExec[58]	1	503165	901803	1974748019	260	122	1738716946		RepartitionExec[Merge]=1738716946;RepartitionExec=236022009;OrderedPartialAggregateStream=9064
event	430992	refusal	RepartitionExec[22]	1	459453	5158261	1975286540	260	122	1739255467	1570108	RepartitionExec[Merge]=1739255467;RepartitionExec=236022009;OrderedPartialAggregateStream=9064
event	431009	release_after_refusal	RepartitionExec[28]	1	463948	839396	1974830180	260	122	1739263055		RepartitionExec[Merge]=1739263055;RepartitionExec=235558061;OrderedPartialAggregateStream=9064
event	431048	refusal	RepartitionExec[9]	1	835715	5212471	1975309640	260	122	1739742515	1568235	RepartitionExec[Merge]=1739742515;RepartitionExec=235558061;OrderedPartialAggregateStream=9064
event	431105	refusal	RepartitionExec[82]	1	450463	1739487	1975328624	260	122	1739761499	1568162	RepartitionExec[Merge]=1739761499;RepartitionExec=235558061;OrderedPartialAggregateStream=9064
event	431192	refusal	RepartitionExec[13]	1	702103	1682503	1975355068	260	122	1739786711	1568065	RepartitionExec[Merge]=1739786711;RepartitionExec=235558061;OrderedPartialAggregateStream=9064
event	431205	refusal	RepartitionExec[38]	1	481701	1863630	1975359292	260	122	1739792167	1568044	RepartitionExec[Merge]=1739792167;RepartitionExec=235558061;OrderedPartialAggregateStream=9064
event	431248	refusal	RepartitionExec[18]	1	480130	5332997	1975371040	260	122	1739803915	1567998	RepartitionExec[Merge]=1739803915;RepartitionExec=235558061;OrderedPartialAggregateStream=9064
event	431324	refusal	RepartitionExec[52]	1	463948	1716258	1975386028	260	122	1739818903	1567941	RepartitionExec[Merge]=1739818903;RepartitionExec=235558061;OrderedPartialAggregateStream=9064
event	431378	refusal	RepartitionExec[65]	1	456868	1739271	1975391024	260	122	1739823899	1567922	RepartitionExec[Merge]=1739823899;RepartitionExec=235558061;OrderedPartialAggregateStream=9064
event	431427	refusal	RepartitionExec[116]	1	503165	1366238	1975397464	260	122	1739830339	1567897	RepartitionExec[Merge]=1739830339;RepartitionExec=235558061;OrderedPartialAggregateStream=9064
event	431502	refusal	RepartitionExec[54]	1	463948	1739271	1975867196	260	122	1739836123	1567875	RepartitionExec[Merge]=1739836123;RepartitionExec=236022009;OrderedPartialAggregateStream=9064
event	431557	refusal	RepartitionExec[23]	1	459453	5158261	1975867196	260	122	1739836123	1567875	RepartitionExec[Merge]=1739836123;RepartitionExec=236022009;OrderedPartialAggregateStream=9064
event	431606	refusal	RepartitionExec[10]	1	835715	5212471	1975872652	260	122	1739841579	1567854	RepartitionExec[Merge]=1739841579;RepartitionExec=236022009;OrderedPartialAggregateStream=9064
event	431736	refusal	RepartitionExec[51]	1	705472	1839356	1975872652	260	122	1739841579	1567854	RepartitionExec[Merge]=1739841579;RepartitionExec=236022009;OrderedPartialAggregateStream=9064
event	431741	refusal	RepartitionExec[55]	1	463948	1756235	1975872652	260	122	1739841579	1567854	RepartitionExec[Merge]=1739841579;RepartitionExec=236022009;OrderedPartialAggregateStream=9064
event	431803	refusal	RepartitionExec[92]	1	469678	1613282	1975872652	260	122	1739841579	1567854	RepartitionExec[Merge]=1739841579;RepartitionExec=236022009;OrderedPartialAggregateStream=9064
event	431804	refusal	RepartitionExec[24]	1	459453	5158261	1975872652	260	122	1739842811	1567849	RepartitionExec[Merge]=1739842811;RepartitionExec=236022009;OrderedPartialAggregateStream=9064
event	431817	refusal	RepartitionExec[19]	1	480130	5217021	1975878108	260	122	1739842811	1567849	RepartitionExec[Merge]=1739842811;RepartitionExec=236022009;OrderedPartialAggregateStream=9064
event	431922	refusal	RepartitionExec[66]	1	456868	1739271	1975899012	260	122	1739867939	1567752	RepartitionExec[Merge]=1739867939;RepartitionExec=236022009;OrderedPartialAggregateStream=9064
event	431935	refusal	RepartitionExec[56]	1	463948	1882440	1975903828	260	122	1739872755	1567734	RepartitionExec[Merge]=1739872755;RepartitionExec=236022009;OrderedPartialAggregateStream=9064
event	432015	refusal	RepartitionExec[14]	1	702103	1477296	1975925388	260	122	1739894315	1567651	RepartitionExec[Merge]=1739894315;RepartitionExec=236022009;OrderedPartialAggregateStream=9064
event	432079	release_after_refusal	RepartitionExec[6]	1	463948	780700	1975484416	260	122	1740381239		RepartitionExec[Merge]=1740381239;RepartitionExec=235094113;OrderedPartialAggregateStream=9064
event	432080	refusal	RepartitionExec[83]	1	450463	1993779	1975484416	260	122	1740381239	1565778	RepartitionExec[Merge]=1740381239;RepartitionExec=235094113;OrderedPartialAggregateStream=9064
event	432094	refusal	RepartitionExec[39]	1	481701	1725820	1975953300	260	122	1740850123	1563975	RepartitionExec[Merge]=1740850123;RepartitionExec=235094113;OrderedPartialAggregateStream=9064
event	432262	refusal	RepartitionExec[52]	1	705472	1716258	1975541904	260	122	1740895595	1563800	RepartitionExec[Merge]=1740895595;RepartitionExec=235094113;OrderedPartialAggregateStream=9064
event	432296	refusal	RepartitionExec[11]	1	835715	2046240	1975553812	260	122	1740906235	1563759	RepartitionExec[Merge]=1740906235;RepartitionExec=235094113;OrderedPartialAggregateStream=9064
event	432375	refusal	RepartitionExec[117]	1	503165	1366238	1975572340	260	122	1740926031	1563683	RepartitionExec[Merge]=1740926031;RepartitionExec=235094113;OrderedPartialAggregateStream=9064
event	433168	refusal	RepartitionExec[84]	1	450463	1663827	1976075120	260	122	1740958459	1563558	RepartitionExec[Merge]=1740958459;RepartitionExec=235094113;OrderedPartialAggregateStream=9064
event	433180	refusal	RepartitionExec[20]	1	480130	5158261	1976075120	260	122	1740958459	1563558	RepartitionExec[Merge]=1740958459;RepartitionExec=235094113;OrderedPartialAggregateStream=9064
event	433190	refusal	RepartitionExec[67]	1	456868	1797967	1976075120	260	122	1740958459	1563558	RepartitionExec[Merge]=1740958459;RepartitionExec=235094113;OrderedPartialAggregateStream=9064
event	433202	refusal	RepartitionExec[15]	1	702103	1949990	1976076604	260	122	1740958459	1563558	RepartitionExec[Merge]=1740958459;RepartitionExec=235094113;OrderedPartialAggregateStream=9064
event	433212	refusal	RepartitionExec[40]	1	481701	1568048	1976076604	260	122	1740958459	1563558	RepartitionExec[Merge]=1740958459;RepartitionExec=235094113;OrderedPartialAggregateStream=9064
event	433227	refusal	RepartitionExec[93]	1	469678	1993779	1976076604	260	122	1740958459	1563558	RepartitionExec[Merge]=1740958459;RepartitionExec=235094113;OrderedPartialAggregateStream=9064
event	433231	release_after_refusal	RepartitionExec[47]	1	456868	1176281	1976076604	260	122	1740958459		RepartitionExec[Merge]=1740958459;RepartitionExec=234637245;OrderedPartialAggregateStream=9064
event	433240	refusal	RepartitionExec[53]	1	705472	1365751	1976081700	260	122	1740959691	1563553	RepartitionExec[Merge]=1740959691;RepartitionExec=234637245;OrderedPartialAggregateStream=9064
event	433249	refusal	RepartitionExec[12]	1	835715	1682503	1976081700	260	122	1740959691	1563553	RepartitionExec[Merge]=1740959691;RepartitionExec=234637245;OrderedPartialAggregateStream=9064
event	433258	refusal	RepartitionExec[118]	1	503165	1366238	1976081700	260	122	1740963163	1563540	RepartitionExec[Merge]=1740963163;RepartitionExec=234637245;OrderedPartialAggregateStream=9064
event	433270	refusal	RepartitionExec[25]	1	459453	1347203	1976563112	260	122	1740967795	1563522	RepartitionExec[Merge]=1740967795;RepartitionExec=235101193;OrderedPartialAggregateStream=9064
event	433290	refusal	RepartitionExec[85]	1	450463	1670626	1977018940	260	122	1740988907	1563441	RepartitionExec[Merge]=1740988907;RepartitionExec=235565141;OrderedPartialAggregateStream=9064
event	433302	refusal	RepartitionExec[59]	1	463948	1885584	1977020532	260	122	1740990499	1563435	RepartitionExec[Merge]=1740990499;RepartitionExec=235565141;OrderedPartialAggregateStream=9064
event	433308	refusal	RepartitionExec[21]	1	480130	5216957	1977026020	260	122	1741451815	1561660	RepartitionExec[Merge]=1741451815;RepartitionExec=235565141;OrderedPartialAggregateStream=9064
event	433346	release_after_refusal	RepartitionExec[52]	1	469678	1246580	1976568422	260	122	1741460971		RepartitionExec[Merge]=1741460971;RepartitionExec=235095463;OrderedPartialAggregateStream=9064
event	433359	refusal	RepartitionExec[94]	1	469678	1993779	1977048216	260	122	1741943689	1559769	RepartitionExec[Merge]=1741943689;RepartitionExec=235095463;OrderedPartialAggregateStream=9064
event	433765	refusal	RepartitionExec[41]	1	481701	1489269	1978061818	260	122	1741976073	1559644	RepartitionExec[Merge]=1741976073;RepartitionExec=235598628;OrderedPartialAggregateStream=8240
event	433773	refusal	RepartitionExec[13]	1	835715	1682503	1978061818	260	122	1741976073	1559644	RepartitionExec[Merge]=1741976073;RepartitionExec=235598628;OrderedPartialAggregateStream=8240
event	433787	refusal	RepartitionExec[16]	1	702103	5118958	1978524487	260	122	1741980233	1559628	RepartitionExec[Merge]=1741980233;RepartitionExec=236058081;OrderedPartialAggregateStream=8240
event	433796	refusal	RepartitionExec[68]	1	456868	1981516	1978524487	260	122	1741980233	1559628	RepartitionExec[Merge]=1741980233;RepartitionExec=236058081;OrderedPartialAggregateStream=8240
event	433818	refusal	RepartitionExec[86]	1	450463	1867574	1978524487	259	122	1741989593	1565614	RepartitionExec[Merge]=1741989593;RepartitionExec=236058081;OrderedPartialAggregateStream=8240
event	433829	refusal	RepartitionExec[54]	1	705472	1739271	1978529483	259	122	1741998573	1565579	RepartitionExec[Merge]=1741998573;RepartitionExec=236058081;OrderedPartialAggregateStream=8240
event	433832	refusal	RepartitionExec[60]	1	463948	1352266	1978531363	259	122	1741998573	1565579	RepartitionExec[Merge]=1741998573;RepartitionExec=236058081;OrderedPartialAggregateStream=8240
event	433848	refusal	RepartitionExec[22]	1	480130	5158261	1978538743	259	122	1742010001	1565535	RepartitionExec[Merge]=1742010001;RepartitionExec=236058081;OrderedPartialAggregateStream=8240
event	433861	refusal	RepartitionExec[95]	1	469678	1680791	1978542471	259	122	1742014817	1565516	RepartitionExec[Merge]=1742014817;RepartitionExec=236058081;OrderedPartialAggregateStream=8240
event	433892	refusal	RepartitionExec[42]	1	481701	1540018	1978575787	259	122	1742048133	1565388	RepartitionExec[Merge]=1742048133;RepartitionExec=236058081;OrderedPartialAggregateStream=8240
event	433942	refusal	RepartitionExec[14]	1	835715	1477296	1978628019	259	122	1742100365	1565186	RepartitionExec[Merge]=1742100365;RepartitionExec=236058081;OrderedPartialAggregateStream=8240
event	433977	refusal	RepartitionExec[17]	1	702103	5158261	1978652155	259	122	1742124501	1565093	RepartitionExec[Merge]=1742124501;RepartitionExec=236058081;OrderedPartialAggregateStream=8240
event	434050	refusal	RepartitionExec[29]	1	459453	1244648	1979201504	259	122	1742215117	1564743	RepartitionExec[Merge]=1742215117;RepartitionExec=236976987;OrderedPartialAggregateStream=8240
event	434131	refusal	RepartitionExec[43]	1	481701	1159317	1979213556	259	122	1742225757	1564702	RepartitionExec[Merge]=1742225757;RepartitionExec=236976987;OrderedPartialAggregateStream=8240
event	434141	refusal	RepartitionExec[87]	1	450463	1867574	1979213556	259	122	1742225757	1564702	RepartitionExec[Merge]=1742225757;RepartitionExec=236976987;OrderedPartialAggregateStream=8240
event	434149	refusal	RepartitionExec[23]	1	480130	5158261	1979222924	259	122	1742236537	1564660	RepartitionExec[Merge]=1742236537;RepartitionExec=236976987;OrderedPartialAggregateStream=8240
event	434157	refusal	RepartitionExec[61]	1	463948	1739271	1979222924	259	122	1742236537	1564660	RepartitionExec[Merge]=1742236537;RepartitionExec=236976987;OrderedPartialAggregateStream=8240
event	434165	refusal	RepartitionExec[55]	1	705472	1756235	1979222924	259	122	1742236537	1564660	RepartitionExec[Merge]=1742236537;RepartitionExec=236976987;OrderedPartialAggregateStream=8240
event	434217	refusal	RepartitionExec[96]	1	469678	1911519	1979243884	259	122	1742257497	1564579	RepartitionExec[Merge]=1742257497;RepartitionExec=236976987;OrderedPartialAggregateStream=8240
event	434261	refusal	RepartitionExec[69]	1	456868	1739271	1979283348	259	122	1742298121	1564422	RepartitionExec[Merge]=1742298121;RepartitionExec=236976987;OrderedPartialAggregateStream=8240
event	434282	refusal	RepartitionExec[24]	1	480130	5158261	1979294128	259	122	1742308901	1564381	RepartitionExec[Merge]=1742308901;RepartitionExec=236976987;OrderedPartialAggregateStream=8240
event	434348	refusal	RepartitionExec[18]	1	702103	5332997	1979345336	259	122	1742360109	1564183	RepartitionExec[Merge]=1742360109;RepartitionExec=236976987;OrderedPartialAggregateStream=8240
event	434371	refusal	RepartitionExec[30]	1	459453	1262401	1979358980	259	122	1742373753	1564130	RepartitionExec[Merge]=1742373753;RepartitionExec=236976987;OrderedPartialAggregateStream=8240
event	434418	refusal	RepartitionExec[70]	1	456868	1739271	1979375952	259	122	1742388233	1564074	RepartitionExec[Merge]=1742388233;RepartitionExec=236976987;OrderedPartialAggregateStream=8240
event	434430	refusal	RepartitionExec[88]	1	450463	1976815	1979384608	259	122	1742399381	1564031	RepartitionExec[Merge]=1742399381;RepartitionExec=236976987;OrderedPartialAggregateStream=8240
event	434460	refusal	RepartitionExec[15]	1	835715	1949990	1979410204	259	122	1742424977	1563933	RepartitionExec[Merge]=1742424977;RepartitionExec=236976987;OrderedPartialAggregateStream=8240
event	434484	refusal	RepartitionExec[62]	1	463948	1478471	1979439040	259	122	1742453813	1563821	RepartitionExec[Merge]=1742453813;RepartitionExec=236976987;OrderedPartialAggregateStream=8240
event	434529	refusal	RepartitionExec[56]	1	705472	1882440	1979484900	259	122	1742499673	1563644	RepartitionExec[Merge]=1742499673;RepartitionExec=236976987;OrderedPartialAggregateStream=8240
event	434571	refusal	RepartitionExec[97]	1	469678	2367309	1979540692	259	122	1742555465	1563429	RepartitionExec[Merge]=1742555465;RepartitionExec=236976987;OrderedPartialAggregateStream=8240
event	434590	refusal	RepartitionExec[63]	1	463948	1739271	1979566764	259	122	1742581537	1563328	RepartitionExec[Merge]=1742581537;RepartitionExec=236976987;OrderedPartialAggregateStream=8240
event	434646	refusal	RepartitionExec[25]	1	480130	1347203	1979641156	259	122	1742655929	1563041	RepartitionExec[Merge]=1742655929;RepartitionExec=236976987;OrderedPartialAggregateStream=8240
event	434659	refusal	RepartitionExec[19]	1	702103	5217021	1979664636	259	122	1742679409	1562950	RepartitionExec[Merge]=1742679409;RepartitionExec=236976987;OrderedPartialAggregateStream=8240
event	434715	refusal	RepartitionExec[31]	1	459453	1144437	1979729040	259	122	1742742473	1562707	RepartitionExec[Merge]=1742742473;RepartitionExec=236976987;OrderedPartialAggregateStream=8240
event	434723	release_after_refusal	RepartitionExec[30]	1	481701	780700	1979253959	259	122	1742749093		RepartitionExec[Merge]=1742749093;RepartitionExec=236495286;OrderedPartialAggregateStream=8240
event	434791	refusal	RepartitionExec[20]	1	702103	5158261	1979804284	259	122	1743294390	1560576	RepartitionExec[Merge]=1743294390;RepartitionExec=236495286;OrderedPartialAggregateStream=8240
event	434826	refusal	RepartitionExec[71]	1	456868	1865476	1979820948	259	122	1743317422	1560487	RepartitionExec[Merge]=1743317422;RepartitionExec=236495286;OrderedPartialAggregateStream=8240
event	434885	refusal	RepartitionExec[16]	1	835715	5118958	1979856924	259	122	1743353398	1560348	RepartitionExec[Merge]=1743353398;RepartitionExec=236495286;OrderedPartialAggregateStream=8240
event	434920	refusal	RepartitionExec[44]	1	481701	1100621	1979893628	259	122	1743390102	1560206	RepartitionExec[Merge]=1743390102;RepartitionExec=236495286;OrderedPartialAggregateStream=8240
event	434950	release_after_refusal	RepartitionExec[29]	1	463948	780700	1979480092	259	122	1743440514		RepartitionExec[Merge]=1743440514;RepartitionExec=236031338;OrderedPartialAggregateStream=8240
event	434952	refusal	RepartitionExec[57]	1	705472	1491956	1979480092	259	122	1743440514	1560012	RepartitionExec[Merge]=1743440514;RepartitionExec=236031338;OrderedPartialAggregateStream=8240
event	435011	refusal	RepartitionExec[98]	1	469678	2308613	1980000240	259	122	1743960662	1558003	RepartitionExec[Merge]=1743960662;RepartitionExec=236031338;OrderedPartialAggregateStream=8240
event	435048	refusal	RepartitionExec[64]	1	463948	1856663	1980047092	259	122	1744007514	1557822	RepartitionExec[Merge]=1744007514;RepartitionExec=236031338;OrderedPartialAggregateStream=8240
event	435085	refusal	RepartitionExec[26]	1	480130	1240153	1979605859	259	122	1744025734	1557752	RepartitionExec[Merge]=1744025734;RepartitionExec=236031338;OrderedPartialAggregateStream=8240
event	435096	refusal	RepartitionExec[89]	1	450463	1850610	1980073408	259	122	1744493283	1555947	RepartitionExec[Merge]=1744493283;RepartitionExec=235571885;OrderedPartialAggregateStream=8240
event	435139	refusal	RepartitionExec[99]	1	469678	2291649	1980107560	259	122	1744527435	1555815	RepartitionExec[Merge]=1744527435;RepartitionExec=235571885;OrderedPartialAggregateStream=8240
event	435180	refusal	RepartitionExec[65]	1	463948	1739271	1980161156	259	122	1744581031	1555608	RepartitionExec[Merge]=1744581031;RepartitionExec=235571885;OrderedPartialAggregateStream=8240
event	435191	refusal	RepartitionExec[72]	1	456868	1739271	1980186908	259	122	1744606783	1555509	RepartitionExec[Merge]=1744606783;RepartitionExec=235571885;OrderedPartialAggregateStream=8240
event	435231	refusal	RepartitionExec[17]	1	835715	5158261	1980257228	259	122	1745180268	1553294	RepartitionExec[Merge]=1745180268;RepartitionExec=235068720;OrderedPartialAggregateStream=8240
event	435278	refusal	RepartitionExec[104]	1	469678	1094982	1982253976	259	122	1745298304	1552839	RepartitionExec[Merge]=1745298304;RepartitionExec=236947432;OrderedPartialAggregateStream=8240
event	435318	release_after_refusal	RepartitionExec[21]	1	1036178	4180779	1981314782	259	122	1745854741		RepartitionExec[Merge]=1745854741;RepartitionExec=235451801;OrderedPartialAggregateStream=8240
event	435378	release_after_refusal	RepartitionExec[60]	1	450463	901803	1982000049	259	122	1746990471		RepartitionExec[Merge]=1746990471;RepartitionExec=235001338;OrderedPartialAggregateStream=8240
event	435446	refusal	RepartitionExec[58]	1	705472	1365751	1982532256	259	122	1748878490	1539016	RepartitionExec[Merge]=1748878490;RepartitionExec=233645526;OrderedPartialAggregateStream=8240
event	435467	refusal	RepartitionExec[21]	1	702103	2824967	1982550904	259	122	1748897138	1538944	RepartitionExec[Merge]=1748897138;RepartitionExec=233645526;OrderedPartialAggregateStream=8240
event	435524	release_after_refusal	RepartitionExec[39]	1	450463	1275357	1982171357	259	122	1748966966		RepartitionExec[Merge]=1748966966;RepartitionExec=233195063;OrderedPartialAggregateStream=8240
event	435531	refusal	RepartitionExec[90]	1	450463	1867574	1982667391	259	122	1748983958	1538608	RepartitionExec[Merge]=1748983958;RepartitionExec=233195063;OrderedPartialAggregateStream=8240
event	435557	release_after_refusal	RepartitionExec[40]	1	450463	1117585	1983645935	259	122	1749948547		RepartitionExec[Merge]=1749948547;RepartitionExec=234184990;OrderedPartialAggregateStream=8240
event	435567	refusal	RepartitionExec[32]	1	459453	1093688	1984141777	259	122	1749948547	1534884	RepartitionExec[Merge]=1749948547;RepartitionExec=234184990;OrderedPartialAggregateStream=8240
event	435570	refusal	RepartitionExec[31]	1	480130	1144437	1984141777	259	122	1749948547	1534884	RepartitionExec[Merge]=1749948547;RepartitionExec=234184990;OrderedPartialAggregateStream=8240
event	435597	refusal	RepartitionExec[59]	1	705472	1885584	1984624664	259	122	1750431434	1533020	RepartitionExec[Merge]=1750431434;RepartitionExec=234184990;OrderedPartialAggregateStream=8240
event	435631	refusal	RepartitionExec[66]	1	463948	1739271	1984654272	259	122	1750461042	1532905	RepartitionExec[Merge]=1750461042;RepartitionExec=234184990;OrderedPartialAggregateStream=8240
event	435657	refusal	RepartitionExec[73]	1	456868	1739271	1984679384	259	122	1750486154	1532808	RepartitionExec[Merge]=1750486154;RepartitionExec=234184990;OrderedPartialAggregateStream=8240
event	435727	refusal	RepartitionExec[106]	1	469678	1789595	1985224710	259	122	1750555722	1532540	RepartitionExec[Merge]=1750555722;RepartitionExec=234654668;OrderedPartialAggregateStream=8240
event	435740	refusal	RepartitionExec[18]	1	835715	5332997	1985245702	259	122	1750582794	1532435	RepartitionExec[Merge]=1750582794;RepartitionExec=234654668;OrderedPartialAggregateStream=8240
event	435770	refusal	RepartitionExec[45]	1	481701	1117585	1985271454	259	122	1750608546	1532336	RepartitionExec[Merge]=1750608546;RepartitionExec=234654668;OrderedPartialAggregateStream=8240
event	435821	refusal	RepartitionExec[22]	1	702103	5158261	1985350062	259	122	1750687154	1532032	RepartitionExec[Merge]=1750687154;RepartitionExec=234654668;OrderedPartialAggregateStream=8240
event	435841	refusal	RepartitionExec[91]	1	450463	1867574	1985371262	259	122	1750708354	1531950	RepartitionExec[Merge]=1750708354;RepartitionExec=234654668;OrderedPartialAggregateStream=8240
event	435881	refusal	RepartitionExec[33]	1	459453	1093688	1985418790	259	122	1750754722	1531771	RepartitionExec[Merge]=1750754722;RepartitionExec=234654668;OrderedPartialAggregateStream=8240
event	435885	refusal	RepartitionExec[32]	1	480130	1093688	1985424246	259	122	1750761338	1531746	RepartitionExec[Merge]=1750761338;RepartitionExec=234654668;OrderedPartialAggregateStream=8240
event	435921	refusal	RepartitionExec[60]	1	705472	901803	1985480382	259	122	1750816710	1531532	RepartitionExec[Merge]=1750816710;RepartitionExec=234654668;OrderedPartialAggregateStream=8240
event	435928	release_after_refusal	RepartitionExec[21]	1	904118	1920849	1984582048	259	122	1750822494		RepartitionExec[Merge]=1750822494;RepartitionExec=233750550;OrderedPartialAggregateStream=8240
event	435964	refusal	RepartitionExec[67]	1	463948	1797967	1985546002	259	122	1752773921	1523975	RepartitionExec[Merge]=1752773921;RepartitionExec=232763841;OrderedPartialAggregateStream=8240
event	435993	refusal	RepartitionExec[74]	1	456868	1739271	1985595674	259	122	1752823593	1523783	RepartitionExec[Merge]=1752823593;RepartitionExec=232763841;OrderedPartialAggregateStream=8240
event	436036	refusal	RepartitionExec[107]	1	469678	1366238	1985612118	259	122	1753404459	1521541	RepartitionExec[Merge]=1753404459;RepartitionExec=232199419;OrderedPartialAggregateStream=8240
event	436133	refusal	RepartitionExec[19]	1	835715	5217021	1985636270	259	122	1753428611	1521448	RepartitionExec[Merge]=1753428611;RepartitionExec=232199419;OrderedPartialAggregateStream=8240
event	436195	release_after_refusal	RepartitionExec[16]	1	1036178	4082780	1984611028	259	122	1753439547		RepartitionExec[Merge]=1753439547;RepartitionExec=231163241;OrderedPartialAggregateStream=8240
event	436209	refusal	RepartitionExec[23]	1	702103	5158261	1984620964	259	122	1753445259	1521383	RepartitionExec[Merge]=1753445259;RepartitionExec=231163241;OrderedPartialAggregateStream=8240
event	436229	refusal	RepartitionExec[92]	1	450463	1613282	1985658594	259	122	1754487113	1517361	RepartitionExec[Merge]=1754487113;RepartitionExec=231163241;OrderedPartialAggregateStream=8240
event	436332	refusal	RepartitionExec[20]	1	835715	5158261	1985769286	259	122	1755348125	1514036	RepartitionExec[Merge]=1755348125;RepartitionExec=230412921;OrderedPartialAggregateStream=8240
event	436353	refusal	RepartitionExec[93]	1	450463	1993779	1985803194	259	122	1755987525	1511568	RepartitionExec[Merge]=1755987525;RepartitionExec=229807429;OrderedPartialAggregateStream=8240
event	436375	refusal	RepartitionExec[46]	1	481701	1117585	1985348988	259	122	1756013449	1511467	RepartitionExec[Merge]=1756013449;RepartitionExec=229327299;OrderedPartialAggregateStream=8240
event	436413	refusal	RepartitionExec[68]	1	463948	1981516	1985858166	259	122	1756522627	1509502	RepartitionExec[Merge]=1756522627;RepartitionExec=229327299;OrderedPartialAggregateStream=8240
event	436447	refusal	RepartitionExec[61]	1	705472	1739271	1985906830	259	122	1756571291	1509314	RepartitionExec[Merge]=1756571291;RepartitionExec=229327299;OrderedPartialAggregateStream=8240
event	436467	refusal	RepartitionExec[33]	1	480130	1093688	1985938078	259	122	1756602539	1509193	RepartitionExec[Merge]=1756602539;RepartitionExec=229327299;OrderedPartialAggregateStream=8240
event	436467	release_after_refusal	RepartitionExec[57]	1	463948	1028008	1985474130	259	122	1756602539		RepartitionExec[Merge]=1756602539;RepartitionExec=228863351;OrderedPartialAggregateStream=8240
event	436497	release_after_refusal	RepartitionExec[53]	1	463948	901803	1985499542	259	122	1757091899		RepartitionExec[Merge]=1757091899;RepartitionExec=228399403;OrderedPartialAggregateStream=8240
event	436505	refusal	RepartitionExec[108]	1	469678	1349274	1985500738	259	122	1757556003	1505512	RepartitionExec[Merge]=1757556003;RepartitionExec=228399403;OrderedPartialAggregateStream=8240
event	436555	refusal	RepartitionExec[24]	1	702103	5158261	1986002942	259	122	1757592871	1505369	RepartitionExec[Merge]=1757592871;RepartitionExec=228399403;OrderedPartialAggregateStream=8240
event	436565	refusal	RepartitionExec[34]	1	459453	1152384	1986016618	259	122	1757608975	1505307	RepartitionExec[Merge]=1757608975;RepartitionExec=228399403;OrderedPartialAggregateStream=8240
event	436612	release_after_refusal	RepartitionExec[24]	1	1036178	4122083	1985010428	259	122	1757635203		RepartitionExec[Merge]=1757635203;RepartitionExec=227363225;OrderedPartialAggregateStream=8240
event	436622	refusal	RepartitionExec[75]	1	456868	1865476	1985016212	259	122	1757642615	1505177	RepartitionExec[Merge]=1757642615;RepartitionExec=227363225;OrderedPartialAggregateStream=8240
event	436680	release_after_refusal	RepartitionExec[22]	1	1036178	4122083	1984318764	259	122	1760149314		RepartitionExec[Merge]=1760149314;RepartitionExec=224905898;OrderedPartialAggregateStream=8240
event	436695	refusal	RepartitionExec[25]	1	702103	1347203	1984323760	259	122	1760154310	1495480	RepartitionExec[Merge]=1760154310;RepartitionExec=224155578;OrderedPartialAggregateStream=8240
event	436710	refusal	RepartitionExec[94]	1	450463	1993779	1984323760	259	122	1760159942	1495458	RepartitionExec[Merge]=1760159942;RepartitionExec=224155578;OrderedPartialAggregateStream=8240
event	436798	refusal	RepartitionExec[47]	1	481701	1176281	1983813457	259	122	1760171690	1495412	RepartitionExec[Merge]=1760171690;RepartitionExec=224155578;OrderedPartialAggregateStream=8240
event	436816	refusal	RepartitionExec[69]	1	463948	1739271	1984848595	259	122	1761209896	1491404	RepartitionExec[Merge]=1761209896;RepartitionExec=223630459;OrderedPartialAggregateStream=8240
event	436862	refusal	RepartitionExec[34]	1	480130	1152384	1985405102	259	122	1761766403	1489255	RepartitionExec[Merge]=1761766403;RepartitionExec=223630459;OrderedPartialAggregateStream=8240
event	436927	refusal	RepartitionExec[109]	1	469678	1366238	1984851618	259	122	1762568731	1486157	RepartitionExec[Merge]=1762568731;RepartitionExec=222274647;OrderedPartialAggregateStream=8240
event	436935	refusal	RepartitionExec[35]	1	459453	2013749	1985461534	259	122	1762572891	1486141	RepartitionExec[Merge]=1762572891;RepartitionExec=222274647;OrderedPartialAggregateStream=8240
event	437145	refusal	RepartitionExec[76]	1	456868	1981430	1986357390	259	122	1764678367	1478012	RepartitionExec[Merge]=1764678367;RepartitionExec=221669155;OrderedPartialAggregateStream=8240
event	437149	refusal	RepartitionExec[21]	1	835715	839396	1986357390	259	122	1764678367	1478012	RepartitionExec[Merge]=1764678367;RepartitionExec=221669155;OrderedPartialAggregateStream=8240
event	437165	refusal	RepartitionExec[62]	1	705472	1478471	1986363394	259	122	1764684371	1477989	RepartitionExec[Merge]=1764684371;RepartitionExec=221669155;OrderedPartialAggregateStream=8240
event	437182	refusal	RepartitionExec[26]	1	702103	1240153	1986376994	259	122	1764699599	1477930	RepartitionExec[Merge]=1764699599;RepartitionExec=221669155;OrderedPartialAggregateStream=8240
event	437209	release_after_refusal	RepartitionExec[17]	1	1036178	4122083	1985367692	259	122	1764726475		RepartitionExec[Merge]=1764726475;RepartitionExec=220632977;OrderedPartialAggregateStream=8240
event	437293	refusal	RepartitionExec[77]	1	456868	2161704	1986473338	259	122	1765830781	1473563	RepartitionExec[Merge]=1765830781;RepartitionExec=220632977;OrderedPartialAggregateStream=8240
event	437300	refusal	RepartitionExec[48]	1	481701	1856320	1986477962	259	122	1765836745	1473540	RepartitionExec[Merge]=1765836745;RepartitionExec=220632977;OrderedPartialAggregateStream=8240
event	437335	refusal	RepartitionExec[70]	1	463948	1739271	1985599416	259	122	1765862317	1473441	RepartitionExec[Merge]=1765862317;RepartitionExec=219728859;OrderedPartialAggregateStream=8240
event	437366	refusal	RepartitionExec[35]	1	480130	2013749	1986030579	259	122	1766810511	1469780	RepartitionExec[Merge]=1766810511;RepartitionExec=219728859;OrderedPartialAggregateStream=8240
event	437400	refusal	RepartitionExec[110]	1	469678	1366238	1985080116	259	122	1768119978	1464724	RepartitionExec[Merge]=1768119978;RepartitionExec=216951898;OrderedPartialAggregateStream=8240
event	437451	refusal	RepartitionExec[36]	1	459453	1938089	1986645342	259	122	1771236335	1452692	RepartitionExec[Merge]=1771236335;RepartitionExec=215400767;OrderedPartialAggregateStream=8240
event	437669	refusal	RepartitionExec[37]	1	459453	1863630	1986696082	259	122	1771851497	1450317	RepartitionExec[Merge]=1771851497;RepartitionExec=214836345;OrderedPartialAggregateStream=8240
event	437699	release_after_refusal	RepartitionExec[23]	1	1036178	4122083	1985670028	259	122	1771861621		RepartitionExec[Merge]=1771861621;RepartitionExec=213800167;OrderedPartialAggregateStream=8240
event	437735	refusal	RepartitionExec[95]	1	450463	1680791	1985670028	259	122	1771861621	1450278	RepartitionExec[Merge]=1771861621;RepartitionExec=213800167;OrderedPartialAggregateStream=8240
event	437744	refusal	RepartitionExec[78]	1	456868	1865476	1985673608	259	122	1771861621	1450278	RepartitionExec[Merge]=1771861621;RepartitionExec=213800167;OrderedPartialAggregateStream=8240
event	437795	refusal	RepartitionExec[49]	1	481701	1643710	1986737902	259	122	1772929495	1446155	RepartitionExec[Merge]=1772929495;RepartitionExec=213800167;OrderedPartialAggregateStream=8240
event	437829	refusal	RepartitionExec[71]	1	463948	1865476	1986008234	259	122	1772950147	1446075	RepartitionExec[Merge]=1772950147;RepartitionExec=213049847;OrderedPartialAggregateStream=8240
event	437875	refusal	RepartitionExec[22]	1	835715	780700	1986182422	259	122	1773728379	1443070	RepartitionExec[Merge]=1773728379;RepartitionExec=213049847;OrderedPartialAggregateStream=8240
event	437877	refusal	RepartitionExec[36]	1	480130	1938089	1986182422	259	122	1773728379	1443070	RepartitionExec[Merge]=1773728379;RepartitionExec=213049847;OrderedPartialAggregateStream=8240
event	437893	refusal	RepartitionExec[111]	1	469678	1366238	1986195130	259	122	1773742535	1443015	RepartitionExec[Merge]=1773742535;RepartitionExec=212444355;OrderedPartialAggregateStream=8240
event	437910	refusal	RepartitionExec[63]	1	705472	1739271	1986815310	259	122	1774362715	1440621	RepartitionExec[Merge]=1774362715;RepartitionExec=212444355;OrderedPartialAggregateStream=8240
event	437936	refusal	RepartitionExec[38]	1	459453	1863630	1986834646	259	122	1774382051	1440546	RepartitionExec[Merge]=1774382051;RepartitionExec=212444355;OrderedPartialAggregateStream=8240
event	437941	refusal	RepartitionExec[72]	1	463948	1739271	1986834646	259	122	1774382051	1440546	RepartitionExec[Merge]=1774382051;RepartitionExec=212444355;OrderedPartialAggregateStream=8240
event	437961	refusal	RepartitionExec[79]	1	456868	1779867	1986849302	259	122	1774395547	1440494	RepartitionExec[Merge]=1774395547;RepartitionExec=212444355;OrderedPartialAggregateStream=8240
event	437995	refusal	RepartitionExec[50]	1	481701	1856320	1986877162	259	122	1774422399	1440390	RepartitionExec[Merge]=1774422399;RepartitionExec=212444355;OrderedPartialAggregateStream=8240
event	438033	refusal	RepartitionExec[64]	1	705472	1856663	1986936554	259	122	1774483959	1440153	RepartitionExec[Merge]=1774483959;RepartitionExec=212444355;OrderedPartialAggregateStream=8240
event	438067	refusal	RepartitionExec[23]	1	835715	2766271	1986969386	259	122	1774516791	1440026	RepartitionExec[Merge]=1774516791;RepartitionExec=212444355;OrderedPartialAggregateStream=8240
event	438095	refusal	RepartitionExec[37]	1	480130	1863630	1986988906	259	122	1775005989	1438137	RepartitionExec[Merge]=1775005989;RepartitionExec=211974677;OrderedPartialAggregateStream=8240
event	438173	refusal	RepartitionExec[27]	1	702103	1376870	1986150500	259	122	1775069641	1437891	RepartitionExec[Merge]=1775069641;RepartitionExec=211070559;OrderedPartialAggregateStream=8240
event	438186	refusal	RepartitionExec[24]	1	835715	780700	1987063390	259	122	1775984591	1434359	RepartitionExec[Merge]=1775984591;RepartitionExec=211070559;OrderedPartialAggregateStream=8240
event	438235	release_after_refusal	RepartitionExec[23]	1	904118	1862153	1986194028	259	122	1776536378		RepartitionExec[Merge]=1776536378;RepartitionExec=209649410;OrderedPartialAggregateStream=8240
event	438299	refusal	RepartitionExec[39]	1	459453	1275357	1987138178	259	122	1778561981	1424407	RepartitionExec[Merge]=1778561981;RepartitionExec=208567957;OrderedPartialAggregateStream=8240
event	438318	refusal	RepartitionExec[38]	1	480130	1863630	1986590976	259	122	1778579201	1424341	RepartitionExec[Merge]=1778579201;RepartitionExec=208567957;OrderedPartialAggregateStream=8240
event	438323	refusal	RepartitionExec[73]	1	463948	1739271	1986590976	259	122	1778579201	1424341	RepartitionExec[Merge]=1778579201;RepartitionExec=208567957;OrderedPartialAggregateStream=8240
event	438352	release_after_refusal	RepartitionExec[18]	1	1036178	4296819	1986146828	259	122	1779171231		RepartitionExec[Merge]=1779171231;RepartitionExec=206967357;OrderedPartialAggregateStream=8240
event	438435	refusal	RepartitionExec[40]	1	459453	1117585	1987256634	259	122	1780279805	1417775	RepartitionExec[Merge]=1780279805;RepartitionExec=206967357;OrderedPartialAggregateStream=8240
event	438447	refusal	RepartitionExec[51]	1	481701	1839356	1987273302	259	122	1780297705	1417706	RepartitionExec[Merge]=1780297705;RepartitionExec=206967357;OrderedPartialAggregateStream=8240
event	438617	refusal	RepartitionExec[65]	1	705472	1739271	1986723194	259	122	1781082881	1414674	RepartitionExec[Merge]=1781082881;RepartitionExec=205611545;OrderedPartialAggregateStream=8240
event	438631	refusal	RepartitionExec[96]	1	450463	1911519	1986725002	259	122	1781090033	1414647	RepartitionExec[Merge]=1781090033;RepartitionExec=205611545;OrderedPartialAggregateStream=8240
event	438650	refusal	RepartitionExec[28]	1	702103	839396	1986725002	259	122	1781103409	1414595	RepartitionExec[Merge]=1781103409;RepartitionExec=205611545;OrderedPartialAggregateStream=8240
event	438762	refusal	RepartitionExec[25]	1	835715	1347203	1986760566	259	122	1781131741	1414486	RepartitionExec[Merge]=1781131741;RepartitionExec=205611545;OrderedPartialAggregateStream=8240
event	438795	refusal	RepartitionExec[80]	1	456868	1795136	1986768326	259	122	1781146733	1414428	RepartitionExec[Merge]=1781146733;RepartitionExec=205611545;OrderedPartialAggregateStream=8240
event	438918	refusal	RepartitionExec[39]	1	480130	1275357	1986797278	259	122	1781175685	1414316	RepartitionExec[Merge]=1781175685;RepartitionExec=205611545;OrderedPartialAggregateStream=8240
event	438926	refusal	RepartitionExec[112]	1	469678	1366238	1986797278	259	122	1781175685	1414316	RepartitionExec[Merge]=1781175685;RepartitionExec=205611545;OrderedPartialAggregateStream=8240
event	439054	refusal	RepartitionExec[26]	1	835715	1240153	1986804686	259	122	1781183093	1414287	RepartitionExec[Merge]=1781183093;RepartitionExec=205611545;OrderedPartialAggregateStream=8240
event	439088	refusal	RepartitionExec[52]	1	481701	1246580	1986827778	259	122	1781206185	1414198	RepartitionExec[Merge]=1781206185;RepartitionExec=205611545;OrderedPartialAggregateStream=8240
event	439909	refusal	RepartitionExec[54]	1	481701	1739271	1988007923	259	122	1781890501	1411556	RepartitionExec[Merge]=1781890501;RepartitionExec=206093246;OrderedPartialAggregateStream=8240
event	439933	refusal	RepartitionExec[74]	1	463948	1739271	1988007923	259	122	1781890501	1411556	RepartitionExec[Merge]=1781890501;RepartitionExec=206093246;OrderedPartialAggregateStream=8240
event	439960	refusal	RepartitionExec[40]	1	480130	1117585	1988007923	259	122	1781893717	1411544	RepartitionExec[Merge]=1781893717;RepartitionExec=206093246;OrderedPartialAggregateStream=8240
event	439997	refusal	RepartitionExec[29]	1	702103	780700	1987541765	259	122	1781906085	1411496	RepartitionExec[Merge]=1781906085;RepartitionExec=205623568;OrderedPartialAggregateStream=8240
event	440000	refusal	RepartitionExec[27]	1	835715	1376870	1987542853	259	122	1781907173	1411492	RepartitionExec[Merge]=1781907173;RepartitionExec=205623568;OrderedPartialAggregateStream=8240
event	440051	refusal	RepartitionExec[97]	1	450463	2367309	1988037119	259	122	1782405311	1409568	RepartitionExec[Merge]=1782405311;RepartitionExec=205623568;OrderedPartialAggregateStream=8240
event	440061	refusal	RepartitionExec[55]	1	481701	1756235	1988044379	259	122	1782412571	1409540	RepartitionExec[Merge]=1782412571;RepartitionExec=205623568;OrderedPartialAggregateStream=8240
event	440093	refusal	RepartitionExec[81]	1	456868	1680791	1988076307	259	122	1782444499	1409417	RepartitionExec[Merge]=1782444499;RepartitionExec=205623568;OrderedPartialAggregateStream=8240
event	440116	refusal	RepartitionExec[75]	1	463948	1865476	1988095883	259	122	1782464075	1409341	RepartitionExec[Merge]=1782464075;RepartitionExec=205623568;OrderedPartialAggregateStream=8240
event	440173	refusal	RepartitionExec[98]	1	450463	2308613	1988167323	259	122	1782535515	1409066	RepartitionExec[Merge]=1782535515;RepartitionExec=205623568;OrderedPartialAggregateStream=8240
event	440246	refusal	RepartitionExec[30]	1	702103	1260830	1988242011	259	122	1782610203	1408777	RepartitionExec[Merge]=1782610203;RepartitionExec=205623568;OrderedPartialAggregateStream=8240
event	440291	refusal	RepartitionExec[113]	1	469678	1366238	1988275067	259	122	1782640687	1408660	RepartitionExec[Merge]=1782640687;RepartitionExec=205623568;OrderedPartialAggregateStream=8240
event	440299	refusal	RepartitionExec[41]	1	459453	1489269	1988276407	259	122	1782640687	1408660	RepartitionExec[Merge]=1782640687;RepartitionExec=205623568;OrderedPartialAggregateStream=8240
event	440388	refusal	RepartitionExec[56]	1	481701	1882440	1987382189	259	122	1782647483	1408633	RepartitionExec[Merge]=1782647483;RepartitionExec=205623568;OrderedPartialAggregateStream=8240
event	440399	refusal	RepartitionExec[28]	1	835715	839396	1987391129	259	122	1782653859	1408609	RepartitionExec[Merge]=1782653859;RepartitionExec=205623568;OrderedPartialAggregateStream=8240
event	440412	refusal	RepartitionExec[31]	1	702103	1144437	1987391129	259	122	1782662099	1408577	RepartitionExec[Merge]=1782662099;RepartitionExec=204719450;OrderedPartialAggregateStream=8240
event	440423	refusal	RepartitionExec[114]	1	469678	1424934	1988300827	259	122	1783571797	1405065	RepartitionExec[Merge]=1783571797;RepartitionExec=204719450;OrderedPartialAggregateStream=8240
event	440448	refusal	RepartitionExec[76]	1	463948	1981430	1988316787	259	122	1784575806	1401188	RepartitionExec[Merge]=1784575806;RepartitionExec=203732741;OrderedPartialAggregateStream=8240
event	440497	refusal	RepartitionExec[41]	1	480130	1489269	1988336751	259	122	1784594682	1401115	RepartitionExec[Merge]=1784594682;RepartitionExec=203732741;OrderedPartialAggregateStream=8240
event	440534	refusal	RepartitionExec[29]	1	835715	780700	1988369551	259	122	1785191760	1398810	RepartitionExec[Merge]=1785191760;RepartitionExec=203168319;OrderedPartialAggregateStream=8240
event	440544	refusal	RepartitionExec[82]	1	456868	1739487	1988373775	259	122	1785197216	1398789	RepartitionExec[Merge]=1785197216;RepartitionExec=203168319;OrderedPartialAggregateStream=8240
event	440664	refusal	RepartitionExec[42]	1	459453	1540018	1987364197	259	122	1785222656	1398691	RepartitionExec[Merge]=1785222656;RepartitionExec=203168319;OrderedPartialAggregateStream=8240
event	441031	release_after_refusal	RepartitionExec[19]	1	1036178	4180843	1987370529	259	122	1785223816		RepartitionExec[Merge]=1785223816;RepartitionExec=202132141;OrderedPartialAggregateStream=8240
event	441039	refusal	RepartitionExec[57]	1	481701	1028008	1987374513	259	122	1785223816	1398686	RepartitionExec[Merge]=1785223816;RepartitionExec=202132141;OrderedPartialAggregateStream=8240
event	441046	refusal	RepartitionExec[30]	1	835715	1260830	1988412035	259	122	1785226200	1398677	RepartitionExec[Merge]=1785226200;RepartitionExec=202132141;OrderedPartialAggregateStream=8240
event	441056	refusal	RepartitionExec[99]	1	450463	2291649	1988419939	259	122	1785228476	1398668	RepartitionExec[Merge]=1785228476;RepartitionExec=202132141;OrderedPartialAggregateStream=8240
event	441069	refusal	RepartitionExec[32]	1	702103	1093688	1988419939	259	122	1785228476	1398668	RepartitionExec[Merge]=1785228476;RepartitionExec=202132141;OrderedPartialAggregateStream=8240
event	441077	refusal	RepartitionExec[115]	1	469678	1714358	1988419939	259	122	1785228476	1398668	RepartitionExec[Merge]=1785228476;RepartitionExec=202132141;OrderedPartialAggregateStream=8240
event	441086	refusal	RepartitionExec[77]	1	463948	2161704	1988429907	259	122	1785231372	1398657	RepartitionExec[Merge]=1785231372;RepartitionExec=202132141;OrderedPartialAggregateStream=8240
event	441093	refusal	RepartitionExec[42]	1	480130	1540018	1988429907	259	122	1785231372	1398657	RepartitionExec[Merge]=1785231372;RepartitionExec=202132141;OrderedPartialAggregateStream=8240
event	441102	refusal	RepartitionExec[83]	1	456868	1993779	1988429907	259	122	1785231372	1398657	RepartitionExec[Merge]=1785231372;RepartitionExec=202132141;OrderedPartialAggregateStream=8240
event	441112	refusal	RepartitionExec[66]	1	705472	1739271	1988429907	259	122	1785231372	1398657	RepartitionExec[Merge]=1785231372;RepartitionExec=202132141;OrderedPartialAggregateStream=8240
event	441129	refusal	RepartitionExec[43]	1	459453	1159317	1988433891	259	122	1786293510	1394556	RepartitionExec[Merge]=1786293510;RepartitionExec=202132141;OrderedPartialAggregateStream=8240
event	441133	refusal	RepartitionExec[58]	1	481701	1365751	1988433891	259	122	1786293510	1394556	RepartitionExec[Merge]=1786293510;RepartitionExec=202132141;OrderedPartialAggregateStream=8240
event	441174	refusal	RepartitionExec[31]	1	835715	1144437	1987729759	259	122	1786339698	1394378	RepartitionExec[Merge]=1786339698;RepartitionExec=202132141;OrderedPartialAggregateStream=8240
event	441217	refusal	RepartitionExec[43]	1	480130	1159317	1988527903	259	122	1787137842	1391296	RepartitionExec[Merge]=1787137842;RepartitionExec=201381821;OrderedPartialAggregateStream=8240
event	441260	refusal	RepartitionExec[33]	1	702103	1093688	1988578215	259	122	1787793646	1388764	RepartitionExec[Merge]=1787793646;RepartitionExec=200776329;OrderedPartialAggregateStream=8240
event	441281	refusal	RepartitionExec[116]	1	469678	1366238	1988592571	259	122	1787808002	1388709	RepartitionExec[Merge]=1787808002;RepartitionExec=200776329;OrderedPartialAggregateStream=8240
event	441368	refusal	RepartitionExec[78]	1	463948	1865476	1989076006	259	122	1787840974	1388581	RepartitionExec[Merge]=1787840974;RepartitionExec=201226792;OrderedPartialAggregateStream=8240
event	441494	refusal	RepartitionExec[84]	1	456868	1663827	1990438175	259	122	1787848138	1388554	RepartitionExec[Merge]=1787848138;RepartitionExec=202578181;OrderedPartialAggregateStream=8240
event	441616	refusal	RepartitionExec[104]	1	450463	1094982	1990438175	259	122	1787848138	1388554	RepartitionExec[Merge]=1787848138;RepartitionExec=202578181;OrderedPartialAggregateStream=8240
event	441838	refusal	RepartitionExec[44]	1	459453	1100621	1990455039	259	122	1787866694	1388482	RepartitionExec[Merge]=1787866694;RepartitionExec=202578181;OrderedPartialAggregateStream=8240
event	442324	refusal	RepartitionExec[59]	1	481701	1885584	1990474363	259	122	1787871478	1388463	RepartitionExec[Merge]=1787871478;RepartitionExec=202578181;OrderedPartialAggregateStream=8240
event	442334	refusal	RepartitionExec[32]	1	835715	1093688	1990924826	259	122	1787871478	1388463	RepartitionExec[Merge]=1787871478;RepartitionExec=202578181;OrderedPartialAggregateStream=8240
event	442341	refusal	RepartitionExec[45]	1	459453	1117585	1990924826	259	122	1787871478	1388463	RepartitionExec[Merge]=1787871478;RepartitionExec=202578181;OrderedPartialAggregateStream=8240
event	442351	refusal	RepartitionExec[34]	1	702103	1152384	1990926166	259	122	1787871478	1388463	RepartitionExec[Merge]=1787871478;RepartitionExec=202578181;OrderedPartialAggregateStream=8240
event	442362	refusal	RepartitionExec[67]	1	705472	1797967	1990926166	259	122	1787871478	1388463	RepartitionExec[Merge]=1787871478;RepartitionExec=202578181;OrderedPartialAggregateStream=8240
event	442376	refusal	RepartitionExec[117]	1	469678	1366238	1990926166	259	122	1787871478	1388463	RepartitionExec[Merge]=1787871478;RepartitionExec=202578181;OrderedPartialAggregateStream=8240
event	442383	refusal	RepartitionExec[79]	1	463948	1779867	1990926166	259	122	1787871478	1388463	RepartitionExec[Merge]=1787871478;RepartitionExec=202578181;OrderedPartialAggregateStream=8240
event	442404	refusal	RepartitionExec[85]	1	456868	1670626	1990414635	259	122	1788798900	1384883	RepartitionExec[Merge]=1788798900;RepartitionExec=201674063;OrderedPartialAggregateStream=8240
event	442441	refusal	RepartitionExec[44]	1	480130	1100621	1990922008	259	122	1788817404	1384811	RepartitionExec[Merge]=1788817404;RepartitionExec=201638733;OrderedPartialAggregateStream=8240
event	442452	refusal	RepartitionExec[61]	1	481701	1739271	1991449155	259	122	1789347495	1382765	RepartitionExec[Merge]=1789347495;RepartitionExec=202089196;OrderedPartialAggregateStream=8240
event	442470	refusal	RepartitionExec[106]	1	450463	1789595	1991465019	259	122	1789367583	1382687	RepartitionExec[Merge]=1789367583;RepartitionExec=202089196;OrderedPartialAggregateStream=8240
event	442489	refusal	RepartitionExec[33]	1	835715	1093688	1991473087	259	122	1789375651	1382656	RepartitionExec[Merge]=1789375651;RepartitionExec=202089196;OrderedPartialAggregateStream=8240
event	442493	release_after_refusal	RepartitionExec[97]	1	627822	1739487	1990845265	259	122	1789375651		RepartitionExec[Merge]=1789375651;RepartitionExec=201461374;OrderedPartialAggregateStream=8240
event	442557	refusal	RepartitionExec[45]	1	480130	1117585	1991525675	259	122	1790620483	1377850	RepartitionExec[Merge]=1790620483;RepartitionExec=200896952;OrderedPartialAggregateStream=8240
event	442567	refusal	RepartitionExec[46]	1	459453	1117585	1991544115	259	122	1790638923	1377778	RepartitionExec[Merge]=1790638923;RepartitionExec=200896952;OrderedPartialAggregateStream=8240
event	442618	release_after_refusal	RepartitionExec[58]	1	463948	901803	1991094795	259	122	1790653551		RepartitionExec[Merge]=1790653551;RepartitionExec=200433004;OrderedPartialAggregateStream=8240
event	442679	refusal	RepartitionExec[118]	1	469678	1366238	1991582515	259	122	1791141271	1375839	RepartitionExec[Merge]=1791141271;RepartitionExec=200433004;OrderedPartialAggregateStream=8240
event	442683	release_after_refusal	RepartitionExec[7]	1	723149	4489322	1990859366	259	122	1791141271		RepartitionExec[Merge]=1791141271;RepartitionExec=199709855;OrderedPartialAggregateStream=8240
event	442724	refusal	RepartitionExec[47]	1	459453	1176281	1991601391	259	122	1791883296	1372974	RepartitionExec[Merge]=1791883296;RepartitionExec=199709855;OrderedPartialAggregateStream=8240
event	442790	refusal	RepartitionExec[86]	1	456868	1867574	1991617019	259	122	1791898924	1372913	RepartitionExec[Merge]=1791898924;RepartitionExec=199709855;OrderedPartialAggregateStream=8240
event	442822	refusal	RepartitionExec[107]	1	450463	1366238	1992096001	259	122	1791908228	1372878	RepartitionExec[Merge]=1791908228;RepartitionExec=200179533;OrderedPartialAggregateStream=8240
event	442883	refusal	RepartitionExec[62]	1	481701	1478471	1992111465	259	122	1791923692	1372818	RepartitionExec[Merge]=1791923692;RepartitionExec=200179533;OrderedPartialAggregateStream=8240
event	442887	refusal	RepartitionExec[68]	1	705472	1981516	1992116921	259	122	1791929148	1372797	RepartitionExec[Merge]=1791929148;RepartitionExec=200179533;OrderedPartialAggregateStream=8240
event	442911	refusal	RepartitionExec[34]	1	835715	1152384	1992128341	259	122	1791940568	1372753	RepartitionExec[Merge]=1791940568;RepartitionExec=200179533;OrderedPartialAggregateStream=8240
event	442936	refusal	RepartitionExec[46]	1	480130	1117585	1992134633	259	122	1791946860	1372728	RepartitionExec[Merge]=1791946860;RepartitionExec=200179533;OrderedPartialAggregateStream=8240
event	442976	refusal	RepartitionExec[48]	1	459453	1856320	1992134933	259	122	1792551641	1370393	RepartitionExec[Merge]=1792551641;RepartitionExec=199575052;OrderedPartialAggregateStream=8240
event	443012	release_after_refusal	RepartitionExec[20]	1	1036178	4122083	1991109595	259	122	1792562481		RepartitionExec[Merge]=1792562481;RepartitionExec=198538874;OrderedPartialAggregateStream=8240
event	443022	refusal	RepartitionExec[80]	1	463948	1795136	1990079049	259	122	1792568113	1370330	RepartitionExec[Merge]=1792568113;RepartitionExec=198538874;OrderedPartialAggregateStream=8240
event	443061	refusal	RepartitionExec[35]	1	702103	2013749	1990696174	259	122	1793625559	1366247	RepartitionExec[Merge]=1793625559;RepartitionExec=197502696;OrderedPartialAggregateStream=8240
event	443061	release_after_refusal	RepartitionExec[106]	1	440321	1349274	1990696174	259	122	1793647939		RepartitionExec[Merge]=1793647939;RepartitionExec=197062375;OrderedPartialAggregateStream=8240
event	443141	refusal	RepartitionExec[81]	1	463948	1680791	1991731887	259	122	1795891722	1357497	RepartitionExec[Merge]=1795891722;RepartitionExec=196312055;OrderedPartialAggregateStream=8240
event	443205	refusal	RepartitionExec[36]	1	702103	1938089	1990759539	258	122	1796521554	1360318	RepartitionExec[Merge]=1796521554;RepartitionExec=195706563;OrderedPartialAggregateStream=7416
event	443239	release_after_refusal	RepartitionExec[5]	1	480130	1093688	1990766947	258	122	1796528962		RepartitionExec[Merge]=1796528962;RepartitionExec=194230569;OrderedPartialAggregateStream=7416
event	443598	refusal	RepartitionExec[63]	1	481701	1739271	1992250869	258	122	1796538970	1360250	RepartitionExec[Merge]=1796538970;RepartitionExec=194230569;OrderedPartialAggregateStream=7416
event	443612	refusal	RepartitionExec[47]	1	480130	1176281	1992250869	258	122	1796538970	1360250	RepartitionExec[Merge]=1796538970;RepartitionExec=194230569;OrderedPartialAggregateStream=7416
event	443612	refusal	RepartitionExec[49]	1	459453	1643710	1992250869	258	122	1796538970	1360250	RepartitionExec[Merge]=1796538970;RepartitionExec=194230569;OrderedPartialAggregateStream=7416
event	443639	refusal	RepartitionExec[82]	1	463948	1739487	1992250869	258	122	1797533794	1356394	RepartitionExec[Merge]=1797533794;RepartitionExec=194230569;OrderedPartialAggregateStream=7416
event	443640	refusal	RepartitionExec[37]	1	702103	1863630	1992250869	258	122	1797533794	1356394	RepartitionExec[Merge]=1797533794;RepartitionExec=194230569;OrderedPartialAggregateStream=7416
event	443705	refusal	RepartitionExec[108]	1	450463	1349274	1992264285	258	122	1799594213	1348408	RepartitionExec[Merge]=1799594213;RepartitionExec=192181938;OrderedPartialAggregateStream=7416
event	443746	refusal	RepartitionExec[69]	1	705472	1739271	1992286333	258	122	1799617889	1348316	RepartitionExec[Merge]=1799617889;RepartitionExec=192181938;OrderedPartialAggregateStream=7416
event	443755	refusal	RepartitionExec[35]	1	835715	2013749	1992290821	258	122	1799622377	1348299	RepartitionExec[Merge]=1799622377;RepartitionExec=192181938;OrderedPartialAggregateStream=7416
event	443818	refusal	RepartitionExec[64]	1	481701	1856663	1992311077	258	122	1800207055	1346033	RepartitionExec[Merge]=1800207055;RepartitionExec=191617516;OrderedPartialAggregateStream=7416
event	443851	refusal	RepartitionExec[87]	1	456868	1867574	1992314925	258	122	1800210903	1346018	RepartitionExec[Merge]=1800210903;RepartitionExec=191617516;OrderedPartialAggregateStream=7416
event	443893	refusal	RepartitionExec[50]	1	459453	1856320	1992327001	258	122	1800702069	1344114	RepartitionExec[Merge]=1800702069;RepartitionExec=191617516;OrderedPartialAggregateStream=7416
event	443899	refusal	RepartitionExec[48]	1	480130	1856320	1992327001	258	122	1800702069	1344114	RepartitionExec[Merge]=1800702069;RepartitionExec=191617516;OrderedPartialAggregateStream=7416
event	443956	refusal	RepartitionExec[83]	1	463948	1993779	1992340881	258	122	1800715949	1344060	RepartitionExec[Merge]=1800715949;RepartitionExec=191617516;OrderedPartialAggregateStream=7416
event	444051	refusal	RepartitionExec[38]	1	702103	1863630	1992391853	258	122	1801211538	1342139	RepartitionExec[Merge]=1801211538;RepartitionExec=191172899;OrderedPartialAggregateStream=7416
event	444068	release_after_refusal	RepartitionExec[48]	1	738735	1117585	1991653118	258	122	1801211538		RepartitionExec[Merge]=1801211538;RepartitionExec=190434164;OrderedPartialAggregateStream=7416
event	444121	refusal	RepartitionExec[84]	1	463948	1663827	1991687776	258	122	1801969345	1339202	RepartitionExec[Merge]=1801969345;RepartitionExec=190434164;OrderedPartialAggregateStream=7416
event	444126	refusal	RepartitionExec[70]	1	705472	1739271	1991687776	258	122	1801969345	1339202	RepartitionExec[Merge]=1801969345;RepartitionExec=190434164;OrderedPartialAggregateStream=7416
event	444138	release_after_refusal	RepartitionExec[8]	1	723149	4489322	1991695824	258	122	1801977393		RepartitionExec[Merge]=1801977393;RepartitionExec=189711015;OrderedPartialAggregateStream=7416
event	444140	release_after_refusal	RepartitionExec[49]	1	467429	1176281	1991228395	258	122	1801982389		RepartitionExec[Merge]=1801982389;RepartitionExec=189243586;OrderedPartialAggregateStream=7416
event	444453	refusal	RepartitionExec[65]	1	481701	1739271	1991722110	258	122	1803195243	1334451	RepartitionExec[Merge]=1803195243;RepartitionExec=188639105;OrderedPartialAggregateStream=7416
event	444465	refusal	RepartitionExec[36]	1	835715	1938089	1991722110	258	122	1803195243	1334451	RepartitionExec[Merge]=1803195243;RepartitionExec=188639105;OrderedPartialAggregateStream=7416
event	444474	refusal	RepartitionExec[85]	1	463948	1670626	1991722110	258	122	1803197627	1334441	RepartitionExec[Merge]=1803197627;RepartitionExec=188639105;OrderedPartialAggregateStream=7416
event	444478	release_after_refusal	RepartitionExec[50]	1	738735	1117585	1991730366	258	122	1803198643		RepartitionExec[Merge]=1803198643;RepartitionExec=187900370;OrderedPartialAggregateStream=7416
event	444487	refusal	RepartitionExec[51]	1	459453	1839356	1991733838	258	122	1803202115	1334424	RepartitionExec[Merge]=1803202115;RepartitionExec=187900370;OrderedPartialAggregateStream=7416
event	444504	refusal	RepartitionExec[49]	1	480130	1176281	1992473377	258	122	1803203959	1334417	RepartitionExec[Merge]=1803203959;RepartitionExec=187900370;OrderedPartialAggregateStream=7416
event	444510	refusal	RepartitionExec[39]	1	702103	1275357	1992473377	258	122	1803203959	1334417	RepartitionExec[Merge]=1803203959;RepartitionExec=187900370;OrderedPartialAggregateStream=7416
event	444540	refusal	RepartitionExec[109]	1	450463	1366238	1992484337	258	122	1804576551	1329097	RepartitionExec[Merge]=1804576551;RepartitionExec=187900370;OrderedPartialAggregateStream=7416
event	444583	refusal	RepartitionExec[66]	1	481701	1739271	1991498307	258	122	1804626699	1328902	RepartitionExec[Merge]=1804626699;RepartitionExec=186864192;OrderedPartialAggregateStream=7416
event	444621	release_after_refusal	RepartitionExec[51]	1	738735	1100621	1991843874	258	122	1805711001		RepartitionExec[Merge]=1805711001;RepartitionExec=186125457;OrderedPartialAggregateStream=7416
event	444650	refusal	RepartitionExec[37]	1	835715	1863630	1992602649	258	122	1806469776	1321759	RepartitionExec[Merge]=1806469776;RepartitionExec=186125457;OrderedPartialAggregateStream=7416
event	444665	refusal	RepartitionExec[71]	1	705472	1865476	1992602649	258	122	1806469776	1321759	RepartitionExec[Merge]=1806469776;RepartitionExec=186125457;OrderedPartialAggregateStream=7416
event	444667	refusal	RepartitionExec[110]	1	450463	1366238	1992602649	258	122	1806469776	1321759	RepartitionExec[Merge]=1806469776;RepartitionExec=186125457;OrderedPartialAggregateStream=7416
event	444734	refusal	RepartitionExec[52]	1	459453	1246580	1991619781	258	122	1806479956	1321719	RepartitionExec[Merge]=1806479956;RepartitionExec=185129593;OrderedPartialAggregateStream=7416
event	444892	refusal	RepartitionExec[38]	1	835715	1863630	1991627697	258	122	1806487872	1321689	RepartitionExec[Merge]=1806487872;RepartitionExec=185129593;OrderedPartialAggregateStream=7416
event	445053	refusal	RepartitionExec[86]	1	463948	1867574	1991694661	258	122	1806552920	1321436	RepartitionExec[Merge]=1806552920;RepartitionExec=185129593;OrderedPartialAggregateStream=7416
event	445099	refusal	RepartitionExec[67]	1	481701	1797967	1991720513	258	122	1806580688	1321329	RepartitionExec[Merge]=1806580688;RepartitionExec=185129593;OrderedPartialAggregateStream=7416
event	445157	refusal	RepartitionExec[88]	1	456868	1976815	1991759997	258	122	1806620172	1321176	RepartitionExec[Merge]=1806620172;RepartitionExec=185129593;OrderedPartialAggregateStream=7416
event	445195	refusal	RepartitionExec[40]	1	702103	1117585	1991772221	258	122	1806632396	1321128	RepartitionExec[Merge]=1806632396;RepartitionExec=185129593;OrderedPartialAggregateStream=7416
event	445306	refusal	RepartitionExec[72]	1	705472	1739271	1991805813	258	122	1806664144	1321005	RepartitionExec[Merge]=1806664144;RepartitionExec=185129593;OrderedPartialAggregateStream=7416
event	445357	refusal	RepartitionExec[53]	1	459453	1383504	1991831353	258	122	1806691528	1320899	RepartitionExec[Merge]=1806691528;RepartitionExec=185129593;OrderedPartialAggregateStream=7416
event	445365	refusal	RepartitionExec[111]	1	450463	1366238	1991831353	258	122	1806691528	1320899	RepartitionExec[Merge]=1806691528;RepartitionExec=185129593;OrderedPartialAggregateStream=7416
event	445429	refusal	RepartitionExec[50]	1	480130	1117585	1991843577	258	122	1806703752	1320852	RepartitionExec[Merge]=1806703752;RepartitionExec=185129593;OrderedPartialAggregateStream=7416
event	445530	refusal	RepartitionExec[87]	1	463948	1867574	1992866685	258	122	1807728944	1316878	RepartitionExec[Merge]=1807728944;RepartitionExec=184502111;OrderedPartialAggregateStream=7416
event	445543	refusal	RepartitionExec[39]	1	835715	1275357	1992872829	258	122	1808363302	1314419	RepartitionExec[Merge]=1808363302;RepartitionExec=184502111;OrderedPartialAggregateStream=7416
event	445623	refusal	RepartitionExec[51]	1	480130	1100621	1992885613	258	122	1808376086	1314370	RepartitionExec[Merge]=1808376086;RepartitionExec=184502111;OrderedPartialAggregateStream=7416
event	445671	refusal	RepartitionExec[89]	1	456868	1850610	1992905109	258	122	1808394170	1314300	RepartitionExec[Merge]=1808394170;RepartitionExec=184502111;OrderedPartialAggregateStream=7416
event	445817	refusal	RepartitionExec[73]	1	705472	1739271	1992930729	258	122	1808421202	1314195	RepartitionExec[Merge]=1808421202;RepartitionExec=184502111;OrderedPartialAggregateStream=7416
event	445855	refusal	RepartitionExec[40]	1	835715	1117585	1992936053	258	122	1808426526	1314174	RepartitionExec[Merge]=1808426526;RepartitionExec=184502111;OrderedPartialAggregateStream=7416
event	445882	refusal	RepartitionExec[90]	1	456868	1867574	1992940213	258	122	1808430686	1314158	RepartitionExec[Merge]=1808430686;RepartitionExec=184502111;OrderedPartialAggregateStream=7416
event	445997	refusal	RepartitionExec[112]	1	450463	1366238	1992964277	258	122	1808452574	1314073	RepartitionExec[Merge]=1808452574;RepartitionExec=184502111;OrderedPartialAggregateStream=7416
event	446012	refusal	RepartitionExec[74]	1	705472	1739271	1992971765	258	122	1808462238	1314036	RepartitionExec[Merge]=1808462238;RepartitionExec=184502111;OrderedPartialAggregateStream=7416
event	446044	refusal	RepartitionExec[41]	1	835715	1489269	1992983513	258	122	1808473986	1313990	RepartitionExec[Merge]=1808473986;RepartitionExec=184502111;OrderedPartialAggregateStream=7416
event	446086	refusal	RepartitionExec[41]	1	702103	1489269	1992572828	258	122	1808507918	1313859	RepartitionExec[Merge]=1808507918;RepartitionExec=184502111;OrderedPartialAggregateStream=7416
event	446132	refusal	RepartitionExec[52]	1	480130	1246580	1992604208	258	122	1808539298	1313737	RepartitionExec[Merge]=1808539298;RepartitionExec=184502111;OrderedPartialAggregateStream=7416
event	446173	refusal	RepartitionExec[88]	1	463948	1976815	1992642316	258	122	1808577406	1313590	RepartitionExec[Merge]=1808577406;RepartitionExec=184502111;OrderedPartialAggregateStream=7416
event	446372	refusal	RepartitionExec[54]	1	459453	1739271	1993123405	258	122	1809056427	1311733	RepartitionExec[Merge]=1809056427;RepartitionExec=184057494;OrderedPartialAggregateStream=7416
event	446448	refusal	RepartitionExec[89]	1	463948	1850610	1993123405	258	122	1809057407	1311729	RepartitionExec[Merge]=1809057407;RepartitionExec=184057494;OrderedPartialAggregateStream=7416
event	446681	refusal	RepartitionExec[75]	1	705472	1865476	1993142685	258	122	1809074591	1311663	RepartitionExec[Merge]=1809074591;RepartitionExec=184057494;OrderedPartialAggregateStream=7416
event	446710	refusal	RepartitionExec[91]	1	456868	1867574	1993149933	258	122	1809083935	1311626	RepartitionExec[Merge]=1809083935;RepartitionExec=184057494;OrderedPartialAggregateStream=7416
event	446850	refusal	RepartitionExec[42]	1	702103	1540018	1993171953	258	122	1809105955	1311541	RepartitionExec[Merge]=1809105955;RepartitionExec=184057494;OrderedPartialAggregateStream=7416
event	446867	refusal	RepartitionExec[76]	1	705472	1981430	1993180497	258	122	1809115587	1311504	RepartitionExec[Merge]=1809115587;RepartitionExec=184057494;OrderedPartialAggregateStream=7416
event	446913	refusal	RepartitionExec[113]	1	450463	1366238	1993189653	258	122	1809124743	1311468	RepartitionExec[Merge]=1809124743;RepartitionExec=184057494;OrderedPartialAggregateStream=7416
event	446994	refusal	RepartitionExec[42]	1	835715	1540018	1993233317	258	122	1809167247	1311303	RepartitionExec[Merge]=1809167247;RepartitionExec=184057494;OrderedPartialAggregateStream=7416
event	447000	refusal	RepartitionExec[68]	1	481701	1981516	1993238313	258	122	1809172243	1311284	RepartitionExec[Merge]=1809172243;RepartitionExec=184057494;OrderedPartialAggregateStream=7416
event	447064	refusal	RepartitionExec[90]	1	463948	1867574	1993269909	258	122	1809674677	1309337	RepartitionExec[Merge]=1809674677;RepartitionExec=183587816;OrderedPartialAggregateStream=7416
event	447086	refusal	RepartitionExec[92]	1	456868	1613282	1993288113	258	122	1809692881	1309266	RepartitionExec[Merge]=1809692881;RepartitionExec=183587816;OrderedPartialAggregateStream=7416
event	447118	refusal	RepartitionExec[55]	1	459453	1756235	1993288113	258	122	1809692881	1309266	RepartitionExec[Merge]=1809692881;RepartitionExec=183587816;OrderedPartialAggregateStream=7416
event	447182	refusal	RepartitionExec[43]	1	835715	1159317	1993311101	258	122	1809715869	1309177	RepartitionExec[Merge]=1809715869;RepartitionExec=183587816;OrderedPartialAggregateStream=7416
event	447813	refusal	RepartitionExec[77]	1	705472	2161704	1993459309	258	122	1809862737	1308608	RepartitionExec[Merge]=1809862737;RepartitionExec=183587816;OrderedPartialAggregateStream=7416
event	447878	refusal	RepartitionExec[53]	1	480130	1383504	1993470089	258	122	1809873517	1308566	RepartitionExec[Merge]=1809873517;RepartitionExec=183587816;OrderedPartialAggregateStream=7416
event	447901	refusal	RepartitionExec[114]	1	450463	1424934	1993482301	258	122	1809887069	1308513	RepartitionExec[Merge]=1809887069;RepartitionExec=183587816;OrderedPartialAggregateStream=7416
event	448515	refusal	RepartitionExec[78]	1	705472	1865476	1993545993	258	122	1809931485	1308341	RepartitionExec[Merge]=1809931485;RepartitionExec=183587816;OrderedPartialAggregateStream=7416
event	448535	refusal	RepartitionExec[54]	1	480130	1739271	1993556233	258	122	1809961001	1308227	RepartitionExec[Merge]=1809961001;RepartitionExec=183587816;OrderedPartialAggregateStream=7416
event	448585	refusal	RepartitionExec[91]	1	463948	1867574	1993573765	258	122	1809978533	1308159	RepartitionExec[Merge]=1809978533;RepartitionExec=183587816;OrderedPartialAggregateStream=7416
event	448682	refusal	RepartitionExec[93]	1	456868	1993779	1993605833	258	122	1810010601	1308035	RepartitionExec[Merge]=1810010601;RepartitionExec=183587816;OrderedPartialAggregateStream=7416
event	448777	refusal	RepartitionExec[56]	1	459453	1882440	1993634145	258	122	1810038913	1307925	RepartitionExec[Merge]=1810038913;RepartitionExec=183587816;OrderedPartialAggregateStream=7416
event	448785	refusal	RepartitionExec[92]	1	463948	1613282	1993634145	258	122	1810038913	1307925	RepartitionExec[Merge]=1810038913;RepartitionExec=183587816;OrderedPartialAggregateStream=7416
event	448821	refusal	RepartitionExec[115]	1	450463	1714358	1993641241	258	122	1810044057	1307905	RepartitionExec[Merge]=1810044057;RepartitionExec=183587816;OrderedPartialAggregateStream=7416
event	448890	refusal	RepartitionExec[43]	1	702103	1159317	1993666341	258	122	1810070201	1307804	RepartitionExec[Merge]=1810070201;RepartitionExec=183587816;OrderedPartialAggregateStream=7416
event	448969	refusal	RepartitionExec[79]	1	705472	1779867	1993681985	258	122	1810085197	1307745	RepartitionExec[Merge]=1810085197;RepartitionExec=183587816;OrderedPartialAggregateStream=7416
event	449013	refusal	RepartitionExec[69]	1	481701	1739271	1993697869	258	122	1810102637	1307678	RepartitionExec[Merge]=1810102637;RepartitionExec=183587816;OrderedPartialAggregateStream=7416
event	449073	refusal	RepartitionExec[55]	1	480130	1756235	1993716509	258	122	1810121277	1307606	RepartitionExec[Merge]=1810121277;RepartitionExec=183587816;OrderedPartialAggregateStream=7416
event	449118	refusal	RepartitionExec[44]	1	835715	1100621	1993722157	258	122	1810125765	1307588	RepartitionExec[Merge]=1810125765;RepartitionExec=183587816;OrderedPartialAggregateStream=7416
event	449167	refusal	RepartitionExec[80]	1	705472	1795136	1993740153	258	122	1810144921	1307514	RepartitionExec[Merge]=1810144921;RepartitionExec=183587816;OrderedPartialAggregateStream=7416
event	449239	refusal	RepartitionExec[57]	1	459453	1028008	1993756109	258	122	1810160877	1307452	RepartitionExec[Merge]=1810160877;RepartitionExec=183587816;OrderedPartialAggregateStream=7416
event	449290	refusal	RepartitionExec[93]	1	463948	1993779	1993761893	258	122	1810166661	1307430	RepartitionExec[Merge]=1810166661;RepartitionExec=183587816;OrderedPartialAggregateStream=7416
event	449345	refusal	RepartitionExec[81]	1	705472	1680791	1993786685	258	122	1810191453	1307334	RepartitionExec[Merge]=1810191453;RepartitionExec=183587816;OrderedPartialAggregateStream=7416
event	449386	refusal	RepartitionExec[44]	1	702103	1100621	1993786685	258	122	1810191453	1307334	RepartitionExec[Merge]=1810191453;RepartitionExec=183587816;OrderedPartialAggregateStream=7416
event	449486	refusal	RepartitionExec[94]	1	463948	1993779	1993809869	258	122	1810214637	1307244	RepartitionExec[Merge]=1810214637;RepartitionExec=183587816;OrderedPartialAggregateStream=7416
event	449690	refusal	RepartitionExec[45]	1	702103	1117585	1993837629	258	122	1810242397	1307136	RepartitionExec[Merge]=1810242397;RepartitionExec=183587816;OrderedPartialAggregateStream=7416
event	449843	refusal	RepartitionExec[45]	1	835715	1117585	1993863269	258	122	1810268037	1307037	RepartitionExec[Merge]=1810268037;RepartitionExec=183587816;OrderedPartialAggregateStream=7416
event	450366	refusal	RepartitionExec[70]	1	481701	1739271	1993904805	258	122	1810300049	1306913	RepartitionExec[Merge]=1810300049;RepartitionExec=183587816;OrderedPartialAggregateStream=7416
event	450369	refusal	RepartitionExec[94]	1	456868	1993779	1993904805	258	122	1810300049	1306913	RepartitionExec[Merge]=1810300049;RepartitionExec=183587816;OrderedPartialAggregateStream=7416
event	450375	refusal	RepartitionExec[56]	1	480130	1882440	1993905749	258	122	1810300049	1306913	RepartitionExec[Merge]=1810300049;RepartitionExec=183587816;OrderedPartialAggregateStream=7416
event	450389	refusal	RepartitionExec[82]	1	705472	1739487	1993918181	258	122	1810312377	1306865	RepartitionExec[Merge]=1810312377;RepartitionExec=183587816;OrderedPartialAggregateStream=7416
event	450400	refusal	RepartitionExec[58]	1	459453	901803	1993919233	258	122	1810312377	1306865	RepartitionExec[Merge]=1810312377;RepartitionExec=183587816;OrderedPartialAggregateStream=7416
event	450412	refusal	RepartitionExec[116]	1	450463	1366238	1993920753	258	122	1810312377	1306865	RepartitionExec[Merge]=1810312377;RepartitionExec=183587816;OrderedPartialAggregateStream=7416
event	450418	refusal	RepartitionExec[46]	1	835715	1117585	1993920753	258	122	1810312377	1306865	RepartitionExec[Merge]=1810312377;RepartitionExec=183587816;OrderedPartialAggregateStream=7416
event	450430	refusal	RepartitionExec[46]	1	702103	1117585	1993925489	258	122	1810317737	1306844	RepartitionExec[Merge]=1810317737;RepartitionExec=183587816;OrderedPartialAggregateStream=7416
event	450444	refusal	RepartitionExec[95]	1	463948	1680791	1993939473	258	122	1810344241	1306741	RepartitionExec[Merge]=1810344241;RepartitionExec=183587816;OrderedPartialAggregateStream=7416
event	450472	refusal	RepartitionExec[71]	1	481701	1865476	1993954757	258	122	1810359525	1306682	RepartitionExec[Merge]=1810359525;RepartitionExec=183587816;OrderedPartialAggregateStream=7416
event	450604	refusal	RepartitionExec[83]	1	705472	1993779	1993980017	258	122	1810373825	1306627	RepartitionExec[Merge]=1810373825;RepartitionExec=183587816;OrderedPartialAggregateStream=7416
event	450615	refusal	RepartitionExec[47]	1	835715	1176281	1993980017	258	122	1810373825	1306627	RepartitionExec[Merge]=1810373825;RepartitionExec=183587816;OrderedPartialAggregateStream=7416
event	450810	refusal	RepartitionExec[95]	1	456868	1680791	1994081309	258	122	1810486077	1306192	RepartitionExec[Merge]=1810486077;RepartitionExec=183587816;OrderedPartialAggregateStream=7416
event	450871	refusal	RepartitionExec[59]	1	459453	1885584	1994145809	258	122	1810547361	1305954	RepartitionExec[Merge]=1810547361;RepartitionExec=183587816;OrderedPartialAggregateStream=7416
event	450880	refusal	RepartitionExec[117]	1	450463	1366238	1994148129	258	122	1810550577	1305942	RepartitionExec[Merge]=1810550577;RepartitionExec=183587816;OrderedPartialAggregateStream=7416
event	450891	refusal	RepartitionExec[57]	1	480130	1028008	1994157637	258	122	1810562405	1305896	RepartitionExec[Merge]=1810562405;RepartitionExec=183587816;OrderedPartialAggregateStream=7416
event	450916	refusal	RepartitionExec[47]	1	702103	1176281	1994202489	258	122	1810607257	1305722	RepartitionExec[Merge]=1810607257;RepartitionExec=183587816;OrderedPartialAggregateStream=7416
event	450947	refusal	RepartitionExec[96]	1	463948	1911519	1994243525	258	122	1810648293	1305563	RepartitionExec[Merge]=1810648293;RepartitionExec=183587816;OrderedPartialAggregateStream=7416
event	450997	refusal	RepartitionExec[118]	1	450463	1366238	1994285621	258	122	1810690389	1305400	RepartitionExec[Merge]=1810690389;RepartitionExec=183587816;OrderedPartialAggregateStream=7416
event	451024	refusal	RepartitionExec[84]	1	705472	1663827	1994306361	258	122	1810711129	1305319	RepartitionExec[Merge]=1810711129;RepartitionExec=183587816;OrderedPartialAggregateStream=7416
event	451024	refusal	RepartitionExec[97]	1	463948	1739487	1994306361	258	122	1810711129	1305319	RepartitionExec[Merge]=1810711129;RepartitionExec=183587816;OrderedPartialAggregateStream=7416
event	451106	refusal	RepartitionExec[96]	1	456868	1911519	1994306361	258	122	1810711129	1305319	RepartitionExec[Merge]=1810711129;RepartitionExec=183587816;OrderedPartialAggregateStream=7416
event	451142	refusal	RepartitionExec[60]	1	459453	1383504	1994306361	258	122	1810711129	1305319	RepartitionExec[Merge]=1810711129;RepartitionExec=183587816;OrderedPartialAggregateStream=7416
event	451160	refusal	RepartitionExec[72]	1	481701	1739271	1994306361	258	122	1810711129	1305319	RepartitionExec[Merge]=1810711129;RepartitionExec=183587816;OrderedPartialAggregateStream=7416
event	451186	refusal	RepartitionExec[58]	1	480130	901803	1994306361	258	122	1810711129	1305319	RepartitionExec[Merge]=1810711129;RepartitionExec=183587816;OrderedPartialAggregateStream=7416
event	451210	refusal	RepartitionExec[48]	1	702103	1117585	1994306361	258	122	1810711129	1305319	RepartitionExec[Merge]=1810711129;RepartitionExec=183587816;OrderedPartialAggregateStream=7416
event	451254	refusal	RepartitionExec[48]	1	835715	1117585	1994306361	258	122	1810711129	1305319	RepartitionExec[Merge]=1810711129;RepartitionExec=183587816;OrderedPartialAggregateStream=7416
event	452000	refusal	RepartitionExec[85]	1	705472	1670626	1994765044	258	122	1810717421	1305295	RepartitionExec[Merge]=1810717421;RepartitionExec=184038279;OrderedPartialAggregateStream=6592
event	452060	refusal	RepartitionExec[98]	1	463948	2308613	1994771336	258	122	1810723713	1305271	RepartitionExec[Merge]=1810723713;RepartitionExec=184038279;OrderedPartialAggregateStream=6592
event	452087	refusal	RepartitionExec[97]	1	456868	1739487	1994771336	258	122	1810723713	1305271	RepartitionExec[Merge]=1810723713;RepartitionExec=184038279;OrderedPartialAggregateStream=6592
event	452123	refusal	RepartitionExec[61]	1	459453	1739271	1994771336	258	122	1810723713	1305271	RepartitionExec[Merge]=1810723713;RepartitionExec=184038279;OrderedPartialAggregateStream=6592
event	452163	refusal	RepartitionExec[73]	1	481701	1739271	1994777416	258	122	1810725197	1305265	RepartitionExec[Merge]=1810725197;RepartitionExec=184038279;OrderedPartialAggregateStream=6592
event	452188	refusal	RepartitionExec[59]	1	480130	1885584	1994781784	258	122	1810735969	1305223	RepartitionExec[Merge]=1810735969;RepartitionExec=184038279;OrderedPartialAggregateStream=6592
event	452279	refusal	RepartitionExec[49]	1	835715	1176281	1994786452	257	122	1810740637	1310284	RepartitionExec[Merge]=1810740637;RepartitionExec=184038279;OrderedPartialAggregateStream=6592
event	452323	refusal	RepartitionExec[98]	1	456868	2308613	1994792096	257	122	1810744977	1310267	RepartitionExec[Merge]=1810744977;RepartitionExec=184038279;OrderedPartialAggregateStream=6592
event	452351	refusal	RepartitionExec[86]	1	705472	1867574	1994793364	257	122	1810744977	1310267	RepartitionExec[Merge]=1810744977;RepartitionExec=184038279;OrderedPartialAggregateStream=6592
event	452363	refusal	RepartitionExec[49]	1	702103	1176281	1994797732	257	122	1810750613	1310245	RepartitionExec[Merge]=1810750613;RepartitionExec=184038279;OrderedPartialAggregateStream=6592
event	452411	refusal	RepartitionExec[62]	1	459453	1478471	1994822860	257	122	1810773469	1310156	RepartitionExec[Merge]=1810773469;RepartitionExec=184038279;OrderedPartialAggregateStream=6592
event	452466	refusal	RepartitionExec[74]	1	481701	1739271	1994354478	257	122	1810788433	1310098	RepartitionExec[Merge]=1810788433;RepartitionExec=184038279;OrderedPartialAggregateStream=6592
event	452566	refusal	RepartitionExec[99]	1	456868	2291649	1994373570	257	122	1810808829	1310018	RepartitionExec[Merge]=1810808829;RepartitionExec=184038279;OrderedPartialAggregateStream=6592
event	452567	refusal	RepartitionExec[50]	1	835715	1117585	1994373570	257	122	1810808829	1310018	RepartitionExec[Merge]=1810808829;RepartitionExec=184038279;OrderedPartialAggregateStream=6592
event	452601	refusal	RepartitionExec[87]	1	705472	1867574	1994384350	257	122	1810819609	1309976	RepartitionExec[Merge]=1810819609;RepartitionExec=184038279;OrderedPartialAggregateStream=6592
event	452638	release_after_refusal	RepartitionExec[27]	1	480130	896740	1994393834	257	122	1810829093		RepartitionExec[Merge]=1810829093;RepartitionExec=183558149;OrderedPartialAggregateStream=6592
event	452684	refusal	RepartitionExec[50]	1	702103	1117585	1994886412	257	122	1811321671	1308023	RepartitionExec[Merge]=1811321671;RepartitionExec=183558149;OrderedPartialAggregateStream=6592
event	452789	refusal	RepartitionExec[63]	1	459453	1739271	1994902188	257	122	1811337447	1307961	RepartitionExec[Merge]=1811337447;RepartitionExec=183558149;OrderedPartialAggregateStream=6592
event	452795	refusal	RepartitionExec[88]	1	705472	1976815	1994903708	257	122	1811338967	1307955	RepartitionExec[Merge]=1811338967;RepartitionExec=183558149;OrderedPartialAggregateStream=6592
event	452890	refusal	RepartitionExec[51]	1	702103	1100621	1994933404	257	122	1811368663	1307840	RepartitionExec[Merge]=1811368663;RepartitionExec=183558149;OrderedPartialAggregateStream=6592
event	453086	refusal	RepartitionExec[89]	1	705472	1850610	1994976268	257	122	1811402791	1307707	RepartitionExec[Merge]=1811402791;RepartitionExec=183558149;OrderedPartialAggregateStream=6592
event	453102	refusal	RepartitionExec[64]	1	459453	1856663	1994976268	257	122	1811402791	1307707	RepartitionExec[Merge]=1811402791;RepartitionExec=183558149;OrderedPartialAggregateStream=6592
event	453197	refusal	OrderedPartialAggregateStream[25]	1	3172477	0	1994976268	257	122	1811411527	1307673	RepartitionExec[Merge]=1811411527;RepartitionExec=183558149;OrderedPartialAggregateStream=6592
event	453218	refusal	RepartitionExec[99]	1	463948	2291649	1994976268	257	122	1811411527	1307673	RepartitionExec[Merge]=1811411527;RepartitionExec=183558149;OrderedPartialAggregateStream=6592
event	453277	refusal	RepartitionExec[52]	1	702103	1246580	1995003208	257	122	1811438467	1307568	RepartitionExec[Merge]=1811438467;RepartitionExec=183558149;OrderedPartialAggregateStream=6592
event	453313	refusal	RepartitionExec[100]	1	456868	1061440	1995005132	257	122	1811438467	1307568	RepartitionExec[Merge]=1811438467;RepartitionExec=183558149;OrderedPartialAggregateStream=6592
event	453321	refusal	RepartitionExec[75]	1	481701	1865476	1995008748	257	122	1811443135	1307550	RepartitionExec[Merge]=1811443135;RepartitionExec=183558149;OrderedPartialAggregateStream=6592
event	453377	refusal	RepartitionExec[51]	1	835715	1100621	1995031864	257	122	1811467123	1307457	RepartitionExec[Merge]=1811467123;RepartitionExec=183558149;OrderedPartialAggregateStream=6592
event	453424	refusal	RepartitionExec[53]	1	702103	1383504	1995042644	257	122	1811477903	1307415	RepartitionExec[Merge]=1811477903;RepartitionExec=183558149;OrderedPartialAggregateStream=6592
event	453439	refusal	RepartitionExec[101]	1	456868	1304895	1995063244	257	122	1811498503	1307335	RepartitionExec[Merge]=1811498503;RepartitionExec=183558149;OrderedPartialAggregateStream=6592
event	453525	release_after_refusal	RepartitionExec[10]	1	723149	4489322	1994364723	257	122	1811523131		RepartitionExec[Merge]=1811523131;RepartitionExec=182835000;OrderedPartialAggregateStream=6592
event	453590	refusal	RepartitionExec[54]	1	702103	1739271	1995099532	257	122	1812257940	1304380	RepartitionExec[Merge]=1812257940;RepartitionExec=182835000;OrderedPartialAggregateStream=6592
event	453619	refusal	RepartitionExec[90]	1	705472	1867574	1995099532	257	122	1812257940	1304380	RepartitionExec[Merge]=1812257940;RepartitionExec=182835000;OrderedPartialAggregateStream=6592
event	453679	refusal	RepartitionExec[76]	1	481701	1981430	1994495051	257	122	1812257940	1304380	RepartitionExec[Merge]=1812257940;RepartitionExec=182230519;OrderedPartialAggregateStream=6592
event	453714	refusal	RepartitionExec[55]	1	702103	1756235	1995111380	257	122	1812874269	1301982	RepartitionExec[Merge]=1812874269;RepartitionExec=182230519;OrderedPartialAggregateStream=6592
event	453726	refusal	RepartitionExec[52]	1	835715	1246580	1995111380	257	122	1812874269	1301982	RepartitionExec[Merge]=1812874269;RepartitionExec=182230519;OrderedPartialAggregateStream=6592
event	453751	refusal	RepartitionExec[102]	1	456868	1304895	1995112360	257	122	1812874269	1301982	RepartitionExec[Merge]=1812874269;RepartitionExec=182230519;OrderedPartialAggregateStream=6592
event	453822	refusal	RepartitionExec[65]	1	459453	1739271	1995140252	257	122	1812902161	1301873	RepartitionExec[Merge]=1812902161;RepartitionExec=182230519;OrderedPartialAggregateStream=6592
event	453866	release_after_refusal	RepartitionExec[62]	1	450463	1028008	1994239326	257	122	1812902161		RepartitionExec[Merge]=1812902161;RepartitionExec=181329593;OrderedPartialAggregateStream=6592
event	453980	refusal	RepartitionExec[77]	1	481701	2161704	1994690709	257	122	1812902781	1301871	RepartitionExec[Merge]=1812902781;RepartitionExec=181329593;OrderedPartialAggregateStream=6592
event	454003	refusal	RepartitionExec[56]	1	702103	1882440	1994691977	257	122	1812902781	1301871	RepartitionExec[Merge]=1812902781;RepartitionExec=181329593;OrderedPartialAggregateStream=6592
event	454032	refusal	RepartitionExec[91]	1	705472	1867574	1994691977	257	122	1812902781	1301871	RepartitionExec[Merge]=1812902781;RepartitionExec=181329593;OrderedPartialAggregateStream=6592
event	454070	refusal	RepartitionExec[100]	1	463948	1061440	1994699961	257	122	1813362508	1300082	RepartitionExec[Merge]=1813362508;RepartitionExec=181329593;OrderedPartialAggregateStream=6592
event	454107	refusal	RepartitionExec[53]	1	835715	1383504	1995149384	257	122	1813813199	1298328	RepartitionExec[Merge]=1813813199;RepartitionExec=181329593;OrderedPartialAggregateStream=6592
event	454123	refusal	RepartitionExec[103]	1	456868	1304895	1995149384	257	122	1813813199	1298328	RepartitionExec[Merge]=1813813199;RepartitionExec=181329593;OrderedPartialAggregateStream=6592
event	454284	refusal	RepartitionExec[54]	1	835715	1739271	1995186388	257	122	1814886381	1294152	RepartitionExec[Merge]=1814886381;RepartitionExec=180293415;OrderedPartialAggregateStream=6592
event	454419	refusal	RepartitionExec[78]	1	481701	1865476	1994141919	257	122	1815913557	1290155	RepartitionExec[Merge]=1815913557;RepartitionExec=178219606;OrderedPartialAggregateStream=7416
event	454442	refusal	RepartitionExec[60]	1	480130	1383504	1995228156	257	122	1817001134	1285924	RepartitionExec[Merge]=1817001134;RepartitionExec=178219606;OrderedPartialAggregateStream=7416
event	454553	refusal	RepartitionExec[101]	1	463948	1304895	1995260404	257	122	1817033382	1285798	RepartitionExec[Merge]=1817033382;RepartitionExec=178219606;OrderedPartialAggregateStream=7416
event	454901	refusal	RepartitionExec[57]	1	702103	1028008	1994832933	257	122	1817049550	1285735	RepartitionExec[Merge]=1817049550;RepartitionExec=178219606;OrderedPartialAggregateStream=7416
event	454939	release_after_refusal	RepartitionExec[100]	1	450463	610977	1994837925	257	122	1817055990		RepartitionExec[Merge]=1817055990;RepartitionExec=177769143;OrderedPartialAggregateStream=7416
event	454954	refusal	RepartitionExec[66]	1	459453	1739271	1994837925	257	122	1817055990	1285710	RepartitionExec[Merge]=1817055990;RepartitionExec=177769143;OrderedPartialAggregateStream=7416
event	454986	refusal	RepartitionExec[102]	1	463948	1304895	1994840425	257	122	1817057474	1285704	RepartitionExec[Merge]=1817057474;RepartitionExec=177769143;OrderedPartialAggregateStream=7416
event	454999	refusal	RepartitionExec[61]	1	480130	1739271	1994845561	257	122	1817067986	1285664	RepartitionExec[Merge]=1817067986;RepartitionExec=177769143;OrderedPartialAggregateStream=7416
event	455067	refusal	RepartitionExec[58]	1	702103	901803	1995303532	257	122	1817523241	1283892	RepartitionExec[Merge]=1817523241;RepartitionExec=177769143;OrderedPartialAggregateStream=7416
event	455069	refusal	RepartitionExec[104]	1	456868	1094982	1995303532	257	122	1817523241	1283892	RepartitionExec[Merge]=1817523241;RepartitionExec=177769143;OrderedPartialAggregateStream=7416
event	455086	refusal	RepartitionExec[55]	1	835715	1756235	1995316372	257	122	1817538509	1283833	RepartitionExec[Merge]=1817538509;RepartitionExec=177769143;OrderedPartialAggregateStream=7416
event	455106	refusal	RepartitionExec[92]	1	705472	1613282	1995316372	257	122	1817538509	1283833	RepartitionExec[Merge]=1817538509;RepartitionExec=177769143;OrderedPartialAggregateStream=7416
event	455123	release_after_refusal	RepartitionExec[101]	1	450463	854432	1994870137	257	122	1817538509		RepartitionExec[Merge]=1817538509;RepartitionExec=177318680;OrderedPartialAggregateStream=7416
event	455139	refusal	RepartitionExec[0]	1	585006	2167998	1994879305	257	122	1817551905	1283781	RepartitionExec[Merge]=1817551905;RepartitionExec=177318680;OrderedPartialAggregateStream=7416
event	455221	release_after_refusal	RepartitionExec[102]	1	450463	854432	1994885821	257	122	1818007724		RepartitionExec[Merge]=1818007724;RepartitionExec=176868217;OrderedPartialAggregateStream=7416
event	455264	refusal	RepartitionExec[62]	1	480130	1028008	1994886729	257	122	1818014172	1281982	RepartitionExec[Merge]=1818014172;RepartitionExec=176868217;OrderedPartialAggregateStream=7416
event	455281	refusal	RepartitionExec[79]	1	481701	1779867	1994886729	257	122	1818015080	1281978	RepartitionExec[Merge]=1818015080;RepartitionExec=176868217;OrderedPartialAggregateStream=7416
event	455416	refusal	RepartitionExec[59]	1	702103	1885584	1995357988	257	122	1818479235	1280172	RepartitionExec[Merge]=1818479235;RepartitionExec=176868217;OrderedPartialAggregateStream=7416
event	455476	refusal	RepartitionExec[56]	1	835715	1882440	1995363444	257	122	1818487811	1280139	RepartitionExec[Merge]=1818487811;RepartitionExec=176868217;OrderedPartialAggregateStream=7416
event	455506	refusal	RepartitionExec[93]	1	705472	1993779	1995370664	257	122	1818495031	1280111	RepartitionExec[Merge]=1818495031;RepartitionExec=176868217;OrderedPartialAggregateStream=7416
event	455534	refusal	RepartitionExec[67]	1	459453	1797967	1995390436	257	122	1818514803	1280034	RepartitionExec[Merge]=1818514803;RepartitionExec=176868217;OrderedPartialAggregateStream=7416
event	455557	refusal	RepartitionExec[80]	1	481701	1795136	1995399772	257	122	1818524139	1279998	RepartitionExec[Merge]=1818524139;RepartitionExec=176868217;OrderedPartialAggregateStream=7416
event	455579	release_after_refusal	RepartitionExec[103]	1	450463	854432	1994954305	257	122	1818529135		RepartitionExec[Merge]=1818529135;RepartitionExec=176417754;OrderedPartialAggregateStream=7416
event	455590	refusal	RepartitionExec[1]	1	585006	1480854	1995408336	257	122	1818983166	1278211	RepartitionExec[Merge]=1818983166;RepartitionExec=176417754;OrderedPartialAggregateStream=7416
event	455613	refusal	RepartitionExec[94]	1	705472	1993779	1995413004	257	122	1818987834	1278193	RepartitionExec[Merge]=1818987834;RepartitionExec=176417754;OrderedPartialAggregateStream=7416
event	455648	refusal	RepartitionExec[63]	1	480130	1739271	1995428492	257	122	1819003322	1278133	RepartitionExec[Merge]=1819003322;RepartitionExec=176417754;OrderedPartialAggregateStream=7416
event	455794	refusal	RepartitionExec[103]	1	463948	854432	1995450032	257	122	1819469479	1276319	RepartitionExec[Merge]=1819469479;RepartitionExec=175973137;OrderedPartialAggregateStream=7416
event	455932	refusal	RepartitionExec[60]	1	702103	1383504	1995457516	257	122	1819475443	1276296	RepartitionExec[Merge]=1819475443;RepartitionExec=175973137;OrderedPartialAggregateStream=7416
event	455948	refusal	RepartitionExec[64]	1	480130	1856663	1995462748	257	122	1819482195	1276270	RepartitionExec[Merge]=1819482195;RepartitionExec=175973137;OrderedPartialAggregateStream=7416
event	455986	refusal	RepartitionExec[105]	1	456868	854432	1995471568	257	122	1819489783	1276240	RepartitionExec[Merge]=1819489783;RepartitionExec=175973137;OrderedPartialAggregateStream=7416
event	456001	refusal	RepartitionExec[104]	1	463948	1094982	1995483380	257	122	1819502827	1276189	RepartitionExec[Merge]=1819502827;RepartitionExec=175973137;OrderedPartialAggregateStream=7416
event	456018	release_after_refusal	RepartitionExec[9]	1	723149	4489322	1994760231	257	122	1819502827		RepartitionExec[Merge]=1819502827;RepartitionExec=175249988;OrderedPartialAggregateStream=7416
event	456048	refusal	RepartitionExec[81]	1	481701	1680791	1995503380	257	122	1820245976	1273298	RepartitionExec[Merge]=1820245976;RepartitionExec=175249988;OrderedPartialAggregateStream=7416
event	456084	refusal	RepartitionExec[2]	1	585006	988163	1995522108	257	122	1820869185	1270873	RepartitionExec[Merge]=1820869185;RepartitionExec=174645507;OrderedPartialAggregateStream=7416
event	456134	refusal	RepartitionExec[105]	1	463948	854432	1995531780	257	122	1820878857	1270835	RepartitionExec[Merge]=1820878857;RepartitionExec=174645507;OrderedPartialAggregateStream=7416
event	456239	refusal	RepartitionExec[57]	1	835715	1028008	1994521078	257	122	1820904333	1270736	RepartitionExec[Merge]=1820904333;RepartitionExec=173609329;OrderedPartialAggregateStream=7416
event	456251	refusal	RepartitionExec[68]	1	459453	1981516	1995556216	257	122	1821939471	1266708	RepartitionExec[Merge]=1821939471;RepartitionExec=173609329;OrderedPartialAggregateStream=7416
event	456285	refusal	RepartitionExec[106]	1	463948	1349274	1995563476	257	122	1821946731	1266680	RepartitionExec[Merge]=1821946731;RepartitionExec=173609329;OrderedPartialAggregateStream=7416
event	456375	refusal	RepartitionExec[65]	1	480130	1739271	1994588572	257	122	1821967691	1266599	RepartitionExec[Merge]=1821967691;RepartitionExec=172613465;OrderedPartialAggregateStream=7416
event	456404	release_after_refusal	RepartitionExec[14]	1	459453	1017843	1995126183	257	122	1822964755		RepartitionExec[Merge]=1822964755;RepartitionExec=172154012;OrderedPartialAggregateStream=7416
event	456446	refusal	RepartitionExec[106]	1	456868	1349274	1994966574	257	122	1823432628	1260898	RepartitionExec[Merge]=1823432628;RepartitionExec=171526530;OrderedPartialAggregateStream=7416
event	456486	refusal	RepartitionExec[82]	1	481701	1739487	1995594572	257	122	1824060626	1258455	RepartitionExec[Merge]=1824060626;RepartitionExec=171526530;OrderedPartialAggregateStream=7416
event	456503	refusal	RepartitionExec[3]	1	585006	2065858	1995595696	257	122	1824060626	1258455	RepartitionExec[Merge]=1824060626;RepartitionExec=171526530;OrderedPartialAggregateStream=7416
event	456532	release_after_refusal	RepartitionExec[26]	1	459453	780700	1995142535	257	122	1824066918		RepartitionExec[Merge]=1824066918;RepartitionExec=171067077;OrderedPartialAggregateStream=7416
event	456600	refusal	RepartitionExec[95]	1	705472	1680791	1995628004	257	122	1824553511	1256537	RepartitionExec[Merge]=1824553511;RepartitionExec=171067077;OrderedPartialAggregateStream=7416
event	456671	refusal	RepartitionExec[69]	1	459453	1739271	1995643640	257	122	1824569147	1256476	RepartitionExec[Merge]=1824569147;RepartitionExec=171067077;OrderedPartialAggregateStream=7416
event	456690	refusal	RepartitionExec[107]	1	456868	1366238	1995650392	257	122	1824575899	1256450	RepartitionExec[Merge]=1824575899;RepartitionExec=171067077;OrderedPartialAggregateStream=7416
event	456696	refusal	RepartitionExec[61]	1	702103	1739271	1995656576	257	122	1824580239	1256433	RepartitionExec[Merge]=1824580239;RepartitionExec=171067077;OrderedPartialAggregateStream=7416
event	456745	refusal	RepartitionExec[107]	1	463948	1366238	1995683388	257	122	1824608895	1256321	RepartitionExec[Merge]=1824608895;RepartitionExec=171067077;OrderedPartialAggregateStream=7416
event	456802	refusal	RepartitionExec[66]	1	480130	1739271	1995694824	257	122	1824620331	1256277	RepartitionExec[Merge]=1824620331;RepartitionExec=171067077;OrderedPartialAggregateStream=7416
event	456850	refusal	RepartitionExec[70]	1	459453	1739271	1995713840	257	122	1824639347	1256203	RepartitionExec[Merge]=1824639347;RepartitionExec=171067077;OrderedPartialAggregateStream=7416
event	456875	refusal	RepartitionExec[83]	1	481701	1993779	1995728984	257	122	1824654491	1256144	RepartitionExec[Merge]=1824654491;RepartitionExec=171067077;OrderedPartialAggregateStream=7416
event	456927	refusal	RepartitionExec[4]	1	585006	1093688	1995755712	257	122	1824681219	1256040	RepartitionExec[Merge]=1824681219;RepartitionExec=171067077;OrderedPartialAggregateStream=7416
event	457074	refusal	RepartitionExec[58]	1	835715	901803	1995803632	257	122	1824725411	1255868	RepartitionExec[Merge]=1824725411;RepartitionExec=171067077;OrderedPartialAggregateStream=7416
event	457095	refusal	RepartitionExec[96]	1	705472	1911519	1995809268	257	122	1824734775	1255832	RepartitionExec[Merge]=1824734775;RepartitionExec=171067077;OrderedPartialAggregateStream=7416
event	457161	refusal	RepartitionExec[108]	1	456868	1349274	1995841876	257	122	1824767383	1255705	RepartitionExec[Merge]=1824767383;RepartitionExec=171067077;OrderedPartialAggregateStream=7416
event	457226	refusal	RepartitionExec[62]	1	702103	1028008	1995869248	257	122	1824794755	1255598	RepartitionExec[Merge]=1824794755;RepartitionExec=171067077;OrderedPartialAggregateStream=7416
event	457260	refusal	RepartitionExec[108]	1	463948	1349274	1995888404	257	122	1824813911	1255524	RepartitionExec[Merge]=1824813911;RepartitionExec=171067077;OrderedPartialAggregateStream=7416
event	457338	refusal	RepartitionExec[67]	1	480130	1797967	1995930976	257	122	1825301100	1253628	RepartitionExec[Merge]=1825301100;RepartitionExec=170622460;OrderedPartialAggregateStream=7416
event	457364	refusal	RepartitionExec[71]	1	459453	1865476	1995944348	257	122	1825314472	1253576	RepartitionExec[Merge]=1825314472;RepartitionExec=170622460;OrderedPartialAggregateStream=7416
event	457384	refusal	RepartitionExec[84]	1	481701	1663827	1995944348	257	122	1825314472	1253576	RepartitionExec[Merge]=1825314472;RepartitionExec=170622460;OrderedPartialAggregateStream=7416
event	457480	refusal	RepartitionExec[5]	1	585006	1093688	1995977328	257	122	1825347452	1253448	RepartitionExec[Merge]=1825347452;RepartitionExec=170622460;OrderedPartialAggregateStream=7416
event	457578	refusal	RepartitionExec[68]	1	480130	1981516	1996024368	257	122	1825394492	1253265	RepartitionExec[Merge]=1825394492;RepartitionExec=170622460;OrderedPartialAggregateStream=7416
event	457616	refusal	RepartitionExec[85]	1	481701	1670626	1996045140	257	122	1825415264	1253184	RepartitionExec[Merge]=1825415264;RepartitionExec=170622460;OrderedPartialAggregateStream=7416
event	457651	refusal	RepartitionExec[6]	1	585006	780700	1996060380	257	122	1825428948	1253131	RepartitionExec[Merge]=1825428948;RepartitionExec=170622460;OrderedPartialAggregateStream=7416
event	457693	refusal	RepartitionExec[63]	1	702103	1739271	1996111672	257	122	1825481796	1252925	RepartitionExec[Merge]=1825481796;RepartitionExec=170622460;OrderedPartialAggregateStream=7416
event	457762	refusal	RepartitionExec[86]	1	481701	1867574	1996154520	257	122	1825524644	1252758	RepartitionExec[Merge]=1825524644;RepartitionExec=170622460;OrderedPartialAggregateStream=7416
event	458709	refusal	RepartitionExec[72]	1	459453	1739271	1996382472	257	122	1825748980	1251885	RepartitionExec[Merge]=1825748980;RepartitionExec=170622460;OrderedPartialAggregateStream=7416
event	459204	refusal	RepartitionExec[73]	1	459453	1739271	1996460324	257	122	1825810936	1251644	RepartitionExec[Merge]=1825810936;RepartitionExec=170622460;OrderedPartialAggregateStream=7416
event	459216	refusal	RepartitionExec[97]	1	705472	1739487	1996461484	257	122	1825810936	1251644	RepartitionExec[Merge]=1825810936;RepartitionExec=170622460;OrderedPartialAggregateStream=7416
event	459240	refusal	RepartitionExec[69]	1	480130	1739271	1996467304	257	122	1825834928	1251551	RepartitionExec[Merge]=1825834928;RepartitionExec=170622460;OrderedPartialAggregateStream=7416
event	459256	refusal	RepartitionExec[7]	1	585006	780700	1996475672	257	122	1825843296	1251518	RepartitionExec[Merge]=1825843296;RepartitionExec=170622460;OrderedPartialAggregateStream=7416
event	459276	refusal	RepartitionExec[109]	1	463948	1366238	1996493720	257	122	1825861344	1251448	RepartitionExec[Merge]=1825861344;RepartitionExec=170622460;OrderedPartialAggregateStream=7416
event	459348	refusal	RepartitionExec[87]	1	481701	1867574	1996568052	257	122	1825937016	1251154	RepartitionExec[Merge]=1825937016;RepartitionExec=170622460;OrderedPartialAggregateStream=7416
event	459352	refusal	RepartitionExec[64]	1	702103	1856663	1996568052	257	122	1825937016	1251154	RepartitionExec[Merge]=1825937016;RepartitionExec=170622460;OrderedPartialAggregateStream=7416
event	459392	refusal	RepartitionExec[109]	1	456868	1366238	1996583468	257	122	1825952432	1251094	RepartitionExec[Merge]=1825952432;RepartitionExec=170622460;OrderedPartialAggregateStream=7416
event	459444	refusal	RepartitionExec[110]	1	463948	1366238	1996636496	257	122	1826005460	1250887	RepartitionExec[Merge]=1826005460;RepartitionExec=170622460;OrderedPartialAggregateStream=7416
event	459489	refusal	RepartitionExec[74]	1	459453	1739271	1996655812	257	122	1826024632	1250813	RepartitionExec[Merge]=1826024632;RepartitionExec=170622460;OrderedPartialAggregateStream=7416
event	459540	refusal	RepartitionExec[65]	1	702103	1739271	1996701892	257	122	1826070712	1250633	RepartitionExec[Merge]=1826070712;RepartitionExec=170622460;OrderedPartialAggregateStream=7416
event	460000	refusal	RepartitionExec[8]	1	585006	780700	1996732544	257	122	1826090704	1250556	RepartitionExec[Merge]=1826090704;RepartitionExec=170622460;OrderedPartialAggregateStream=7416
event	460042	refusal	RepartitionExec[70]	1	480130	1739271	1996744032	257	122	1826105520	1250498	RepartitionExec[Merge]=1826105520;RepartitionExec=170622460;OrderedPartialAggregateStream=7416
event	460061	refusal	RepartitionExec[110]	1	456868	1366238	1996744032	257	122	1826105520	1250498	RepartitionExec[Merge]=1826105520;RepartitionExec=170622460;OrderedPartialAggregateStream=7416
event	460086	refusal	RepartitionExec[59]	1	835715	1885584	1996760676	257	122	1826114304	1250464	RepartitionExec[Merge]=1826114304;RepartitionExec=170622460;OrderedPartialAggregateStream=7416
event	460108	refusal	RepartitionExec[111]	1	463948	1366238	1996771092	257	122	1826127716	1250412	RepartitionExec[Merge]=1826127716;RepartitionExec=170622460;OrderedPartialAggregateStream=7416
event	460161	refusal	RepartitionExec[66]	1	702103	1739271	1996783928	257	122	1826139464	1250366	RepartitionExec[Merge]=1826139464;RepartitionExec=170622460;OrderedPartialAggregateStream=7416
event	460441	refusal	RepartitionExec[9]	1	585006	780700	1996799032	257	122	1826153108	1250313	RepartitionExec[Merge]=1826153108;RepartitionExec=170622460;OrderedPartialAggregateStream=7416
event	460460	refusal	RepartitionExec[75]	1	459453	1865476	1996802248	257	122	1826157268	1250297	RepartitionExec[Merge]=1826157268;RepartitionExec=170622460;OrderedPartialAggregateStream=7416
event	460475	refusal	RepartitionExec[71]	1	480130	1865476	1996813544	257	122	1826168564	1250253	RepartitionExec[Merge]=1826168564;RepartitionExec=170622460;OrderedPartialAggregateStream=7416
event	460499	refusal	RepartitionExec[112]	1	463948	1366238	1996814596	257	122	1826168564	1250253	RepartitionExec[Merge]=1826168564;RepartitionExec=170622460;OrderedPartialAggregateStream=7416
event	460531	refusal	RepartitionExec[98]	1	705472	2308613	1996834776	257	122	1826183608	1250194	RepartitionExec[Merge]=1826183608;RepartitionExec=170622460;OrderedPartialAggregateStream=7416
event	460540	refusal	RepartitionExec[111]	1	456868	1366238	1996834776	257	122	1826183608	1250194	RepartitionExec[Merge]=1826183608;RepartitionExec=170622460;OrderedPartialAggregateStream=7416
event	460549	refusal	RepartitionExec[60]	1	835715	1383504	1996834776	257	122	1826183608	1250194	RepartitionExec[Merge]=1826183608;RepartitionExec=170622460;OrderedPartialAggregateStream=7416
event	460584	refusal	RepartitionExec[10]	1	585006	780700	1996839264	257	122	1826188096	1250177	RepartitionExec[Merge]=1826188096;RepartitionExec=170622460;OrderedPartialAggregateStream=7416
event	460641	refusal	RepartitionExec[76]	1	459453	1981430	1996854588	257	122	1826213548	1250078	RepartitionExec[Merge]=1826213548;RepartitionExec=170622460;OrderedPartialAggregateStream=7416
event	460680	refusal	RepartitionExec[67]	1	702103	1797967	1996867708	257	122	1826224968	1250033	RepartitionExec[Merge]=1826224968;RepartitionExec=170622460;OrderedPartialAggregateStream=7416
event	460685	refusal	RepartitionExec[88]	1	481701	1976815	1996867708	257	122	1826224968	1250033	RepartitionExec[Merge]=1826224968;RepartitionExec=170622460;OrderedPartialAggregateStream=7416
event	460692	refusal	RepartitionExec[112]	1	456868	1366238	1996867708	257	122	1826224968	1250033	RepartitionExec[Merge]=1826224968;RepartitionExec=170622460;OrderedPartialAggregateStream=7416
event	460944	refusal	RepartitionExec[11]	1	585006	2046240	1996888392	257	122	1826240404	1249973	RepartitionExec[Merge]=1826240404;RepartitionExec=170622460;OrderedPartialAggregateStream=7416
event	460947	refusal	RepartitionExec[68]	1	702103	1981516	1996888392	257	122	1826240404	1249973	RepartitionExec[Merge]=1826240404;RepartitionExec=170622460;OrderedPartialAggregateStream=7416
event	460959	refusal	RepartitionExec[89]	1	481701	1850610	1996895896	257	122	1826250076	1249936	RepartitionExec[Merge]=1826250076;RepartitionExec=170622460;OrderedPartialAggregateStream=7416
event	460987	refusal	RepartitionExec[99]	1	705472	2291649	1996905000	257	122	1826269808	1249859	RepartitionExec[Merge]=1826269808;RepartitionExec=170622460;OrderedPartialAggregateStream=7416
event	460995	refusal	RepartitionExec[77]	1	459453	2161704	1996905000	257	122	1826269808	1249859	RepartitionExec[Merge]=1826269808;RepartitionExec=170622460;OrderedPartialAggregateStream=7416
event	461009	refusal	RepartitionExec[72]	1	480130	1739271	1996921012	257	122	1826291136	1249776	RepartitionExec[Merge]=1826291136;RepartitionExec=170622460;OrderedPartialAggregateStream=7416
event	461015	refusal	RepartitionExec[61]	1	835715	1739271	1996927304	257	122	1826297428	1249751	RepartitionExec[Merge]=1826297428;RepartitionExec=170622460;OrderedPartialAggregateStream=7416
event	461045	refusal	RepartitionExec[113]	1	456868	1366238	1996967076	257	122	1826337200	1249597	RepartitionExec[Merge]=1826337200;RepartitionExec=170622460;OrderedPartialAggregateStream=7416
event	461114	refusal	RepartitionExec[12]	1	585006	1682503	1996997028	257	122	1826367152	1249480	RepartitionExec[Merge]=1826367152;RepartitionExec=170622460;OrderedPartialAggregateStream=7416
event	461189	refusal	RepartitionExec[113]	1	463948	1366238	1997041032	257	122	1826411156	1249309	RepartitionExec[Merge]=1826411156;RepartitionExec=170622460;OrderedPartialAggregateStream=7416
event	461229	refusal	RepartitionExec[69]	1	702103	1739271	1997063740	257	122	1826433864	1249220	RepartitionExec[Merge]=1826433864;RepartitionExec=170622460;OrderedPartialAggregateStream=7416
event	461279	refusal	RepartitionExec[90]	1	481701	1867574	1997086284	257	122	1826453944	1249142	RepartitionExec[Merge]=1826453944;RepartitionExec=170622460;OrderedPartialAggregateStream=7416
event	461289	refusal	RepartitionExec[13]	1	585006	1682503	1997091920	257	122	1826462044	1249111	RepartitionExec[Merge]=1826462044;RepartitionExec=170622460;OrderedPartialAggregateStream=7416
event	461330	refusal	RepartitionExec[100]	1	705472	610977	1997131044	257	122	1826501168	1248959	RepartitionExec[Merge]=1826501168;RepartitionExec=170622460;OrderedPartialAggregateStream=7416
event	461371	refusal	RepartitionExec[114]	1	463948	1424934	1997186108	257	122	1826556232	1248744	RepartitionExec[Merge]=1826556232;RepartitionExec=170622460;OrderedPartialAggregateStream=7416
event	461408	refusal	RepartitionExec[62]	1	835715	1028008	1997261128	257	122	1826631252	1248452	RepartitionExec[Merge]=1826631252;RepartitionExec=170622460;OrderedPartialAggregateStream=7416
event	461444	refusal	RepartitionExec[91]	1	481701	1867574	1997315164	257	122	1826685288	1248242	RepartitionExec[Merge]=1826685288;RepartitionExec=170622460;OrderedPartialAggregateStream=7416
event	461462	refusal	RepartitionExec[78]	1	459453	1865476	1997336904	257	122	1826707028	1248158	RepartitionExec[Merge]=1826707028;RepartitionExec=170622460;OrderedPartialAggregateStream=7416
event	461498	refusal	RepartitionExec[73]	1	480130	1739271	1997388900	257	122	1826759024	1247955	RepartitionExec[Merge]=1826759024;RepartitionExec=170622460;OrderedPartialAggregateStream=7416
event	461551	refusal	RepartitionExec[92]	1	481701	1613282	1997525904	257	122	1826896028	1247422	RepartitionExec[Merge]=1826896028;RepartitionExec=170622460;OrderedPartialAggregateStream=7416
event	461560	refusal	RepartitionExec[70]	1	702103	1739271	1997535576	257	122	1826905700	1247385	RepartitionExec[Merge]=1826905700;RepartitionExec=170622460;OrderedPartialAggregateStream=7416
event	461591	refusal	RepartitionExec[114]	1	456868	1424934	1997580140	257	122	1826950264	1247211	RepartitionExec[Merge]=1826950264;RepartitionExec=170622460;OrderedPartialAggregateStream=7416
event	461642	refusal	RepartitionExec[101]	1	705472	854432	1997669844	257	122	1827037980	1246870	RepartitionExec[Merge]=1827037980;RepartitionExec=170622460;OrderedPartialAggregateStream=7416
event	461660	refusal	RepartitionExec[93]	1	481701	1993779	1997697336	257	122	1827065472	1246763	RepartitionExec[Merge]=1827065472;RepartitionExec=170622460;OrderedPartialAggregateStream=7416
event	461703	refusal	RepartitionExec[115]	1	456868	1714358	1997747428	257	122	1827115564	1246568	RepartitionExec[Merge]=1827115564;RepartitionExec=170622460;OrderedPartialAggregateStream=7416
event	461796	refusal	RepartitionExec[79]	1	459453	1779867	1997791132	257	122	1827158216	1246402	RepartitionExec[Merge]=1827158216;RepartitionExec=170622460;OrderedPartialAggregateStream=7416
event	461829	refusal	RepartitionExec[63]	1	835715	1739271	1997797792	257	122	1827165928	1246372	RepartitionExec[Merge]=1827165928;RepartitionExec=170622460;OrderedPartialAggregateStream=7416
event	461835	refusal	RepartitionExec[116]	1	456868	1366238	1997799204	257	122	1827165928	1246372	RepartitionExec[Merge]=1827165928;RepartitionExec=170622460;OrderedPartialAggregateStream=7416
event	461906	refusal	RepartitionExec[115]	1	463948	1714358	1997853920	257	122	1827224044	1246146	RepartitionExec[Merge]=1827224044;RepartitionExec=170622460;OrderedPartialAggregateStream=7416
event	461986	refusal	RepartitionExec[71]	1	702103	1865476	1997929752	257	122	1827298680	1245855	RepartitionExec[Merge]=1827298680;RepartitionExec=170622460;OrderedPartialAggregateStream=7416
event	462006	refusal	RepartitionExec[14]	1	585006	1017843	1997936264	257	122	1827298680	1245855	RepartitionExec[Merge]=1827298680;RepartitionExec=170622460;OrderedPartialAggregateStream=7416
event	462251	refusal	RepartitionExec[102]	1	705472	854432	1997947068	257	122	1827301072	1245846	RepartitionExec[Merge]=1827301072;RepartitionExec=170622460;OrderedPartialAggregateStream=7416
event	462261	refusal	RepartitionExec[116]	1	463948	1366238	1997947068	257	122	1827301072	1245846	RepartitionExec[Merge]=1827301072;RepartitionExec=170622460;OrderedPartialAggregateStream=7416
event	462264	refusal	RepartitionExec[94]	1	481701	1993779	1997947068	257	122	1827301072	1245846	RepartitionExec[Merge]=1827301072;RepartitionExec=170622460;OrderedPartialAggregateStream=7416
event	462269	refusal	RepartitionExec[74]	1	480130	1739271	1997947068	257	122	1827301072	1245846	RepartitionExec[Merge]=1827301072;RepartitionExec=170622460;OrderedPartialAggregateStream=7416
event	462280	refusal	RepartitionExec[117]	1	456868	1366238	1997960604	257	122	1827304976	1245831	RepartitionExec[Merge]=1827304976;RepartitionExec=170622460;OrderedPartialAggregateStream=7416
event	462296	refusal	RepartitionExec[64]	1	835715	1856663	1997969516	257	122	1827324692	1245754	RepartitionExec[Merge]=1827324692;RepartitionExec=170622460;OrderedPartialAggregateStream=7416
event	462315	refusal	RepartitionExec[80]	1	459453	1795136	1997989124	257	122	1827357836	1245625	RepartitionExec[Merge]=1827357836;RepartitionExec=170622460;OrderedPartialAggregateStream=7416
event	462325	refusal	RepartitionExec[72]	1	702103	1739271	1997994004	257	122	1827364128	1245601	RepartitionExec[Merge]=1827364128;RepartitionExec=170622460;OrderedPartialAggregateStream=7416
event	462362	refusal	RepartitionExec[15]	1	585006	1949990	1998046904	257	122	1827417028	1245395	RepartitionExec[Merge]=1827417028;RepartitionExec=170622460;OrderedPartialAggregateStream=7416
event	462404	refusal	RepartitionExec[75]	1	480130	1865476	1998132668	257	122	1827502792	1245061	RepartitionExec[Merge]=1827502792;RepartitionExec=170622460;OrderedPartialAggregateStream=7416
event	462443	refusal	RepartitionExec[95]	1	481701	1680791	1998200472	257	122	1827570596	1244797	RepartitionExec[Merge]=1827570596;RepartitionExec=170622460;OrderedPartialAggregateStream=7416
event	462444	refusal	RepartitionExec[117]	1	463948	1366238	1998200472	257	122	1827570596	1244797	RepartitionExec[Merge]=1827570596;RepartitionExec=170622460;OrderedPartialAggregateStream=7416
event	462491	refusal	RepartitionExec[103]	1	705472	854432	1998317688	257	122	1827687812	1244341	RepartitionExec[Merge]=1827687812;RepartitionExec=170622460;OrderedPartialAggregateStream=7416
event	462503	refusal	RepartitionExec[76]	1	480130	1981430	1998353776	257	122	1827723900	1244201	RepartitionExec[Merge]=1827723900;RepartitionExec=170622460;OrderedPartialAggregateStream=7416
event	462562	refusal	RepartitionExec[65]	1	835715	1739271	1998468476	257	122	1827838600	1243755	RepartitionExec[Merge]=1827838600;RepartitionExec=170622460;OrderedPartialAggregateStream=7416
event	462594	refusal	RepartitionExec[81]	1	459453	1680791	1998544460	257	122	1827914584	1243459	RepartitionExec[Merge]=1827914584;RepartitionExec=170622460;OrderedPartialAggregateStream=7416
event	462598	refusal	RepartitionExec[77]	1	480130	2161704	1998549456	257	122	1827919580	1243439	RepartitionExec[Merge]=1827919580;RepartitionExec=170622460;OrderedPartialAggregateStream=7416
event	462641	refusal	RepartitionExec[16]	1	585006	780700	1998640764	257	122	1828010888	1243084	RepartitionExec[Merge]=1828010888;RepartitionExec=170622460;OrderedPartialAggregateStream=7416
event	462681	refusal	RepartitionExec[66]	1	835715	1739271	1998723304	257	122	1828093428	1242763	RepartitionExec[Merge]=1828093428;RepartitionExec=170622460;OrderedPartialAggregateStream=7416
event	462700	refusal	RepartitionExec[82]	1	459453	1739487	1998764168	257	122	1828134292	1242604	RepartitionExec[Merge]=1828134292;RepartitionExec=170622460;OrderedPartialAggregateStream=7416
event	462715	refusal	RepartitionExec[118]	1	463948	1366238	1998799608	257	122	1828169732	1242466	RepartitionExec[Merge]=1828169732;RepartitionExec=170622460;OrderedPartialAggregateStream=7416
event	462760	refusal	RepartitionExec[104]	1	705472	1094982	1998918076	257	122	1828288200	1242005	RepartitionExec[Merge]=1828288200;RepartitionExec=170622460;OrderedPartialAggregateStream=7416
event	462790	refusal	RepartitionExec[67]	1	835715	1797967	1998965232	257	122	1828335356	1241822	RepartitionExec[Merge]=1828335356;RepartitionExec=170622460;OrderedPartialAggregateStream=7416
event	462816	refusal	RepartitionExec[118]	1	456868	1366238	1999017136	257	122	1828387260	1241620	RepartitionExec[Merge]=1828387260;RepartitionExec=170622460;OrderedPartialAggregateStream=7416
event	463081	refusal	RepartitionExec[78]	1	480130	1865476	1999585844	257	122	1828486356	1241234	RepartitionExec[Merge]=1828486356;RepartitionExec=170622460;OrderedPartialAggregateStream=7416
event	463100	refusal	RepartitionExec[68]	1	835715	1981516	1999601128	257	122	1828503888	1241166	RepartitionExec[Merge]=1828503888;RepartitionExec=171079328;OrderedPartialAggregateStream=7416
event	463116	refusal	RepartitionExec[83]	1	459453	1993779	1999607136	257	122	1828504940	1241162	RepartitionExec[Merge]=1828504940;RepartitionExec=171079328;OrderedPartialAggregateStream=7416
event	463121	refusal	RepartitionExec[96]	1	481701	1911519	1999617644	257	122	1828515448	1241121	RepartitionExec[Merge]=1828515448;RepartitionExec=171079328;OrderedPartialAggregateStream=7416
event	463135	refusal	RepartitionExec[119]	1	463948	1237568	1999628156	257	122	1828525944	1241080	RepartitionExec[Merge]=1828525944;RepartitionExec=171079328;OrderedPartialAggregateStream=7416
event	463151	refusal	RepartitionExec[17]	1	585006	780700	1999635200	257	122	1828546036	1241002	RepartitionExec[Merge]=1828546036;RepartitionExec=171079328;OrderedPartialAggregateStream=7416
event	463169	refusal	RepartitionExec[73]	1	702103	1739271	1999666964	257	122	1828580220	1240869	RepartitionExec[Merge]=1828580220;RepartitionExec=171079328;OrderedPartialAggregateStream=7416
event	463226	refusal	RepartitionExec[79]	1	480130	1779867	1999726060	257	122	1828639316	1240639	RepartitionExec[Merge]=1828639316;RepartitionExec=171079328;OrderedPartialAggregateStream=7416
event	463356	refusal	RepartitionExec[69]	1	835715	1739271	1999853588	256	122	1828757468	1245024	RepartitionExec[Merge]=1828757468;RepartitionExec=171079328;OrderedPartialAggregateStream=6592
event	463375	refusal	RepartitionExec[105]	1	705472	854432	1999871092	256	122	1828785172	1244915	RepartitionExec[Merge]=1828785172;RepartitionExec=171079328;OrderedPartialAggregateStream=6592
event	463395	refusal	RepartitionExec[84]	1	459453	1663827	1999894748	256	122	1828808828	1244823	RepartitionExec[Merge]=1828808828;RepartitionExec=171079328;OrderedPartialAggregateStream=6592
event	463515	refusal	RepartitionExec[70]	1	835715	1739271	2000058184	256	122	1828972264	1244185	RepartitionExec[Merge]=1828972264;RepartitionExec=171079328;OrderedPartialAggregateStream=6592
event	463540	refusal	RepartitionExec[85]	1	459453	1670626	2000087044	256	122	1829001124	1244072	RepartitionExec[Merge]=1829001124;RepartitionExec=171079328;OrderedPartialAggregateStream=6592
event	464108	refusal	RepartitionExec[18]	1	585006	955436	2000148340	256	122	1829047208	1243892	RepartitionExec[Merge]=1829047208;RepartitionExec=171079328;OrderedPartialAggregateStream=6592
event	464121	refusal	RepartitionExec[74]	1	702103	1739271	2000148340	256	122	1829047208	1243892	RepartitionExec[Merge]=1829047208;RepartitionExec=171079328;OrderedPartialAggregateStream=6592
event	464138	refusal	RepartitionExec[80]	1	480130	1795136	2000147516	256	122	1829047208	1243892	RepartitionExec[Merge]=1829047208;RepartitionExec=171079328;OrderedPartialAggregateStream=6592
event	464157	refusal	RepartitionExec[71]	1	835715	1865476	2000153660	256	122	1829048980	1243885	RepartitionExec[Merge]=1829048980;RepartitionExec=171079328;OrderedPartialAggregateStream=6592
event	464167	refusal	RepartitionExec[97]	1	481701	1739487	2000153660	256	122	1829048980	1243885	RepartitionExec[Merge]=1829048980;RepartitionExec=171079328;OrderedPartialAggregateStream=6592
event	464184	refusal	RepartitionExec[86]	1	459453	1867574	2000162924	256	122	1829076164	1243779	RepartitionExec[Merge]=1829076164;RepartitionExec=171079328;OrderedPartialAggregateStream=6592
event	464238	refusal	RepartitionExec[19]	1	585006	839460	2000231724	256	122	1829142204	1243521	RepartitionExec[Merge]=1829142204;RepartitionExec=171079328;OrderedPartialAggregateStream=6592
event	464257	refusal	RepartitionExec[106]	1	705472	1349274	2000268984	256	122	1829183888	1243358	RepartitionExec[Merge]=1829183888;RepartitionExec=171079328;OrderedPartialAggregateStream=6592
event	464294	refusal	RepartitionExec[75]	1	702103	1865476	2000373144	255	122	1829288048	1247825	RepartitionExec[Merge]=1829288048;RepartitionExec=171079328;OrderedPartialAggregateStream=5768
event	464326	refusal	RepartitionExec[81]	1	480130	1680791	2000421076	255	122	1829310632	1247737	RepartitionExec[Merge]=1829310632;RepartitionExec=171079328;OrderedPartialAggregateStream=5768
event	464340	refusal	RepartitionExec[20]	1	585006	780700	2000428676	255	122	1829343580	1247608	RepartitionExec[Merge]=1829343580;RepartitionExec=171079328;OrderedPartialAggregateStream=5768
event	464377	refusal	RepartitionExec[98]	1	481701	2308613	2000512216	255	122	1829427120	1247280	RepartitionExec[Merge]=1829427120;RepartitionExec=171079328;OrderedPartialAggregateStream=5768
event	464451	refusal	RepartitionExec[82]	1	480130	1739487	2000666272	255	122	1829581176	1246676	RepartitionExec[Merge]=1829581176;RepartitionExec=171079328;OrderedPartialAggregateStream=5768
event	464475	refusal	RepartitionExec[107]	1	705472	1366238	2000706808	255	122	1829621712	1246517	RepartitionExec[Merge]=1829621712;RepartitionExec=171079328;OrderedPartialAggregateStream=5768
event	464531	refusal	RepartitionExec[76]	1	702103	1981430	2000798492	255	122	1829713396	1246157	RepartitionExec[Merge]=1829713396;RepartitionExec=171079328;OrderedPartialAggregateStream=5768
event	464575	release_after_refusal	RepartitionExec[98]	1	627822	1680791	2000229662	255	122	1829772388		RepartitionExec[Merge]=1829772388;RepartitionExec=170451506;OrderedPartialAggregateStream=5768
event	464579	refusal	RepartitionExec[83]	1	480130	1993779	2000229662	255	122	1829772388	1245926	RepartitionExec[Merge]=1829772388;RepartitionExec=170451506;OrderedPartialAggregateStream=5768
event	464662	refusal	RepartitionExec[87]	1	459453	1867574	2001015592	255	122	1830558318	1242844	RepartitionExec[Merge]=1830558318;RepartitionExec=170451506;OrderedPartialAggregateStream=5768
event	464662	release_after_refusal	RepartitionExec[119]	1	456868	780700	2000558724	255	122	1830577326		RepartitionExec[Merge]=1830577326;RepartitionExec=169994638;OrderedPartialAggregateStream=5768
event	464703	refusal	RepartitionExec[108]	1	705472	1349274	2001080148	255	122	1831079742	1240799	RepartitionExec[Merge]=1831079742;RepartitionExec=169994638;OrderedPartialAggregateStream=5768
event	464788	release_after_refusal	RepartitionExec[99]	1	627822	1663827	2000647902	255	122	1831273726		RepartitionExec[Merge]=1831273726;RepartitionExec=169366816;OrderedPartialAggregateStream=5768
event	464792	refusal	RepartitionExec[88]	1	459453	1976815	2000647902	255	122	1831275318	1240032	RepartitionExec[Merge]=1831275318;RepartitionExec=169366816;OrderedPartialAggregateStream=5768
event	464829	refusal	RepartitionExec[109]	1	705472	1366238	2001350976	255	122	1831978392	1237275	RepartitionExec[Merge]=1831978392;RepartitionExec=169366816;OrderedPartialAggregateStream=5768
event	464885	refusal	RepartitionExec[99]	1	481701	1663827	2001423012	255	122	1832049412	1236997	RepartitionExec[Merge]=1832049412;RepartitionExec=169366816;OrderedPartialAggregateStream=5768
event	464895	release_after_refusal	RepartitionExec[0]	1	981017	1186981	2000441995	255	122	1832049412		RepartitionExec[Merge]=1832049412;RepartitionExec=168385799;OrderedPartialAggregateStream=5768
event	464906	refusal	RepartitionExec[72]	1	835715	1739271	2000443983	255	122	1832058296	1236962	RepartitionExec[Merge]=1832058296;RepartitionExec=168385799;OrderedPartialAggregateStream=5768
event	464937	refusal	RepartitionExec[84]	1	480130	1663827	2000446303	255	122	1833065845	1233010	RepartitionExec[Merge]=1833065845;RepartitionExec=168385799;OrderedPartialAggregateStream=5768
event	465123	refusal	RepartitionExec[89]	1	459453	1850610	2001960545	255	122	1833082925	1232944	RepartitionExec[Merge]=1833082925;RepartitionExec=168385799;OrderedPartialAggregateStream=5768
event	465157	refusal	RepartitionExec[101]	1	481701	854432	2001979089	255	122	1833102557	1232867	RepartitionExec[Merge]=1833102557;RepartitionExec=168867500;OrderedPartialAggregateStream=5768
event	465203	refusal	RepartitionExec[73]	1	835715	1739271	2002002865	255	122	1833126333	1232773	RepartitionExec[Merge]=1833126333;RepartitionExec=168867500;OrderedPartialAggregateStream=5768
event	465222	refusal	RepartitionExec[110]	1	705472	1366238	2002013733	255	122	1833137201	1232731	RepartitionExec[Merge]=1833137201;RepartitionExec=168867500;OrderedPartialAggregateStream=5768
event	465047	refusal	RepartitionExec[21]	1	585006	839396	2000930468	255	122	1833162401	1232632	RepartitionExec[Merge]=1833162401;RepartitionExec=168867500;OrderedPartialAggregateStream=5768
event	465266	refusal	RepartitionExec[85]	1	480130	1670626	2002050217	255	122	1833172165	1232594	RepartitionExec[Merge]=1833172165;RepartitionExec=168867500;OrderedPartialAggregateStream=5768
event	465277	refusal	RepartitionExec[102]	1	481701	854432	2002064209	255	122	1833189529	1232525	RepartitionExec[Merge]=1833189529;RepartitionExec=168867500;OrderedPartialAggregateStream=5768
event	465357	refusal	RepartitionExec[74]	1	835715	1739271	2002139153	255	122	1833265885	1232226	RepartitionExec[Merge]=1833265885;RepartitionExec=168867500;OrderedPartialAggregateStream=5768
event	465391	refusal	RepartitionExec[77]	1	702103	2161704	2002169541	255	122	1833295329	1232111	RepartitionExec[Merge]=1833295329;RepartitionExec=168867500;OrderedPartialAggregateStream=5768
event	465483	refusal	RepartitionExec[86]	1	480130	1867574	2002252281	255	122	1833376405	1231793	RepartitionExec[Merge]=1833376405;RepartitionExec=168867500;OrderedPartialAggregateStream=5768
event	465501	refusal	RepartitionExec[90]	1	459453	1867574	2002261789	255	122	1833387037	1231751	RepartitionExec[Merge]=1833387037;RepartitionExec=168867500;OrderedPartialAggregateStream=5768
event	465523	refusal	RepartitionExec[103]	1	481701	854432	2002301625	255	122	1833428357	1231589	RepartitionExec[Merge]=1833428357;RepartitionExec=168867500;OrderedPartialAggregateStream=5768
event	465678	refusal	RepartitionExec[75]	1	835715	1865476	2002421453	255	122	1833535437	1231169	RepartitionExec[Merge]=1833535437;RepartitionExec=168867500;OrderedPartialAggregateStream=5768
event	465704	refusal	RepartitionExec[78]	1	702103	1865476	2002449593	255	122	1833576325	1231009	RepartitionExec[Merge]=1833576325;RepartitionExec=168867500;OrderedPartialAggregateStream=5768
event	465795	refusal	RepartitionExec[111]	1	705472	1366238	2002546809	255	122	1833673541	1230627	RepartitionExec[Merge]=1833673541;RepartitionExec=168867500;OrderedPartialAggregateStream=5768
event	465861	refusal	RepartitionExec[76]	1	835715	1981430	2002612477	255	122	1833733093	1230394	RepartitionExec[Merge]=1833733093;RepartitionExec=168867500;OrderedPartialAggregateStream=5768
event	465878	release_after_refusal	RepartitionExec[30]	1	480130	780700	2002157755	255	122	1833764617		RepartitionExec[Merge]=1833764617;RepartitionExec=168387370;OrderedPartialAggregateStream=5768
event	465884	refusal	RepartitionExec[87]	1	480130	1867574	2002157755	255	122	1833764617	1230270	RepartitionExec[Merge]=1833764617;RepartitionExec=168387370;OrderedPartialAggregateStream=5768
event	465976	refusal	RepartitionExec[112]	1	705472	1366238	2002753961	255	122	1834360823	1227932	RepartitionExec[Merge]=1834360823;RepartitionExec=168387370;OrderedPartialAggregateStream=5768
event	466057	refusal	RepartitionExec[77]	1	835715	2161704	2002814117	255	122	1834420979	1227696	RepartitionExec[Merge]=1834420979;RepartitionExec=168387370;OrderedPartialAggregateStream=5768
event	466152	refusal	RepartitionExec[79]	1	702103	1779867	2002899285	255	122	1834506147	1227362	RepartitionExec[Merge]=1834506147;RepartitionExec=168387370;OrderedPartialAggregateStream=5768
event	466348	refusal	RepartitionExec[78]	1	835715	1865476	2003106185	255	122	1834710943	1226559	RepartitionExec[Merge]=1834710943;RepartitionExec=168387370;OrderedPartialAggregateStream=5768
event	466385	refusal	RepartitionExec[80]	1	702103	1795136	2003119653	255	122	1834720795	1226520	RepartitionExec[Merge]=1834720795;RepartitionExec=168387370;OrderedPartialAggregateStream=5768
event	466401	refusal	RepartitionExec[104]	1	481701	1094982	2003139429	255	122	1834746291	1226421	RepartitionExec[Merge]=1834746291;RepartitionExec=168387370;OrderedPartialAggregateStream=5768
event	466686	refusal	RepartitionExec[79]	1	835715	1779867	2003146045	255	122	1834752907	1226395	RepartitionExec[Merge]=1834752907;RepartitionExec=168387370;OrderedPartialAggregateStream=5768
event	466850	refusal	RepartitionExec[113]	1	705472	1366238	2003166969	255	122	1834773831	1226313	RepartitionExec[Merge]=1834773831;RepartitionExec=168387370;OrderedPartialAggregateStream=5768
event	466903	refusal	RepartitionExec[105]	1	481701	854432	2003188077	255	122	1834794939	1226230	RepartitionExec[Merge]=1834794939;RepartitionExec=168387370;OrderedPartialAggregateStream=5768
event	466994	refusal	RepartitionExec[81]	1	702103	1680791	2003254093	255	122	1834859903	1225975	RepartitionExec[Merge]=1834859903;RepartitionExec=168387370;OrderedPartialAggregateStream=5768
event	467033	refusal	RepartitionExec[88]	1	480130	1976815	2003287301	255	122	1834893435	1225843	RepartitionExec[Merge]=1834893435;RepartitionExec=168387370;OrderedPartialAggregateStream=5768
event	467063	refusal	RepartitionExec[80]	1	835715	1795136	2003325817	255	122	1834932679	1225690	RepartitionExec[Merge]=1834932679;RepartitionExec=168387370;OrderedPartialAggregateStream=5768
event	467077	refusal	RepartitionExec[22]	1	585006	780700	2003349985	255	122	1834956847	1225595	RepartitionExec[Merge]=1834956847;RepartitionExec=168387370;OrderedPartialAggregateStream=5768
event	467180	refusal	RepartitionExec[91]	1	459453	1867574	2003447085	255	122	1835053947	1225214	RepartitionExec[Merge]=1835053947;RepartitionExec=168387370;OrderedPartialAggregateStream=5768
event	467251	refusal	RepartitionExec[81]	1	835715	1680791	2003526725	255	122	1835133587	1224902	RepartitionExec[Merge]=1835133587;RepartitionExec=168387370;OrderedPartialAggregateStream=5768
event	467330	release_after_refusal	RepartitionExec[53]	1	481701	901803	2003132596	255	122	1835221159		RepartitionExec[Merge]=1835221159;RepartitionExec=167905669;OrderedPartialAggregateStream=5768
event	467379	refusal	RepartitionExec[92]	1	459453	1613282	2003622989	255	122	1835709348	1222644	RepartitionExec[Merge]=1835709348;RepartitionExec=167905669;OrderedPartialAggregateStream=5768
event	467659	refusal	RepartitionExec[93]	1	459453	1993779	2003847469	255	122	1835934692	1221760	RepartitionExec[Merge]=1835934692;RepartitionExec=167905669;OrderedPartialAggregateStream=5768
event	467822	refusal	RepartitionExec[94]	1	459453	1993779	2003925481	255	122	1836009520	1221467	RepartitionExec[Merge]=1836009520;RepartitionExec=167905669;OrderedPartialAggregateStream=5768
event	467837	refusal	RepartitionExec[114]	1	705472	1424934	2003925481	255	122	1836009520	1221467	RepartitionExec[Merge]=1836009520;RepartitionExec=167905669;OrderedPartialAggregateStream=5768
event	467960	refusal	RepartitionExec[23]	1	585006	780700	2004025885	255	122	1836112352	1221063	RepartitionExec[Merge]=1836112352;RepartitionExec=167905669;OrderedPartialAggregateStream=5768
event	467996	refusal	RepartitionExec[95]	1	459453	1680791	2004074245	255	122	1836160712	1220874	RepartitionExec[Merge]=1836160712;RepartitionExec=167905669;OrderedPartialAggregateStream=5768
event	468033	refusal	RepartitionExec[82]	1	835715	1739487	2004127585	255	122	1836214052	1220665	RepartitionExec[Merge]=1836214052;RepartitionExec=167905669;OrderedPartialAggregateStream=5768
event	468106	refusal	RepartitionExec[89]	1	480130	1850610	2004204337	255	122	1836290804	1220364	RepartitionExec[Merge]=1836290804;RepartitionExec=167905669;OrderedPartialAggregateStream=5768
event	468122	refusal	RepartitionExec[24]	1	585006	780700	2004227057	255	122	1836309796	1220289	RepartitionExec[Merge]=1836309796;RepartitionExec=167905669;OrderedPartialAggregateStream=5768
event	468145	refusal	RepartitionExec[96]	1	459453	1911519	2004240581	255	122	1836322052	1220241	RepartitionExec[Merge]=1836322052;RepartitionExec=167905669;OrderedPartialAggregateStream=5768
event	468177	refusal	RepartitionExec[83]	1	835715	1993779	2004291325	255	122	1836378620	1220019	RepartitionExec[Merge]=1836378620;RepartitionExec=167905669;OrderedPartialAggregateStream=5768
event	468218	refusal	RepartitionExec[115]	1	705472	1714358	2004326301	255	122	1836414864	1219877	RepartitionExec[Merge]=1836414864;RepartitionExec=167905669;OrderedPartialAggregateStream=5768
event	468261	refusal	RepartitionExec[90]	1	480130	1867574	2004393577	255	122	1836482140	1219613	RepartitionExec[Merge]=1836482140;RepartitionExec=167905669;OrderedPartialAggregateStream=5768
event	468281	refusal	RepartitionExec[82]	1	702103	1739487	2004409745	255	122	1836496932	1219555	RepartitionExec[Merge]=1836496932;RepartitionExec=167905669;OrderedPartialAggregateStream=5768
event	468354	refusal	RepartitionExec[25]	1	585006	1347203	2004456641	255	122	1836545204	1219366	RepartitionExec[Merge]=1836545204;RepartitionExec=167905669;OrderedPartialAggregateStream=5768
event	468458	refusal	RepartitionExec[106]	1	481701	1349274	2004609797	255	122	1836697092	1218770	RepartitionExec[Merge]=1836697092;RepartitionExec=167905669;OrderedPartialAggregateStream=5768
event	468691	refusal	RepartitionExec[97]	1	459453	1739487	2004750717	255	122	1836831788	1218242	RepartitionExec[Merge]=1836831788;RepartitionExec=167905669;OrderedPartialAggregateStream=5768
event	468707	refusal	RepartitionExec[84]	1	835715	1663827	2004776589	255	122	1836865152	1218111	RepartitionExec[Merge]=1836865152;RepartitionExec=167905669;OrderedPartialAggregateStream=5768
event	468808	refusal	RepartitionExec[116]	1	705472	1366238	2004893233	255	122	1836981796	1217654	RepartitionExec[Merge]=1836981796;RepartitionExec=167905669;OrderedPartialAggregateStream=5768
event	468858	refusal	RepartitionExec[98]	1	459453	1680791	2004974285	255	122	1837062848	1217336	RepartitionExec[Merge]=1837062848;RepartitionExec=167905669;OrderedPartialAggregateStream=5768
event	468973	refusal	RepartitionExec[117]	1	705472	1366238	2005115285	255	122	1837203848	1216783	RepartitionExec[Merge]=1837203848;RepartitionExec=167905669;OrderedPartialAggregateStream=5768
event	469001	refusal	RepartitionExec[107]	1	481701	1366238	2005128009	255	122	1837209960	1216759	RepartitionExec[Merge]=1837209960;RepartitionExec=167905669;OrderedPartialAggregateStream=5768
event	469007	refusal	RepartitionExec[91]	1	480130	1867574	2005128009	255	122	1837209960	1216759	RepartitionExec[Merge]=1837209960;RepartitionExec=167905669;OrderedPartialAggregateStream=5768
event	469033	release_after_refusal	RepartitionExec[60]	1	481701	901803	2004655452	255	122	1837220084		RepartitionExec[Merge]=1837220084;RepartitionExec=167423968;OrderedPartialAggregateStream=5768
event	469208	refusal	RepartitionExec[85]	1	835715	1670626	2005321201	255	122	1837891465	1214086	RepartitionExec[Merge]=1837891465;RepartitionExec=167423968;OrderedPartialAggregateStream=5768
event	469290	refusal	OrderedPartialAggregateStream[24]	1	3223651	0	2005369245	255	122	1837939509	1213898	RepartitionExec[Merge]=1837939509;RepartitionExec=167423968;OrderedPartialAggregateStream=5768
event	469363	refusal	RepartitionExec[86]	1	835715	1867574	2005415669	255	122	1837985933	1213716	RepartitionExec[Merge]=1837985933;RepartitionExec=167423968;OrderedPartialAggregateStream=5768
event	469539	refusal	RepartitionExec[99]	1	459453	1663827	2005501829	255	122	1838072093	1213378	RepartitionExec[Merge]=1838072093;RepartitionExec=167423968;OrderedPartialAggregateStream=5768
event	469547	refusal	RepartitionExec[83]	1	702103	1993779	2005511873	255	122	1838072093	1213378	RepartitionExec[Merge]=1838072093;RepartitionExec=167423968;OrderedPartialAggregateStream=5768
event	469677	refusal	RepartitionExec[108]	1	481701	1349274	2005616941	255	122	1838170033	1212994	RepartitionExec[Merge]=1838170033;RepartitionExec=167423968;OrderedPartialAggregateStream=5768
event	470075	refusal	RepartitionExec[92]	1	480130	1613282	2005643397	255	122	1838189337	1212918	RepartitionExec[Merge]=1838189337;RepartitionExec=167423968;OrderedPartialAggregateStream=5768
event	470153	refusal	RepartitionExec[87]	1	835715	1867574	2005644629	255	122	1838189337	1212918	RepartitionExec[Merge]=1838189337;RepartitionExec=167423968;OrderedPartialAggregateStream=5768
event	470173	refusal	RepartitionExec[26]	1	585006	780700	2005644629	255	122	1838189337	1212918	RepartitionExec[Merge]=1838189337;RepartitionExec=167423968;OrderedPartialAggregateStream=5768
event	470187	refusal	RepartitionExec[100]	1	459453	1092678	2005651877	255	122	1838198681	1212882	RepartitionExec[Merge]=1838198681;RepartitionExec=167423968;OrderedPartialAggregateStream=5768
event	470220	refusal	RepartitionExec[84]	1	702103	1663827	2005658497	255	122	1838205301	1212856	RepartitionExec[Merge]=1838205301;RepartitionExec=167423968;OrderedPartialAggregateStream=5768
event	470237	refusal	RepartitionExec[109]	1	481701	1366238	2005669341	255	122	1838225025	1212778	RepartitionExec[Merge]=1838225025;RepartitionExec=167423968;OrderedPartialAggregateStream=5768
event	470306	refusal	RepartitionExec[93]	1	480130	1993779	2005713985	255	122	1838275805	1212579	RepartitionExec[Merge]=1838275805;RepartitionExec=167423968;OrderedPartialAggregateStream=5768
event	470362	release_after_refusal	RepartitionExec[100]	1	481701	610977	2005277224	255	122	1838320745		RepartitionExec[Merge]=1838320745;RepartitionExec=166942267;OrderedPartialAggregateStream=5768
event	470371	refusal	RepartitionExec[27]	1	585006	896740	2005280264	255	122	1838320745	1212403	RepartitionExec[Merge]=1838320745;RepartitionExec=166942267;OrderedPartialAggregateStream=5768
event	470489	refusal	RepartitionExec[94]	1	480130	1993779	2005840713	255	122	1838877354	1210220	RepartitionExec[Merge]=1838877354;RepartitionExec=166942267;OrderedPartialAggregateStream=5768
event	470503	refusal	RepartitionExec[88]	1	835715	1976815	2005854125	255	122	1838896766	1210144	RepartitionExec[Merge]=1838896766;RepartitionExec=166942267;OrderedPartialAggregateStream=5768
event	470978	refusal	RepartitionExec[85]	1	702103	1670626	2005880421	255	122	1838913710	1210078	RepartitionExec[Merge]=1838913710;RepartitionExec=166942267;OrderedPartialAggregateStream=5768
event	470995	refusal	RepartitionExec[118]	1	705472	1366238	2005884909	255	122	1838918198	1210060	RepartitionExec[Merge]=1838918198;RepartitionExec=166942267;OrderedPartialAggregateStream=5768
event	471001	refusal	RepartitionExec[101]	1	459453	854432	2005884909	255	122	1838918198	1210060	RepartitionExec[Merge]=1838918198;RepartitionExec=166942267;OrderedPartialAggregateStream=5768
event	471020	refusal	RepartitionExec[28]	1	585006	839396	2005892685	255	122	1838923410	1210040	RepartitionExec[Merge]=1838923410;RepartitionExec=166942267;OrderedPartialAggregateStream=5768
event	471035	refusal	RepartitionExec[89]	1	835715	1850610	2005901105	255	122	1838925434	1210032	RepartitionExec[Merge]=1838925434;RepartitionExec=166942267;OrderedPartialAggregateStream=5768
event	471064	refusal	RepartitionExec[95]	1	480130	1680791	2005919905	255	122	1838971870	1209850	RepartitionExec[Merge]=1838971870;RepartitionExec=166942267;OrderedPartialAggregateStream=5768
event	471143	refusal	RepartitionExec[86]	1	702103	1867574	2006082813	255	122	1839132902	1209218	RepartitionExec[Merge]=1839132902;RepartitionExec=166942267;OrderedPartialAggregateStream=6592
event	471192	refusal	RepartitionExec[119]	1	705472	780700	2006153233	255	122	1839203322	1208942	RepartitionExec[Merge]=1839203322;RepartitionExec=166942267;OrderedPartialAggregateStream=6592
event	471352	refusal	RepartitionExec[102]	1	459453	854432	2006252957	255	122	1839303046	1208551	RepartitionExec[Merge]=1839303046;RepartitionExec=166942267;OrderedPartialAggregateStream=6592
event	471525	release_after_refusal	RepartitionExec[25]	1	450463	896740	2005912034	254	122	1839411998		RepartitionExec[Merge]=1839411998;RepartitionExec=166491804;OrderedPartialAggregateStream=5768
event	471532	refusal	RepartitionExec[0]	1	604448	1186981	2005912034	254	122	1839411998	1212880	RepartitionExec[Merge]=1839411998;RepartitionExec=166491804;OrderedPartialAggregateStream=5768
event	471573	refusal	RepartitionExec[90]	1	835715	1867574	2006396965	254	122	1839898341	1210965	RepartitionExec[Merge]=1839898341;RepartitionExec=166491804;OrderedPartialAggregateStream=5768
event	471603	refusal	RepartitionExec[96]	1	480130	1911519	2006401781	254	122	1839903157	1210946	RepartitionExec[Merge]=1839903157;RepartitionExec=166491804;OrderedPartialAggregateStream=5768
event	471740	refusal	RepartitionExec[110]	1	481701	1366238	2006428989	254	122	1839924873	1210861	RepartitionExec[Merge]=1839924873;RepartitionExec=166491804;OrderedPartialAggregateStream=5768
event	471756	refusal	RepartitionExec[1]	1	604448	1480854	2006433357	254	122	1839934733	1210822	RepartitionExec[Merge]=1839934733;RepartitionExec=166491804;OrderedPartialAggregateStream=5768
event	472145	refusal	RepartitionExec[29]	1	585006	780700	2006454933	254	122	1839941549	1210795	RepartitionExec[Merge]=1839941549;RepartitionExec=166491804;OrderedPartialAggregateStream=5768
event	472163	refusal	RepartitionExec[91]	1	835715	1867574	2006458917	254	122	1839946693	1210775	RepartitionExec[Merge]=1839946693;RepartitionExec=166491804;OrderedPartialAggregateStream=5768
event	472197	refusal	RepartitionExec[103]	1	459453	854432	2006486017	254	122	1839977777	1210653	RepartitionExec[Merge]=1839977777;RepartitionExec=166491804;OrderedPartialAggregateStream=5768
event	472209	refusal	RepartitionExec[97]	1	480130	1739487	2006496713	254	122	1839993141	1210592	RepartitionExec[Merge]=1839993141;RepartitionExec=166491804;OrderedPartialAggregateStream=5768
event	472237	refusal	RepartitionExec[111]	1	481701	1366238	2006501857	254	122	1839998285	1210572	RepartitionExec[Merge]=1839998285;RepartitionExec=166491804;OrderedPartialAggregateStream=5768
event	472290	refusal	RepartitionExec[2]	1	604448	988163	2006514589	254	122	1840017017	1210498	RepartitionExec[Merge]=1840017017;RepartitionExec=166491804;OrderedPartialAggregateStream=5768
event	472453	refusal	RepartitionExec[30]	1	585006	780700	2006528469	254	122	1840030897	1210443	RepartitionExec[Merge]=1840030897;RepartitionExec=166491804;OrderedPartialAggregateStream=5768
event	472535	refusal	RepartitionExec[92]	1	835715	1613282	2006539093	254	122	1840041521	1210402	RepartitionExec[Merge]=1840041521;RepartitionExec=166491804;OrderedPartialAggregateStream=5768
event	472568	refusal	RepartitionExec[104]	1	459453	1094982	2006545785	254	122	1840048213	1210375	RepartitionExec[Merge]=1840048213;RepartitionExec=166491804;OrderedPartialAggregateStream=5768
event	472578	refusal	RepartitionExec[98]	1	480130	1680791	2006554669	254	122	1840057097	1210340	RepartitionExec[Merge]=1840057097;RepartitionExec=166491804;OrderedPartialAggregateStream=5768
event	472673	refusal	RepartitionExec[87]	1	702103	1867574	2006580185	253	122	1840082613	1215023	RepartitionExec[Merge]=1840082613;RepartitionExec=166491804;OrderedPartialAggregateStream=5768
event	472688	release_after_refusal	RepartitionExec[0]	1	207463	979518	2006377710	253	122	1840087601		RepartitionExec[Merge]=1840087601;RepartitionExec=166284341;OrderedPartialAggregateStream=5768
event	472689	refusal	RepartitionExec[112]	1	481701	1366238	2006377710	253	122	1840087601	1215004	RepartitionExec[Merge]=1840087601;RepartitionExec=166284341;OrderedPartialAggregateStream=5768
event	472692	refusal	RepartitionExec[3]	1	604448	2065858	2006380130	253	122	1840090021	1214994	RepartitionExec[Merge]=1840090021;RepartitionExec=166284341;OrderedPartialAggregateStream=5768
event	472748	refusal	RepartitionExec[31]	1	585006	1144437	2006618753	252	122	1840328644	1218869	RepartitionExec[Merge]=1840328644;RepartitionExec=166284341;OrderedPartialAggregateStream=5768
event	472779	refusal	RepartitionExec[93]	1	835715	1993779	2006625085	252	122	1840334976	1218843	RepartitionExec[Merge]=1840334976;RepartitionExec=166284341;OrderedPartialAggregateStream=5768
event	472838	refusal	RepartitionExec[105]	1	459453	854432	2006870995	251	122	1840350244	1223639	RepartitionExec[Merge]=1840350244;RepartitionExec=166514983;OrderedPartialAggregateStream=5768
event	472844	refusal	RepartitionExec[99]	1	480130	1663827	2006870995	251	122	1840350244	1223639	RepartitionExec[Merge]=1840350244;RepartitionExec=166514983;OrderedPartialAggregateStream=5768
event	472893	refusal	RepartitionExec[88]	1	702103	1976815	2006893711	251	122	1840372960	1223548	RepartitionExec[Merge]=1840372960;RepartitionExec=166514983;OrderedPartialAggregateStream=5768
event	472933	refusal	RepartitionExec[113]	1	481701	1366238	2006913523	251	122	1840392772	1223469	RepartitionExec[Merge]=1840392772;RepartitionExec=166514983;OrderedPartialAggregateStream=5768
event	472955	refusal	RepartitionExec[106]	1	459453	1349274	2006928323	251	122	1840407572	1223410	RepartitionExec[Merge]=1840407572;RepartitionExec=166514983;OrderedPartialAggregateStream=5768
event	472992	refusal	RepartitionExec[32]	1	585006	1093688	2006953319	251	122	1840432568	1223311	RepartitionExec[Merge]=1840432568;RepartitionExec=166514983;OrderedPartialAggregateStream=5768
event	473018	refusal	RepartitionExec[94]	1	835715	1993779	2006976403	251	122	1840455652	1223219	RepartitionExec[Merge]=1840455652;RepartitionExec=166514983;OrderedPartialAggregateStream=5768
event	473044	refusal	RepartitionExec[4]	1	604448	1093688	2006985747	251	122	1840464996	1223181	RepartitionExec[Merge]=1840464996;RepartitionExec=166514983;OrderedPartialAggregateStream=5768
event	473071	refusal	RepartitionExec[101]	1	480130	854432	2007475689	251	122	1840474808	1223142	RepartitionExec[Merge]=1840474808;RepartitionExec=166995113;OrderedPartialAggregateStream=5768
event	473134	refusal	RepartitionExec[89]	1	702103	1850610	2007496741	251	122	1840495860	1223058	RepartitionExec[Merge]=1840495860;RepartitionExec=166995113;OrderedPartialAggregateStream=5768
event	473142	refusal	RepartitionExec[114]	1	481701	1424934	2007496741	251	122	1840495860	1223058	RepartitionExec[Merge]=1840495860;RepartitionExec=166995113;OrderedPartialAggregateStream=5768
event	473163	refusal	RepartitionExec[107]	1	459453	1366238	2007507701	251	122	1840506820	1223015	RepartitionExec[Merge]=1840506820;RepartitionExec=166995113;OrderedPartialAggregateStream=5768
event	473209	refusal	RepartitionExec[33]	1	585006	1093688	2007528425	251	122	1840527544	1222932	RepartitionExec[Merge]=1840527544;RepartitionExec=166995113;OrderedPartialAggregateStream=5768
event	473233	refusal	RepartitionExec[95]	1	835715	1680791	2007545357	251	122	1840544476	1222865	RepartitionExec[Merge]=1840544476;RepartitionExec=166995113;OrderedPartialAggregateStream=5768
event	473262	refusal	RepartitionExec[5]	1	604448	1093688	2007555333	251	122	1840554452	1222825	RepartitionExec[Merge]=1840554452;RepartitionExec=166995113;OrderedPartialAggregateStream=5768
event	473284	refusal	RepartitionExec[102]	1	480130	854432	2007555333	251	122	1840554452	1222825	RepartitionExec[Merge]=1840554452;RepartitionExec=166995113;OrderedPartialAggregateStream=5768
event	473307	refusal	RepartitionExec[34]	1	585006	1152384	2007555333	251	122	1840554452	1222825	RepartitionExec[Merge]=1840554452;RepartitionExec=166995113;OrderedPartialAggregateStream=5768
event	473357	refusal	RepartitionExec[115]	1	481701	1714358	2007558369	251	122	1840557488	1222813	RepartitionExec[Merge]=1840557488;RepartitionExec=166995113;OrderedPartialAggregateStream=5768
event	473376	refusal	RepartitionExec[108]	1	459453	1349274	2007558369	251	122	1840557488	1222813	RepartitionExec[Merge]=1840557488;RepartitionExec=166995113;OrderedPartialAggregateStream=5768
event	473422	refusal	RepartitionExec[90]	1	702103	1867574	2007077087	251	122	1840555212	1222822	RepartitionExec[Merge]=1840555212;RepartitionExec=166514983;OrderedPartialAggregateStream=5768
event	473435	refusal	RepartitionExec[96]	1	835715	1911519	2007568621	251	122	1841047870	1220859	RepartitionExec[Merge]=1841047870;RepartitionExec=166514983;OrderedPartialAggregateStream=5768
event	473515	refusal	RepartitionExec[6]	1	604448	780700	2007621337	251	122	1841100586	1220649	RepartitionExec[Merge]=1841100586;RepartitionExec=166514983;OrderedPartialAggregateStream=5768
event	473599	refusal	RepartitionExec[103]	1	480130	854432	2007636133	251	122	1841113862	1220596	RepartitionExec[Merge]=1841113862;RepartitionExec=166514983;OrderedPartialAggregateStream=5768
event	473614	release_after_refusal	RepartitionExec[3]	1	837468	1228390	2006801461	251	122	1841116658		RepartitionExec[Merge]=1841116658;RepartitionExec=165677515;OrderedPartialAggregateStream=5768
event	473650	release_after_refusal	RepartitionExec[1]	1	492691	988163	2006318974	251	122	1841126862		RepartitionExec[Merge]=1841126862;RepartitionExec=165184824;OrderedPartialAggregateStream=5768
event	473711	refusal	RepartitionExec[7]	1	604448	780700	2007697729	251	122	1842505617	1215051	RepartitionExec[Merge]=1842505617;RepartitionExec=165184824;OrderedPartialAggregateStream=5768
event	473739	refusal	RepartitionExec[116]	1	481701	1366238	2007703053	251	122	1842510941	1215030	RepartitionExec[Merge]=1842510941;RepartitionExec=165184824;OrderedPartialAggregateStream=5768
event	473761	refusal	RepartitionExec[109]	1	459453	1366238	2007715129	251	122	1842523017	1214982	RepartitionExec[Merge]=1842523017;RepartitionExec=165184824;OrderedPartialAggregateStream=5768
event	473837	refusal	RepartitionExec[91]	1	702103	1867574	2007771357	251	122	1842578157	1214762	RepartitionExec[Merge]=1842578157;RepartitionExec=165184824;OrderedPartialAggregateStream=5768
event	474105	refusal	RepartitionExec[97]	1	835715	1739487	2007798297	251	122	1842583649	1214741	RepartitionExec[Merge]=1842583649;RepartitionExec=165184824;OrderedPartialAggregateStream=5768
event	474112	refusal	RepartitionExec[104]	1	480130	1094982	2007798297	251	122	1842583649	1214741	RepartitionExec[Merge]=1842583649;RepartitionExec=165184824;OrderedPartialAggregateStream=5768
event	474123	refusal	RepartitionExec[35]	1	585006	2013749	2007802325	251	122	1842587677	1214724	RepartitionExec[Merge]=1842587677;RepartitionExec=165184824;OrderedPartialAggregateStream=5768
event	474135	refusal	RepartitionExec[92]	1	702103	1613282	2007801281	251	122	1842587677	1214724	RepartitionExec[Merge]=1842587677;RepartitionExec=165184824;OrderedPartialAggregateStream=5768
event	474146	refusal	RepartitionExec[117]	1	481701	1366238	2007804641	251	122	1842594625	1214697	RepartitionExec[Merge]=1842594625;RepartitionExec=165184824;OrderedPartialAggregateStream=5768
event	474157	refusal	RepartitionExec[110]	1	459453	1366238	2007807473	251	122	1842616549	1214609	RepartitionExec[Merge]=1842616549;RepartitionExec=165184824;OrderedPartialAggregateStream=5768
event	474171	refusal	RepartitionExec[8]	1	604448	780700	2007834845	251	122	1842644253	1214499	RepartitionExec[Merge]=1842644253;RepartitionExec=165184824;OrderedPartialAggregateStream=5768
event	474206	refusal	RepartitionExec[98]	1	835715	1680791	2007880193	251	122	1842689601	1214318	RepartitionExec[Merge]=1842689601;RepartitionExec=165184824;OrderedPartialAggregateStream=5768
event	474263	refusal	RepartitionExec[93]	1	702103	1993779	2007942609	251	122	1842958068	1213249	RepartitionExec[Merge]=1842958068;RepartitionExec=164977361;OrderedPartialAggregateStream=5768
event	474273	refusal	RepartitionExec[111]	1	459453	1366238	2007951545	251	122	1842968416	1213208	RepartitionExec[Merge]=1842968416;RepartitionExec=164977361;OrderedPartialAggregateStream=5768
event	474318	refusal	RepartitionExec[99]	1	835715	1663827	2007993753	251	122	1843010624	1213039	RepartitionExec[Merge]=1843010624;RepartitionExec=164977361;OrderedPartialAggregateStream=5768
event	474331	release_after_refusal	RepartitionExec[4]	1	312988	780700	2007682101	251	122	1843011960		RepartitionExec[Merge]=1843011960;RepartitionExec=164664373;OrderedPartialAggregateStream=5768
event	474354	refusal	RepartitionExec[118]	1	481701	1366238	2008005001	251	122	1843334860	1211748	RepartitionExec[Merge]=1843334860;RepartitionExec=164664373;OrderedPartialAggregateStream=5768
event	474369	release_after_refusal	RepartitionExec[2]	1	207463	780700	2007807602	251	122	1843344924		RepartitionExec[Merge]=1843344924;RepartitionExec=164456910;OrderedPartialAggregateStream=5768
event	474375	refusal	RepartitionExec[112]	1	459453	1366238	2008021473	251	122	1843553947	1210875	RepartitionExec[Merge]=1843553947;RepartitionExec=164456910;OrderedPartialAggregateStream=5768
event	474421	release_after_refusal	RepartitionExec[5]	1	312988	780700	2007731813	251	122	1843582123		RepartitionExec[Merge]=1843582123;RepartitionExec=164143922;OrderedPartialAggregateStream=5768
event	474422	refusal	RepartitionExec[9]	1	604448	780700	2007731813	251	122	1843582123	1210763	RepartitionExec[Merge]=1843582123;RepartitionExec=164143922;OrderedPartialAggregateStream=5768
event	474446	refusal	RepartitionExec[119]	1	481701	780700	2008058901	251	122	1843909211	1209459	RepartitionExec[Merge]=1843909211;RepartitionExec=164143922;OrderedPartialAggregateStream=5768
event	474730	refusal	RepartitionExec[94]	1	702103	1993779	2008073409	251	122	1843913899	1209441	RepartitionExec[Merge]=1843913899;RepartitionExec=164143922;OrderedPartialAggregateStream=5768
event	474738	refusal	RepartitionExec[36]	1	585006	1938089	2008073409	251	122	1843913899	1209441	RepartitionExec[Merge]=1843913899;RepartitionExec=164143922;OrderedPartialAggregateStream=5768
event	474750	refusal	RepartitionExec[105]	1	480130	854432	2008083281	251	122	1843926631	1209390	RepartitionExec[Merge]=1843926631;RepartitionExec=164143922;OrderedPartialAggregateStream=5768
event	474839	refusal	RepartitionExec[95]	1	702103	1680791	2008104969	251	122	1843948319	1209304	RepartitionExec[Merge]=1843948319;RepartitionExec=164143922;OrderedPartialAggregateStream=5768
event	474851	refusal	RepartitionExec[113]	1	459453	1366238	2008099229	251	122	1843952499	1209287	RepartitionExec[Merge]=1843952499;RepartitionExec=164143922;OrderedPartialAggregateStream=5768
event	474868	refusal	RepartitionExec[100]	1	835715	610977	2008102981	250	122	1843957075	1214106	RepartitionExec[Merge]=1843957075;RepartitionExec=164143922;OrderedPartialAggregateStream=4944
event	474872	refusal	RepartitionExec[10]	1	604448	780700	2008110389	250	122	1843964483	1214076	RepartitionExec[Merge]=1843964483;RepartitionExec=164143922;OrderedPartialAggregateStream=4944
event	474897	refusal	RepartitionExec[37]	1	585006	1863630	2008126021	250	122	1843976939	1214026	RepartitionExec[Merge]=1843976939;RepartitionExec=164143922;OrderedPartialAggregateStream=4944
event	474927	refusal	RepartitionExec[106]	1	480130	1349274	2008127125	250	122	1843980607	1214012	RepartitionExec[Merge]=1843980607;RepartitionExec=164143922;OrderedPartialAggregateStream=4944
event	474937	refusal	RepartitionExec[96]	1	702103	1911519	2008136157	250	122	1843987075	1213986	RepartitionExec[Merge]=1843987075;RepartitionExec=164143922;OrderedPartialAggregateStream=4944
event	474965	refusal	RepartitionExec[114]	1	459453	1424934	2008141889	250	122	1843992807	1213963	RepartitionExec[Merge]=1843992807;RepartitionExec=164143922;OrderedPartialAggregateStream=4944
event	475009	refusal	RepartitionExec[11]	1	604448	2046240	2008164077	250	122	1844014995	1213874	RepartitionExec[Merge]=1844014995;RepartitionExec=164143922;OrderedPartialAggregateStream=4944
event	475047	refusal	RepartitionExec[38]	1	585006	1863630	2008184097	250	122	1844037831	1213783	RepartitionExec[Merge]=1844037831;RepartitionExec=164143922;OrderedPartialAggregateStream=4944
event	475125	refusal	RepartitionExec[107]	1	480130	1366238	2008235081	250	122	1844088815	1213579	RepartitionExec[Merge]=1844088815;RepartitionExec=164143922;OrderedPartialAggregateStream=4944
event	475174	refusal	RepartitionExec[97]	1	702103	1739487	2008248601	250	122	1844102335	1213525	RepartitionExec[Merge]=1844102335;RepartitionExec=164143922;OrderedPartialAggregateStream=4944
event	475217	refusal	RepartitionExec[115]	1	459453	1714358	2008242573	250	122	1844096307	1213549	RepartitionExec[Merge]=1844096307;RepartitionExec=164143922;OrderedPartialAggregateStream=4944
event	475275	refusal	RepartitionExec[12]	1	604448	1682503	2008227293	250	122	1844078427	1213620	RepartitionExec[Merge]=1844078427;RepartitionExec=164143922;OrderedPartialAggregateStream=4944
event	475352	refusal	RepartitionExec[116]	1	459453	1366238	2008212229	250	122	1844063363	1213681	RepartitionExec[Merge]=1844063363;RepartitionExec=164143922;OrderedPartialAggregateStream=4944
event	475439	refusal	RepartitionExec[108]	1	480130	1349274	2008209889	250	122	1844061023	1213690	RepartitionExec[Merge]=1844061023;RepartitionExec=164143922;OrderedPartialAggregateStream=4944
event	475508	refusal	RepartitionExec[98]	1	702103	1680791	2008209013	250	122	1844060147	1213694	RepartitionExec[Merge]=1844060147;RepartitionExec=164143922;OrderedPartialAggregateStream=4944
event	475621	refusal	RepartitionExec[39]	1	585006	1275357	2008207205	250	122	1844058339	1213701	RepartitionExec[Merge]=1844058339;RepartitionExec=164143922;OrderedPartialAggregateStream=4944
event	475744	refusal	RepartitionExec[40]	1	585006	1117585	2008200141	250	122	1844051275	1213729	RepartitionExec[Merge]=1844051275;RepartitionExec=164143922;OrderedPartialAggregateStream=4944
event	475826	refusal	RepartitionExec[109]	1	480130	1366238	2008188617	250	122	1844039751	1213775	RepartitionExec[Merge]=1844039751;RepartitionExec=164143922;OrderedPartialAggregateStream=4944
event	475832	refusal	RepartitionExec[13]	1	604448	1682503	2008185981	250	122	1844037115	1213786	RepartitionExec[Merge]=1844037115;RepartitionExec=164143922;OrderedPartialAggregateStream=4944
event	475870	refusal	RepartitionExec[99]	1	702103	1663827	2008197961	250	122	1844049095	1213738	RepartitionExec[Merge]=1844049095;RepartitionExec=164143922;OrderedPartialAggregateStream=4944
event	475907	refusal	RepartitionExec[101]	1	835715	854432	2008191385	250	122	1844042519	1213764	RepartitionExec[Merge]=1844042519;RepartitionExec=164143922;OrderedPartialAggregateStream=4944
event	475917	release_after_refusal	RepartitionExec[11]	1	492691	1553549	2007694286	250	122	1844038111		RepartitionExec[Merge]=1844038111;RepartitionExec=163651231;OrderedPartialAggregateStream=4944
event	475949	refusal	RepartitionExec[41]	1	585006	1489269	2008184961	250	122	1844528786	1211819	RepartitionExec[Merge]=1844528786;RepartitionExec=163651231;OrderedPartialAggregateStream=4944
event	475978	refusal	RepartitionExec[117]	1	459453	1366238	2008192289	250	122	1844536114	1211790	RepartitionExec[Merge]=1844536114;RepartitionExec=163651231;OrderedPartialAggregateStream=4944
event	476016	refusal	RepartitionExec[110]	1	480130	1366238	2008199737	250	122	1844543562	1211760	RepartitionExec[Merge]=1844543562;RepartitionExec=163651231;OrderedPartialAggregateStream=4944
event	476081	refusal	RepartitionExec[42]	1	585006	1540018	2008187105	250	122	1844738393	1210981	RepartitionExec[Merge]=1844738393;RepartitionExec=163443768;OrderedPartialAggregateStream=4944
event	476124	refusal	RepartitionExec[100]	1	702103	610977	2008194809	250	122	1844746097	1210950	RepartitionExec[Merge]=1844746097;RepartitionExec=163443768;OrderedPartialAggregateStream=4944
event	476175	refusal	RepartitionExec[102]	1	835715	854432	2008192013	250	122	1844743301	1210961	RepartitionExec[Merge]=1844743301;RepartitionExec=163443768;OrderedPartialAggregateStream=4944
event	476209	refusal	RepartitionExec[43]	1	585006	1159317	2008196265	250	122	1844747553	1210944	RepartitionExec[Merge]=1844747553;RepartitionExec=163443768;OrderedPartialAggregateStream=4944
event	476265	refusal	RepartitionExec[118]	1	459453	1366238	2008193189	250	122	1844744477	1210956	RepartitionExec[Merge]=1844744477;RepartitionExec=163443768;OrderedPartialAggregateStream=4944
event	476323	refusal	RepartitionExec[111]	1	480130	1366238	2008184089	250	122	1844735377	1210993	RepartitionExec[Merge]=1844735377;RepartitionExec=163443768;OrderedPartialAggregateStream=4944
event	476355	refusal	RepartitionExec[14]	1	604448	1017843	2008183117	250	122	1844734405	1210996	RepartitionExec[Merge]=1844734405;RepartitionExec=163443768;OrderedPartialAggregateStream=4944
event	476412	refusal	RepartitionExec[101]	1	702103	854432	2008176869	250	122	1844728157	1211021	RepartitionExec[Merge]=1844728157;RepartitionExec=163443768;OrderedPartialAggregateStream=4944
event	476416	refusal	RepartitionExec[112]	1	480130	1366238	2008184089	250	122	1844735377	1210993	RepartitionExec[Merge]=1844735377;RepartitionExec=163443768;OrderedPartialAggregateStream=4944
event	476451	release_after_refusal	RepartitionExec[12]	1	492691	1189812	2007689418	250	122	1844733397		RepartitionExec[Merge]=1844733397;RepartitionExec=162951077;OrderedPartialAggregateStream=4944
event	476489	refusal	RepartitionExec[15]	1	604448	1949990	2008183557	250	122	1845227536	1209024	RepartitionExec[Merge]=1845227536;RepartitionExec=162951077;OrderedPartialAggregateStream=4944
event	476527	refusal	RepartitionExec[102]	1	702103	854432	2008185777	250	122	1845229756	1209015	RepartitionExec[Merge]=1845229756;RepartitionExec=162951077;OrderedPartialAggregateStream=4944
event	476567	refusal	RepartitionExec[103]	1	835715	854432	2008186881	250	122	1845230860	1209011	RepartitionExec[Merge]=1845230860;RepartitionExec=162951077;OrderedPartialAggregateStream=4944
event	476608	release_after_refusal	RepartitionExec[13]	1	492691	1189812	2007701922	250	122	1845446055		RepartitionExec[Merge]=1845446055;RepartitionExec=162250923;OrderedPartialAggregateStream=4944
event	476617	refusal	RepartitionExec[44]	1	585006	1100621	2008196281	250	122	1845940414	1206172	RepartitionExec[Merge]=1845940414;RepartitionExec=162250923;OrderedPartialAggregateStream=4944
event	476639	refusal	RepartitionExec[119]	1	459453	780700	2008192413	250	122	1845936546	1206188	RepartitionExec[Merge]=1845936546;RepartitionExec=162250923;OrderedPartialAggregateStream=4944
event	476687	refusal	RepartitionExec[113]	1	480130	1366238	2008196761	250	122	1845940894	1206171	RepartitionExec[Merge]=1845940894;RepartitionExec=162250923;OrderedPartialAggregateStream=4944
event	476720	refusal	RepartitionExec[16]	1	604448	780700	2008192677	250	122	1845936810	1206187	RepartitionExec[Merge]=1845936810;RepartitionExec=162250923;OrderedPartialAggregateStream=4944
event	476738	refusal	RepartitionExec[103]	1	702103	854432	2008190009	250	122	1846141605	1205368	RepartitionExec[Merge]=1846141605;RepartitionExec=162043460;OrderedPartialAggregateStream=4944
event	476780	refusal	RepartitionExec[104]	1	835715	1094982	2008178637	250	122	1846130233	1205413	RepartitionExec[Merge]=1846130233;RepartitionExec=162043460;OrderedPartialAggregateStream=4944
event	476810	refusal	RepartitionExec[45]	1	585006	1117585	2008191173	250	122	1846142769	1205363	RepartitionExec[Merge]=1846142769;RepartitionExec=162043460;OrderedPartialAggregateStream=4944
event	476830	release_after_refusal	RepartitionExec[14]	1	492691	525152	2007700442	250	122	1846144729		RepartitionExec[Merge]=1846144729;RepartitionExec=161550769;OrderedPartialAggregateStream=4944
event	476873	refusal	RepartitionExec[114]	1	480130	1424934	2008191753	249	122	1846636864	1208220	RepartitionExec[Merge]=1846636864;RepartitionExec=161550769;OrderedPartialAggregateStream=4120
event	476902	refusal	RepartitionExec[17]	1	604448	780700	2008186957	249	122	1846632068	1208239	RepartitionExec[Merge]=1846632068;RepartitionExec=161550769;OrderedPartialAggregateStream=4120
event	476928	refusal	RepartitionExec[104]	1	702103	1094982	2008188273	249	122	1846633384	1208233	RepartitionExec[Merge]=1846633384;RepartitionExec=161550769;OrderedPartialAggregateStream=4120
event	476958	release_after_refusal	RepartitionExec[15]	1	837468	1112522	2007348145	249	122	1846838187		RepartitionExec[Merge]=1846838187;RepartitionExec=160505838;OrderedPartialAggregateStream=4120
event	476984	refusal	RepartitionExec[105]	1	835715	854432	2008178357	249	122	1847670855	1204067	RepartitionExec[Merge]=1847670855;RepartitionExec=160505838;OrderedPartialAggregateStream=4120
event	476995	refusal	RepartitionExec[46]	1	585006	1117585	2008178357	249	122	1847668399	1204077	RepartitionExec[Merge]=1847668399;RepartitionExec=160505838;OrderedPartialAggregateStream=4120
event	477027	refusal	RepartitionExec[115]	1	480130	1714358	2008185361	249	122	1847675403	1204049	RepartitionExec[Merge]=1847675403;RepartitionExec=160505838;OrderedPartialAggregateStream=4120
event	477064	refusal	RepartitionExec[18]	1	604448	955436	2008192821	249	122	1847682863	1204019	RepartitionExec[Merge]=1847682863;RepartitionExec=160505838;OrderedPartialAggregateStream=4120
event	477092	refusal	RepartitionExec[105]	1	702103	854432	2008194097	249	122	1847684139	1204014	RepartitionExec[Merge]=1847684139;RepartitionExec=160505838;OrderedPartialAggregateStream=4120
event	477150	refusal	RepartitionExec[106]	1	835715	1349274	2008190401	249	122	1847681999	1204022	RepartitionExec[Merge]=1847681999;RepartitionExec=160505838;OrderedPartialAggregateStream=4120
event	477159	refusal	RepartitionExec[19]	1	604448	839460	2008194465	249	122	1847684507	1204012	RepartitionExec[Merge]=1847684507;RepartitionExec=160505838;OrderedPartialAggregateStream=4120
event	477205	refusal	RepartitionExec[116]	1	480130	1366238	2008198433	249	122	1847688475	1203996	RepartitionExec[Merge]=1847688475;RepartitionExec=160505838;OrderedPartialAggregateStream=4120
event	477255	refusal	RepartitionExec[47]	1	585006	1176281	2008200409	249	122	1847690451	1203988	RepartitionExec[Merge]=1847690451;RepartitionExec=160505838;OrderedPartialAggregateStream=4120
event	477292	refusal	RepartitionExec[106]	1	702103	1349274	2008202077	249	122	1847692119	1203982	RepartitionExec[Merge]=1847692119;RepartitionExec=160505838;OrderedPartialAggregateStream=4120
event	477338	refusal	RepartitionExec[117]	1	480130	1366238	2008204557	249	122	1847694599	1203972	RepartitionExec[Merge]=1847694599;RepartitionExec=160505838;OrderedPartialAggregateStream=4120
event	477368	refusal	RepartitionExec[20]	1	604448	780700	2008200337	249	122	1847690379	1203989	RepartitionExec[Merge]=1847690379;RepartitionExec=160505838;OrderedPartialAggregateStream=4120
event	477394	refusal	RepartitionExec[107]	1	835715	1366238	2008209157	249	122	1847699199	1203953	RepartitionExec[Merge]=1847699199;RepartitionExec=160505838;OrderedPartialAggregateStream=4120
event	477440	refusal	RepartitionExec[48]	1	585006	1117585	2008224709	249	122	1847714751	1203891	RepartitionExec[Merge]=1847714751;RepartitionExec=160505838;OrderedPartialAggregateStream=4120
event	477513	refusal	RepartitionExec[107]	1	702103	1366238	2008222565	249	122	1847712607	1203899	RepartitionExec[Merge]=1847712607;RepartitionExec=160505838;OrderedPartialAggregateStream=4120
event	477540	refusal	RepartitionExec[118]	1	480130	1366238	2008222437	249	122	1847712479	1203900	RepartitionExec[Merge]=1847712479;RepartitionExec=160505838;OrderedPartialAggregateStream=4120
event	477574	refusal	RepartitionExec[21]	1	604448	839396	2008222829	249	122	1847712871	1203898	RepartitionExec[Merge]=1847712871;RepartitionExec=160505838;OrderedPartialAggregateStream=4120
event	477582	refusal	RepartitionExec[108]	1	835715	1349274	2008222829	249	122	1847712871	1203898	RepartitionExec[Merge]=1847712871;RepartitionExec=160505838;OrderedPartialAggregateStream=4120
event	477638	refusal	RepartitionExec[49]	1	585006	1176281	2008227661	249	122	1847833743	1203413	RepartitionExec[Merge]=1847833743;RepartitionExec=160389798;OrderedPartialAggregateStream=4120
event	477691	refusal	RepartitionExec[108]	1	702103	1349274	2008227645	249	122	1847833727	1203413	RepartitionExec[Merge]=1847833727;RepartitionExec=160389798;OrderedPartialAggregateStream=4120
event	477724	refusal	RepartitionExec[119]	1	480130	780700	2008228589	249	122	1847834671	1203409	RepartitionExec[Merge]=1847834671;RepartitionExec=160389798;OrderedPartialAggregateStream=4120
event	477757	refusal	RepartitionExec[50]	1	585006	1117585	2008219665	249	122	1847825747	1203445	RepartitionExec[Merge]=1847825747;RepartitionExec=160389798;OrderedPartialAggregateStream=4120
event	477781	refusal	RepartitionExec[109]	1	835715	1366238	2008219429	249	122	1847825511	1203446	RepartitionExec[Merge]=1847825511;RepartitionExec=160389798;OrderedPartialAggregateStream=4120
event	477831	refusal	RepartitionExec[22]	1	604448	1011342	2008227749	249	122	1847833831	1203412	RepartitionExec[Merge]=1847833831;RepartitionExec=160389798;OrderedPartialAggregateStream=4120
event	477869	refusal	RepartitionExec[109]	1	702103	1366238	2008233061	249	122	1847839143	1203391	RepartitionExec[Merge]=1847839143;RepartitionExec=160389798;OrderedPartialAggregateStream=4120
event	477970	refusal	RepartitionExec[51]	1	585006	1100621	2008231137	248	122	1847838043	1208248	RepartitionExec[Merge]=1847838043;RepartitionExec=160389798;OrderedPartialAggregateStream=3296
event	478012	refusal	RepartitionExec[110]	1	835715	1366238	2008228929	248	122	1847835835	1208257	RepartitionExec[Merge]=1847835835;RepartitionExec=160389798;OrderedPartialAggregateStream=3296
event	478045	refusal	RepartitionExec[23]	1	604448	780700	2008238817	248	122	1847845723	1208217	RepartitionExec[Merge]=1847845723;RepartitionExec=160389798;OrderedPartialAggregateStream=3296
event	478097	refusal	RepartitionExec[110]	1	702103	1366238	2008241613	248	122	1847848519	1208206	RepartitionExec[Merge]=1847848519;RepartitionExec=160389798;OrderedPartialAggregateStream=3296
event	478126	refusal	RepartitionExec[52]	1	585006	1246580	2008243113	248	122	1847850019	1208200	RepartitionExec[Merge]=1847850019;RepartitionExec=160389798;OrderedPartialAggregateStream=3296
event	478164	refusal	RepartitionExec[111]	1	835715	1366238	2008248177	248	122	1847855083	1208179	RepartitionExec[Merge]=1847855083;RepartitionExec=160389798;OrderedPartialAggregateStream=3296
event	478206	refusal	RepartitionExec[24]	1	604448	780700	2008250281	248	122	1847857187	1208171	RepartitionExec[Merge]=1847857187;RepartitionExec=160389798;OrderedPartialAggregateStream=3296
event	478255	refusal	RepartitionExec[53]	1	585006	901803	2008256917	248	122	1847863823	1208144	RepartitionExec[Merge]=1847863823;RepartitionExec=160389798;OrderedPartialAggregateStream=3296
event	478287	refusal	RepartitionExec[111]	1	702103	1366238	2008253893	248	122	1847860799	1208156	RepartitionExec[Merge]=1847860799;RepartitionExec=160389798;OrderedPartialAggregateStream=3296
event	478336	refusal	RepartitionExec[25]	1	604448	896740	2008253997	248	122	1847860903	1208156	RepartitionExec[Merge]=1847860903;RepartitionExec=160389798;OrderedPartialAggregateStream=3296
event	478388	refusal	RepartitionExec[112]	1	835715	1366238	2008243749	248	122	1847850655	1208197	RepartitionExec[Merge]=1847850655;RepartitionExec=160389798;OrderedPartialAggregateStream=3296
event	478431	refusal	RepartitionExec[54]	1	585006	1739271	2008248913	248	122	1847855819	1208176	RepartitionExec[Merge]=1847855819;RepartitionExec=160389798;OrderedPartialAggregateStream=3296
event	478482	refusal	RepartitionExec[112]	1	702103	1366238	2008266517	248	122	1847873423	1208105	RepartitionExec[Merge]=1847873423;RepartitionExec=160389798;OrderedPartialAggregateStream=3296
event	478510	refusal	RepartitionExec[26]	1	604448	780700	2008259249	248	122	1847866155	1208135	RepartitionExec[Merge]=1847866155;RepartitionExec=160389798;OrderedPartialAggregateStream=3296
event	478580	refusal	RepartitionExec[113]	1	835715	1366238	2008268769	248	122	1847875675	1208096	RepartitionExec[Merge]=1847875675;RepartitionExec=160389798;OrderedPartialAggregateStream=3296
event	478631	refusal	RepartitionExec[55]	1	585006	1756235	2008279369	248	122	1847886275	1208053	RepartitionExec[Merge]=1847886275;RepartitionExec=160389798;OrderedPartialAggregateStream=3296
event	478667	release_after_refusal	RepartitionExec[22]	1	230642	780700	2008038115	248	122	1847880467		RepartitionExec[Merge]=1847880467;RepartitionExec=160159156;OrderedPartialAggregateStream=3296
event	478675	refusal	RepartitionExec[113]	1	702103	1366238	2008267897	248	122	1848105445	1207170	RepartitionExec[Merge]=1848105445;RepartitionExec=160159156;OrderedPartialAggregateStream=3296
event	478707	refusal	RepartitionExec[27]	1	604448	896740	2008270525	248	122	1848108073	1207159	RepartitionExec[Merge]=1848108073;RepartitionExec=160159156;OrderedPartialAggregateStream=3296
event	478751	refusal	RepartitionExec[114]	1	835715	1424934	2008261461	248	122	1848099009	1207196	RepartitionExec[Merge]=1848099009;RepartitionExec=160159156;OrderedPartialAggregateStream=3296
event	478791	refusal	RepartitionExec[56]	1	585006	1882440	2008266717	248	122	1848104265	1207174	RepartitionExec[Merge]=1848104265;RepartitionExec=160159156;OrderedPartialAggregateStream=3296
event	478813	refusal	RepartitionExec[114]	1	702103	1424934	2008265897	248	122	1848103445	1207178	RepartitionExec[Merge]=1848103445;RepartitionExec=160159156;OrderedPartialAggregateStream=3296
event	478843	refusal	RepartitionExec[28]	1	604448	839396	2008264885	248	122	1848102433	1207182	RepartitionExec[Merge]=1848102433;RepartitionExec=160159156;OrderedPartialAggregateStream=3296
event	478928	refusal	RepartitionExec[115]	1	835715	1714358	2008266513	248	122	1848104061	1207175	RepartitionExec[Merge]=1848104061;RepartitionExec=160159156;OrderedPartialAggregateStream=3296
event	478977	refusal	RepartitionExec[57]	1	585006	1028008	2008272081	248	122	1848109629	1207153	RepartitionExec[Merge]=1848109629;RepartitionExec=160159156;OrderedPartialAggregateStream=3296
event	478997	refusal	RepartitionExec[115]	1	702103	1714358	2008265833	248	122	1848103381	1207178	RepartitionExec[Merge]=1848103381;RepartitionExec=160159156;OrderedPartialAggregateStream=3296
event	479043	refusal	RepartitionExec[29]	1	604448	780700	2008268225	248	122	1848108121	1207159	RepartitionExec[Merge]=1848108121;RepartitionExec=160159156;OrderedPartialAggregateStream=3296
event	479073	refusal	RepartitionExec[116]	1	835715	1366238	2008261577	248	122	1848099125	1207195	RepartitionExec[Merge]=1848099125;RepartitionExec=160159156;OrderedPartialAggregateStream=3296
event	479132	refusal	RepartitionExec[58]	1	585006	901803	2008276253	248	122	1848113801	1207136	RepartitionExec[Merge]=1848113801;RepartitionExec=160159156;OrderedPartialAggregateStream=3296
event	479163	refusal	RepartitionExec[116]	1	702103	1366238	2008272105	248	122	1848109653	1207153	RepartitionExec[Merge]=1848109653;RepartitionExec=160159156;OrderedPartialAggregateStream=3296
event	479199	refusal	RepartitionExec[30]	1	604448	780700	2008264229	248	122	1848101777	1207184	RepartitionExec[Merge]=1848101777;RepartitionExec=160159156;OrderedPartialAggregateStream=3296
event	479270	refusal	RepartitionExec[117]	1	835715	1366238	2008262009	248	122	1848099557	1207193	RepartitionExec[Merge]=1848099557;RepartitionExec=160159156;OrderedPartialAggregateStream=3296
event	479310	refusal	RepartitionExec[59]	1	585006	1885584	2008260525	248	122	1848098073	1207199	RepartitionExec[Merge]=1848098073;RepartitionExec=160159156;OrderedPartialAggregateStream=3296
event	479321	refusal	RepartitionExec[117]	1	702103	1366238	2008260525	248	122	1848098073	1207199	RepartitionExec[Merge]=1848098073;RepartitionExec=160159156;OrderedPartialAggregateStream=3296
event	479383	refusal	RepartitionExec[31]	1	604448	1144437	2008252729	248	122	1848090277	1207231	RepartitionExec[Merge]=1848090277;RepartitionExec=160159156;OrderedPartialAggregateStream=3296
event	479407	refusal	RepartitionExec[60]	1	585006	901803	2008249949	248	122	1848087497	1207242	RepartitionExec[Merge]=1848087497;RepartitionExec=160159156;OrderedPartialAggregateStream=3296
event	479493	refusal	RepartitionExec[118]	1	835715	1366238	2008246449	248	122	1848081001	1207268	RepartitionExec[Merge]=1848081001;RepartitionExec=160159156;OrderedPartialAggregateStream=3296
event	479530	refusal	RepartitionExec[118]	1	702103	1366238	2008273501	248	122	1848108053	1207159	RepartitionExec[Merge]=1848108053;RepartitionExec=160159156;OrderedPartialAggregateStream=3296
event	479581	refusal	RepartitionExec[32]	1	604448	1093688	2008266765	248	122	1848104313	1207174	RepartitionExec[Merge]=1848104313;RepartitionExec=160159156;OrderedPartialAggregateStream=3296
event	479620	refusal	RepartitionExec[61]	1	585006	1739271	2008256533	248	122	1848094081	1207215	RepartitionExec[Merge]=1848094081;RepartitionExec=160159156;OrderedPartialAggregateStream=3296
event	479690	refusal	RepartitionExec[119]	1	835715	780700	2008252285	248	122	1848089833	1207233	RepartitionExec[Merge]=1848089833;RepartitionExec=160159156;OrderedPartialAggregateStream=3296
event	479769	refusal	RepartitionExec[119]	1	702103	780700	2008261033	248	122	1848098581	1207197	RepartitionExec[Merge]=1848098581;RepartitionExec=160159156;OrderedPartialAggregateStream=3296
event	479844	refusal	RepartitionExec[33]	1	604448	1093688	2008247237	248	122	1848084785	1207253	RepartitionExec[Merge]=1848084785;RepartitionExec=160159156;OrderedPartialAggregateStream=3296
event	479897	refusal	RepartitionExec[62]	1	585006	1028008	2008230317	248	122	1848067865	1207321	RepartitionExec[Merge]=1848067865;RepartitionExec=160159156;OrderedPartialAggregateStream=3296
event	479985	release_after_refusal	RepartitionExec[27]	1	116040	780700	2008109793	247	122	1848064205		RepartitionExec[Merge]=1848064205;RepartitionExec=160043116;OrderedPartialAggregateStream=2472
event	480021	refusal	RepartitionExec[34]	1	604448	1152384	2008232173	246	122	1848187409	1216651	RepartitionExec[Merge]=1848187409;RepartitionExec=160043116;OrderedPartialAggregateStream=1648
event	480073	refusal	RepartitionExec[63]	1	585006	1739271	2008227305	246	122	1848182541	1216671	RepartitionExec[Merge]=1848182541;RepartitionExec=160043116;OrderedPartialAggregateStream=1648
event	480107	refusal	RepartitionExec[35]	1	604448	2013749	2008229917	246	122	1848185153	1216660	RepartitionExec[Merge]=1848185153;RepartitionExec=160043116;OrderedPartialAggregateStream=1648
event	480175	refusal	RepartitionExec[64]	1	585006	1856663	2008229805	246	122	1848185041	1216661	RepartitionExec[Merge]=1848185041;RepartitionExec=160043116;OrderedPartialAggregateStream=1648
event	480195	release_after_refusal	RepartitionExec[32]	1	312988	780700	2007906993	246	122	1848175217		RepartitionExec[Merge]=1848175217;RepartitionExec=159730128;OrderedPartialAggregateStream=1648
event	480198	refusal	RepartitionExec[36]	1	604448	1938089	2007910465	246	122	1848175217	1216700	RepartitionExec[Merge]=1848175217;RepartitionExec=159730128;OrderedPartialAggregateStream=1648
event	480258	release_after_refusal	RepartitionExec[33]	1	312988	780700	2007903537	246	122	1848484749		RepartitionExec[Merge]=1848484749;RepartitionExec=159417140;OrderedPartialAggregateStream=1648
event	480277	refusal	RepartitionExec[65]	1	585006	1739271	2008223433	246	122	1848804645	1214142	RepartitionExec[Merge]=1848804645;RepartitionExec=159417140;OrderedPartialAggregateStream=1648
event	480339	refusal	RepartitionExec[37]	1	604448	1863630	2008228197	246	122	1848809409	1214122	RepartitionExec[Merge]=1848809409;RepartitionExec=159417140;OrderedPartialAggregateStream=1648
event	480373	refusal	RepartitionExec[66]	1	585006	1739271	2008225897	246	122	1848807109	1214132	RepartitionExec[Merge]=1848807109;RepartitionExec=159417140;OrderedPartialAggregateStream=1648
event	480394	release_after_refusal	RepartitionExec[35]	1	837468	1176281	2007379613	246	122	1848798293		RepartitionExec[Merge]=1848798293;RepartitionExec=158579672;OrderedPartialAggregateStream=1648
event	480425	release_after_refusal	RepartitionExec[34]	1	312988	839396	2007899469	246	122	1849631137		RepartitionExec[Merge]=1849631137;RepartitionExec=158266684;OrderedPartialAggregateStream=1648
event	480433	refusal	RepartitionExec[38]	1	604448	1863630	2007898057	246	122	1849631137	1210782	RepartitionExec[Merge]=1849631137;RepartitionExec=158266684;OrderedPartialAggregateStream=1648
event	480466	refusal	RepartitionExec[67]	1	585006	1797967	2008214481	246	122	1850438840	1207499	RepartitionExec[Merge]=1850438840;RepartitionExec=157773993;OrderedPartialAggregateStream=1648
event	480489	release_after_refusal	RepartitionExec[36]	1	837468	1100621	2007370485	246	122	1850432312		RepartitionExec[Merge]=1850432312;RepartitionExec=156936525;OrderedPartialAggregateStream=1648
event	480544	refusal	RepartitionExec[39]	1	604448	1275357	2008201893	246	122	1851264760	1204141	RepartitionExec[Merge]=1851264760;RepartitionExec=156443834;OrderedPartialAggregateStream=1648
event	480573	refusal	RepartitionExec[68]	1	585006	1981516	2008196469	246	122	1851750987	1202165	RepartitionExec[Merge]=1851750987;RepartitionExec=156443834;OrderedPartialAggregateStream=1648
event	480685	refusal	RepartitionExec[40]	1	604448	1117585	2007984258	246	122	1851746239	1202184	RepartitionExec[Merge]=1851746239;RepartitionExec=156236371;OrderedPartialAggregateStream=1648
event	480795	refusal	RepartitionExec[69]	1	585006	1739271	2008162689	246	122	1851924670	1201459	RepartitionExec[Merge]=1851924670;RepartitionExec=156236371;OrderedPartialAggregateStream=1648
event	480889	refusal	RepartitionExec[41]	1	604448	1489269	2008148769	246	122	1851910750	1201515	RepartitionExec[Merge]=1851910750;RepartitionExec=156236371;OrderedPartialAggregateStream=1648
event	480995	refusal	RepartitionExec[70]	1	585006	1739271	2008122801	246	122	1852092245	1200778	RepartitionExec[Merge]=1852092245;RepartitionExec=156028908;OrderedPartialAggregateStream=1648
event	481075	refusal	RepartitionExec[42]	1	604448	1540018	2008103753	246	122	1852073197	1200855	RepartitionExec[Merge]=1852073197;RepartitionExec=156028908;OrderedPartialAggregateStream=1648
event	481172	refusal	RepartitionExec[71]	1	585006	1865476	2008074365	246	122	1852043809	1200974	RepartitionExec[Merge]=1852043809;RepartitionExec=156028908;OrderedPartialAggregateStream=1648
event	481262	refusal	RepartitionExec[43]	1	604448	1159317	2008059669	246	122	1852029113	1201034	RepartitionExec[Merge]=1852029113;RepartitionExec=156028908;OrderedPartialAggregateStream=1648
event	481278	release_after_refusal	RepartitionExec[37]	1	837468	1026162	2007216165	246	122	1852023077		RepartitionExec[Merge]=1852023077;RepartitionExec=155191440;OrderedPartialAggregateStream=1648
event	481355	refusal	RepartitionExec[72]	1	585006	1739271	2008037809	246	122	1853337412	1195716	RepartitionExec[Merge]=1853337412;RepartitionExec=154698749;OrderedPartialAggregateStream=1648
event	481450	refusal	RepartitionExec[44]	1	604448	1100621	2008013189	246	122	1853312792	1195816	RepartitionExec[Merge]=1853312792;RepartitionExec=154698749;OrderedPartialAggregateStream=1648
event	481526	refusal	RepartitionExec[73]	1	585006	1739271	2007999193	246	122	1853298796	1195873	RepartitionExec[Merge]=1853298796;RepartitionExec=154698749;OrderedPartialAggregateStream=1648
event	481617	refusal	RepartitionExec[45]	1	604448	1117585	2007982293	246	122	1853281896	1195942	RepartitionExec[Merge]=1853281896;RepartitionExec=154698749;OrderedPartialAggregateStream=1648
event	481714	refusal	RepartitionExec[74]	1	585006	1739271	2007962333	246	122	1853261936	1196023	RepartitionExec[Merge]=1853261936;RepartitionExec=154698749;OrderedPartialAggregateStream=1648
event	481805	refusal	RepartitionExec[46]	1	604448	1117585	2007939189	246	122	1853238792	1196117	RepartitionExec[Merge]=1853238792;RepartitionExec=154698749;OrderedPartialAggregateStream=1648
event	481908	refusal	RepartitionExec[75]	1	585006	1865476	2007917881	246	122	1853216072	1196209	RepartitionExec[Merge]=1853216072;RepartitionExec=154698749;OrderedPartialAggregateStream=1648
event	481988	refusal	RepartitionExec[47]	1	604448	1176281	2007899577	246	122	1853197768	1196284	RepartitionExec[Merge]=1853197768;RepartitionExec=154698749;OrderedPartialAggregateStream=1648
event	482096	refusal	RepartitionExec[76]	1	585006	1981430	2007880393	246	122	1853178584	1196362	RepartitionExec[Merge]=1853178584;RepartitionExec=154698749;OrderedPartialAggregateStream=1648
event	482185	refusal	RepartitionExec[48]	1	604448	1117585	2007862117	246	122	1853160308	1196436	RepartitionExec[Merge]=1853160308;RepartitionExec=154698749;OrderedPartialAggregateStream=1648
event	482293	refusal	RepartitionExec[77]	1	585006	2161704	2007836809	246	122	1853251040	1196067	RepartitionExec[Merge]=1853251040;RepartitionExec=154582709;OrderedPartialAggregateStream=1648
event	482384	refusal	RepartitionExec[49]	1	604448	1176281	2007814377	246	122	1853228608	1196158	RepartitionExec[Merge]=1853228608;RepartitionExec=154582709;OrderedPartialAggregateStream=1648
event	482475	refusal	RepartitionExec[78]	1	585006	1865476	2007794697	246	122	1853208928	1196238	RepartitionExec[Merge]=1853208928;RepartitionExec=154582709;OrderedPartialAggregateStream=1648
event	482569	refusal	RepartitionExec[50]	1	604448	1117585	2007796177	246	122	1853210408	1196232	RepartitionExec[Merge]=1853210408;RepartitionExec=154582709;OrderedPartialAggregateStream=1648
event	482655	refusal	RepartitionExec[79]	1	585006	1779867	2007782509	246	122	1853196740	1196288	RepartitionExec[Merge]=1853196740;RepartitionExec=154582709;OrderedPartialAggregateStream=1648
event	482752	refusal	RepartitionExec[51]	1	604448	1100621	2007760913	246	122	1853175144	1196376	RepartitionExec[Merge]=1853175144;RepartitionExec=154582709;OrderedPartialAggregateStream=1648
event	482846	refusal	RepartitionExec[80]	1	585006	1795136	2007739569	246	122	1853153800	1196462	RepartitionExec[Merge]=1853153800;RepartitionExec=154582709;OrderedPartialAggregateStream=1648
event	482987	refusal	RepartitionExec[52]	1	604448	1246580	2007738601	246	122	1853152832	1196466	RepartitionExec[Merge]=1853152832;RepartitionExec=154582709;OrderedPartialAggregateStream=1648
event	483047	refusal	RepartitionExec[81]	1	585006	1680791	2007755061	246	122	1853169292	1196399	RepartitionExec[Merge]=1853169292;RepartitionExec=154582709;OrderedPartialAggregateStream=1648
event	483082	release_after_refusal	RepartitionExec[38]	1	837468	1026162	2006911341	246	122	1853163040		RepartitionExec[Merge]=1853163040;RepartitionExec=153745241;OrderedPartialAggregateStream=1648
event	483125	release_after_refusal	RepartitionExec[44]	1	492691	607930	2007262834	246	122	1854007224		RepartitionExec[Merge]=1854007224;RepartitionExec=153252550;OrderedPartialAggregateStream=1648
event	483141	refusal	RepartitionExec[53]	1	604448	901803	2007261602	246	122	1854496263	1191005	RepartitionExec[Merge]=1854496263;RepartitionExec=152759859;OrderedPartialAggregateStream=1648
event	483185	release_after_refusal	RepartitionExec[41]	1	492691	996578	2007267562	246	122	1854997334		RepartitionExec[Merge]=1854997334;RepartitionExec=152267168;OrderedPartialAggregateStream=1648
event	483250	refusal	RepartitionExec[82]	1	585006	1739487	2007773813	246	122	1855507561	1186894	RepartitionExec[Merge]=1855507561;RepartitionExec=152267168;OrderedPartialAggregateStream=1648
event	483257	release_after_refusal	RepartitionExec[40]	1	492691	624894	2007273898	246	122	1855500337		RepartitionExec[Merge]=1855500337;RepartitionExec=151774477;OrderedPartialAggregateStream=1648
event	483270	release_after_refusal	RepartitionExec[39]	1	492691	782666	2007274118	246	122	1855500301		RepartitionExec[Merge]=1855500301;RepartitionExec=151281786;OrderedPartialAggregateStream=1648
event	483282	refusal	RepartitionExec[54]	1	604448	1739271	2007459853	246	122	1856492151	1182892	RepartitionExec[Merge]=1856492151;RepartitionExec=150968798;OrderedPartialAggregateStream=1648
event	483318	release_after_refusal	RepartitionExec[42]	1	492691	1047327	2007273158	246	122	1857005610		RepartitionExec[Merge]=1857005610;RepartitionExec=150268644;OrderedPartialAggregateStream=1648
event	483383	refusal	RepartitionExec[83]	1	585006	1993779	2007763085	246	122	1857705024	1177961	RepartitionExec[Merge]=1857705024;RepartitionExec=150061181;OrderedPartialAggregateStream=1648
event	483422	refusal	RepartitionExec[55]	1	604448	1756235	2007787045	246	122	1857936447	1177021	RepartitionExec[Merge]=1857936447;RepartitionExec=149853718;OrderedPartialAggregateStream=1648
event	483440	release_after_refusal	RepartitionExec[45]	1	492691	624894	2007292342	246	122	1857934435		RepartitionExec[Merge]=1857934435;RepartitionExec=149361027;OrderedPartialAggregateStream=1648
event	483449	release_after_refusal	RepartitionExec[48]	1	492691	624894	2006794883	246	122	1857934363		RepartitionExec[Merge]=1857934363;RepartitionExec=148868336;OrderedPartialAggregateStream=1648
event	483460	release_after_refusal	RepartitionExec[46]	1	492691	624894	2007074127	246	122	1858909065		RepartitionExec[Merge]=1858909065;RepartitionExec=148168182;OrderedPartialAggregateStream=1648
event	483484	refusal	RepartitionExec[84]	1	585006	1663827	2007779409	246	122	1859613363	1170204	RepartitionExec[Merge]=1859613363;RepartitionExec=147960719;OrderedPartialAggregateStream=1648
event	483531	refusal	RepartitionExec[56]	1	604448	1882440	2007765193	246	122	1859599147	1170262	RepartitionExec[Merge]=1859599147;RepartitionExec=147960719;OrderedPartialAggregateStream=1648
event	483599	release_after_refusal	RepartitionExec[50]	1	492691	624894	2007297022	246	122	1859626411		RepartitionExec[Merge]=1859626411;RepartitionExec=147468028;OrderedPartialAggregateStream=1648
event	483606	refusal	RepartitionExec[85]	1	585006	1670626	2007799205	246	122	1860125850	1168121	RepartitionExec[Merge]=1860125850;RepartitionExec=147468028;OrderedPartialAggregateStream=1648
event	483611	release_after_refusal	RepartitionExec[49]	1	492691	683590	2007303626	246	122	1860122962		RepartitionExec[Merge]=1860122962;RepartitionExec=146975337;OrderedPartialAggregateStream=1648
event	483650	release_after_refusal	RepartitionExec[51]	1	492691	607930	2007280626	246	122	1861007579		RepartitionExec[Merge]=1861007579;RepartitionExec=146067720;OrderedPartialAggregateStream=1648
event	483657	refusal	RepartitionExec[57]	1	604448	1028008	2007774673	246	122	1861501626	1162528	RepartitionExec[Merge]=1861501626;RepartitionExec=146067720;OrderedPartialAggregateStream=1648
event	483709	refusal	RepartitionExec[86]	1	585006	1867574	2007766797	246	122	1861701213	1161717	RepartitionExec[Merge]=1861701213;RepartitionExec=145860257;OrderedPartialAggregateStream=1648
event	483727	release_after_refusal	RepartitionExec[52]	1	837468	409112	2006930341	246	122	1861702225		RepartitionExec[Merge]=1861702225;RepartitionExec=145022789;OrderedPartialAggregateStream=1648
event	483783	refusal	RepartitionExec[58]	1	604448	901803	2007754997	246	122	1862526881	1158360	RepartitionExec[Merge]=1862526881;RepartitionExec=145022789;OrderedPartialAggregateStream=1648
event	483786	release_after_refusal	RepartitionExec[47]	1	492691	683590	2007259454	246	122	1862524029		RepartitionExec[Merge]=1862524029;RepartitionExec=144530098;OrderedPartialAggregateStream=1648
event	483855	refusal	RepartitionExec[87]	1	585006	1867574	2007739469	246	122	1863001660	1156430	RepartitionExec[Merge]=1863001660;RepartitionExec=144530098;OrderedPartialAggregateStream=1648
event	483939	refusal	RepartitionExec[59]	1	604448	1885584	2007708273	246	122	1863387774	1154861	RepartitionExec[Merge]=1863387774;RepartitionExec=144115172;OrderedPartialAggregateStream=1648
event	484020	refusal	RepartitionExec[88]	1	585006	1976815	2007694449	246	122	1863581413	1154074	RepartitionExec[Merge]=1863581413;RepartitionExec=143907709;OrderedPartialAggregateStream=1648
event	484108	refusal	RepartitionExec[60]	1	604448	901803	2007663521	246	122	1863550485	1154199	RepartitionExec[Merge]=1863550485;RepartitionExec=143907709;OrderedPartialAggregateStream=1648
event	484184	refusal	RepartitionExec[89]	1	585006	1850610	2007642033	246	122	1863528997	1154287	RepartitionExec[Merge]=1863528997;RepartitionExec=143907709;OrderedPartialAggregateStream=1648
event	484280	refusal	RepartitionExec[61]	1	604448	1739271	2007620789	246	122	1863507753	1154373	RepartitionExec[Merge]=1863507753;RepartitionExec=143907709;OrderedPartialAggregateStream=1648
event	484376	refusal	RepartitionExec[90]	1	585006	1867574	2007596649	246	122	1863691076	1153628	RepartitionExec[Merge]=1863691076;RepartitionExec=143700246;OrderedPartialAggregateStream=1648
event	484460	refusal	RepartitionExec[62]	1	604448	1028008	2007566453	246	122	1863868343	1152907	RepartitionExec[Merge]=1863868343;RepartitionExec=143492783;OrderedPartialAggregateStream=1648
event	484540	refusal	RepartitionExec[91]	1	585006	1867574	2007556649	246	122	1863858539	1152947	RepartitionExec[Merge]=1863858539;RepartitionExec=143492783;OrderedPartialAggregateStream=1648
event	484557	release_after_refusal	RepartitionExec[53]	1	492691	409112	2007055106	246	122	1863849687		RepartitionExec[Merge]=1863849687;RepartitionExec=143000092;OrderedPartialAggregateStream=1648
event	484635	refusal	RepartitionExec[63]	1	604448	1739271	2007517585	246	122	1864312166	1151103	RepartitionExec[Merge]=1864312166;RepartitionExec=143000092;OrderedPartialAggregateStream=1648
event	484712	refusal	RepartitionExec[92]	1	585006	1613282	2007503997	246	122	1864300170	1151152	RepartitionExec[Merge]=1864300170;RepartitionExec=143000092;OrderedPartialAggregateStream=1648
event	484792	refusal	RepartitionExec[64]	1	604448	1856663	2007478193	246	122	1864480237	1150420	RepartitionExec[Merge]=1864480237;RepartitionExec=142792629;OrderedPartialAggregateStream=1648
event	484876	refusal	RepartitionExec[93]	1	585006	1993779	2007454949	246	122	1864456993	1150514	RepartitionExec[Merge]=1864456993;RepartitionExec=142792629;OrderedPartialAggregateStream=1648
event	484962	refusal	RepartitionExec[65]	1	604448	1739271	2007423233	246	122	1864425277	1150643	RepartitionExec[Merge]=1864425277;RepartitionExec=142792629;OrderedPartialAggregateStream=1648
event	485059	refusal	RepartitionExec[94]	1	585006	1993779	2007398209	246	122	1864400253	1150745	RepartitionExec[Merge]=1864400253;RepartitionExec=142792629;OrderedPartialAggregateStream=1648
event	485177	refusal	RepartitionExec[66]	1	604448	1739271	2007383441	246	122	1864385485	1150805	RepartitionExec[Merge]=1864385485;RepartitionExec=142792629;OrderedPartialAggregateStream=1648
event	485196	release_after_refusal	RepartitionExec[56]	1	837468	1044972	2006540989	246	122	1864380501		RepartitionExec[Merge]=1864380501;RepartitionExec=141955161;OrderedPartialAggregateStream=1648
event	485248	refusal	RepartitionExec[95]	1	585006	1680791	2007370465	246	122	1865209977	1147453	RepartitionExec[Merge]=1865209977;RepartitionExec=141955161;OrderedPartialAggregateStream=1648
event	485354	refusal	RepartitionExec[67]	1	604448	1797967	2007346061	246	122	1865678264	1145550	RepartitionExec[Merge]=1865678264;RepartitionExec=141462470;OrderedPartialAggregateStream=1648
event	485364	release_after_refusal	RepartitionExec[54]	1	837468	901803	2006500893	246	122	1865670564		RepartitionExec[Merge]=1865670564;RepartitionExec=140625002;OrderedPartialAggregateStream=1648
event	485442	refusal	RepartitionExec[96]	1	585006	1911519	2007319021	246	122	1866981383	1140253	RepartitionExec[Merge]=1866981383;RepartitionExec=140132311;OrderedPartialAggregateStream=1648
event	485516	refusal	RepartitionExec[68]	1	604448	1981516	2007300797	246	122	1866963159	1140327	RepartitionExec[Merge]=1866963159;RepartitionExec=140132311;OrderedPartialAggregateStream=1648
event	485541	release_after_refusal	RepartitionExec[55]	1	837468	918767	2006457173	246	122	1867163426		RepartitionExec[Merge]=1867163426;RepartitionExec=139294843;OrderedPartialAggregateStream=1648
event	485606	refusal	RepartitionExec[97]	1	585006	1739487	2007278045	246	122	1868476989	1134173	RepartitionExec[Merge]=1868476989;RepartitionExec=138802152;OrderedPartialAggregateStream=1648
event	485662	refusal	RepartitionExec[69]	1	604448	1739271	2007268849	246	122	1868465049	1134221	RepartitionExec[Merge]=1868465049;RepartitionExec=138802152;OrderedPartialAggregateStream=1648
event	485700	release_after_refusal	RepartitionExec[43]	1	492691	666626	2006766462	246	122	1868455353		RepartitionExec[Merge]=1868455353;RepartitionExec=138309461;OrderedPartialAggregateStream=1648
event	485743	refusal	RepartitionExec[98]	1	585006	1680791	2007244621	246	122	1868933512	1132317	RepartitionExec[Merge]=1868933512;RepartitionExec=138309461;OrderedPartialAggregateStream=1648
event	485793	refusal	RepartitionExec[70]	1	604448	1739271	2007230689	246	122	1868920812	1132369	RepartitionExec[Merge]=1868920812;RepartitionExec=138309461;OrderedPartialAggregateStream=1648
event	485882	refusal	RepartitionExec[99]	1	585006	1663827	2007213761	246	122	1868902652	1132443	RepartitionExec[Merge]=1868902652;RepartitionExec=138309461;OrderedPartialAggregateStream=1648
event	485939	refusal	RepartitionExec[71]	1	604448	1865476	2007231101	246	122	1869125135	1131538	RepartitionExec[Merge]=1869125135;RepartitionExec=138101998;OrderedPartialAggregateStream=1648
event	485981	refusal	RepartitionExec[100]	1	585006	610977	2007269969	246	122	1869581249	1129684	RepartitionExec[Merge]=1869581249;RepartitionExec=137687072;OrderedPartialAggregateStream=1648
event	485988	release_after_refusal	RepartitionExec[59]	1	837468	1048116	2006427661	246	122	1869576409		RepartitionExec[Merge]=1869576409;RepartitionExec=136849604;OrderedPartialAggregateStream=1648
event	485994	release_after_refusal	RepartitionExec[63]	1	837468	901803	2005597573	246	122	1869586209		RepartitionExec[Merge]=1869586209;RepartitionExec=136012136;OrderedPartialAggregateStream=1648
event	486013	release_after_refusal	RepartitionExec[57]	1	492691	535317	2006776846	246	122	1870421745		RepartitionExec[Merge]=1870421745;RepartitionExec=135519445;OrderedPartialAggregateStream=1648
event	486040	release_after_refusal	RepartitionExec[61]	1	837468	901803	2006431281	246	122	1870911228		RepartitionExec[Merge]=1870911228;RepartitionExec=134681977;OrderedPartialAggregateStream=1648
event	486042	refusal	RepartitionExec[72]	1	604448	1739271	2006432261	246	122	1871748636	1120874	RepartitionExec[Merge]=1871748636;RepartitionExec=134681977;OrderedPartialAggregateStream=1648
event	486089	refusal	RepartitionExec[101]	1	585006	854432	2006271607	246	122	1873066055	1115518	RepartitionExec[Merge]=1873066055;RepartitionExec=133696595;OrderedPartialAggregateStream=1648
event	486093	release_after_refusal	RepartitionExec[60]	1	492691	409112	2006276107	246	122	1873563246		RepartitionExec[Merge]=1873563246;RepartitionExec=132711213;OrderedPartialAggregateStream=1648
event	486161	release_after_refusal	RepartitionExec[62]	1	492691	535317	2006764270	246	122	1874751563		RepartitionExec[Merge]=1874751563;RepartitionExec=132011059;OrderedPartialAggregateStream=1648
event	486164	refusal	RepartitionExec[73]	1	604448	1739271	2006764270	246	122	1874751563	1108667	RepartitionExec[Merge]=1874751563;RepartitionExec=132011059;OrderedPartialAggregateStream=1648
event	486208	refusal	RepartitionExec[102]	1	585006	854432	2007257601	246	122	1875581054	1105295	RepartitionExec[Merge]=1875581054;RepartitionExec=131677391;OrderedPartialAggregateStream=1648
event	486208	release_after_refusal	RepartitionExec[67]	1	837468	960499	2006420133	246	122	1875581054		RepartitionExec[Merge]=1875581054;RepartitionExec=130839923;OrderedPartialAggregateStream=1648
event	486217	release_after_refusal	RepartitionExec[65]	1	837468	901803	2005585569	246	122	1875581466		RepartitionExec[Merge]=1875581466;RepartitionExec=130002455;OrderedPartialAggregateStream=1648
event	486220	release_after_refusal	RepartitionExec[64]	1	837468	1019195	2005582073	246	122	1876415438		RepartitionExec[Merge]=1876415438;RepartitionExec=129164987;OrderedPartialAggregateStream=1648
event	486269	refusal	RepartitionExec[74]	1	604448	1739271	2007244065	246	122	1879270527	1090297	RepartitionExec[Merge]=1879270527;RepartitionExec=127972142;OrderedPartialAggregateStream=1648
event	486322	refusal	RepartitionExec[103]	1	585006	854432	2007224945	246	122	1879951309	1087529	RepartitionExec[Merge]=1879951309;RepartitionExec=127271988;OrderedPartialAggregateStream=1648
event	486393	refusal	RepartitionExec[75]	1	604448	1865476	2007210841	246	122	1880270873	1086230	RepartitionExec[Merge]=1880270873;RepartitionExec=126938320;OrderedPartialAggregateStream=1648
event	486458	refusal	RepartitionExec[104]	1	585006	1094982	2007189757	246	122	1880790920	1084116	RepartitionExec[Merge]=1880790920;RepartitionExec=126397189;OrderedPartialAggregateStream=1648
event	486499	release_after_refusal	RepartitionExec[66]	1	837468	901803	2006343553	246	122	1880782184		RepartitionExec[Merge]=1880782184;RepartitionExec=125559721;OrderedPartialAggregateStream=1648
event	486530	refusal	RepartitionExec[76]	1	604448	1981430	2007174701	246	122	1881613332	1080773	RepartitionExec[Merge]=1881613332;RepartitionExec=125559721;OrderedPartialAggregateStream=1648
event	486636	refusal	RepartitionExec[105]	1	585006	854432	2007138853	246	122	1882070175	1078916	RepartitionExec[Merge]=1882070175;RepartitionExec=125067030;OrderedPartialAggregateStream=1648
event	486669	release_after_refusal	RepartitionExec[69]	1	837468	901803	2006297781	246	122	1882066571		RepartitionExec[Merge]=1882066571;RepartitionExec=124229562;OrderedPartialAggregateStream=1648
event	486695	refusal	RepartitionExec[77]	1	604448	2161704	2007130261	246	122	1882899051	1075547	RepartitionExec[Merge]=1882899051;RepartitionExec=124229562;OrderedPartialAggregateStream=1648
event	486808	refusal	RepartitionExec[106]	1	585006	1349274	2007098961	246	122	1883360442	1073671	RepartitionExec[Merge]=1883360442;RepartitionExec=123736871;OrderedPartialAggregateStream=1648
event	486883	refusal	RepartitionExec[78]	1	604448	1865476	2007073729	246	122	1883876341	1071574	RepartitionExec[Merge]=1883876341;RepartitionExec=123195740;OrderedPartialAggregateStream=1648
event	486967	refusal	RepartitionExec[107]	1	585006	1366238	2007037961	246	122	1883840573	1071719	RepartitionExec[Merge]=1883840573;RepartitionExec=123195740;OrderedPartialAggregateStream=1648
event	487045	refusal	RepartitionExec[79]	1	604448	1779867	2007014393	246	122	1883817005	1071815	RepartitionExec[Merge]=1883817005;RepartitionExec=123195740;OrderedPartialAggregateStream=1648
event	487137	refusal	RepartitionExec[108]	1	585006	1349274	2006975081	246	122	1883777693	1071975	RepartitionExec[Merge]=1883777693;RepartitionExec=123195740;OrderedPartialAggregateStream=1648
event	487216	refusal	RepartitionExec[80]	1	604448	1795136	2006954441	246	122	1883757053	1072059	RepartitionExec[Merge]=1883757053;RepartitionExec=123195740;OrderedPartialAggregateStream=1648
event	487251	release_after_refusal	RepartitionExec[68]	1	837468	1144048	2006110477	246	122	1883750557		RepartitionExec[Merge]=1883750557;RepartitionExec=122358272;OrderedPartialAggregateStream=1648
event	487324	refusal	RepartitionExec[109]	1	585006	1366238	2006930321	246	122	1885063092	1066750	RepartitionExec[Merge]=1885063092;RepartitionExec=121865581;OrderedPartialAggregateStream=1648
event	487413	refusal	RepartitionExec[81]	1	604448	1680791	2006907465	246	122	1885040236	1066843	RepartitionExec[Merge]=1885040236;RepartitionExec=121865581;OrderedPartialAggregateStream=1648
event	487497	refusal	RepartitionExec[110]	1	585006	1366238	2006885229	246	122	1885018000	1066933	RepartitionExec[Merge]=1885018000;RepartitionExec=121865581;OrderedPartialAggregateStream=1648
event	487585	refusal	RepartitionExec[82]	1	604448	1739487	2006865477	246	122	1884998248	1067013	RepartitionExec[Merge]=1884998248;RepartitionExec=121865581;OrderedPartialAggregateStream=1648
event	487671	refusal	RepartitionExec[111]	1	585006	1366238	2006848181	246	122	1884980952	1067084	RepartitionExec[Merge]=1884980952;RepartitionExec=121865581;OrderedPartialAggregateStream=1648
event	487763	refusal	RepartitionExec[83]	1	604448	1993779	2006827853	246	122	1884960624	1067166	RepartitionExec[Merge]=1884960624;RepartitionExec=121865581;OrderedPartialAggregateStream=1648
event	487801	release_after_refusal	RepartitionExec[58]	1	492691	409112	2006335438	246	122	1884960900		RepartitionExec[Merge]=1884960900;RepartitionExec=121372890;OrderedPartialAggregateStream=1648
event	487864	refusal	RepartitionExec[112]	1	585006	1366238	2006812005	246	122	1885437467	1065228	RepartitionExec[Merge]=1885437467;RepartitionExec=121372890;OrderedPartialAggregateStream=1648
event	487945	refusal	RepartitionExec[84]	1	604448	1663827	2006797477	246	122	1885630402	1064444	RepartitionExec[Merge]=1885630402;RepartitionExec=121165427;OrderedPartialAggregateStream=1648
event	488028	refusal	RepartitionExec[113]	1	585006	1366238	2006777913	246	122	1885610838	1064523	RepartitionExec[Merge]=1885610838;RepartitionExec=121165427;OrderedPartialAggregateStream=1648
event	488099	refusal	RepartitionExec[85]	1	604448	1670626	2006764673	246	122	1885597598	1064577	RepartitionExec[Merge]=1885597598;RepartitionExec=121165427;OrderedPartialAggregateStream=1648
event	488167	refusal	RepartitionExec[114]	1	585006	1424934	2006572366	246	122	1885612754	1064515	RepartitionExec[Merge]=1885612754;RepartitionExec=120957964;OrderedPartialAggregateStream=1648
event	488241	refusal	RepartitionExec[86]	1	604448	1867574	2006789429	246	122	1886243295	1061952	RepartitionExec[Merge]=1886243295;RepartitionExec=120543038;OrderedPartialAggregateStream=1648
event	488334	release_after_refusal	RepartitionExec[77]	1	837468	1324236	2005948437	246	122	1886448682		RepartitionExec[Merge]=1886448682;RepartitionExec=119498107;OrderedPartialAggregateStream=1648
event	488336	refusal	RepartitionExec[115]	1	585006	1714358	2005948437	246	122	1886448682	1061117	RepartitionExec[Merge]=1886448682;RepartitionExec=119498107;OrderedPartialAggregateStream=1648
event	488372	release_after_refusal	RepartitionExec[71]	1	837468	1028008	2005942913	246	122	1887280626		RepartitionExec[Merge]=1887280626;RepartitionExec=118660639;OrderedPartialAggregateStream=1648
event	488423	refusal	RepartitionExec[87]	1	604448	1867574	2006264330	246	122	1888713630	1051910	RepartitionExec[Merge]=1888713630;RepartitionExec=117549052;OrderedPartialAggregateStream=1648
event	488470	release_after_refusal	RepartitionExec[70]	1	837468	901803	2005912477	246	122	1889199245		RepartitionExec[Merge]=1889199245;RepartitionExec=116711584;OrderedPartialAggregateStream=1648
event	488525	refusal	RepartitionExec[116]	1	585006	1366238	2006747413	246	122	1890526872	1044539	RepartitionExec[Merge]=1890526872;RepartitionExec=116218893;OrderedPartialAggregateStream=1648
event	488627	refusal	RepartitionExec[88]	1	604448	1976815	2006735905	246	122	1890933106	1042888	RepartitionExec[Merge]=1890933106;RepartitionExec=115803967;OrderedPartialAggregateStream=1648
event	488629	release_after_refusal	RepartitionExec[81]	1	837468	843323	2005898437	246	122	1890930290		RepartitionExec[Merge]=1890930290;RepartitionExec=114966499;OrderedPartialAggregateStream=1648
event	488632	release_after_refusal	RepartitionExec[78]	1	837468	1028008	2005065121	246	122	1890934442		RepartitionExec[Merge]=1890934442;RepartitionExec=114129031;OrderedPartialAggregateStream=1648
event	488652	release_after_refusal	RepartitionExec[79]	1	837468	942399	2005898649	246	122	1892605438		RepartitionExec[Merge]=1892605438;RepartitionExec=113291563;OrderedPartialAggregateStream=1648
event	488679	refusal	RepartitionExec[117]	1	585006	1366238	2006730145	246	122	1893933817	1030690	RepartitionExec[Merge]=1893933817;RepartitionExec=112798872;OrderedPartialAggregateStream=1648
event	488727	release_after_refusal	RepartitionExec[83]	1	837468	1156311	2005871421	246	122	1895101214		RepartitionExec[Merge]=1895101214;RepartitionExec=110768559;OrderedPartialAggregateStream=1648
event	488779	refusal	RepartitionExec[89]	1	604448	1850610	2006690277	246	122	1896411169	1020619	RepartitionExec[Merge]=1896411169;RepartitionExec=110275868;OrderedPartialAggregateStream=1648
event	488813	release_after_refusal	RepartitionExec[84]	1	837468	826359	2005846697	246	122	1896406649		RepartitionExec[Merge]=1896406649;RepartitionExec=109438400;OrderedPartialAggregateStream=1648
event	488835	refusal	RepartitionExec[118]	1	585006	1366238	2006474078	246	122	1897246585	1017223	RepartitionExec[Merge]=1897246585;RepartitionExec=109230937;OrderedPartialAggregateStream=1648
event	488862	release_after_refusal	RepartitionExec[82]	1	837468	902019	2005836801	246	122	1898454826		RepartitionExec[Merge]=1898454826;RepartitionExec=107380327;OrderedPartialAggregateStream=1648
event	488913	refusal	RepartitionExec[90]	1	604448	1867574	2006655377	246	122	1899480865	1008141	RepartitionExec[Merge]=1899480865;RepartitionExec=107172864;OrderedPartialAggregateStream=1648
event	488952	release_after_refusal	RepartitionExec[85]	1	837468	833158	2005807157	246	122	1899962804		RepartitionExec[Merge]=1899962804;RepartitionExec=105842705;OrderedPartialAggregateStream=1648
event	488972	refusal	RepartitionExec[119]	1	585006	780700	2006634013	246	122	1900789660	1002821	RepartitionExec[Merge]=1900789660;RepartitionExec=105842705;OrderedPartialAggregateStream=1648
event	489057	refusal	RepartitionExec[91]	1	604448	1867574	2006613181	246	122	1901387724	1000389	RepartitionExec[Merge]=1901387724;RepartitionExec=105223809;OrderedPartialAggregateStream=1648
event	489087	release_after_refusal	RepartitionExec[86]	1	837468	1030106	2005774089	246	122	1901386100		RepartitionExec[Merge]=1901386100;RepartitionExec=104386341;OrderedPartialAggregateStream=1648
event	489222	refusal	RepartitionExec[92]	1	604448	1613282	2006569613	245	122	1903736721	994885	RepartitionExec[Merge]=1903736721;RepartitionExec=102832068;OrderedPartialAggregateStream=824
event	489374	refusal	RepartitionExec[93]	1	604448	1993779	2006507741	245	122	1904134722	993260	RepartitionExec[Merge]=1904134722;RepartitionExec=102372195;OrderedPartialAggregateStream=824
event	489505	refusal	RepartitionExec[94]	1	604448	1993779	2006451309	245	122	1904330700	992461	RepartitionExec[Merge]=1904330700;RepartitionExec=102119785;OrderedPartialAggregateStream=824
event	489638	refusal	RepartitionExec[95]	1	604448	1680791	2006410633	245	122	1904497487	991780	RepartitionExec[Merge]=1904497487;RepartitionExec=101912322;OrderedPartialAggregateStream=824
event	489788	refusal	RepartitionExec[96]	1	604448	1911519	2006371077	245	122	1904573971	991468	RepartitionExec[Merge]=1904573971;RepartitionExec=101796282;OrderedPartialAggregateStream=824
event	489943	refusal	RepartitionExec[97]	1	604448	1739487	2006318197	245	122	1904521091	991683	RepartitionExec[Merge]=1904521091;RepartitionExec=101796282;OrderedPartialAggregateStream=824
event	490088	refusal	RepartitionExec[98]	1	604448	1680791	2006280637	245	122	1904483531	991837	RepartitionExec[Merge]=1904483531;RepartitionExec=101796282;OrderedPartialAggregateStream=824
event	490240	refusal	RepartitionExec[99]	1	604448	1663827	2006240681	245	122	1904443575	992000	RepartitionExec[Merge]=1904443575;RepartitionExec=101796282;OrderedPartialAggregateStream=824
event	490315	refusal	RepartitionExec[100]	1	604448	610977	2006223501	245	122	1904426395	992070	RepartitionExec[Merge]=1904426395;RepartitionExec=101796282;OrderedPartialAggregateStream=824
event	490455	refusal	RepartitionExec[101]	1	604448	854432	2006191913	245	122	1904394807	992199	RepartitionExec[Merge]=1904394807;RepartitionExec=101796282;OrderedPartialAggregateStream=824
event	490592	refusal	RepartitionExec[102]	1	604448	854432	2006164813	245	122	1904367707	992309	RepartitionExec[Merge]=1904367707;RepartitionExec=101796282;OrderedPartialAggregateStream=824
event	490725	refusal	RepartitionExec[103]	1	604448	854432	2006141833	245	122	1904344727	992403	RepartitionExec[Merge]=1904344727;RepartitionExec=101796282;OrderedPartialAggregateStream=824
event	490744	release_after_refusal	RepartitionExec[80]	1	837468	957668	2005297529	245	122	1904337891		RepartitionExec[Merge]=1904337891;RepartitionExec=100958814;OrderedPartialAggregateStream=824
event	490858	refusal	RepartitionExec[104]	1	604448	1094982	2006105449	245	122	1905638502	987123	RepartitionExec[Merge]=1905638502;RepartitionExec=100466123;OrderedPartialAggregateStream=824
event	490978	refusal	RepartitionExec[105]	1	604448	854432	2006081453	245	122	1905614506	987220	RepartitionExec[Merge]=1905614506;RepartitionExec=100466123;OrderedPartialAggregateStream=824
event	491083	refusal	RepartitionExec[106]	1	604448	1349274	2006061757	245	122	1905595862	987297	RepartitionExec[Merge]=1905595862;RepartitionExec=100466123;OrderedPartialAggregateStream=824
event	491222	release_after_refusal	RepartitionExec[73]	1	837468	901803	2005249097	245	122	1905827081		RepartitionExec[Merge]=1905827081;RepartitionExec=99421192;OrderedPartialAggregateStream=824
event	491232	release_after_refusal	RepartitionExec[72]	1	837468	901803	2003569717	245	122	1905824193		RepartitionExec[Merge]=1905824193;RepartitionExec=98583724;OrderedPartialAggregateStream=824
event	491245	release_after_refusal	RepartitionExec[75]	1	837468	1028008	2004412437	245	122	1907504381		RepartitionExec[Merge]=1907504381;RepartitionExec=97746256;OrderedPartialAggregateStream=824
event	491293	release_after_refusal	RepartitionExec[91]	1	837468	1030106	2004431257	245	122	1908853360		RepartitionExec[Merge]=1908853360;RepartitionExec=96416097;OrderedPartialAggregateStream=824
event	491302	release_after_refusal	RepartitionExec[87]	1	837468	1030106	2004431169	245	122	1910676122		RepartitionExec[Merge]=1910676122;RepartitionExec=94593247;OrderedPartialAggregateStream=824
event	491309	release_after_refusal	RepartitionExec[93]	1	837468	1156311	2004429877	245	122	1911512298		RepartitionExec[Merge]=1911512298;RepartitionExec=93755779;OrderedPartialAggregateStream=824
event	491312	release_after_refusal	RepartitionExec[74]	1	837468	901803	2003589269	245	122	1911509158		RepartitionExec[Merge]=1911509158;RepartitionExec=92918311;OrderedPartialAggregateStream=824
event	491315	release_after_refusal	RepartitionExec[95]	1	837468	843323	2003588949	245	122	1912346306		RepartitionExec[Merge]=1912346306;RepartitionExec=92080843;OrderedPartialAggregateStream=824
event	491329	release_after_refusal	RepartitionExec[94]	1	837468	1156311	2003588861	245	122	1914019598		RepartitionExec[Merge]=1914019598;RepartitionExec=91243375;OrderedPartialAggregateStream=824
event	491316	release_after_refusal	RepartitionExec[88]	1	837468	1139347	2003587909	245	122	1914019598		RepartitionExec[Merge]=1914019598;RepartitionExec=90405907;OrderedPartialAggregateStream=824
event	491362	release_after_refusal	RepartitionExec[92]	1	837468	775814	2004420537	245	122	1916674124		RepartitionExec[Merge]=1916674124;RepartitionExec=88583057;OrderedPartialAggregateStream=824
event	491377	release_after_refusal	RepartitionExec[90]	1	837468	1030106	2004414353	245	122	1918983481		RepartitionExec[Merge]=1918983481;RepartitionExec=86267516;OrderedPartialAggregateStream=824
event	491504	release_after_refusal	RepartitionExec[103]	1	837468	16964	2004404949	245	122	1924177101		RepartitionExec[Merge]=1924177101;RepartitionExec=81064492;OrderedPartialAggregateStream=824
event	491509	release_after_refusal	RepartitionExec[97]	1	837468	902019	2003255177	245	122	1924177785		RepartitionExec[Merge]=1924177785;RepartitionExec=79914036;OrderedPartialAggregateStream=824
event	491542	release_after_refusal	RepartitionExec[96]	1	837468	1074051	2004398265	245	122	1926988193		RepartitionExec[Merge]=1926988193;RepartitionExec=78246716;OrderedPartialAggregateStream=824
event	491223	refusal	RepartitionExec[107]	1	604448	1366238	2004411629	245	122	1929272506	890657	RepartitionExec[Merge]=1929272506;RepartitionExec=76720203;OrderedPartialAggregateStream=824
event	491671	release_after_refusal	RepartitionExec[101]	1	837468	16964	2004310429	245	122	1929264338		RepartitionExec[Merge]=1929264338;RepartitionExec=75882735;OrderedPartialAggregateStream=824
event	491803	refusal	RepartitionExec[108]	1	604448	1349274	2005093197	245	122	1930299516	886465	RepartitionExec[Merge]=1930299516;RepartitionExec=75630325;OrderedPartialAggregateStream=824
event	491839	release_after_refusal	RepartitionExec[98]	1	837468	843323	2004242313	245	122	1930286100		RepartitionExec[Merge]=1930286100;RepartitionExec=74792857;OrderedPartialAggregateStream=824
event	491956	refusal	RepartitionExec[109]	1	604448	1366238	2005042845	245	122	1931786786	880395	RepartitionExec[Merge]=1931786786;RepartitionExec=74092703;OrderedPartialAggregateStream=824
event	491975	release_after_refusal	RepartitionExec[99]	1	837468	826359	2004196957	245	122	1931778366		RepartitionExec[Merge]=1931778366;RepartitionExec=73255235;OrderedPartialAggregateStream=824
event	492102	refusal	RepartitionExec[110]	1	604448	1366238	2004986385	245	122	1933186690	874681	RepartitionExec[Merge]=1933186690;RepartitionExec=72636339;OrderedPartialAggregateStream=824
event	492249	refusal	RepartitionExec[111]	1	604448	1366238	2004922341	245	122	1933663777	872734	RepartitionExec[Merge]=1933663777;RepartitionExec=72095208;OrderedPartialAggregateStream=824
event	491222	release_after_refusal	RepartitionExec[89]	1	837468	1013142	2004411629	245	122	1933622533		RepartitionExec[Merge]=1933622533;RepartitionExec=71257740;OrderedPartialAggregateStream=824
event	492398	refusal	RepartitionExec[112]	1	604448	1366238	2004881637	245	122	1933625313	872891	RepartitionExec[Merge]=1933625313;RepartitionExec=71257740;OrderedPartialAggregateStream=824
event	492534	refusal	RepartitionExec[113]	1	604448	1366238	2005677065	245	122	1935664611	864567	RepartitionExec[Merge]=1935664611;RepartitionExec=70013870;OrderedPartialAggregateStream=824
event	492555	release_after_refusal	RepartitionExec[102]	1	837468	16964	2004828325	245	122	1935653339		RepartitionExec[Merge]=1935653339;RepartitionExec=69176402;OrderedPartialAggregateStream=824
event	492667	refusal	RepartitionExec[114]	1	604448	1424934	2005633521	245	122	1936458535	861326	RepartitionExec[Merge]=1936458535;RepartitionExec=69176402;OrderedPartialAggregateStream=824
event	492797	refusal	RepartitionExec[115]	1	604448	1714358	2005592753	245	122	1936543972	860978	RepartitionExec[Merge]=1936543972;RepartitionExec=69050197;OrderedPartialAggregateStream=824
event	492947	refusal	RepartitionExec[116]	1	604448	1366238	2005556557	245	122	1936507776	861126	RepartitionExec[Merge]=1936507776;RepartitionExec=69050197;OrderedPartialAggregateStream=824
event	493095	refusal	RepartitionExec[117]	1	604448	1366238	2005519345	245	122	1936470564	861277	RepartitionExec[Merge]=1936470564;RepartitionExec=69050197;OrderedPartialAggregateStream=824
event	493239	refusal	RepartitionExec[118]	1	604448	1366238	2005488461	245	122	1936647143	860557	RepartitionExec[Merge]=1936647143;RepartitionExec=68842734;OrderedPartialAggregateStream=824
event	493375	refusal	RepartitionExec[119]	1	604448	780700	2005446101	245	122	1936938451	859368	RepartitionExec[Merge]=1936938451;RepartitionExec=68509066;OrderedPartialAggregateStream=824
event	494362	release_after_refusal	RepartitionExec[109]	1	837468	528770	2004361889	244	122	1937150164		RepartitionExec[Merge]=1937150164;RepartitionExec=67211725
event	494387	release_after_refusal	RepartitionExec[112]	1	837468	528770	2004349821	244	122	1937975564		RepartitionExec[Merge]=1937975564;RepartitionExec=66374257
event	497322	release_after_refusal	RepartitionExec[100]	1	207463	403514	2004351566	244	122	1938810748		RepartitionExec[Merge]=1938810748;RepartitionExec=65540818
event	500333	release_after_refusal	RepartitionExec[118]	1	837468	528770	2002863837	243	122	1938402732		RepartitionExec[Merge]=1938402732;RepartitionExec=64461105
event	500798	release_after_refusal	RepartitionExec[117]	1	837468	528770	2002716017	242	122	1940788184		RepartitionExec[Merge]=1940788184;RepartitionExec=61927833
event	500840	release_after_refusal	RepartitionExec[107]	1	837468	528770	2002699897	242	122	1941609532		RepartitionExec[Merge]=1941609532;RepartitionExec=61090365
event	500939	release_after_refusal	RepartitionExec[110]	1	837468	528770	2002679565	242	122	1944034993		RepartitionExec[Merge]=1944034993;RepartitionExec=58644572
event	501015	release_after_refusal	RepartitionExec[76]	1	837468	1143962	2002664965	242	122	1944857861		RepartitionExec[Merge]=1944857861;RepartitionExec=57807104
event	501268	release_after_refusal	RepartitionExec[9]	1	780700	0	2002711167	241	122	1946431832		RepartitionExec[Merge]=1946431832;RepartitionExec=56279335
event	501544	release_after_refusal	RepartitionExec[105]	1	837468	16964	2002579655	241	122	1947154752		RepartitionExec[Merge]=1947154752;RepartitionExec=55424903
event	501585	release_after_refusal	RepartitionExec[106]	1	837468	511806	2002571439	241	122	1947984004		RepartitionExec[Merge]=1947984004;RepartitionExec=54587435
event	501649	release_after_refusal	RepartitionExec[114]	1	837468	587466	2002564371	241	122	1948814404		RepartitionExec[Merge]=1948814404;RepartitionExec=53749967
event	501743	release_after_refusal	RepartitionExec[104]	1	837468	257514	2002545783	241	122	1950259260		RepartitionExec[Merge]=1950259260;RepartitionExec=52286523
event	501777	release_after_refusal	RepartitionExec[111]	1	837468	528770	2002546231	241	122	1951097176		RepartitionExec[Merge]=1951097176;RepartitionExec=51449055
event	502535	release_after_refusal	RepartitionExec[116]	1	837468	528770	2002554497	239	122	1952357078		RepartitionExec[Merge]=1952357078;RepartitionExec=50197419
event	502613	release_after_refusal	RepartitionExec[108]	1	837468	511806	2002540033	239	122	1953180082		RepartitionExec[Merge]=1953180082;RepartitionExec=49359951
event	502680	release_after_refusal	RepartitionExec[115]	1	837468	876890	2002529993	239	122	1954320498		RepartitionExec[Merge]=1954320498;RepartitionExec=48209495
event	506400	refusal	OrderedFinalAggregateStream[85]	1	3436326	0	1986475336	239	122	1939357329	870821	RepartitionExec[Merge]=1939357329;RepartitionExec=47118007
event	509950	release_after_refusal	RepartitionExec[21]	1	58696	780700	1967910739	233	121	1922838419		RepartitionExec[Merge]=1922838419;RepartitionExec=45072320
event	511169	refusal	OrderedFinalAggregateStream[103]	1	3403715	0	1876197387	229	121	1832189844	1376828	RepartitionExec[Merge]=1832189844;RepartitionExec=44007543
event	514169	refusal	OrderedFinalAggregateStream[12]	1	3441544	0	1751405232	224	120	1708787434	1958465	RepartitionExec[Merge]=1708787434;RepartitionExec=42617798
event	515171	refusal	OrderedFinalAggregateStream[112]	1	3487723	0	1716921915	223	120	1674502935	2120989	RepartitionExec[Merge]=1674502935;RepartitionExec=42418980
event	515619	refusal	OrderedFinalAggregateStream[99]	1	3433498	0	1716901227	223	120	1674540943	2120819	RepartitionExec[Merge]=1674540943;RepartitionExec=42360284
event	515666	refusal	OrderedFinalAggregateStream[51]	1	3444707	0	1699732609	223	120	1657372325	2197808	RepartitionExec[Merge]=1657372325;RepartitionExec=42360284
event	516171	refusal	OrderedFinalAggregateStream[46]	1	3417707	0	1699717629	223	120	1657357345	2197875	RepartitionExec[Merge]=1657357345;RepartitionExec=42360284
event	516652	refusal	OrderedFinalAggregateStream[115]	1	3423242	0	1699715417	223	120	1657355133	2197885	RepartitionExec[Merge]=1657355133;RepartitionExec=42360284
event	517183	refusal	OrderedFinalAggregateStream[69]	1	3445289	0	1699690437	223	119	1657531802	2197093	RepartitionExec[Merge]=1657531802;RepartitionExec=42158635
event	517201	refusal	OrderedFinalAggregateStream[102]	1	3414086	0	1699687477	223	119	1657528842	2197106	RepartitionExec[Merge]=1657528842;RepartitionExec=42158635
event	517211	refusal	OrderedFinalAggregateStream[116]	1	3438067	0	1699686461	223	119	1657527826	2197111	RepartitionExec[Merge]=1657527826;RepartitionExec=42158635
event	517699	refusal	OrderedFinalAggregateStream[21]	1	3440893	0	1699641693	222	119	1657483058	2207209	RepartitionExec[Merge]=1657483058;RepartitionExec=42158635
event	518487	refusal	OrderedFinalAggregateStream[107]	1	3469928	0	1684471022	222	118	1642438592	2274977	RepartitionExec[Merge]=1642438592;RepartitionExec=42032430
event	518587	refusal	OrderedFinalAggregateStream[101]	1	3426674	0	1684461290	222	118	1642428860	2275021	RepartitionExec[Merge]=1642428860;RepartitionExec=42032430
event	518998	refusal	OrderedFinalAggregateStream[114]	1	3422375	0	1684412802	222	115	1642598985	2274255	RepartitionExec[Merge]=1642598985;RepartitionExec=41813817
event	519884	release_after_refusal	RepartitionExec[113]	1	837468	528770	1683518306	219	111	1642740775		RepartitionExec[Merge]=1642740775;RepartitionExec=40777531
event	519998	refusal	OrderedFinalAggregateStream[105]	1	3407657	0	1684331614	216	110	1643554083	2333007	RepartitionExec[Merge]=1643554083;RepartitionExec=40777531
event	520024	refusal	OrderedFinalAggregateStream[106]	1	3402010	0	1684328254	216	110	1643863711	2331573	RepartitionExec[Merge]=1643863711;RepartitionExec=40464543
event	523047	refusal	OrderedFinalAggregateStream[64]	1	3476033	0	1552474529	214	105	1512875945	2965456	RepartitionExec[Merge]=1512875945;RepartitionExec=39598584
event	524604	release_after_refusal	RepartitionExec[8]	1	780700	0	1516842094	213	105	1479264073		RepartitionExec[Merge]=1479264073;RepartitionExec=37578021
event	524683	refusal	OrderedFinalAggregateStream[109]	1	3449597	0	1517615654	213	105	1480037633	3133549	RepartitionExec[Merge]=1480037633;RepartitionExec=37578021
event	524707	refusal	OrderedFinalAggregateStream[100]	1	3441160	0	1517604834	213	105	1480026813	3133600	RepartitionExec[Merge]=1480026813;RepartitionExec=37578021
event	525051	release_after_refusal	RepartitionExec[119]	1	780700	0	1516759682	212	105	1479962361		RepartitionExec[Merge]=1479962361;RepartitionExec=36797321
event	525750	refusal	OrderedFinalAggregateStream[65]	1	3390599	0	1517472586	211	104	1481455965	3156529	RepartitionExec[Merge]=1481455965;RepartitionExec=36016621
event	525832	refusal	OrderedFinalAggregateStream[14]	1	3447006	0	1500688367	210	104	1464671746	3251485	RepartitionExec[Merge]=1464671746;RepartitionExec=36016621
event	526266	refusal	OrderedFinalAggregateStream[37]	1	3405622	0	1482081960	210	104	1446065339	3340087	RepartitionExec[Merge]=1446065339;RepartitionExec=36016621
event	526305	refusal	OrderedFinalAggregateStream[108]	1	3413518	0	1482080332	210	104	1446063711	3340094	RepartitionExec[Merge]=1446063711;RepartitionExec=36016621
event	526805	refusal	OrderedFinalAggregateStream[117]	1	3459171	0	1468947715	210	104	1433132743	3401670	RepartitionExec[Merge]=1433132743;RepartitionExec=35814972
event	542668	release_after_refusal	RepartitionExec[10]	1	780700	0	1233861641	194	82	1188345992		RepartitionExec[Merge]=1162638860;RepartitionExec=30814183;SortPreservingMergeExec=25707132;OrderedFinalAggregateStream=14701466
event	546498	release_after_refusal	RepartitionExec[30]	1	780700	0	1164256767	190	82	1122173154		RepartitionExec[Merge]=1095297514;RepartitionExec=29125151;SortPreservingMergeExec=26875640;OrderedFinalAggregateStream=12958462
event	550718	release_after_refusal	RepartitionExec[19]	1	58760	780700	1110492956	186	82	1057355057		RepartitionExec[Merge]=1030479417;RepartitionExec=28087890;SortPreservingMergeExec=26875640;OrderedFinalAggregateStream=25051493
event	554936	release_after_refusal	RepartitionExec[20]	1	780700	0	1059842098	178	80	1020491813		RepartitionExec[Merge]=960907299;SortPreservingMergeExec=59584514;RepartitionExec=22749528;OrderedFinalAggregateStream=16600757
event	557135	release_after_refusal	RepartitionExec[31]	1	363737	780700	971441839	172	80	932616162		RepartitionExec[Merge]=873031648;SortPreservingMergeExec=59584514;RepartitionExec=20314336;OrderedFinalAggregateStream=18511341
event	562847	release_after_refusal	RepartitionExec[18]	1	58696	896740	788428960	163	74	751639070		RepartitionExec[Merge]=692054556;SortPreservingMergeExec=59584514;OrderedFinalAggregateStream=19392974;RepartitionExec=17396916
event	566579	release_after_refusal	RepartitionExec[28]	1	58696	780700	757070653	161	71	714921342		RepartitionExec[Merge]=647148722;SortPreservingMergeExec=67772620;OrderedFinalAggregateStream=26981622;RepartitionExec=15167689
event	567559	release_after_refusal	RepartitionExec[23]	1	780700	0	765106360	160	71	732206644		RepartitionExec[Merge]=646922054;SortPreservingMergeExec=85284590;OrderedFinalAggregateStream=18512727;RepartitionExec=14386989
event	568429	release_after_refusal	RepartitionExec[17]	1	780700	0	747507406	156	70	716230266		RepartitionExec[Merge]=627437652;SortPreservingMergeExec=88792614;OrderedFinalAggregateStream=18510247;RepartitionExec=12766893
event	570986	release_after_refusal	RepartitionExec[16]	1	780700	0	607526443	150	70	579307081		RepartitionExec[Merge]=490514467;SortPreservingMergeExec=88792614;OrderedFinalAggregateStream=19148418;RepartitionExec=9070944
event	571687	release_after_refusal	RepartitionExec[26]	1	780700	0	610831087	149	70	579942669		RepartitionExec[Merge]=491150055;SortPreservingMergeExec=88792614;OrderedFinalAggregateStream=22598174;RepartitionExec=8290244
event	572655	release_after_refusal	RepartitionExec[24]	1	780700	0	580984610	147	70	553889310		RepartitionExec[Merge]=465096696;SortPreservingMergeExec=88792614;OrderedFinalAggregateStream=19787405;RepartitionExec=7307895
event	574046	release_after_refusal	RepartitionExec[29]	1	780700	0	548248077	145	70	512596625		RepartitionExec[Merge]=423804011;SortPreservingMergeExec=88792614;OrderedFinalAggregateStream=30165302;RepartitionExec=5486150
event	577420	release_after_refusal	RepartitionExec[6]	1	780700	0	424946055	139	55	401485776		RepartitionExec[Merge]=312693162;SortPreservingMergeExec=88792614;OrderedFinalAggregateStream=18754829;RepartitionExec=4705450
event	578547	release_after_refusal	RepartitionExec[7]	1	780700	0	406904336	138	52	381442314		RepartitionExec[Merge]=292649700;SortPreservingMergeExec=88792614;OrderedFinalAggregateStream=21537272;RepartitionExec=3924750
event	578991	release_after_refusal	RepartitionExec[25]	1	116040	780700	401228519	136	52	382510324		RepartitionExec[Merge]=293717710;SortPreservingMergeExec=88792614;OrderedFinalAggregateStream=15312783;RepartitionExec=3405412
