#pool	name	limit	peak_reserved	refusals	events_dropped
pool	not fair	268435456	268435220	2037	0
#class	class	consumers	can_spill	w_sum_of_peaks	w_largest_peak	w_class_peak	refusals	refused_bytes	w_refusals_then_release	w_consumers_ending_refused
class	OrderedPartialAggregateStream	28	28	29067837	4609180	18270307	38	80896194	1	6
class	RepartitionExec	120	120	269528806	4958127	268327299	1998	1440079694	1	116
class	RepartitionExec[Merge]	1	0	1705922	1705922	1705922	1	526986	1	1
#event	micros	kind	consumer	can_spill	bytes	w_held	reserved	w_registered_spillable	w_registered_unspillable	w_unspillable_bytes	w_fair_quota	w_top_classes
event	34117	refusal	RepartitionExec[93]	1	489734	1702614	265582151	357	78	1704654		RepartitionExec=248447104;OrderedPartialAggregateStream=15430393;RepartitionExec[Merge]=1704654
event	34398	refusal	RepartitionExec[8]	1	660341	2251044	268319055	357	78	1704654		RepartitionExec=253729832;OrderedPartialAggregateStream=12884569;RepartitionExec[Merge]=1704654
event	34481	refusal	OrderedPartialAggregateStream[14]	1	3784387	0	266614813	357	78	1704654		RepartitionExec=253729832;OrderedPartialAggregateStream=12884569;RepartitionExec[Merge]=1704654
event	34500	refusal	RepartitionExec[0]	1	528026	2852689	265628361	357	78	1704654		RepartitionExec=253729832;OrderedPartialAggregateStream=10193875;RepartitionExec[Merge]=1704654
event	34603	refusal	OrderedPartialAggregateStream[15]	1	3692650	0	265628361	357	78	1704654		RepartitionExec=253729832;OrderedPartialAggregateStream=10193875;RepartitionExec[Merge]=1704654
event	34715	refusal	OrderedPartialAggregateStream[13]	1	3561304	0	265628361	357	78	1704654		RepartitionExec=253729832;OrderedPartialAggregateStream=10193875;RepartitionExec[Merge]=1704654
event	34794	refusal	RepartitionExec[97]	1	489734	1702614	268418245	357	78	1704654		RepartitionExec=256519716;OrderedPartialAggregateStream=10193875;RepartitionExec[Merge]=1704654
event	34806	refusal	RepartitionExec[11]	1	660341	2192348	268418245	357	78	1704654		RepartitionExec=256519716;OrderedPartialAggregateStream=10193875;RepartitionExec[Merge]=1704654
event	34852	refusal	RepartitionExec[1]	1	528026	2852689	268418245	357	78	1704654		RepartitionExec=256519716;OrderedPartialAggregateStream=10193875;RepartitionExec[Merge]=1704654
event	34880	refusal	RepartitionExec[0]	1	593234	2852689	265763793	357	78	1704654		RepartitionExec=256519716;OrderedPartialAggregateStream=7539423;RepartitionExec[Merge]=1704654
event	34981	refusal	RepartitionExec[103]	1	489734	1702614	268212463	357	78	1704654		RepartitionExec=258968386;OrderedPartialAggregateStream=7539423;RepartitionExec[Merge]=1704654
event	35018	refusal	RepartitionExec[12]	1	660341	2192348	268212463	357	78	1704654		RepartitionExec=258968386;OrderedPartialAggregateStream=7539423;RepartitionExec[Merge]=1704654
event	35141	refusal	RepartitionExec[1]	1	593234	2852689	268212463	357	78	1704654		RepartitionExec=258968386;OrderedPartialAggregateStream=7539423;RepartitionExec[Merge]=1704654
event	35181	refusal	OrderedPartialAggregateStream[9]	1	3871003	0	268212463	357	78	1704654		RepartitionExec=258968386;OrderedPartialAggregateStream=7539423;RepartitionExec[Merge]=1704654
event	35198	refusal	RepartitionExec[2]	1	528026	2852689	268212463	357	78	1704654		RepartitionExec=258968386;OrderedPartialAggregateStream=7539423;RepartitionExec[Merge]=1704654
event	35207	refusal	RepartitionExec[104]	1	489734	1702614	268212463	357	78	1704654		RepartitionExec=258968386;OrderedPartialAggregateStream=7539423;RepartitionExec[Merge]=1704654
event	35236	refusal	RepartitionExec[13]	1	660341	2192348	268212463	357	78	1704654		RepartitionExec=258968386;OrderedPartialAggregateStream=7539423;RepartitionExec[Merge]=1704654
event	35280	refusal	RepartitionExec[0]	1	576806	2852689	268212463	357	78	1704654		RepartitionExec=258968386;OrderedPartialAggregateStream=7539423;RepartitionExec[Merge]=1704654
event	35287	refusal	RepartitionExec[2]	1	593234	2852689	268212463	357	78	1704654		RepartitionExec=258968386;OrderedPartialAggregateStream=7539423;RepartitionExec[Merge]=1704654
event	35661	refusal	RepartitionExec[3]	1	1036178	2852689	267646928	357	78	1704654		RepartitionExec=262076920;OrderedPartialAggregateStream=3865354;RepartitionExec[Merge]=1704654
event	35818	refusal	OrderedPartialAggregateStream[40]	1	2094901	0	267646928	357	78	1704654		RepartitionExec=262076920;OrderedPartialAggregateStream=3865354;RepartitionExec[Merge]=1704654
event	35872	refusal	OrderedPartialAggregateStream[0]	1	4609387	0	267646928	357	78	1704654		RepartitionExec=262076920;OrderedPartialAggregateStream=3865354;RepartitionExec[Merge]=1704654
event	35939	refusal	OrderedPartialAggregateStream[13]	1	1036488	0	267646928	357	78	1704654		RepartitionExec=262076920;OrderedPartialAggregateStream=3865354;RepartitionExec[Merge]=1704654
event	35962	refusal	OrderedPartialAggregateStream[15]	1	1036616	0	267647752	357	78	1704654		RepartitionExec=262076920;OrderedPartialAggregateStream=3866178;RepartitionExec[Merge]=1704654
event	36234	refusal	RepartitionExec[1]	1	732330	3888867	268380906	357	78	1704654		RepartitionExec=262809250;OrderedPartialAggregateStream=3867002;RepartitionExec[Merge]=1704654
event	36264	refusal	RepartitionExec[0]	1	782114	4621197	268380906	357	78	1704654		RepartitionExec=262809250;OrderedPartialAggregateStream=3867002;RepartitionExec[Merge]=1704654
event	36330	refusal	OrderedPartialAggregateStream[40]	1	519496	0	268380906	357	78	1704654		RepartitionExec=262809250;OrderedPartialAggregateStream=3867002;RepartitionExec[Merge]=1704654
event	36335	refusal	OrderedPartialAggregateStream[9]	1	1036744	0	268381730	357	78	1704654		RepartitionExec=262809250;OrderedPartialAggregateStream=3867826;RepartitionExec[Merge]=1704654
event	36439	refusal	RepartitionExec[0]	1	463948	4621197	268382554	357	78	1704654		RepartitionExec=262809250;OrderedPartialAggregateStream=3868650;RepartitionExec[Merge]=1704654
event	36463	refusal	OrderedPartialAggregateStream[14]	1	1036744	0	268382554	357	78	1704654		RepartitionExec=262809250;OrderedPartialAggregateStream=3868650;RepartitionExec[Merge]=1704654
event	36512	refusal	RepartitionExec[0]	1	849763	4621197	268383378	357	78	1704654		RepartitionExec=262809250;OrderedPartialAggregateStream=3869474;RepartitionExec[Merge]=1704654
event	36638	refusal	OrderedPartialAggregateStream[23]	1	3404254	0	268383378	357	78	1704654		RepartitionExec=262809250;OrderedPartialAggregateStream=3869474;RepartitionExec[Merge]=1704654
event	36702	refusal	RepartitionExec[0]	1	816836	4621197	268383378	357	78	1704654		RepartitionExec=262809250;OrderedPartialAggregateStream=3869474;RepartitionExec[Merge]=1704654
event	37352	refusal	OrderedPartialAggregateStream[23]	1	1036360	0	268383378	357	78	1704654		RepartitionExec=262809250;OrderedPartialAggregateStream=3869474;RepartitionExec[Merge]=1704654
event	37471	refusal	RepartitionExec[0]	1	672884	4621197	268384202	357	78	1704654		RepartitionExec=262809250;OrderedPartialAggregateStream=3870298;RepartitionExec[Merge]=1704654
event	37528	refusal	OrderedPartialAggregateStream[0]	1	1037128	0	268384202	357	78	1704654		RepartitionExec=262809250;OrderedPartialAggregateStream=3870298;RepartitionExec[Merge]=1704654
event	37822	refusal	RepartitionExec[0]	1	1036304	4621197	268385026	357	78	1704654		RepartitionExec=262809250;OrderedPartialAggregateStream=3871122;RepartitionExec[Merge]=1704654
event	37893	refusal	OrderedPartialAggregateStream[10]	1	3768304	0	268385026	357	78	1704654		RepartitionExec=262809250;OrderedPartialAggregateStream=3871122;RepartitionExec[Merge]=1704654
event	38105	refusal	OrderedPartialAggregateStream[28]	1	3199225	0	268385026	357	78	1704654		RepartitionExec=262809250;OrderedPartialAggregateStream=3871122;RepartitionExec[Merge]=1704654
event	38663	refusal	OrderedPartialAggregateStream[4]	1	4608955	0	268385026	357	78	1704654		RepartitionExec=262809250;OrderedPartialAggregateStream=3871122;RepartitionExec[Merge]=1704654
event	38784	refusal	OrderedPartialAggregateStream[10]	1	1036744	0	268385026	357	78	1704654		RepartitionExec=262809250;OrderedPartialAggregateStream=3871122;RepartitionExec[Merge]=1704654
event	38825	refusal	OrderedPartialAggregateStream[28]	1	1036232	0	268385850	357	78	1704654		RepartitionExec=262809250;OrderedPartialAggregateStream=3871946;RepartitionExec[Merge]=1704654
event	38944	refusal	RepartitionExec[0]	1	810770	4621197	268386674	357	78	1704654		RepartitionExec=262809250;OrderedPartialAggregateStream=3872770;RepartitionExec[Merge]=1704654
event	38957	refusal	RepartitionExec[0]	1	595234	4621197	268386674	357	78	1704654		RepartitionExec=262809250;OrderedPartialAggregateStream=3872770;RepartitionExec[Merge]=1704654
event	39796	refusal	OrderedPartialAggregateStream[4]	1	1037128	0	268386674	357	78	1704654		RepartitionExec=262809250;OrderedPartialAggregateStream=3872770;RepartitionExec[Merge]=1704654
event	39987	refusal	RepartitionExec[0]	1	1036304	4621197	268387498	357	78	1704654		RepartitionExec=262809250;OrderedPartialAggregateStream=3873594;RepartitionExec[Merge]=1704654
event	45153	refusal	RepartitionExec[3]	1	528026	2852689	268387498	357	78	1704654		RepartitionExec=262809250;OrderedPartialAggregateStream=3873594;RepartitionExec[Merge]=1704654
event	45189	refusal	RepartitionExec[105]	1	489734	1702614	268387498	357	78	1704654		RepartitionExec=262809250;OrderedPartialAggregateStream=3873594;RepartitionExec[Merge]=1704654
event	45216	refusal	RepartitionExec[14]	1	660341	2192348	268387498	357	78	1704654		RepartitionExec=262809250;OrderedPartialAggregateStream=3873594;RepartitionExec[Merge]=1704654
event	45266	refusal	RepartitionExec[1]	1	576806	3888867	268387498	357	78	1704654		RepartitionExec=262809250;OrderedPartialAggregateStream=3873594;RepartitionExec[Merge]=1704654
event	45285	refusal	RepartitionExec[3]	1	593234	2852689	268387498	357	78	1704654		RepartitionExec=262809250;OrderedPartialAggregateStream=3873594;RepartitionExec[Merge]=1704654
event	45328	refusal	RepartitionExec[4]	1	1036178	2852689	268387498	357	78	1704654		RepartitionExec=262809250;OrderedPartialAggregateStream=3873594;RepartitionExec[Merge]=1704654
event	45333	refusal	RepartitionExec[2]	1	732330	3888867	268387498	357	78	1704654		RepartitionExec=262809250;OrderedPartialAggregateStream=3873594;RepartitionExec[Merge]=1704654
event	45373	refusal	RepartitionExec[1]	1	782114	3888867	268387498	357	78	1704654		RepartitionExec=262809250;OrderedPartialAggregateStream=3873594;RepartitionExec[Merge]=1704654
event	45401	refusal	RepartitionExec[1]	1	463948	3888867	268387498	357	78	1704654		RepartitionExec=262809250;OrderedPartialAggregateStream=3873594;RepartitionExec[Merge]=1704654
event	45415	refusal	RepartitionExec[5]	1	1036178	2852689	268387498	357	78	1704654		RepartitionExec=262809250;OrderedPartialAggregateStream=3873594;RepartitionExec[Merge]=1704654
event	45473	refusal	RepartitionExec[1]	1	816836	3888867	268387498	357	78	1704654		RepartitionExec=262809250;OrderedPartialAggregateStream=3873594;RepartitionExec[Merge]=1704654
event	45474	refusal	RepartitionExec[1]	1	672884	3888867	268387498	357	78	1704654		RepartitionExec=262809250;OrderedPartialAggregateStream=3873594;RepartitionExec[Merge]=1704654
event	45536	refusal	RepartitionExec[1]	1	1036304	3888867	268387498	357	78	1704654		RepartitionExec=262809250;OrderedPartialAggregateStream=3873594;RepartitionExec[Merge]=1704654
event	45555	refusal	RepartitionExec[1]	1	810770	3888867	268387498	357	78	1704654		RepartitionExec=262809250;OrderedPartialAggregateStream=3873594;RepartitionExec[Merge]=1704654
event	45585	refusal	RepartitionExec[1]	1	595234	3888867	268387498	357	78	1704654		RepartitionExec=262809250;OrderedPartialAggregateStream=3873594;RepartitionExec[Merge]=1704654
event	45623	refusal	RepartitionExec[4]	1	528026	2852689	268387498	357	78	1704654		RepartitionExec=262809250;OrderedPartialAggregateStream=3873594;RepartitionExec[Merge]=1704654
event	45628	refusal	RepartitionExec[1]	1	1036304	3888867	268387498	357	78	1704654		RepartitionExec=262809250;OrderedPartialAggregateStream=3873594;RepartitionExec[Merge]=1704654
event	45654	refusal	RepartitionExec[106]	1	489734	1702614	268387498	357	78	1704654		RepartitionExec=262809250;OrderedPartialAggregateStream=3873594;RepartitionExec[Merge]=1704654
event	45685	refusal	RepartitionExec[2]	1	595234	3888867	268387498	357	78	1704654		RepartitionExec=262809250;OrderedPartialAggregateStream=3873594;RepartitionExec[Merge]=1704654
event	45708	refusal	RepartitionExec[2]	1	1036304	3888867	268387498	357	78	1704654		RepartitionExec=262809250;OrderedPartialAggregateStream=3873594;RepartitionExec[Merge]=1704654
event	45714	refusal	RepartitionExec[2]	1	576806	3888867	268387498	357	78	1704654		RepartitionExec=262809250;OrderedPartialAggregateStream=3873594;RepartitionExec[Merge]=1704654
event	45743	refusal	RepartitionExec[1]	1	849763	3888867	268387498	357	78	1704654		RepartitionExec=262809250;OrderedPartialAggregateStream=3873594;RepartitionExec[Merge]=1704654
event	45749	refusal	RepartitionExec[3]	1	732330	2852689	268387498	357	78	1704654		RepartitionExec=262809250;OrderedPartialAggregateStream=3873594;RepartitionExec[Merge]=1704654
event	45776	refusal	RepartitionExec[2]	1	782114	3888867	268387498	357	78	1704654		RepartitionExec=262809250;OrderedPartialAggregateStream=3873594;RepartitionExec[Merge]=1704654
event	45794	refusal	RepartitionExec[3]	1	1036304	2852689	268387498	357	78	1704654		RepartitionExec=262809250;OrderedPartialAggregateStream=3873594;RepartitionExec[Merge]=1704654
event	45815	refusal	RepartitionExec[6]	1	1036178	2852689	268387498	357	78	1704654		RepartitionExec=262809250;OrderedPartialAggregateStream=3873594;RepartitionExec[Merge]=1704654
event	45840	refusal	RepartitionExec[2]	1	816836	3888867	268387498	357	78	1704654		RepartitionExec=262809250;OrderedPartialAggregateStream=3873594;RepartitionExec[Merge]=1704654
event	45854	refusal	RepartitionExec[3]	1	782114	2852689	268387498	357	78	1704654		RepartitionExec=262809250;OrderedPartialAggregateStream=3873594;RepartitionExec[Merge]=1704654
event	45879	refusal	RepartitionExec[4]	1	1036304	2852689	268387498	357	78	1704654		RepartitionExec=262809250;OrderedPartialAggregateStream=3873594;RepartitionExec[Merge]=1704654
event	45894	refusal	RepartitionExec[7]	1	1036178	2852689	268387498	357	78	1704654		RepartitionExec=262809250;OrderedPartialAggregateStream=3873594;RepartitionExec[Merge]=1704654
event	45921	refusal	RepartitionExec[15]	1	660341	2192348	268387498	357	78	1704654		RepartitionExec=262809250;OrderedPartialAggregateStream=3873594;RepartitionExec[Merge]=1704654
event	45924	refusal	RepartitionExec[5]	1	528026	2852689	268387498	357	78	1704654		RepartitionExec=262809250;OrderedPartialAggregateStream=3873594;RepartitionExec[Merge]=1704654
event	55155	refusal	RepartitionExec[4]	1	593234	2852689	268387498	357	78	1704654		RepartitionExec=262809250;OrderedPartialAggregateStream=3873594;RepartitionExec[Merge]=1704654
event	55206	refusal	RepartitionExec[107]	1	489734	1702614	268387498	357	78	1704654		RepartitionExec=262809250;OrderedPartialAggregateStream=3873594;RepartitionExec[Merge]=1704654
event	55266	refusal	RepartitionExec[3]	1	595234	2852689	268387498	357	78	1704654		RepartitionExec=262809250;OrderedPartialAggregateStream=3873594;RepartitionExec[Merge]=1704654
event	55269	refusal	RepartitionExec[2]	1	463948	3888867	268387498	357	78	1704654		RepartitionExec=262809250;OrderedPartialAggregateStream=3873594;RepartitionExec[Merge]=1704654
event	55311	refusal	RepartitionExec[3]	1	576806	2852689	268387498	357	78	1704654		RepartitionExec=262809250;OrderedPartialAggregateStream=3873594;RepartitionExec[Merge]=1704654
event	55355	refusal	RepartitionExec[2]	1	849763	3888867	268387498	357	78	1704654		RepartitionExec=262809250;OrderedPartialAggregateStream=3873594;RepartitionExec[Merge]=1704654
event	55368	refusal	RepartitionExec[4]	1	595234	2852689	268387498	357	78	1704654		RepartitionExec=262809250;OrderedPartialAggregateStream=3873594;RepartitionExec[Merge]=1704654
event	55385	refusal	RepartitionExec[2]	1	672884	3888867	268387498	357	78	1704654		RepartitionExec=262809250;OrderedPartialAggregateStream=3873594;RepartitionExec[Merge]=1704654
event	55408	refusal	RepartitionExec[2]	1	1036304	3888867	268387498	357	78	1704654		RepartitionExec=262809250;OrderedPartialAggregateStream=3873594;RepartitionExec[Merge]=1704654
event	55443	refusal	RepartitionExec[3]	1	849763	2852689	268387498	357	78	1704654		RepartitionExec=262809250;OrderedPartialAggregateStream=3873594;RepartitionExec[Merge]=1704654
event	55498	refusal	RepartitionExec[3]	1	816836	2852689	268387498	357	78	1704654		RepartitionExec=262809250;OrderedPartialAggregateStream=3873594;RepartitionExec[Merge]=1704654
event	55501	refusal	RepartitionExec[3]	1	1036304	2852689	268387498	357	78	1704654		RepartitionExec=262809250;OrderedPartialAggregateStream=3873594;RepartitionExec[Merge]=1704654
event	55521	refusal	RepartitionExec[5]	1	1036304	2852689	268387498	357	78	1704654		RepartitionExec=262809250;OrderedPartialAggregateStream=3873594;RepartitionExec[Merge]=1704654
event	55589	refusal	RepartitionExec[8]	1	1036178	2251044	268387498	357	78	1704654		RepartitionExec=262809250;OrderedPartialAggregateStream=3873594;RepartitionExec[Merge]=1704654
event	55594	refusal	RepartitionExec[16]	1	660341	2192348	268387498	357	78	1704654		RepartitionExec=262809250;OrderedPartialAggregateStream=3873594;RepartitionExec[Merge]=1704654
event	55609	refusal	RepartitionExec[6]	1	528026	2852689	268387498	357	78	1704654		RepartitionExec=262809250;OrderedPartialAggregateStream=3873594;RepartitionExec[Merge]=1704654
event	55649	refusal	RepartitionExec[5]	1	593234	2852689	268387498	357	78	1704654		RepartitionExec=262809250;OrderedPartialAggregateStream=3873594;RepartitionExec[Merge]=1704654
event	55693	refusal	RepartitionExec[108]	1	489734	1702614	268387498	357	78	1704654		RepartitionExec=262809250;OrderedPartialAggregateStream=3873594;RepartitionExec[Merge]=1704654
event	55716	refusal	RepartitionExec[3]	1	463948	2852689	268387498	357	78	1704654		RepartitionExec=262809250;OrderedPartialAggregateStream=3873594;RepartitionExec[Merge]=1704654
event	55733	refusal	RepartitionExec[4]	1	732330	2852689	268387498	357	78	1704654		RepartitionExec=262809250;OrderedPartialAggregateStream=3873594;RepartitionExec[Merge]=1704654
event	55790	refusal	RepartitionExec[4]	1	463948	2852689	268387498	357	78	1704654		RepartitionExec=262809250;OrderedPartialAggregateStream=3873594;RepartitionExec[Merge]=1704654
event	55798	refusal	RepartitionExec[4]	1	576806	2852689	268387498	357	78	1704654		RepartitionExec=262809250;OrderedPartialAggregateStream=3873594;RepartitionExec[Merge]=1704654
event	55809	refusal	RepartitionExec[5]	1	732330	2852689	268387498	357	78	1704654		RepartitionExec=262809250;OrderedPartialAggregateStream=3873594;RepartitionExec[Merge]=1704654
event	55832	refusal	RepartitionExec[3]	1	672884	2852689	268387498	357	78	1704654		RepartitionExec=262809250;OrderedPartialAggregateStream=3873594;RepartitionExec[Merge]=1704654
event	55870	refusal	RepartitionExec[4]	1	782114	2852689	268387498	357	78	1704654		RepartitionExec=262809250;OrderedPartialAggregateStream=3873594;RepartitionExec[Merge]=1704654
event	55884	refusal	RepartitionExec[5]	1	576806	2852689	268387498	357	78	1704654		RepartitionExec=262809250;OrderedPartialAggregateStream=3873594;RepartitionExec[Merge]=1704654
event	55909	refusal	RepartitionExec[4]	1	672884	2852689	268387498	357	78	1704654		RepartitionExec=262809250;OrderedPartialAggregateStream=3873594;RepartitionExec[Merge]=1704654
event	55936	refusal	RepartitionExec[4]	1	1036304	2852689	268387498	357	78	1704654		RepartitionExec=262809250;OrderedPartialAggregateStream=3873594;RepartitionExec[Merge]=1704654
event	55956	refusal	RepartitionExec[5]	1	782114	2852689	268387498	357	78	1704654		RepartitionExec=262809250;OrderedPartialAggregateStream=3873594;RepartitionExec[Merge]=1704654
event	56021	refusal	RepartitionExec[9]	1	1036178	2852689	268387498	357	78	1704654		RepartitionExec=262809250;OrderedPartialAggregateStream=3873594;RepartitionExec[Merge]=1704654
event	56045	refusal	RepartitionExec[5]	1	1036304	2852689	268387498	357	78	1704654		RepartitionExec=262809250;OrderedPartialAggregateStream=3873594;RepartitionExec[Merge]=1704654
event	56071	refusal	RepartitionExec[7]	1	528026	2852689	268387498	357	78	1704654		RepartitionExec=262809250;OrderedPartialAggregateStream=3873594;RepartitionExec[Merge]=1704654
event	56076	refusal	RepartitionExec[6]	1	593234	2852689	268387498	357	78	1704654		RepartitionExec=262809250;OrderedPartialAggregateStream=3873594;RepartitionExec[Merge]=1704654
event	56112	refusal	RepartitionExec[109]	1	489734	1702614	268387498	357	78	1704654		RepartitionExec=262809250;OrderedPartialAggregateStream=3873594;RepartitionExec[Merge]=1704654
event	56163	refusal	RepartitionExec[2]	1	810770	3888867	268387498	357	78	1704654		RepartitionExec=262809250;OrderedPartialAggregateStream=3873594;RepartitionExec[Merge]=1704654
event	56187	refusal	RepartitionExec[8]	1	528026	2251044	268387498	357	78	1704654		RepartitionExec=262809250;OrderedPartialAggregateStream=3873594;RepartitionExec[Merge]=1704654
event	56193	refusal	RepartitionExec[5]	1	463948	2852689	268387498	357	78	1704654		RepartitionExec=262809250;OrderedPartialAggregateStream=3873594;RepartitionExec[Merge]=1704654
event	56216	refusal	RepartitionExec[6]	1	732330	2852689	268387498	357	78	1704654		RepartitionExec=262809250;OrderedPartialAggregateStream=3873594;RepartitionExec[Merge]=1704654
event	56242	refusal	RepartitionExec[3]	1	810770	2852689	268387498	357	78	1704654		RepartitionExec=262809250;OrderedPartialAggregateStream=3873594;RepartitionExec[Merge]=1704654
event	56259	refusal	RepartitionExec[9]	1	528026	2852689	268387498	357	78	1704654		RepartitionExec=262809250;OrderedPartialAggregateStream=3873594;RepartitionExec[Merge]=1704654
event	56290	refusal	RepartitionExec[6]	1	1036304	2852689	268387498	357	78	1704654		RepartitionExec=262809250;OrderedPartialAggregateStream=3873594;RepartitionExec[Merge]=1704654
event	56319	refusal	RepartitionExec[6]	1	576806	2852689	268387498	357	78	1704654		RepartitionExec=262809250;OrderedPartialAggregateStream=3873594;RepartitionExec[Merge]=1704654
event	56336	refusal	RepartitionExec[5]	1	672884	2852689	268387498	357	78	1704654		RepartitionExec=262809250;OrderedPartialAggregateStream=3873594;RepartitionExec[Merge]=1704654
event	56354	refusal	RepartitionExec[17]	1	660341	2192348	268387498	357	78	1704654		RepartitionExec=262809250;OrderedPartialAggregateStream=3873594;RepartitionExec[Merge]=1704654
event	56377	refusal	RepartitionExec[6]	1	782114	2852689	268387498	357	78	1704654		RepartitionExec=262809250;OrderedPartialAggregateStream=3873594;RepartitionExec[Merge]=1704654
event	56410	refusal	RepartitionExec[7]	1	576806	2852689	268387498	357	78	1704654		RepartitionExec=262809250;OrderedPartialAggregateStream=3873594;RepartitionExec[Merge]=1704654
event	56417	refusal	RepartitionExec[6]	1	1036304	2852689	268387498	357	78	1704654		RepartitionExec=262809250;OrderedPartialAggregateStream=3873594;RepartitionExec[Merge]=1704654
event	56462	refusal	RepartitionExec[5]	1	595234	2852689	268387498	357	78	1704654		RepartitionExec=262809250;OrderedPartialAggregateStream=3873594;RepartitionExec[Merge]=1704654
event	56464	refusal	RepartitionExec[7]	1	593234	2852689	268387498	357	78	1704654		RepartitionExec=262809250;OrderedPartialAggregateStream=3873594;RepartitionExec[Merge]=1704654
event	56495	refusal	RepartitionExec[8]	1	576806	2251044	268387498	357	78	1704654		RepartitionExec=262809250;OrderedPartialAggregateStream=3873594;RepartitionExec[Merge]=1704654
event	56510	refusal	RepartitionExec[4]	1	849763	2852689	268387498	357	78	1704654		RepartitionExec=262809250;OrderedPartialAggregateStream=3873594;RepartitionExec[Merge]=1704654
event	56526	refusal	RepartitionExec[4]	1	816836	2852689	268387498	357	78	1704654		RepartitionExec=262809250;OrderedPartialAggregateStream=3873594;RepartitionExec[Merge]=1704654
event	56546	refusal	RepartitionExec[6]	1	463948	2852689	268387498	357	78	1704654		RepartitionExec=262809250;OrderedPartialAggregateStream=3873594;RepartitionExec[Merge]=1704654
event	56562	refusal	RepartitionExec[9]	1	576806	2852689	268387498	357	78	1704654		RepartitionExec=262809250;OrderedPartialAggregateStream=3873594;RepartitionExec[Merge]=1704654
event	56587	refusal	RepartitionExec[5]	1	849763	2852689	268387498	357	78	1704654		RepartitionExec=262809250;OrderedPartialAggregateStream=3873594;RepartitionExec[Merge]=1704654
event	56603	refusal	RepartitionExec[10]	1	528026	2852689	268387498	357	78	1704654		RepartitionExec=262809250;OrderedPartialAggregateStream=3873594;RepartitionExec[Merge]=1704654
event	56632	refusal	RepartitionExec[7]	1	1036304	2852689	268387498	357	78	1704654		RepartitionExec=262809250;OrderedPartialAggregateStream=3873594;RepartitionExec[Merge]=1704654
event	56680	refusal	RepartitionExec[10]	1	1036178	2852689	268387498	357	78	1704654		RepartitionExec=262809250;OrderedPartialAggregateStream=3873594;RepartitionExec[Merge]=1704654
event	56690	refusal	RepartitionExec[6]	1	672884	2852689	268387498	357	78	1704654		RepartitionExec=262809250;OrderedPartialAggregateStream=3873594;RepartitionExec[Merge]=1704654
event	56711	refusal	RepartitionExec[18]	1	660341	2192348	268387498	357	78	1704654		RepartitionExec=262809250;OrderedPartialAggregateStream=3873594;RepartitionExec[Merge]=1704654
event	56752	refusal	RepartitionExec[7]	1	782114	2852689	268387498	357	78	1704654		RepartitionExec=262809250;OrderedPartialAggregateStream=3873594;RepartitionExec[Merge]=1704654
event	56756	refusal	RepartitionExec[110]	1	489734	1702614	268387498	357	78	1704654		RepartitionExec=262809250;OrderedPartialAggregateStream=3873594;RepartitionExec[Merge]=1704654
event	56777	refusal	RepartitionExec[7]	1	1036304	2852689	268387498	357	78	1704654		RepartitionExec=262809250;OrderedPartialAggregateStream=3873594;RepartitionExec[Merge]=1704654
event	56795	refusal	RepartitionExec[6]	1	595234	2852689	268387498	357	78	1704654		RepartitionExec=262809250;OrderedPartialAggregateStream=3873594;RepartitionExec[Merge]=1704654
event	65147	refusal	RepartitionExec[8]	1	593234	2251044	268387498	357	78	1704654		RepartitionExec=262809250;OrderedPartialAggregateStream=3873594;RepartitionExec[Merge]=1704654
event	65183	refusal	RepartitionExec[7]	1	732330	2852689	268387498	357	78	1704654		RepartitionExec=262809250;OrderedPartialAggregateStream=3873594;RepartitionExec[Merge]=1704654
event	65217	refusal	RepartitionExec[4]	1	810770	2852689	268387498	357	78	1704654		RepartitionExec=262809250;OrderedPartialAggregateStream=3873594;RepartitionExec[Merge]=1704654
event	65275	refusal	RepartitionExec[7]	1	463948	2852689	268387498	357	78	1704654		RepartitionExec=262809250;OrderedPartialAggregateStream=3873594;RepartitionExec[Merge]=1704654
event	65283	refusal	RepartitionExec[5]	1	816836	2852689	268387498	357	78	1704654		RepartitionExec=262809250;OrderedPartialAggregateStream=3873594;RepartitionExec[Merge]=1704654
event	65313	refusal	RepartitionExec[5]	1	810770	2852689	268387498	357	78	1704654		RepartitionExec=262809250;OrderedPartialAggregateStream=3873594;RepartitionExec[Merge]=1704654
event	65340	refusal	RepartitionExec[6]	1	849763	2852689	268387498	357	78	1704654		RepartitionExec=262809250;OrderedPartialAggregateStream=3873594;RepartitionExec[Merge]=1704654
event	65344	refusal	RepartitionExec[8]	1	463948	2251044	268387498	357	78	1704654		RepartitionExec=262809250;OrderedPartialAggregateStream=3873594;RepartitionExec[Merge]=1704654
event	65412	refusal	RepartitionExec[8]	1	1036304	2251044	268387498	357	78	1704654		RepartitionExec=262809250;OrderedPartialAggregateStream=3873594;RepartitionExec[Merge]=1704654
event	65456	refusal	RepartitionExec[11]	1	1036178	2192348	268387498	357	78	1704654		RepartitionExec=262809250;OrderedPartialAggregateStream=3873594;RepartitionExec[Merge]=1704654
event	65479	refusal	RepartitionExec[7]	1	672884	2852689	268387498	357	78	1704654		RepartitionExec=262809250;OrderedPartialAggregateStream=3873594;RepartitionExec[Merge]=1704654
event	65505	refusal	RepartitionExec[9]	1	1036304	2852689	268387498	357	78	1704654		RepartitionExec=262809250;OrderedPartialAggregateStream=3873594;RepartitionExec[Merge]=1704654
event	65567	refusal	RepartitionExec[8]	1	782114	2251044	268387498	357	78	1704654		RepartitionExec=262809250;OrderedPartialAggregateStream=3873594;RepartitionExec[Merge]=1704654
event	65615	refusal	RepartitionExec[111]	1	489734	1702614	268387498	357	78	1704654		RepartitionExec=262809250;OrderedPartialAggregateStream=3873594;RepartitionExec[Merge]=1704654
event	65626	refusal	RepartitionExec[8]	1	1036304	2251044	268387498	357	78	1704654		RepartitionExec=262809250;OrderedPartialAggregateStream=3873594;RepartitionExec[Merge]=1704654
event	65656	refusal	RepartitionExec[7]	1	595234	2852689	268387498	357	78	1704654		RepartitionExec=262809250;OrderedPartialAggregateStream=3873594;RepartitionExec[Merge]=1704654
event	65677	refusal	RepartitionExec[9]	1	593234	2852689	268387498	357	78	1704654		RepartitionExec=262809250;OrderedPartialAggregateStream=3873594;RepartitionExec[Merge]=1704654
event	65698	refusal	RepartitionExec[8]	1	732330	2251044	268387498	357	78	1704654		RepartitionExec=262809250;OrderedPartialAggregateStream=3873594;RepartitionExec[Merge]=1704654
event	65744	refusal	RepartitionExec[10]	1	576806	2852689	268387498	357	78	1704654		RepartitionExec=262809250;OrderedPartialAggregateStream=3873594;RepartitionExec[Merge]=1704654
event	65752	refusal	RepartitionExec[10]	1	593234	2852689	268387498	357	78	1704654		RepartitionExec=262809250;OrderedPartialAggregateStream=3873594;RepartitionExec[Merge]=1704654
event	65835	refusal	RepartitionExec[11]	1	593234	2192348	268387498	357	78	1704654		RepartitionExec=262809250;OrderedPartialAggregateStream=3873594;RepartitionExec[Merge]=1704654
event	65839	refusal	RepartitionExec[11]	1	528026	2192348	268387498	357	78	1704654		RepartitionExec=262809250;OrderedPartialAggregateStream=3873594;RepartitionExec[Merge]=1704654
event	65848	refusal	RepartitionExec[7]	1	849763	2852689	268387498	357	78	1704654		RepartitionExec=262809250;OrderedPartialAggregateStream=3873594;RepartitionExec[Merge]=1704654
event	65896	refusal	RepartitionExec[9]	1	463948	2852689	268387498	357	78	1704654		RepartitionExec=262809250;OrderedPartialAggregateStream=3873594;RepartitionExec[Merge]=1704654
event	65923	refusal	RepartitionExec[12]	1	593234	2192348	268387498	357	78	1704654		RepartitionExec=262809250;OrderedPartialAggregateStream=3873594;RepartitionExec[Merge]=1704654
event	65964	refusal	RepartitionExec[12]	1	1036178	2192348	268387498	357	78	1704654		RepartitionExec=262809250;OrderedPartialAggregateStream=3873594;RepartitionExec[Merge]=1704654
event	65986	refusal	RepartitionExec[8]	1	672884	2251044	268387498	357	78	1704654		RepartitionExec=262809250;OrderedPartialAggregateStream=3873594;RepartitionExec[Merge]=1704654
event	66019	refusal	RepartitionExec[10]	1	1036304	2852689	268387498	357	78	1704654		RepartitionExec=262809250;OrderedPartialAggregateStream=3873594;RepartitionExec[Merge]=1704654
event	66080	refusal	RepartitionExec[9]	1	782114	2852689	268387498	357	78	1704654		RepartitionExec=262809250;OrderedPartialAggregateStream=3873594;RepartitionExec[Merge]=1704654
event	66081	refusal	RepartitionExec[9]	1	672884	2852689	268387498	357	78	1704654		RepartitionExec=262809250;OrderedPartialAggregateStream=3873594;RepartitionExec[Merge]=1704654
event	66113	refusal	RepartitionExec[9]	1	1036304	2852689	268387498	357	78	1704654		RepartitionExec=262809250;OrderedPartialAggregateStream=3873594;RepartitionExec[Merge]=1704654
event	66132	refusal	RepartitionExec[8]	1	595234	2251044	268387498	357	78	1704654		RepartitionExec=262809250;OrderedPartialAggregateStream=3873594;RepartitionExec[Merge]=1704654
event	66182	refusal	RepartitionExec[10]	1	782114	2852689	268387498	357	78	1704654		RepartitionExec=262809250;OrderedPartialAggregateStream=3873594;RepartitionExec[Merge]=1704654
event	66203	refusal	RepartitionExec[9]	1	732330	2852689	268387498	357	78	1704654		RepartitionExec=262809250;OrderedPartialAggregateStream=3873594;RepartitionExec[Merge]=1704654
event	66234	refusal	RepartitionExec[11]	1	576806	2192348	268387498	357	78	1704654		RepartitionExec=262809250;OrderedPartialAggregateStream=3873594;RepartitionExec[Merge]=1704654
event	66269	refusal	RepartitionExec[6]	1	810770	2852689	268387498	357	78	1704654		RepartitionExec=262809250;OrderedPartialAggregateStream=3873594;RepartitionExec[Merge]=1704654
event	66291	refusal	RepartitionExec[10]	1	732330	2852689	268387498	357	78	1704654		RepartitionExec=262809250;OrderedPartialAggregateStream=3873594;RepartitionExec[Merge]=1704654
event	66306	refusal	RepartitionExec[12]	1	576806	2192348	268387498	357	78	1704654		RepartitionExec=262809250;OrderedPartialAggregateStream=3873594;RepartitionExec[Merge]=1704654
event	66355	refusal	RepartitionExec[8]	1	849763	2251044	268387498	357	78	1704654		RepartitionExec=262809250;OrderedPartialAggregateStream=3873594;RepartitionExec[Merge]=1704654
event	66380	refusal	RepartitionExec[10]	1	463948	2852689	268387498	357	78	1704654		RepartitionExec=262809250;OrderedPartialAggregateStream=3873594;RepartitionExec[Merge]=1704654
event	66410	refusal	RepartitionExec[13]	1	593234	2192348	268387498	357	78	1704654		RepartitionExec=262809250;OrderedPartialAggregateStream=3873594;RepartitionExec[Merge]=1704654
event	66448	refusal	RepartitionExec[13]	1	1036178	2192348	268387498	357	78	1704654		RepartitionExec=262809250;OrderedPartialAggregateStream=3873594;RepartitionExec[Merge]=1704654
event	66460	refusal	RepartitionExec[11]	1	463948	2192348	268387498	357	78	1704654		RepartitionExec=262809250;OrderedPartialAggregateStream=3873594;RepartitionExec[Merge]=1704654
event	66510	refusal	RepartitionExec[11]	1	1036304	2192348	268387498	357	78	1704654		RepartitionExec=262809250;OrderedPartialAggregateStream=3873594;RepartitionExec[Merge]=1704654
event	66528	refusal	RepartitionExec[10]	1	672884	2852689	268387498	357	78	1704654		RepartitionExec=262809250;OrderedPartialAggregateStream=3873594;RepartitionExec[Merge]=1704654
event	66531	refusal	RepartitionExec[12]	1	463948	2192348	268387498	357	78	1704654		RepartitionExec=262809250;OrderedPartialAggregateStream=3873594;RepartitionExec[Merge]=1704654
event	66557	refusal	RepartitionExec[10]	1	1036304	2852689	268387498	357	78	1704654		RepartitionExec=262809250;OrderedPartialAggregateStream=3873594;RepartitionExec[Merge]=1704654
event	66581	refusal	RepartitionExec[9]	1	595234	2852689	268387498	357	78	1704654		RepartitionExec=262809250;OrderedPartialAggregateStream=3873594;RepartitionExec[Merge]=1704654
event	66598	refusal	RepartitionExec[11]	1	672884	2192348	268387498	357	78	1704654		RepartitionExec=262809250;OrderedPartialAggregateStream=3873594;RepartitionExec[Merge]=1704654
event	66631	refusal	RepartitionExec[19]	1	660341	2192348	268387498	357	78	1704654		RepartitionExec=262809250;OrderedPartialAggregateStream=3873594;RepartitionExec[Merge]=1704654
event	66659	refusal	RepartitionExec[12]	1	528026	2192348	268387498	357	78	1704654		RepartitionExec=262809250;OrderedPartialAggregateStream=3873594;RepartitionExec[Merge]=1704654
event	66666	refusal	RepartitionExec[12]	1	672884	2192348	268387498	357	78	1704654		RepartitionExec=262809250;OrderedPartialAggregateStream=3873594;RepartitionExec[Merge]=1704654
event	66692	refusal	RepartitionExec[11]	1	732330	2192348	268387498	357	78	1704654		RepartitionExec=262809250;OrderedPartialAggregateStream=3873594;RepartitionExec[Merge]=1704654
event	66718	refusal	RepartitionExec[13]	1	576806	2192348	268387498	357	78	1704654		RepartitionExec=262809250;OrderedPartialAggregateStream=3873594;RepartitionExec[Merge]=1704654
event	66734	refusal	RepartitionExec[13]	1	672884	2192348	268387498	357	78	1704654		RepartitionExec=262809250;OrderedPartialAggregateStream=3873594;RepartitionExec[Merge]=1704654
event	66783	refusal	RepartitionExec[112]	1	489734	1702614	268387498	357	78	1704654		RepartitionExec=262809250;OrderedPartialAggregateStream=3873594;RepartitionExec[Merge]=1704654
event	66804	refusal	RepartitionExec[14]	1	576806	2192348	268387498	357	78	1704654		RepartitionExec=262809250;OrderedPartialAggregateStream=3873594;RepartitionExec[Merge]=1704654
event	66834	refusal	RepartitionExec[14]	1	1036178	2192348	268387498	357	78	1704654		RepartitionExec=262809250;OrderedPartialAggregateStream=3873594;RepartitionExec[Merge]=1704654
event	66852	refusal	RepartitionExec[6]	1	816836	2852689	268387498	357	78	1704654		RepartitionExec=262809250;OrderedPartialAggregateStream=3873594;RepartitionExec[Merge]=1704654
event	66876	refusal	RepartitionExec[12]	1	1036304	2192348	268387498	357	78	1704654		RepartitionExec=262809250;OrderedPartialAggregateStream=3873594;RepartitionExec[Merge]=1704654
event	66897	refusal	RepartitionExec[13]	1	463948	2192348	268387498	357	78	1704654		RepartitionExec=262809250;OrderedPartialAggregateStream=3873594;RepartitionExec[Merge]=1704654
event	66926	refusal	RepartitionExec[11]	1	782114	2192348	268387498	357	78	1704654		RepartitionExec=262809250;OrderedPartialAggregateStream=3873594;RepartitionExec[Merge]=1704654
event	66947	refusal	RepartitionExec[11]	1	1036304	2192348	268387498	357	78	1704654		RepartitionExec=262809250;OrderedPartialAggregateStream=3873594;RepartitionExec[Merge]=1704654
event	66972	refusal	RepartitionExec[10]	1	595234	2852689	268387498	357	78	1704654		RepartitionExec=262809250;OrderedPartialAggregateStream=3873594;RepartitionExec[Merge]=1704654
event	66993	refusal	RepartitionExec[7]	1	810770	2852689	268387498	357	78	1704654		RepartitionExec=262809250;OrderedPartialAggregateStream=3873594;RepartitionExec[Merge]=1704654
event	67035	refusal	RepartitionExec[20]	1	660341	2192348	268387498	357	78	1704654		RepartitionExec=262809250;OrderedPartialAggregateStream=3873594;RepartitionExec[Merge]=1704654
event	67044	refusal	RepartitionExec[13]	1	528026	2192348	268387498	357	78	1704654		RepartitionExec=262809250;OrderedPartialAggregateStream=3873594;RepartitionExec[Merge]=1704654
event	67091	refusal	RepartitionExec[9]	1	849763	2852689	268387498	357	78	1704654		RepartitionExec=262809250;OrderedPartialAggregateStream=3873594;RepartitionExec[Merge]=1704654
event	67113	refusal	RepartitionExec[12]	1	732330	2192348	268387498	357	78	1704654		RepartitionExec=262809250;OrderedPartialAggregateStream=3873594;RepartitionExec[Merge]=1704654
event	67142	refusal	RepartitionExec[14]	1	528026	2192348	268387498	357	78	1704654		RepartitionExec=262809250;OrderedPartialAggregateStream=3873594;RepartitionExec[Merge]=1704654
event	67158	refusal	RepartitionExec[14]	1	672884	2192348	268387498	357	78	1704654		RepartitionExec=262809250;OrderedPartialAggregateStream=3873594;RepartitionExec[Merge]=1704654
event	67191	refusal	RepartitionExec[113]	1	489734	1702614	268387498	357	78	1704654		RepartitionExec=262809250;OrderedPartialAggregateStream=3873594;RepartitionExec[Merge]=1704654
event	67216	refusal	RepartitionExec[15]	1	576806	2192348	268387498	357	78	1704654		RepartitionExec=262809250;OrderedPartialAggregateStream=3873594;RepartitionExec[Merge]=1704654
event	67245	refusal	RepartitionExec[15]	1	1036178	2192348	268387498	357	78	1704654		RepartitionExec=262809250;OrderedPartialAggregateStream=3873594;RepartitionExec[Merge]=1704654
event	67266	refusal	RepartitionExec[7]	1	816836	2852689	268387498	357	78	1704654		RepartitionExec=262809250;OrderedPartialAggregateStream=3873594;RepartitionExec[Merge]=1704654
event	67293	refusal	RepartitionExec[13]	1	1036304	2192348	268387498	357	78	1704654		RepartitionExec=262809250;OrderedPartialAggregateStream=3873594;RepartitionExec[Merge]=1704654
event	67314	refusal	RepartitionExec[14]	1	463948	2192348	268387498	357	78	1704654		RepartitionExec=262809250;OrderedPartialAggregateStream=3873594;RepartitionExec[Merge]=1704654
event	67340	refusal	RepartitionExec[12]	1	782114	2192348	268387498	357	78	1704654		RepartitionExec=262809250;OrderedPartialAggregateStream=3873594;RepartitionExec[Merge]=1704654
event	67365	refusal	RepartitionExec[12]	1	1036304	2192348	268387498	357	78	1704654		RepartitionExec=262809250;OrderedPartialAggregateStream=3873594;RepartitionExec[Merge]=1704654
event	67387	refusal	RepartitionExec[11]	1	595234	2192348	268387498	357	78	1704654		RepartitionExec=262809250;OrderedPartialAggregateStream=3873594;RepartitionExec[Merge]=1704654
event	67418	refusal	RepartitionExec[8]	1	810770	2251044	268387498	357	78	1704654		RepartitionExec=262809250;OrderedPartialAggregateStream=3873594;RepartitionExec[Merge]=1704654
event	67436	refusal	RepartitionExec[13]	1	1036304	2192348	268387498	357	78	1704654		RepartitionExec=262809250;OrderedPartialAggregateStream=3873594;RepartitionExec[Merge]=1704654
event	67468	refusal	RepartitionExec[12]	1	595234	2192348	268387498	357	78	1704654		RepartitionExec=262809250;OrderedPartialAggregateStream=3873594;RepartitionExec[Merge]=1704654
event	67493	refusal	RepartitionExec[10]	1	849763	2852689	268387498	357	78	1704654		RepartitionExec=262809250;OrderedPartialAggregateStream=3873594;RepartitionExec[Merge]=1704654
event	67520	refusal	RepartitionExec[14]	1	1036304	2192348	268387498	357	78	1704654		RepartitionExec=262809250;OrderedPartialAggregateStream=3873594;RepartitionExec[Merge]=1704654
event	67535	refusal	RepartitionExec[15]	1	528026	2192348	268387498	357	78	1704654		RepartitionExec=262809250;OrderedPartialAggregateStream=3873594;RepartitionExec[Merge]=1704654
event	67560	refusal	RepartitionExec[15]	1	672884	2192348	268387498	357	78	1704654		RepartitionExec=262809250;OrderedPartialAggregateStream=3873594;RepartitionExec[Merge]=1704654
event	67584	refusal	RepartitionExec[114]	1	489734	1702614	268387498	357	78	1704654		RepartitionExec=262809250;OrderedPartialAggregateStream=3873594;RepartitionExec[Merge]=1704654
event	67611	refusal	RepartitionExec[16]	1	576806	2192348	268387498	357	78	1704654		RepartitionExec=262809250;OrderedPartialAggregateStream=3873594;RepartitionExec[Merge]=1704654
event	67643	refusal	RepartitionExec[16]	1	672884	2192348	268387498	357	78	1704654		RepartitionExec=262809250;OrderedPartialAggregateStream=3873594;RepartitionExec[Merge]=1704654
event	67660	refusal	RepartitionExec[8]	1	816836	2251044	268387498	357	78	1704654		RepartitionExec=262809250;OrderedPartialAggregateStream=3873594;RepartitionExec[Merge]=1704654
event	67696	refusal	RepartitionExec[14]	1	1036304	2192348	268387498	357	78	1704654		RepartitionExec=262809250;OrderedPartialAggregateStream=3873594;RepartitionExec[Merge]=1704654
event	67716	refusal	RepartitionExec[15]	1	463948	2192348	268387498	357	78	1704654		RepartitionExec=262809250;OrderedPartialAggregateStream=3873594;RepartitionExec[Merge]=1704654
event	67742	refusal	RepartitionExec[13]	1	782114	2192348	268387498	357	78	1704654		RepartitionExec=262809250;OrderedPartialAggregateStream=3873594;RepartitionExec[Merge]=1704654
event	67773	refusal	RepartitionExec[21]	1	660341	2192348	268387498	357	78	1704654		RepartitionExec=262809250;OrderedPartialAggregateStream=3873594;RepartitionExec[Merge]=1704654
event	67788	refusal	RepartitionExec[16]	1	463948	2192348	268387498	357	78	1704654		RepartitionExec=262809250;OrderedPartialAggregateStream=3873594;RepartitionExec[Merge]=1704654
event	67813	refusal	RepartitionExec[14]	1	782114	2192348	268387498	357	78	1704654		RepartitionExec=262809250;OrderedPartialAggregateStream=3873594;RepartitionExec[Merge]=1704654
event	67892	refusal	RepartitionExec[13]	1	732330	2192348	268387498	357	78	1704654		RepartitionExec=262809250;OrderedPartialAggregateStream=3873594;RepartitionExec[Merge]=1704654
event	67911	refusal	RepartitionExec[13]	1	595234	2192348	268387498	357	78	1704654		RepartitionExec=262809250;OrderedPartialAggregateStream=3873594;RepartitionExec[Merge]=1704654
event	67929	refusal	RepartitionExec[11]	1	849763	2192348	268387498	357	78	1704654		RepartitionExec=262809250;OrderedPartialAggregateStream=3873594;RepartitionExec[Merge]=1704654
event	67954	refusal	RepartitionExec[15]	1	1036304	2192348	268387498	357	78	1704654		RepartitionExec=262809250;OrderedPartialAggregateStream=3873594;RepartitionExec[Merge]=1704654
event	67983	refusal	RepartitionExec[16]	1	528026	2192348	268387498	357	78	1704654		RepartitionExec=262809250;OrderedPartialAggregateStream=3873594;RepartitionExec[Merge]=1704654
event	68001	refusal	RepartitionExec[16]	1	1036178	2192348	268387498	357	78	1704654		RepartitionExec=262809250;OrderedPartialAggregateStream=3873594;RepartitionExec[Merge]=1704654
event	68018	refusal	RepartitionExec[115]	1	489734	1818654	268387498	357	78	1704654		RepartitionExec=262809250;OrderedPartialAggregateStream=3873594;RepartitionExec[Merge]=1704654
event	68046	refusal	RepartitionExec[17]	1	576806	2192348	268387498	357	78	1704654		RepartitionExec=262809250;OrderedPartialAggregateStream=3873594;RepartitionExec[Merge]=1704654
event	68088	refusal	RepartitionExec[17]	1	672884	2192348	268387498	357	78	1704654		RepartitionExec=262809250;OrderedPartialAggregateStream=3873594;RepartitionExec[Merge]=1704654
event	68094	refusal	RepartitionExec[9]	1	816836	2852689	268387498	357	78	1704654		RepartitionExec=262809250;OrderedPartialAggregateStream=3873594;RepartitionExec[Merge]=1704654
event	68146	refusal	RepartitionExec[14]	1	593234	2192348	268387498	357	78	1704654		RepartitionExec=262809250;OrderedPartialAggregateStream=3873594;RepartitionExec[Merge]=1704654
event	68152	refusal	RepartitionExec[15]	1	1036304	2192348	268387498	357	78	1704654		RepartitionExec=262809250;OrderedPartialAggregateStream=3873594;RepartitionExec[Merge]=1704654
event	68176	refusal	RepartitionExec[18]	1	672884	2192348	268387498	357	78	1704654		RepartitionExec=262809250;OrderedPartialAggregateStream=3873594;RepartitionExec[Merge]=1704654
event	68186	refusal	RepartitionExec[22]	1	660341	2192348	268387498	357	78	1704654		RepartitionExec=262809250;OrderedPartialAggregateStream=3873594;RepartitionExec[Merge]=1704654
event	68213	refusal	RepartitionExec[17]	1	463948	2192348	268387498	357	78	1704654		RepartitionExec=262809250;OrderedPartialAggregateStream=3873594;RepartitionExec[Merge]=1704654
event	68233	refusal	RepartitionExec[15]	1	782114	2192348	268387498	357	78	1704654		RepartitionExec=262809250;OrderedPartialAggregateStream=3873594;RepartitionExec[Merge]=1704654
event	68258	refusal	RepartitionExec[14]	1	732330	2192348	268387498	357	78	1704654		RepartitionExec=262809250;OrderedPartialAggregateStream=3873594;RepartitionExec[Merge]=1704654
event	68276	refusal	RepartitionExec[14]	1	595234	2192348	268387498	357	78	1704654		RepartitionExec=262809250;OrderedPartialAggregateStream=3873594;RepartitionExec[Merge]=1704654
event	68306	refusal	RepartitionExec[12]	1	849763	2192348	268387498	357	78	1704654		RepartitionExec=262809250;OrderedPartialAggregateStream=3873594;RepartitionExec[Merge]=1704654
event	68327	refusal	RepartitionExec[16]	1	1036304	2192348	268387498	357	78	1704654		RepartitionExec=262809250;OrderedPartialAggregateStream=3873594;RepartitionExec[Merge]=1704654
event	68345	refusal	RepartitionExec[17]	1	528026	2192348	268387498	357	78	1704654		RepartitionExec=262809250;OrderedPartialAggregateStream=3873594;RepartitionExec[Merge]=1704654
event	68369	refusal	RepartitionExec[17]	1	1036178	2192348	268387498	357	78	1704654		RepartitionExec=262809250;OrderedPartialAggregateStream=3873594;RepartitionExec[Merge]=1704654
event	68393	refusal	RepartitionExec[116]	1	489734	1702614	268387498	357	78	1704654		RepartitionExec=262809250;OrderedPartialAggregateStream=3873594;RepartitionExec[Merge]=1704654
event	68422	refusal	RepartitionExec[18]	1	576806	2192348	268387498	357	78	1704654		RepartitionExec=262809250;OrderedPartialAggregateStream=3873594;RepartitionExec[Merge]=1704654
event	68439	refusal	RepartitionExec[9]	1	810770	2852689	268387498	357	78	1704654		RepartitionExec=262809250;OrderedPartialAggregateStream=3873594;RepartitionExec[Merge]=1704654
event	68459	refusal	RepartitionExec[10]	1	816836	2852689	268387498	357	78	1704654		RepartitionExec=262809250;OrderedPartialAggregateStream=3873594;RepartitionExec[Merge]=1704654
event	68483	refusal	RepartitionExec[15]	1	593234	2192348	268387498	357	78	1704654		RepartitionExec=262809250;OrderedPartialAggregateStream=3873594;RepartitionExec[Merge]=1704654
event	68528	refusal	RepartitionExec[16]	1	1036304	2192348	268387498	357	78	1704654		RepartitionExec=262809250;OrderedPartialAggregateStream=3873594;RepartitionExec[Merge]=1704654
event	68544	refusal	RepartitionExec[19]	1	672884	2192348	268387498	357	78	1704654		RepartitionExec=262809250;OrderedPartialAggregateStream=3873594;RepartitionExec[Merge]=1704654
event	68553	refusal	RepartitionExec[23]	1	660341	2192348	268387498	357	78	1704654		RepartitionExec=262809250;OrderedPartialAggregateStream=3873594;RepartitionExec[Merge]=1704654
event	68572	refusal	RepartitionExec[18]	1	463948	2192348	268387498	357	78	1704654		RepartitionExec=262809250;OrderedPartialAggregateStream=3873594;RepartitionExec[Merge]=1704654
event	75141	refusal	RepartitionExec[16]	1	782114	2192348	268387498	357	78	1704654		RepartitionExec=262809250;OrderedPartialAggregateStream=3873594;RepartitionExec[Merge]=1704654
event	75179	refusal	RepartitionExec[15]	1	732330	2192348	268387498	357	78	1704654		RepartitionExec=262809250;OrderedPartialAggregateStream=3873594;RepartitionExec[Merge]=1704654
event	75205	refusal	RepartitionExec[15]	1	595234	2192348	268387498	357	78	1704654		RepartitionExec=262809250;OrderedPartialAggregateStream=3873594;RepartitionExec[Merge]=1704654
event	75239	refusal	RepartitionExec[17]	1	782114	2192348	268387498	357	78	1704654		RepartitionExec=262809250;OrderedPartialAggregateStream=3873594;RepartitionExec[Merge]=1704654
event	75257	refusal	RepartitionExec[17]	1	1036304	2192348	268387498	357	78	1704654		RepartitionExec=262809250;OrderedPartialAggregateStream=3873594;RepartitionExec[Merge]=1704654
event	75289	refusal	RepartitionExec[18]	1	528026	2192348	268387498	357	78	1704654		RepartitionExec=262809250;OrderedPartialAggregateStream=3873594;RepartitionExec[Merge]=1704654
event	75312	refusal	RepartitionExec[18]	1	1036178	2192348	268387498	357	78	1704654		RepartitionExec=262809250;OrderedPartialAggregateStream=3873594;RepartitionExec[Merge]=1704654
event	75363	refusal	RepartitionExec[117]	1	489734	1818654	268387498	357	78	1704654		RepartitionExec=262809250;OrderedPartialAggregateStream=3873594;RepartitionExec[Merge]=1704654
event	75384	refusal	RepartitionExec[19]	1	576806	2192348	268387498	357	78	1704654		RepartitionExec=262809250;OrderedPartialAggregateStream=3873594;RepartitionExec[Merge]=1704654
event	75394	refusal	RepartitionExec[19]	1	1036178	2192348	268387498	357	78	1704654		RepartitionExec=262809250;OrderedPartialAggregateStream=3873594;RepartitionExec[Merge]=1704654
event	75421	refusal	RepartitionExec[11]	1	816836	2192348	268387498	357	78	1704654		RepartitionExec=262809250;OrderedPartialAggregateStream=3873594;RepartitionExec[Merge]=1704654
event	75458	refusal	RepartitionExec[16]	1	593234	2192348	268387498	357	78	1704654		RepartitionExec=262809250;OrderedPartialAggregateStream=3873594;RepartitionExec[Merge]=1704654
event	75504	refusal	RepartitionExec[20]	1	672884	2192348	268387498	357	78	1704654		RepartitionExec=262809250;OrderedPartialAggregateStream=3873594;RepartitionExec[Merge]=1704654
event	75515	refusal	RepartitionExec[20]	1	1036178	2192348	268387498	357	78	1704654		RepartitionExec=262809250;OrderedPartialAggregateStream=3873594;RepartitionExec[Merge]=1704654
event	75552	refusal	RepartitionExec[24]	1	660341	2192348	268387498	357	78	1704654		RepartitionExec=262809250;OrderedPartialAggregateStream=3873594;RepartitionExec[Merge]=1704654
event	75567	refusal	RepartitionExec[19]	1	463948	2192348	268387498	357	78	1704654		RepartitionExec=262809250;OrderedPartialAggregateStream=3873594;RepartitionExec[Merge]=1704654
event	75585	refusal	RepartitionExec[21]	1	672884	2192348	268387498	357	78	1704654		RepartitionExec=262809250;OrderedPartialAggregateStream=3873594;RepartitionExec[Merge]=1704654
event	75615	refusal	RepartitionExec[16]	1	732330	2192348	268387498	357	78	1704654		RepartitionExec=262809250;OrderedPartialAggregateStream=3873594;RepartitionExec[Merge]=1704654
event	75659	refusal	RepartitionExec[25]	1	660341	2192348	268387498	357	78	1704654		RepartitionExec=262809250;OrderedPartialAggregateStream=3873594;RepartitionExec[Merge]=1704654
event	75665	refusal	RepartitionExec[22]	1	672884	2192348	268387498	357	78	1704654		RepartitionExec=262809250;OrderedPartialAggregateStream=3873594;RepartitionExec[Merge]=1704654
event	75717	refusal	RepartitionExec[18]	1	1036304	2192348	268387498	357	78	1704654		RepartitionExec=262809250;OrderedPartialAggregateStream=3873594;RepartitionExec[Merge]=1704654
event	75737	refusal	RepartitionExec[19]	1	528026	2192348	268387498	357	78	1704654		RepartitionExec=262809250;OrderedPartialAggregateStream=3873594;RepartitionExec[Merge]=1704654
event	75762	refusal	RepartitionExec[10]	1	810770	2852689	268387498	357	78	1704654		RepartitionExec=262809250;OrderedPartialAggregateStream=3873594;RepartitionExec[Merge]=1704654
event	75790	refusal	RepartitionExec[118]	1	489734	1702614	268387498	357	78	1704654		RepartitionExec=262809250;OrderedPartialAggregateStream=3873594;RepartitionExec[Merge]=1704654
event	75820	refusal	RepartitionExec[20]	1	576806	2192348	268387498	357	78	1704654		RepartitionExec=262809250;OrderedPartialAggregateStream=3873594;RepartitionExec[Merge]=1704654
event	75850	refusal	RepartitionExec[17]	1	1036304	2192348	268387498	357	78	1704654		RepartitionExec=262809250;OrderedPartialAggregateStream=3873594;RepartitionExec[Merge]=1704654
event	75872	refusal	RepartitionExec[12]	1	816836	2192348	268387498	357	78	1704654		RepartitionExec=262809250;OrderedPartialAggregateStream=3873594;RepartitionExec[Merge]=1704654
event	75909	refusal	RepartitionExec[17]	1	593234	2192348	268387498	357	78	1704654		RepartitionExec=262809250;OrderedPartialAggregateStream=3873594;RepartitionExec[Merge]=1704654
event	75948	refusal	RepartitionExec[13]	1	849763	2192348	268387498	357	78	1704654		RepartitionExec=262809250;OrderedPartialAggregateStream=3873594;RepartitionExec[Merge]=1704654
event	75957	refusal	RepartitionExec[13]	1	816836	2192348	268387498	357	78	1704654		RepartitionExec=262809250;OrderedPartialAggregateStream=3873594;RepartitionExec[Merge]=1704654
event	75993	refusal	RepartitionExec[16]	1	595234	2192348	268387498	357	78	1704654		RepartitionExec=262809250;OrderedPartialAggregateStream=3873594;RepartitionExec[Merge]=1704654
event	76021	refusal	RepartitionExec[20]	1	463948	2192348	268387498	357	78	1704654		RepartitionExec=262809250;OrderedPartialAggregateStream=3873594;RepartitionExec[Merge]=1704654
event	76057	refusal	RepartitionExec[14]	1	816836	2192348	268387498	357	78	1704654		RepartitionExec=262809250;OrderedPartialAggregateStream=3873594;RepartitionExec[Merge]=1704654
event	76077	refusal	RepartitionExec[17]	1	732330	2192348	268387498	357	78	1704654		RepartitionExec=262809250;OrderedPartialAggregateStream=3873594;RepartitionExec[Merge]=1704654
event	76126	refusal	RepartitionExec[26]	1	660341	2192348	268387498	357	78	1704654		RepartitionExec=262809250;OrderedPartialAggregateStream=3873594;RepartitionExec[Merge]=1704654
event	76138	refusal	RepartitionExec[23]	1	672884	2192348	268387498	357	78	1704654		RepartitionExec=262809250;OrderedPartialAggregateStream=3873594;RepartitionExec[Merge]=1704654
event	76157	refusal	RepartitionExec[18]	1	732330	2192348	268387498	357	78	1704654		RepartitionExec=262809250;OrderedPartialAggregateStream=3873594;RepartitionExec[Merge]=1704654
event	76190	refusal	RepartitionExec[20]	1	528026	2192348	268387498	357	78	1704654		RepartitionExec=262809250;OrderedPartialAggregateStream=3873594;RepartitionExec[Merge]=1704654
event	76197	refusal	RepartitionExec[27]	1	660341	2192348	268387498	357	78	1704654		RepartitionExec=262809250;OrderedPartialAggregateStream=3873594;RepartitionExec[Merge]=1704654
event	76226	refusal	RepartitionExec[119]	1	489734	0	268387498	357	78	1704654		RepartitionExec=262809250;OrderedPartialAggregateStream=3873594;RepartitionExec[Merge]=1704654
event	76258	refusal	RepartitionExec[21]	1	576806	2192348	268387498	357	78	1704654		RepartitionExec=262809250;OrderedPartialAggregateStream=3873594;RepartitionExec[Merge]=1704654
event	76267	refusal	RepartitionExec[28]	1	660341	2192348	268387498	357	78	1704654		RepartitionExec=262809250;OrderedPartialAggregateStream=3873594;RepartitionExec[Merge]=1704654
event	76312	refusal	RepartitionExec[21]	1	1036178	2192348	268387498	357	78	1704654		RepartitionExec=262809250;OrderedPartialAggregateStream=3873594;RepartitionExec[Merge]=1704654
event	76325	refusal	RepartitionExec[18]	1	593234	2192348	268387498	357	78	1704654		RepartitionExec=262809250;OrderedPartialAggregateStream=3873594;RepartitionExec[Merge]=1704654
event	76352	refusal	RepartitionExec[14]	1	849763	2192348	268387498	357	78	1704654		RepartitionExec=262809250;OrderedPartialAggregateStream=3873594;RepartitionExec[Merge]=1704654
event	76407	refusal	RepartitionExec[18]	1	782114	2192348	268387498	357	78	1704654		RepartitionExec=262809250;OrderedPartialAggregateStream=3873594;RepartitionExec[Merge]=1704654
event	76412	refusal	RepartitionExec[17]	1	595234	2192348	268387498	357	78	1704654		RepartitionExec=262809250;OrderedPartialAggregateStream=3873594;RepartitionExec[Merge]=1704654
event	76450	refusal	RepartitionExec[21]	1	463948	2192348	268387498	357	78	1704654		RepartitionExec=262809250;OrderedPartialAggregateStream=3873594;RepartitionExec[Merge]=1704654
event	76467	refusal	RepartitionExec[15]	1	816836	2192348	268387498	357	78	1704654		RepartitionExec=262809250;OrderedPartialAggregateStream=3873594;RepartitionExec[Merge]=1704654
event	76477	refusal	RepartitionExec[18]	1	595234	2192348	268387498	357	78	1704654		RepartitionExec=262809250;OrderedPartialAggregateStream=3873594;RepartitionExec[Merge]=1704654
event	76509	refusal	RepartitionExec[11]	1	810770	2192348	268387498	357	78	1704654		RepartitionExec=262809250;OrderedPartialAggregateStream=3873594;RepartitionExec[Merge]=1704654
event	76524	refusal	RepartitionExec[24]	1	672884	2192348	268387498	357	78	1704654		RepartitionExec=262809250;OrderedPartialAggregateStream=3873594;RepartitionExec[Merge]=1704654
event	76564	refusal	RepartitionExec[19]	1	595234	2192348	268387498	357	78	1704654		RepartitionExec=262809250;OrderedPartialAggregateStream=3873594;RepartitionExec[Merge]=1704654
event	76588	refusal	RepartitionExec[21]	1	528026	2192348	268387498	357	78	1704654		RepartitionExec=262809250;OrderedPartialAggregateStream=3873594;RepartitionExec[Merge]=1704654
event	76597	refusal	RepartitionExec[25]	1	672884	2192348	268387498	357	78	1704654		RepartitionExec=262809250;OrderedPartialAggregateStream=3873594;RepartitionExec[Merge]=1704654
event	76667	refusal	RepartitionExec[26]	1	672884	2192348	268047211	357	78	1704654		RepartitionExec=262867946;OrderedPartialAggregateStream=3474611;RepartitionExec[Merge]=1704654
event	76680	refusal	RepartitionExec[22]	1	576806	2192348	268047211	357	78	1704654		RepartitionExec=262867946;OrderedPartialAggregateStream=3474611;RepartitionExec[Merge]=1704654
event	76727	refusal	RepartitionExec[19]	1	593234	2192348	268047211	356	78	1704654		RepartitionExec=262867946;OrderedPartialAggregateStream=3474611;RepartitionExec[Merge]=1704654
event	76731	refusal	RepartitionExec[22]	1	1036178	2192348	268047211	356	78	1704654		RepartitionExec=262867946;OrderedPartialAggregateStream=3474611;RepartitionExec[Merge]=1704654
event	76781	refusal	RepartitionExec[15]	1	849763	2192348	268047211	356	78	1704654		RepartitionExec=262867946;OrderedPartialAggregateStream=3474611;RepartitionExec[Merge]=1704654
event	76791	refusal	RepartitionExec[19]	1	782114	2192348	268047211	356	78	1704654		RepartitionExec=262867946;OrderedPartialAggregateStream=3474611;RepartitionExec[Merge]=1704654
event	76819	refusal	RepartitionExec[23]	1	1036178	2192348	268047211	356	78	1704654		RepartitionExec=262867946;OrderedPartialAggregateStream=3474611;RepartitionExec[Merge]=1704654
event	76833	refusal	RepartitionExec[22]	1	463948	2192348	268047211	356	78	1704654		RepartitionExec=262867946;OrderedPartialAggregateStream=3474611;RepartitionExec[Merge]=1704654
event	76876	refusal	RepartitionExec[16]	1	849763	2192348	268047211	356	78	1704654		RepartitionExec=262867946;OrderedPartialAggregateStream=3474611;RepartitionExec[Merge]=1704654
event	76903	refusal	RepartitionExec[19]	1	732330	2192348	268047211	356	78	1704654		RepartitionExec=262867946;OrderedPartialAggregateStream=3474611;RepartitionExec[Merge]=1704654
event	76928	refusal	RepartitionExec[12]	1	810770	2192348	268047211	356	78	1704654		RepartitionExec=262867946;OrderedPartialAggregateStream=3474611;RepartitionExec[Merge]=1704654
event	76937	refusal	RepartitionExec[18]	1	1036304	2192348	268047211	356	78	1704654		RepartitionExec=262867946;OrderedPartialAggregateStream=3474611;RepartitionExec[Merge]=1704654
event	76956	refusal	RepartitionExec[20]	1	595234	2192348	268047211	356	78	1704654		RepartitionExec=262867946;OrderedPartialAggregateStream=3474611;RepartitionExec[Merge]=1704654
event	76986	refusal	RepartitionExec[20]	1	732330	2192348	268047211	356	78	1704654		RepartitionExec=262867946;OrderedPartialAggregateStream=3474611;RepartitionExec[Merge]=1704654
event	77011	refusal	RepartitionExec[29]	1	660341	2192348	268047211	356	78	1704654		RepartitionExec=262867946;OrderedPartialAggregateStream=3474611;RepartitionExec[Merge]=1704654
event	77032	refusal	RepartitionExec[21]	1	595234	2192348	268047211	356	78	1704654		RepartitionExec=262867946;OrderedPartialAggregateStream=3474611;RepartitionExec[Merge]=1704654
event	77071	refusal	RepartitionExec[23]	1	576806	2192348	268047211	356	78	1704654		RepartitionExec=262867946;OrderedPartialAggregateStream=3474611;RepartitionExec[Merge]=1704654
event	77097	refusal	RepartitionExec[20]	1	593234	2192348	268047211	356	78	1704654		RepartitionExec=262867946;OrderedPartialAggregateStream=3474611;RepartitionExec[Merge]=1704654
event	77130	refusal	RepartitionExec[19]	1	1036304	2192348	268047211	356	78	1704654		RepartitionExec=262867946;OrderedPartialAggregateStream=3474611;RepartitionExec[Merge]=1704654
event	77150	refusal	RepartitionExec[16]	1	816836	2192348	268047211	356	78	1704654		RepartitionExec=262867946;OrderedPartialAggregateStream=3474611;RepartitionExec[Merge]=1704654
event	77174	refusal	RepartitionExec[20]	1	782114	2192348	268047211	356	78	1704654		RepartitionExec=262867946;OrderedPartialAggregateStream=3474611;RepartitionExec[Merge]=1704654
event	77200	refusal	RepartitionExec[24]	1	1036178	2192348	268047211	356	78	1704654		RepartitionExec=262867946;OrderedPartialAggregateStream=3474611;RepartitionExec[Merge]=1704654
event	77227	refusal	RepartitionExec[23]	1	463948	2192348	268047211	356	78	1704654		RepartitionExec=262867946;OrderedPartialAggregateStream=3474611;RepartitionExec[Merge]=1704654
event	77261	refusal	RepartitionExec[17]	1	849763	2192348	268047211	356	78	1704654		RepartitionExec=262867946;OrderedPartialAggregateStream=3474611;RepartitionExec[Merge]=1704654
event	77272	refusal	RepartitionExec[25]	1	1036178	2192348	268047211	356	78	1704654		RepartitionExec=262867946;OrderedPartialAggregateStream=3474611;RepartitionExec[Merge]=1704654
event	77336	refusal	RepartitionExec[18]	1	849763	2192348	268047211	356	78	1704654		RepartitionExec=262867946;OrderedPartialAggregateStream=3474611;RepartitionExec[Merge]=1704654
event	77346	refusal	RepartitionExec[13]	1	810770	2192348	268047211	356	78	1704654		RepartitionExec=262867946;OrderedPartialAggregateStream=3474611;RepartitionExec[Merge]=1704654
event	77356	refusal	RepartitionExec[27]	1	672884	2192348	268047211	356	78	1704654		RepartitionExec=262867946;OrderedPartialAggregateStream=3474611;RepartitionExec[Merge]=1704654
event	77386	refusal	RepartitionExec[21]	1	732330	2192348	268047211	356	78	1704654		RepartitionExec=262867946;OrderedPartialAggregateStream=3474611;RepartitionExec[Merge]=1704654
event	77407	refusal	RepartitionExec[30]	1	660341	2192348	268047211	356	78	1704654		RepartitionExec=262867946;OrderedPartialAggregateStream=3474611;RepartitionExec[Merge]=1704654
event	77433	refusal	RepartitionExec[22]	1	595234	2192348	268047211	356	78	1704654		RepartitionExec=262867946;OrderedPartialAggregateStream=3474611;RepartitionExec[Merge]=1704654
event	77460	refusal	RepartitionExec[24]	1	576806	2192348	268047211	356	78	1704654		RepartitionExec=262867946;OrderedPartialAggregateStream=3474611;RepartitionExec[Merge]=1704654
event	77485	refusal	RepartitionExec[31]	1	660341	2192348	268047211	356	78	1704654		RepartitionExec=262867946;OrderedPartialAggregateStream=3474611;RepartitionExec[Merge]=1704654
event	77504	refusal	RepartitionExec[20]	1	1036304	2192348	268047211	356	78	1704654		RepartitionExec=262867946;OrderedPartialAggregateStream=3474611;RepartitionExec[Merge]=1704654
event	77545	refusal	RepartitionExec[17]	1	816836	2192348	268047211	356	78	1704654		RepartitionExec=262867946;OrderedPartialAggregateStream=3474611;RepartitionExec[Merge]=1704654
event	77567	refusal	RepartitionExec[21]	1	782114	2192348	268047211	356	78	1704654		RepartitionExec=262867946;OrderedPartialAggregateStream=3474611;RepartitionExec[Merge]=1704654
event	77613	refusal	RepartitionExec[22]	1	528026	2192348	268047211	356	78	1704654		RepartitionExec=262867946;OrderedPartialAggregateStream=3474611;RepartitionExec[Merge]=1704654
event	77635	refusal	RepartitionExec[24]	1	463948	2192348	268047211	356	78	1704654		RepartitionExec=262867946;OrderedPartialAggregateStream=3474611;RepartitionExec[Merge]=1704654
event	77650	refusal	RepartitionExec[19]	1	1036304	2192348	268047211	356	78	1704654		RepartitionExec=262867946;OrderedPartialAggregateStream=3474611;RepartitionExec[Merge]=1704654
event	77676	refusal	RepartitionExec[26]	1	1036178	2192348	268047211	356	78	1704654		RepartitionExec=262867946;OrderedPartialAggregateStream=3474611;RepartitionExec[Merge]=1704654
event	77697	refusal	RepartitionExec[19]	1	849763	2192348	268047211	356	78	1704654		RepartitionExec=262867946;OrderedPartialAggregateStream=3474611;RepartitionExec[Merge]=1704654
event	77766	refusal	RepartitionExec[14]	1	810770	2192348	268047211	356	78	1704654		RepartitionExec=262867946;OrderedPartialAggregateStream=3474611;RepartitionExec[Merge]=1704654
event	77769	refusal	RepartitionExec[28]	1	672884	2192348	268047211	356	78	1704654		RepartitionExec=262867946;OrderedPartialAggregateStream=3474611;RepartitionExec[Merge]=1704654
event	77781	refusal	RepartitionExec[22]	1	732330	2192348	268047211	356	78	1704654		RepartitionExec=262867946;OrderedPartialAggregateStream=3474611;RepartitionExec[Merge]=1704654
event	77831	refusal	RepartitionExec[21]	1	593234	2192348	268047211	356	78	1704654		RepartitionExec=262867946;OrderedPartialAggregateStream=3474611;RepartitionExec[Merge]=1704654
event	77854	refusal	RepartitionExec[23]	1	595234	2192348	268047211	356	78	1704654		RepartitionExec=262867946;OrderedPartialAggregateStream=3474611;RepartitionExec[Merge]=1704654
event	77859	refusal	RepartitionExec[23]	1	732330	2192348	268047211	356	78	1704654		RepartitionExec=262867946;OrderedPartialAggregateStream=3474611;RepartitionExec[Merge]=1704654
event	77884	refusal	RepartitionExec[32]	1	660341	2192348	268047211	356	78	1704654		RepartitionExec=262867946;OrderedPartialAggregateStream=3474611;RepartitionExec[Merge]=1704654
event	77913	refusal	RepartitionExec[22]	1	593234	2192348	268047211	356	78	1704654		RepartitionExec=262867946;OrderedPartialAggregateStream=3474611;RepartitionExec[Merge]=1704654
event	77931	refusal	RepartitionExec[24]	1	732330	2192348	268047211	356	78	1704654		RepartitionExec=262867946;OrderedPartialAggregateStream=3474611;RepartitionExec[Merge]=1704654
event	77975	refusal	RepartitionExec[33]	1	660341	2192348	268047211	356	78	1704654		RepartitionExec=262867946;OrderedPartialAggregateStream=3474611;RepartitionExec[Merge]=1704654
event	78005	refusal	RepartitionExec[23]	1	528026	2192348	268047211	356	78	1704654		RepartitionExec=262867946;OrderedPartialAggregateStream=3474611;RepartitionExec[Merge]=1704654
event	78017	refusal	RepartitionExec[25]	1	463948	2192348	268047211	356	78	1704654		RepartitionExec=262867946;OrderedPartialAggregateStream=3474611;RepartitionExec[Merge]=1704654
event	78039	refusal	RepartitionExec[20]	1	1036304	2192348	268047211	356	78	1704654		RepartitionExec=262867946;OrderedPartialAggregateStream=3474611;RepartitionExec[Merge]=1704654
event	78080	refusal	RepartitionExec[27]	1	1036178	2192348	268047211	356	78	1704654		RepartitionExec=262867946;OrderedPartialAggregateStream=3474611;RepartitionExec[Merge]=1704654
event	78098	refusal	RepartitionExec[20]	1	849763	2192348	268047211	356	78	1704654		RepartitionExec=262867946;OrderedPartialAggregateStream=3474611;RepartitionExec[Merge]=1704654
event	78153	refusal	RepartitionExec[29]	1	672884	2192348	268047211	356	78	1704654		RepartitionExec=262867946;OrderedPartialAggregateStream=3474611;RepartitionExec[Merge]=1704654
event	78164	refusal	RepartitionExec[15]	1	810770	2192348	268047211	356	78	1704654		RepartitionExec=262867946;OrderedPartialAggregateStream=3474611;RepartitionExec[Merge]=1704654
event	78181	refusal	RepartitionExec[25]	1	576806	2192348	268047211	356	78	1704654		RepartitionExec=262867946;OrderedPartialAggregateStream=3474611;RepartitionExec[Merge]=1704654
event	78211	refusal	RepartitionExec[21]	1	1036304	2192348	268047211	356	78	1704654		RepartitionExec=262867946;OrderedPartialAggregateStream=3474611;RepartitionExec[Merge]=1704654
event	78238	refusal	RepartitionExec[24]	1	595234	2192348	268047211	356	78	1704654		RepartitionExec=262867946;OrderedPartialAggregateStream=3474611;RepartitionExec[Merge]=1704654
event	78251	refusal	RepartitionExec[26]	1	576806	2192348	268047211	356	78	1704654		RepartitionExec=262867946;OrderedPartialAggregateStream=3474611;RepartitionExec[Merge]=1704654
event	78277	refusal	RepartitionExec[22]	1	782114	2192348	268047211	356	78	1704654		RepartitionExec=262867946;OrderedPartialAggregateStream=3474611;RepartitionExec[Merge]=1704654
event	78308	refusal	RepartitionExec[23]	1	593234	2192348	268047211	356	78	1704654		RepartitionExec=262867946;OrderedPartialAggregateStream=3474611;RepartitionExec[Merge]=1704654
event	78337	refusal	RepartitionExec[25]	1	732330	2192348	268047211	356	78	1704654		RepartitionExec=262867946;OrderedPartialAggregateStream=3474611;RepartitionExec[Merge]=1704654
event	78363	refusal	RepartitionExec[34]	1	660341	2192348	268047211	356	78	1704654		RepartitionExec=262867946;OrderedPartialAggregateStream=3474611;RepartitionExec[Merge]=1704654
event	78380	refusal	OrderedPartialAggregateStream[47]	1	2018954	0	268047211	356	78	1704654		RepartitionExec=262867946;OrderedPartialAggregateStream=3474611;RepartitionExec[Merge]=1704654
event	78400	refusal	RepartitionExec[24]	1	593234	2192348	268047211	356	78	1704654		RepartitionExec=262867946;OrderedPartialAggregateStream=3474611;RepartitionExec[Merge]=1704654
event	78426	refusal	RepartitionExec[26]	1	463948	2192348	268047211	356	78	1704654		RepartitionExec=262867946;OrderedPartialAggregateStream=3474611;RepartitionExec[Merge]=1704654
event	78435	refusal	RepartitionExec[35]	1	660341	2192348	268047211	356	78	1704654		RepartitionExec=262867946;OrderedPartialAggregateStream=3474611;RepartitionExec[Merge]=1704654
event	78465	refusal	RepartitionExec[28]	1	1036178	2192348	268047211	356	78	1704654		RepartitionExec=262867946;OrderedPartialAggregateStream=3474611;RepartitionExec[Merge]=1704654
event	78499	refusal	RepartitionExec[21]	1	849763	2192348	268047211	356	78	1704654		RepartitionExec=262867946;OrderedPartialAggregateStream=3474611;RepartitionExec[Merge]=1704654
event	78518	refusal	RepartitionExec[30]	1	672884	2192348	268047211	356	78	1704654		RepartitionExec=262867946;OrderedPartialAggregateStream=3474611;RepartitionExec[Merge]=1704654
event	78590	refusal	RepartitionExec[16]	1	810770	2192348	268047211	356	78	1704654		RepartitionExec=262867946;OrderedPartialAggregateStream=3474611;RepartitionExec[Merge]=1704654
event	78603	refusal	RepartitionExec[18]	1	816836	2192348	268047211	356	78	1704654		RepartitionExec=262867946;OrderedPartialAggregateStream=3474611;RepartitionExec[Merge]=1704654
event	78611	refusal	RepartitionExec[22]	1	1036304	2192348	268047211	356	78	1704654		RepartitionExec=262867946;OrderedPartialAggregateStream=3474611;RepartitionExec[Merge]=1704654
event	78636	refusal	RepartitionExec[25]	1	595234	2192348	268047211	356	78	1704654		RepartitionExec=262867946;OrderedPartialAggregateStream=3474611;RepartitionExec[Merge]=1704654
event	78670	refusal	RepartitionExec[27]	1	576806	2192348	268047211	356	78	1704654		RepartitionExec=262867946;OrderedPartialAggregateStream=3474611;RepartitionExec[Merge]=1704654
event	78686	refusal	RepartitionExec[23]	1	1036304	2192348	268047211	356	78	1704654		RepartitionExec=262867946;OrderedPartialAggregateStream=3474611;RepartitionExec[Merge]=1704654
event	78710	refusal	RepartitionExec[24]	1	528026	2192348	268047211	356	78	1704654		RepartitionExec=262867946;OrderedPartialAggregateStream=3474611;RepartitionExec[Merge]=1704654
event	78743	refusal	RepartitionExec[26]	1	732330	2192348	268047211	356	78	1704654		RepartitionExec=262867946;OrderedPartialAggregateStream=3474611;RepartitionExec[Merge]=1704654
event	78773	refusal	RepartitionExec[21]	1	1036304	2192348	268047211	356	78	1704654		RepartitionExec=262867946;OrderedPartialAggregateStream=3474611;RepartitionExec[Merge]=1704654
event	78842	refusal	RepartitionExec[25]	1	593234	2192348	268047211	356	78	1704654		RepartitionExec=262867946;OrderedPartialAggregateStream=3474611;RepartitionExec[Merge]=1704654
event	78867	refusal	RepartitionExec[27]	1	463948	2192348	268047211	356	78	1704654		RepartitionExec=262867946;OrderedPartialAggregateStream=3474611;RepartitionExec[Merge]=1704654
event	78871	refusal	OrderedPartialAggregateStream[47]	1	519368	0	268047211	356	78	1704654		RepartitionExec=262867946;OrderedPartialAggregateStream=3474611;RepartitionExec[Merge]=1704654
event	78874	refusal	RepartitionExec[36]	1	660341	2192348	268048035	356	78	1704654		RepartitionExec=262867946;OrderedPartialAggregateStream=3475435;RepartitionExec[Merge]=1704654
event	78894	refusal	RepartitionExec[29]	1	1036178	2192348	268048035	356	78	1704654		RepartitionExec=262867946;OrderedPartialAggregateStream=3475435;RepartitionExec[Merge]=1704654
event	78938	refusal	RepartitionExec[26]	1	593234	2192348	268048035	356	78	1704654		RepartitionExec=262867946;OrderedPartialAggregateStream=3475435;RepartitionExec[Merge]=1704654
event	78961	refusal	RepartitionExec[28]	1	463948	2192348	268048035	356	78	1704654		RepartitionExec=262867946;OrderedPartialAggregateStream=3475435;RepartitionExec[Merge]=1704654
event	78961	refusal	RepartitionExec[30]	1	1036178	2192348	268048035	356	78	1704654		RepartitionExec=262867946;OrderedPartialAggregateStream=3475435;RepartitionExec[Merge]=1704654
event	78976	refusal	RepartitionExec[0]	1	456868	4621197	268048035	356	78	1704654		RepartitionExec=262867946;OrderedPartialAggregateStream=3475435;RepartitionExec[Merge]=1704654
event	79004	refusal	RepartitionExec[19]	1	816836	2192348	268048035	356	78	1704654		RepartitionExec=262867946;OrderedPartialAggregateStream=3475435;RepartitionExec[Merge]=1704654
event	79036	refusal	RepartitionExec[27]	1	593234	2192348	268048035	356	78	1704654		RepartitionExec=262867946;OrderedPartialAggregateStream=3475435;RepartitionExec[Merge]=1704654
event	79059	refusal	RepartitionExec[26]	1	595234	2192348	268048035	356	78	1704654		RepartitionExec=262867946;OrderedPartialAggregateStream=3475435;RepartitionExec[Merge]=1704654
event	79088	refusal	RepartitionExec[28]	1	576806	2192348	268048035	356	78	1704654		RepartitionExec=262867946;OrderedPartialAggregateStream=3475435;RepartitionExec[Merge]=1704654
event	79109	refusal	RepartitionExec[24]	1	1036304	2192348	268048035	356	78	1704654		RepartitionExec=262867946;OrderedPartialAggregateStream=3475435;RepartitionExec[Merge]=1704654
event	79132	refusal	RepartitionExec[25]	1	528026	2192348	268048035	356	78	1704654		RepartitionExec=262867946;OrderedPartialAggregateStream=3475435;RepartitionExec[Merge]=1704654
event	79164	refusal	RepartitionExec[27]	1	732330	2192348	268048035	356	78	1704654		RepartitionExec=262867946;OrderedPartialAggregateStream=3475435;RepartitionExec[Merge]=1704654
event	79192	refusal	RepartitionExec[25]	1	1036304	2192348	268048035	356	78	1704654		RepartitionExec=262867946;OrderedPartialAggregateStream=3475435;RepartitionExec[Merge]=1704654
event	79225	refusal	RepartitionExec[22]	1	849763	2192348	268048035	356	78	1704654		RepartitionExec=262867946;OrderedPartialAggregateStream=3475435;RepartitionExec[Merge]=1704654
event	79239	refusal	RepartitionExec[31]	1	672884	2192348	268048035	356	78	1704654		RepartitionExec=262867946;OrderedPartialAggregateStream=3475435;RepartitionExec[Merge]=1704654
event	79271	refusal	RepartitionExec[37]	1	660341	2192348	268048035	356	78	1704654		RepartitionExec=262867946;OrderedPartialAggregateStream=3475435;RepartitionExec[Merge]=1704654
event	79296	refusal	RepartitionExec[17]	1	810770	2192348	268048035	356	78	1704654		RepartitionExec=262867946;OrderedPartialAggregateStream=3475435;RepartitionExec[Merge]=1704654
event	79308	refusal	RepartitionExec[32]	1	672884	2192348	268048035	356	78	1704654		RepartitionExec=262867946;OrderedPartialAggregateStream=3475435;RepartitionExec[Merge]=1704654
event	79338	refusal	RepartitionExec[29]	1	463948	2192348	268048035	356	78	1704654		RepartitionExec=262867946;OrderedPartialAggregateStream=3475435;RepartitionExec[Merge]=1704654
event	79358	refusal	RepartitionExec[31]	1	1036178	2192348	268048035	356	78	1704654		RepartitionExec=262867946;OrderedPartialAggregateStream=3475435;RepartitionExec[Merge]=1704654
event	79374	refusal	RepartitionExec[33]	1	672884	2192348	268048035	356	78	1704654		RepartitionExec=262867946;OrderedPartialAggregateStream=3475435;RepartitionExec[Merge]=1704654
event	79401	refusal	RepartitionExec[20]	1	816836	2192348	268048035	356	78	1704654		RepartitionExec=262867946;OrderedPartialAggregateStream=3475435;RepartitionExec[Merge]=1704654
event	79429	refusal	RepartitionExec[28]	1	593234	2192348	268048035	356	78	1704654		RepartitionExec=262867946;OrderedPartialAggregateStream=3475435;RepartitionExec[Merge]=1704654
event	79440	refusal	RepartitionExec[34]	1	672884	2192348	268048035	356	78	1704654		RepartitionExec=262867946;OrderedPartialAggregateStream=3475435;RepartitionExec[Merge]=1704654
event	79474	refusal	RepartitionExec[29]	1	576806	2192348	268048035	356	78	1704654		RepartitionExec=262867946;OrderedPartialAggregateStream=3475435;RepartitionExec[Merge]=1704654
event	79502	refusal	RepartitionExec[22]	1	1036304	2192348	268048035	356	78	1704654		RepartitionExec=262867946;OrderedPartialAggregateStream=3475435;RepartitionExec[Merge]=1704654
event	79510	refusal	RepartitionExec[35]	1	672884	2192348	268048035	356	78	1704654		RepartitionExec=262867946;OrderedPartialAggregateStream=3475435;RepartitionExec[Merge]=1704654
event	79544	refusal	RepartitionExec[28]	1	732330	2192348	268048035	356	78	1704654		RepartitionExec=262867946;OrderedPartialAggregateStream=3475435;RepartitionExec[Merge]=1704654
event	79573	refusal	RepartitionExec[26]	1	1036304	2192348	268048035	356	78	1704654		RepartitionExec=262867946;OrderedPartialAggregateStream=3475435;RepartitionExec[Merge]=1704654
event	79610	refusal	RepartitionExec[23]	1	849763	2192348	268048035	356	78	1704654		RepartitionExec=262867946;OrderedPartialAggregateStream=3475435;RepartitionExec[Merge]=1704654
event	79613	refusal	RepartitionExec[23]	1	782114	2192348	268048035	356	78	1704654		RepartitionExec=262867946;OrderedPartialAggregateStream=3475435;RepartitionExec[Merge]=1704654
event	79650	refusal	RepartitionExec[38]	1	660341	2192348	268048035	356	78	1704654		RepartitionExec=262867946;OrderedPartialAggregateStream=3475435;RepartitionExec[Merge]=1704654
event	79670	refusal	RepartitionExec[18]	1	810770	2192348	268048035	356	78	1704654		RepartitionExec=262867946;OrderedPartialAggregateStream=3475435;RepartitionExec[Merge]=1704654
event	79683	refusal	RepartitionExec[24]	1	782114	2192348	268048035	356	78	1704654		RepartitionExec=262867946;OrderedPartialAggregateStream=3475435;RepartitionExec[Merge]=1704654
event	79705	refusal	RepartitionExec[30]	1	463948	2192348	268048035	356	78	1704654		RepartitionExec=262867946;OrderedPartialAggregateStream=3475435;RepartitionExec[Merge]=1704654
event	79728	refusal	RepartitionExec[32]	1	1036178	2192348	268048035	356	78	1704654		RepartitionExec=262867946;OrderedPartialAggregateStream=3475435;RepartitionExec[Merge]=1704654
event	79751	refusal	RepartitionExec[27]	1	595234	2192348	268048035	356	78	1704654		RepartitionExec=262867946;OrderedPartialAggregateStream=3475435;RepartitionExec[Merge]=1704654
event	79778	refusal	RepartitionExec[21]	1	816836	2192348	268048035	356	78	1704654		RepartitionExec=262867946;OrderedPartialAggregateStream=3475435;RepartitionExec[Merge]=1704654
event	79802	refusal	RepartitionExec[29]	1	593234	2192348	268048035	356	78	1704654		RepartitionExec=262867946;OrderedPartialAggregateStream=3475435;RepartitionExec[Merge]=1704654
event	79820	refusal	RepartitionExec[28]	1	595234	2192348	268048035	356	78	1704654		RepartitionExec=262867946;OrderedPartialAggregateStream=3475435;RepartitionExec[Merge]=1704654
event	79853	refusal	RepartitionExec[30]	1	576806	2192348	268048035	356	78	1704654		RepartitionExec=262867946;OrderedPartialAggregateStream=3475435;RepartitionExec[Merge]=1704654
event	79877	refusal	RepartitionExec[23]	1	1036304	2192348	268048035	356	78	1704654		RepartitionExec=262867946;OrderedPartialAggregateStream=3475435;RepartitionExec[Merge]=1704654
event	79883	refusal	RepartitionExec[29]	1	595234	2192348	268048035	356	78	1704654		RepartitionExec=262867946;OrderedPartialAggregateStream=3475435;RepartitionExec[Merge]=1704654
event	79923	refusal	RepartitionExec[29]	1	732330	2192348	268048035	356	78	1704654		RepartitionExec=262867946;OrderedPartialAggregateStream=3475435;RepartitionExec[Merge]=1704654
event	79950	refusal	RepartitionExec[27]	1	1036304	2192348	268048035	356	78	1704654		RepartitionExec=262867946;OrderedPartialAggregateStream=3475435;RepartitionExec[Merge]=1704654
event	79983	refusal	RepartitionExec[24]	1	849763	2192348	268048035	356	78	1704654		RepartitionExec=262867946;OrderedPartialAggregateStream=3475435;RepartitionExec[Merge]=1704654
event	80003	refusal	RepartitionExec[1]	1	456868	3888867	268048035	356	78	1704654		RepartitionExec=262867946;OrderedPartialAggregateStream=3475435;RepartitionExec[Merge]=1704654
event	80029	refusal	RepartitionExec[39]	1	660341	2192348	268048035	356	78	1704654		RepartitionExec=262867946;OrderedPartialAggregateStream=3475435;RepartitionExec[Merge]=1704654
event	80056	refusal	RepartitionExec[19]	1	810770	2192348	268048035	356	78	1704654		RepartitionExec=262867946;OrderedPartialAggregateStream=3475435;RepartitionExec[Merge]=1704654
event	80080	refusal	RepartitionExec[25]	1	782114	2192348	268048035	356	78	1704654		RepartitionExec=262867946;OrderedPartialAggregateStream=3475435;RepartitionExec[Merge]=1704654
event	80118	refusal	RepartitionExec[31]	1	463948	2192348	268048035	356	78	1704654		RepartitionExec=262867946;OrderedPartialAggregateStream=3475435;RepartitionExec[Merge]=1704654
event	80131	refusal	RepartitionExec[33]	1	1036178	2192348	268048035	356	78	1704654		RepartitionExec=262867946;OrderedPartialAggregateStream=3475435;RepartitionExec[Merge]=1704654
event	80150	refusal	RepartitionExec[26]	1	782114	2192348	268048035	356	78	1704654		RepartitionExec=262867946;OrderedPartialAggregateStream=3475435;RepartitionExec[Merge]=1704654
event	80172	refusal	RepartitionExec[22]	1	816836	2192348	268048035	356	78	1704654		RepartitionExec=262867946;OrderedPartialAggregateStream=3475435;RepartitionExec[Merge]=1704654
event	80204	refusal	RepartitionExec[30]	1	593234	2192348	268048035	356	78	1704654		RepartitionExec=262867946;OrderedPartialAggregateStream=3475435;RepartitionExec[Merge]=1704654
event	80216	refusal	RepartitionExec[27]	1	782114	2192348	268048035	356	78	1704654		RepartitionExec=262867946;OrderedPartialAggregateStream=3475435;RepartitionExec[Merge]=1704654
event	80248	refusal	RepartitionExec[31]	1	576806	2192348	268048035	356	78	1704654		RepartitionExec=262867946;OrderedPartialAggregateStream=3475435;RepartitionExec[Merge]=1704654
event	80276	refusal	RepartitionExec[24]	1	1036304	2192348	268048035	356	78	1704654		RepartitionExec=262867946;OrderedPartialAggregateStream=3475435;RepartitionExec[Merge]=1704654
event	80284	refusal	RepartitionExec[28]	1	782114	2192348	268048035	356	78	1704654		RepartitionExec=262867946;OrderedPartialAggregateStream=3475435;RepartitionExec[Merge]=1704654
event	80316	refusal	RepartitionExec[30]	1	732330	2192348	268048035	356	78	1704654		RepartitionExec=262867946;OrderedPartialAggregateStream=3475435;RepartitionExec[Merge]=1704654
event	80345	refusal	RepartitionExec[28]	1	1036304	2192348	268048035	356	78	1704654		RepartitionExec=262867946;OrderedPartialAggregateStream=3475435;RepartitionExec[Merge]=1704654
event	80382	refusal	RepartitionExec[31]	1	732330	2192348	268048035	356	78	1704654		RepartitionExec=262867946;OrderedPartialAggregateStream=3475435;RepartitionExec[Merge]=1704654
event	80391	refusal	RepartitionExec[25]	1	849763	2192348	268048035	356	78	1704654		RepartitionExec=262867946;OrderedPartialAggregateStream=3475435;RepartitionExec[Merge]=1704654
event	80428	refusal	RepartitionExec[40]	1	660341	2192348	268048035	356	78	1704654		RepartitionExec=262867946;OrderedPartialAggregateStream=3475435;RepartitionExec[Merge]=1704654
event	80471	refusal	RepartitionExec[20]	1	810770	2192348	268048035	356	78	1704654		RepartitionExec=262867946;OrderedPartialAggregateStream=3475435;RepartitionExec[Merge]=1704654
event	80490	refusal	RepartitionExec[26]	1	528026	2192348	268048035	356	78	1704654		RepartitionExec=262867946;OrderedPartialAggregateStream=3475435;RepartitionExec[Merge]=1704654
event	80496	refusal	RepartitionExec[32]	1	463948	2192348	268048035	356	78	1704654		RepartitionExec=262867946;OrderedPartialAggregateStream=3475435;RepartitionExec[Merge]=1704654
event	80519	refusal	RepartitionExec[34]	1	1036178	2192348	268048035	356	78	1704654		RepartitionExec=262867946;OrderedPartialAggregateStream=3475435;RepartitionExec[Merge]=1704654
event	80540	refusal	RepartitionExec[36]	1	672884	2192348	268048035	356	78	1704654		RepartitionExec=262867946;OrderedPartialAggregateStream=3475435;RepartitionExec[Merge]=1704654
event	80561	refusal	RepartitionExec[27]	1	528026	2192348	268048035	356	78	1704654		RepartitionExec=262867946;OrderedPartialAggregateStream=3475435;RepartitionExec[Merge]=1704654
event	80581	refusal	RepartitionExec[31]	1	593234	2192348	268048035	356	78	1704654		RepartitionExec=262867946;OrderedPartialAggregateStream=3475435;RepartitionExec[Merge]=1704654
event	80607	refusal	RepartitionExec[30]	1	595234	2192348	268048035	356	78	1704654		RepartitionExec=262867946;OrderedPartialAggregateStream=3475435;RepartitionExec[Merge]=1704654
event	80626	refusal	RepartitionExec[32]	1	576806	2192348	268048035	356	78	1704654		RepartitionExec=262867946;OrderedPartialAggregateStream=3475435;RepartitionExec[Merge]=1704654
event	80656	refusal	RepartitionExec[25]	1	1036304	2192348	268048035	356	78	1704654		RepartitionExec=262867946;OrderedPartialAggregateStream=3475435;RepartitionExec[Merge]=1704654
event	80674	refusal	RepartitionExec[29]	1	782114	2192348	268048035	356	78	1704654		RepartitionExec=262867946;OrderedPartialAggregateStream=3475435;RepartitionExec[Merge]=1704654
event	80701	refusal	RepartitionExec[33]	1	576806	2192348	268048035	356	78	1704654		RepartitionExec=262867946;OrderedPartialAggregateStream=3475435;RepartitionExec[Merge]=1704654
event	80722	refusal	RepartitionExec[29]	1	1036304	2192348	268048035	356	78	1704654		RepartitionExec=262867946;OrderedPartialAggregateStream=3475435;RepartitionExec[Merge]=1704654
event	80754	refusal	RepartitionExec[32]	1	732330	2192348	268048035	356	78	1704654		RepartitionExec=262867946;OrderedPartialAggregateStream=3475435;RepartitionExec[Merge]=1704654
event	80780	refusal	RepartitionExec[26]	1	849763	2192348	268048035	356	78	1704654		RepartitionExec=262867946;OrderedPartialAggregateStream=3475435;RepartitionExec[Merge]=1704654
event	80790	refusal	RepartitionExec[30]	1	1036304	2192348	268048035	356	78	1704654		RepartitionExec=262867946;OrderedPartialAggregateStream=3475435;RepartitionExec[Merge]=1704654
event	80816	refusal	RepartitionExec[21]	1	810770	2192348	268048035	356	78	1704654		RepartitionExec=262867946;OrderedPartialAggregateStream=3475435;RepartitionExec[Merge]=1704654
event	80836	refusal	RepartitionExec[23]	1	816836	2192348	268048035	356	78	1704654		RepartitionExec=262867946;OrderedPartialAggregateStream=3475435;RepartitionExec[Merge]=1704654
event	80862	refusal	RepartitionExec[33]	1	463948	2192348	268048035	356	78	1704654		RepartitionExec=262867946;OrderedPartialAggregateStream=3475435;RepartitionExec[Merge]=1704654
event	80885	refusal	RepartitionExec[35]	1	1036178	2192348	268048035	356	78	1704654		RepartitionExec=262867946;OrderedPartialAggregateStream=3475435;RepartitionExec[Merge]=1704654
event	80898	refusal	RepartitionExec[37]	1	672884	2192348	268048035	356	78	1704654		RepartitionExec=262867946;OrderedPartialAggregateStream=3475435;RepartitionExec[Merge]=1704654
event	80929	refusal	RepartitionExec[28]	1	528026	2192348	268048035	356	78	1704654		RepartitionExec=262867946;OrderedPartialAggregateStream=3475435;RepartitionExec[Merge]=1704654
event	80950	refusal	RepartitionExec[32]	1	593234	2192348	268048035	356	78	1704654		RepartitionExec=262867946;OrderedPartialAggregateStream=3475435;RepartitionExec[Merge]=1704654
event	80968	refusal	RepartitionExec[38]	1	672884	2192348	268048035	356	78	1704654		RepartitionExec=262867946;OrderedPartialAggregateStream=3475435;RepartitionExec[Merge]=1704654
event	81005	refusal	RepartitionExec[2]	1	456868	3888867	268048035	356	78	1704654		RepartitionExec=262867946;OrderedPartialAggregateStream=3475435;RepartitionExec[Merge]=1704654
event	81055	refusal	RepartitionExec[26]	1	1036304	2192348	268048035	356	78	1704654		RepartitionExec=262867946;OrderedPartialAggregateStream=3475435;RepartitionExec[Merge]=1704654
event	81082	refusal	RepartitionExec[30]	1	782114	2192348	268048035	356	78	1704654		RepartitionExec=262867946;OrderedPartialAggregateStream=3475435;RepartitionExec[Merge]=1704654
event	81116	refusal	RepartitionExec[34]	1	576806	2192348	268048035	356	78	1704654		RepartitionExec=262867946;OrderedPartialAggregateStream=3475435;RepartitionExec[Merge]=1704654
event	81138	refusal	RepartitionExec[41]	1	660341	2192348	268048035	356	78	1704654		RepartitionExec=262867946;OrderedPartialAggregateStream=3475435;RepartitionExec[Merge]=1704654
event	81154	refusal	RepartitionExec[33]	1	732330	2192348	268048035	356	78	1704654		RepartitionExec=262867946;OrderedPartialAggregateStream=3475435;RepartitionExec[Merge]=1704654
event	81187	refusal	RepartitionExec[27]	1	849763	2192348	268048035	356	78	1704654		RepartitionExec=262867946;OrderedPartialAggregateStream=3475435;RepartitionExec[Merge]=1704654
event	81204	refusal	RepartitionExec[31]	1	1036304	2192348	268048035	356	78	1704654		RepartitionExec=262867946;OrderedPartialAggregateStream=3475435;RepartitionExec[Merge]=1704654
event	81226	refusal	RepartitionExec[22]	1	810770	2192348	268048035	356	78	1704654		RepartitionExec=262867946;OrderedPartialAggregateStream=3475435;RepartitionExec[Merge]=1704654
event	81245	refusal	RepartitionExec[24]	1	816836	2192348	268048035	356	78	1704654		RepartitionExec=262867946;OrderedPartialAggregateStream=3475435;RepartitionExec[Merge]=1704654
event	81267	refusal	RepartitionExec[34]	1	463948	2192348	268048035	356	78	1704654		RepartitionExec=262867946;OrderedPartialAggregateStream=3475435;RepartitionExec[Merge]=1704654
event	81291	refusal	RepartitionExec[36]	1	1036178	2192348	268048035	356	78	1704654		RepartitionExec=262867946;OrderedPartialAggregateStream=3475435;RepartitionExec[Merge]=1704654
event	81312	refusal	RepartitionExec[31]	1	595234	2192348	268048035	356	78	1704654		RepartitionExec=262867946;OrderedPartialAggregateStream=3475435;RepartitionExec[Merge]=1704654
event	81333	refusal	RepartitionExec[29]	1	528026	2192348	268048035	356	78	1704654		RepartitionExec=262867946;OrderedPartialAggregateStream=3475435;RepartitionExec[Merge]=1704654
event	81353	refusal	RepartitionExec[33]	1	593234	2192348	268048035	356	78	1704654		RepartitionExec=262867946;OrderedPartialAggregateStream=3475435;RepartitionExec[Merge]=1704654
event	81375	refusal	RepartitionExec[39]	1	672884	2192348	268048035	356	78	1704654		RepartitionExec=262867946;OrderedPartialAggregateStream=3475435;RepartitionExec[Merge]=1704654
event	81401	refusal	RepartitionExec[3]	1	456868	2852689	268048035	356	78	1704654		RepartitionExec=262867946;OrderedPartialAggregateStream=3475435;RepartitionExec[Merge]=1704654
event	81425	refusal	RepartitionExec[27]	1	1036304	2192348	268048035	356	78	1704654		RepartitionExec=262867946;OrderedPartialAggregateStream=3475435;RepartitionExec[Merge]=1704654
event	81439	refusal	RepartitionExec[40]	1	672884	2192348	268048035	356	78	1704654		RepartitionExec=262867946;OrderedPartialAggregateStream=3475435;RepartitionExec[Merge]=1704654
event	81477	refusal	RepartitionExec[35]	1	576806	2192348	268048035	356	78	1704654		RepartitionExec=262867946;OrderedPartialAggregateStream=3475435;RepartitionExec[Merge]=1704654
event	81501	refusal	RepartitionExec[42]	1	660341	2251044	268048035	356	78	1704654		RepartitionExec=262867946;OrderedPartialAggregateStream=3475435;RepartitionExec[Merge]=1704654
event	81522	refusal	RepartitionExec[34]	1	732330	2192348	268048035	356	78	1704654		RepartitionExec=262867946;OrderedPartialAggregateStream=3475435;RepartitionExec[Merge]=1704654
event	81550	refusal	RepartitionExec[28]	1	849763	2192348	268048035	356	78	1704654		RepartitionExec=262867946;OrderedPartialAggregateStream=3475435;RepartitionExec[Merge]=1704654
event	81568	refusal	RepartitionExec[32]	1	1036304	2192348	268048035	356	78	1704654		RepartitionExec=262867946;OrderedPartialAggregateStream=3475435;RepartitionExec[Merge]=1704654
event	81587	refusal	RepartitionExec[23]	1	810770	2192348	268048035	356	78	1704654		RepartitionExec=262867946;OrderedPartialAggregateStream=3475435;RepartitionExec[Merge]=1704654
event	81610	refusal	RepartitionExec[25]	1	816836	2192348	268048035	356	78	1704654		RepartitionExec=262867946;OrderedPartialAggregateStream=3475435;RepartitionExec[Merge]=1704654
event	81625	refusal	RepartitionExec[35]	1	463948	2192348	268048035	356	78	1704654		RepartitionExec=262867946;OrderedPartialAggregateStream=3475435;RepartitionExec[Merge]=1704654
event	81647	refusal	RepartitionExec[37]	1	1036178	2192348	268048035	356	78	1704654		RepartitionExec=262867946;OrderedPartialAggregateStream=3475435;RepartitionExec[Merge]=1704654
event	81668	refusal	RepartitionExec[32]	1	595234	2192348	268048035	356	78	1704654		RepartitionExec=262867946;OrderedPartialAggregateStream=3475435;RepartitionExec[Merge]=1704654
event	81695	refusal	RepartitionExec[30]	1	528026	2192348	268048035	356	78	1704654		RepartitionExec=262867946;OrderedPartialAggregateStream=3475435;RepartitionExec[Merge]=1704654
event	81712	refusal	RepartitionExec[34]	1	593234	2192348	268048035	356	78	1704654		RepartitionExec=262867946;OrderedPartialAggregateStream=3475435;RepartitionExec[Merge]=1704654
event	81733	refusal	RepartitionExec[31]	1	782114	2192348	268048035	356	78	1704654		RepartitionExec=262867946;OrderedPartialAggregateStream=3475435;RepartitionExec[Merge]=1704654
event	81755	refusal	RepartitionExec[4]	1	456868	2852689	268048035	356	78	1704654		RepartitionExec=262867946;OrderedPartialAggregateStream=3475435;RepartitionExec[Merge]=1704654
event	81780	refusal	RepartitionExec[28]	1	1036304	2192348	268048035	356	78	1704654		RepartitionExec=262867946;OrderedPartialAggregateStream=3475435;RepartitionExec[Merge]=1704654
event	81795	refusal	RepartitionExec[41]	1	672884	2192348	268048035	356	78	1704654		RepartitionExec=262867946;OrderedPartialAggregateStream=3475435;RepartitionExec[Merge]=1704654
event	81833	refusal	RepartitionExec[36]	1	576806	2192348	268048035	356	78	1704654		RepartitionExec=262867946;OrderedPartialAggregateStream=3475435;RepartitionExec[Merge]=1704654
event	81850	refusal	RepartitionExec[43]	1	660341	2192348	268048035	356	78	1704654		RepartitionExec=262867946;OrderedPartialAggregateStream=3475435;RepartitionExec[Merge]=1704654
event	81877	refusal	RepartitionExec[35]	1	732330	2192348	268048035	356	78	1704654		RepartitionExec=262867946;OrderedPartialAggregateStream=3475435;RepartitionExec[Merge]=1704654
event	81905	refusal	RepartitionExec[29]	1	849763	2192348	268048035	356	78	1704654		RepartitionExec=262867946;OrderedPartialAggregateStream=3475435;RepartitionExec[Merge]=1704654
event	100132	refusal	RepartitionExec[33]	1	1036304	2192348	268048035	356	78	1704654		RepartitionExec=262867946;OrderedPartialAggregateStream=3475435;RepartitionExec[Merge]=1704654
event	100192	refusal	RepartitionExec[24]	1	810770	2192348	268048035	356	78	1704654		RepartitionExec=262867946;OrderedPartialAggregateStream=3475435;RepartitionExec[Merge]=1704654
event	100229	refusal	RepartitionExec[26]	1	816836	2192348	268048035	356	78	1704654		RepartitionExec=262867946;OrderedPartialAggregateStream=3475435;RepartitionExec[Merge]=1704654
event	100293	refusal	RepartitionExec[36]	1	463948	2192348	268048035	356	78	1704654		RepartitionExec=262867946;OrderedPartialAggregateStream=3475435;RepartitionExec[Merge]=1704654
event	100313	refusal	RepartitionExec[27]	1	816836	2192348	268048035	356	78	1704654		RepartitionExec=262867946;OrderedPartialAggregateStream=3475435;RepartitionExec[Merge]=1704654
event	100370	refusal	RepartitionExec[33]	1	595234	2192348	268048035	356	78	1704654		RepartitionExec=262867946;OrderedPartialAggregateStream=3475435;RepartitionExec[Merge]=1704654
event	100405	refusal	RepartitionExec[37]	1	463948	2192348	268048035	356	78	1704654		RepartitionExec=262867946;OrderedPartialAggregateStream=3475435;RepartitionExec[Merge]=1704654
event	100440	refusal	RepartitionExec[35]	1	593234	2192348	268048035	356	78	1704654		RepartitionExec=262867946;OrderedPartialAggregateStream=3475435;RepartitionExec[Merge]=1704654
event	100496	refusal	RepartitionExec[32]	1	782114	2192348	268048035	356	78	1704654		RepartitionExec=262867946;OrderedPartialAggregateStream=3475435;RepartitionExec[Merge]=1704654
event	100503	refusal	RepartitionExec[38]	1	463948	2192348	268048035	356	78	1704654		RepartitionExec=262867946;OrderedPartialAggregateStream=3475435;RepartitionExec[Merge]=1704654
event	100529	refusal	RepartitionExec[29]	1	1036304	2192348	268048035	356	78	1704654		RepartitionExec=262867946;OrderedPartialAggregateStream=3475435;RepartitionExec[Merge]=1704654
event	100600	refusal	RepartitionExec[42]	1	672884	2251044	268048035	356	78	1704654		RepartitionExec=262867946;OrderedPartialAggregateStream=3475435;RepartitionExec[Merge]=1704654
event	100612	refusal	RepartitionExec[30]	1	1036304	2192348	268048035	356	78	1704654		RepartitionExec=262867946;OrderedPartialAggregateStream=3475435;RepartitionExec[Merge]=1704654
event	100702	refusal	RepartitionExec[44]	1	660341	2192348	268048035	356	78	1704654		RepartitionExec=262867946;OrderedPartialAggregateStream=3475435;RepartitionExec[Merge]=1704654
event	100708	refusal	RepartitionExec[31]	1	1036304	2192348	268048035	356	78	1704654		RepartitionExec=262867946;OrderedPartialAggregateStream=3475435;RepartitionExec[Merge]=1704654
event	100758	refusal	RepartitionExec[30]	1	849763	2192348	268048035	356	78	1704654		RepartitionExec=262867946;OrderedPartialAggregateStream=3475435;RepartitionExec[Merge]=1704654
event	100777	refusal	RepartitionExec[34]	1	1036304	2192348	268048035	356	78	1704654		RepartitionExec=262867946;OrderedPartialAggregateStream=3475435;RepartitionExec[Merge]=1704654
event	100846	refusal	RepartitionExec[25]	1	810770	2192348	268048035	356	78	1704654		RepartitionExec=262867946;OrderedPartialAggregateStream=3475435;RepartitionExec[Merge]=1704654
event	100891	refusal	RepartitionExec[38]	1	1036178	2192348	268048035	356	78	1704654		RepartitionExec=262867946;OrderedPartialAggregateStream=3475435;RepartitionExec[Merge]=1704654
event	100940	refusal	RepartitionExec[31]	1	528026	2192348	268048035	356	78	1704654		RepartitionExec=262867946;OrderedPartialAggregateStream=3475435;RepartitionExec[Merge]=1704654
event	100960	refusal	RepartitionExec[26]	1	810770	2192348	268048035	356	78	1704654		RepartitionExec=262867946;OrderedPartialAggregateStream=3475435;RepartitionExec[Merge]=1704654
event	100996	refusal	RepartitionExec[34]	1	595234	2192348	268048035	356	78	1704654		RepartitionExec=262867946;OrderedPartialAggregateStream=3475435;RepartitionExec[Merge]=1704654
event	101015	refusal	RepartitionExec[5]	1	456868	2852689	268048035	356	78	1704654		RepartitionExec=262867946;OrderedPartialAggregateStream=3475435;RepartitionExec[Merge]=1704654
event	101040	refusal	RepartitionExec[32]	1	528026	2192348	268048035	356	78	1704654		RepartitionExec=262867946;OrderedPartialAggregateStream=3475435;RepartitionExec[Merge]=1704654
event	101120	refusal	RepartitionExec[33]	1	782114	2192348	268048035	356	78	1704654		RepartitionExec=262867946;OrderedPartialAggregateStream=3475435;RepartitionExec[Merge]=1704654
event	101170	refusal	RepartitionExec[39]	1	463948	2192348	268048035	356	78	1704654		RepartitionExec=262867946;OrderedPartialAggregateStream=3475435;RepartitionExec[Merge]=1704654
event	101217	refusal	RepartitionExec[37]	1	576806	2192348	268048035	356	78	1704654		RepartitionExec=262867946;OrderedPartialAggregateStream=3475435;RepartitionExec[Merge]=1704654
event	101263	refusal	RepartitionExec[43]	1	672884	2192348	268048035	356	78	1704654		RepartitionExec=262867946;OrderedPartialAggregateStream=3475435;RepartitionExec[Merge]=1704654
event	101288	refusal	RepartitionExec[36]	1	732330	2192348	268048035	356	78	1704654		RepartitionExec=262867946;OrderedPartialAggregateStream=3475435;RepartitionExec[Merge]=1704654
event	101319	refusal	RepartitionExec[45]	1	660341	2192348	268048035	356	78	1704654		RepartitionExec=262867946;OrderedPartialAggregateStream=3475435;RepartitionExec[Merge]=1704654
event	101350	refusal	RepartitionExec[32]	1	1036304	2192348	268048035	356	78	1704654		RepartitionExec=262867946;OrderedPartialAggregateStream=3475435;RepartitionExec[Merge]=1704654
event	101365	refusal	RepartitionExec[31]	1	849763	2192348	268048035	356	78	1704654		RepartitionExec=262867946;OrderedPartialAggregateStream=3475435;RepartitionExec[Merge]=1704654
event	101399	refusal	RepartitionExec[35]	1	1036304	2192348	268048035	356	78	1704654		RepartitionExec=262867946;OrderedPartialAggregateStream=3475435;RepartitionExec[Merge]=1704654
event	101414	refusal	RepartitionExec[28]	1	816836	2192348	268048035	356	78	1704654		RepartitionExec=262867946;OrderedPartialAggregateStream=3475435;RepartitionExec[Merge]=1704654
event	101439	refusal	RepartitionExec[32]	1	849763	2192348	268048035	356	78	1704654		RepartitionExec=262867946;OrderedPartialAggregateStream=3475435;RepartitionExec[Merge]=1704654
event	101520	refusal	RepartitionExec[36]	1	593234	2192348	268048035	356	78	1704654		RepartitionExec=262867946;OrderedPartialAggregateStream=3475435;RepartitionExec[Merge]=1704654
event	101526	refusal	RepartitionExec[33]	1	849763	2192348	268048035	356	78	1704654		RepartitionExec=262867946;OrderedPartialAggregateStream=3475435;RepartitionExec[Merge]=1704654
event	101568	refusal	RepartitionExec[35]	1	595234	2192348	268048035	356	78	1704654		RepartitionExec=262867946;OrderedPartialAggregateStream=3475435;RepartitionExec[Merge]=1704654
event	101576	refusal	RepartitionExec[6]	1	456868	2852689	268048035	356	78	1704654		RepartitionExec=262867946;OrderedPartialAggregateStream=3475435;RepartitionExec[Merge]=1704654
event	101610	refusal	RepartitionExec[37]	1	593234	2192348	268048035	356	78	1704654		RepartitionExec=262867946;OrderedPartialAggregateStream=3475435;RepartitionExec[Merge]=1704654
event	101642	refusal	RepartitionExec[7]	1	456868	2852689	268048035	356	78	1704654		RepartitionExec=262867946;OrderedPartialAggregateStream=3475435;RepartitionExec[Merge]=1704654
event	101648	refusal	RepartitionExec[34]	1	782114	2192348	268048035	356	78	1704654		RepartitionExec=262867946;OrderedPartialAggregateStream=3475435;RepartitionExec[Merge]=1704654
event	101703	refusal	RepartitionExec[38]	1	576806	2192348	268048035	356	78	1704654		RepartitionExec=262867946;OrderedPartialAggregateStream=3475435;RepartitionExec[Merge]=1704654
event	101750	refusal	RepartitionExec[44]	1	672884	2192348	268048035	356	78	1704654		RepartitionExec=262867946;OrderedPartialAggregateStream=3475435;RepartitionExec[Merge]=1704654
event	101765	refusal	RepartitionExec[37]	1	732330	2192348	268048035	356	78	1704654		RepartitionExec=262867946;OrderedPartialAggregateStream=3475435;RepartitionExec[Merge]=1704654
event	101777	refusal	RepartitionExec[39]	1	576806	2192348	268048035	356	78	1704654		RepartitionExec=262867946;OrderedPartialAggregateStream=3475435;RepartitionExec[Merge]=1704654
event	101816	refusal	RepartitionExec[33]	1	1036304	2192348	268048035	356	78	1704654		RepartitionExec=262867946;OrderedPartialAggregateStream=3475435;RepartitionExec[Merge]=1704654
event	101826	refusal	RepartitionExec[45]	1	672884	2192348	268048035	356	78	1704654		RepartitionExec=262867946;OrderedPartialAggregateStream=3475435;RepartitionExec[Merge]=1704654
event	101861	refusal	RepartitionExec[36]	1	1036304	2192348	268048035	356	78	1704654		RepartitionExec=262867946;OrderedPartialAggregateStream=3475435;RepartitionExec[Merge]=1704654
event	101883	refusal	RepartitionExec[29]	1	816836	2192348	268048035	356	78	1704654		RepartitionExec=262867946;OrderedPartialAggregateStream=3475435;RepartitionExec[Merge]=1704654
event	101926	refusal	RepartitionExec[27]	1	810770	2192348	268048035	356	78	1704654		RepartitionExec=262867946;OrderedPartialAggregateStream=3475435;RepartitionExec[Merge]=1704654
event	101945	refusal	RepartitionExec[33]	1	528026	2192348	268048035	356	78	1704654		RepartitionExec=262867946;OrderedPartialAggregateStream=3475435;RepartitionExec[Merge]=1704654
event	101955	refusal	RepartitionExec[34]	1	849763	2192348	268048035	356	78	1704654		RepartitionExec=262867946;OrderedPartialAggregateStream=3475435;RepartitionExec[Merge]=1704654
event	101995	refusal	RepartitionExec[36]	1	595234	2192348	268048035	356	78	1704654		RepartitionExec=262867946;OrderedPartialAggregateStream=3475435;RepartitionExec[Merge]=1704654
event	102004	refusal	RepartitionExec[40]	1	463948	2192348	268048035	356	78	1704654		RepartitionExec=262867946;OrderedPartialAggregateStream=3475435;RepartitionExec[Merge]=1704654
event	102041	refusal	RepartitionExec[38]	1	593234	2192348	268048035	356	78	1704654		RepartitionExec=262867946;OrderedPartialAggregateStream=3475435;RepartitionExec[Merge]=1704654
event	102068	refusal	RepartitionExec[8]	1	456868	2251044	268048035	356	78	1704654		RepartitionExec=262867946;OrderedPartialAggregateStream=3475435;RepartitionExec[Merge]=1704654
event	102078	refusal	RepartitionExec[41]	1	463948	2192348	268048035	356	78	1704654		RepartitionExec=262867946;OrderedPartialAggregateStream=3475435;RepartitionExec[Merge]=1704654
event	102106	refusal	RepartitionExec[46]	1	660341	2192348	268048035	356	78	1704654		RepartitionExec=262867946;OrderedPartialAggregateStream=3475435;RepartitionExec[Merge]=1704654
event	102145	refusal	RepartitionExec[42]	1	463948	2251044	268048035	356	78	1704654		RepartitionExec=262867946;OrderedPartialAggregateStream=3475435;RepartitionExec[Merge]=1704654
event	102155	refusal	RepartitionExec[39]	1	1036178	2192348	268048035	356	78	1704654		RepartitionExec=262867946;OrderedPartialAggregateStream=3475435;RepartitionExec[Merge]=1704654
event	102191	refusal	RepartitionExec[40]	1	576806	2192348	268048035	356	78	1704654		RepartitionExec=262867946;OrderedPartialAggregateStream=3475435;RepartitionExec[Merge]=1704654
event	102221	refusal	RepartitionExec[34]	1	1036304	2192348	268048035	356	78	1704654		RepartitionExec=262867946;OrderedPartialAggregateStream=3475435;RepartitionExec[Merge]=1704654
event	102232	refusal	RepartitionExec[46]	1	672884	2192348	268048035	356	78	1704654		RepartitionExec=262867946;OrderedPartialAggregateStream=3475435;RepartitionExec[Merge]=1704654
event	102269	refusal	RepartitionExec[37]	1	1036304	2192348	268048035	356	78	1704654		RepartitionExec=262867946;OrderedPartialAggregateStream=3475435;RepartitionExec[Merge]=1704654
event	102286	refusal	RepartitionExec[30]	1	816836	2192348	268048035	356	78	1704654		RepartitionExec=262867946;OrderedPartialAggregateStream=3475435;RepartitionExec[Merge]=1704654
event	102302	refusal	RepartitionExec[47]	1	672884	2192348	268048035	356	78	1704654		RepartitionExec=262867946;OrderedPartialAggregateStream=3475435;RepartitionExec[Merge]=1704654
event	102331	refusal	RepartitionExec[34]	1	528026	2192348	268048035	356	78	1704654		RepartitionExec=262867946;OrderedPartialAggregateStream=3475435;RepartitionExec[Merge]=1704654
event	102357	refusal	RepartitionExec[35]	1	849763	2192348	268048035	356	78	1704654		RepartitionExec=262867946;OrderedPartialAggregateStream=3475435;RepartitionExec[Merge]=1704654
event	102399	refusal	RepartitionExec[35]	1	528026	2192348	268048035	356	78	1704654		RepartitionExec=262867946;OrderedPartialAggregateStream=3475435;RepartitionExec[Merge]=1704654
event	102400	refusal	RepartitionExec[37]	1	595234	2192348	268048035	356	78	1704654		RepartitionExec=262867946;OrderedPartialAggregateStream=3475435;RepartitionExec[Merge]=1704654
event	102442	refusal	RepartitionExec[39]	1	593234	2192348	268048035	356	78	1704654		RepartitionExec=262867946;OrderedPartialAggregateStream=3475435;RepartitionExec[Merge]=1704654
event	102458	refusal	RepartitionExec[9]	1	456868	2852689	268048035	356	78	1704654		RepartitionExec=262867946;OrderedPartialAggregateStream=3475435;RepartitionExec[Merge]=1704654
event	102475	refusal	RepartitionExec[38]	1	732330	2192348	268048035	356	78	1704654		RepartitionExec=262867946;OrderedPartialAggregateStream=3475435;RepartitionExec[Merge]=1704654
event	102500	refusal	RepartitionExec[47]	1	660341	2192348	268048035	356	78	1704654		RepartitionExec=262867946;OrderedPartialAggregateStream=3475435;RepartitionExec[Merge]=1704654
event	102527	refusal	RepartitionExec[43]	1	463948	2192348	268048035	356	78	1704654		RepartitionExec=262867946;OrderedPartialAggregateStream=3475435;RepartitionExec[Merge]=1704654
event	102571	refusal	RepartitionExec[40]	1	1036178	2192348	268048035	356	78	1704654		RepartitionExec=262867946;OrderedPartialAggregateStream=3475435;RepartitionExec[Merge]=1704654
event	102588	refusal	RepartitionExec[41]	1	576806	2192348	268048035	356	78	1704654		RepartitionExec=262867946;OrderedPartialAggregateStream=3475435;RepartitionExec[Merge]=1704654
event	102613	refusal	RepartitionExec[35]	1	1036304	2192348	268048035	356	78	1704654		RepartitionExec=262867946;OrderedPartialAggregateStream=3475435;RepartitionExec[Merge]=1704654
event	102624	refusal	RepartitionExec[28]	1	810770	2192348	268048035	356	78	1704654		RepartitionExec=262867946;OrderedPartialAggregateStream=3475435;RepartitionExec[Merge]=1704654
event	102658	refusal	RepartitionExec[38]	1	1036304	2192348	268048035	356	78	1704654		RepartitionExec=262867946;OrderedPartialAggregateStream=3475435;RepartitionExec[Merge]=1704654
event	102677	refusal	RepartitionExec[31]	1	816836	2192348	268048035	356	78	1704654		RepartitionExec=262867946;OrderedPartialAggregateStream=3475435;RepartitionExec[Merge]=1704654
event	102695	refusal	RepartitionExec[29]	1	810770	2192348	268048035	356	78	1704654		RepartitionExec=262867946;OrderedPartialAggregateStream=3475435;RepartitionExec[Merge]=1704654
event	102723	refusal	RepartitionExec[35]	1	782114	2192348	268048035	356	78	1704654		RepartitionExec=262867946;OrderedPartialAggregateStream=3475435;RepartitionExec[Merge]=1704654
event	102750	refusal	RepartitionExec[36]	1	849763	2192348	268048035	356	78	1704654		RepartitionExec=262867946;OrderedPartialAggregateStream=3475435;RepartitionExec[Merge]=1704654
event	102770	refusal	RepartitionExec[30]	1	810770	2192348	268048035	356	78	1704654		RepartitionExec=262867946;OrderedPartialAggregateStream=3475435;RepartitionExec[Merge]=1704654
event	102817	refusal	RepartitionExec[38]	1	595234	2192348	268048035	356	78	1704654		RepartitionExec=262867946;OrderedPartialAggregateStream=3475435;RepartitionExec[Merge]=1704654
event	102836	refusal	RepartitionExec[40]	1	593234	2192348	268048035	356	78	1704654		RepartitionExec=262867946;OrderedPartialAggregateStream=3475435;RepartitionExec[Merge]=1704654
event	102857	refusal	RepartitionExec[31]	1	810770	2192348	268048035	356	78	1704654		RepartitionExec=262867946;OrderedPartialAggregateStream=3475435;RepartitionExec[Merge]=1704654
event	102886	refusal	RepartitionExec[39]	1	732330	2192348	268048035	356	78	1704654		RepartitionExec=262867946;OrderedPartialAggregateStream=3475435;RepartitionExec[Merge]=1704654
event	102895	refusal	RepartitionExec[39]	1	595234	2192348	268048035	356	78	1704654		RepartitionExec=262867946;OrderedPartialAggregateStream=3475435;RepartitionExec[Merge]=1704654
event	102920	refusal	RepartitionExec[44]	1	463948	2192348	268048035	356	78	1704654		RepartitionExec=262867946;OrderedPartialAggregateStream=3475435;RepartitionExec[Merge]=1704654
event	102962	refusal	RepartitionExec[41]	1	1036178	2192348	268048035	356	78	1704654		RepartitionExec=262867946;OrderedPartialAggregateStream=3475435;RepartitionExec[Merge]=1704654
event	102988	refusal	RepartitionExec[42]	1	576806	2251044	268048035	356	78	1704654		RepartitionExec=262867946;OrderedPartialAggregateStream=3475435;RepartitionExec[Merge]=1704654
event	102989	refusal	RepartitionExec[45]	1	463948	2192348	268048035	356	78	1704654		RepartitionExec=262867946;OrderedPartialAggregateStream=3475435;RepartitionExec[Merge]=1704654
event	103017	refusal	RepartitionExec[48]	1	672884	2192348	268048035	356	78	1704654		RepartitionExec=262867946;OrderedPartialAggregateStream=3475435;RepartitionExec[Merge]=1704654
event	103047	refusal	RepartitionExec[42]	1	1036178	2251044	268048035	356	78	1704654		RepartitionExec=262867946;OrderedPartialAggregateStream=3475435;RepartitionExec[Merge]=1704654
event	103081	refusal	RepartitionExec[32]	1	816836	2192348	268048035	356	78	1704654		RepartitionExec=262867946;OrderedPartialAggregateStream=3475435;RepartitionExec[Merge]=1704654
event	103092	refusal	RepartitionExec[49]	1	672884	2192348	268048035	356	78	1704654		RepartitionExec=262867946;OrderedPartialAggregateStream=3475435;RepartitionExec[Merge]=1704654
event	103121	refusal	RepartitionExec[36]	1	782114	2192348	268048035	356	78	1704654		RepartitionExec=262867946;OrderedPartialAggregateStream=3475435;RepartitionExec[Merge]=1704654
event	103162	refusal	RepartitionExec[37]	1	849763	2192348	268048035	356	78	1704654		RepartitionExec=262867946;OrderedPartialAggregateStream=3475435;RepartitionExec[Merge]=1704654
event	103186	refusal	RepartitionExec[10]	1	456868	2852689	268048035	356	78	1704654		RepartitionExec=262867946;OrderedPartialAggregateStream=3475435;RepartitionExec[Merge]=1704654
event	103191	refusal	RepartitionExec[48]	1	660341	2192348	268048035	356	78	1704654		RepartitionExec=262867946;OrderedPartialAggregateStream=3475435;RepartitionExec[Merge]=1704654
event	103226	refusal	RepartitionExec[41]	1	593234	2192348	268048035	356	78	1704654		RepartitionExec=262867946;OrderedPartialAggregateStream=3475435;RepartitionExec[Merge]=1704654
event	103248	refusal	RepartitionExec[38]	1	849763	2192348	268048035	356	78	1704654		RepartitionExec=262867946;OrderedPartialAggregateStream=3475435;RepartitionExec[Merge]=1704654
event	103264	refusal	RepartitionExec[49]	1	660341	2192348	268048035	356	78	1704654		RepartitionExec=262867946;OrderedPartialAggregateStream=3475435;RepartitionExec[Merge]=1704654
event	103296	refusal	RepartitionExec[40]	1	595234	2192348	268048035	356	78	1704654		RepartitionExec=262867946;OrderedPartialAggregateStream=3475435;RepartitionExec[Merge]=1704654
event	103345	refusal	RepartitionExec[36]	1	1036304	2192348	268048035	356	78	1704654		RepartitionExec=262867946;OrderedPartialAggregateStream=3475435;RepartitionExec[Merge]=1704654
event	103364	refusal	RepartitionExec[39]	1	1036304	2192348	268048035	356	78	1704654		RepartitionExec=262867946;OrderedPartialAggregateStream=3475435;RepartitionExec[Merge]=1704654
event	103367	refusal	RepartitionExec[41]	1	595234	2192348	268048035	356	78	1704654		RepartitionExec=262867946;OrderedPartialAggregateStream=3475435;RepartitionExec[Merge]=1704654
event	103403	refusal	RepartitionExec[46]	1	463948	2192348	268048035	356	78	1704654		RepartitionExec=262867946;OrderedPartialAggregateStream=3475435;RepartitionExec[Merge]=1704654
event	103419	refusal	RepartitionExec[36]	1	528026	2192348	268048035	356	78	1704654		RepartitionExec=262867946;OrderedPartialAggregateStream=3475435;RepartitionExec[Merge]=1704654
event	103436	refusal	RepartitionExec[40]	1	1036304	2192348	268048035	356	78	1704654		RepartitionExec=262867946;OrderedPartialAggregateStream=3475435;RepartitionExec[Merge]=1704654
event	103470	refusal	RepartitionExec[33]	1	816836	2192348	268048035	356	78	1704654		RepartitionExec=262867946;OrderedPartialAggregateStream=3475435;RepartitionExec[Merge]=1704654
event	103494	refusal	RepartitionExec[50]	1	672884	2192348	268048035	356	78	1704654		RepartitionExec=262867946;OrderedPartialAggregateStream=3475435;RepartitionExec[Merge]=1704654
event	103533	refusal	RepartitionExec[37]	1	782114	2192348	268048035	356	78	1704654		RepartitionExec=262867946;OrderedPartialAggregateStream=3475435;RepartitionExec[Merge]=1704654
event	103555	refusal	RepartitionExec[32]	1	810770	2192348	268048035	356	78	1704654		RepartitionExec=262867946;OrderedPartialAggregateStream=3475435;RepartitionExec[Merge]=1704654
event	103569	refusal	RepartitionExec[11]	1	456868	2192348	268048035	356	78	1704654		RepartitionExec=262867946;OrderedPartialAggregateStream=3475435;RepartitionExec[Merge]=1704654
event	103591	refusal	RepartitionExec[40]	1	732330	2192348	268048035	356	78	1704654		RepartitionExec=262867946;OrderedPartialAggregateStream=3475435;RepartitionExec[Merge]=1704654
event	103624	refusal	RepartitionExec[42]	1	593234	2251044	268048035	356	78	1704654		RepartitionExec=262867946;OrderedPartialAggregateStream=3475435;RepartitionExec[Merge]=1704654
event	103652	refusal	RepartitionExec[39]	1	849763	2192348	268048035	356	78	1704654		RepartitionExec=262867946;OrderedPartialAggregateStream=3475435;RepartitionExec[Merge]=1704654
event	103658	refusal	RepartitionExec[41]	1	732330	2192348	268048035	356	78	1704654		RepartitionExec=262867946;OrderedPartialAggregateStream=3475435;RepartitionExec[Merge]=1704654
event	103698	refusal	RepartitionExec[43]	1	576806	2192348	268048035	356	78	1704654		RepartitionExec=262867946;OrderedPartialAggregateStream=3475435;RepartitionExec[Merge]=1704654
event	103712	refusal	RepartitionExec[37]	1	1036304	2192348	268048035	356	78	1704654		RepartitionExec=262867946;OrderedPartialAggregateStream=3475435;RepartitionExec[Merge]=1704654
event	103729	refusal	RepartitionExec[42]	1	732330	2251044	268048035	356	78	1704654		RepartitionExec=262867946;OrderedPartialAggregateStream=3475435;RepartitionExec[Merge]=1704654
event	103756	refusal	RepartitionExec[42]	1	595234	2251044	268048035	356	78	1704654		RepartitionExec=262867946;OrderedPartialAggregateStream=3475435;RepartitionExec[Merge]=1704654
event	103786	refusal	RepartitionExec[47]	1	463948	2192348	268048035	356	78	1704654		RepartitionExec=262867946;OrderedPartialAggregateStream=3475435;RepartitionExec[Merge]=1704654
event	103808	refusal	RepartitionExec[43]	1	732330	2192348	268048035	356	78	1704654		RepartitionExec=262867946;OrderedPartialAggregateStream=3475435;RepartitionExec[Merge]=1704654
event	103820	refusal	RepartitionExec[41]	1	1036304	2192348	268048035	356	78	1704654		RepartitionExec=262867946;OrderedPartialAggregateStream=3475435;RepartitionExec[Merge]=1704654
event	103859	refusal	RepartitionExec[34]	1	816836	2192348	268048035	356	78	1704654		RepartitionExec=262867946;OrderedPartialAggregateStream=3475435;RepartitionExec[Merge]=1704654
event	103873	refusal	RepartitionExec[51]	1	672884	2192348	268048035	356	78	1704654		RepartitionExec=262867946;OrderedPartialAggregateStream=3475435;RepartitionExec[Merge]=1704654
event	103920	refusal	RepartitionExec[38]	1	782114	2192348	268048035	356	78	1704654		RepartitionExec=262867946;OrderedPartialAggregateStream=3475435;RepartitionExec[Merge]=1704654
event	103949	refusal	RepartitionExec[33]	1	810770	2192348	268048035	356	78	1704654		RepartitionExec=262867946;OrderedPartialAggregateStream=3475435;RepartitionExec[Merge]=1704654
event	103953	refusal	RepartitionExec[12]	1	456868	2192348	268048035	356	78	1704654		RepartitionExec=262867946;OrderedPartialAggregateStream=3475435;RepartitionExec[Merge]=1704654
event	103975	refusal	RepartitionExec[50]	1	660341	2192348	268048035	356	78	1704654		RepartitionExec=262867946;OrderedPartialAggregateStream=3475435;RepartitionExec[Merge]=1704654
event	104019	refusal	RepartitionExec[39]	1	782114	2192348	268048035	356	78	1704654		RepartitionExec=262867946;OrderedPartialAggregateStream=3475435;RepartitionExec[Merge]=1704654
event	104049	refusal	RepartitionExec[34]	1	810770	2192348	268048035	356	78	1704654		RepartitionExec=262867946;OrderedPartialAggregateStream=3475435;RepartitionExec[Merge]=1704654
event	104050	refusal	RepartitionExec[51]	1	660341	2192348	268048035	356	78	1704654		RepartitionExec=262867946;OrderedPartialAggregateStream=3475435;RepartitionExec[Merge]=1704654
event	104088	refusal	RepartitionExec[44]	1	576806	2192348	268048035	356	78	1704654		RepartitionExec=262867946;OrderedPartialAggregateStream=3475435;RepartitionExec[Merge]=1704654
event	104111	refusal	RepartitionExec[40]	1	782114	2192348	268048035	356	78	1704654		RepartitionExec=262867946;OrderedPartialAggregateStream=3475435;RepartitionExec[Merge]=1704654
event	104138	refusal	RepartitionExec[37]	1	528026	2192348	268048035	356	78	1704654		RepartitionExec=262867946;OrderedPartialAggregateStream=3475435;RepartitionExec[Merge]=1704654
event	104158	refusal	RepartitionExec[43]	1	595234	2192348	268048035	356	78	1704654		RepartitionExec=262867946;OrderedPartialAggregateStream=3475435;RepartitionExec[Merge]=1704654
event	104185	refusal	RepartitionExec[48]	1	463948	2192348	268048035	356	78	1704654		RepartitionExec=262867946;OrderedPartialAggregateStream=3475435;RepartitionExec[Merge]=1704654
event	104220	refusal	RepartitionExec[44]	1	732330	2192348	268048035	356	78	1704654		RepartitionExec=262867946;OrderedPartialAggregateStream=3475435;RepartitionExec[Merge]=1704654
event	104231	refusal	RepartitionExec[42]	1	1036304	2251044	268048035	356	78	1704654		RepartitionExec=262867946;OrderedPartialAggregateStream=3475435;RepartitionExec[Merge]=1704654
event	104267	refusal	RepartitionExec[35]	1	816836	2192348	268048035	356	78	1704654		RepartitionExec=262867946;OrderedPartialAggregateStream=3475435;RepartitionExec[Merge]=1704654
event	104287	refusal	RepartitionExec[52]	1	672884	2192348	268048035	356	78	1704654		RepartitionExec=262867946;OrderedPartialAggregateStream=3475435;RepartitionExec[Merge]=1704654
event	104314	refusal	RepartitionExec[43]	1	593234	2192348	268048035	356	78	1704654		RepartitionExec=262867946;OrderedPartialAggregateStream=3475435;RepartitionExec[Merge]=1704654
event	104344	refusal	RepartitionExec[40]	1	849763	2192348	268048035	356	78	1704654		RepartitionExec=262867946;OrderedPartialAggregateStream=3475435;RepartitionExec[Merge]=1704654
event	104357	refusal	RepartitionExec[53]	1	672884	2192348	268048035	356	78	1704654		RepartitionExec=262867946;OrderedPartialAggregateStream=3475435;RepartitionExec[Merge]=1704654
event	104406	refusal	RepartitionExec[43]	1	1036178	2192348	268048035	356	78	1704654		RepartitionExec=262867946;OrderedPartialAggregateStream=3475435;RepartitionExec[Merge]=1704654
event	104436	refusal	RepartitionExec[38]	1	1036304	2192348	268048035	356	78	1704654		RepartitionExec=262867946;OrderedPartialAggregateStream=3475435;RepartitionExec[Merge]=1704654
event	104441	refusal	RepartitionExec[35]	1	810770	2192348	268048035	356	78	1704654		RepartitionExec=262867946;OrderedPartialAggregateStream=3475435;RepartitionExec[Merge]=1704654
event	104459	refusal	RepartitionExec[52]	1	660341	2192348	268048035	356	78	1704654		RepartitionExec=262867946;OrderedPartialAggregateStream=3475435;RepartitionExec[Merge]=1704654
event	104487	refusal	RepartitionExec[44]	1	1036178	2192348	268048035	356	78	1704654		RepartitionExec=262867946;OrderedPartialAggregateStream=3475435;RepartitionExec[Merge]=1704654
event	104518	refusal	RepartitionExec[41]	1	782114	2192348	268048035	356	78	1704654		RepartitionExec=262867946;OrderedPartialAggregateStream=3475435;RepartitionExec[Merge]=1704654
event	104525	refusal	RepartitionExec[53]	1	660341	2192348	268048035	356	78	1704654		RepartitionExec=262867946;OrderedPartialAggregateStream=3475435;RepartitionExec[Merge]=1704654
event	104566	refusal	RepartitionExec[44]	1	595234	2192348	268048035	356	78	1704654		RepartitionExec=262867946;OrderedPartialAggregateStream=3475435;RepartitionExec[Merge]=1704654
event	104582	refusal	RepartitionExec[49]	1	463948	2192348	268048035	356	78	1704654		RepartitionExec=262867946;OrderedPartialAggregateStream=3475435;RepartitionExec[Merge]=1704654
event	104610	refusal	RepartitionExec[45]	1	732330	2192348	268048035	356	78	1704654		RepartitionExec=262867946;OrderedPartialAggregateStream=3475435;RepartitionExec[Merge]=1704654
event	104635	refusal	RepartitionExec[43]	1	1036304	2192348	268048035	356	78	1704654		RepartitionExec=262867946;OrderedPartialAggregateStream=3475435;RepartitionExec[Merge]=1704654
event	104652	refusal	RepartitionExec[50]	1	463948	2192348	268048035	356	78	1704654		RepartitionExec=262867946;OrderedPartialAggregateStream=3475435;RepartitionExec[Merge]=1704654
event	104682	refusal	RepartitionExec[13]	1	456868	2192348	268048035	356	78	1704654		RepartitionExec=262867946;OrderedPartialAggregateStream=3475435;RepartitionExec[Merge]=1704654
event	104705	refusal	RepartitionExec[44]	1	593234	2192348	268048035	356	78	1704654		RepartitionExec=262867946;OrderedPartialAggregateStream=3475435;RepartitionExec[Merge]=1704654
event	104722	refusal	RepartitionExec[51]	1	463948	2192348	268048035	356	78	1704654		RepartitionExec=262867946;OrderedPartialAggregateStream=3475435;RepartitionExec[Merge]=1704654
event	104754	refusal	RepartitionExec[54]	1	672884	2192348	268048035	356	78	1704654		RepartitionExec=262867946;OrderedPartialAggregateStream=3475435;RepartitionExec[Merge]=1704654
event	104777	refusal	RepartitionExec[45]	1	576806	2192348	268048035	356	78	1704654		RepartitionExec=262867946;OrderedPartialAggregateStream=3475435;RepartitionExec[Merge]=1704654
event	104792	refusal	RepartitionExec[52]	1	463948	2192348	268048035	356	78	1704654		RepartitionExec=262867946;OrderedPartialAggregateStream=3475435;RepartitionExec[Merge]=1704654
event	104823	refusal	RepartitionExec[55]	1	672884	2192348	268048035	356	78	1704654		RepartitionExec=262867946;OrderedPartialAggregateStream=3475435;RepartitionExec[Merge]=1704654
event	104854	refusal	RepartitionExec[46]	1	576806	2192348	268048035	356	78	1704654		RepartitionExec=262867946;OrderedPartialAggregateStream=3475435;RepartitionExec[Merge]=1704654
event	104876	refusal	RepartitionExec[45]	1	1036178	2192348	268048035	356	78	1704654		RepartitionExec=262867946;OrderedPartialAggregateStream=3475435;RepartitionExec[Merge]=1704654
event	104897	refusal	RepartitionExec[42]	1	782114	2251044	268048035	356	78	1704654		RepartitionExec=262867946;OrderedPartialAggregateStream=3475435;RepartitionExec[Merge]=1704654
event	104922	refusal	RepartitionExec[54]	1	660341	2192348	268048035	356	78	1704654		RepartitionExec=262867946;OrderedPartialAggregateStream=3475435;RepartitionExec[Merge]=1704654
event	104948	refusal	RepartitionExec[45]	1	595234	2192348	268048035	356	78	1704654		RepartitionExec=262867946;OrderedPartialAggregateStream=3475435;RepartitionExec[Merge]=1704654
event	104965	refusal	RepartitionExec[43]	1	782114	2192348	268048035	356	78	1704654		RepartitionExec=262867946;OrderedPartialAggregateStream=3475435;RepartitionExec[Merge]=1704654
event	104988	refusal	RepartitionExec[46]	1	732330	2192348	268048035	356	78	1704654		RepartitionExec=262867946;OrderedPartialAggregateStream=3475435;RepartitionExec[Merge]=1704654
event	105017	refusal	RepartitionExec[44]	1	1036304	2192348	268048035	356	78	1704654		RepartitionExec=262867946;OrderedPartialAggregateStream=3475435;RepartitionExec[Merge]=1704654
event	105034	refusal	RepartitionExec[44]	1	782114	2192348	268048035	356	78	1704654		RepartitionExec=262867946;OrderedPartialAggregateStream=3475435;RepartitionExec[Merge]=1704654
event	105059	refusal	RepartitionExec[14]	1	456868	2192348	268048035	356	78	1704654		RepartitionExec=262867946;OrderedPartialAggregateStream=3475435;RepartitionExec[Merge]=1704654
event	105091	refusal	RepartitionExec[45]	1	593234	2192348	268048035	356	78	1704654		RepartitionExec=262867946;OrderedPartialAggregateStream=3475435;RepartitionExec[Merge]=1704654
event	105108	refusal	RepartitionExec[45]	1	782114	2192348	268048035	356	78	1704654		RepartitionExec=262867946;OrderedPartialAggregateStream=3475435;RepartitionExec[Merge]=1704654
event	105145	refusal	RepartitionExec[15]	1	456868	2192348	268048035	356	78	1704654		RepartitionExec=262867946;OrderedPartialAggregateStream=3475435;RepartitionExec[Merge]=1704654
event	105163	refusal	RepartitionExec[46]	1	593234	2192348	268048035	356	78	1704654		RepartitionExec=262867946;OrderedPartialAggregateStream=3475435;RepartitionExec[Merge]=1704654
event	105193	refusal	RepartitionExec[53]	1	463948	2192348	268048035	356	78	1704654		RepartitionExec=262867946;OrderedPartialAggregateStream=3475435;RepartitionExec[Merge]=1704654
event	105220	refusal	RepartitionExec[56]	1	672884	2192348	268048035	356	78	1704654		RepartitionExec=262867946;OrderedPartialAggregateStream=3475435;RepartitionExec[Merge]=1704654
event	105241	refusal	RepartitionExec[47]	1	576806	2192348	268048035	356	78	1704654		RepartitionExec=262867946;OrderedPartialAggregateStream=3475435;RepartitionExec[Merge]=1704654
event	105264	refusal	RepartitionExec[46]	1	1036178	2192348	268048035	356	78	1704654		RepartitionExec=262867946;OrderedPartialAggregateStream=3475435;RepartitionExec[Merge]=1704654
event	105293	refusal	RepartitionExec[36]	1	816836	2192348	268048035	356	78	1704654		RepartitionExec=262867946;OrderedPartialAggregateStream=3475435;RepartitionExec[Merge]=1704654
event	105322	refusal	RepartitionExec[48]	1	576806	2192348	268048035	356	78	1704654		RepartitionExec=262867946;OrderedPartialAggregateStream=3475435;RepartitionExec[Merge]=1704654
event	105342	refusal	RepartitionExec[46]	1	595234	2192348	268048035	356	78	1704654		RepartitionExec=262867946;OrderedPartialAggregateStream=3475435;RepartitionExec[Merge]=1704654
event	105393	refusal	RepartitionExec[41]	1	849763	2192348	268048035	356	78	1704654		RepartitionExec=262867946;OrderedPartialAggregateStream=3475435;RepartitionExec[Merge]=1704654
event	105411	refusal	RepartitionExec[49]	1	576806	2192348	268048035	356	78	1704654		RepartitionExec=262867946;OrderedPartialAggregateStream=3475435;RepartitionExec[Merge]=1704654
event	105449	refusal	RepartitionExec[45]	1	1036304	2192348	268048035	356	78	1704654		RepartitionExec=262867946;OrderedPartialAggregateStream=3475435;RepartitionExec[Merge]=1704654
event	105469	refusal	RepartitionExec[39]	1	1036304	2192348	268048035	356	78	1704654		RepartitionExec=262867946;OrderedPartialAggregateStream=3475435;RepartitionExec[Merge]=1704654
event	105514	refusal	RepartitionExec[50]	1	576806	2192348	268048035	356	78	1704654		RepartitionExec=262867946;OrderedPartialAggregateStream=3475435;RepartitionExec[Merge]=1704654
event	105526	refusal	RepartitionExec[38]	1	528026	2192348	268048035	356	78	1704654		RepartitionExec=262867946;OrderedPartialAggregateStream=3475435;RepartitionExec[Merge]=1704654
event	105545	refusal	RepartitionExec[46]	1	782114	2192348	268048035	356	78	1704654		RepartitionExec=262867946;OrderedPartialAggregateStream=3475435;RepartitionExec[Merge]=1704654
event	105563	refusal	RepartitionExec[16]	1	456868	2192348	268048035	356	78	1704654		RepartitionExec=262867946;OrderedPartialAggregateStream=3475435;RepartitionExec[Merge]=1704654
event	105586	refusal	RepartitionExec[47]	1	593234	2192348	268048035	356	78	1704654		RepartitionExec=262867946;OrderedPartialAggregateStream=3475435;RepartitionExec[Merge]=1704654
event	105618	refusal	RepartitionExec[54]	1	463948	2192348	268048035	356	78	1704654		RepartitionExec=262867946;OrderedPartialAggregateStream=3475435;RepartitionExec[Merge]=1704654
event	105643	refusal	RepartitionExec[57]	1	672884	2192348	268048035	356	78	1704654		RepartitionExec=262867946;OrderedPartialAggregateStream=3475435;RepartitionExec[Merge]=1704654
event	105665	refusal	RepartitionExec[55]	1	660341	2192348	268048035	356	78	1704654		RepartitionExec=262867946;OrderedPartialAggregateStream=3475435;RepartitionExec[Merge]=1704654
event	105692	refusal	RepartitionExec[47]	1	1036178	2192348	268048035	356	78	1704654		RepartitionExec=262867946;OrderedPartialAggregateStream=3475435;RepartitionExec[Merge]=1704654
event	105731	refusal	RepartitionExec[37]	1	816836	2192348	268048035	356	78	1704654		RepartitionExec=262867946;OrderedPartialAggregateStream=3475435;RepartitionExec[Merge]=1704654
event	105758	refusal	RepartitionExec[47]	1	732330	2192348	268048035	356	78	1704654		RepartitionExec=262867946;OrderedPartialAggregateStream=3475435;RepartitionExec[Merge]=1704654
event	105761	refusal	RepartitionExec[48]	1	1036178	2192348	268048035	356	78	1704654		RepartitionExec=262867946;OrderedPartialAggregateStream=3475435;RepartitionExec[Merge]=1704654
event	105786	refusal	RepartitionExec[42]	1	849763	2251044	268048035	356	78	1704654		RepartitionExec=262867946;OrderedPartialAggregateStream=3475435;RepartitionExec[Merge]=1704654
event	105846	refusal	RepartitionExec[36]	1	810770	2192348	268048035	356	78	1704654		RepartitionExec=262867946;OrderedPartialAggregateStream=3475435;RepartitionExec[Merge]=1704654
event	105875	refusal	RepartitionExec[46]	1	1036304	2192348	268048035	356	78	1704654		RepartitionExec=262867946;OrderedPartialAggregateStream=3475435;RepartitionExec[Merge]=1704654
event	105897	refusal	RepartitionExec[40]	1	1036304	2192348	268048035	356	78	1704654		RepartitionExec=262867946;OrderedPartialAggregateStream=3475435;RepartitionExec[Merge]=1704654
event	105931	refusal	RepartitionExec[51]	1	576806	2192348	268048035	356	78	1704654		RepartitionExec=262867946;OrderedPartialAggregateStream=3475435;RepartitionExec[Merge]=1704654
event	105988	refusal	RepartitionExec[39]	1	528026	2192348	268048035	356	78	1704654		RepartitionExec=262867946;OrderedPartialAggregateStream=3475435;RepartitionExec[Merge]=1704654
event	106003	refusal	RepartitionExec[47]	1	782114	2192348	268048035	356	78	1704654		RepartitionExec=262867946;OrderedPartialAggregateStream=3475435;RepartitionExec[Merge]=1704654
event	106026	refusal	RepartitionExec[17]	1	456868	2192348	268048035	356	78	1704654		RepartitionExec=262867946;OrderedPartialAggregateStream=3475435;RepartitionExec[Merge]=1704654
event	106052	refusal	RepartitionExec[48]	1	593234	2192348	268048035	356	78	1704654		RepartitionExec=262867946;OrderedPartialAggregateStream=3475435;RepartitionExec[Merge]=1704654
event	106089	refusal	RepartitionExec[48]	1	782114	2192348	268048035	356	78	1704654		RepartitionExec=262867946;OrderedPartialAggregateStream=3475435;RepartitionExec[Merge]=1704654
event	106113	refusal	RepartitionExec[58]	1	672884	2192348	268048035	356	78	1704654		RepartitionExec=262867946;OrderedPartialAggregateStream=3475435;RepartitionExec[Merge]=1704654
event	106137	refusal	RepartitionExec[56]	1	660341	2192348	268048035	356	78	1704654		RepartitionExec=262867946;OrderedPartialAggregateStream=3475435;RepartitionExec[Merge]=1704654
event	106160	refusal	RepartitionExec[47]	1	595234	2192348	268048035	356	78	1704654		RepartitionExec=262867946;OrderedPartialAggregateStream=3475435;RepartitionExec[Merge]=1704654
event	106209	refusal	RepartitionExec[38]	1	816836	2192348	268048035	356	78	1704654		RepartitionExec=262867946;OrderedPartialAggregateStream=3475435;RepartitionExec[Merge]=1704654
event	106233	refusal	RepartitionExec[48]	1	595234	2192348	268048035	356	78	1704654		RepartitionExec=262867946;OrderedPartialAggregateStream=3475435;RepartitionExec[Merge]=1704654
event	106243	refusal	RepartitionExec[48]	1	732330	2192348	268048035	356	78	1704654		RepartitionExec=262867946;OrderedPartialAggregateStream=3475435;RepartitionExec[Merge]=1704654
event	106262	refusal	RepartitionExec[43]	1	849763	2192348	268048035	356	78	1704654		RepartitionExec=262867946;OrderedPartialAggregateStream=3475435;RepartitionExec[Merge]=1704654
event	106291	refusal	RepartitionExec[39]	1	816836	2192348	268048035	356	78	1704654		RepartitionExec=262867946;OrderedPartialAggregateStream=3475435;RepartitionExec[Merge]=1704654
event	106301	refusal	RepartitionExec[49]	1	595234	2192348	268048035	356	78	1704654		RepartitionExec=262867946;OrderedPartialAggregateStream=3475435;RepartitionExec[Merge]=1704654
event	106331	refusal	RepartitionExec[41]	1	1036304	2192348	268048035	356	78	1704654		RepartitionExec=262867946;OrderedPartialAggregateStream=3475435;RepartitionExec[Merge]=1704654
event	106357	refusal	RepartitionExec[52]	1	576806	2192348	268048035	356	78	1704654		RepartitionExec=262867946;OrderedPartialAggregateStream=3475435;RepartitionExec[Merge]=1704654
event	106368	refusal	RepartitionExec[50]	1	595234	2192348	268048035	356	78	1704654		RepartitionExec=262867946;OrderedPartialAggregateStream=3475435;RepartitionExec[Merge]=1704654
event	106402	refusal	RepartitionExec[55]	1	463948	2192348	268048035	356	78	1704654		RepartitionExec=262867946;OrderedPartialAggregateStream=3475435;RepartitionExec[Merge]=1704654
event	106421	refusal	RepartitionExec[18]	1	456868	2192348	268048035	356	78	1704654		RepartitionExec=262867946;OrderedPartialAggregateStream=3475435;RepartitionExec[Merge]=1704654
event	106440	refusal	RepartitionExec[51]	1	595234	2192348	268048035	356	78	1704654		RepartitionExec=262867946;OrderedPartialAggregateStream=3475435;RepartitionExec[Merge]=1704654
event	106474	refusal	RepartitionExec[49]	1	782114	2192348	268048035	356	78	1704654		RepartitionExec=262867946;OrderedPartialAggregateStream=3475435;RepartitionExec[Merge]=1704654
event	106494	refusal	RepartitionExec[19]	1	456868	2192348	268048035	356	78	1704654		RepartitionExec=262867946;OrderedPartialAggregateStream=3475435;RepartitionExec[Merge]=1704654
event	106502	refusal	RepartitionExec[52]	1	595234	2192348	268048035	356	78	1704654		RepartitionExec=262867946;OrderedPartialAggregateStream=3475435;RepartitionExec[Merge]=1704654
event	106541	refusal	RepartitionExec[49]	1	1036178	2192348	268048035	356	78	1704654		RepartitionExec=262867946;OrderedPartialAggregateStream=3475435;RepartitionExec[Merge]=1704654
event	106578	refusal	RepartitionExec[37]	1	810770	2192348	268048035	356	78	1704654		RepartitionExec=262867946;OrderedPartialAggregateStream=3475435;RepartitionExec[Merge]=1704654
event	106590	refusal	RepartitionExec[47]	1	1036304	2192348	268048035	356	78	1704654		RepartitionExec=262867946;OrderedPartialAggregateStream=3475435;RepartitionExec[Merge]=1704654
event	106616	refusal	RepartitionExec[49]	1	732330	2192348	268048035	356	78	1704654		RepartitionExec=262867946;OrderedPartialAggregateStream=3475435;RepartitionExec[Merge]=1704654
event	106631	refusal	RepartitionExec[44]	1	849763	2192348	268048035	356	78	1704654		RepartitionExec=262867946;OrderedPartialAggregateStream=3475435;RepartitionExec[Merge]=1704654
event	106657	refusal	RepartitionExec[38]	1	810770	2192348	268048035	356	78	1704654		RepartitionExec=262867946;OrderedPartialAggregateStream=3475435;RepartitionExec[Merge]=1704654
event	106694	refusal	RepartitionExec[40]	1	528026	2192348	268048035	356	78	1704654		RepartitionExec=262867946;OrderedPartialAggregateStream=3475435;RepartitionExec[Merge]=1704654
event	106712	refusal	RepartitionExec[45]	1	849763	2192348	268048035	356	78	1704654		RepartitionExec=262867946;OrderedPartialAggregateStream=3475435;RepartitionExec[Merge]=1704654
event	106732	refusal	RepartitionExec[53]	1	576806	2192348	268048035	356	78	1704654		RepartitionExec=262867946;OrderedPartialAggregateStream=3475435;RepartitionExec[Merge]=1704654
event	106764	refusal	RepartitionExec[49]	1	593234	2192348	268048035	356	78	1704654		RepartitionExec=262867946;OrderedPartialAggregateStream=3475435;RepartitionExec[Merge]=1704654
event	106791	refusal	RepartitionExec[56]	1	463948	2192348	268048035	356	78	1704654		RepartitionExec=262867946;OrderedPartialAggregateStream=3475435;RepartitionExec[Merge]=1704654
event	106802	refusal	RepartitionExec[54]	1	576806	2192348	268048035	356	78	1704654		RepartitionExec=262867946;OrderedPartialAggregateStream=3475435;RepartitionExec[Merge]=1704654
event	106839	refusal	RepartitionExec[57]	1	660341	2192348	268048035	356	78	1704654		RepartitionExec=262867946;OrderedPartialAggregateStream=3475435;RepartitionExec[Merge]=1704654
event	106857	refusal	RepartitionExec[50]	1	782114	2192348	268048035	356	78	1704654		RepartitionExec=262867946;OrderedPartialAggregateStream=3475435;RepartitionExec[Merge]=1704654
event	106909	refusal	RepartitionExec[20]	1	456868	2192348	268048035	356	78	1704654		RepartitionExec=262867946;OrderedPartialAggregateStream=3475435;RepartitionExec[Merge]=1704654
event	106930	refusal	RepartitionExec[58]	1	660341	2192348	268048035	356	78	1704654		RepartitionExec=262867946;OrderedPartialAggregateStream=3475435;RepartitionExec[Merge]=1704654
event	106935	refusal	RepartitionExec[50]	1	1036178	2192348	268048035	356	78	1704654		RepartitionExec=262867946;OrderedPartialAggregateStream=3475435;RepartitionExec[Merge]=1704654
event	106973	refusal	RepartitionExec[40]	1	816836	2192348	268048035	356	78	1704654		RepartitionExec=262867946;OrderedPartialAggregateStream=3475435;RepartitionExec[Merge]=1704654
event	106990	refusal	RepartitionExec[21]	1	456868	2192348	268048035	356	78	1704654		RepartitionExec=262867946;OrderedPartialAggregateStream=3475435;RepartitionExec[Merge]=1704654
event	107021	refusal	RepartitionExec[50]	1	732330	2192348	268048035	356	78	1704654		RepartitionExec=262867946;OrderedPartialAggregateStream=3475435;RepartitionExec[Merge]=1704654
event	107041	refusal	RepartitionExec[42]	1	1036304	2251044	268048035	356	78	1704654		RepartitionExec=262867946;OrderedPartialAggregateStream=3475435;RepartitionExec[Merge]=1704654
event	107058	refusal	RepartitionExec[22]	1	456868	2192348	268048035	356	78	1704654		RepartitionExec=262867946;OrderedPartialAggregateStream=3475435;RepartitionExec[Merge]=1704654
event	107097	refusal	RepartitionExec[41]	1	528026	2192348	268048035	356	78	1704654		RepartitionExec=262867946;OrderedPartialAggregateStream=3475435;RepartitionExec[Merge]=1704654
event	107125	refusal	RepartitionExec[46]	1	849763	2192348	268048035	356	78	1704654		RepartitionExec=262867946;OrderedPartialAggregateStream=3475435;RepartitionExec[Merge]=1704654
event	107145	refusal	RepartitionExec[59]	1	672884	2192348	268048035	356	78	1704654		RepartitionExec=262867946;OrderedPartialAggregateStream=3475435;RepartitionExec[Merge]=1704654
event	107188	refusal	RepartitionExec[50]	1	593234	2192348	268048035	356	78	1704654		RepartitionExec=262867946;OrderedPartialAggregateStream=3475435;RepartitionExec[Merge]=1704654
event	107198	refusal	RepartitionExec[57]	1	463948	2192348	268048035	356	78	1704654		RepartitionExec=262867946;OrderedPartialAggregateStream=3475435;RepartitionExec[Merge]=1704654
event	107212	refusal	RepartitionExec[60]	1	672884	2192348	268048035	356	78	1704654		RepartitionExec=262867946;OrderedPartialAggregateStream=3475435;RepartitionExec[Merge]=1704654
event	107244	refusal	RepartitionExec[53]	1	595234	2192348	268048035	356	78	1704654		RepartitionExec=262867946;OrderedPartialAggregateStream=3475435;RepartitionExec[Merge]=1704654
event	107275	refusal	RepartitionExec[51]	1	782114	2192348	268048035	356	78	1704654		RepartitionExec=262867946;OrderedPartialAggregateStream=3475435;RepartitionExec[Merge]=1704654
event	107297	refusal	RepartitionExec[48]	1	1036304	2192348	268048035	356	78	1704654		RepartitionExec=262867946;OrderedPartialAggregateStream=3475435;RepartitionExec[Merge]=1704654
event	107314	refusal	RepartitionExec[54]	1	595234	2192348	268048035	356	78	1704654		RepartitionExec=262867946;OrderedPartialAggregateStream=3475435;RepartitionExec[Merge]=1704654
event	107344	refusal	RepartitionExec[51]	1	1036178	2192348	268048035	356	78	1704654		RepartitionExec=262867946;OrderedPartialAggregateStream=3475435;RepartitionExec[Merge]=1704654
event	107378	refusal	RepartitionExec[41]	1	816836	2192348	268048035	356	78	1704654		RepartitionExec=262867946;OrderedPartialAggregateStream=3475435;RepartitionExec[Merge]=1704654
event	107403	refusal	RepartitionExec[39]	1	810770	2192348	268048035	356	78	1704654		RepartitionExec=262867946;OrderedPartialAggregateStream=3475435;RepartitionExec[Merge]=1704654
event	107437	refusal	RepartitionExec[52]	1	1036178	2192348	268048035	356	78	1704654		RepartitionExec=262867946;OrderedPartialAggregateStream=3475435;RepartitionExec[Merge]=1704654
event	107463	refusal	RepartitionExec[43]	1	1036304	2192348	268048035	356	78	1704654		RepartitionExec=262867946;OrderedPartialAggregateStream=3475435;RepartitionExec[Merge]=1704654
event	107473	refusal	RepartitionExec[23]	1	456868	2192348	268048035	356	78	1704654		RepartitionExec=262867946;OrderedPartialAggregateStream=3475435;RepartitionExec[Merge]=1704654
event	107500	refusal	RepartitionExec[42]	1	528026	2251044	268048035	356	78	1704654		RepartitionExec=262867946;OrderedPartialAggregateStream=3475435;RepartitionExec[Merge]=1704654
event	107537	refusal	RepartitionExec[24]	1	456868	2192348	268048035	356	78	1704654		RepartitionExec=262867946;OrderedPartialAggregateStream=3475435;RepartitionExec[Merge]=1704654
event	107546	refusal	RepartitionExec[47]	1	849763	2192348	268048035	356	78	1704654		RepartitionExec=262867946;OrderedPartialAggregateStream=3475435;RepartitionExec[Merge]=1704654
event	107593	refusal	RepartitionExec[51]	1	593234	2192348	268048035	356	78	1704654		RepartitionExec=262867946;OrderedPartialAggregateStream=3475435;RepartitionExec[Merge]=1704654
event	107599	refusal	RepartitionExec[58]	1	463948	2192348	268048035	356	78	1704654		RepartitionExec=262867946;OrderedPartialAggregateStream=3475435;RepartitionExec[Merge]=1704654
event	107636	refusal	RepartitionExec[48]	1	849763	2192348	268048035	356	78	1704654		RepartitionExec=262867946;OrderedPartialAggregateStream=3475435;RepartitionExec[Merge]=1704654
event	107649	refusal	RepartitionExec[59]	1	660341	2192348	268048035	356	78	1704654		RepartitionExec=262867946;OrderedPartialAggregateStream=3475435;RepartitionExec[Merge]=1704654
event	107671	refusal	RepartitionExec[59]	1	463948	2192348	268048035	356	78	1704654		RepartitionExec=262867946;OrderedPartialAggregateStream=3475435;RepartitionExec[Merge]=1704654
event	107695	refusal	RepartitionExec[49]	1	1036304	2192348	268048035	356	78	1704654		RepartitionExec=262867946;OrderedPartialAggregateStream=3475435;RepartitionExec[Merge]=1704654
event	107721	refusal	RepartitionExec[55]	1	595234	2192348	268048035	356	78	1704654		RepartitionExec=262867946;OrderedPartialAggregateStream=3475435;RepartitionExec[Merge]=1704654
event	107739	refusal	RepartitionExec[60]	1	463948	2192348	268048035	356	78	1704654		RepartitionExec=262867946;OrderedPartialAggregateStream=3475435;RepartitionExec[Merge]=1704654
event	107766	refusal	RepartitionExec[42]	1	816836	2251044	268048035	356	78	1704654		RepartitionExec=262867946;OrderedPartialAggregateStream=3475435;RepartitionExec[Merge]=1704654
event	107786	refusal	RepartitionExec[40]	1	810770	2192348	268048035	356	78	1704654		RepartitionExec=262867946;OrderedPartialAggregateStream=3475435;RepartitionExec[Merge]=1704654
event	107839	refusal	RepartitionExec[53]	1	1036178	2192348	268048035	356	78	1704654		RepartitionExec=262867946;OrderedPartialAggregateStream=3475435;RepartitionExec[Merge]=1704654
event	107861	refusal	RepartitionExec[44]	1	1036304	2192348	268048035	356	78	1704654		RepartitionExec=262867946;OrderedPartialAggregateStream=3475435;RepartitionExec[Merge]=1704654
event	107886	refusal	RepartitionExec[55]	1	576806	2192348	268048035	356	78	1704654		RepartitionExec=262867946;OrderedPartialAggregateStream=3475435;RepartitionExec[Merge]=1704654
event	107904	refusal	RepartitionExec[43]	1	528026	2192348	268048035	356	78	1704654		RepartitionExec=262867946;OrderedPartialAggregateStream=3475435;RepartitionExec[Merge]=1704654
event	107921	refusal	RepartitionExec[54]	1	1036178	2192348	268048035	356	78	1704654		RepartitionExec=262867946;OrderedPartialAggregateStream=3475435;RepartitionExec[Merge]=1704654
event	107947	refusal	RepartitionExec[61]	1	672884	2192348	268048035	356	78	1704654		RepartitionExec=262867946;OrderedPartialAggregateStream=3475435;RepartitionExec[Merge]=1704654
event	107986	refusal	RepartitionExec[52]	1	593234	2192348	268048035	356	78	1704654		RepartitionExec=262867946;OrderedPartialAggregateStream=3475435;RepartitionExec[Merge]=1704654
event	107990	refusal	RepartitionExec[52]	1	782114	2192348	268048035	356	78	1704654		RepartitionExec=262867946;OrderedPartialAggregateStream=3475435;RepartitionExec[Merge]=1704654
event	108030	refusal	RepartitionExec[49]	1	849763	2192348	268048035	356	78	1704654		RepartitionExec=262867946;OrderedPartialAggregateStream=3475435;RepartitionExec[Merge]=1704654
event	108047	refusal	RepartitionExec[60]	1	660341	2192348	268048035	356	78	1704654		RepartitionExec=262867946;OrderedPartialAggregateStream=3475435;RepartitionExec[Merge]=1704654
event	108066	refusal	RepartitionExec[53]	1	782114	2192348	268048035	356	78	1704654		RepartitionExec=262867946;OrderedPartialAggregateStream=3475435;RepartitionExec[Merge]=1704654
event	108096	refusal	RepartitionExec[50]	1	1036304	2192348	268048035	356	78	1704654		RepartitionExec=262867946;OrderedPartialAggregateStream=3475435;RepartitionExec[Merge]=1704654
event	108122	refusal	RepartitionExec[56]	1	595234	2192348	268048035	356	78	1704654		RepartitionExec=262867946;OrderedPartialAggregateStream=3475435;RepartitionExec[Merge]=1704654
event	108146	refusal	RepartitionExec[61]	1	463948	2192348	268048035	356	78	1704654		RepartitionExec=262867946;OrderedPartialAggregateStream=3475435;RepartitionExec[Merge]=1704654
event	108175	refusal	RepartitionExec[43]	1	816836	2192348	268048035	356	78	1704654		RepartitionExec=262867946;OrderedPartialAggregateStream=3475435;RepartitionExec[Merge]=1704654
event	108191	refusal	RepartitionExec[41]	1	810770	2192348	268048035	356	78	1704654		RepartitionExec=262867946;OrderedPartialAggregateStream=3475435;RepartitionExec[Merge]=1704654
event	108213	refusal	RepartitionExec[25]	1	456868	2192348	268048035	356	78	1704654		RepartitionExec=262867946;OrderedPartialAggregateStream=3475435;RepartitionExec[Merge]=1704654
event	108273	refusal	RepartitionExec[45]	1	1036304	2192348	268048035	356	78	1704654		RepartitionExec=262867946;OrderedPartialAggregateStream=3475435;RepartitionExec[Merge]=1704654
event	108282	refusal	RepartitionExec[26]	1	456868	2192348	268048035	356	78	1704654		RepartitionExec=262867946;OrderedPartialAggregateStream=3475435;RepartitionExec[Merge]=1704654
event	108319	refusal	RepartitionExec[44]	1	528026	2192348	268048035	356	78	1704654		RepartitionExec=262867946;OrderedPartialAggregateStream=3475435;RepartitionExec[Merge]=1704654
event	108336	refusal	RepartitionExec[55]	1	1036178	2192348	268048035	356	78	1704654		RepartitionExec=262867946;OrderedPartialAggregateStream=3475435;RepartitionExec[Merge]=1704654
event	108388	refusal	RepartitionExec[62]	1	672884	2192348	268048035	356	78	1704654		RepartitionExec=262867946;OrderedPartialAggregateStream=3475435;RepartitionExec[Merge]=1704654
event	108411	refusal	RepartitionExec[45]	1	528026	2192348	268048035	356	78	1704654		RepartitionExec=262867946;OrderedPartialAggregateStream=3475435;RepartitionExec[Merge]=1704654
event	108421	refusal	RepartitionExec[51]	1	732330	2192348	268048035	356	78	1704654		RepartitionExec=262867946;OrderedPartialAggregateStream=3475435;RepartitionExec[Merge]=1704654
event	108446	refusal	RepartitionExec[50]	1	849763	2192348	268048035	356	78	1704654		RepartitionExec=262867946;OrderedPartialAggregateStream=3475435;RepartitionExec[Merge]=1704654
event	108468	refusal	RepartitionExec[61]	1	660341	2192348	268048035	356	78	1704654		RepartitionExec=262867946;OrderedPartialAggregateStream=3475435;RepartitionExec[Merge]=1704654
event	108504	refusal	RepartitionExec[54]	1	782114	2192348	268048035	356	78	1704654		RepartitionExec=262867946;OrderedPartialAggregateStream=3475435;RepartitionExec[Merge]=1704654
event	108511	refusal	RepartitionExec[51]	1	1036304	2192348	268048035	356	78	1704654		RepartitionExec=262867946;OrderedPartialAggregateStream=3475435;RepartitionExec[Merge]=1704654
event	108537	refusal	RepartitionExec[57]	1	595234	2192348	268048035	356	78	1704654		RepartitionExec=262867946;OrderedPartialAggregateStream=3475435;RepartitionExec[Merge]=1704654
event	108560	refusal	RepartitionExec[62]	1	463948	2192348	268048035	356	78	1704654		RepartitionExec=262867946;OrderedPartialAggregateStream=3475435;RepartitionExec[Merge]=1704654
event	108589	refusal	RepartitionExec[44]	1	816836	2192348	268048035	356	78	1704654		RepartitionExec=262867946;OrderedPartialAggregateStream=3475435;RepartitionExec[Merge]=1704654
event	108607	refusal	RepartitionExec[42]	1	810770	2251044	268048035	356	78	1704654		RepartitionExec=262867946;OrderedPartialAggregateStream=3475435;RepartitionExec[Merge]=1704654
event	108632	refusal	RepartitionExec[56]	1	576806	2192348	268048035	356	78	1704654		RepartitionExec=262867946;OrderedPartialAggregateStream=3475435;RepartitionExec[Merge]=1704654
event	108664	refusal	RepartitionExec[46]	1	1036304	2192348	268048035	356	78	1704654		RepartitionExec=262867946;OrderedPartialAggregateStream=3475435;RepartitionExec[Merge]=1704654
event	108672	refusal	RepartitionExec[43]	1	810770	2192348	268048035	356	78	1704654		RepartitionExec=262867946;OrderedPartialAggregateStream=3475435;RepartitionExec[Merge]=1704654
event	108701	refusal	RepartitionExec[53]	1	593234	2192348	268048035	356	78	1704654		RepartitionExec=262867946;OrderedPartialAggregateStream=3475435;RepartitionExec[Merge]=1704654
event	108733	refusal	RepartitionExec[56]	1	1036178	2192348	268048035	356	78	1704654		RepartitionExec=262867946;OrderedPartialAggregateStream=3475435;RepartitionExec[Merge]=1704654
event	108755	refusal	RepartitionExec[63]	1	672884	2192348	268048035	356	78	1704654		RepartitionExec=262867946;OrderedPartialAggregateStream=3475435;RepartitionExec[Merge]=1704654
event	108778	refusal	RepartitionExec[54]	1	593234	2192348	268048035	356	78	1704654		RepartitionExec=262867946;OrderedPartialAggregateStream=3475435;RepartitionExec[Merge]=1704654
event	108795	refusal	RepartitionExec[52]	1	732330	2192348	268048035	356	78	1704654		RepartitionExec=262867946;OrderedPartialAggregateStream=3475435;RepartitionExec[Merge]=1704654
event	108824	refusal	RepartitionExec[51]	1	849763	2192348	268048035	356	78	1704654		RepartitionExec=262867946;OrderedPartialAggregateStream=3475435;RepartitionExec[Merge]=1704654
event	108835	refusal	RepartitionExec[62]	1	660341	2192348	268048035	356	78	1704654		RepartitionExec=262867946;OrderedPartialAggregateStream=3475435;RepartitionExec[Merge]=1704654
event	108872	refusal	RepartitionExec[55]	1	782114	2192348	268048035	356	78	1704654		RepartitionExec=262867946;OrderedPartialAggregateStream=3475435;RepartitionExec[Merge]=1704654
event	108888	refusal	RepartitionExec[52]	1	1036304	2192348	268048035	356	78	1704654		RepartitionExec=262867946;OrderedPartialAggregateStream=3475435;RepartitionExec[Merge]=1704654
event	108910	refusal	RepartitionExec[63]	1	660341	2192348	268048035	356	78	1704654		RepartitionExec=262867946;OrderedPartialAggregateStream=3475435;RepartitionExec[Merge]=1704654
event	108935	refusal	RepartitionExec[63]	1	463948	2192348	268048035	356	78	1704654		RepartitionExec=262867946;OrderedPartialAggregateStream=3475435;RepartitionExec[Merge]=1704654
event	108974	refusal	RepartitionExec[53]	1	1036304	2192348	268048035	356	78	1704654		RepartitionExec=262867946;OrderedPartialAggregateStream=3475435;RepartitionExec[Merge]=1704654
event	108978	refusal	RepartitionExec[64]	1	660341	2192348	268048035	356	78	1704654		RepartitionExec=262867946;OrderedPartialAggregateStream=3475435;RepartitionExec[Merge]=1704654
event	109022	refusal	RepartitionExec[57]	1	576806	2192348	268048035	356	78	1704654		RepartitionExec=262867946;OrderedPartialAggregateStream=3475435;RepartitionExec[Merge]=1704654
event	109045	refusal	RepartitionExec[47]	1	1036304	2192348	268048035	356	78	1704654		RepartitionExec=262867946;OrderedPartialAggregateStream=3475435;RepartitionExec[Merge]=1704654
event	109048	refusal	RepartitionExec[44]	1	810770	2192348	268048035	356	78	1704654		RepartitionExec=262867946;OrderedPartialAggregateStream=3475435;RepartitionExec[Merge]=1704654
event	109099	refusal	RepartitionExec[46]	1	528026	2192348	268048035	356	78	1704654		RepartitionExec=262867946;OrderedPartialAggregateStream=3475435;RepartitionExec[Merge]=1704654
event	109115	refusal	RepartitionExec[57]	1	1036178	2192348	268048035	356	78	1704654		RepartitionExec=262867946;OrderedPartialAggregateStream=3475435;RepartitionExec[Merge]=1704654
event	109150	refusal	RepartitionExec[64]	1	672884	2192348	268048035	356	78	1704654		RepartitionExec=262867946;OrderedPartialAggregateStream=3475435;RepartitionExec[Merge]=1704654
event	109181	refusal	RepartitionExec[55]	1	593234	2192348	268048035	356	78	1704654		RepartitionExec=262867946;OrderedPartialAggregateStream=3475435;RepartitionExec[Merge]=1704654
event	109186	refusal	RepartitionExec[58]	1	1036178	2192348	268048035	356	78	1704654		RepartitionExec=262867946;OrderedPartialAggregateStream=3475435;RepartitionExec[Merge]=1704654
event	109229	refusal	RepartitionExec[52]	1	849763	2192348	268048035	356	78	1704654		RepartitionExec=262867946;OrderedPartialAggregateStream=3475435;RepartitionExec[Merge]=1704654
event	109248	refusal	RepartitionExec[58]	1	595234	2192348	268048035	356	78	1704654		RepartitionExec=262867946;OrderedPartialAggregateStream=3475435;RepartitionExec[Merge]=1704654
event	109275	refusal	RepartitionExec[56]	1	782114	2192348	268048035	356	78	1704654		RepartitionExec=262867946;OrderedPartialAggregateStream=3475435;RepartitionExec[Merge]=1704654
event	109294	refusal	RepartitionExec[45]	1	816836	2192348	268048035	356	78	1704654		RepartitionExec=262867946;OrderedPartialAggregateStream=3475435;RepartitionExec[Merge]=1704654
event	109313	refusal	RepartitionExec[27]	1	456868	2192348	268048035	356	78	1704654		RepartitionExec=262867946;OrderedPartialAggregateStream=3475435;RepartitionExec[Merge]=1704654
event	109344	refusal	RepartitionExec[64]	1	463948	2192348	268048035	356	78	1704654		RepartitionExec=262867946;OrderedPartialAggregateStream=3475435;RepartitionExec[Merge]=1704654
event	109363	refusal	RepartitionExec[46]	1	816836	2192348	268048035	356	78	1704654		RepartitionExec=262867946;OrderedPartialAggregateStream=3475435;RepartitionExec[Merge]=1704654
event	109388	refusal	RepartitionExec[65]	1	660341	2192348	268048035	356	78	1704654		RepartitionExec=262867946;OrderedPartialAggregateStream=3475435;RepartitionExec[Merge]=1704654
event	109418	refusal	RepartitionExec[58]	1	576806	2192348	268048035	356	78	1704654		RepartitionExec=262867946;OrderedPartialAggregateStream=3475435;RepartitionExec[Merge]=1704654
event	109427	refusal	RepartitionExec[47]	1	816836	2192348	268048035	356	78	1704654		RepartitionExec=262867946;OrderedPartialAggregateStream=3475435;RepartitionExec[Merge]=1704654
event	109452	refusal	RepartitionExec[45]	1	810770	2192348	268048035	356	78	1704654		RepartitionExec=262867946;OrderedPartialAggregateStream=3475435;RepartitionExec[Merge]=1704654
event	109499	refusal	RepartitionExec[47]	1	528026	2192348	268048035	356	78	1704654		RepartitionExec=262867946;OrderedPartialAggregateStream=3475435;RepartitionExec[Merge]=1704654
event	109516	refusal	RepartitionExec[53]	1	732330	2192348	268048035	356	78	1704654		RepartitionExec=262867946;OrderedPartialAggregateStream=3475435;RepartitionExec[Merge]=1704654
event	109549	refusal	RepartitionExec[65]	1	672884	2192348	268048035	356	78	1704654		RepartitionExec=262867946;OrderedPartialAggregateStream=3475435;RepartitionExec[Merge]=1704654
event	109580	refusal	RepartitionExec[56]	1	593234	2192348	268048035	356	78	1704654		RepartitionExec=262867946;OrderedPartialAggregateStream=3475435;RepartitionExec[Merge]=1704654
event	109589	refusal	RepartitionExec[54]	1	732330	2192348	268048035	356	78	1704654		RepartitionExec=262867946;OrderedPartialAggregateStream=3475435;RepartitionExec[Merge]=1704654
event	109630	refusal	RepartitionExec[53]	1	849763	2192348	268048035	356	78	1704654		RepartitionExec=262867946;OrderedPartialAggregateStream=3475435;RepartitionExec[Merge]=1704654
event	109650	refusal	RepartitionExec[59]	1	595234	2192348	268048035	356	78	1704654		RepartitionExec=262867946;OrderedPartialAggregateStream=3475435;RepartitionExec[Merge]=1704654
event	109683	refusal	RepartitionExec[57]	1	782114	2192348	268048035	356	78	1704654		RepartitionExec=262867946;OrderedPartialAggregateStream=3475435;RepartitionExec[Merge]=1704654
event	109695	refusal	RepartitionExec[54]	1	1036304	2192348	268048035	356	78	1704654		RepartitionExec=262867946;OrderedPartialAggregateStream=3475435;RepartitionExec[Merge]=1704654
event	109716	refusal	RepartitionExec[28]	1	456868	2192348	268048035	356	78	1704654		RepartitionExec=262867946;OrderedPartialAggregateStream=3475435;RepartitionExec[Merge]=1704654
event	109746	refusal	RepartitionExec[65]	1	463948	2192348	268048035	356	78	1704654		RepartitionExec=262867946;OrderedPartialAggregateStream=3475435;RepartitionExec[Merge]=1704654
event	109764	refusal	RepartitionExec[55]	1	1036304	2192348	268048035	356	78	1704654		RepartitionExec=262867946;OrderedPartialAggregateStream=3475435;RepartitionExec[Merge]=1704654
event	109828	refusal	RepartitionExec[29]	1	456868	2192348	268048035	356	78	1704654		RepartitionExec=262867946;OrderedPartialAggregateStream=3475435;RepartitionExec[Merge]=1704654
event	109847	refusal	RepartitionExec[59]	1	576806	2192348	268048035	356	78	1704654		RepartitionExec=262867946;OrderedPartialAggregateStream=3475435;RepartitionExec[Merge]=1704654
event	109871	refusal	RepartitionExec[48]	1	816836	2192348	268048035	356	78	1704654		RepartitionExec=262867946;OrderedPartialAggregateStream=3475435;RepartitionExec[Merge]=1704654
event	109896	refusal	RepartitionExec[46]	1	810770	2192348	268048035	356	78	1704654		RepartitionExec=262867946;OrderedPartialAggregateStream=3475435;RepartitionExec[Merge]=1704654
event	109922	refusal	RepartitionExec[48]	1	528026	2192348	268048035	356	78	1704654		RepartitionExec=262867946;OrderedPartialAggregateStream=3475435;RepartitionExec[Merge]=1704654
event	109939	refusal	RepartitionExec[59]	1	1036178	2192348	268048035	356	78	1704654		RepartitionExec=262867946;OrderedPartialAggregateStream=3475435;RepartitionExec[Merge]=1704654
event	109970	refusal	RepartitionExec[66]	1	672884	2192348	268048035	356	78	1704654		RepartitionExec=262867946;OrderedPartialAggregateStream=3475435;RepartitionExec[Merge]=1704654
event	110007	refusal	RepartitionExec[57]	1	593234	2192348	268048035	356	78	1704654		RepartitionExec=262867946;OrderedPartialAggregateStream=3475435;RepartitionExec[Merge]=1704654
event	110007	refusal	RepartitionExec[60]	1	1036178	2192348	268048035	356	78	1704654		RepartitionExec=262867946;OrderedPartialAggregateStream=3475435;RepartitionExec[Merge]=1704654
event	110056	refusal	RepartitionExec[54]	1	849763	2192348	268048035	356	78	1704654		RepartitionExec=262867946;OrderedPartialAggregateStream=3475435;RepartitionExec[Merge]=1704654
event	110058	refusal	RepartitionExec[60]	1	595234	2192348	268048035	356	78	1704654		RepartitionExec=262867946;OrderedPartialAggregateStream=3475435;RepartitionExec[Merge]=1704654
event	110113	refusal	RepartitionExec[58]	1	593234	2192348	268048035	356	78	1704654		RepartitionExec=262867946;OrderedPartialAggregateStream=3475435;RepartitionExec[Merge]=1704654
event	110121	refusal	RepartitionExec[48]	1	1036304	2192348	268048035	356	78	1704654		RepartitionExec=262867946;OrderedPartialAggregateStream=3475435;RepartitionExec[Merge]=1704654
event	110134	refusal	RepartitionExec[55]	1	849763	2192348	268048035	356	78	1704654		RepartitionExec=262867946;OrderedPartialAggregateStream=3475435;RepartitionExec[Merge]=1704654
event	110182	refusal	RepartitionExec[66]	1	463948	2192348	268048035	356	78	1704654		RepartitionExec=262867946;OrderedPartialAggregateStream=3475435;RepartitionExec[Merge]=1704654
event	110191	refusal	RepartitionExec[59]	1	593234	2192348	268048035	356	78	1704654		RepartitionExec=262867946;OrderedPartialAggregateStream=3475435;RepartitionExec[Merge]=1704654
event	110237	refusal	RepartitionExec[30]	1	456868	2192348	268048035	356	78	1704654		RepartitionExec=262867946;OrderedPartialAggregateStream=3475435;RepartitionExec[Merge]=1704654
event	110252	refusal	RepartitionExec[67]	1	463948	2192348	268048035	356	78	1704654		RepartitionExec=262867946;OrderedPartialAggregateStream=3475435;RepartitionExec[Merge]=1704654
event	110294	refusal	RepartitionExec[49]	1	816836	2192348	268048035	356	78	1704654		RepartitionExec=262867946;OrderedPartialAggregateStream=3475435;RepartitionExec[Merge]=1704654
event	110296	refusal	RepartitionExec[47]	1	810770	2192348	268048035	356	78	1704654		RepartitionExec=262867946;OrderedPartialAggregateStream=3475435;RepartitionExec[Merge]=1704654
event	110320	refusal	RepartitionExec[49]	1	528026	2192348	268048035	356	78	1704654		RepartitionExec=262867946;OrderedPartialAggregateStream=3475435;RepartitionExec[Merge]=1704654
event	110365	refusal	RepartitionExec[55]	1	732330	2192348	268048035	356	78	1704654		RepartitionExec=262867946;OrderedPartialAggregateStream=3475435;RepartitionExec[Merge]=1704654
event	110384	refusal	RepartitionExec[50]	1	816836	2192348	268048035	356	78	1704654		RepartitionExec=262867946;OrderedPartialAggregateStream=3475435;RepartitionExec[Merge]=1704654
event	110392	refusal	RepartitionExec[61]	1	1036178	2192348	268048035	356	78	1704654		RepartitionExec=262867946;OrderedPartialAggregateStream=3475435;RepartitionExec[Merge]=1704654
event	110414	refusal	RepartitionExec[58]	1	782114	2192348	268048035	356	78	1704654		RepartitionExec=262867946;OrderedPartialAggregateStream=3475435;RepartitionExec[Merge]=1704654
event	110428	refusal	RepartitionExec[61]	1	595234	2192348	268048035	356	78	1704654		RepartitionExec=262867946;OrderedPartialAggregateStream=3475435;RepartitionExec[Merge]=1704654
event	110464	refusal	RepartitionExec[66]	1	660341	2192348	268048035	356	78	1704654		RepartitionExec=262867946;OrderedPartialAggregateStream=3475435;RepartitionExec[Merge]=1704654
event	110496	refusal	RepartitionExec[56]	1	1036304	2192348	268048035	356	78	1704654		RepartitionExec=262867946;OrderedPartialAggregateStream=3475435;RepartitionExec[Merge]=1704654
event	110514	refusal	RepartitionExec[49]	1	1036304	2192348	268048035	356	78	1704654		RepartitionExec=262867946;OrderedPartialAggregateStream=3475435;RepartitionExec[Merge]=1704654
event	110524	refusal	RepartitionExec[56]	1	849763	2192348	268048035	356	78	1704654		RepartitionExec=262867946;OrderedPartialAggregateStream=3475435;RepartitionExec[Merge]=1704654
event	110566	refusal	RepartitionExec[60]	1	576806	2192348	268048035	356	78	1704654		RepartitionExec=262867946;OrderedPartialAggregateStream=3475435;RepartitionExec[Merge]=1704654
event	110582	refusal	RepartitionExec[60]	1	593234	2192348	268048035	356	78	1704654		RepartitionExec=262867946;OrderedPartialAggregateStream=3475435;RepartitionExec[Merge]=1704654
event	110595	refusal	RepartitionExec[50]	1	1036304	2192348	268048035	356	78	1704654		RepartitionExec=262867946;OrderedPartialAggregateStream=3475435;RepartitionExec[Merge]=1704654
event	110604	refusal	RepartitionExec[68]	1	463948	2192348	268048035	356	78	1704654		RepartitionExec=262867946;OrderedPartialAggregateStream=3475435;RepartitionExec[Merge]=1704654
event	110626	refusal	RepartitionExec[48]	1	810770	2192348	268048035	356	78	1704654		RepartitionExec=262867946;OrderedPartialAggregateStream=3475435;RepartitionExec[Merge]=1704654
event	110659	refusal	RepartitionExec[61]	1	593234	2192348	268048035	356	78	1704654		RepartitionExec=262867946;OrderedPartialAggregateStream=3475435;RepartitionExec[Merge]=1704654
event	110684	refusal	RepartitionExec[69]	1	463948	2192348	268048035	356	78	1704654		RepartitionExec=262867946;OrderedPartialAggregateStream=3475435;RepartitionExec[Merge]=1704654
event	110695	refusal	RepartitionExec[56]	1	732330	2192348	268048035	356	78	1704654		RepartitionExec=262867946;OrderedPartialAggregateStream=3475435;RepartitionExec[Merge]=1704654
event	110734	refusal	RepartitionExec[51]	1	816836	2192348	268048035	356	78	1704654		RepartitionExec=262867946;OrderedPartialAggregateStream=3475435;RepartitionExec[Merge]=1704654
event	110757	refusal	RepartitionExec[62]	1	1036178	2192348	268048035	356	78	1704654		RepartitionExec=262867946;OrderedPartialAggregateStream=3475435;RepartitionExec[Merge]=1704654
event	110761	refusal	RepartitionExec[57]	1	732330	2192348	268048035	356	78	1704654		RepartitionExec=262867946;OrderedPartialAggregateStream=3475435;RepartitionExec[Merge]=1704654
event	110793	refusal	RepartitionExec[62]	1	595234	2192348	268048035	356	78	1704654		RepartitionExec=262867946;OrderedPartialAggregateStream=3475435;RepartitionExec[Merge]=1704654
event	110803	refusal	RepartitionExec[52]	1	816836	2192348	268048035	356	78	1704654		RepartitionExec=262867946;OrderedPartialAggregateStream=3475435;RepartitionExec[Merge]=1704654
event	110827	refusal	RepartitionExec[57]	1	1036304	2192348	268048035	356	78	1704654		RepartitionExec=262867946;OrderedPartialAggregateStream=3475435;RepartitionExec[Merge]=1704654
event	110847	refusal	RepartitionExec[31]	1	456868	2192348	268048035	356	78	1704654		RepartitionExec=262867946;OrderedPartialAggregateStream=3475435;RepartitionExec[Merge]=1704654
event	110877	refusal	RepartitionExec[63]	1	595234	2192348	268048035	356	78	1704654		RepartitionExec=262867946;OrderedPartialAggregateStream=3475435;RepartitionExec[Merge]=1704654
event	110904	refusal	RepartitionExec[61]	1	576806	2192348	268048035	356	78	1704654		RepartitionExec=262867946;OrderedPartialAggregateStream=3475435;RepartitionExec[Merge]=1704654
event	110912	refusal	RepartitionExec[67]	1	672884	2192348	268048035	356	78	1704654		RepartitionExec=262867946;OrderedPartialAggregateStream=3475435;RepartitionExec[Merge]=1704654
event	110935	refusal	RepartitionExec[51]	1	1036304	2192348	268048035	356	78	1704654		RepartitionExec=262867946;OrderedPartialAggregateStream=3475435;RepartitionExec[Merge]=1704654
event	110969	refusal	RepartitionExec[50]	1	528026	2192348	268048035	356	78	1704654		RepartitionExec=262867946;OrderedPartialAggregateStream=3475435;RepartitionExec[Merge]=1704654
event	110988	refusal	RepartitionExec[62]	1	576806	2192348	268048035	356	78	1704654		RepartitionExec=262867946;OrderedPartialAggregateStream=3475435;RepartitionExec[Merge]=1704654
event	111016	refusal	RepartitionExec[62]	1	593234	2192348	268048035	356	78	1704654		RepartitionExec=262867946;OrderedPartialAggregateStream=3475435;RepartitionExec[Merge]=1704654
event	111018	refusal	RepartitionExec[70]	1	463948	2192348	268048035	356	78	1704654		RepartitionExec=262867946;OrderedPartialAggregateStream=3475435;RepartitionExec[Merge]=1704654
event	111040	refusal	RepartitionExec[59]	1	782114	2192348	268048035	356	78	1704654		RepartitionExec=262867946;OrderedPartialAggregateStream=3475435;RepartitionExec[Merge]=1704654
event	111067	refusal	RepartitionExec[63]	1	576806	2192348	268048035	356	78	1704654		RepartitionExec=262867946;OrderedPartialAggregateStream=3475435;RepartitionExec[Merge]=1704654
event	111094	refusal	RepartitionExec[63]	1	1036178	2192348	268048035	356	78	1704654		RepartitionExec=262867946;OrderedPartialAggregateStream=3475435;RepartitionExec[Merge]=1704654
event	111110	refusal	RepartitionExec[58]	1	732330	2192348	268048035	356	78	1704654		RepartitionExec=262867946;OrderedPartialAggregateStream=3475435;RepartitionExec[Merge]=1704654
event	111151	refusal	RepartitionExec[57]	1	849763	2192348	268048035	356	78	1704654		RepartitionExec=262867946;OrderedPartialAggregateStream=3475435;RepartitionExec[Merge]=1704654
event	111156	refusal	RepartitionExec[53]	1	816836	2192348	268048035	356	78	1704654		RepartitionExec=262867946;OrderedPartialAggregateStream=3475435;RepartitionExec[Merge]=1704654
event	111176	refusal	RepartitionExec[58]	1	1036304	2192348	268048035	356	78	1704654		RepartitionExec=262867946;OrderedPartialAggregateStream=3475435;RepartitionExec[Merge]=1704654
event	111197	refusal	RepartitionExec[32]	1	456868	2192348	268048035	356	78	1704654		RepartitionExec=262867946;OrderedPartialAggregateStream=3475435;RepartitionExec[Merge]=1704654
event	111221	refusal	RepartitionExec[64]	1	595234	2192348	268048035	356	78	1704654		RepartitionExec=262867946;OrderedPartialAggregateStream=3475435;RepartitionExec[Merge]=1704654
event	111251	refusal	RepartitionExec[49]	1	810770	2192348	268048035	356	78	1704654		RepartitionExec=262867946;OrderedPartialAggregateStream=3475435;RepartitionExec[Merge]=1704654
event	111268	refusal	RepartitionExec[68]	1	672884	2192348	268048035	356	78	1704654		RepartitionExec=262867946;OrderedPartialAggregateStream=3475435;RepartitionExec[Merge]=1704654
event	111292	refusal	RepartitionExec[52]	1	1036304	2192348	268048035	356	78	1704654		RepartitionExec=262867946;OrderedPartialAggregateStream=3475435;RepartitionExec[Merge]=1704654
event	111304	refusal	RepartitionExec[51]	1	528026	2192348	268048035	356	78	1704654		RepartitionExec=262867946;OrderedPartialAggregateStream=3475435;RepartitionExec[Merge]=1704654
event	111337	refusal	RepartitionExec[67]	1	660341	2192348	268048035	356	78	1704654		RepartitionExec=262867946;OrderedPartialAggregateStream=3475435;RepartitionExec[Merge]=1704654
event	111364	refusal	RepartitionExec[63]	1	593234	2192348	268048035	356	78	1704654		RepartitionExec=262867946;OrderedPartialAggregateStream=3475435;RepartitionExec[Merge]=1704654
event	111382	refusal	RepartitionExec[71]	1	463948	2192348	268048035	356	78	1704654		RepartitionExec=262867946;OrderedPartialAggregateStream=3475435;RepartitionExec[Merge]=1704654
event	111405	refusal	RepartitionExec[60]	1	782114	2192348	268048035	356	78	1704654		RepartitionExec=262867946;OrderedPartialAggregateStream=3475435;RepartitionExec[Merge]=1704654
event	111432	refusal	RepartitionExec[64]	1	576806	2192348	268048035	356	78	1704654		RepartitionExec=262867946;OrderedPartialAggregateStream=3475435;RepartitionExec[Merge]=1704654
event	111449	refusal	RepartitionExec[64]	1	1036178	2192348	268048035	356	78	1704654		RepartitionExec=262867946;OrderedPartialAggregateStream=3475435;RepartitionExec[Merge]=1704654
event	111468	refusal	RepartitionExec[59]	1	732330	2192348	268048035	356	78	1704654		RepartitionExec=262867946;OrderedPartialAggregateStream=3475435;RepartitionExec[Merge]=1704654
event	111490	refusal	RepartitionExec[58]	1	849763	2192348	268048035	356	78	1704654		RepartitionExec=262867946;OrderedPartialAggregateStream=3475435;RepartitionExec[Merge]=1704654
event	111506	refusal	RepartitionExec[54]	1	816836	2192348	268048035	356	78	1704654		RepartitionExec=262867946;OrderedPartialAggregateStream=3475435;RepartitionExec[Merge]=1704654
event	111531	refusal	RepartitionExec[59]	1	1036304	2192348	268048035	356	78	1704654		RepartitionExec=262867946;OrderedPartialAggregateStream=3475435;RepartitionExec[Merge]=1704654
event	111548	refusal	RepartitionExec[33]	1	456868	2192348	268048035	356	78	1704654		RepartitionExec=262867946;OrderedPartialAggregateStream=3475435;RepartitionExec[Merge]=1704654
event	111573	refusal	RepartitionExec[65]	1	595234	2192348	268048035	356	78	1704654		RepartitionExec=262867946;OrderedPartialAggregateStream=3475435;RepartitionExec[Merge]=1704654
event	111592	refusal	RepartitionExec[50]	1	810770	2192348	268048035	356	78	1704654		RepartitionExec=262867946;OrderedPartialAggregateStream=3475435;RepartitionExec[Merge]=1704654
event	111612	refusal	RepartitionExec[69]	1	672884	2192348	268048035	356	78	1704654		RepartitionExec=262867946;OrderedPartialAggregateStream=3475435;RepartitionExec[Merge]=1704654
event	111631	refusal	RepartitionExec[53]	1	1036304	2192348	268048035	356	78	1704654		RepartitionExec=262867946;OrderedPartialAggregateStream=3475435;RepartitionExec[Merge]=1704654
event	111674	refusal	RepartitionExec[52]	1	528026	2192348	268048035	356	78	1704654		RepartitionExec=262867946;OrderedPartialAggregateStream=3475435;RepartitionExec[Merge]=1704654
event	111698	refusal	RepartitionExec[68]	1	660341	2192348	268048035	356	78	1704654		RepartitionExec=262867946;OrderedPartialAggregateStream=3475435;RepartitionExec[Merge]=1704654
event	111711	refusal	RepartitionExec[54]	1	1036304	2192348	268048035	356	78	1704654		RepartitionExec=262867946;OrderedPartialAggregateStream=3475435;RepartitionExec[Merge]=1704654
event	111726	refusal	RepartitionExec[72]	1	463948	2192348	268048035	356	78	1704654		RepartitionExec=262867946;OrderedPartialAggregateStream=3475435;RepartitionExec[Merge]=1704654
event	111769	refusal	RepartitionExec[53]	1	528026	2192348	268048035	356	78	1704654		RepartitionExec=262867946;OrderedPartialAggregateStream=3475435;RepartitionExec[Merge]=1704654
event	111788	refusal	RepartitionExec[69]	1	660341	2192348	268048035	356	78	1704654		RepartitionExec=262867946;OrderedPartialAggregateStream=3475435;RepartitionExec[Merge]=1704654
event	111796	refusal	RepartitionExec[65]	1	1036178	2192348	268048035	356	78	1704654		RepartitionExec=262867946;OrderedPartialAggregateStream=3475435;RepartitionExec[Merge]=1704654
event	111818	refusal	RepartitionExec[60]	1	732330	2192348	268048035	356	78	1704654		RepartitionExec=262867946;OrderedPartialAggregateStream=3475435;RepartitionExec[Merge]=1704654
event	111835	refusal	RepartitionExec[59]	1	849763	2192348	268048035	356	78	1704654		RepartitionExec=262867946;OrderedPartialAggregateStream=3475435;RepartitionExec[Merge]=1704654
event	111859	refusal	RepartitionExec[55]	1	816836	2192348	268048035	356	78	1704654		RepartitionExec=262867946;OrderedPartialAggregateStream=3475435;RepartitionExec[Merge]=1704654
event	111878	refusal	RepartitionExec[60]	1	1036304	2192348	268048035	356	78	1704654		RepartitionExec=262867946;OrderedPartialAggregateStream=3475435;RepartitionExec[Merge]=1704654
event	111902	refusal	RepartitionExec[34]	1	456868	2192348	268048035	356	78	1704654		RepartitionExec=262867946;OrderedPartialAggregateStream=3475435;RepartitionExec[Merge]=1704654
event	111923	refusal	RepartitionExec[66]	1	595234	2192348	268048035	356	78	1704654		RepartitionExec=262867946;OrderedPartialAggregateStream=3475435;RepartitionExec[Merge]=1704654
event	111953	refusal	RepartitionExec[51]	1	810770	2192348	268048035	356	78	1704654		RepartitionExec=262867946;OrderedPartialAggregateStream=3475435;RepartitionExec[Merge]=1704654
event	111971	refusal	RepartitionExec[70]	1	672884	2192348	268048035	356	78	1704654		RepartitionExec=262867946;OrderedPartialAggregateStream=3475435;RepartitionExec[Merge]=1704654
event	111999	refusal	RepartitionExec[67]	1	595234	2192348	268048035	356	78	1704654		RepartitionExec=262867946;OrderedPartialAggregateStream=3475435;RepartitionExec[Merge]=1704654
event	112015	refusal	RepartitionExec[61]	1	782114	2192348	268048035	356	78	1704654		RepartitionExec=262867946;OrderedPartialAggregateStream=3475435;RepartitionExec[Merge]=1704654
event	112055	refusal	RepartitionExec[65]	1	576806	2192348	268048035	356	78	1704654		RepartitionExec=262867946;OrderedPartialAggregateStream=3475435;RepartitionExec[Merge]=1704654
event	112063	refusal	RepartitionExec[55]	1	1036304	2192348	268048035	356	78	1704654		RepartitionExec=262867946;OrderedPartialAggregateStream=3475435;RepartitionExec[Merge]=1704654
event	112093	refusal	RepartitionExec[73]	1	463948	2192348	268048035	356	78	1704654		RepartitionExec=262867946;OrderedPartialAggregateStream=3475435;RepartitionExec[Merge]=1704654
event	112118	refusal	RepartitionExec[54]	1	528026	2192348	268048035	356	78	1704654		RepartitionExec=262867946;OrderedPartialAggregateStream=3475435;RepartitionExec[Merge]=1704654
event	112137	refusal	RepartitionExec[56]	1	1036304	2192348	268048035	356	78	1704654		RepartitionExec=262867946;OrderedPartialAggregateStream=3475435;RepartitionExec[Merge]=1704654
event	112161	refusal	RepartitionExec[66]	1	1036178	2192348	268048035	356	78	1704654		RepartitionExec=262867946;OrderedPartialAggregateStream=3475435;RepartitionExec[Merge]=1704654
event	112185	refusal	RepartitionExec[61]	1	732330	2192348	268048035	356	78	1704654		RepartitionExec=262867946;OrderedPartialAggregateStream=3475435;RepartitionExec[Merge]=1704654
event	112209	refusal	RepartitionExec[60]	1	849763	2192348	268048035	356	78	1704654		RepartitionExec=262867946;OrderedPartialAggregateStream=3475435;RepartitionExec[Merge]=1704654
event	112243	refusal	RepartitionExec[56]	1	816836	2192348	268048035	356	78	1704654		RepartitionExec=262867946;OrderedPartialAggregateStream=3475435;RepartitionExec[Merge]=1704654
event	112263	refusal	RepartitionExec[61]	1	1036304	2192348	268048035	356	78	1704654		RepartitionExec=262867946;OrderedPartialAggregateStream=3475435;RepartitionExec[Merge]=1704654
event	112275	refusal	RepartitionExec[61]	1	849763	2192348	268048035	356	78	1704654		RepartitionExec=262867946;OrderedPartialAggregateStream=3475435;RepartitionExec[Merge]=1704654
event	112305	refusal	RepartitionExec[64]	1	593234	2192348	268048035	356	78	1704654		RepartitionExec=262867946;OrderedPartialAggregateStream=3475435;RepartitionExec[Merge]=1704654
event	112327	refusal	RepartitionExec[52]	1	810770	2192348	268048035	356	78	1704654		RepartitionExec=262867946;OrderedPartialAggregateStream=3475435;RepartitionExec[Merge]=1704654
event	112346	refusal	RepartitionExec[71]	1	672884	2192348	268048035	356	78	1704654		RepartitionExec=262867946;OrderedPartialAggregateStream=3475435;RepartitionExec[Merge]=1704654
event	112378	refusal	RepartitionExec[68]	1	595234	2192348	268048035	356	78	1704654		RepartitionExec=262867946;OrderedPartialAggregateStream=3475435;RepartitionExec[Merge]=1704654
event	112388	refusal	RepartitionExec[62]	1	782114	2192348	268048035	356	78	1704654		RepartitionExec=262867946;OrderedPartialAggregateStream=3475435;RepartitionExec[Merge]=1704654
event	112430	refusal	RepartitionExec[66]	1	576806	2192348	268048035	356	78	1704654		RepartitionExec=262867946;OrderedPartialAggregateStream=3475435;RepartitionExec[Merge]=1704654
event	112433	refusal	RepartitionExec[70]	1	660341	2192348	268048035	356	78	1704654		RepartitionExec=262867946;OrderedPartialAggregateStream=3475435;RepartitionExec[Merge]=1704654
event	112466	refusal	RepartitionExec[74]	1	463948	2192348	268048035	356	78	1704654		RepartitionExec=262867946;OrderedPartialAggregateStream=3475435;RepartitionExec[Merge]=1704654
event	112487	refusal	RepartitionExec[55]	1	528026	2192348	268048035	356	78	1704654		RepartitionExec=262867946;OrderedPartialAggregateStream=3475435;RepartitionExec[Merge]=1704654
event	112518	refusal	RepartitionExec[71]	1	660341	2192348	268048035	356	78	1704654		RepartitionExec=262867946;OrderedPartialAggregateStream=3475435;RepartitionExec[Merge]=1704654
event	112545	refusal	RepartitionExec[67]	1	1036178	2192348	268048035	356	78	1704654		RepartitionExec=262867946;OrderedPartialAggregateStream=3475435;RepartitionExec[Merge]=1704654
event	112554	refusal	RepartitionExec[62]	1	732330	2192348	268048035	356	78	1704654		RepartitionExec=262867946;OrderedPartialAggregateStream=3475435;RepartitionExec[Merge]=1704654
event	112578	refusal	RepartitionExec[35]	1	456868	2192348	268048035	356	78	1704654		RepartitionExec=262867946;OrderedPartialAggregateStream=3475435;RepartitionExec[Merge]=1704654
event	112599	refusal	RepartitionExec[57]	1	816836	2192348	268048035	356	78	1704654		RepartitionExec=262867946;OrderedPartialAggregateStream=3475435;RepartitionExec[Merge]=1704654
event	112613	refusal	RepartitionExec[68]	1	1036178	2192348	268048035	356	78	1704654		RepartitionExec=262867946;OrderedPartialAggregateStream=3475435;RepartitionExec[Merge]=1704654
event	112635	refusal	RepartitionExec[62]	1	849763	2192348	268048035	356	78	1704654		RepartitionExec=262867946;OrderedPartialAggregateStream=3475435;RepartitionExec[Merge]=1704654
event	112656	refusal	RepartitionExec[65]	1	593234	2192348	268048035	356	78	1704654		RepartitionExec=262867946;OrderedPartialAggregateStream=3475435;RepartitionExec[Merge]=1704654
event	112679	refusal	RepartitionExec[53]	1	810770	2192348	268048035	356	78	1704654		RepartitionExec=262867946;OrderedPartialAggregateStream=3475435;RepartitionExec[Merge]=1704654
event	112700	refusal	RepartitionExec[72]	1	672884	2192348	268048035	356	78	1704654		RepartitionExec=262867946;OrderedPartialAggregateStream=3475435;RepartitionExec[Merge]=1704654
event	112733	refusal	RepartitionExec[69]	1	595234	2192348	268048035	356	78	1704654		RepartitionExec=262867946;OrderedPartialAggregateStream=3475435;RepartitionExec[Merge]=1704654
event	112744	refusal	RepartitionExec[63]	1	782114	2192348	268048035	356	78	1704654		RepartitionExec=262867946;OrderedPartialAggregateStream=3475435;RepartitionExec[Merge]=1704654
event	112786	refusal	RepartitionExec[67]	1	576806	2192348	268048035	356	78	1704654		RepartitionExec=262867946;OrderedPartialAggregateStream=3475435;RepartitionExec[Merge]=1704654
event	112792	refusal	RepartitionExec[57]	1	1036304	2192348	268048035	356	78	1704654		RepartitionExec=262867946;OrderedPartialAggregateStream=3475435;RepartitionExec[Merge]=1704654
event	112809	refusal	RepartitionExec[75]	1	463948	2192348	268048035	356	78	1704654		RepartitionExec=262867946;OrderedPartialAggregateStream=3475435;RepartitionExec[Merge]=1704654
event	112850	refusal	RepartitionExec[56]	1	528026	2192348	268048035	356	78	1704654		RepartitionExec=262867946;OrderedPartialAggregateStream=3475435;RepartitionExec[Merge]=1704654
event	112859	refusal	RepartitionExec[68]	1	576806	2192348	268048035	356	78	1704654		RepartitionExec=262867946;OrderedPartialAggregateStream=3475435;RepartitionExec[Merge]=1704654
event	112872	refusal	RepartitionExec[76]	1	463948	2192348	268048035	356	78	1704654		RepartitionExec=262867946;OrderedPartialAggregateStream=3475435;RepartitionExec[Merge]=1704654
event	112903	refusal	RepartitionExec[63]	1	732330	2192348	268048035	356	78	1704654		RepartitionExec=262867946;OrderedPartialAggregateStream=3475435;RepartitionExec[Merge]=1704654
event	112917	refusal	RepartitionExec[57]	1	528026	2192348	268048035	356	78	1704654		RepartitionExec=262867946;OrderedPartialAggregateStream=3475435;RepartitionExec[Merge]=1704654
event	112939	refusal	RepartitionExec[58]	1	816836	2192348	268048035	356	78	1704654		RepartitionExec=262867946;OrderedPartialAggregateStream=3475435;RepartitionExec[Merge]=1704654
event	112960	refusal	RepartitionExec[69]	1	1036178	2192348	268048035	356	78	1704654		RepartitionExec=262867946;OrderedPartialAggregateStream=3475435;RepartitionExec[Merge]=1704654
event	112982	refusal	RepartitionExec[63]	1	849763	2192348	268048035	356	78	1704654		RepartitionExec=262867946;OrderedPartialAggregateStream=3475435;RepartitionExec[Merge]=1704654
event	113002	refusal	RepartitionExec[66]	1	593234	2192348	268048035	356	78	1704654		RepartitionExec=262867946;OrderedPartialAggregateStream=3475435;RepartitionExec[Merge]=1704654
event	113026	refusal	RepartitionExec[54]	1	810770	2192348	268048035	356	78	1704654		RepartitionExec=262867946;OrderedPartialAggregateStream=3475435;RepartitionExec[Merge]=1704654
event	113042	refusal	RepartitionExec[73]	1	672884	2192348	268048035	356	78	1704654		RepartitionExec=262867946;OrderedPartialAggregateStream=3475435;RepartitionExec[Merge]=1704654
event	113066	refusal	RepartitionExec[70]	1	595234	2192348	268048035	356	78	1704654		RepartitionExec=262867946;OrderedPartialAggregateStream=3475435;RepartitionExec[Merge]=1704654
event	113086	refusal	RepartitionExec[64]	1	782114	2192348	268048035	356	78	1704654		RepartitionExec=262867946;OrderedPartialAggregateStream=3475435;RepartitionExec[Merge]=1704654
event	113115	refusal	RepartitionExec[58]	1	1036304	2192348	268048035	356	78	1704654		RepartitionExec=262867946;OrderedPartialAggregateStream=3475435;RepartitionExec[Merge]=1704654
event	113136	refusal	RepartitionExec[72]	1	660341	2192348	268048035	356	78	1704654		RepartitionExec=262867946;OrderedPartialAggregateStream=3475435;RepartitionExec[Merge]=1704654
event	119136	refusal	RepartitionExec[62]	1	1036304	2192348	268048035	356	78	1704654		RepartitionExec=262867946;OrderedPartialAggregateStream=3475435;RepartitionExec[Merge]=1704654
event	119158	refusal	RepartitionExec[36]	1	456868	2192348	268048035	356	78	1704654		RepartitionExec=262867946;OrderedPartialAggregateStream=3475435;RepartitionExec[Merge]=1704654
event	119188	refusal	RepartitionExec[69]	1	576806	2192348	268048035	356	78	1704654		RepartitionExec=262867946;OrderedPartialAggregateStream=3475435;RepartitionExec[Merge]=1704654
event	119215	refusal	RepartitionExec[77]	1	463948	2192348	268048035	356	78	1704654		RepartitionExec=262867946;OrderedPartialAggregateStream=3475435;RepartitionExec[Merge]=1704654
event	119246	refusal	RepartitionExec[64]	1	732330	2192348	268048035	356	78	1704654		RepartitionExec=262867946;OrderedPartialAggregateStream=3475435;RepartitionExec[Merge]=1704654
event	119279	refusal	RepartitionExec[58]	1	528026	2192348	268048035	356	78	1704654		RepartitionExec=262867946;OrderedPartialAggregateStream=3475435;RepartitionExec[Merge]=1704654
event	119345	refusal	RepartitionExec[59]	1	816836	2192348	268048035	356	78	1704654		RepartitionExec=262867946;OrderedPartialAggregateStream=3475435;RepartitionExec[Merge]=1704654
event	119382	refusal	RepartitionExec[70]	1	1036178	2192348	268048035	356	78	1704654		RepartitionExec=262867946;OrderedPartialAggregateStream=3475435;RepartitionExec[Merge]=1704654
event	119388	refusal	RepartitionExec[64]	1	849763	2192348	268048035	356	78	1704654		RepartitionExec=262867946;OrderedPartialAggregateStream=3475435;RepartitionExec[Merge]=1704654
event	119408	refusal	RepartitionExec[67]	1	593234	2192348	268048035	356	78	1704654		RepartitionExec=262867946;OrderedPartialAggregateStream=3475435;RepartitionExec[Merge]=1704654
event	119442	refusal	RepartitionExec[60]	1	816836	2192348	268048035	356	78	1704654		RepartitionExec=262867946;OrderedPartialAggregateStream=3475435;RepartitionExec[Merge]=1704654
event	119475	refusal	RepartitionExec[74]	1	672884	2192348	268048035	356	78	1704654		RepartitionExec=262867946;OrderedPartialAggregateStream=3475435;RepartitionExec[Merge]=1704654
event	119502	refusal	RepartitionExec[68]	1	593234	2192348	268048035	356	78	1704654		RepartitionExec=262867946;OrderedPartialAggregateStream=3475435;RepartitionExec[Merge]=1704654
event	119519	refusal	RepartitionExec[65]	1	782114	2192348	268048035	356	78	1704654		RepartitionExec=262867946;OrderedPartialAggregateStream=3475435;RepartitionExec[Merge]=1704654
event	119559	refusal	RepartitionExec[59]	1	1036304	2192348	268048035	356	78	1704654		RepartitionExec=262867946;OrderedPartialAggregateStream=3475435;RepartitionExec[Merge]=1704654
event	119582	refusal	RepartitionExec[73]	1	660341	2192348	268048035	356	78	1704654		RepartitionExec=262867946;OrderedPartialAggregateStream=3475435;RepartitionExec[Merge]=1704654
event	119591	refusal	RepartitionExec[63]	1	1036304	2192348	268048035	356	78	1704654		RepartitionExec=262867946;OrderedPartialAggregateStream=3475435;RepartitionExec[Merge]=1704654
event	119627	refusal	RepartitionExec[37]	1	456868	2192348	268048035	356	78	1704654		RepartitionExec=262867946;OrderedPartialAggregateStream=3475435;RepartitionExec[Merge]=1704654
event	119658	refusal	RepartitionExec[70]	1	576806	2192348	268048035	356	78	1704654		RepartitionExec=262867946;OrderedPartialAggregateStream=3475435;RepartitionExec[Merge]=1704654
event	119685	refusal	RepartitionExec[78]	1	463948	2192348	268048035	356	78	1704654		RepartitionExec=262867946;OrderedPartialAggregateStream=3475435;RepartitionExec[Merge]=1704654
event	119726	refusal	RepartitionExec[65]	1	732330	2192348	268048035	356	78	1704654		RepartitionExec=262867946;OrderedPartialAggregateStream=3475435;RepartitionExec[Merge]=1704654
event	119773	refusal	RepartitionExec[59]	1	528026	2192348	268048035	356	78	1704654		RepartitionExec=262867946;OrderedPartialAggregateStream=3475435;RepartitionExec[Merge]=1704654
event	119774	refusal	RepartitionExec[55]	1	810770	2192348	268048035	356	78	1704654		RepartitionExec=262867946;OrderedPartialAggregateStream=3475435;RepartitionExec[Merge]=1704654
event	119835	refusal	RepartitionExec[71]	1	1036178	2192348	268048035	356	78	1704654		RepartitionExec=262867946;OrderedPartialAggregateStream=3475435;RepartitionExec[Merge]=1704654
event	119842	refusal	RepartitionExec[65]	1	849763	2192348	268048035	356	78	1704654		RepartitionExec=262867946;OrderedPartialAggregateStream=3475435;RepartitionExec[Merge]=1704654
event	119873	refusal	RepartitionExec[60]	1	528026	2192348	268048035	356	78	1704654		RepartitionExec=262867946;OrderedPartialAggregateStream=3475435;RepartitionExec[Merge]=1704654
event	119892	refusal	RepartitionExec[61]	1	816836	2192348	268048035	356	78	1704654		RepartitionExec=262867946;OrderedPartialAggregateStream=3475435;RepartitionExec[Merge]=1704654
event	119923	refusal	RepartitionExec[75]	1	672884	2192348	268048035	356	78	1704654		RepartitionExec=262867946;OrderedPartialAggregateStream=3475435;RepartitionExec[Merge]=1704654
event	119967	refusal	RepartitionExec[69]	1	593234	2192348	268048035	356	78	1704654		RepartitionExec=262867946;OrderedPartialAggregateStream=3475435;RepartitionExec[Merge]=1704654
event	119975	refusal	RepartitionExec[66]	1	782114	2192348	268048035	356	78	1704654		RepartitionExec=262867946;OrderedPartialAggregateStream=3475435;RepartitionExec[Merge]=1704654
event	120017	refusal	RepartitionExec[60]	1	1036304	2192348	268048035	356	78	1704654		RepartitionExec=262867946;OrderedPartialAggregateStream=3475435;RepartitionExec[Merge]=1704654
event	120032	refusal	RepartitionExec[74]	1	660341	2192348	268048035	356	78	1704654		RepartitionExec=262867946;OrderedPartialAggregateStream=3475435;RepartitionExec[Merge]=1704654
event	120043	refusal	RepartitionExec[64]	1	1036304	2192348	268048035	356	78	1704654		RepartitionExec=262867946;OrderedPartialAggregateStream=3475435;RepartitionExec[Merge]=1704654
event	120087	refusal	RepartitionExec[38]	1	456868	2192348	268048035	356	78	1704654		RepartitionExec=262867946;OrderedPartialAggregateStream=3475435;RepartitionExec[Merge]=1704654
event	120121	refusal	RepartitionExec[61]	1	1036304	2192348	268048035	356	78	1704654		RepartitionExec=262867946;OrderedPartialAggregateStream=3475435;RepartitionExec[Merge]=1704654
event	120121	refusal	RepartitionExec[65]	1	1036304	2192348	268048035	356	78	1704654		RepartitionExec=262867946;OrderedPartialAggregateStream=3475435;RepartitionExec[Merge]=1704654
event	120174	refusal	RepartitionExec[66]	1	732330	2192348	268048035	356	78	1704654		RepartitionExec=262867946;OrderedPartialAggregateStream=3475435;RepartitionExec[Merge]=1704654
event	120200	refusal	RepartitionExec[56]	1	810770	2192348	268048035	356	78	1704654		RepartitionExec=262867946;OrderedPartialAggregateStream=3475435;RepartitionExec[Merge]=1704654
event	120213	refusal	RepartitionExec[71]	1	595234	2192348	268048035	356	78	1704654		RepartitionExec=262867946;OrderedPartialAggregateStream=3475435;RepartitionExec[Merge]=1704654
event	120260	refusal	RepartitionExec[72]	1	1036178	2192348	268048035	356	78	1704654		RepartitionExec=262867946;OrderedPartialAggregateStream=3475435;RepartitionExec[Merge]=1704654
event	120276	refusal	RepartitionExec[66]	1	849763	2192348	268048035	356	78	1704654		RepartitionExec=262867946;OrderedPartialAggregateStream=3475435;RepartitionExec[Merge]=1704654
event	120311	refusal	RepartitionExec[61]	1	528026	2192348	268048035	356	78	1704654		RepartitionExec=262867946;OrderedPartialAggregateStream=3475435;RepartitionExec[Merge]=1704654
event	120337	refusal	RepartitionExec[62]	1	816836	2192348	268048035	356	78	1704654		RepartitionExec=262867946;OrderedPartialAggregateStream=3475435;RepartitionExec[Merge]=1704654
event	120363	refusal	RepartitionExec[76]	1	672884	2192348	268048035	356	78	1704654		RepartitionExec=262867946;OrderedPartialAggregateStream=3475435;RepartitionExec[Merge]=1704654
event	120375	refusal	RepartitionExec[70]	1	593234	2192348	268048035	356	78	1704654		RepartitionExec=262867946;OrderedPartialAggregateStream=3475435;RepartitionExec[Merge]=1704654
event	120411	refusal	RepartitionExec[67]	1	782114	2192348	268048035	356	78	1704654		RepartitionExec=262867946;OrderedPartialAggregateStream=3475435;RepartitionExec[Merge]=1704654
event	120437	refusal	RepartitionExec[71]	1	576806	2192348	268048035	356	78	1704654		RepartitionExec=262867946;OrderedPartialAggregateStream=3475435;RepartitionExec[Merge]=1704654
event	120465	refusal	RepartitionExec[75]	1	660341	2192348	268048035	356	78	1704654		RepartitionExec=262867946;OrderedPartialAggregateStream=3475435;RepartitionExec[Merge]=1704654
event	120477	refusal	RepartitionExec[79]	1	463948	2192348	268048035	356	78	1704654		RepartitionExec=262867946;OrderedPartialAggregateStream=3475435;RepartitionExec[Merge]=1704654
event	120517	refusal	RepartitionExec[39]	1	456868	2192348	268048035	356	78	1704654		RepartitionExec=262867946;OrderedPartialAggregateStream=3475435;RepartitionExec[Merge]=1704654
event	120544	refusal	RepartitionExec[62]	1	1036304	2192348	268048035	356	78	1704654		RepartitionExec=262867946;OrderedPartialAggregateStream=3475435;RepartitionExec[Merge]=1704654
event	120568	refusal	RepartitionExec[66]	1	1036304	2192348	268048035	356	78	1704654		RepartitionExec=262867946;OrderedPartialAggregateStream=3475435;RepartitionExec[Merge]=1704654
event	120613	refusal	RepartitionExec[67]	1	732330	2192348	268048035	356	78	1704654		RepartitionExec=262867946;OrderedPartialAggregateStream=3475435;RepartitionExec[Merge]=1704654
event	120635	refusal	RepartitionExec[72]	1	595234	2192348	268048035	356	78	1704654		RepartitionExec=262867946;OrderedPartialAggregateStream=3475435;RepartitionExec[Merge]=1704654
event	120653	refusal	RepartitionExec[57]	1	810770	2192348	268048035	356	78	1704654		RepartitionExec=262867946;OrderedPartialAggregateStream=3475435;RepartitionExec[Merge]=1704654
event	120696	refusal	RepartitionExec[73]	1	1036178	2192348	268048035	356	78	1704654		RepartitionExec=262867946;OrderedPartialAggregateStream=3475435;RepartitionExec[Merge]=1704654
event	120708	refusal	RepartitionExec[68]	1	732330	2192348	268048035	356	78	1704654		RepartitionExec=262867946;OrderedPartialAggregateStream=3475435;RepartitionExec[Merge]=1704654
event	120752	refusal	RepartitionExec[62]	1	528026	2192348	268048035	356	78	1704654		RepartitionExec=262867946;OrderedPartialAggregateStream=3475435;RepartitionExec[Merge]=1704654
event	120787	refusal	RepartitionExec[63]	1	816836	2192348	268048035	356	78	1704654		RepartitionExec=262867946;OrderedPartialAggregateStream=3475435;RepartitionExec[Merge]=1704654
event	120796	refusal	RepartitionExec[77]	1	672884	2192348	268048035	356	78	1704654		RepartitionExec=262867946;OrderedPartialAggregateStream=3475435;RepartitionExec[Merge]=1704654
event	120812	refusal	RepartitionExec[71]	1	593234	2192348	268048035	356	78	1704654		RepartitionExec=262867946;OrderedPartialAggregateStream=3475435;RepartitionExec[Merge]=1704654
event	120847	refusal	RepartitionExec[68]	1	782114	2192348	268048035	356	78	1704654		RepartitionExec=262867946;OrderedPartialAggregateStream=3475435;RepartitionExec[Merge]=1704654
event	120869	refusal	RepartitionExec[64]	1	816836	2192348	268048035	356	78	1704654		RepartitionExec=262867946;OrderedPartialAggregateStream=3475435;RepartitionExec[Merge]=1704654
event	120898	refusal	RepartitionExec[72]	1	593234	2192348	268048035	356	78	1704654		RepartitionExec=262867946;OrderedPartialAggregateStream=3475435;RepartitionExec[Merge]=1704654
event	120923	refusal	RepartitionExec[80]	1	463948	2192348	268048035	356	78	1704654		RepartitionExec=262867946;OrderedPartialAggregateStream=3475435;RepartitionExec[Merge]=1704654
event	120944	refusal	RepartitionExec[40]	1	456868	2192348	268048035	356	78	1704654		RepartitionExec=262867946;OrderedPartialAggregateStream=3475435;RepartitionExec[Merge]=1704654
event	120974	refusal	RepartitionExec[63]	1	1036304	2192348	268048035	356	78	1704654		RepartitionExec=262867946;OrderedPartialAggregateStream=3475435;RepartitionExec[Merge]=1704654
event	121000	refusal	RepartitionExec[67]	1	1036304	2192348	268048035	356	78	1704654		RepartitionExec=262867946;OrderedPartialAggregateStream=3475435;RepartitionExec[Merge]=1704654
event	121033	refusal	RepartitionExec[67]	1	849763	2192348	268048035	356	78	1704654		RepartitionExec=262867946;OrderedPartialAggregateStream=3475435;RepartitionExec[Merge]=1704654
event	121040	refusal	RepartitionExec[73]	1	595234	2192348	268048035	356	78	1704654		RepartitionExec=262867946;OrderedPartialAggregateStream=3475435;RepartitionExec[Merge]=1704654
event	121106	refusal	RepartitionExec[58]	1	810770	2192348	268048035	356	78	1704654		RepartitionExec=262867946;OrderedPartialAggregateStream=3475435;RepartitionExec[Merge]=1704654
event	121134	refusal	RepartitionExec[74]	1	1036178	2192348	268048035	356	78	1704654		RepartitionExec=262867946;OrderedPartialAggregateStream=3475435;RepartitionExec[Merge]=1704654
event	121150	refusal	RepartitionExec[69]	1	732330	2192348	268048035	356	78	1704654		RepartitionExec=262867946;OrderedPartialAggregateStream=3475435;RepartitionExec[Merge]=1704654
event	121184	refusal	RepartitionExec[63]	1	528026	2192348	268048035	356	78	1704654		RepartitionExec=262867946;OrderedPartialAggregateStream=3475435;RepartitionExec[Merge]=1704654
event	121205	refusal	RepartitionExec[72]	1	576806	2192348	268048035	356	78	1704654		RepartitionExec=262867946;OrderedPartialAggregateStream=3475435;RepartitionExec[Merge]=1704654
event	121234	refusal	RepartitionExec[78]	1	672884	2192348	268048035	356	78	1704654		RepartitionExec=262867946;OrderedPartialAggregateStream=3475435;RepartitionExec[Merge]=1704654
event	121254	refusal	RepartitionExec[76]	1	660341	2192348	268048035	356	78	1704654		RepartitionExec=262867946;OrderedPartialAggregateStream=3475435;RepartitionExec[Merge]=1704654
event	121277	refusal	RepartitionExec[69]	1	782114	2192348	268048035	356	78	1704654		RepartitionExec=262867946;OrderedPartialAggregateStream=3475435;RepartitionExec[Merge]=1704654
event	121298	refusal	RepartitionExec[65]	1	816836	2192348	268048035	356	78	1704654		RepartitionExec=262867946;OrderedPartialAggregateStream=3475435;RepartitionExec[Merge]=1704654
event	121346	refusal	RepartitionExec[73]	1	593234	2192348	268048035	356	78	1704654		RepartitionExec=262867946;OrderedPartialAggregateStream=3475435;RepartitionExec[Merge]=1704654
event	121364	refusal	RepartitionExec[81]	1	463948	2192348	268048035	356	78	1704654		RepartitionExec=262867946;OrderedPartialAggregateStream=3475435;RepartitionExec[Merge]=1704654
event	121382	refusal	RepartitionExec[66]	1	816836	2192348	268048035	356	78	1704654		RepartitionExec=262867946;OrderedPartialAggregateStream=3475435;RepartitionExec[Merge]=1704654
event	121391	refusal	RepartitionExec[64]	1	1036304	2192348	268048035	356	78	1704654		RepartitionExec=262867946;OrderedPartialAggregateStream=3475435;RepartitionExec[Merge]=1704654
event	121411	refusal	RepartitionExec[68]	1	1036304	2192348	268048035	356	78	1704654		RepartitionExec=262867946;OrderedPartialAggregateStream=3475435;RepartitionExec[Merge]=1704654
event	121437	refusal	RepartitionExec[68]	1	849763	2192348	268048035	356	78	1704654		RepartitionExec=262867946;OrderedPartialAggregateStream=3475435;RepartitionExec[Merge]=1704654
event	121457	refusal	RepartitionExec[74]	1	595234	2192348	268048035	356	78	1704654		RepartitionExec=262867946;OrderedPartialAggregateStream=3475435;RepartitionExec[Merge]=1704654
event	121488	refusal	RepartitionExec[59]	1	810770	2192348	268048035	356	78	1704654		RepartitionExec=262867946;OrderedPartialAggregateStream=3475435;RepartitionExec[Merge]=1704654
event	121515	refusal	RepartitionExec[75]	1	1036178	2192348	268048035	356	78	1704654		RepartitionExec=262867946;OrderedPartialAggregateStream=3475435;RepartitionExec[Merge]=1704654
event	121539	refusal	RepartitionExec[70]	1	732330	2192348	268048035	356	78	1704654		RepartitionExec=262867946;OrderedPartialAggregateStream=3475435;RepartitionExec[Merge]=1704654
event	121563	refusal	RepartitionExec[60]	1	810770	2192348	268048035	356	78	1704654		RepartitionExec=262867946;OrderedPartialAggregateStream=3475435;RepartitionExec[Merge]=1704654
event	121579	refusal	RepartitionExec[73]	1	576806	2192348	268048035	356	78	1704654		RepartitionExec=262867946;OrderedPartialAggregateStream=3475435;RepartitionExec[Merge]=1704654
event	121602	refusal	RepartitionExec[79]	1	672884	2192348	268048035	356	78	1704654		RepartitionExec=262867946;OrderedPartialAggregateStream=3475435;RepartitionExec[Merge]=1704654
event	121622	refusal	RepartitionExec[77]	1	660341	2192348	268048035	356	78	1704654		RepartitionExec=262867946;OrderedPartialAggregateStream=3475435;RepartitionExec[Merge]=1704654
event	121643	refusal	RepartitionExec[70]	1	782114	2192348	268048035	356	78	1704654		RepartitionExec=262867946;OrderedPartialAggregateStream=3475435;RepartitionExec[Merge]=1704654
event	121670	refusal	RepartitionExec[41]	1	456868	2192348	268048035	356	78	1704654		RepartitionExec=262867946;OrderedPartialAggregateStream=3475435;RepartitionExec[Merge]=1704654
event	121708	refusal	RepartitionExec[74]	1	593234	2192348	268048035	356	78	1704654		RepartitionExec=262867946;OrderedPartialAggregateStream=3475435;RepartitionExec[Merge]=1704654
event	121736	refusal	RepartitionExec[42]	1	456868	2251044	268048035	356	78	1704654		RepartitionExec=262867946;OrderedPartialAggregateStream=3475435;RepartitionExec[Merge]=1704654
event	121740	refusal	RepartitionExec[82]	1	463948	2192348	268048035	356	78	1704654		RepartitionExec=262867946;OrderedPartialAggregateStream=3475435;RepartitionExec[Merge]=1704654
event	121765	refusal	RepartitionExec[65]	1	1036304	2192348	268048035	356	78	1704654		RepartitionExec=262867946;OrderedPartialAggregateStream=3475435;RepartitionExec[Merge]=1704654
event	121795	refusal	RepartitionExec[69]	1	1036304	2192348	268048035	356	78	1704654		RepartitionExec=262867946;OrderedPartialAggregateStream=3475435;RepartitionExec[Merge]=1704654
event	121807	refusal	RepartitionExec[69]	1	849763	2192348	268048035	356	78	1704654		RepartitionExec=262867946;OrderedPartialAggregateStream=3475435;RepartitionExec[Merge]=1704654
event	121846	refusal	RepartitionExec[75]	1	595234	2192348	268048035	356	78	1704654		RepartitionExec=262867946;OrderedPartialAggregateStream=3475435;RepartitionExec[Merge]=1704654
event	121866	refusal	RepartitionExec[64]	1	528026	2192348	268048035	356	78	1704654		RepartitionExec=262867946;OrderedPartialAggregateStream=3475435;RepartitionExec[Merge]=1704654
event	121900	refusal	RepartitionExec[76]	1	1036178	2192348	268048035	356	78	1704654		RepartitionExec=262867946;OrderedPartialAggregateStream=3475435;RepartitionExec[Merge]=1704654
event	121902	refusal	RepartitionExec[71]	1	732330	2192348	268048035	356	78	1704654		RepartitionExec=262867946;OrderedPartialAggregateStream=3475435;RepartitionExec[Merge]=1704654
event	121912	refusal	RepartitionExec[76]	1	595234	2192348	268048035	356	78	1704654		RepartitionExec=262867946;OrderedPartialAggregateStream=3475435;RepartitionExec[Merge]=1704654
event	121944	refusal	RepartitionExec[65]	1	528026	2192348	268048035	356	78	1704654		RepartitionExec=262867946;OrderedPartialAggregateStream=3475435;RepartitionExec[Merge]=1704654
event	121964	refusal	RepartitionExec[80]	1	672884	2192348	268048035	356	78	1704654		RepartitionExec=262867946;OrderedPartialAggregateStream=3475435;RepartitionExec[Merge]=1704654
event	121996	refusal	RepartitionExec[77]	1	595234	2192348	268048035	356	78	1704654		RepartitionExec=262867946;OrderedPartialAggregateStream=3475435;RepartitionExec[Merge]=1704654
event	122024	refusal	RepartitionExec[71]	1	782114	2192348	268048035	356	78	1704654		RepartitionExec=262867946;OrderedPartialAggregateStream=3475435;RepartitionExec[Merge]=1704654
event	122035	refusal	RepartitionExec[67]	1	816836	2192348	268048035	356	78	1704654		RepartitionExec=262867946;OrderedPartialAggregateStream=3475435;RepartitionExec[Merge]=1704654
event	122058	refusal	RepartitionExec[75]	1	593234	2192348	268048035	356	78	1704654		RepartitionExec=262867946;OrderedPartialAggregateStream=3475435;RepartitionExec[Merge]=1704654
event	122076	refusal	RepartitionExec[43]	1	456868	2192348	268048035	356	78	1704654		RepartitionExec=262867946;OrderedPartialAggregateStream=3475435;RepartitionExec[Merge]=1704654
event	122097	refusal	RepartitionExec[72]	1	782114	2192348	268048035	356	78	1704654		RepartitionExec=262867946;OrderedPartialAggregateStream=3475435;RepartitionExec[Merge]=1704654
event	122138	refusal	RepartitionExec[66]	1	1036304	2192348	268048035	356	78	1704654		RepartitionExec=262867946;OrderedPartialAggregateStream=3475435;RepartitionExec[Merge]=1704654
event	122152	refusal	RepartitionExec[70]	1	1036304	2192348	268048035	356	78	1704654		RepartitionExec=262867946;OrderedPartialAggregateStream=3475435;RepartitionExec[Merge]=1704654
event	122167	refusal	RepartitionExec[73]	1	782114	2192348	268048035	356	78	1704654		RepartitionExec=262867946;OrderedPartialAggregateStream=3475435;RepartitionExec[Merge]=1704654
event	122197	refusal	RepartitionExec[61]	1	810770	2192348	268048035	356	78	1704654		RepartitionExec=262867946;OrderedPartialAggregateStream=3475435;RepartitionExec[Merge]=1704654
event	122220	refusal	RepartitionExec[74]	1	576806	2192348	268048035	356	78	1704654		RepartitionExec=262867946;OrderedPartialAggregateStream=3475435;RepartitionExec[Merge]=1704654
event	122249	refusal	RepartitionExec[74]	1	782114	2192348	268048035	356	78	1704654		RepartitionExec=262867946;OrderedPartialAggregateStream=3475435;RepartitionExec[Merge]=1704654
event	122263	refusal	RepartitionExec[72]	1	732330	2192348	268048035	356	78	1704654		RepartitionExec=262867946;OrderedPartialAggregateStream=3475435;RepartitionExec[Merge]=1704654
event	122298	refusal	RepartitionExec[78]	1	660341	2192348	268048035	356	78	1704654		RepartitionExec=262867946;OrderedPartialAggregateStream=3475435;RepartitionExec[Merge]=1704654
event	122304	refusal	RepartitionExec[66]	1	528026	2192348	268048035	356	78	1704654		RepartitionExec=262867946;OrderedPartialAggregateStream=3475435;RepartitionExec[Merge]=1704654
event	122327	refusal	RepartitionExec[81]	1	672884	2192348	268048035	356	78	1704654		RepartitionExec=262867946;OrderedPartialAggregateStream=3475435;RepartitionExec[Merge]=1704654
event	122369	refusal	RepartitionExec[78]	1	595234	2192348	268048035	356	78	1704654		RepartitionExec=262867946;OrderedPartialAggregateStream=3475435;RepartitionExec[Merge]=1704654
event	122372	refusal	RepartitionExec[67]	1	528026	2192348	268048035	356	78	1704654		RepartitionExec=262867946;OrderedPartialAggregateStream=3475435;RepartitionExec[Merge]=1704654
event	122394	refusal	RepartitionExec[82]	1	672884	2192348	268048035	356	78	1704654		RepartitionExec=262867946;OrderedPartialAggregateStream=3475435;RepartitionExec[Merge]=1704654
event	122430	refusal	RepartitionExec[76]	1	593234	2192348	268048035	356	78	1704654		RepartitionExec=262867946;OrderedPartialAggregateStream=3475435;RepartitionExec[Merge]=1704654
event	122438	refusal	RepartitionExec[68]	1	528026	2192348	268048035	356	78	1704654		RepartitionExec=262867946;OrderedPartialAggregateStream=3475435;RepartitionExec[Merge]=1704654
event	122463	refusal	RepartitionExec[83]	1	672884	2192348	268048035	356	78	1704654		RepartitionExec=262867946;OrderedPartialAggregateStream=3475435;RepartitionExec[Merge]=1704654
event	122499	refusal	RepartitionExec[67]	1	1036304	2192348	268048035	356	78	1704654		RepartitionExec=262867946;OrderedPartialAggregateStream=3475435;RepartitionExec[Merge]=1704654
event	122516	refusal	RepartitionExec[71]	1	1036304	2192348	268048035	356	78	1704654		RepartitionExec=262867946;OrderedPartialAggregateStream=3475435;RepartitionExec[Merge]=1704654
event	122529	refusal	RepartitionExec[84]	1	672884	2192348	268048035	356	78	1704654		RepartitionExec=262867946;OrderedPartialAggregateStream=3475435;RepartitionExec[Merge]=1704654
event	122563	refusal	RepartitionExec[62]	1	810770	2192348	268048035	356	78	1704654		RepartitionExec=262867946;OrderedPartialAggregateStream=3475435;RepartitionExec[Merge]=1704654
event	122603	refusal	RepartitionExec[75]	1	576806	2192348	268048035	356	78	1704654		RepartitionExec=262867946;OrderedPartialAggregateStream=3475435;RepartitionExec[Merge]=1704654
event	122625	refusal	RepartitionExec[75]	1	782114	2192348	268048035	356	78	1704654		RepartitionExec=262867946;OrderedPartialAggregateStream=3475435;RepartitionExec[Merge]=1704654
event	122636	refusal	RepartitionExec[63]	1	810770	2192348	268048035	356	78	1704654		RepartitionExec=262867946;OrderedPartialAggregateStream=3475435;RepartitionExec[Merge]=1704654
event	122668	refusal	RepartitionExec[79]	1	660341	2192348	268048035	356	78	1704654		RepartitionExec=262867946;OrderedPartialAggregateStream=3475435;RepartitionExec[Merge]=1704654
event	122690	refusal	RepartitionExec[83]	1	463948	2192348	268048035	356	78	1704654		RepartitionExec=262867946;OrderedPartialAggregateStream=3475435;RepartitionExec[Merge]=1704654
event	122732	refusal	RepartitionExec[68]	1	816836	2192348	268048035	356	78	1704654		RepartitionExec=262867946;OrderedPartialAggregateStream=3475435;RepartitionExec[Merge]=1704654
event	122739	refusal	RepartitionExec[80]	1	660341	2192348	268048035	356	78	1704654		RepartitionExec=262867946;OrderedPartialAggregateStream=3475435;RepartitionExec[Merge]=1704654
event	122755	refusal	RepartitionExec[84]	1	463948	2192348	268048035	356	78	1704654		RepartitionExec=262867946;OrderedPartialAggregateStream=3475435;RepartitionExec[Merge]=1704654
event	122786	refusal	RepartitionExec[70]	1	849763	2192348	268048035	356	78	1704654		RepartitionExec=262867946;OrderedPartialAggregateStream=3475435;RepartitionExec[Merge]=1704654
event	122816	refusal	RepartitionExec[69]	1	816836	2192348	268048035	356	78	1704654		RepartitionExec=262867946;OrderedPartialAggregateStream=3475435;RepartitionExec[Merge]=1704654
event	122839	refusal	RepartitionExec[85]	1	463948	2192348	268048035	356	78	1704654		RepartitionExec=262867946;OrderedPartialAggregateStream=3475435;RepartitionExec[Merge]=1704654
event	122868	refusal	RepartitionExec[77]	1	1036178	2192348	268048035	356	78	1704654		RepartitionExec=262867946;OrderedPartialAggregateStream=3475435;RepartitionExec[Merge]=1704654
event	122882	refusal	RepartitionExec[68]	1	1036304	2192348	268048035	356	78	1704654		RepartitionExec=262867946;OrderedPartialAggregateStream=3475435;RepartitionExec[Merge]=1704654
event	122904	refusal	RepartitionExec[72]	1	1036304	2192348	268048035	356	78	1704654		RepartitionExec=262867946;OrderedPartialAggregateStream=3475435;RepartitionExec[Merge]=1704654
event	122921	refusal	RepartitionExec[85]	1	672884	2192348	268048035	356	78	1704654		RepartitionExec=262867946;OrderedPartialAggregateStream=3475435;RepartitionExec[Merge]=1704654
event	122963	refusal	RepartitionExec[73]	1	732330	2192348	268048035	356	78	1704654		RepartitionExec=262867946;OrderedPartialAggregateStream=3475435;RepartitionExec[Merge]=1704654
event	122975	refusal	RepartitionExec[76]	1	576806	2192348	268048035	356	78	1704654		RepartitionExec=262867946;OrderedPartialAggregateStream=3475435;RepartitionExec[Merge]=1704654
event	123015	refusal	RepartitionExec[76]	1	782114	2192348	268048035	356	78	1704654		RepartitionExec=262867946;OrderedPartialAggregateStream=3475435;RepartitionExec[Merge]=1704654
event	123021	refusal	RepartitionExec[64]	1	810770	2192348	268048035	356	78	1704654		RepartitionExec=262867946;OrderedPartialAggregateStream=3475435;RepartitionExec[Merge]=1704654
event	123041	refusal	RepartitionExec[77]	1	576806	2192348	268048035	356	78	1704654		RepartitionExec=262867946;OrderedPartialAggregateStream=3475435;RepartitionExec[Merge]=1704654
event	123093	refusal	RepartitionExec[44]	1	456868	2192348	268048035	356	78	1704654		RepartitionExec=262867946;OrderedPartialAggregateStream=3475435;RepartitionExec[Merge]=1704654
event	123096	refusal	RepartitionExec[65]	1	810770	2192348	268048035	356	78	1704654		RepartitionExec=262867946;OrderedPartialAggregateStream=3475435;RepartitionExec[Merge]=1704654
event	123109	refusal	RepartitionExec[78]	1	576806	2192348	268048035	356	78	1704654		RepartitionExec=262867946;OrderedPartialAggregateStream=3475435;RepartitionExec[Merge]=1704654
event	123145	refusal	RepartitionExec[69]	1	528026	2192348	268048035	356	78	1704654		RepartitionExec=262867946;OrderedPartialAggregateStream=3475435;RepartitionExec[Merge]=1704654
event	123175	refusal	RepartitionExec[71]	1	849763	2192348	268048035	356	78	1704654		RepartitionExec=262867946;OrderedPartialAggregateStream=3475435;RepartitionExec[Merge]=1704654
event	123217	refusal	RepartitionExec[70]	1	816836	2192348	268048035	356	78	1704654		RepartitionExec=262867946;OrderedPartialAggregateStream=3475435;RepartitionExec[Merge]=1704654
event	123240	refusal	RepartitionExec[86]	1	463948	2192348	268048035	356	78	1704654		RepartitionExec=262867946;OrderedPartialAggregateStream=3475435;RepartitionExec[Merge]=1704654
event	123271	refusal	RepartitionExec[78]	1	1036178	2192348	268048035	356	78	1704654		RepartitionExec=262867946;OrderedPartialAggregateStream=3475435;RepartitionExec[Merge]=1704654
event	123273	refusal	RepartitionExec[69]	1	1036304	2192348	268048035	356	78	1704654		RepartitionExec=262867946;OrderedPartialAggregateStream=3475435;RepartitionExec[Merge]=1704654
event	123292	refusal	RepartitionExec[73]	1	1036304	2192348	268048035	356	78	1704654		RepartitionExec=262867946;OrderedPartialAggregateStream=3475435;RepartitionExec[Merge]=1704654
event	123319	refusal	RepartitionExec[87]	1	463948	2192348	268048035	356	78	1704654		RepartitionExec=262867946;OrderedPartialAggregateStream=3475435;RepartitionExec[Merge]=1704654
event	123346	refusal	RepartitionExec[74]	1	732330	2192348	268048035	356	78	1704654		RepartitionExec=262867946;OrderedPartialAggregateStream=3475435;RepartitionExec[Merge]=1704654
event	123374	refusal	RepartitionExec[74]	1	1036304	2192348	268048035	356	78	1704654		RepartitionExec=262867946;OrderedPartialAggregateStream=3475435;RepartitionExec[Merge]=1704654
event	123385	refusal	RepartitionExec[77]	1	782114	2192348	268048035	356	78	1704654		RepartitionExec=262867946;OrderedPartialAggregateStream=3475435;RepartitionExec[Merge]=1704654
event	123422	refusal	RepartitionExec[77]	1	593234	2192348	268048035	356	78	1704654		RepartitionExec=262867946;OrderedPartialAggregateStream=3475435;RepartitionExec[Merge]=1704654
event	123452	refusal	RepartitionExec[81]	1	660341	2192348	268048035	356	78	1704654		RepartitionExec=262867946;OrderedPartialAggregateStream=3475435;RepartitionExec[Merge]=1704654
event	123459	refusal	RepartitionExec[45]	1	456868	2192348	268048035	356	78	1704654		RepartitionExec=262867946;OrderedPartialAggregateStream=3475435;RepartitionExec[Merge]=1704654
event	123496	refusal	RepartitionExec[66]	1	810770	2192348	268048035	356	78	1704654		RepartitionExec=262867946;OrderedPartialAggregateStream=3475435;RepartitionExec[Merge]=1704654
event	123514	refusal	RepartitionExec[79]	1	576806	2192348	268048035	356	78	1704654		RepartitionExec=262867946;OrderedPartialAggregateStream=3475435;RepartitionExec[Merge]=1704654
event	123538	refusal	RepartitionExec[46]	1	456868	2192348	268048035	356	78	1704654		RepartitionExec=262867946;OrderedPartialAggregateStream=3475435;RepartitionExec[Merge]=1704654
event	123575	refusal	RepartitionExec[72]	1	849763	2192348	268048035	356	78	1704654		RepartitionExec=262867946;OrderedPartialAggregateStream=3475435;RepartitionExec[Merge]=1704654
event	123583	refusal	RepartitionExec[71]	1	816836	2192348	268048035	356	78	1704654		RepartitionExec=262867946;OrderedPartialAggregateStream=3475435;RepartitionExec[Merge]=1704654
event	123621	refusal	RepartitionExec[86]	1	672884	2192348	268048035	356	78	1704654		RepartitionExec=262867946;OrderedPartialAggregateStream=3475435;RepartitionExec[Merge]=1704654
event	123641	refusal	RepartitionExec[79]	1	1036178	2192348	268048035	356	78	1704654		RepartitionExec=262867946;OrderedPartialAggregateStream=3475435;RepartitionExec[Merge]=1704654
event	123656	refusal	RepartitionExec[72]	1	816836	2192348	268048035	356	78	1704654		RepartitionExec=262867946;OrderedPartialAggregateStream=3475435;RepartitionExec[Merge]=1704654
event	123677	refusal	RepartitionExec[79]	1	595234	2192348	268048035	356	78	1704654		RepartitionExec=262867946;OrderedPartialAggregateStream=3475435;RepartitionExec[Merge]=1704654
event	123708	refusal	RepartitionExec[88]	1	463948	2192348	268048035	356	78	1704654		RepartitionExec=262867946;OrderedPartialAggregateStream=3475435;RepartitionExec[Merge]=1704654
event	123742	refusal	RepartitionExec[73]	1	816836	2192348	268048035	356	78	1704654		RepartitionExec=262867946;OrderedPartialAggregateStream=3475435;RepartitionExec[Merge]=1704654
event	123750	refusal	RepartitionExec[80]	1	595234	2192348	268048035	356	78	1704654		RepartitionExec=262867946;OrderedPartialAggregateStream=3475435;RepartitionExec[Merge]=1704654
event	123787	refusal	RepartitionExec[78]	1	782114	2192348	268048035	356	78	1704654		RepartitionExec=262867946;OrderedPartialAggregateStream=3475435;RepartitionExec[Merge]=1704654
event	123819	refusal	RepartitionExec[78]	1	593234	2192348	268048035	356	78	1704654		RepartitionExec=262867946;OrderedPartialAggregateStream=3475435;RepartitionExec[Merge]=1704654
event	123844	refusal	RepartitionExec[82]	1	660341	2192348	268048035	356	78	1704654		RepartitionExec=262867946;OrderedPartialAggregateStream=3475435;RepartitionExec[Merge]=1704654
event	123862	refusal	RepartitionExec[70]	1	528026	2192348	268048035	356	78	1704654		RepartitionExec=262867946;OrderedPartialAggregateStream=3475435;RepartitionExec[Merge]=1704654
event	123892	refusal	RepartitionExec[67]	1	810770	2192348	268048035	356	78	1704654		RepartitionExec=262867946;OrderedPartialAggregateStream=3475435;RepartitionExec[Merge]=1704654
event	123907	refusal	RepartitionExec[80]	1	576806	2192348	268048035	356	78	1704654		RepartitionExec=262867946;OrderedPartialAggregateStream=3475435;RepartitionExec[Merge]=1704654
event	123929	refusal	RepartitionExec[71]	1	528026	2192348	268048035	356	78	1704654		RepartitionExec=262867946;OrderedPartialAggregateStream=3475435;RepartitionExec[Merge]=1704654
event	123963	refusal	RepartitionExec[73]	1	849763	2192348	268048035	356	78	1704654		RepartitionExec=262867946;OrderedPartialAggregateStream=3475435;RepartitionExec[Merge]=1704654
event	123982	refusal	RepartitionExec[70]	1	1036304	2192348	268048035	356	78	1704654		RepartitionExec=262867946;OrderedPartialAggregateStream=3475435;RepartitionExec[Merge]=1704654
event	123996	refusal	RepartitionExec[72]	1	528026	2192348	268048035	356	78	1704654		RepartitionExec=262867946;OrderedPartialAggregateStream=3475435;RepartitionExec[Merge]=1704654
event	124042	refusal	RepartitionExec[80]	1	1036178	2192348	268048035	356	78	1704654		RepartitionExec=262867946;OrderedPartialAggregateStream=3475435;RepartitionExec[Merge]=1704654
event	124046	refusal	RepartitionExec[75]	1	732330	2192348	268048035	356	78	1704654		RepartitionExec=262867946;OrderedPartialAggregateStream=3475435;RepartitionExec[Merge]=1704654
event	124059	refusal	RepartitionExec[73]	1	528026	2192348	268048035	356	78	1704654		RepartitionExec=262867946;OrderedPartialAggregateStream=3475435;RepartitionExec[Merge]=1704654
event	124103	refusal	RepartitionExec[89]	1	463948	2192348	268048035	356	78	1704654		RepartitionExec=262867946;OrderedPartialAggregateStream=3475435;RepartitionExec[Merge]=1704654
event	124132	refusal	RepartitionExec[76]	1	732330	2192348	268048035	356	78	1704654		RepartitionExec=262867946;OrderedPartialAggregateStream=3475435;RepartitionExec[Merge]=1704654
event	124165	refusal	RepartitionExec[81]	1	595234	2192348	268048035	356	78	1704654		RepartitionExec=262867946;OrderedPartialAggregateStream=3475435;RepartitionExec[Merge]=1704654
event	124171	refusal	RepartitionExec[79]	1	782114	2192348	268048035	356	78	1704654		RepartitionExec=262867946;OrderedPartialAggregateStream=3475435;RepartitionExec[Merge]=1704654
event	124215	refusal	RepartitionExec[79]	1	593234	2192348	268048035	356	78	1704654		RepartitionExec=262867946;OrderedPartialAggregateStream=3475435;RepartitionExec[Merge]=1704654
event	124247	refusal	RepartitionExec[83]	1	660341	2192348	268048035	356	78	1704654		RepartitionExec=262867946;OrderedPartialAggregateStream=3475435;RepartitionExec[Merge]=1704654
event	124254	refusal	RepartitionExec[47]	1	456868	2192348	268048035	356	78	1704654		RepartitionExec=262867946;OrderedPartialAggregateStream=3475435;RepartitionExec[Merge]=1704654
event	124292	refusal	RepartitionExec[68]	1	810770	2192348	268048035	356	78	1704654		RepartitionExec=262867946;OrderedPartialAggregateStream=3475435;RepartitionExec[Merge]=1704654
event	124308	refusal	RepartitionExec[81]	1	576806	2192348	268048035	356	78	1704654		RepartitionExec=262867946;OrderedPartialAggregateStream=3475435;RepartitionExec[Merge]=1704654
event	124352	refusal	RepartitionExec[87]	1	672884	2192348	268048035	356	78	1704654		RepartitionExec=262867946;OrderedPartialAggregateStream=3475435;RepartitionExec[Merge]=1704654
event	124375	refusal	RepartitionExec[74]	1	849763	2192348	268048035	356	78	1704654		RepartitionExec=262867946;OrderedPartialAggregateStream=3475435;RepartitionExec[Merge]=1704654
event	124385	refusal	RepartitionExec[82]	1	576806	2192348	268048035	356	78	1704654		RepartitionExec=262867946;OrderedPartialAggregateStream=3475435;RepartitionExec[Merge]=1704654
event	124425	refusal	RepartitionExec[75]	1	1036304	2192348	268048035	356	78	1704654		RepartitionExec=262867946;OrderedPartialAggregateStream=3475435;RepartitionExec[Merge]=1704654
event	124447	refusal	RepartitionExec[81]	1	1036178	2192348	268048035	356	78	1704654		RepartitionExec=262867946;OrderedPartialAggregateStream=3475435;RepartitionExec[Merge]=1704654
event	124466	refusal	RepartitionExec[74]	1	816836	2192348	268048035	356	78	1704654		RepartitionExec=262867946;OrderedPartialAggregateStream=3475435;RepartitionExec[Merge]=1704654
event	124488	refusal	RepartitionExec[74]	1	528026	2192348	268048035	356	78	1704654		RepartitionExec=262867946;OrderedPartialAggregateStream=3475435;RepartitionExec[Merge]=1704654
event	124514	refusal	RepartitionExec[90]	1	463948	2192348	268048035	356	78	1704654		RepartitionExec=262867946;OrderedPartialAggregateStream=3475435;RepartitionExec[Merge]=1704654
event	124545	refusal	RepartitionExec[75]	1	816836	2192348	268048035	356	78	1704654		RepartitionExec=262867946;OrderedPartialAggregateStream=3475435;RepartitionExec[Merge]=1704654
event	124567	refusal	RepartitionExec[75]	1	528026	2192348	268048035	356	78	1704654		RepartitionExec=262867946;OrderedPartialAggregateStream=3475435;RepartitionExec[Merge]=1704654
event	124595	refusal	RepartitionExec[80]	1	782114	2192348	268048035	356	78	1704654		RepartitionExec=262867946;OrderedPartialAggregateStream=3475435;RepartitionExec[Merge]=1704654
event	124625	refusal	RepartitionExec[80]	1	593234	2192348	268048035	356	78	1704654		RepartitionExec=262867946;OrderedPartialAggregateStream=3475435;RepartitionExec[Merge]=1704654
event	124645	refusal	RepartitionExec[84]	1	660341	2192348	268048035	356	78	1704654		RepartitionExec=262867946;OrderedPartialAggregateStream=3475435;RepartitionExec[Merge]=1704654
event	124672	refusal	RepartitionExec[48]	1	456868	2192348	268048035	356	78	1704654		RepartitionExec=262867946;OrderedPartialAggregateStream=3475435;RepartitionExec[Merge]=1704654
event	124715	refusal	RepartitionExec[69]	1	810770	2192348	268048035	356	78	1704654		RepartitionExec=262867946;OrderedPartialAggregateStream=3475435;RepartitionExec[Merge]=1704654
event	124738	refusal	RepartitionExec[85]	1	660341	2192348	268048035	356	78	1704654		RepartitionExec=262867946;OrderedPartialAggregateStream=3475435;RepartitionExec[Merge]=1704654
event	124741	refusal	RepartitionExec[49]	1	456868	2192348	268048035	356	78	1704654		RepartitionExec=262867946;OrderedPartialAggregateStream=3475435;RepartitionExec[Merge]=1704654
event	124767	refusal	RepartitionExec[75]	1	849763	2192348	268048035	356	78	1704654		RepartitionExec=262867946;OrderedPartialAggregateStream=3475435;RepartitionExec[Merge]=1704654
event	124798	refusal	RepartitionExec[70]	1	810770	2192348	268048035	356	78	1704654		RepartitionExec=262867946;OrderedPartialAggregateStream=3475435;RepartitionExec[Merge]=1704654
event	124839	refusal	RepartitionExec[76]	1	1036304	2192348	268048035	356	78	1704654		RepartitionExec=262867946;OrderedPartialAggregateStream=3475435;RepartitionExec[Merge]=1704654
event	124859	refusal	RepartitionExec[82]	1	1036178	2192348	268048035	356	78	1704654		RepartitionExec=262867946;OrderedPartialAggregateStream=3475435;RepartitionExec[Merge]=1704654
event	124868	refusal	RepartitionExec[71]	1	810770	2192348	268048035	356	78	1704654		RepartitionExec=262867946;OrderedPartialAggregateStream=3475435;RepartitionExec[Merge]=1704654
event	124889	refusal	RepartitionExec[82]	1	595234	2192348	268048035	356	78	1704654		RepartitionExec=262867946;OrderedPartialAggregateStream=3475435;RepartitionExec[Merge]=1704654
event	124916	refusal	RepartitionExec[91]	1	463948	2192348	268048035	356	78	1704654		RepartitionExec=262867946;OrderedPartialAggregateStream=3475435;RepartitionExec[Merge]=1704654
event	124938	refusal	RepartitionExec[72]	1	810770	2192348	268048035	356	78	1704654		RepartitionExec=262867946;OrderedPartialAggregateStream=3475435;RepartitionExec[Merge]=1704654
event	124962	refusal	RepartitionExec[83]	1	595234	2192348	268048035	356	78	1704654		RepartitionExec=262867946;OrderedPartialAggregateStream=3475435;RepartitionExec[Merge]=1704654
event	124981	refusal	RepartitionExec[81]	1	782114	2192348	268048035	356	78	1704654		RepartitionExec=262867946;OrderedPartialAggregateStream=3475435;RepartitionExec[Merge]=1704654
event	125011	refusal	RepartitionExec[81]	1	593234	2192348	268048035	356	78	1704654		RepartitionExec=262867946;OrderedPartialAggregateStream=3475435;RepartitionExec[Merge]=1704654
event	125031	refusal	RepartitionExec[71]	1	1036304	2192348	268048035	356	78	1704654		RepartitionExec=262867946;OrderedPartialAggregateStream=3475435;RepartitionExec[Merge]=1704654
event	125052	refusal	RepartitionExec[88]	1	672884	2192348	268048035	356	78	1704654		RepartitionExec=262867946;OrderedPartialAggregateStream=3475435;RepartitionExec[Merge]=1704654
event	125090	refusal	RepartitionExec[83]	1	576806	2192348	268048035	356	78	1704654		RepartitionExec=262867946;OrderedPartialAggregateStream=3475435;RepartitionExec[Merge]=1704654
event	125106	refusal	RepartitionExec[72]	1	1036304	2192348	268048035	356	78	1704654		RepartitionExec=262867946;OrderedPartialAggregateStream=3475435;RepartitionExec[Merge]=1704654
event	125144	refusal	RepartitionExec[89]	1	672884	2192348	268048035	356	78	1704654		RepartitionExec=262867946;OrderedPartialAggregateStream=3475435;RepartitionExec[Merge]=1704654
event	125168	refusal	RepartitionExec[76]	1	849763	2192348	268048035	356	78	1704654		RepartitionExec=262867946;OrderedPartialAggregateStream=3475435;RepartitionExec[Merge]=1704654
event	125190	refusal	RepartitionExec[77]	1	732330	2192348	268048035	356	78	1704654		RepartitionExec=262867946;OrderedPartialAggregateStream=3475435;RepartitionExec[Merge]=1704654
event	125236	refusal	RepartitionExec[77]	1	1036304	2192348	268048035	356	78	1704654		RepartitionExec=262867946;OrderedPartialAggregateStream=3475435;RepartitionExec[Merge]=1704654
event	125248	refusal	RepartitionExec[77]	1	849763	2192348	268048035	356	78	1704654		RepartitionExec=262867946;OrderedPartialAggregateStream=3475435;RepartitionExec[Merge]=1704654
event	125266	refusal	RepartitionExec[78]	1	732330	2192348	268048035	356	78	1704654		RepartitionExec=262867946;OrderedPartialAggregateStream=3475435;RepartitionExec[Merge]=1704654
event	125285	refusal	RepartitionExec[76]	1	528026	2192348	268048035	356	78	1704654		RepartitionExec=262867946;OrderedPartialAggregateStream=3475435;RepartitionExec[Merge]=1704654
event	125306	refusal	RepartitionExec[92]	1	463948	2192348	268048035	356	78	1704654		RepartitionExec=262867946;OrderedPartialAggregateStream=3475435;RepartitionExec[Merge]=1704654
event	125330	refusal	RepartitionExec[73]	1	810770	2192348	268048035	356	78	1704654		RepartitionExec=262867946;OrderedPartialAggregateStream=3475435;RepartitionExec[Merge]=1704654
event	125365	refusal	RepartitionExec[84]	1	595234	2192348	268048035	356	78	1704654		RepartitionExec=262867946;OrderedPartialAggregateStream=3475435;RepartitionExec[Merge]=1704654
event	125375	refusal	RepartitionExec[93]	1	463948	1702614	268048035	356	78	1704654		RepartitionExec=262867946;OrderedPartialAggregateStream=3475435;RepartitionExec[Merge]=1704654
event	125406	refusal	RepartitionExec[82]	1	593234	2192348	268048035	356	78	1704654		RepartitionExec=262867946;OrderedPartialAggregateStream=3475435;RepartitionExec[Merge]=1704654
event	125427	refusal	RepartitionExec[86]	1	660341	2192348	268048035	356	78	1704654		RepartitionExec=262867946;OrderedPartialAggregateStream=3475435;RepartitionExec[Merge]=1704654
event	125449	refusal	RepartitionExec[50]	1	456868	2192348	268048035	356	78	1704654		RepartitionExec=262867946;OrderedPartialAggregateStream=3475435;RepartitionExec[Merge]=1704654
event	125476	refusal	RepartitionExec[84]	1	576806	2192348	268048035	356	78	1704654		RepartitionExec=262867946;OrderedPartialAggregateStream=3475435;RepartitionExec[Merge]=1704654
event	125503	refusal	RepartitionExec[87]	1	660341	2192348	268048035	356	78	1704654		RepartitionExec=262867946;OrderedPartialAggregateStream=3475435;RepartitionExec[Merge]=1704654
event	125528	refusal	RepartitionExec[51]	1	456868	2192348	268048035	356	78	1704654		RepartitionExec=262867946;OrderedPartialAggregateStream=3475435;RepartitionExec[Merge]=1704654
event	125546	refusal	RepartitionExec[83]	1	1036178	2192348	268048035	356	78	1704654		RepartitionExec=262867946;OrderedPartialAggregateStream=3475435;RepartitionExec[Merge]=1704654
event	125599	refusal	RepartitionExec[76]	1	816836	2192348	268048035	356	78	1704654		RepartitionExec=262867946;OrderedPartialAggregateStream=3475435;RepartitionExec[Merge]=1704654
event	125624	refusal	RepartitionExec[52]	1	456868	2192348	268048035	356	78	1704654		RepartitionExec=262867946;OrderedPartialAggregateStream=3475435;RepartitionExec[Merge]=1704654
event	125631	refusal	RepartitionExec[78]	1	849763	2192348	268048035	356	78	1704654		RepartitionExec=262867946;OrderedPartialAggregateStream=3475435;RepartitionExec[Merge]=1704654
event	125665	refusal	RepartitionExec[79]	1	732330	2192348	268048035	356	78	1704654		RepartitionExec=262867946;OrderedPartialAggregateStream=3475435;RepartitionExec[Merge]=1704654
event	125678	refusal	RepartitionExec[77]	1	528026	2192348	268048035	356	78	1704654		RepartitionExec=262867946;OrderedPartialAggregateStream=3475435;RepartitionExec[Merge]=1704654
event	125701	refusal	RepartitionExec[79]	1	849763	2192348	268048035	356	78	1704654		RepartitionExec=262867946;OrderedPartialAggregateStream=3475435;RepartitionExec[Merge]=1704654
event	125723	refusal	RepartitionExec[74]	1	810770	2192348	268048035	356	78	1704654		RepartitionExec=262867946;OrderedPartialAggregateStream=3475435;RepartitionExec[Merge]=1704654
event	125764	refusal	RepartitionExec[85]	1	595234	2192348	268048035	356	78	1704654		RepartitionExec=262867946;OrderedPartialAggregateStream=3475435;RepartitionExec[Merge]=1704654
event	125784	refusal	RepartitionExec[94]	1	463948	2192348	268048035	356	78	1704654		RepartitionExec=262867946;OrderedPartialAggregateStream=3475435;RepartitionExec[Merge]=1704654
event	125806	refusal	RepartitionExec[83]	1	593234	2192348	268048035	356	78	1704654		RepartitionExec=262867946;OrderedPartialAggregateStream=3475435;RepartitionExec[Merge]=1704654
event	125824	refusal	RepartitionExec[73]	1	1036304	2192348	268048035	356	78	1704654		RepartitionExec=262867946;OrderedPartialAggregateStream=3475435;RepartitionExec[Merge]=1704654
event	125848	refusal	RepartitionExec[90]	1	672884	2192348	268048035	356	78	1704654		RepartitionExec=262867946;OrderedPartialAggregateStream=3475435;RepartitionExec[Merge]=1704654
event	125875	refusal	RepartitionExec[85]	1	576806	2192348	268048035	356	78	1704654		RepartitionExec=262867946;OrderedPartialAggregateStream=3475435;RepartitionExec[Merge]=1704654
event	125899	refusal	RepartitionExec[74]	1	1036304	2192348	268048035	356	78	1704654		RepartitionExec=262867946;OrderedPartialAggregateStream=3475435;RepartitionExec[Merge]=1704654
event	125937	refusal	RepartitionExec[78]	1	1036304	2192348	268048035	356	78	1704654		RepartitionExec=262867946;OrderedPartialAggregateStream=3475435;RepartitionExec[Merge]=1704654
event	125943	refusal	RepartitionExec[86]	1	576806	2192348	268048035	356	78	1704654		RepartitionExec=262867946;OrderedPartialAggregateStream=3475435;RepartitionExec[Merge]=1704654
event	125990	refusal	RepartitionExec[77]	1	816836	2192348	268048035	356	78	1704654		RepartitionExec=262867946;OrderedPartialAggregateStream=3475435;RepartitionExec[Merge]=1704654
event	126012	refusal	RepartitionExec[53]	1	456868	2192348	268048035	356	78	1704654		RepartitionExec=262867946;OrderedPartialAggregateStream=3475435;RepartitionExec[Merge]=1704654
event	126022	refusal	RepartitionExec[82]	1	782114	2192348	268048035	356	78	1704654		RepartitionExec=262867946;OrderedPartialAggregateStream=3475435;RepartitionExec[Merge]=1704654
event	126059	refusal	RepartitionExec[80]	1	732330	2192348	268048035	356	78	1704654		RepartitionExec=262867946;OrderedPartialAggregateStream=3475435;RepartitionExec[Merge]=1704654
event	126087	refusal	RepartitionExec[78]	1	528026	2192348	268048035	356	78	1704654		RepartitionExec=262867946;OrderedPartialAggregateStream=3475435;RepartitionExec[Merge]=1704654
event	126113	refusal	RepartitionExec[83]	1	782114	2192348	268048035	356	78	1704654		RepartitionExec=262867946;OrderedPartialAggregateStream=3475435;RepartitionExec[Merge]=1704654
event	126154	refusal	RepartitionExec[75]	1	810770	2192348	268048035	356	78	1704654		RepartitionExec=262867946;OrderedPartialAggregateStream=3475435;RepartitionExec[Merge]=1704654
event	126166	refusal	RepartitionExec[86]	1	595234	2192348	268048035	356	78	1704654		RepartitionExec=262867946;OrderedPartialAggregateStream=3475435;RepartitionExec[Merge]=1704654
event	126197	refusal	RepartitionExec[84]	1	782114	2192348	268048035	356	78	1704654		RepartitionExec=262867946;OrderedPartialAggregateStream=3475435;RepartitionExec[Merge]=1704654
event	126222	refusal	RepartitionExec[84]	1	593234	2192348	268048035	356	78	1704654		RepartitionExec=262867946;OrderedPartialAggregateStream=3475435;RepartitionExec[Merge]=1704654
event	126240	refusal	RepartitionExec[88]	1	660341	2192348	268048035	356	78	1704654		RepartitionExec=262867946;OrderedPartialAggregateStream=3475435;RepartitionExec[Merge]=1704654
event	126263	refusal	RepartitionExec[91]	1	672884	2192348	268048035	356	78	1704654		RepartitionExec=262867946;OrderedPartialAggregateStream=3475435;RepartitionExec[Merge]=1704654
event	126286	refusal	RepartitionExec[84]	1	1036178	2192348	268048035	356	78	1704654		RepartitionExec=262867946;OrderedPartialAggregateStream=3475435;RepartitionExec[Merge]=1704654
event	126310	refusal	RepartitionExec[75]	1	1036304	2192348	268048035	356	78	1704654		RepartitionExec=262867946;OrderedPartialAggregateStream=3475435;RepartitionExec[Merge]=1704654
event	126353	refusal	RepartitionExec[79]	1	1036304	2192348	268048035	356	78	1704654		RepartitionExec=262867946;OrderedPartialAggregateStream=3475435;RepartitionExec[Merge]=1704654
event	126357	refusal	RepartitionExec[85]	1	1036178	2192348	268048035	356	78	1704654		RepartitionExec=262867946;OrderedPartialAggregateStream=3475435;RepartitionExec[Merge]=1704654
event	126378	refusal	RepartitionExec[76]	1	1036304	2192348	268048035	356	78	1704654		RepartitionExec=262867946;OrderedPartialAggregateStream=3475435;RepartitionExec[Merge]=1704654
event	126405	refusal	RepartitionExec[54]	1	456868	2192348	268048035	356	78	1704654		RepartitionExec=262867946;OrderedPartialAggregateStream=3475435;RepartitionExec[Merge]=1704654
event	126427	refusal	RepartitionExec[80]	1	1036304	2192348	268048035	356	78	1704654		RepartitionExec=262867946;OrderedPartialAggregateStream=3475435;RepartitionExec[Merge]=1704654
event	126450	refusal	RepartitionExec[77]	1	1036304	2192348	268048035	356	78	1704654		RepartitionExec=262867946;OrderedPartialAggregateStream=3475435;RepartitionExec[Merge]=1704654
event	126493	refusal	RepartitionExec[79]	1	528026	2192348	268048035	356	78	1704654		RepartitionExec=262867946;OrderedPartialAggregateStream=3475435;RepartitionExec[Merge]=1704654
event	126520	refusal	RepartitionExec[95]	1	463948	2192348	268048035	356	78	1704654		RepartitionExec=262867946;OrderedPartialAggregateStream=3475435;RepartitionExec[Merge]=1704654
event	126542	refusal	RepartitionExec[76]	1	810770	2192348	268048035	356	78	1704654		RepartitionExec=262867946;OrderedPartialAggregateStream=3475435;RepartitionExec[Merge]=1704654
event	126562	refusal	RepartitionExec[87]	1	595234	2192348	268048035	356	78	1704654		RepartitionExec=262867946;OrderedPartialAggregateStream=3475435;RepartitionExec[Merge]=1704654
event	126587	refusal	RepartitionExec[85]	1	782114	2192348	268048035	356	78	1704654		RepartitionExec=262867946;OrderedPartialAggregateStream=3475435;RepartitionExec[Merge]=1704654
event	126623	refusal	RepartitionExec[85]	1	593234	2192348	268048035	356	78	1704654		RepartitionExec=262867946;OrderedPartialAggregateStream=3475435;RepartitionExec[Merge]=1704654
event	126643	refusal	RepartitionExec[89]	1	660341	2192348	268048035	356	78	1704654		RepartitionExec=262867946;OrderedPartialAggregateStream=3475435;RepartitionExec[Merge]=1704654
event	126669	refusal	RepartitionExec[92]	1	672884	2192348	268048035	356	78	1704654		RepartitionExec=262867946;OrderedPartialAggregateStream=3475435;RepartitionExec[Merge]=1704654
event	126695	refusal	RepartitionExec[87]	1	576806	2192348	268048035	356	78	1704654		RepartitionExec=262867946;OrderedPartialAggregateStream=3475435;RepartitionExec[Merge]=1704654
event	126709	refusal	RepartitionExec[90]	1	660341	2192348	268048035	356	78	1704654		RepartitionExec=262867946;OrderedPartialAggregateStream=3475435;RepartitionExec[Merge]=1704654
event	126740	refusal	RepartitionExec[86]	1	1036178	2192348	268048035	356	78	1704654		RepartitionExec=262867946;OrderedPartialAggregateStream=3475435;RepartitionExec[Merge]=1704654
event	126776	refusal	RepartitionExec[80]	1	849763	2192348	268048035	356	78	1704654		RepartitionExec=262867946;OrderedPartialAggregateStream=3475435;RepartitionExec[Merge]=1704654
event	126803	refusal	RepartitionExec[81]	1	732330	2192348	268048035	356	78	1704654		RepartitionExec=262867946;OrderedPartialAggregateStream=3475435;RepartitionExec[Merge]=1704654
event	126826	refusal	RepartitionExec[55]	1	456868	2192348	268048035	356	78	1704654		RepartitionExec=262867946;OrderedPartialAggregateStream=3475435;RepartitionExec[Merge]=1704654
event	126847	refusal	RepartitionExec[81]	1	849763	2192348	268048035	356	78	1704654		RepartitionExec=262867946;OrderedPartialAggregateStream=3475435;RepartitionExec[Merge]=1704654
event	126871	refusal	RepartitionExec[78]	1	1036304	2192348	268048035	356	78	1704654		RepartitionExec=262867946;OrderedPartialAggregateStream=3475435;RepartitionExec[Merge]=1704654
event	126915	refusal	RepartitionExec[80]	1	528026	2192348	268048035	356	78	1704654		RepartitionExec=262867946;OrderedPartialAggregateStream=3475435;RepartitionExec[Merge]=1704654
event	126940	refusal	RepartitionExec[96]	1	463948	2192348	268048035	356	78	1704654		RepartitionExec=262867946;OrderedPartialAggregateStream=3475435;RepartitionExec[Merge]=1704654
event	126962	refusal	RepartitionExec[77]	1	810770	2192348	268048035	356	78	1704654		RepartitionExec=262867946;OrderedPartialAggregateStream=3475435;RepartitionExec[Merge]=1704654
event	126985	refusal	RepartitionExec[88]	1	595234	2192348	268048035	356	78	1704654		RepartitionExec=262867946;OrderedPartialAggregateStream=3475435;RepartitionExec[Merge]=1704654
event	127010	refusal	RepartitionExec[86]	1	782114	2192348	268048035	356	78	1704654		RepartitionExec=262867946;OrderedPartialAggregateStream=3475435;RepartitionExec[Merge]=1704654
event	127051	refusal	RepartitionExec[86]	1	593234	2192348	268048035	356	78	1704654		RepartitionExec=262867946;OrderedPartialAggregateStream=3475435;RepartitionExec[Merge]=1704654
event	127083	refusal	RepartitionExec[87]	1	782114	2192348	268048035	356	78	1704654		RepartitionExec=262867946;OrderedPartialAggregateStream=3475435;RepartitionExec[Merge]=1704654
event	127091	refusal	RepartitionExec[89]	1	595234	2192348	268048035	356	78	1704654		RepartitionExec=262867946;OrderedPartialAggregateStream=3475435;RepartitionExec[Merge]=1704654
event	127122	refusal	RepartitionExec[88]	1	576806	2192348	268048035	356	78	1704654		RepartitionExec=262867946;OrderedPartialAggregateStream=3475435;RepartitionExec[Merge]=1704654
event	127134	refusal	RepartitionExec[91]	1	660341	2192348	268048035	356	78	1704654		RepartitionExec=262867946;OrderedPartialAggregateStream=3475435;RepartitionExec[Merge]=1704654
event	127148	refusal	RepartitionExec[88]	1	782114	2192348	268048035	356	78	1704654		RepartitionExec=262867946;OrderedPartialAggregateStream=3475435;RepartitionExec[Merge]=1704654
event	127189	refusal	RepartitionExec[81]	1	1036304	2192348	268048035	356	78	1704654		RepartitionExec=262867946;OrderedPartialAggregateStream=3475435;RepartitionExec[Merge]=1704654
event	127222	refusal	RepartitionExec[92]	1	660341	2192348	268048035	356	78	1704654		RepartitionExec=262867946;OrderedPartialAggregateStream=3475435;RepartitionExec[Merge]=1704654
event	127249	refusal	RepartitionExec[56]	1	456868	2192348	268048035	356	78	1704654		RepartitionExec=262867946;OrderedPartialAggregateStream=3475435;RepartitionExec[Merge]=1704654
event	127270	refusal	RepartitionExec[82]	1	849763	2192348	268048035	356	78	1704654		RepartitionExec=262867946;OrderedPartialAggregateStream=3475435;RepartitionExec[Merge]=1704654
event	127287	refusal	RepartitionExec[79]	1	1036304	2192348	268048035	356	78	1704654		RepartitionExec=262867946;OrderedPartialAggregateStream=3475435;RepartitionExec[Merge]=1704654
event	127331	refusal	RepartitionExec[81]	1	528026	2192348	268048035	356	78	1704654		RepartitionExec=262867946;OrderedPartialAggregateStream=3475435;RepartitionExec[Merge]=1704654
event	127351	refusal	RepartitionExec[97]	1	463948	1702614	268048035	356	78	1704654		RepartitionExec=262867946;OrderedPartialAggregateStream=3475435;RepartitionExec[Merge]=1704654
event	127363	refusal	RepartitionExec[80]	1	1036304	2192348	268048035	356	78	1704654		RepartitionExec=262867946;OrderedPartialAggregateStream=3475435;RepartitionExec[Merge]=1704654
event	127389	refusal	RepartitionExec[78]	1	816836	2192348	268048035	356	78	1704654		RepartitionExec=262867946;OrderedPartialAggregateStream=3475435;RepartitionExec[Merge]=1704654
event	127409	refusal	RepartitionExec[93]	1	672884	1702614	268048035	356	78	1704654		RepartitionExec=262867946;OrderedPartialAggregateStream=3475435;RepartitionExec[Merge]=1704654
event	127429	refusal	RepartitionExec[81]	1	1036304	2192348	268048035	356	78	1704654		RepartitionExec=262867946;OrderedPartialAggregateStream=3475435;RepartitionExec[Merge]=1704654
event	127459	refusal	RepartitionExec[87]	1	1036178	2192348	268048035	356	78	1704654		RepartitionExec=262867946;OrderedPartialAggregateStream=3475435;RepartitionExec[Merge]=1704654
event	127479	refusal	RepartitionExec[90]	1	595234	2192348	268048035	356	78	1704654		RepartitionExec=262867946;OrderedPartialAggregateStream=3475435;RepartitionExec[Merge]=1704654
event	127497	refusal	RepartitionExec[82]	1	1036304	2192348	268048035	356	78	1704654		RepartitionExec=262867946;OrderedPartialAggregateStream=3475435;RepartitionExec[Merge]=1704654
event	127538	refusal	RepartitionExec[82]	1	732330	2192348	268048035	356	78	1704654		RepartitionExec=262867946;OrderedPartialAggregateStream=3475435;RepartitionExec[Merge]=1704654
event	127545	refusal	RepartitionExec[91]	1	595234	2192348	268048035	356	78	1704654		RepartitionExec=262867946;OrderedPartialAggregateStream=3475435;RepartitionExec[Merge]=1704654
event	127577	refusal	RepartitionExec[82]	1	1036304	2192348	268048035	356	78	1704654		RepartitionExec=262867946;OrderedPartialAggregateStream=3475435;RepartitionExec[Merge]=1704654
event	127623	refusal	RepartitionExec[93]	1	660341	1702614	268048035	356	78	1704654		RepartitionExec=262867946;OrderedPartialAggregateStream=3475435;RepartitionExec[Merge]=1704654
event	127645	refusal	RepartitionExec[57]	1	456868	2192348	268048035	356	78	1704654		RepartitionExec=262867946;OrderedPartialAggregateStream=3475435;RepartitionExec[Merge]=1704654
event	127651	refusal	RepartitionExec[83]	1	1036304	2192348	268048035	356	78	1704654		RepartitionExec=262867946;OrderedPartialAggregateStream=3475435;RepartitionExec[Merge]=1704654
event	127676	refusal	RepartitionExec[78]	1	810770	2192348	268048035	356	78	1704654		RepartitionExec=262867946;OrderedPartialAggregateStream=3475435;RepartitionExec[Merge]=1704654
event	127705	refusal	RepartitionExec[94]	1	660341	2192348	268048035	356	78	1704654		RepartitionExec=262867946;OrderedPartialAggregateStream=3475435;RepartitionExec[Merge]=1704654
event	127733	refusal	RepartitionExec[98]	1	463948	2192348	268048035	356	78	1704654		RepartitionExec=262867946;OrderedPartialAggregateStream=3475435;RepartitionExec[Merge]=1704654
event	127756	refusal	RepartitionExec[87]	1	593234	2192348	268048035	356	78	1704654		RepartitionExec=262867946;OrderedPartialAggregateStream=3475435;RepartitionExec[Merge]=1704654
event	127771	refusal	RepartitionExec[95]	1	660341	2192348	268048035	356	78	1704654		RepartitionExec=262867946;OrderedPartialAggregateStream=3475435;RepartitionExec[Merge]=1704654
event	127797	refusal	RepartitionExec[94]	1	672884	2192348	268048035	356	78	1704654		RepartitionExec=262867946;OrderedPartialAggregateStream=3475435;RepartitionExec[Merge]=1704654
event	127843	refusal	RepartitionExec[89]	1	576806	2192348	268048035	356	78	1704654		RepartitionExec=262867946;OrderedPartialAggregateStream=3475435;RepartitionExec[Merge]=1704654
event	127868	refusal	RepartitionExec[88]	1	1036178	2192348	268048035	356	78	1704654		RepartitionExec=262867946;OrderedPartialAggregateStream=3475435;RepartitionExec[Merge]=1704654
event	127874	refusal	RepartitionExec[89]	1	782114	2192348	268048035	356	78	1704654		RepartitionExec=262867946;OrderedPartialAggregateStream=3475435;RepartitionExec[Merge]=1704654
event	127897	refusal	RepartitionExec[83]	1	1036304	2192348	268048035	356	78	1704654		RepartitionExec=262867946;OrderedPartialAggregateStream=3475435;RepartitionExec[Merge]=1704654
event	127936	refusal	RepartitionExec[83]	1	732330	2192348	268048035	356	78	1704654		RepartitionExec=262867946;OrderedPartialAggregateStream=3475435;RepartitionExec[Merge]=1704654
event	127960	refusal	RepartitionExec[90]	1	782114	2192348	268048035	356	78	1704654		RepartitionExec=262867946;OrderedPartialAggregateStream=3475435;RepartitionExec[Merge]=1704654
event	127969	refusal	RepartitionExec[84]	1	1036304	2192348	268048035	356	78	1704654		RepartitionExec=262867946;OrderedPartialAggregateStream=3475435;RepartitionExec[Merge]=1704654
event	128004	refusal	RepartitionExec[82]	1	528026	2192348	268048035	356	78	1704654		RepartitionExec=262867946;OrderedPartialAggregateStream=3475435;RepartitionExec[Merge]=1704654
event	128034	refusal	RepartitionExec[91]	1	782114	2192348	268048035	356	78	1704654		RepartitionExec=262867946;OrderedPartialAggregateStream=3475435;RepartitionExec[Merge]=1704654
event	128078	refusal	RepartitionExec[84]	1	1036304	2192348	268048035	356	78	1704654		RepartitionExec=262867946;OrderedPartialAggregateStream=3475435;RepartitionExec[Merge]=1704654
event	128099	refusal	RepartitionExec[79]	1	810770	2192348	268048035	356	78	1704654		RepartitionExec=262867946;OrderedPartialAggregateStream=3475435;RepartitionExec[Merge]=1704654
event	128121	refusal	RepartitionExec[79]	1	816836	2192348	268048035	356	78	1704654		RepartitionExec=262867946;OrderedPartialAggregateStream=3475435;RepartitionExec[Merge]=1704654
event	128146	refusal	RepartitionExec[99]	1	463948	2192348	268048035	356	78	1704654		RepartitionExec=262867946;OrderedPartialAggregateStream=3475435;RepartitionExec[Merge]=1704654
event	128180	refusal	RepartitionExec[88]	1	593234	2192348	268048035	356	78	1704654		RepartitionExec=262867946;OrderedPartialAggregateStream=3475435;RepartitionExec[Merge]=1704654
event	128200	refusal	RepartitionExec[96]	1	660341	2192348	268048035	356	78	1704654		RepartitionExec=262867946;OrderedPartialAggregateStream=3475435;RepartitionExec[Merge]=1704654
event	128215	refusal	RepartitionExec[100]	1	463948	2192348	268048035	356	78	1704654		RepartitionExec=262867946;OrderedPartialAggregateStream=3475435;RepartitionExec[Merge]=1704654
event	128249	refusal	RepartitionExec[90]	1	576806	2192348	268048035	356	78	1704654		RepartitionExec=262867946;OrderedPartialAggregateStream=3475435;RepartitionExec[Merge]=1704654
event	128299	refusal	RepartitionExec[97]	1	660341	1702614	268048035	356	78	1704654		RepartitionExec=262867946;OrderedPartialAggregateStream=3475435;RepartitionExec[Merge]=1704654
event	128314	refusal	RepartitionExec[92]	1	595234	2192348	268048035	356	78	1704654		RepartitionExec=262867946;OrderedPartialAggregateStream=3475435;RepartitionExec[Merge]=1704654
event	128319	refusal	RepartitionExec[91]	1	576806	2192348	268048035	356	78	1704654		RepartitionExec=262867946;OrderedPartialAggregateStream=3475435;RepartitionExec[Merge]=1704654
event	128367	refusal	RepartitionExec[84]	1	732330	2192348	268048035	356	78	1704654		RepartitionExec=262867946;OrderedPartialAggregateStream=3475435;RepartitionExec[Merge]=1704654
event	128393	refusal	RepartitionExec[85]	1	1036304	2192348	268048035	356	78	1704654		RepartitionExec=262867946;OrderedPartialAggregateStream=3475435;RepartitionExec[Merge]=1704654
event	128399	refusal	RepartitionExec[83]	1	528026	2192348	268048035	356	78	1704654		RepartitionExec=262867946;OrderedPartialAggregateStream=3475435;RepartitionExec[Merge]=1704654
event	128424	refusal	RepartitionExec[92]	1	782114	2192348	268048035	356	78	1704654		RepartitionExec=262867946;OrderedPartialAggregateStream=3475435;RepartitionExec[Merge]=1704654
event	128447	refusal	RepartitionExec[58]	1	456868	2192348	268048035	356	78	1704654		RepartitionExec=262867946;OrderedPartialAggregateStream=3475435;RepartitionExec[Merge]=1704654
event	128469	refusal	RepartitionExec[84]	1	528026	2192348	268048035	356	78	1704654		RepartitionExec=262867946;OrderedPartialAggregateStream=3475435;RepartitionExec[Merge]=1704654
event	128495	refusal	RepartitionExec[80]	1	810770	2192348	268048035	356	78	1704654		RepartitionExec=262867946;OrderedPartialAggregateStream=3475435;RepartitionExec[Merge]=1704654
event	128517	refusal	RepartitionExec[59]	1	456868	2192348	268048035	356	78	1704654		RepartitionExec=262867946;OrderedPartialAggregateStream=3475435;RepartitionExec[Merge]=1704654
event	128539	refusal	RepartitionExec[85]	1	528026	2192348	268048035	356	78	1704654		RepartitionExec=262867946;OrderedPartialAggregateStream=3475435;RepartitionExec[Merge]=1704654
event	128570	refusal	RepartitionExec[89]	1	593234	2192348	268048035	356	78	1704654		RepartitionExec=262867946;OrderedPartialAggregateStream=3475435;RepartitionExec[Merge]=1704654
event	128583	refusal	RepartitionExec[60]	1	456868	2192348	268048035	356	78	1704654		RepartitionExec=262867946;OrderedPartialAggregateStream=3475435;RepartitionExec[Merge]=1704654
event	128607	refusal	RepartitionExec[86]	1	528026	2192348	268048035	356	78	1704654		RepartitionExec=262867946;OrderedPartialAggregateStream=3475435;RepartitionExec[Merge]=1704654
event	128653	refusal	RepartitionExec[83]	1	849763	2192348	268048035	356	78	1704654		RepartitionExec=262867946;OrderedPartialAggregateStream=3475435;RepartitionExec[Merge]=1704654
event	128665	refusal	RepartitionExec[98]	1	660341	2192348	268048035	356	78	1704654		RepartitionExec=262867946;OrderedPartialAggregateStream=3475435;RepartitionExec[Merge]=1704654
event	128684	refusal	RepartitionExec[93]	1	595234	1702614	268048035	356	78	1704654		RepartitionExec=262867946;OrderedPartialAggregateStream=3475435;RepartitionExec[Merge]=1704654
event	128709	refusal	RepartitionExec[92]	1	576806	2192348	268048035	356	78	1704654		RepartitionExec=262867946;OrderedPartialAggregateStream=3475435;RepartitionExec[Merge]=1704654
event	128748	refusal	RepartitionExec[85]	1	732330	2192348	268048035	356	78	1704654		RepartitionExec=262867946;OrderedPartialAggregateStream=3475435;RepartitionExec[Merge]=1704654
event	128754	refusal	RepartitionExec[94]	1	595234	2192348	268048035	356	78	1704654		RepartitionExec=262867946;OrderedPartialAggregateStream=3475435;RepartitionExec[Merge]=1704654
event	128779	refusal	RepartitionExec[93]	1	576806	1702614	268048035	356	78	1704654		RepartitionExec=262867946;OrderedPartialAggregateStream=3475435;RepartitionExec[Merge]=1704654
event	128816	refusal	RepartitionExec[93]	1	782114	1702614	268048035	356	78	1704654		RepartitionExec=262867946;OrderedPartialAggregateStream=3475435;RepartitionExec[Merge]=1704654
event	128838	refusal	RepartitionExec[80]	1	816836	2192348	268048035	356	78	1704654		RepartitionExec=262867946;OrderedPartialAggregateStream=3475435;RepartitionExec[Merge]=1704654
event	128878	refusal	RepartitionExec[95]	1	672884	2192348	268048035	356	78	1704654		RepartitionExec=262867946;OrderedPartialAggregateStream=3475435;RepartitionExec[Merge]=1704654
event	128899	refusal	RepartitionExec[81]	1	810770	2192348	268048035	356	78	1704654		RepartitionExec=262867946;OrderedPartialAggregateStream=3475435;RepartitionExec[Merge]=1704654
event	128918	refusal	RepartitionExec[89]	1	1036178	2192348	268048035	356	78	1704654		RepartitionExec=262867946;OrderedPartialAggregateStream=3475435;RepartitionExec[Merge]=1704654
event	128961	refusal	RepartitionExec[101]	1	463948	2192348	268048035	356	78	1704654		RepartitionExec=262867946;OrderedPartialAggregateStream=3475435;RepartitionExec[Merge]=1704654
event	128986	refusal	RepartitionExec[90]	1	593234	2192348	268048035	356	78	1704654		RepartitionExec=262867946;OrderedPartialAggregateStream=3475435;RepartitionExec[Merge]=1704654
event	128995	refusal	RepartitionExec[61]	1	456868	2192348	268048035	356	78	1704654		RepartitionExec=262867946;OrderedPartialAggregateStream=3475435;RepartitionExec[Merge]=1704654
event	129018	refusal	RepartitionExec[87]	1	528026	2192348	268048035	356	78	1704654		RepartitionExec=262867946;OrderedPartialAggregateStream=3475435;RepartitionExec[Merge]=1704654
event	129088	refusal	RepartitionExec[84]	1	849763	2192348	268048035	356	78	1704654		RepartitionExec=262867946;OrderedPartialAggregateStream=3475435;RepartitionExec[Merge]=1704654
event	129099	refusal	RepartitionExec[99]	1	660341	2192348	268048035	356	78	1704654		RepartitionExec=262867946;OrderedPartialAggregateStream=3475435;RepartitionExec[Merge]=1704654
event	129126	refusal	RepartitionExec[86]	1	1036304	2192348	268048035	356	78	1704654		RepartitionExec=262867946;OrderedPartialAggregateStream=3475435;RepartitionExec[Merge]=1704654
event	129166	refusal	RepartitionExec[85]	1	1036304	2192348	268048035	356	78	1704654		RepartitionExec=262867946;OrderedPartialAggregateStream=3475435;RepartitionExec[Merge]=1704654
event	129189	refusal	RepartitionExec[86]	1	732330	2192348	268048035	356	78	1704654		RepartitionExec=262867946;OrderedPartialAggregateStream=3475435;RepartitionExec[Merge]=1704654
event	129208	refusal	RepartitionExec[95]	1	595234	2192348	268048035	356	78	1704654		RepartitionExec=262867946;OrderedPartialAggregateStream=3475435;RepartitionExec[Merge]=1704654
event	129241	refusal	RepartitionExec[94]	1	576806	2192348	268048035	356	78	1704654		RepartitionExec=262867946;OrderedPartialAggregateStream=3475435;RepartitionExec[Merge]=1704654
event	129261	refusal	RepartitionExec[94]	1	782114	2192348	268048035	356	78	1704654		RepartitionExec=262867946;OrderedPartialAggregateStream=3475435;RepartitionExec[Merge]=1704654
event	129274	refusal	RepartitionExec[96]	1	595234	2192348	268048035	356	78	1704654		RepartitionExec=262867946;OrderedPartialAggregateStream=3475435;RepartitionExec[Merge]=1704654
event	129322	refusal	RepartitionExec[96]	1	672884	2192348	268048035	356	78	1704654		RepartitionExec=262867946;OrderedPartialAggregateStream=3475435;RepartitionExec[Merge]=1704654
event	129339	refusal	RepartitionExec[82]	1	810770	2192348	268048035	356	78	1704654		RepartitionExec=262867946;OrderedPartialAggregateStream=3475435;RepartitionExec[Merge]=1704654
event	129372	refusal	RepartitionExec[90]	1	1036178	2192348	268048035	356	78	1704654		RepartitionExec=262867946;OrderedPartialAggregateStream=3475435;RepartitionExec[Merge]=1704654
event	129411	refusal	RepartitionExec[102]	1	463948	2192348	268048035	356	78	1704654		RepartitionExec=262867946;OrderedPartialAggregateStream=3475435;RepartitionExec[Merge]=1704654
event	129428	refusal	RepartitionExec[91]	1	593234	2192348	268048035	356	78	1704654		RepartitionExec=262867946;OrderedPartialAggregateStream=3475435;RepartitionExec[Merge]=1704654
event	129440	refusal	RepartitionExec[62]	1	456868	2192348	268048035	356	78	1704654		RepartitionExec=262867946;OrderedPartialAggregateStream=3475435;RepartitionExec[Merge]=1704654
event	129467	refusal	RepartitionExec[88]	1	528026	2192348	268048035	356	78	1704654		RepartitionExec=262867946;OrderedPartialAggregateStream=3475435;RepartitionExec[Merge]=1704654
event	129515	refusal	RepartitionExec[85]	1	849763	2192348	268048035	356	78	1704654		RepartitionExec=262867946;OrderedPartialAggregateStream=3475435;RepartitionExec[Merge]=1704654
event	129522	refusal	RepartitionExec[100]	1	660341	2192348	268048035	356	78	1704654		RepartitionExec=262867946;OrderedPartialAggregateStream=3475435;RepartitionExec[Merge]=1704654
event	129558	refusal	RepartitionExec[87]	1	1036304	2192348	268048035	356	78	1704654		RepartitionExec=262867946;OrderedPartialAggregateStream=3475435;RepartitionExec[Merge]=1704654
event	129638	refusal	RepartitionExec[86]	1	1036304	2192348	268048035	356	78	1704654		RepartitionExec=262867946;OrderedPartialAggregateStream=3475435;RepartitionExec[Merge]=1704654
event	129647	refusal	RepartitionExec[87]	1	732330	2192348	268048035	356	78	1704654		RepartitionExec=262867946;OrderedPartialAggregateStream=3475435;RepartitionExec[Merge]=1704654
event	129663	refusal	RepartitionExec[81]	1	816836	2192348	268048035	356	78	1704654		RepartitionExec=262867946;OrderedPartialAggregateStream=3475435;RepartitionExec[Merge]=1704654
event	129691	refusal	RepartitionExec[95]	1	576806	2192348	268048035	356	78	1704654		RepartitionExec=262867946;OrderedPartialAggregateStream=3475435;RepartitionExec[Merge]=1704654
event	129727	refusal	RepartitionExec[95]	1	782114	2192348	268048035	356	78	1704654		RepartitionExec=262867946;OrderedPartialAggregateStream=3475435;RepartitionExec[Merge]=1704654
event	129743	refusal	RepartitionExec[97]	1	595234	1702614	268048035	356	78	1704654		RepartitionExec=262867946;OrderedPartialAggregateStream=3475435;RepartitionExec[Merge]=1704654
event	129759	refusal	RepartitionExec[96]	1	576806	2192348	268048035	356	78	1704654		RepartitionExec=262867946;OrderedPartialAggregateStream=3475435;RepartitionExec[Merge]=1704654
event	129802	refusal	RepartitionExec[83]	1	810770	2192348	268048035	356	78	1704654		RepartitionExec=262867946;OrderedPartialAggregateStream=3475435;RepartitionExec[Merge]=1704654
event	129845	refusal	RepartitionExec[91]	1	1036178	2192348	268048035	356	78	1704654		RepartitionExec=262867946;OrderedPartialAggregateStream=3475435;RepartitionExec[Merge]=1704654
event	129866	refusal	RepartitionExec[103]	1	463948	1702614	268048035	356	78	1704654		RepartitionExec=262867946;OrderedPartialAggregateStream=3475435;RepartitionExec[Merge]=1704654
event	129888	refusal	RepartitionExec[92]	1	593234	2192348	268048035	356	78	1704654		RepartitionExec=262867946;OrderedPartialAggregateStream=3475435;RepartitionExec[Merge]=1704654
event	129896	refusal	RepartitionExec[63]	1	456868	2192348	268048035	356	78	1704654		RepartitionExec=262867946;OrderedPartialAggregateStream=3475435;RepartitionExec[Merge]=1704654
event	129927	refusal	RepartitionExec[89]	1	528026	2192348	268048035	356	78	1704654		RepartitionExec=262867946;OrderedPartialAggregateStream=3475435;RepartitionExec[Merge]=1704654
event	129963	refusal	RepartitionExec[64]	1	456868	2192348	268048035	356	78	1704654		RepartitionExec=262867946;OrderedPartialAggregateStream=3475435;RepartitionExec[Merge]=1704654
event	129973	refusal	RepartitionExec[86]	1	849763	2192348	268048035	356	78	1704654		RepartitionExec=262867946;OrderedPartialAggregateStream=3475435;RepartitionExec[Merge]=1704654
event	130002	refusal	RepartitionExec[88]	1	1036304	2192348	268048035	356	78	1704654		RepartitionExec=262867946;OrderedPartialAggregateStream=3475435;RepartitionExec[Merge]=1704654
event	130050	refusal	RepartitionExec[87]	1	1036304	2192348	268048035	356	78	1704654		RepartitionExec=262867946;OrderedPartialAggregateStream=3475435;RepartitionExec[Merge]=1704654
event	130062	refusal	RepartitionExec[88]	1	732330	2192348	268048035	356	78	1704654		RepartitionExec=262867946;OrderedPartialAggregateStream=3475435;RepartitionExec[Merge]=1704654
event	130091	refusal	RepartitionExec[82]	1	816836	2192348	268048035	356	78	1704654		RepartitionExec=262867946;OrderedPartialAggregateStream=3475435;RepartitionExec[Merge]=1704654
event	130129	refusal	RepartitionExec[97]	1	672884	1702614	268048035	356	78	1704654		RepartitionExec=262867946;OrderedPartialAggregateStream=3475435;RepartitionExec[Merge]=1704654
event	130155	refusal	RepartitionExec[96]	1	782114	2192348	268048035	356	78	1704654		RepartitionExec=262867946;OrderedPartialAggregateStream=3475435;RepartitionExec[Merge]=1704654
event	130177	refusal	RepartitionExec[98]	1	595234	2192348	268048035	356	78	1704654		RepartitionExec=262867946;OrderedPartialAggregateStream=3475435;RepartitionExec[Merge]=1704654
event	130197	refusal	RepartitionExec[97]	1	576806	1702614	268048035	356	78	1704654		RepartitionExec=262867946;OrderedPartialAggregateStream=3475435;RepartitionExec[Merge]=1704654
event	130229	refusal	RepartitionExec[84]	1	810770	2192348	268048035	356	78	1704654		RepartitionExec=262867946;OrderedPartialAggregateStream=3475435;RepartitionExec[Merge]=1704654
event	130249	refusal	RepartitionExec[99]	1	595234	2192348	268048035	356	78	1704654		RepartitionExec=262867946;OrderedPartialAggregateStream=3475435;RepartitionExec[Merge]=1704654
event	130283	refusal	RepartitionExec[104]	1	463948	1702614	268048035	356	78	1704654		RepartitionExec=262867946;OrderedPartialAggregateStream=3475435;RepartitionExec[Merge]=1704654
event	130303	refusal	RepartitionExec[85]	1	810770	2192348	268048035	356	78	1704654		RepartitionExec=262867946;OrderedPartialAggregateStream=3475435;RepartitionExec[Merge]=1704654
event	130339	refusal	RepartitionExec[100]	1	595234	2192348	268048035	356	78	1704654		RepartitionExec=262867946;OrderedPartialAggregateStream=3475435;RepartitionExec[Merge]=1704654
event	130364	refusal	RepartitionExec[90]	1	528026	2192348	268048035	356	78	1704654		RepartitionExec=262867946;OrderedPartialAggregateStream=3475435;RepartitionExec[Merge]=1704654
event	130384	refusal	RepartitionExec[86]	1	810770	2192348	268048035	356	78	1704654		RepartitionExec=262867946;OrderedPartialAggregateStream=3475435;RepartitionExec[Merge]=1704654
event	130410	refusal	RepartitionExec[87]	1	849763	2192348	268048035	356	78	1704654		RepartitionExec=262867946;OrderedPartialAggregateStream=3475435;RepartitionExec[Merge]=1704654
event	130447	refusal	RepartitionExec[89]	1	1036304	2192348	268048035	356	78	1704654		RepartitionExec=262867946;OrderedPartialAggregateStream=3475435;RepartitionExec[Merge]=1704654
event	130467	refusal	RepartitionExec[88]	1	1036304	2192348	268048035	356	78	1704654		RepartitionExec=262867946;OrderedPartialAggregateStream=3475435;RepartitionExec[Merge]=1704654
event	130499	refusal	RepartitionExec[89]	1	732330	2192348	268048035	356	78	1704654		RepartitionExec=262867946;OrderedPartialAggregateStream=3475435;RepartitionExec[Merge]=1704654
event	130524	refusal	RepartitionExec[83]	1	816836	2192348	268048035	356	78	1704654		RepartitionExec=262867946;OrderedPartialAggregateStream=3475435;RepartitionExec[Merge]=1704654
event	130539	refusal	RepartitionExec[89]	1	1036304	2192348	268048035	356	78	1704654		RepartitionExec=262867946;OrderedPartialAggregateStream=3475435;RepartitionExec[Merge]=1704654
event	130576	refusal	RepartitionExec[97]	1	782114	1702614	268048035	356	78	1704654		RepartitionExec=262867946;OrderedPartialAggregateStream=3475435;RepartitionExec[Merge]=1704654
event	130615	refusal	RepartitionExec[92]	1	1036178	2192348	268048035	356	78	1704654		RepartitionExec=262867946;OrderedPartialAggregateStream=3475435;RepartitionExec[Merge]=1704654
event	130633	refusal	RepartitionExec[98]	1	576806	2192348	268048035	356	78	1704654		RepartitionExec=262867946;OrderedPartialAggregateStream=3475435;RepartitionExec[Merge]=1704654
event	130646	refusal	RepartitionExec[98]	1	782114	2192348	268048035	356	78	1704654		RepartitionExec=262867946;OrderedPartialAggregateStream=3475435;RepartitionExec[Merge]=1704654
event	130685	refusal	RepartitionExec[101]	1	660341	2192348	268048035	356	78	1704654		RepartitionExec=262867946;OrderedPartialAggregateStream=3475435;RepartitionExec[Merge]=1704654
event	130699	refusal	RepartitionExec[105]	1	463948	1702614	268048035	356	78	1704654		RepartitionExec=262867946;OrderedPartialAggregateStream=3475435;RepartitionExec[Merge]=1704654
event	130730	refusal	RepartitionExec[65]	1	456868	2192348	268048035	356	78	1704654		RepartitionExec=262867946;OrderedPartialAggregateStream=3475435;RepartitionExec[Merge]=1704654
event	130754	refusal	RepartitionExec[101]	1	595234	2192348	268048035	356	78	1704654		RepartitionExec=262867946;OrderedPartialAggregateStream=3475435;RepartitionExec[Merge]=1704654
event	130779	refusal	RepartitionExec[91]	1	528026	2192348	268048035	356	78	1704654		RepartitionExec=262867946;OrderedPartialAggregateStream=3475435;RepartitionExec[Merge]=1704654
event	130799	refusal	RepartitionExec[66]	1	456868	2192348	268048035	356	78	1704654		RepartitionExec=262867946;OrderedPartialAggregateStream=3475435;RepartitionExec[Merge]=1704654
event	130827	refusal	RepartitionExec[102]	1	595234	2192348	268048035	356	78	1704654		RepartitionExec=262867946;OrderedPartialAggregateStream=3475435;RepartitionExec[Merge]=1704654
event	130871	refusal	RepartitionExec[90]	1	1036304	2192348	268048035	356	78	1704654		RepartitionExec=262867946;OrderedPartialAggregateStream=3475435;RepartitionExec[Merge]=1704654
event	130893	refusal	RepartitionExec[98]	1	672884	2192348	268048035	356	78	1704654		RepartitionExec=262867946;OrderedPartialAggregateStream=3475435;RepartitionExec[Merge]=1704654
event	130917	refusal	RepartitionExec[90]	1	732330	2192348	268048035	356	78	1704654		RepartitionExec=262867946;OrderedPartialAggregateStream=3475435;RepartitionExec[Merge]=1704654
event	130929	refusal	RepartitionExec[84]	1	816836	2192348	268048035	356	78	1704654		RepartitionExec=262867946;OrderedPartialAggregateStream=3475435;RepartitionExec[Merge]=1704654
event	130954	refusal	RepartitionExec[90]	1	1036304	2192348	268048035	356	78	1704654		RepartitionExec=262867946;OrderedPartialAggregateStream=3475435;RepartitionExec[Merge]=1704654
event	130984	refusal	RepartitionExec[93]	1	593234	1702614	268048035	356	78	1704654		RepartitionExec=262867946;OrderedPartialAggregateStream=3475435;RepartitionExec[Merge]=1704654
event	131003	refusal	RepartitionExec[85]	1	816836	2192348	268048035	356	78	1704654		RepartitionExec=262867946;OrderedPartialAggregateStream=3475435;RepartitionExec[Merge]=1704654
event	131028	refusal	RepartitionExec[91]	1	1036304	2192348	268048035	356	78	1704654		RepartitionExec=262867946;OrderedPartialAggregateStream=3475435;RepartitionExec[Merge]=1704654
event	131056	refusal	RepartitionExec[99]	1	782114	2192348	268048035	356	78	1704654		RepartitionExec=262867946;OrderedPartialAggregateStream=3475435;RepartitionExec[Merge]=1704654
event	131081	refusal	RepartitionExec[86]	1	816836	2192348	268048035	356	78	1704654		RepartitionExec=262867946;OrderedPartialAggregateStream=3475435;RepartitionExec[Merge]=1704654
event	131095	refusal	RepartitionExec[106]	1	463948	1702614	268048035	356	78	1704654		RepartitionExec=262867946;OrderedPartialAggregateStream=3475435;RepartitionExec[Merge]=1704654
event	131129	refusal	RepartitionExec[87]	1	810770	2192348	268048035	356	78	1704654		RepartitionExec=262867946;OrderedPartialAggregateStream=3475435;RepartitionExec[Merge]=1704654
event	131157	refusal	RepartitionExec[87]	1	816836	2192348	268048035	356	78	1704654		RepartitionExec=262867946;OrderedPartialAggregateStream=3475435;RepartitionExec[Merge]=1704654
event	131188	refusal	RepartitionExec[92]	1	528026	2192348	268048035	356	78	1704654		RepartitionExec=262867946;OrderedPartialAggregateStream=3475435;RepartitionExec[Merge]=1704654
event	131208	refusal	RepartitionExec[88]	1	810770	2192348	268048035	356	78	1704654		RepartitionExec=262867946;OrderedPartialAggregateStream=3475435;RepartitionExec[Merge]=1704654
event	131220	refusal	RepartitionExec[103]	1	595234	1702614	268048035	356	78	1704654		RepartitionExec=262867946;OrderedPartialAggregateStream=3475435;RepartitionExec[Merge]=1704654
event	131274	refusal	RepartitionExec[91]	1	1036304	2192348	268048035	356	78	1704654		RepartitionExec=262867946;OrderedPartialAggregateStream=3475435;RepartitionExec[Merge]=1704654
event	131294	refusal	RepartitionExec[99]	1	672884	2192348	268048035	356	78	1704654		RepartitionExec=262867946;OrderedPartialAggregateStream=3475435;RepartitionExec[Merge]=1704654
event	131324	refusal	RepartitionExec[91]	1	732330	2192348	268048035	356	78	1704654		RepartitionExec=262867946;OrderedPartialAggregateStream=3475435;RepartitionExec[Merge]=1704654
event	131344	refusal	RepartitionExec[93]	1	1036178	1702614	268048035	356	78	1704654		RepartitionExec=262867946;OrderedPartialAggregateStream=3475435;RepartitionExec[Merge]=1704654
event	131388	refusal	RepartitionExec[99]	1	576806	2192348	268048035	356	78	1704654		RepartitionExec=262867946;OrderedPartialAggregateStream=3475435;RepartitionExec[Merge]=1704654
event	131409	refusal	RepartitionExec[94]	1	593234	2192348	268048035	356	78	1704654		RepartitionExec=262867946;OrderedPartialAggregateStream=3475435;RepartitionExec[Merge]=1704654
event	131417	refusal	RepartitionExec[102]	1	660341	2192348	268048035	356	78	1704654		RepartitionExec=262867946;OrderedPartialAggregateStream=3475435;RepartitionExec[Merge]=1704654
event	131456	refusal	RepartitionExec[92]	1	1036304	2192348	268048035	356	78	1704654		RepartitionExec=262867946;OrderedPartialAggregateStream=3475435;RepartitionExec[Merge]=1704654
event	131469	refusal	RepartitionExec[100]	1	782114	2192348	268048035	356	78	1704654		RepartitionExec=262867946;OrderedPartialAggregateStream=3475435;RepartitionExec[Merge]=1704654
event	131526	refusal	RepartitionExec[88]	1	849763	2192348	268048035	356	78	1704654		RepartitionExec=262867946;OrderedPartialAggregateStream=3475435;RepartitionExec[Merge]=1704654
event	131547	refusal	RepartitionExec[93]	1	1036304	1702614	268048035	356	78	1704654		RepartitionExec=262867946;OrderedPartialAggregateStream=3475435;RepartitionExec[Merge]=1704654
event	131578	refusal	RepartitionExec[67]	1	456868	2192348	268048035	356	78	1704654		RepartitionExec=262867946;OrderedPartialAggregateStream=3475435;RepartitionExec[Merge]=1704654
event	131608	refusal	RepartitionExec[88]	1	816836	2192348	268048035	356	78	1704654		RepartitionExec=262867946;OrderedPartialAggregateStream=3475435;RepartitionExec[Merge]=1704654
event	131616	refusal	RepartitionExec[93]	1	528026	1702614	268048035	356	78	1704654		RepartitionExec=262867946;OrderedPartialAggregateStream=3475435;RepartitionExec[Merge]=1704654
event	131643	refusal	RepartitionExec[89]	1	810770	2192348	268048035	356	78	1704654		RepartitionExec=262867946;OrderedPartialAggregateStream=3475435;RepartitionExec[Merge]=1704654
event	131666	refusal	RepartitionExec[68]	1	456868	2192348	268048035	356	78	1704654		RepartitionExec=262867946;OrderedPartialAggregateStream=3475435;RepartitionExec[Merge]=1704654
event	131707	refusal	RepartitionExec[92]	1	1036304	2192348	268048035	356	78	1704654		RepartitionExec=262867946;OrderedPartialAggregateStream=3475435;RepartitionExec[Merge]=1704654
event	131721	refusal	RepartitionExec[100]	1	672884	2192348	268048035	356	78	1704654		RepartitionExec=262867946;OrderedPartialAggregateStream=3475435;RepartitionExec[Merge]=1704654
event	131755	refusal	RepartitionExec[92]	1	732330	2192348	268048035	356	78	1704654		RepartitionExec=262867946;OrderedPartialAggregateStream=3475435;RepartitionExec[Merge]=1704654
event	131774	refusal	RepartitionExec[94]	1	1036178	2192348	268048035	356	78	1704654		RepartitionExec=262867946;OrderedPartialAggregateStream=3475435;RepartitionExec[Merge]=1704654
event	131804	refusal	RepartitionExec[101]	1	672884	2192348	268048035	356	78	1704654		RepartitionExec=262867946;OrderedPartialAggregateStream=3475435;RepartitionExec[Merge]=1704654
event	131821	refusal	RepartitionExec[95]	1	593234	2192348	268048035	356	78	1704654		RepartitionExec=262867946;OrderedPartialAggregateStream=3475435;RepartitionExec[Merge]=1704654
event	131875	refusal	RepartitionExec[95]	1	1036178	2192348	268048035	356	78	1704654		RepartitionExec=262867946;OrderedPartialAggregateStream=3475435;RepartitionExec[Merge]=1704654
event	131879	refusal	RepartitionExec[107]	1	463948	1702614	268048035	356	78	1704654		RepartitionExec=262867946;OrderedPartialAggregateStream=3475435;RepartitionExec[Merge]=1704654
event	131900	refusal	RepartitionExec[101]	1	782114	2192348	268048035	356	78	1704654		RepartitionExec=262867946;OrderedPartialAggregateStream=3475435;RepartitionExec[Merge]=1704654
event	131948	refusal	RepartitionExec[89]	1	849763	2192348	268048035	356	78	1704654		RepartitionExec=262867946;OrderedPartialAggregateStream=3475435;RepartitionExec[Merge]=1704654
event	131974	refusal	RepartitionExec[94]	1	1036304	2192348	268048035	356	78	1704654		RepartitionExec=262867946;OrderedPartialAggregateStream=3475435;RepartitionExec[Merge]=1704654
event	131998	refusal	RepartitionExec[104]	1	595234	1702614	268048035	356	78	1704654		RepartitionExec=262867946;OrderedPartialAggregateStream=3475435;RepartitionExec[Merge]=1704654
event	132009	refusal	RepartitionExec[89]	1	816836	2192348	268048035	356	78	1704654		RepartitionExec=262867946;OrderedPartialAggregateStream=3475435;RepartitionExec[Merge]=1704654
event	132040	refusal	RepartitionExec[94]	1	528026	2192348	268048035	356	78	1704654		RepartitionExec=262867946;OrderedPartialAggregateStream=3475435;RepartitionExec[Merge]=1704654
event	132079	refusal	RepartitionExec[90]	1	810770	2192348	268048035	356	78	1704654		RepartitionExec=262867946;OrderedPartialAggregateStream=3475435;RepartitionExec[Merge]=1704654
event	132090	refusal	RepartitionExec[69]	1	456868	2192348	268048035	356	78	1704654		RepartitionExec=262867946;OrderedPartialAggregateStream=3475435;RepartitionExec[Merge]=1704654
event	132143	refusal	RepartitionExec[93]	1	1036304	1702614	268048035	356	78	1704654		RepartitionExec=262867946;OrderedPartialAggregateStream=3475435;RepartitionExec[Merge]=1704654
event	132149	refusal	RepartitionExec[91]	1	810770	2192348	268048035	356	78	1704654		RepartitionExec=262867946;OrderedPartialAggregateStream=3475435;RepartitionExec[Merge]=1704654
event	132173	refusal	RepartitionExec[93]	1	732330	1702614	268048035	356	78	1704654		RepartitionExec=262867946;OrderedPartialAggregateStream=3475435;RepartitionExec[Merge]=1704654
event	132197	refusal	RepartitionExec[103]	1	660341	1702614	268048035	356	78	1704654		RepartitionExec=262867946;OrderedPartialAggregateStream=3475435;RepartitionExec[Merge]=1704654
event	132251	refusal	RepartitionExec[92]	1	810770	2192348	268048035	356	78	1704654		RepartitionExec=262867946;OrderedPartialAggregateStream=3475435;RepartitionExec[Merge]=1704654
event	132261	refusal	RepartitionExec[104]	1	660341	1702614	268048035	356	78	1704654		RepartitionExec=262867946;OrderedPartialAggregateStream=3475435;RepartitionExec[Merge]=1704654
event	132303	refusal	RepartitionExec[96]	1	1036178	2192348	268048035	356	78	1704654		RepartitionExec=262867946;OrderedPartialAggregateStream=3475435;RepartitionExec[Merge]=1704654
event	132320	refusal	RepartitionExec[108]	1	463948	1702614	268048035	356	78	1704654		RepartitionExec=262867946;OrderedPartialAggregateStream=3475435;RepartitionExec[Merge]=1704654
event	132346	refusal	RepartitionExec[102]	1	782114	2192348	268048035	356	78	1704654		RepartitionExec=262867946;OrderedPartialAggregateStream=3475435;RepartitionExec[Merge]=1704654
event	132391	refusal	RepartitionExec[90]	1	849763	2192348	268048035	356	78	1704654		RepartitionExec=262867946;OrderedPartialAggregateStream=3475435;RepartitionExec[Merge]=1704654
event	132391	refusal	RepartitionExec[109]	1	463948	1702614	268048035	356	78	1704654		RepartitionExec=262867946;OrderedPartialAggregateStream=3475435;RepartitionExec[Merge]=1704654
event	132437	refusal	RepartitionExec[105]	1	595234	1702614	268048035	356	78	1704654		RepartitionExec=262867946;OrderedPartialAggregateStream=3475435;RepartitionExec[Merge]=1704654
event	132454	refusal	RepartitionExec[90]	1	816836	2192348	268048035	356	78	1704654		RepartitionExec=262867946;OrderedPartialAggregateStream=3475435;RepartitionExec[Merge]=1704654
event	132477	refusal	RepartitionExec[91]	1	849763	2192348	268048035	356	78	1704654		RepartitionExec=262867946;OrderedPartialAggregateStream=3475435;RepartitionExec[Merge]=1704654
event	132492	refusal	RepartitionExec[100]	1	576806	2192348	268048035	356	78	1704654		RepartitionExec=262867946;OrderedPartialAggregateStream=3475435;RepartitionExec[Merge]=1704654
event	132525	refusal	RepartitionExec[70]	1	456868	2192348	268048035	356	78	1704654		RepartitionExec=262867946;OrderedPartialAggregateStream=3475435;RepartitionExec[Merge]=1704654
event	132550	refusal	RepartitionExec[92]	1	849763	2192348	268048035	356	78	1704654		RepartitionExec=262867946;OrderedPartialAggregateStream=3475435;RepartitionExec[Merge]=1704654
event	132584	refusal	RepartitionExec[102]	1	672884	2192348	268048035	356	78	1704654		RepartitionExec=262867946;OrderedPartialAggregateStream=3475435;RepartitionExec[Merge]=1704654
event	132594	refusal	RepartitionExec[71]	1	456868	2192348	268048035	356	78	1704654		RepartitionExec=262867946;OrderedPartialAggregateStream=3475435;RepartitionExec[Merge]=1704654
event	132622	refusal	RepartitionExec[96]	1	593234	2192348	268048035	356	78	1704654		RepartitionExec=262867946;OrderedPartialAggregateStream=3475435;RepartitionExec[Merge]=1704654
event	132642	refusal	RepartitionExec[93]	1	810770	1702614	268048035	356	78	1704654		RepartitionExec=262867946;OrderedPartialAggregateStream=3475435;RepartitionExec[Merge]=1704654
event	132661	refusal	RepartitionExec[72]	1	456868	2192348	268048035	356	78	1704654		RepartitionExec=262867946;OrderedPartialAggregateStream=3475435;RepartitionExec[Merge]=1704654
event	132708	refusal	RepartitionExec[97]	1	1036178	1702614	268048035	356	78	1704654		RepartitionExec=262867946;OrderedPartialAggregateStream=3475435;RepartitionExec[Merge]=1704654
event	132730	refusal	RepartitionExec[95]	1	1036304	2192348	268048035	356	78	1704654		RepartitionExec=262867946;OrderedPartialAggregateStream=3475435;RepartitionExec[Merge]=1704654
event	132747	refusal	RepartitionExec[103]	1	782114	1702614	268048035	356	78	1704654		RepartitionExec=262867946;OrderedPartialAggregateStream=3475435;RepartitionExec[Merge]=1704654
event	132769	refusal	RepartitionExec[110]	1	463948	1702614	268048035	356	78	1704654		RepartitionExec=262867946;OrderedPartialAggregateStream=3475435;RepartitionExec[Merge]=1704654
event	132789	refusal	RepartitionExec[95]	1	528026	2192348	268048035	356	78	1704654		RepartitionExec=262867946;OrderedPartialAggregateStream=3475435;RepartitionExec[Merge]=1704654
event	132813	refusal	RepartitionExec[106]	1	595234	1702614	268048035	356	78	1704654		RepartitionExec=262867946;OrderedPartialAggregateStream=3475435;RepartitionExec[Merge]=1704654
event	132841	refusal	RepartitionExec[91]	1	816836	2192348	268048035	356	78	1704654		RepartitionExec=262867946;OrderedPartialAggregateStream=3475435;RepartitionExec[Merge]=1704654
event	132861	refusal	RepartitionExec[96]	1	528026	2192348	268048035	356	78	1704654		RepartitionExec=262867946;OrderedPartialAggregateStream=3475435;RepartitionExec[Merge]=1704654
event	132886	refusal	RepartitionExec[107]	1	595234	1702614	268048035	356	78	1704654		RepartitionExec=262867946;OrderedPartialAggregateStream=3475435;RepartitionExec[Merge]=1704654
event	132905	refusal	RepartitionExec[94]	1	732330	2192348	268048035	356	78	1704654		RepartitionExec=262867946;OrderedPartialAggregateStream=3475435;RepartitionExec[Merge]=1704654
event	132952	refusal	RepartitionExec[93]	1	849763	1702614	268048035	356	78	1704654		RepartitionExec=262867946;OrderedPartialAggregateStream=3475435;RepartitionExec[Merge]=1704654
event	132985	refusal	RepartitionExec[103]	1	672884	1702614	268048035	356	78	1704654		RepartitionExec=262867946;OrderedPartialAggregateStream=3475435;RepartitionExec[Merge]=1704654
event	132998	refusal	RepartitionExec[105]	1	660341	1702614	268048035	356	78	1704654		RepartitionExec=262867946;OrderedPartialAggregateStream=3475435;RepartitionExec[Merge]=1704654
event	133023	refusal	RepartitionExec[94]	1	849763	2192348	268048035	356	78	1704654		RepartitionExec=262867946;OrderedPartialAggregateStream=3475435;RepartitionExec[Merge]=1704654
event	133042	refusal	RepartitionExec[94]	1	810770	2192348	268048035	356	78	1704654		RepartitionExec=262867946;OrderedPartialAggregateStream=3475435;RepartitionExec[Merge]=1704654
event	133078	refusal	RepartitionExec[73]	1	456868	2192348	268048035	356	78	1704654		RepartitionExec=262867946;OrderedPartialAggregateStream=3475435;RepartitionExec[Merge]=1704654
event	133100	refusal	RepartitionExec[95]	1	849763	2192348	268048035	356	78	1704654		RepartitionExec=262867946;OrderedPartialAggregateStream=3475435;RepartitionExec[Merge]=1704654
event	133141	refusal	RepartitionExec[95]	1	810770	2192348	268048035	356	78	1704654		RepartitionExec=262867946;OrderedPartialAggregateStream=3475435;RepartitionExec[Merge]=1704654
event	133155	refusal	RepartitionExec[104]	1	782114	1702614	268048035	356	78	1704654		RepartitionExec=262867946;OrderedPartialAggregateStream=3475435;RepartitionExec[Merge]=1704654
event	133176	refusal	RepartitionExec[111]	1	463948	1702614	268048035	356	78	1704654		RepartitionExec=262867946;OrderedPartialAggregateStream=3475435;RepartitionExec[Merge]=1704654
event	133221	refusal	RepartitionExec[105]	1	782114	1702614	268048035	356	78	1704654		RepartitionExec=262867946;OrderedPartialAggregateStream=3475435;RepartitionExec[Merge]=1704654
event	133232	refusal	RepartitionExec[94]	1	1036304	2192348	268048035	356	78	1704654		RepartitionExec=262867946;OrderedPartialAggregateStream=3475435;RepartitionExec[Merge]=1704654
event	133245	refusal	RepartitionExec[112]	1	463948	1702614	268048035	356	78	1704654		RepartitionExec=262867946;OrderedPartialAggregateStream=3475435;RepartitionExec[Merge]=1704654
event	133279	refusal	RepartitionExec[97]	1	528026	1702614	268048035	356	78	1704654		RepartitionExec=262867946;OrderedPartialAggregateStream=3475435;RepartitionExec[Merge]=1704654
event	133298	refusal	RepartitionExec[108]	1	595234	1702614	268048035	356	78	1704654		RepartitionExec=262867946;OrderedPartialAggregateStream=3475435;RepartitionExec[Merge]=1704654
event	133330	refusal	RepartitionExec[113]	1	463948	1702614	268048035	356	78	1704654		RepartitionExec=262867946;OrderedPartialAggregateStream=3475435;RepartitionExec[Merge]=1704654
event	133362	refusal	RepartitionExec[97]	1	593234	1702614	268048035	356	78	1704654		RepartitionExec=262867946;OrderedPartialAggregateStream=3475435;RepartitionExec[Merge]=1704654
event	133376	refusal	RepartitionExec[104]	1	672884	1702614	268048035	356	78	1704654		RepartitionExec=262867946;OrderedPartialAggregateStream=3475435;RepartitionExec[Merge]=1704654
event	133393	refusal	RepartitionExec[106]	1	660341	1702614	268048035	356	78	1704654		RepartitionExec=262867946;OrderedPartialAggregateStream=3475435;RepartitionExec[Merge]=1704654
event	133428	refusal	RepartitionExec[98]	1	1036178	2192348	268048035	356	78	1704654		RepartitionExec=262867946;OrderedPartialAggregateStream=3475435;RepartitionExec[Merge]=1704654
event	133434	refusal	RepartitionExec[98]	1	593234	2192348	268048035	356	78	1704654		RepartitionExec=262867946;OrderedPartialAggregateStream=3475435;RepartitionExec[Merge]=1704654
event	133473	refusal	RepartitionExec[74]	1	456868	2192348	268048035	356	78	1704654		RepartitionExec=262867946;OrderedPartialAggregateStream=3475435;RepartitionExec[Merge]=1704654
event	133492	refusal	RepartitionExec[96]	1	849763	2192348	268048035	356	78	1704654		RepartitionExec=262867946;OrderedPartialAggregateStream=3475435;RepartitionExec[Merge]=1704654
event	133520	refusal	RepartitionExec[96]	1	810770	2192348	268048035	356	78	1704654		RepartitionExec=262867946;OrderedPartialAggregateStream=3475435;RepartitionExec[Merge]=1704654
event	133541	refusal	RepartitionExec[101]	1	576806	2192348	268048035	356	78	1704654		RepartitionExec=262867946;OrderedPartialAggregateStream=3475435;RepartitionExec[Merge]=1704654
event	133566	refusal	RepartitionExec[92]	1	816836	2192348	268048035	356	78	1704654		RepartitionExec=262867946;OrderedPartialAggregateStream=3475435;RepartitionExec[Merge]=1704654
event	133607	refusal	RepartitionExec[102]	1	576806	2192348	268048035	356	78	1704654		RepartitionExec=262867946;OrderedPartialAggregateStream=3475435;RepartitionExec[Merge]=1704654
event	133608	refusal	RepartitionExec[106]	1	782114	1702614	268048035	356	78	1704654		RepartitionExec=262867946;OrderedPartialAggregateStream=3475435;RepartitionExec[Merge]=1704654
event	133663	refusal	RepartitionExec[95]	1	732330	2192348	268048035	356	78	1704654		RepartitionExec=262867946;OrderedPartialAggregateStream=3475435;RepartitionExec[Merge]=1704654
event	133671	refusal	RepartitionExec[98]	1	528026	2192348	268048035	356	78	1704654		RepartitionExec=262867946;OrderedPartialAggregateStream=3475435;RepartitionExec[Merge]=1704654
event	133705	refusal	RepartitionExec[109]	1	595234	1702614	268048035	356	78	1704654		RepartitionExec=262867946;OrderedPartialAggregateStream=3475435;RepartitionExec[Merge]=1704654
event	133726	refusal	RepartitionExec[114]	1	463948	1702614	268048035	356	78	1704654		RepartitionExec=262867946;OrderedPartialAggregateStream=3475435;RepartitionExec[Merge]=1704654
event	133738	refusal	RepartitionExec[99]	1	528026	2192348	268048035	356	78	1704654		RepartitionExec=262867946;OrderedPartialAggregateStream=3475435;RepartitionExec[Merge]=1704654
event	133768	refusal	RepartitionExec[105]	1	672884	1702614	268048035	356	78	1704654		RepartitionExec=262867946;OrderedPartialAggregateStream=3475435;RepartitionExec[Merge]=1704654
event	133792	refusal	RepartitionExec[107]	1	660341	1702614	268048035	356	78	1704654		RepartitionExec=262867946;OrderedPartialAggregateStream=3475435;RepartitionExec[Merge]=1704654
event	133835	refusal	RepartitionExec[99]	1	1036178	2192348	268048035	356	78	1704654		RepartitionExec=262867946;OrderedPartialAggregateStream=3475435;RepartitionExec[Merge]=1704654
event	133845	refusal	RepartitionExec[99]	1	593234	2192348	268048035	356	78	1704654		RepartitionExec=262867946;OrderedPartialAggregateStream=3475435;RepartitionExec[Merge]=1704654
event	133878	refusal	RepartitionExec[75]	1	456868	2192348	268048035	356	78	1704654		RepartitionExec=262867946;OrderedPartialAggregateStream=3475435;RepartitionExec[Merge]=1704654
event	133894	refusal	RepartitionExec[97]	1	849763	1702614	268048035	356	78	1704654		RepartitionExec=262867946;OrderedPartialAggregateStream=3475435;RepartitionExec[Merge]=1704654
event	133926	refusal	RepartitionExec[97]	1	810770	1702614	268048035	356	78	1704654		RepartitionExec=262867946;OrderedPartialAggregateStream=3475435;RepartitionExec[Merge]=1704654
event	133986	refusal	RepartitionExec[95]	1	1036304	2192348	268048035	356	78	1704654		RepartitionExec=262867946;OrderedPartialAggregateStream=3475435;RepartitionExec[Merge]=1704654
event	134011	refusal	RepartitionExec[93]	1	816836	1702614	268048035	356	78	1704654		RepartitionExec=262867946;OrderedPartialAggregateStream=3475435;RepartitionExec[Merge]=1704654
event	134041	refusal	RepartitionExec[103]	1	576806	1702614	268048035	356	78	1704654		RepartitionExec=262867946;OrderedPartialAggregateStream=3475435;RepartitionExec[Merge]=1704654
event	134055	refusal	RepartitionExec[96]	1	1036304	2192348	268048035	356	78	1704654		RepartitionExec=262867946;OrderedPartialAggregateStream=3475435;RepartitionExec[Merge]=1704654
event	134077	refusal	RepartitionExec[96]	1	732330	2192348	268048035	356	78	1704654		RepartitionExec=262867946;OrderedPartialAggregateStream=3475435;RepartitionExec[Merge]=1704654
event	134114	refusal	RepartitionExec[96]	1	1036304	2192348	268048035	356	78	1704654		RepartitionExec=262867946;OrderedPartialAggregateStream=3475435;RepartitionExec[Merge]=1704654
event	134141	refusal	RepartitionExec[110]	1	595234	1702614	268048035	356	78	1704654		RepartitionExec=262867946;OrderedPartialAggregateStream=3475435;RepartitionExec[Merge]=1704654
event	134161	refusal	RepartitionExec[115]	1	463948	1818654	268048035	356	78	1704654		RepartitionExec=262867946;OrderedPartialAggregateStream=3475435;RepartitionExec[Merge]=1704654
event	134183	refusal	RepartitionExec[100]	1	528026	2192348	268048035	356	78	1704654		RepartitionExec=262867946;OrderedPartialAggregateStream=3475435;RepartitionExec[Merge]=1704654
event	134203	refusal	RepartitionExec[106]	1	672884	1702614	268048035	356	78	1704654		RepartitionExec=262867946;OrderedPartialAggregateStream=3475435;RepartitionExec[Merge]=1704654
event	134233	refusal	RepartitionExec[108]	1	660341	1702614	268048035	356	78	1704654		RepartitionExec=262867946;OrderedPartialAggregateStream=3475435;RepartitionExec[Merge]=1704654
event	134261	refusal	RepartitionExec[101]	1	528026	2192348	268048035	356	78	1704654		RepartitionExec=262867946;OrderedPartialAggregateStream=3475435;RepartitionExec[Merge]=1704654
event	134302	refusal	RepartitionExec[100]	1	593234	2192348	268048035	356	78	1704654		RepartitionExec=262867946;OrderedPartialAggregateStream=3475435;RepartitionExec[Merge]=1704654
event	134326	refusal	RepartitionExec[76]	1	456868	2192348	268048035	356	78	1704654		RepartitionExec=262867946;OrderedPartialAggregateStream=3475435;RepartitionExec[Merge]=1704654
event	134385	refusal	RepartitionExec[98]	1	849763	2192348	268048035	356	78	1704654		RepartitionExec=262867946;OrderedPartialAggregateStream=3475435;RepartitionExec[Merge]=1704654
event	134425	refusal	RepartitionExec[98]	1	810770	2192348	268048035	356	78	1704654		RepartitionExec=262867946;OrderedPartialAggregateStream=3475435;RepartitionExec[Merge]=1704654
event	134449	refusal	RepartitionExec[107]	1	782114	1702614	268048035	356	78	1704654		RepartitionExec=262867946;OrderedPartialAggregateStream=3475435;RepartitionExec[Merge]=1704654
event	134458	refusal	RepartitionExec[99]	1	849763	2192348	268048035	356	78	1704654		RepartitionExec=262867946;OrderedPartialAggregateStream=3475435;RepartitionExec[Merge]=1704654
event	134479	refusal	RepartitionExec[104]	1	576806	1702614	268048035	356	78	1704654		RepartitionExec=262867946;OrderedPartialAggregateStream=3475435;RepartitionExec[Merge]=1704654
event	134519	refusal	RepartitionExec[97]	1	1036304	1702614	268048035	356	78	1704654		RepartitionExec=262867946;OrderedPartialAggregateStream=3475435;RepartitionExec[Merge]=1704654
event	134535	refusal	RepartitionExec[97]	1	732330	1702614	268048035	356	78	1704654		RepartitionExec=262867946;OrderedPartialAggregateStream=3475435;RepartitionExec[Merge]=1704654
event	134565	refusal	RepartitionExec[97]	1	1036304	1702614	268048035	356	78	1704654		RepartitionExec=262867946;OrderedPartialAggregateStream=3475435;RepartitionExec[Merge]=1704654
event	134600	refusal	RepartitionExec[111]	1	595234	1702614	268048035	356	78	1704654		RepartitionExec=262867946;OrderedPartialAggregateStream=3475435;RepartitionExec[Merge]=1704654
event	134603	refusal	RepartitionExec[98]	1	732330	2192348	268048035	356	78	1704654		RepartitionExec=262867946;OrderedPartialAggregateStream=3475435;RepartitionExec[Merge]=1704654
event	134633	refusal	RepartitionExec[100]	1	1036178	2192348	268048035	356	78	1704654		RepartitionExec=262867946;OrderedPartialAggregateStream=3475435;RepartitionExec[Merge]=1704654
event	134669	refusal	RepartitionExec[107]	1	672884	1702614	268048035	356	78	1704654		RepartitionExec=262867946;OrderedPartialAggregateStream=3475435;RepartitionExec[Merge]=1704654
event	134689	refusal	RepartitionExec[109]	1	660341	1702614	268048035	356	78	1704654		RepartitionExec=262867946;OrderedPartialAggregateStream=3475435;RepartitionExec[Merge]=1704654
event	134719	refusal	RepartitionExec[101]	1	1036178	2192348	268048035	356	78	1704654		RepartitionExec=262867946;OrderedPartialAggregateStream=3475435;RepartitionExec[Merge]=1704654
event	134729	refusal	RepartitionExec[101]	1	593234	2192348	268048035	356	78	1704654		RepartitionExec=262867946;OrderedPartialAggregateStream=3475435;RepartitionExec[Merge]=1704654
event	134761	refusal	RepartitionExec[77]	1	456868	2192348	268048035	356	78	1704654		RepartitionExec=262867946;OrderedPartialAggregateStream=3475435;RepartitionExec[Merge]=1704654
event	134785	refusal	RepartitionExec[94]	1	816836	2192348	268048035	356	78	1704654		RepartitionExec=262867946;OrderedPartialAggregateStream=3475435;RepartitionExec[Merge]=1704654
event	134828	refusal	RepartitionExec[99]	1	810770	2192348	268048035	356	78	1704654		RepartitionExec=262867946;OrderedPartialAggregateStream=3475435;RepartitionExec[Merge]=1704654
event	134849	refusal	RepartitionExec[108]	1	782114	1702614	268048035	356	78	1704654		RepartitionExec=262867946;OrderedPartialAggregateStream=3475435;RepartitionExec[Merge]=1704654
event	134855	refusal	RepartitionExec[100]	1	849763	2192348	268048035	356	78	1704654		RepartitionExec=262867946;OrderedPartialAggregateStream=3475435;RepartitionExec[Merge]=1704654
event	134890	refusal	RepartitionExec[105]	1	576806	1702614	268048035	356	78	1704654		RepartitionExec=262867946;OrderedPartialAggregateStream=3475435;RepartitionExec[Merge]=1704654
event	134923	refusal	RepartitionExec[98]	1	1036304	2192348	268048035	356	78	1704654		RepartitionExec=262867946;OrderedPartialAggregateStream=3475435;RepartitionExec[Merge]=1704654
event	134929	refusal	RepartitionExec[116]	1	463948	1702614	268048035	356	78	1704654		RepartitionExec=262867946;OrderedPartialAggregateStream=3475435;RepartitionExec[Merge]=1704654
event	134957	refusal	RepartitionExec[98]	1	1036304	2192348	268048035	356	78	1704654		RepartitionExec=262867946;OrderedPartialAggregateStream=3475435;RepartitionExec[Merge]=1704654
event	134977	refusal	RepartitionExec[112]	1	595234	1702614	268048035	356	78	1704654		RepartitionExec=262867946;OrderedPartialAggregateStream=3475435;RepartitionExec[Merge]=1704654
event	135006	refusal	RepartitionExec[99]	1	732330	2192348	268048035	356	78	1704654		RepartitionExec=262867946;OrderedPartialAggregateStream=3475435;RepartitionExec[Merge]=1704654
event	135033	refusal	RepartitionExec[102]	1	528026	2192348	268048035	356	78	1704654		RepartitionExec=262867946;OrderedPartialAggregateStream=3475435;RepartitionExec[Merge]=1704654
event	135042	refusal	RepartitionExec[113]	1	595234	1702614	268048035	356	78	1704654		RepartitionExec=262867946;OrderedPartialAggregateStream=3475435;RepartitionExec[Merge]=1704654
event	135086	refusal	RepartitionExec[110]	1	660341	1702614	268048035	356	78	1704654		RepartitionExec=262867946;OrderedPartialAggregateStream=3475435;RepartitionExec[Merge]=1704654
event	135124	refusal	RepartitionExec[102]	1	1036178	2192348	268048035	356	78	1704654		RepartitionExec=262867946;OrderedPartialAggregateStream=3475435;RepartitionExec[Merge]=1704654
event	135134	refusal	RepartitionExec[102]	1	593234	2192348	268048035	356	78	1704654		RepartitionExec=262867946;OrderedPartialAggregateStream=3475435;RepartitionExec[Merge]=1704654
event	135177	refusal	RepartitionExec[111]	1	660341	1702614	268048035	356	78	1704654		RepartitionExec=262867946;OrderedPartialAggregateStream=3475435;RepartitionExec[Merge]=1704654
event	135207	refusal	RepartitionExec[95]	1	816836	2192348	268048035	356	78	1704654		RepartitionExec=262867946;OrderedPartialAggregateStream=3475435;RepartitionExec[Merge]=1704654
event	135231	refusal	RepartitionExec[100]	1	810770	2192348	268048035	356	78	1704654		RepartitionExec=262867946;OrderedPartialAggregateStream=3475435;RepartitionExec[Merge]=1704654
event	135256	refusal	RepartitionExec[109]	1	782114	1702614	268048035	356	78	1704654		RepartitionExec=262867946;OrderedPartialAggregateStream=3475435;RepartitionExec[Merge]=1704654
event	135266	refusal	RepartitionExec[101]	1	849763	2192348	268048035	356	78	1704654		RepartitionExec=262867946;OrderedPartialAggregateStream=3475435;RepartitionExec[Merge]=1704654
event	135289	refusal	RepartitionExec[106]	1	576806	1702614	268048035	356	78	1704654		RepartitionExec=262867946;OrderedPartialAggregateStream=3475435;RepartitionExec[Merge]=1704654
event	135322	refusal	RepartitionExec[99]	1	1036304	2192348	268048035	356	78	1704654		RepartitionExec=262867946;OrderedPartialAggregateStream=3475435;RepartitionExec[Merge]=1704654
event	135325	refusal	RepartitionExec[110]	1	782114	1702614	268048035	356	78	1704654		RepartitionExec=262867946;OrderedPartialAggregateStream=3475435;RepartitionExec[Merge]=1704654
event	135363	refusal	RepartitionExec[99]	1	1036304	2192348	268048035	356	78	1704654		RepartitionExec=262867946;OrderedPartialAggregateStream=3475435;RepartitionExec[Merge]=1704654
event	135380	refusal	RepartitionExec[108]	1	672884	1702614	268048035	356	78	1704654		RepartitionExec=262867946;OrderedPartialAggregateStream=3475435;RepartitionExec[Merge]=1704654
event	135407	refusal	RepartitionExec[100]	1	732330	2192348	268048035	356	78	1704654		RepartitionExec=262867946;OrderedPartialAggregateStream=3475435;RepartitionExec[Merge]=1704654
event	135448	refusal	RepartitionExec[109]	1	672884	1702614	268048035	356	78	1704654		RepartitionExec=262867946;OrderedPartialAggregateStream=3475435;RepartitionExec[Merge]=1704654
event	135448	refusal	RepartitionExec[103]	1	528026	1702614	268048035	356	78	1704654		RepartitionExec=262867946;OrderedPartialAggregateStream=3475435;RepartitionExec[Merge]=1704654
event	135487	refusal	RepartitionExec[78]	1	456868	2192348	268048035	356	78	1704654		RepartitionExec=262867946;OrderedPartialAggregateStream=3475435;RepartitionExec[Merge]=1704654
event	135518	refusal	RepartitionExec[103]	1	1036178	1702614	268048035	356	78	1704654		RepartitionExec=262867946;OrderedPartialAggregateStream=3475435;RepartitionExec[Merge]=1704654
event	135526	refusal	RepartitionExec[103]	1	593234	1702614	268048035	356	78	1704654		RepartitionExec=262867946;OrderedPartialAggregateStream=3475435;RepartitionExec[Merge]=1704654
event	135561	refusal	RepartitionExec[112]	1	660341	1702614	268048035	356	78	1704654		RepartitionExec=262867946;OrderedPartialAggregateStream=3475435;RepartitionExec[Merge]=1704654
event	135582	refusal	RepartitionExec[96]	1	816836	2192348	268048035	356	78	1704654		RepartitionExec=262867946;OrderedPartialAggregateStream=3475435;RepartitionExec[Merge]=1704654
event	135599	refusal	RepartitionExec[101]	1	810770	2192348	268048035	356	78	1704654		RepartitionExec=262867946;OrderedPartialAggregateStream=3475435;RepartitionExec[Merge]=1704654
event	135621	refusal	RepartitionExec[117]	1	463948	1818654	268048035	356	78	1704654		RepartitionExec=262867946;OrderedPartialAggregateStream=3475435;RepartitionExec[Merge]=1704654
event	135644	refusal	RepartitionExec[102]	1	849763	2192348	268048035	356	78	1704654		RepartitionExec=262867946;OrderedPartialAggregateStream=3475435;RepartitionExec[Merge]=1704654
event	135676	refusal	RepartitionExec[107]	1	576806	1702614	268048035	356	78	1704654		RepartitionExec=262867946;OrderedPartialAggregateStream=3475435;RepartitionExec[Merge]=1704654
event	135686	refusal	RepartitionExec[118]	1	463948	1702614	268048035	356	78	1704654		RepartitionExec=262867946;OrderedPartialAggregateStream=3475435;RepartitionExec[Merge]=1704654
event	135710	refusal	RepartitionExec[111]	1	782114	1702614	268048035	356	78	1704654		RepartitionExec=262867946;OrderedPartialAggregateStream=3475435;RepartitionExec[Merge]=1704654
event	135742	refusal	RepartitionExec[100]	1	1036304	2192348	268048035	356	78	1704654		RepartitionExec=262867946;OrderedPartialAggregateStream=3475435;RepartitionExec[Merge]=1704654
event	135766	refusal	RepartitionExec[114]	1	595234	1702614	268048035	356	78	1704654		RepartitionExec=262867946;OrderedPartialAggregateStream=3475435;RepartitionExec[Merge]=1704654
event	135783	refusal	RepartitionExec[101]	1	732330	2192348	268048035	356	78	1704654		RepartitionExec=262867946;OrderedPartialAggregateStream=3475435;RepartitionExec[Merge]=1704654
event	135803	refusal	RepartitionExec[110]	1	672884	1702614	268048035	356	78	1704654		RepartitionExec=262867946;OrderedPartialAggregateStream=3475435;RepartitionExec[Merge]=1704654
event	135882	refusal	RepartitionExec[104]	1	528026	1702614	268048035	356	78	1704654		RepartitionExec=262867946;OrderedPartialAggregateStream=3475435;RepartitionExec[Merge]=1704654
event	135887	refusal	RepartitionExec[79]	1	456868	2192348	268048035	356	78	1704654		RepartitionExec=262867946;OrderedPartialAggregateStream=3475435;RepartitionExec[Merge]=1704654
event	135895	refusal	RepartitionExec[104]	1	1036178	1702614	268048035	356	78	1704654		RepartitionExec=262867946;OrderedPartialAggregateStream=3475435;RepartitionExec[Merge]=1704654
event	135907	refusal	RepartitionExec[104]	1	593234	1702614	268048035	356	78	1704654		RepartitionExec=262867946;OrderedPartialAggregateStream=3475435;RepartitionExec[Merge]=1704654
event	135941	refusal	RepartitionExec[113]	1	660341	1702614	268048035	356	78	1704654		RepartitionExec=262867946;OrderedPartialAggregateStream=3475435;RepartitionExec[Merge]=1704654
event	135960	refusal	RepartitionExec[105]	1	528026	1702614	268048035	356	78	1704654		RepartitionExec=262867946;OrderedPartialAggregateStream=3475435;RepartitionExec[Merge]=1704654
event	135982	refusal	RepartitionExec[105]	1	593234	1702614	268048035	356	78	1704654		RepartitionExec=262867946;OrderedPartialAggregateStream=3475435;RepartitionExec[Merge]=1704654
event	136016	refusal	RepartitionExec[100]	1	1036304	2192348	268048035	356	78	1704654		RepartitionExec=262867946;OrderedPartialAggregateStream=3475435;RepartitionExec[Merge]=1704654
event	136041	refusal	RepartitionExec[103]	1	849763	1702614	268048035	356	78	1704654		RepartitionExec=262867946;OrderedPartialAggregateStream=3475435;RepartitionExec[Merge]=1704654
event	136067	refusal	RepartitionExec[108]	1	576806	1702614	268048035	356	78	1704654		RepartitionExec=262867946;OrderedPartialAggregateStream=3475435;RepartitionExec[Merge]=1704654
event	136108	refusal	RepartitionExec[101]	1	1036304	2192348	268048035	356	78	1704654		RepartitionExec=262867946;OrderedPartialAggregateStream=3475435;RepartitionExec[Merge]=1704654
event	136131	refusal	RepartitionExec[104]	1	849763	1702614	268048035	356	78	1704654		RepartitionExec=262867946;OrderedPartialAggregateStream=3475435;RepartitionExec[Merge]=1704654
event	136142	refusal	RepartitionExec[101]	1	1036304	2192348	268048035	356	78	1704654		RepartitionExec=262867946;OrderedPartialAggregateStream=3475435;RepartitionExec[Merge]=1704654
event	136205	refusal	RepartitionExec[115]	1	595234	1818654	268048035	356	78	1704654		RepartitionExec=262867946;OrderedPartialAggregateStream=3475435;RepartitionExec[Merge]=1704654
event	136228	refusal	RepartitionExec[105]	1	849763	1702614	268048035	356	78	1704654		RepartitionExec=262867946;OrderedPartialAggregateStream=3475435;RepartitionExec[Merge]=1704654
event	136229	refusal	RepartitionExec[111]	1	672884	1702614	268048035	356	78	1704654		RepartitionExec=262867946;OrderedPartialAggregateStream=3475435;RepartitionExec[Merge]=1704654
event	136266	refusal	RepartitionExec[97]	1	816836	1702614	268048035	356	78	1704654		RepartitionExec=262867946;OrderedPartialAggregateStream=3475435;RepartitionExec[Merge]=1704654
event	136286	refusal	RepartitionExec[116]	1	595234	1702614	268048035	356	78	1704654		RepartitionExec=262867946;OrderedPartialAggregateStream=3475435;RepartitionExec[Merge]=1704654
event	136324	refusal	RepartitionExec[105]	1	1036178	1702614	268048035	356	78	1704654		RepartitionExec=262867946;OrderedPartialAggregateStream=3475435;RepartitionExec[Merge]=1704654
event	136344	refusal	RepartitionExec[102]	1	810770	2192348	268048035	356	78	1704654		RepartitionExec=262867946;OrderedPartialAggregateStream=3475435;RepartitionExec[Merge]=1704654
event	136402	refusal	RepartitionExec[114]	1	660341	1702614	268048035	356	78	1704654		RepartitionExec=262867946;OrderedPartialAggregateStream=3475435;RepartitionExec[Merge]=1704654
event	136428	refusal	RepartitionExec[106]	1	1036178	1702614	268048035	356	78	1704654		RepartitionExec=262867946;OrderedPartialAggregateStream=3475435;RepartitionExec[Merge]=1704654
event	136430	refusal	RepartitionExec[106]	1	593234	1702614	268048035	356	78	1704654		RepartitionExec=262867946;OrderedPartialAggregateStream=3475435;RepartitionExec[Merge]=1704654
event	136449	refusal	RepartitionExec[119]	1	463948	0	268048035	356	78	1704654		RepartitionExec=262867946;OrderedPartialAggregateStream=3475435;RepartitionExec[Merge]=1704654
event	136499	refusal	RepartitionExec[115]	1	660341	1818654	268048035	356	78	1704654		RepartitionExec=262867946;OrderedPartialAggregateStream=3475435;RepartitionExec[Merge]=1704654
event	136531	refusal	RepartitionExec[107]	1	1036178	1702614	268048035	356	78	1704654		RepartitionExec=262867946;OrderedPartialAggregateStream=3475435;RepartitionExec[Merge]=1704654
event	136554	refusal	RepartitionExec[102]	1	1036304	2192348	268048035	356	78	1704654		RepartitionExec=262867946;OrderedPartialAggregateStream=3475435;RepartitionExec[Merge]=1704654
event	136559	refusal	RepartitionExec[102]	1	732330	2192348	268048035	356	78	1704654		RepartitionExec=262867946;OrderedPartialAggregateStream=3475435;RepartitionExec[Merge]=1704654
event	136585	refusal	RepartitionExec[102]	1	1036304	2192348	268048035	356	78	1704654		RepartitionExec=262867946;OrderedPartialAggregateStream=3475435;RepartitionExec[Merge]=1704654
event	136607	refusal	RepartitionExec[108]	1	1036178	1702614	268048035	356	78	1704654		RepartitionExec=262867946;OrderedPartialAggregateStream=3475435;RepartitionExec[Merge]=1704654
event	136639	refusal	RepartitionExec[103]	1	1036304	1702614	268048035	356	78	1704654		RepartitionExec=262867946;OrderedPartialAggregateStream=3475435;RepartitionExec[Merge]=1704654
event	136662	refusal	RepartitionExec[112]	1	672884	1702614	268048035	356	78	1704654		RepartitionExec=262867946;OrderedPartialAggregateStream=3475435;RepartitionExec[Merge]=1704654
event	136679	refusal	RepartitionExec[98]	1	816836	2192348	268048035	356	78	1704654		RepartitionExec=262867946;OrderedPartialAggregateStream=3475435;RepartitionExec[Merge]=1704654
event	136703	refusal	RepartitionExec[117]	1	595234	1818654	268048035	356	78	1704654		RepartitionExec=262867946;OrderedPartialAggregateStream=3475435;RepartitionExec[Merge]=1704654
event	136723	refusal	RepartitionExec[106]	1	528026	1702614	268048035	356	78	1704654		RepartitionExec=262867946;OrderedPartialAggregateStream=3475435;RepartitionExec[Merge]=1704654
event	136766	refusal	RepartitionExec[103]	1	810770	1702614	268048035	356	78	1704654		RepartitionExec=262867946;OrderedPartialAggregateStream=3475435;RepartitionExec[Merge]=1704654
event	136783	refusal	RepartitionExec[112]	1	782114	1702614	268048035	356	78	1704654		RepartitionExec=262867946;OrderedPartialAggregateStream=3475435;RepartitionExec[Merge]=1704654
event	136791	refusal	RepartitionExec[107]	1	593234	1702614	268048035	356	78	1704654		RepartitionExec=262867946;OrderedPartialAggregateStream=3475435;RepartitionExec[Merge]=1704654
event	136837	refusal	RepartitionExec[109]	1	576806	1702614	268048035	356	78	1704654		RepartitionExec=262867946;OrderedPartialAggregateStream=3475435;RepartitionExec[Merge]=1704654
event	136872	refusal	RepartitionExec[116]	1	660341	1702614	268047211	355	78	1704654		RepartitionExec=262867946;OrderedPartialAggregateStream=3474611;RepartitionExec[Merge]=1704654
event	136897	refusal	RepartitionExec[80]	1	456868	2192348	268047211	355	78	1704654		RepartitionExec=262867946;OrderedPartialAggregateStream=3474611;RepartitionExec[Merge]=1704654
event	136936	refusal	RepartitionExec[106]	1	849763	1702614	268047211	355	78	1704654		RepartitionExec=262867946;OrderedPartialAggregateStream=3474611;RepartitionExec[Merge]=1704654
event	136938	refusal	RepartitionExec[103]	1	732330	1702614	268047211	355	78	1704654		RepartitionExec=262867946;OrderedPartialAggregateStream=3474611;RepartitionExec[Merge]=1704654
event	136990	refusal	RepartitionExec[103]	1	1036304	1702614	268047211	355	78	1704654		RepartitionExec=262867946;OrderedPartialAggregateStream=3474611;RepartitionExec[Merge]=1704654
event	136996	refusal	RepartitionExec[109]	1	1036178	1702614	268047211	355	78	1704654		RepartitionExec=262867946;OrderedPartialAggregateStream=3474611;RepartitionExec[Merge]=1704654
event	137047	refusal	RepartitionExec[107]	1	849763	1702614	268047211	355	78	1704654		RepartitionExec=262867946;OrderedPartialAggregateStream=3474611;RepartitionExec[Merge]=1704654
event	137047	refusal	RepartitionExec[113]	1	672884	1702614	268047211	355	78	1704654		RepartitionExec=262867946;OrderedPartialAggregateStream=3474611;RepartitionExec[Merge]=1704654
event	137069	refusal	RepartitionExec[99]	1	816836	2192348	268047211	355	78	1704654		RepartitionExec=262867946;OrderedPartialAggregateStream=3474611;RepartitionExec[Merge]=1704654
event	137096	refusal	RepartitionExec[118]	1	595234	1702614	268047211	355	78	1704654		RepartitionExec=262867946;OrderedPartialAggregateStream=3474611;RepartitionExec[Merge]=1704654
event	137112	refusal	RepartitionExec[107]	1	528026	1702614	268047211	355	78	1704654		RepartitionExec=262867946;OrderedPartialAggregateStream=3474611;RepartitionExec[Merge]=1704654
event	137153	refusal	RepartitionExec[104]	1	810770	1702614	268047211	355	78	1704654		RepartitionExec=262867946;OrderedPartialAggregateStream=3474611;RepartitionExec[Merge]=1704654
event	137171	refusal	RepartitionExec[113]	1	782114	1702614	268047211	355	78	1704654		RepartitionExec=262867946;OrderedPartialAggregateStream=3474611;RepartitionExec[Merge]=1704654
event	137178	refusal	RepartitionExec[108]	1	593234	1702614	268047211	355	78	1704654		RepartitionExec=262867946;OrderedPartialAggregateStream=3474611;RepartitionExec[Merge]=1704654
event	137214	refusal	RepartitionExec[110]	1	576806	1702614	268047211	355	78	1704654		RepartitionExec=262867946;OrderedPartialAggregateStream=3474611;RepartitionExec[Merge]=1704654
event	137228	refusal	RepartitionExec[117]	1	660341	1818654	268047211	355	78	1704654		RepartitionExec=262867946;OrderedPartialAggregateStream=3474611;RepartitionExec[Merge]=1704654
event	137247	refusal	RepartitionExec[109]	1	593234	1702614	268047211	355	78	1704654		RepartitionExec=262867946;OrderedPartialAggregateStream=3474611;RepartitionExec[Merge]=1704654
event	137277	refusal	RepartitionExec[104]	1	732330	1702614	268047211	355	78	1704654		RepartitionExec=262867946;OrderedPartialAggregateStream=3474611;RepartitionExec[Merge]=1704654
event	137319	refusal	RepartitionExec[118]	1	660341	1702614	268047211	355	78	1704654		RepartitionExec=262867946;OrderedPartialAggregateStream=3474611;RepartitionExec[Merge]=1704654
event	137332	refusal	RepartitionExec[104]	1	1036304	1702614	268047211	355	78	1704654		RepartitionExec=262867946;OrderedPartialAggregateStream=3474611;RepartitionExec[Merge]=1704654
event	137363	refusal	RepartitionExec[110]	1	1036178	1702614	268047211	355	78	1704654		RepartitionExec=262867946;OrderedPartialAggregateStream=3474611;RepartitionExec[Merge]=1704654
event	137416	refusal	RepartitionExec[108]	1	849763	1702614	268047211	355	78	1704654		RepartitionExec=262867946;OrderedPartialAggregateStream=3474611;RepartitionExec[Merge]=1704654
event	137431	refusal	RepartitionExec[111]	1	1036178	1702614	268047211	355	78	1704654		RepartitionExec=262867946;OrderedPartialAggregateStream=3474611;RepartitionExec[Merge]=1704654
event	137492	refusal	RepartitionExec[100]	1	816836	2192348	268047211	355	78	1704654		RepartitionExec=262867946;OrderedPartialAggregateStream=3474611;RepartitionExec[Merge]=1704654
event	137510	refusal	RepartitionExec[119]	1	595234	0	268047211	355	78	1704654		RepartitionExec=262867946;OrderedPartialAggregateStream=3474611;RepartitionExec[Merge]=1704654
event	137526	refusal	RepartitionExec[108]	1	528026	1702614	268047211	355	78	1704654		RepartitionExec=262867946;OrderedPartialAggregateStream=3474611;RepartitionExec[Merge]=1704654
event	137561	refusal	RepartitionExec[105]	1	810770	1702614	268047211	355	78	1704654		RepartitionExec=262867946;OrderedPartialAggregateStream=3474611;RepartitionExec[Merge]=1704654
event	137596	refusal	RepartitionExec[109]	1	528026	1702614	268047211	355	78	1704654		RepartitionExec=262867946;OrderedPartialAggregateStream=3474611;RepartitionExec[Merge]=1704654
event	137600	refusal	RepartitionExec[114]	1	782114	1702614	268047211	355	78	1704654		RepartitionExec=262867946;OrderedPartialAggregateStream=3474611;RepartitionExec[Merge]=1704654
event	137661	refusal	RepartitionExec[111]	1	576806	1702614	268047211	355	78	1704654		RepartitionExec=262867946;OrderedPartialAggregateStream=3474611;RepartitionExec[Merge]=1704654
event	137676	refusal	RepartitionExec[110]	1	593234	1702614	268047211	355	78	1704654		RepartitionExec=262867946;OrderedPartialAggregateStream=3474611;RepartitionExec[Merge]=1704654
event	137684	refusal	RepartitionExec[104]	1	1036304	1702614	268047211	355	78	1704654		RepartitionExec=262867946;OrderedPartialAggregateStream=3474611;RepartitionExec[Merge]=1704654
event	137695	refusal	RepartitionExec[105]	1	732330	1702614	268047211	355	78	1704654		RepartitionExec=262867946;OrderedPartialAggregateStream=3474611;RepartitionExec[Merge]=1704654
event	137739	refusal	RepartitionExec[119]	1	660341	0	268047211	355	78	1704654		RepartitionExec=262867946;OrderedPartialAggregateStream=3474611;RepartitionExec[Merge]=1704654
event	137763	refusal	RepartitionExec[105]	1	1036304	1702614	268047211	355	78	1704654		RepartitionExec=262867946;OrderedPartialAggregateStream=3474611;RepartitionExec[Merge]=1704654
event	137766	refusal	RepartitionExec[106]	1	732330	1702614	268047211	355	78	1704654		RepartitionExec=262867946;OrderedPartialAggregateStream=3474611;RepartitionExec[Merge]=1704654
event	137791	refusal	RepartitionExec[109]	1	849763	1702614	268047211	355	78	1704654		RepartitionExec=262867946;OrderedPartialAggregateStream=3474611;RepartitionExec[Merge]=1704654
event	137811	refusal	RepartitionExec[112]	1	1036178	1702614	268047211	355	78	1704654		RepartitionExec=262867946;OrderedPartialAggregateStream=3474611;RepartitionExec[Merge]=1704654
event	137851	refusal	RepartitionExec[101]	1	816836	2192348	268047211	355	78	1704654		RepartitionExec=262867946;OrderedPartialAggregateStream=3474611;RepartitionExec[Merge]=1704654
event	137863	refusal	RepartitionExec[110]	1	849763	1702614	268047211	355	78	1704654		RepartitionExec=262867946;OrderedPartialAggregateStream=3474611;RepartitionExec[Merge]=1704654
event	137880	refusal	RepartitionExec[113]	1	1036178	1702614	268047211	355	78	1704654		RepartitionExec=262867946;OrderedPartialAggregateStream=3474611;RepartitionExec[Merge]=1704654
event	137921	refusal	RepartitionExec[106]	1	810770	1702614	268047211	355	78	1704654		RepartitionExec=262867946;OrderedPartialAggregateStream=3474611;RepartitionExec[Merge]=1704654
event	137925	refusal	RepartitionExec[110]	1	528026	1702614	268047211	355	78	1704654		RepartitionExec=262867946;OrderedPartialAggregateStream=3474611;RepartitionExec[Merge]=1704654
event	137960	refusal	RepartitionExec[115]	1	782114	1818654	268047211	355	78	1704654		RepartitionExec=262867946;OrderedPartialAggregateStream=3474611;RepartitionExec[Merge]=1704654
event	137988	refusal	RepartitionExec[111]	1	528026	1702614	268047211	355	78	1704654		RepartitionExec=262867946;OrderedPartialAggregateStream=3474611;RepartitionExec[Merge]=1704654
event	138012	refusal	RepartitionExec[112]	1	576806	1702614	268047211	355	78	1704654		RepartitionExec=262867946;OrderedPartialAggregateStream=3474611;RepartitionExec[Merge]=1704654
event	138047	refusal	RepartitionExec[105]	1	1036304	1702614	268047211	355	78	1704654		RepartitionExec=262867946;OrderedPartialAggregateStream=3474611;RepartitionExec[Merge]=1704654
event	138064	refusal	RepartitionExec[114]	1	672884	1702614	268047211	355	78	1704654		RepartitionExec=262867946;OrderedPartialAggregateStream=3474611;RepartitionExec[Merge]=1704654
event	138129	refusal	RepartitionExec[106]	1	1036304	1702614	267521484	355	78	1704654		RepartitionExec=262867946;OrderedPartialAggregateStream=3474611;RepartitionExec[Merge]=1704654
event	138135	refusal	RepartitionExec[107]	1	732330	1702614	267521484	355	78	1704654		RepartitionExec=262867946;OrderedPartialAggregateStream=3474611;RepartitionExec[Merge]=1704654
event	138170	refusal	RepartitionExec[83]	1	456868	2192348	268434396	354	78	1704654		RepartitionExec=263897722;OrderedPartialAggregateStream=2832020;RepartitionExec[Merge]=1704654
event	138214	refusal	RepartitionExec[102]	1	816836	2192348	268434396	354	78	1704654		RepartitionExec=263897722;OrderedPartialAggregateStream=2832020;RepartitionExec[Merge]=1704654
event	138242	refusal	RepartitionExec[111]	1	849763	1702614	268434396	354	78	1704654		RepartitionExec=263897722;OrderedPartialAggregateStream=2832020;RepartitionExec[Merge]=1704654
event	138242	refusal	RepartitionExec[84]	1	456868	2192348	268434396	354	78	1704654		RepartitionExec=263897722;OrderedPartialAggregateStream=2832020;RepartitionExec[Merge]=1704654
event	138277	refusal	RepartitionExec[107]	1	810770	1702614	268434396	354	78	1704654		RepartitionExec=263897722;OrderedPartialAggregateStream=2832020;RepartitionExec[Merge]=1704654
event	138283	refusal	RepartitionExec[103]	1	816836	1702614	268434396	354	78	1704654		RepartitionExec=263897722;OrderedPartialAggregateStream=2832020;RepartitionExec[Merge]=1704654
event	138324	refusal	RepartitionExec[116]	1	782114	1702614	268434396	354	78	1704654		RepartitionExec=263897722;OrderedPartialAggregateStream=2832020;RepartitionExec[Merge]=1704654
event	138385	refusal	RepartitionExec[113]	1	576806	1702614	268434396	354	78	1704654		RepartitionExec=263897722;OrderedPartialAggregateStream=2832020;RepartitionExec[Merge]=1704654
event	138386	refusal	RepartitionExec[112]	1	528026	1702614	268434396	354	78	1704654		RepartitionExec=263897722;OrderedPartialAggregateStream=2832020;RepartitionExec[Merge]=1704654
event	138391	refusal	RepartitionExec[117]	1	782114	1818654	268434396	354	78	1704654		RepartitionExec=263897722;OrderedPartialAggregateStream=2832020;RepartitionExec[Merge]=1704654
event	138412	refusal	RepartitionExec[115]	1	672884	1818654	268434396	354	78	1704654		RepartitionExec=263897722;OrderedPartialAggregateStream=2832020;RepartitionExec[Merge]=1704654
event	138477	refusal	RepartitionExec[116]	1	672884	1702614	268434396	354	78	1704654		RepartitionExec=263897722;OrderedPartialAggregateStream=2832020;RepartitionExec[Merge]=1704654
event	138493	refusal	RepartitionExec[107]	1	1036304	1702614	268434396	354	78	1704654		RepartitionExec=263897722;OrderedPartialAggregateStream=2832020;RepartitionExec[Merge]=1704654
event	138511	refusal	RepartitionExec[114]	1	1036178	1702614	268434396	354	78	1704654		RepartitionExec=263897722;OrderedPartialAggregateStream=2832020;RepartitionExec[Merge]=1704654
event	138526	refusal	RepartitionExec[111]	1	593234	1702614	268434396	354	78	1704654		RepartitionExec=263897722;OrderedPartialAggregateStream=2832020;RepartitionExec[Merge]=1704654
event	138585	refusal	RepartitionExec[112]	1	849763	1702614	268434396	354	78	1704654		RepartitionExec=263897722;OrderedPartialAggregateStream=2832020;RepartitionExec[Merge]=1704654
event	138590	refusal	RepartitionExec[85]	1	456868	2192348	268434396	354	78	1704654		RepartitionExec=263897722;OrderedPartialAggregateStream=2832020;RepartitionExec[Merge]=1704654
event	138600	refusal	RepartitionExec[112]	1	593234	1702614	268434396	354	78	1704654		RepartitionExec=263897722;OrderedPartialAggregateStream=2832020;RepartitionExec[Merge]=1704654
event	138637	refusal	RepartitionExec[104]	1	816836	1702614	268434396	354	78	1704654		RepartitionExec=263897722;OrderedPartialAggregateStream=2832020;RepartitionExec[Merge]=1704654
event	138730	refusal	RepartitionExec[114]	1	576806	1702614	268434396	354	78	1704654		RepartitionExec=263897722;OrderedPartialAggregateStream=2832020;RepartitionExec[Merge]=1704654
event	138740	refusal	RepartitionExec[113]	1	849763	1702614	268434396	354	78	1704654		RepartitionExec=263897722;OrderedPartialAggregateStream=2832020;RepartitionExec[Merge]=1704654
event	138775	refusal	OrderedPartialAggregateStream[41]	1	2141710	0	268434396	354	78	1704654		RepartitionExec=263897722;OrderedPartialAggregateStream=2832020;RepartitionExec[Merge]=1704654
event	138793	refusal	RepartitionExec[118]	1	782114	1702614	268434396	354	78	1704654		RepartitionExec=263897722;OrderedPartialAggregateStream=2832020;RepartitionExec[Merge]=1704654
event	138794	refusal	RepartitionExec[113]	1	528026	1702614	268434396	354	78	1704654		RepartitionExec=263897722;OrderedPartialAggregateStream=2832020;RepartitionExec[Merge]=1704654
event	138835	refusal	RepartitionExec[117]	1	672884	1818654	268434396	354	78	1704654		RepartitionExec=263897722;OrderedPartialAggregateStream=2832020;RepartitionExec[Merge]=1704654
event	138846	refusal	RepartitionExec[114]	1	849763	1702614	268434396	354	78	1704654		RepartitionExec=263897722;OrderedPartialAggregateStream=2832020;RepartitionExec[Merge]=1704654
event	138877	refusal	RepartitionExec[119]	1	782114	0	268434396	354	78	1704654		RepartitionExec=263897722;OrderedPartialAggregateStream=2832020;RepartitionExec[Merge]=1704654
event	138894	refusal	RepartitionExec[115]	1	1036178	1818654	268434396	354	78	1704654		RepartitionExec=263897722;OrderedPartialAggregateStream=2832020;RepartitionExec[Merge]=1704654
event	138916	refusal	RepartitionExec[108]	1	810770	1702614	268434396	354	78	1704654		RepartitionExec=263897722;OrderedPartialAggregateStream=2832020;RepartitionExec[Merge]=1704654
event	138964	refusal	RepartitionExec[86]	1	456868	2192348	268434396	354	78	1704654		RepartitionExec=263897722;OrderedPartialAggregateStream=2832020;RepartitionExec[Merge]=1704654
event	138982	refusal	RepartitionExec[116]	1	1036178	1702614	268434396	354	78	1704654		RepartitionExec=263897722;OrderedPartialAggregateStream=2832020;RepartitionExec[Merge]=1704654
event	138985	refusal	RepartitionExec[109]	1	810770	1702614	268434396	354	78	1704654		RepartitionExec=263897722;OrderedPartialAggregateStream=2832020;RepartitionExec[Merge]=1704654
event	139033	refusal	RepartitionExec[105]	1	816836	1702614	268434396	354	78	1704654		RepartitionExec=263897722;OrderedPartialAggregateStream=2832020;RepartitionExec[Merge]=1704654
event	139053	refusal	RepartitionExec[117]	1	1036178	1818654	268434396	354	78	1704654		RepartitionExec=263897722;OrderedPartialAggregateStream=2832020;RepartitionExec[Merge]=1704654
event	139057	refusal	RepartitionExec[115]	1	576806	1818654	268434396	354	78	1704654		RepartitionExec=263897722;OrderedPartialAggregateStream=2832020;RepartitionExec[Merge]=1704654
event	139120	refusal	RepartitionExec[114]	1	528026	1702614	268434396	354	78	1704654		RepartitionExec=263897722;OrderedPartialAggregateStream=2832020;RepartitionExec[Merge]=1704654
event	139157	refusal	RepartitionExec[118]	1	672884	1702614	268434396	354	78	1704654		RepartitionExec=263897722;OrderedPartialAggregateStream=2832020;RepartitionExec[Merge]=1704654
event	139171	refusal	RepartitionExec[108]	1	1036304	1702614	268434396	354	78	1704654		RepartitionExec=263897722;OrderedPartialAggregateStream=2832020;RepartitionExec[Merge]=1704654
event	139220	refusal	RepartitionExec[115]	1	849763	1818654	268434396	354	78	1704654		RepartitionExec=263897722;OrderedPartialAggregateStream=2832020;RepartitionExec[Merge]=1704654
event	139234	refusal	RepartitionExec[106]	1	1036304	1702614	268434396	354	78	1704654		RepartitionExec=263897722;OrderedPartialAggregateStream=2832020;RepartitionExec[Merge]=1704654
event	139257	refusal	OrderedPartialAggregateStream[41]	1	519496	0	268433572	353	78	1704654		RepartitionExec=263897722;OrderedPartialAggregateStream=2831196;RepartitionExec[Merge]=1704654
event	139266	refusal	RepartitionExec[113]	1	593234	1702614	268434396	353	78	1704654		RepartitionExec=263897722;OrderedPartialAggregateStream=2832020;RepartitionExec[Merge]=1704654
event	139285	refusal	RepartitionExec[87]	1	456868	2192348	268434396	353	78	1704654		RepartitionExec=263897722;OrderedPartialAggregateStream=2832020;RepartitionExec[Merge]=1704654
event	139353	refusal	RepartitionExec[110]	1	810770	1702614	268434396	353	78	1704654		RepartitionExec=263897722;OrderedPartialAggregateStream=2832020;RepartitionExec[Merge]=1704654
event	139357	refusal	RepartitionExec[114]	1	593234	1702614	268434396	353	78	1704654		RepartitionExec=263897722;OrderedPartialAggregateStream=2832020;RepartitionExec[Merge]=1704654
event	139372	refusal	RepartitionExec[0]	1	481701	4621197	268434396	353	78	1704654		RepartitionExec=263897722;OrderedPartialAggregateStream=2832020;RepartitionExec[Merge]=1704654
event	139380	refusal	RepartitionExec[106]	1	816836	1702614	268434396	353	78	1704654		RepartitionExec=263897722;OrderedPartialAggregateStream=2832020;RepartitionExec[Merge]=1704654
event	139393	refusal	RepartitionExec[118]	1	1036178	1702614	268434396	353	78	1704654		RepartitionExec=263897722;OrderedPartialAggregateStream=2832020;RepartitionExec[Merge]=1704654
event	139430	refusal	RepartitionExec[116]	1	576806	1702614	268434396	353	78	1704654		RepartitionExec=263897722;OrderedPartialAggregateStream=2832020;RepartitionExec[Merge]=1704654
event	139453	refusal	RepartitionExec[1]	1	481701	3888867	268434396	353	78	1704654		RepartitionExec=263897722;OrderedPartialAggregateStream=2832020;RepartitionExec[Merge]=1704654
event	139468	refusal	RepartitionExec[119]	1	672884	0	268434396	353	78	1704654		RepartitionExec=263897722;OrderedPartialAggregateStream=2832020;RepartitionExec[Merge]=1704654
event	139528	refusal	RepartitionExec[109]	1	1036304	1702614	268434396	353	78	1704654		RepartitionExec=263897722;OrderedPartialAggregateStream=2832020;RepartitionExec[Merge]=1704654
event	139558	refusal	RepartitionExec[116]	1	849763	1702614	268434396	353	78	1704654		RepartitionExec=263897722;OrderedPartialAggregateStream=2832020;RepartitionExec[Merge]=1704654
event	139565	refusal	RepartitionExec[107]	1	1036304	1702614	268434396	353	78	1704654		RepartitionExec=263897722;OrderedPartialAggregateStream=2832020;RepartitionExec[Merge]=1704654
event	139590	refusal	RepartitionExec[108]	1	732330	1702614	268434396	353	78	1704654		RepartitionExec=263897722;OrderedPartialAggregateStream=2832020;RepartitionExec[Merge]=1704654
event	139604	refusal	RepartitionExec[88]	1	456868	2192348	268434396	353	78	1704654		RepartitionExec=263897722;OrderedPartialAggregateStream=2832020;RepartitionExec[Merge]=1704654
event	139659	refusal	RepartitionExec[115]	1	593234	1818654	268434396	353	78	1704654		RepartitionExec=263897722;OrderedPartialAggregateStream=2832020;RepartitionExec[Merge]=1704654
event	139669	refusal	RepartitionExec[111]	1	810770	1702614	268434396	353	78	1704654		RepartitionExec=263897722;OrderedPartialAggregateStream=2832020;RepartitionExec[Merge]=1704654
event	139716	refusal	RepartitionExec[115]	1	528026	1818654	268434396	353	78	1704654		RepartitionExec=263897722;OrderedPartialAggregateStream=2832020;RepartitionExec[Merge]=1704654
event	139731	refusal	RepartitionExec[107]	1	816836	1702614	268434396	353	78	1704654		RepartitionExec=263897722;OrderedPartialAggregateStream=2832020;RepartitionExec[Merge]=1704654
event	139731	refusal	RepartitionExec[116]	1	593234	1702614	268434396	353	78	1704654		RepartitionExec=263897722;OrderedPartialAggregateStream=2832020;RepartitionExec[Merge]=1704654
event	139773	refusal	RepartitionExec[117]	1	576806	1818654	268434396	353	78	1704654		RepartitionExec=263897722;OrderedPartialAggregateStream=2832020;RepartitionExec[Merge]=1704654
event	139816	refusal	RepartitionExec[116]	1	528026	1702614	268434396	353	78	1704654		RepartitionExec=263897722;OrderedPartialAggregateStream=2832020;RepartitionExec[Merge]=1704654
event	139849	refusal	RepartitionExec[110]	1	1036304	1702614	268433572	352	78	1704654		RepartitionExec=263897722;OrderedPartialAggregateStream=2831196;RepartitionExec[Merge]=1704654
event	139898	refusal	RepartitionExec[117]	1	849763	1818654	268433572	352	78	1704654		RepartitionExec=263897722;OrderedPartialAggregateStream=2831196;RepartitionExec[Merge]=1704654
event	139914	refusal	RepartitionExec[117]	1	528026	1818654	268433572	352	78	1704654		RepartitionExec=263897722;OrderedPartialAggregateStream=2831196;RepartitionExec[Merge]=1704654
event	139945	refusal	RepartitionExec[109]	1	732330	1702614	268433572	352	78	1704654		RepartitionExec=263897722;OrderedPartialAggregateStream=2831196;RepartitionExec[Merge]=1704654
event	139958	refusal	RepartitionExec[89]	1	456868	2192348	268433572	352	78	1704654		RepartitionExec=263897722;OrderedPartialAggregateStream=2831196;RepartitionExec[Merge]=1704654
event	139993	refusal	RepartitionExec[119]	1	1036178	0	268433572	352	78	1704654		RepartitionExec=263897722;OrderedPartialAggregateStream=2831196;RepartitionExec[Merge]=1704654
event	140013	refusal	RepartitionExec[118]	1	528026	1702614	268433572	352	78	1704654		RepartitionExec=263897722;OrderedPartialAggregateStream=2831196;RepartitionExec[Merge]=1704654
event	140033	refusal	RepartitionExec[2]	1	481701	3888867	268433572	352	78	1704654		RepartitionExec=263897722;OrderedPartialAggregateStream=2831196;RepartitionExec[Merge]=1704654
event	140069	refusal	RepartitionExec[108]	1	816836	1702614	268433572	352	78	1704654		RepartitionExec=263897722;OrderedPartialAggregateStream=2831196;RepartitionExec[Merge]=1704654
event	140092	refusal	RepartitionExec[117]	1	593234	1818654	268433572	352	78	1704654		RepartitionExec=263897722;OrderedPartialAggregateStream=2831196;RepartitionExec[Merge]=1704654
event	140152	refusal	RepartitionExec[118]	1	576806	1702614	268433572	352	78	1704654		RepartitionExec=263897722;OrderedPartialAggregateStream=2831196;RepartitionExec[Merge]=1704654
event	140171	refusal	RepartitionExec[108]	1	1036304	1702614	268433572	352	78	1704654		RepartitionExec=263897722;OrderedPartialAggregateStream=2831196;RepartitionExec[Merge]=1704654
event	140180	refusal	RepartitionExec[111]	1	1036304	1702614	268433572	352	78	1704654		RepartitionExec=263897722;OrderedPartialAggregateStream=2831196;RepartitionExec[Merge]=1704654
event	140231	refusal	RepartitionExec[119]	1	576806	0	268433572	352	78	1704654		RepartitionExec=263897722;OrderedPartialAggregateStream=2831196;RepartitionExec[Merge]=1704654
event	140232	refusal	RepartitionExec[118]	1	849763	1702614	268433572	352	78	1704654		RepartitionExec=263897722;OrderedPartialAggregateStream=2831196;RepartitionExec[Merge]=1704654
event	140259	refusal	RepartitionExec[112]	1	1036304	1702614	268433572	352	78	1704654		RepartitionExec=263897722;OrderedPartialAggregateStream=2831196;RepartitionExec[Merge]=1704654
event	140295	refusal	RepartitionExec[90]	1	456868	2192348	268433572	352	78	1704654		RepartitionExec=263897722;OrderedPartialAggregateStream=2831196;RepartitionExec[Merge]=1704654
event	140331	refusal	RepartitionExec[113]	1	1036304	1702614	268433572	352	78	1704654		RepartitionExec=263897722;OrderedPartialAggregateStream=2831196;RepartitionExec[Merge]=1704654
event	140356	refusal	RepartitionExec[3]	1	481701	2852689	268433572	352	78	1704654		RepartitionExec=263897722;OrderedPartialAggregateStream=2831196;RepartitionExec[Merge]=1704654
event	140374	refusal	RepartitionExec[109]	1	816836	1702614	268433572	352	78	1704654		RepartitionExec=263897722;OrderedPartialAggregateStream=2831196;RepartitionExec[Merge]=1704654
event	140401	refusal	OrderedPartialAggregateStream[7]	1	159320	935111	268433572	352	78	1704654		RepartitionExec=263897722;OrderedPartialAggregateStream=2831196;RepartitionExec[Merge]=1704654
event	140422	release_after_refusal	OrderedPartialAggregateStream[7]	1	689343	245768	267744229	352	78	1704654		RepartitionExec=263897722;OrderedPartialAggregateStream=2141853;RepartitionExec[Merge]=1704654
event	140440	refusal	RepartitionExec[119]	1	593234	0	268092519	352	78	1704654		RepartitionExec=264490956;OrderedPartialAggregateStream=1896909;RepartitionExec[Merge]=1704654
event	140479	refusal	RepartitionExec[112]	1	810770	1702614	268332376	352	78	1704654		RepartitionExec=264730813;OrderedPartialAggregateStream=1896909;RepartitionExec[Merge]=1704654
event	140490	refusal	RepartitionExec[109]	1	1036304	1702614	268332376	352	78	1704654		RepartitionExec=264730813;OrderedPartialAggregateStream=1896909;RepartitionExec[Merge]=1704654
event	140546	refusal	RepartitionExec[110]	1	732330	1702614	268332376	352	78	1704654		RepartitionExec=264730813;OrderedPartialAggregateStream=1896909;RepartitionExec[Merge]=1704654
event	140585	refusal	RepartitionExec[119]	1	849763	0	267817225	352	78	1704654		RepartitionExec=264846853;RepartitionExec[Merge]=1704654;OrderedPartialAggregateStream=1265718
event	140662	refusal	RepartitionExec[114]	1	1036304	1702614	268293128	352	78	1704654		RepartitionExec=265947787;RepartitionExec[Merge]=1704654;OrderedPartialAggregateStream=640687
event	140662	refusal	RepartitionExec[92]	1	456868	2308388	268293128	352	78	1704654		RepartitionExec=265947787;RepartitionExec[Merge]=1704654;OrderedPartialAggregateStream=640687
event	140676	refusal	RepartitionExec[4]	1	481701	2852689	268293128	352	78	1704654		RepartitionExec=265947787;RepartitionExec[Merge]=1704654;OrderedPartialAggregateStream=640687
event	140736	refusal	RepartitionExec[115]	1	1036304	1818654	268293128	352	78	1704654		RepartitionExec=265947787;RepartitionExec[Merge]=1704654;OrderedPartialAggregateStream=640687
event	140748	refusal	RepartitionExec[110]	1	816836	1702614	268293128	352	78	1704654		RepartitionExec=265947787;RepartitionExec[Merge]=1704654;OrderedPartialAggregateStream=640687
event	140794	refusal	RepartitionExec[113]	1	810770	1702614	268293128	352	78	1704654		RepartitionExec=265947787;RepartitionExec[Merge]=1704654;OrderedPartialAggregateStream=640687
event	140811	refusal	RepartitionExec[116]	1	1036304	1702614	268293128	352	78	1704654		RepartitionExec=265947787;RepartitionExec[Merge]=1704654;OrderedPartialAggregateStream=640687
event	140815	refusal	RepartitionExec[110]	1	1036304	1702614	268293128	352	78	1704654		RepartitionExec=265947787;RepartitionExec[Merge]=1704654;OrderedPartialAggregateStream=640687
event	140891	refusal	RepartitionExec[93]	1	456868	1702614	268292304	351	78	1704654		RepartitionExec=265947787;RepartitionExec[Merge]=1704654;OrderedPartialAggregateStream=639863
event	140893	refusal	RepartitionExec[111]	1	1036304	1702614	268292304	351	78	1704654		RepartitionExec=265947787;RepartitionExec[Merge]=1704654;OrderedPartialAggregateStream=639863
event	140923	refusal	RepartitionExec[5]	1	481701	2852689	268292304	351	78	1704654		RepartitionExec=265947787;RepartitionExec[Merge]=1704654;OrderedPartialAggregateStream=639863
event	140967	refusal	RepartitionExec[111]	1	732330	1702614	268292304	351	78	1704654		RepartitionExec=265947787;RepartitionExec[Merge]=1704654;OrderedPartialAggregateStream=639863
event	141014	refusal	RepartitionExec[111]	1	816836	1702614	268292304	351	78	1704654		RepartitionExec=265947787;RepartitionExec[Merge]=1704654;OrderedPartialAggregateStream=639863
event	141027	refusal	RepartitionExec[114]	1	810770	1702614	268292304	351	78	1704654		RepartitionExec=265947787;RepartitionExec[Merge]=1704654;OrderedPartialAggregateStream=639863
event	141066	refusal	RepartitionExec[117]	1	1036304	1818654	268292304	351	78	1704654		RepartitionExec=265947787;RepartitionExec[Merge]=1704654;OrderedPartialAggregateStream=639863
event	141127	refusal	RepartitionExec[94]	1	456868	2192348	267659033	351	78	1704654		RepartitionExec=265947787;RepartitionExec[Merge]=1704654;OrderedPartialAggregateStream=6592
event	141149	refusal	RepartitionExec[112]	1	1036304	1702614	267775073	351	78	1704654		RepartitionExec=266063827;RepartitionExec[Merge]=1704654;OrderedPartialAggregateStream=6592
event	141177	refusal	RepartitionExec[7]	1	481701	2852689	268256774	351	78	1704654		RepartitionExec=266545528;RepartitionExec[Merge]=1704654;OrderedPartialAggregateStream=6592
event	141213	refusal	RepartitionExec[112]	1	732330	1702614	268256774	351	78	1704654		RepartitionExec=266545528;RepartitionExec[Merge]=1704654;OrderedPartialAggregateStream=6592
event	141253	refusal	RepartitionExec[112]	1	816836	1702614	268256774	351	78	1704654		RepartitionExec=266545528;RepartitionExec[Merge]=1704654;OrderedPartialAggregateStream=6592
event	141270	refusal	RepartitionExec[115]	1	810770	1818654	268256774	351	78	1704654		RepartitionExec=266545528;RepartitionExec[Merge]=1704654;OrderedPartialAggregateStream=6592
event	141340	refusal	RepartitionExec[118]	1	1036304	2295848	268256774	351	78	1704654		RepartitionExec=266545528;RepartitionExec[Merge]=1704654;OrderedPartialAggregateStream=6592
event	141345	refusal	RepartitionExec[95]	1	456868	2192348	268256774	351	78	1704654		RepartitionExec=266545528;RepartitionExec[Merge]=1704654;OrderedPartialAggregateStream=6592
event	141364	refusal	RepartitionExec[113]	1	1036304	1702614	268256774	351	78	1704654		RepartitionExec=266545528;RepartitionExec[Merge]=1704654;OrderedPartialAggregateStream=6592
event	141398	refusal	RepartitionExec[8]	1	481701	2251044	268256774	351	78	1704654		RepartitionExec=266545528;RepartitionExec[Merge]=1704654;OrderedPartialAggregateStream=6592
event	141446	refusal	RepartitionExec[113]	1	732330	1702614	268256774	351	78	1704654		RepartitionExec=266545528;RepartitionExec[Merge]=1704654;OrderedPartialAggregateStream=6592
event	141482	refusal	RepartitionExec[113]	1	816836	1702614	268256774	351	78	1704654		RepartitionExec=266545528;RepartitionExec[Merge]=1704654;OrderedPartialAggregateStream=6592
event	141504	refusal	RepartitionExec[116]	1	810770	1702614	268256774	351	78	1704654		RepartitionExec=266545528;RepartitionExec[Merge]=1704654;OrderedPartialAggregateStream=6592
event	141557	refusal	RepartitionExec[119]	1	1036304	528026	268256774	351	78	1704654		RepartitionExec=266545528;RepartitionExec[Merge]=1704654;OrderedPartialAggregateStream=6592
event	141574	refusal	RepartitionExec[96]	1	456868	2192348	268256774	351	78	1704654		RepartitionExec=266545528;RepartitionExec[Merge]=1704654;OrderedPartialAggregateStream=6592
event	141595	refusal	RepartitionExec[114]	1	1036304	1702614	268256774	351	78	1704654		RepartitionExec=266545528;RepartitionExec[Merge]=1704654;OrderedPartialAggregateStream=6592
event	141615	refusal	RepartitionExec[9]	1	481701	2852689	268256774	351	78	1704654		RepartitionExec=266545528;RepartitionExec[Merge]=1704654;OrderedPartialAggregateStream=6592
event	141654	refusal	RepartitionExec[114]	1	732330	1702614	268256774	351	78	1704654		RepartitionExec=266545528;RepartitionExec[Merge]=1704654;OrderedPartialAggregateStream=6592
event	141676	refusal	RepartitionExec[114]	1	816836	1702614	268256774	351	78	1704654		RepartitionExec=266545528;RepartitionExec[Merge]=1704654;OrderedPartialAggregateStream=6592
event	141714	refusal	RepartitionExec[117]	1	810770	1818654	268256774	351	78	1704654		RepartitionExec=266545528;RepartitionExec[Merge]=1704654;OrderedPartialAggregateStream=6592
event	141738	refusal	OrderedPartialAggregateStream[11]	1	3705889	0	268256774	351	78	1704654		RepartitionExec=266545528;RepartitionExec[Merge]=1704654;OrderedPartialAggregateStream=6592
event	141759	refusal	RepartitionExec[97]	1	456868	1702614	268256774	351	78	1704654		RepartitionExec=266545528;RepartitionExec[Merge]=1704654;OrderedPartialAggregateStream=6592
event	141771	refusal	RepartitionExec[115]	1	1036304	1818654	268256774	351	78	1704654		RepartitionExec=266545528;RepartitionExec[Merge]=1704654;OrderedPartialAggregateStream=6592
event	141818	refusal	RepartitionExec[118]	1	810770	2295848	268256774	351	78	1704654		RepartitionExec=266545528;RepartitionExec[Merge]=1704654;OrderedPartialAggregateStream=6592
event	141853	refusal	RepartitionExec[115]	1	732330	1818654	268256774	351	78	1704654		RepartitionExec=266545528;RepartitionExec[Merge]=1704654;OrderedPartialAggregateStream=6592
event	141863	refusal	RepartitionExec[116]	1	1036304	1702614	268256774	351	78	1704654		RepartitionExec=266545528;RepartitionExec[Merge]=1704654;OrderedPartialAggregateStream=6592
event	141888	refusal	RepartitionExec[10]	1	481701	2852689	268256774	351	78	1704654		RepartitionExec=266545528;RepartitionExec[Merge]=1704654;OrderedPartialAggregateStream=6592
event	141912	refusal	OrderedPartialAggregateStream[2]	1	4006894	0	268256774	351	78	1704654		RepartitionExec=266545528;RepartitionExec[Merge]=1704654;OrderedPartialAggregateStream=6592
event	141915	refusal	RepartitionExec[98]	1	456868	2192348	268256774	351	78	1704654		RepartitionExec=266545528;RepartitionExec[Merge]=1704654;OrderedPartialAggregateStream=6592
event	141946	refusal	RepartitionExec[115]	1	816836	1818654	268256774	351	78	1704654		RepartitionExec=266545528;RepartitionExec[Merge]=1704654;OrderedPartialAggregateStream=6592
event	141981	refusal	RepartitionExec[119]	1	810770	528026	268256774	351	78	1704654		RepartitionExec=266545528;RepartitionExec[Merge]=1704654;OrderedPartialAggregateStream=6592
event	142010	refusal	RepartitionExec[116]	1	732330	1702614	268256774	351	78	1704654		RepartitionExec=266545528;RepartitionExec[Merge]=1704654;OrderedPartialAggregateStream=6592
event	142034	refusal	RepartitionExec[117]	1	1036304	1818654	268256774	351	78	1704654		RepartitionExec=266545528;RepartitionExec[Merge]=1704654;OrderedPartialAggregateStream=6592
event	142053	refusal	RepartitionExec[11]	1	481701	2192348	268256774	351	78	1704654		RepartitionExec=266545528;RepartitionExec[Merge]=1704654;OrderedPartialAggregateStream=6592
event	142077	refusal	RepartitionExec[99]	1	456868	2192348	268256774	351	78	1704654		RepartitionExec=266545528;RepartitionExec[Merge]=1704654;OrderedPartialAggregateStream=6592
event	142124	refusal	RepartitionExec[116]	1	816836	1702614	268256774	351	78	1704654		RepartitionExec=266545528;RepartitionExec[Merge]=1704654;OrderedPartialAggregateStream=6592
event	142197	refusal	RepartitionExec[117]	1	732330	1818654	268255950	350	78	1704654		RepartitionExec=266545528;RepartitionExec[Merge]=1704654;OrderedPartialAggregateStream=5768
event	142251	refusal	RepartitionExec[118]	1	1036304	2295848	268255950	350	78	1704654		RepartitionExec=266545528;RepartitionExec[Merge]=1704654;OrderedPartialAggregateStream=5768
event	142269	refusal	RepartitionExec[12]	1	481701	2192348	268255950	350	78	1704654		RepartitionExec=266545528;RepartitionExec[Merge]=1704654;OrderedPartialAggregateStream=5768
event	142316	refusal	RepartitionExec[117]	1	816836	1818654	268255950	350	78	1704654		RepartitionExec=266545528;RepartitionExec[Merge]=1704654;OrderedPartialAggregateStream=5768
event	142330	refusal	RepartitionExec[118]	1	732330	2295848	268255950	350	78	1704654		RepartitionExec=266545528;RepartitionExec[Merge]=1704654;OrderedPartialAggregateStream=5768
event	142347	refusal	RepartitionExec[119]	1	1036304	528026	268255950	350	78	1704654		RepartitionExec=266545528;RepartitionExec[Merge]=1704654;OrderedPartialAggregateStream=5768
event	142370	refusal	RepartitionExec[100]	1	456868	2192348	268255950	350	78	1704654		RepartitionExec=266545528;RepartitionExec[Merge]=1704654;OrderedPartialAggregateStream=5768
event	142406	refusal	RepartitionExec[13]	1	481701	2192348	268255950	350	78	1704654		RepartitionExec=266545528;RepartitionExec[Merge]=1704654;OrderedPartialAggregateStream=5768
event	142420	refusal	RepartitionExec[118]	1	816836	2295848	268255950	350	78	1704654		RepartitionExec=266545528;RepartitionExec[Merge]=1704654;OrderedPartialAggregateStream=5768
event	142466	refusal	RepartitionExec[119]	1	732330	528026	268255950	350	78	1704654		RepartitionExec=266545528;RepartitionExec[Merge]=1704654;OrderedPartialAggregateStream=5768
event	142499	refusal	RepartitionExec[101]	1	456868	2192348	268255950	350	78	1704654		RepartitionExec=266545528;RepartitionExec[Merge]=1704654;OrderedPartialAggregateStream=5768
event	142541	refusal	RepartitionExec[14]	1	481701	2192348	268255950	350	78	1704654		RepartitionExec=266545528;RepartitionExec[Merge]=1704654;OrderedPartialAggregateStream=5768
event	142592	refusal	OrderedPartialAggregateStream[24]	1	3223651	0	268255126	349	78	1704654		RepartitionExec=266545528;RepartitionExec[Merge]=1704654;OrderedPartialAggregateStream=4944
event	142598	refusal	RepartitionExec[119]	1	816836	528026	268255126	349	78	1704654		RepartitionExec=266545528;RepartitionExec[Merge]=1704654;OrderedPartialAggregateStream=4944
event	142610	refusal	RepartitionExec[102]	1	456868	2192348	268255126	349	78	1704654		RepartitionExec=266545528;RepartitionExec[Merge]=1704654;OrderedPartialAggregateStream=4944
event	142640	refusal	RepartitionExec[15]	1	481701	2192348	268255126	349	78	1704654		RepartitionExec=266545528;RepartitionExec[Merge]=1704654;OrderedPartialAggregateStream=4944
event	142722	refusal	RepartitionExec[103]	1	456868	1702614	268255126	349	78	1704654		RepartitionExec=266545528;RepartitionExec[Merge]=1704654;OrderedPartialAggregateStream=4944
event	142747	refusal	RepartitionExec[16]	1	481701	2192348	268254302	348	78	1704654		RepartitionExec=266545528;RepartitionExec[Merge]=1704654;OrderedPartialAggregateStream=4120
event	142763	refusal	OrderedPartialAggregateStream[11]	1	1036616	0	268254302	348	78	1704654		RepartitionExec=266545528;RepartitionExec[Merge]=1704654;OrderedPartialAggregateStream=4120
event	142813	refusal	RepartitionExec[104]	1	456868	1702614	268255126	348	78	1704654		RepartitionExec=266545528;RepartitionExec[Merge]=1704654;OrderedPartialAggregateStream=4944
event	142839	refusal	RepartitionExec[17]	1	481701	2192348	268255126	348	78	1704654		RepartitionExec=266545528;RepartitionExec[Merge]=1704654;OrderedPartialAggregateStream=4944
event	142898	refusal	RepartitionExec[105]	1	456868	1818654	268255126	348	78	1704654		RepartitionExec=266545528;RepartitionExec[Merge]=1704654;OrderedPartialAggregateStream=4944
event	142917	refusal	OrderedPartialAggregateStream[0]	1	946157	824	268255126	348	78	1704654		RepartitionExec=266545528;RepartitionExec[Merge]=1704654;OrderedPartialAggregateStream=4944
event	142930	refusal	RepartitionExec[18]	1	481701	2192348	268255126	348	78	1704654		RepartitionExec=266545528;RepartitionExec[Merge]=1704654;OrderedPartialAggregateStream=4944
event	142939	refusal	RepartitionExec[0]	1	787281	4861054	268255126	348	78	1704654		RepartitionExec=266545528;RepartitionExec[Merge]=1704654;OrderedPartialAggregateStream=4944
event	142995	refusal	RepartitionExec[106]	1	456868	1702614	268255126	348	78	1704654		RepartitionExec=266545528;RepartitionExec[Merge]=1704654;OrderedPartialAggregateStream=4944
event	143028	refusal	RepartitionExec[19]	1	481701	2192348	268255126	348	78	1704654		RepartitionExec=266545528;RepartitionExec[Merge]=1704654;OrderedPartialAggregateStream=4944
event	143067	refusal	OrderedPartialAggregateStream[4]	1	457245	824	268255126	348	78	1704654		RepartitionExec=266545528;RepartitionExec[Merge]=1704654;OrderedPartialAggregateStream=4944
event	143077	refusal	RepartitionExec[1]	1	787281	3888867	268255126	348	78	1704654		RepartitionExec=266545528;RepartitionExec[Merge]=1704654;OrderedPartialAggregateStream=4944
event	143090	refusal	OrderedPartialAggregateStream[2]	1	1036872	0	268255126	348	78	1704654		RepartitionExec=266545528;RepartitionExec[Merge]=1704654;OrderedPartialAggregateStream=4944
event	143105	refusal	RepartitionExec[107]	1	456868	1702614	268255950	348	78	1704654		RepartitionExec=266545528;RepartitionExec[Merge]=1704654;OrderedPartialAggregateStream=5768
event	143134	refusal	RepartitionExec[20]	1	481701	2192348	268255950	348	78	1704654		RepartitionExec=266545528;RepartitionExec[Merge]=1704654;OrderedPartialAggregateStream=5768
event	143167	refusal	RepartitionExec[2]	1	787281	3888867	268255950	348	78	1704654		RepartitionExec=266545528;RepartitionExec[Merge]=1704654;OrderedPartialAggregateStream=5768
event	143206	refusal	RepartitionExec[108]	1	456868	1702614	268255950	348	78	1704654		RepartitionExec=266545528;RepartitionExec[Merge]=1704654;OrderedPartialAggregateStream=5768
event	143238	refusal	RepartitionExec[21]	1	481701	2192348	268255950	348	78	1704654		RepartitionExec=266545528;RepartitionExec[Merge]=1704654;OrderedPartialAggregateStream=5768
event	143253	refusal	OrderedPartialAggregateStream[0]	1	259856	824	268255950	348	78	1704654		RepartitionExec=266545528;RepartitionExec[Merge]=1704654;OrderedPartialAggregateStream=5768
event	143270	refusal	RepartitionExec[3]	1	787281	2852689	268255950	348	78	1704654		RepartitionExec=266545528;RepartitionExec[Merge]=1704654;OrderedPartialAggregateStream=5768
event	143306	refusal	RepartitionExec[109]	1	456868	1702614	268353023	348	78	1704654		RepartitionExec=266642601;RepartitionExec[Merge]=1704654;OrderedPartialAggregateStream=5768
event	143328	refusal	RepartitionExec[22]	1	481701	2192348	268353023	348	78	1704654		RepartitionExec=266642601;RepartitionExec[Merge]=1704654;OrderedPartialAggregateStream=5768
event	143357	refusal	RepartitionExec[0]	1	901230	4958127	268353023	348	78	1704654		RepartitionExec=266642601;RepartitionExec[Merge]=1704654;OrderedPartialAggregateStream=5768
event	143364	refusal	RepartitionExec[0]	1	205132	4958127	268353023	348	78	1704654		RepartitionExec=266642601;RepartitionExec[Merge]=1704654;OrderedPartialAggregateStream=5768
event	143370	refusal	RepartitionExec[4]	1	787281	2852689	268353023	348	78	1704654		RepartitionExec=266642601;RepartitionExec[Merge]=1704654;OrderedPartialAggregateStream=5768
event	143414	refusal	RepartitionExec[110]	1	456868	1702614	268353023	348	78	1704654		RepartitionExec=266642601;RepartitionExec[Merge]=1704654;OrderedPartialAggregateStream=5768
event	143418	refusal	RepartitionExec[23]	1	481701	2192348	268353023	348	78	1704654		RepartitionExec=266642601;RepartitionExec[Merge]=1704654;OrderedPartialAggregateStream=5768
event	143436	refusal	RepartitionExec[1]	1	205132	3888867	268353023	348	78	1704654		RepartitionExec=266642601;RepartitionExec[Merge]=1704654;OrderedPartialAggregateStream=5768
event	143451	refusal	OrderedPartialAggregateStream[24]	1	1036232	0	268353023	348	78	1704654		RepartitionExec=266642601;RepartitionExec[Merge]=1704654;OrderedPartialAggregateStream=5768
event	143482	refusal	RepartitionExec[1]	1	901230	3888867	268353847	348	78	1704654		RepartitionExec=266642601;RepartitionExec[Merge]=1704654;OrderedPartialAggregateStream=6592
event	143505	refusal	RepartitionExec[2]	1	205132	3888867	268353847	348	78	1704654		RepartitionExec=266642601;RepartitionExec[Merge]=1704654;OrderedPartialAggregateStream=6592
event	143512	refusal	RepartitionExec[5]	1	787281	2852689	268353847	348	78	1704654		RepartitionExec=266642601;RepartitionExec[Merge]=1704654;OrderedPartialAggregateStream=6592
event	143531	refusal	RepartitionExec[111]	1	456868	1702614	268353847	348	78	1704654		RepartitionExec=266642601;RepartitionExec[Merge]=1704654;OrderedPartialAggregateStream=6592
event	143537	refusal	RepartitionExec[24]	1	481701	2192348	268353847	348	78	1704654		RepartitionExec=266642601;RepartitionExec[Merge]=1704654;OrderedPartialAggregateStream=6592
event	143568	refusal	RepartitionExec[3]	1	205132	2852689	268353847	348	78	1704654		RepartitionExec=266642601;RepartitionExec[Merge]=1704654;OrderedPartialAggregateStream=6592
event	143585	refusal	RepartitionExec[2]	1	901230	3888867	268353847	348	78	1704654		RepartitionExec=266642601;RepartitionExec[Merge]=1704654;OrderedPartialAggregateStream=6592
event	143606	refusal	RepartitionExec[6]	1	787281	3450430	268353847	348	78	1704654		RepartitionExec=266642601;RepartitionExec[Merge]=1704654;OrderedPartialAggregateStream=6592
event	143633	refusal	RepartitionExec[4]	1	205132	2852689	268353847	348	78	1704654		RepartitionExec=266642601;RepartitionExec[Merge]=1704654;OrderedPartialAggregateStream=6592
event	143644	refusal	RepartitionExec[112]	1	456868	1702614	268353847	348	78	1704654		RepartitionExec=266642601;RepartitionExec[Merge]=1704654;OrderedPartialAggregateStream=6592
event	143649	refusal	RepartitionExec[25]	1	481701	2192348	268353847	348	78	1704654		RepartitionExec=266642601;RepartitionExec[Merge]=1704654;OrderedPartialAggregateStream=6592
event	143685	refusal	RepartitionExec[0]	1	604448	4958127	268353847	348	78	1704654		RepartitionExec=266642601;RepartitionExec[Merge]=1704654;OrderedPartialAggregateStream=6592
event	143714	refusal	RepartitionExec[3]	1	901230	2852689	268353847	348	78	1704654		RepartitionExec=266642601;RepartitionExec[Merge]=1704654;OrderedPartialAggregateStream=6592
event	143752	refusal	RepartitionExec[5]	1	205132	2852689	268353847	348	78	1704654		RepartitionExec=266642601;RepartitionExec[Merge]=1704654;OrderedPartialAggregateStream=6592
event	143753	refusal	RepartitionExec[7]	1	787281	2852689	268353847	348	78	1704654		RepartitionExec=266642601;RepartitionExec[Merge]=1704654;OrderedPartialAggregateStream=6592
event	143871	refusal	RepartitionExec[113]	1	456868	1702614	268353847	348	78	1704654		RepartitionExec=266642601;RepartitionExec[Merge]=1704654;OrderedPartialAggregateStream=6592
event	143951	refusal	RepartitionExec[6]	1	205132	3450430	268353847	348	78	1704654		RepartitionExec=266642601;RepartitionExec[Merge]=1704654;OrderedPartialAggregateStream=6592
event	143973	refusal	RepartitionExec[8]	1	787281	2251044	268353847	348	78	1704654		RepartitionExec=266642601;RepartitionExec[Merge]=1704654;OrderedPartialAggregateStream=6592
event	144008	refusal	RepartitionExec[1]	1	604448	3888867	268353847	348	78	1704654		RepartitionExec=266642601;RepartitionExec[Merge]=1704654;OrderedPartialAggregateStream=6592
event	144067	refusal	RepartitionExec[26]	1	481701	2192348	268353847	348	78	1704654		RepartitionExec=266642601;RepartitionExec[Merge]=1704654;OrderedPartialAggregateStream=6592
event	144069	refusal	RepartitionExec[7]	1	205132	2852689	268353847	348	78	1704654		RepartitionExec=266642601;RepartitionExec[Merge]=1704654;OrderedPartialAggregateStream=6592
event	144116	refusal	RepartitionExec[114]	1	456868	1702614	268353847	348	78	1704654		RepartitionExec=266642601;RepartitionExec[Merge]=1704654;OrderedPartialAggregateStream=6592
event	144122	refusal	RepartitionExec[4]	1	901230	2852689	268353847	348	78	1704654		RepartitionExec=266642601;RepartitionExec[Merge]=1704654;OrderedPartialAggregateStream=6592
event	144130	refusal	RepartitionExec[8]	1	205132	2251044	268353847	348	78	1704654		RepartitionExec=266642601;RepartitionExec[Merge]=1704654;OrderedPartialAggregateStream=6592
event	144144	refusal	RepartitionExec[9]	1	787281	2852689	268353847	348	78	1704654		RepartitionExec=266642601;RepartitionExec[Merge]=1704654;OrderedPartialAggregateStream=6592
event	144162	release_after_refusal	RepartitionExec[119]	1	528026	0	267825821	348	78	1704654		RepartitionExec=266114575;RepartitionExec[Merge]=1704654;OrderedPartialAggregateStream=6592
event	144190	refusal	RepartitionExec[Merge 119]	0	526986	1705922	268237353	348	78	1705922		RepartitionExec=266524839;RepartitionExec[Merge]=1705922;OrderedPartialAggregateStream=6592
event	144193	refusal	RepartitionExec[11]	1	205132	2192348	268237353	348	78	1705922		RepartitionExec=266524839;RepartitionExec[Merge]=1705922;OrderedPartialAggregateStream=6592
event	144199	release_after_refusal	RepartitionExec[Merge 119]	0	1699494	6428	266537859	348	78	6428		RepartitionExec=266524839;OrderedPartialAggregateStream=6592;RepartitionExec[Merge]=6428
event	144202	refusal	RepartitionExec[2]	1	604448	3888867	266537859	348	78	6428		RepartitionExec=266524839;OrderedPartialAggregateStream=6592;RepartitionExec[Merge]=6428
event	144205	refusal	RepartitionExec[115]	1	456868	1818654	266537859	348	78	6428		RepartitionExec=266524839;OrderedPartialAggregateStream=6592;RepartitionExec[Merge]=6428
event	144242	refusal	RepartitionExec[7]	1	901230	2852689	268340319	348	78	6428		RepartitionExec=268327299;OrderedPartialAggregateStream=6592;RepartitionExec[Merge]=6428
event	144269	refusal	RepartitionExec[27]	1	481701	2192348	268340319	348	78	6428		RepartitionExec=268327299;OrderedPartialAggregateStream=6592;RepartitionExec[Merge]=6428
event	144303	refusal	RepartitionExec[10]	1	787281	3057821	268340319	348	78	6428		RepartitionExec=268327299;OrderedPartialAggregateStream=6592;RepartitionExec[Merge]=6428
event	144316	refusal	OrderedPartialAggregateStream[1]	1	4332623	0	268340319	348	78	6428		RepartitionExec=268327299;OrderedPartialAggregateStream=6592;RepartitionExec[Merge]=6428
event	144331	refusal	RepartitionExec[3]	1	604448	2852689	268340319	348	78	6428		RepartitionExec=268327299;OrderedPartialAggregateStream=6592;RepartitionExec[Merge]=6428
event	144357	refusal	RepartitionExec[116]	1	456868	1702614	268340319	348	78	6428		RepartitionExec=268327299;OrderedPartialAggregateStream=6592;RepartitionExec[Merge]=6428
event	144398	refusal	RepartitionExec[8]	1	901230	2251044	268340319	348	78	6428		RepartitionExec=268327299;OrderedPartialAggregateStream=6592;RepartitionExec[Merge]=6428
event	144415	refusal	RepartitionExec[28]	1	481701	2192348	268340319	348	78	6428		RepartitionExec=268327299;OrderedPartialAggregateStream=6592;RepartitionExec[Merge]=6428
event	144454	refusal	RepartitionExec[11]	1	787281	2192348	268340319	348	78	6428		RepartitionExec=268327299;OrderedPartialAggregateStream=6592;RepartitionExec[Merge]=6428
event	144479	refusal	RepartitionExec[4]	1	604448	2852689	268340319	348	78	6428		RepartitionExec=268327299;OrderedPartialAggregateStream=6592;RepartitionExec[Merge]=6428
event	144504	refusal	RepartitionExec[117]	1	456868	1818654	268340319	348	78	6428		RepartitionExec=268327299;OrderedPartialAggregateStream=6592;RepartitionExec[Merge]=6428
event	144533	refusal	OrderedPartialAggregateStream[43]	1	2110309	0	268339863	348	78	5972		RepartitionExec=268327299;OrderedPartialAggregateStream=6592;RepartitionExec[Merge]=5972
event	144548	refusal	RepartitionExec[9]	1	901230	3057821	268333891	348	77	0		RepartitionExec=268327299;OrderedPartialAggregateStream=6592
event	144570	refusal	RepartitionExec[29]	1	481701	2192348	268333891	347	77	0		RepartitionExec=268327299;OrderedPartialAggregateStream=6592
event	144594	refusal	RepartitionExec[12]	1	787281	2192348	268333891	347	77	0		RepartitionExec=268327299;OrderedPartialAggregateStream=6592
event	144617	refusal	RepartitionExec[5]	1	604448	3753919	268333891	347	77	0		RepartitionExec=268327299;OrderedPartialAggregateStream=6592
event	144649	refusal	RepartitionExec[118]	1	456868	2295848	268333891	347	77	0		RepartitionExec=268327299;OrderedPartialAggregateStream=6592
event	144691	refusal	RepartitionExec[10]	1	901230	3057821	268333891	347	77	0		RepartitionExec=268327299;OrderedPartialAggregateStream=6592
event	144701	refusal	RepartitionExec[30]	1	481701	2192348	268333891	347	76	0		RepartitionExec=268327299;OrderedPartialAggregateStream=6592
event	144717	refusal	OrderedPartialAggregateStream[12]	1	3588241	0	268333891	347	76	0		RepartitionExec=268327299;OrderedPartialAggregateStream=6592
event	144739	refusal	RepartitionExec[13]	1	787281	2192348	268333891	347	76	0		RepartitionExec=268327299;OrderedPartialAggregateStream=6592
event	144767	refusal	RepartitionExec[6]	1	604448	4351660	268333891	347	76	0		RepartitionExec=268327299;OrderedPartialAggregateStream=6592
event	144787	refusal	RepartitionExec[11]	1	901230	2192348	268333891	347	76	0		RepartitionExec=268327299;OrderedPartialAggregateStream=6592
event	144822	refusal	RepartitionExec[119]	1	456868	0	268333891	347	76	0		RepartitionExec=268327299;OrderedPartialAggregateStream=6592
event	144870	refusal	RepartitionExec[7]	1	604448	2852689	268333891	347	76	0		RepartitionExec=268327299;OrderedPartialAggregateStream=6592
event	144908	refusal	OrderedPartialAggregateStream[18]	1	3352711	0	268333891	347	76	0		RepartitionExec=268327299;OrderedPartialAggregateStream=6592
event	144915	refusal	RepartitionExec[14]	1	787281	2192348	268333891	347	76	0		RepartitionExec=268327299;OrderedPartialAggregateStream=6592
event	144936	refusal	RepartitionExec[12]	1	901230	2192348	268333891	347	76	0		RepartitionExec=268327299;OrderedPartialAggregateStream=6592
event	144998	refusal	RepartitionExec[8]	1	604448	2251044	268333891	347	76	0		RepartitionExec=268327299;OrderedPartialAggregateStream=6592
event	145037	refusal	RepartitionExec[15]	1	787281	2192348	268333067	346	75	0		RepartitionExec=268327299;OrderedPartialAggregateStream=5768
event	145081	refusal	RepartitionExec[13]	1	901230	2192348	268333067	346	75	0		RepartitionExec=268327299;OrderedPartialAggregateStream=5768
event	145111	refusal	RepartitionExec[9]	1	604448	3057821	268333067	346	75	0		RepartitionExec=268327299;OrderedPartialAggregateStream=5768
