#pool	name	limit	peak_reserved	refusals	events_dropped
pool	fair	2147483648	2103599160	11843	10364
#class	class	consumers	can_spill	w_sum_of_peaks	w_largest_peak	w_class_peak	refusals	refused_bytes	w_refusals_then_release	w_consumers_ending_refused
class	OrderedFinalAggregateStream	22	22	15656	824	1648	23	79173220	0	4
class	OrderedPartialAggregateStream	120	120	268335074	4609405	37560887	38	118872253	0	0
class	RepartitionExec	120	120	705220058	6000995	704929282	11782	7261634782	721	79
class	RepartitionExec[Merge]	120	0	2055961803	23707616	2031394936	0	0	0	0
#event	micros	kind	consumer	can_spill	bytes	w_held	reserved	w_registered_spillable	w_registered_unspillable	w_unspillable_bytes	w_fair_quota	w_top_classes
event	35965	refusal	RepartitionExec[6]	1	974003	5026992	598348387	358	122	969943	5995848	RepartitionExec=595119079;OrderedPartialAggregateStream=2259365;RepartitionExec[Merge]=969943
event	36248	refusal	RepartitionExec[0]	1	949613	5884955	605187306	358	122	969943	5995848	RepartitionExec=595119079;OrderedPartialAggregateStream=9098284;RepartitionExec[Merge]=969943
event	36385	refusal	RepartitionExec[0]	1	884276	5884955	605187306	358	122	969943	5995848	RepartitionExec=595119079;OrderedPartialAggregateStream=9098284;RepartitionExec[Merge]=969943
event	37727	refusal	RepartitionExec[0]	1	514250	5884955	620452344	358	122	969943	5995848	RepartitionExec=595119079;OrderedPartialAggregateStream=24363322;RepartitionExec[Merge]=969943
event	39065	refusal	RepartitionExec[0]	1	568085	5884955	628726462	358	122	969943	5995848	RepartitionExec=595119079;OrderedPartialAggregateStream=32637440;RepartitionExec[Merge]=969943
event	39251	refusal	RepartitionExec[0]	1	511976	5884955	628726462	358	122	969943	5995848	RepartitionExec=595119079;OrderedPartialAggregateStream=32637440;RepartitionExec[Merge]=969943
event	39622	refusal	RepartitionExec[0]	1	1036178	5884955	625052267	358	122	969943	5995848	RepartitionExec=595119079;OrderedPartialAggregateStream=28963245;RepartitionExec[Merge]=969943
event	40144	refusal	RepartitionExec[0]	1	1036178	5884955	618318491	358	122	969943	5995848	RepartitionExec=595119079;OrderedPartialAggregateStream=22229469;RepartitionExec[Merge]=969943
event	40512	refusal	RepartitionExec[0]	1	1036178	5884955	613870300	358	122	969943	5995848	RepartitionExec=595119079;OrderedPartialAggregateStream=19381332;RepartitionExec[Merge]=969943
event	40540	refusal	RepartitionExec[0]	1	672851	5884955	613870300	358	122	969943	5995848	RepartitionExec=595119079;OrderedPartialAggregateStream=19381332;RepartitionExec[Merge]=969943
event	40550	refusal	RepartitionExec[0]	1	1036178	5884955	612889450	358	122	969943	5995848	RepartitionExec=595119079;OrderedPartialAggregateStream=16800428;RepartitionExec[Merge]=969943
event	40571	refusal	RepartitionExec[0]	1	664130	5884955	612889450	358	122	969943	5995848	RepartitionExec=595119079;OrderedPartialAggregateStream=16800428;RepartitionExec[Merge]=969943
event	40672	refusal	RepartitionExec[0]	1	543821	5884955	612889450	358	122	969943	5995848	RepartitionExec=595119079;OrderedPartialAggregateStream=16800428;RepartitionExec[Merge]=969943
event	40943	refusal	RepartitionExec[0]	1	869489	5884955	609585345	358	122	969943	5995848	RepartitionExec=595119079;OrderedPartialAggregateStream=13496323;RepartitionExec[Merge]=969943
event	41193	refusal	RepartitionExec[0]	1	660341	5884955	606745431	358	122	969943	5995848	RepartitionExec=595119079;OrderedPartialAggregateStream=10656409;RepartitionExec[Merge]=969943
event	42966	refusal	RepartitionExec[0]	1	545591	5884955	607372670	358	122	969943	5995848	RepartitionExec=595119079;OrderedPartialAggregateStream=11283648;RepartitionExec[Merge]=969943
event	46505	refusal	RepartitionExec[1]	1	949613	5884955	629774739	358	122	969943	5995848	RepartitionExec=617521148;OrderedPartialAggregateStream=11283648;RepartitionExec[Merge]=969943
event	46528	refusal	RepartitionExec[1]	1	884276	5884955	630748742	358	122	969943	5995848	RepartitionExec=617521148;OrderedPartialAggregateStream=11283648;RepartitionExec[Merge]=969943
event	46541	refusal	RepartitionExec[1]	1	514250	5884955	630748742	358	122	969943	5995848	RepartitionExec=617521148;OrderedPartialAggregateStream=11283648;RepartitionExec[Merge]=969943
event	46572	refusal	RepartitionExec[1]	1	568085	5884955	630748742	358	122	969943	5995848	RepartitionExec=617521148;OrderedPartialAggregateStream=11283648;RepartitionExec[Merge]=969943
event	46594	refusal	RepartitionExec[1]	1	511976	5884955	640488772	358	122	969943	5995848	RepartitionExec=628235181;OrderedPartialAggregateStream=11283648;RepartitionExec[Merge]=969943
event	46612	refusal	RepartitionExec[41]	1	974003	5026992	640488772	358	122	969943	5995848	RepartitionExec=628235181;OrderedPartialAggregateStream=11283648;RepartitionExec[Merge]=969943
event	46628	refusal	RepartitionExec[2]	1	514250	5884955	640488772	358	122	969943	5995848	RepartitionExec=628235181;OrderedPartialAggregateStream=11283648;RepartitionExec[Merge]=969943
event	46635	refusal	RepartitionExec[1]	1	1036178	5884955	640488772	358	122	969943	5995848	RepartitionExec=628235181;OrderedPartialAggregateStream=11283648;RepartitionExec[Merge]=969943
event	46661	refusal	RepartitionExec[1]	1	1036178	5884955	640488772	358	122	969943	5995848	RepartitionExec=628235181;OrderedPartialAggregateStream=11283648;RepartitionExec[Merge]=969943
event	46718	refusal	RepartitionExec[1]	1	672851	5884955	640488772	358	122	969943	5995848	RepartitionExec=628235181;OrderedPartialAggregateStream=11283648;RepartitionExec[Merge]=969943
event	46734	refusal	RepartitionExec[1]	1	1036178	5884955	640488772	358	122	969943	5995848	RepartitionExec=628235181;OrderedPartialAggregateStream=11283648;RepartitionExec[Merge]=969943
event	46763	refusal	RepartitionExec[1]	1	664130	5884955	640488772	358	122	969943	5995848	RepartitionExec=628235181;OrderedPartialAggregateStream=11283648;RepartitionExec[Merge]=969943
event	46770	refusal	RepartitionExec[1]	1	543821	5884955	640488772	358	122	969943	5995848	RepartitionExec=628235181;OrderedPartialAggregateStream=11283648;RepartitionExec[Merge]=969943
event	46818	refusal	RepartitionExec[1]	1	869489	5884955	640488772	358	122	969943	5995848	RepartitionExec=628235181;OrderedPartialAggregateStream=11283648;RepartitionExec[Merge]=969943
event	46828	refusal	RepartitionExec[1]	1	660341	5884955	640488772	358	122	969943	5995848	RepartitionExec=628235181;OrderedPartialAggregateStream=11283648;RepartitionExec[Merge]=969943
event	46847	refusal	RepartitionExec[1]	1	545591	5884955	640488772	358	122	969943	5995848	RepartitionExec=628235181;OrderedPartialAggregateStream=11283648;RepartitionExec[Merge]=969943
event	46871	refusal	RepartitionExec[2]	1	949613	5884955	640488772	358	122	969943	5995848	RepartitionExec=628235181;OrderedPartialAggregateStream=11283648;RepartitionExec[Merge]=969943
event	46905	refusal	RepartitionExec[2]	1	660341	5884955	640488772	358	122	969943	5995848	RepartitionExec=628235181;OrderedPartialAggregateStream=11283648;RepartitionExec[Merge]=969943
event	46921	refusal	RepartitionExec[2]	1	884276	5884955	640488772	358	122	969943	5995848	RepartitionExec=628235181;OrderedPartialAggregateStream=11283648;RepartitionExec[Merge]=969943
event	46955	refusal	RepartitionExec[2]	1	568085	5884955	640488772	358	122	969943	5995848	RepartitionExec=628235181;OrderedPartialAggregateStream=11283648;RepartitionExec[Merge]=969943
event	46957	refusal	RepartitionExec[2]	1	511976	5884955	640488772	358	122	969943	5995848	RepartitionExec=628235181;OrderedPartialAggregateStream=11283648;RepartitionExec[Merge]=969943
event	46997	refusal	RepartitionExec[3]	1	660341	5884955	655098817	358	122	969943	5995848	RepartitionExec=642845226;OrderedPartialAggregateStream=11283648;RepartitionExec[Merge]=969943
event	47036	refusal	RepartitionExec[3]	1	884276	5884955	691136928	358	122	969943	5995848	RepartitionExec=678883337;OrderedPartialAggregateStream=11283648;RepartitionExec[Merge]=969943
event	47045	refusal	RepartitionExec[94]	1	974003	5026992	691136928	358	122	969943	5995848	RepartitionExec=678883337;OrderedPartialAggregateStream=11283648;RepartitionExec[Merge]=969943
event	47049	refusal	RepartitionExec[2]	1	1036178	5884955	691136928	358	122	969943	5995848	RepartitionExec=678883337;OrderedPartialAggregateStream=11283648;RepartitionExec[Merge]=969943
event	47077	refusal	RepartitionExec[2]	1	672851	5884955	691136928	358	122	969943	5995848	RepartitionExec=678883337;OrderedPartialAggregateStream=11283648;RepartitionExec[Merge]=969943
event	47087	refusal	RepartitionExec[2]	1	1036178	5884955	691136928	358	122	969943	5995848	RepartitionExec=678883337;OrderedPartialAggregateStream=11283648;RepartitionExec[Merge]=969943
event	47106	refusal	RepartitionExec[2]	1	664130	5884955	691136928	358	122	969943	5995848	RepartitionExec=678883337;OrderedPartialAggregateStream=11283648;RepartitionExec[Merge]=969943
event	47141	refusal	RepartitionExec[2]	1	869489	5884955	691136928	358	122	969943	5995848	RepartitionExec=678883337;OrderedPartialAggregateStream=11283648;RepartitionExec[Merge]=969943
event	47149	refusal	RepartitionExec[4]	1	884276	5884955	691136928	358	122	969943	5995848	RepartitionExec=678883337;OrderedPartialAggregateStream=11283648;RepartitionExec[Merge]=969943
event	47175	refusal	RepartitionExec[3]	1	672851	5884955	691136928	358	122	969943	5995848	RepartitionExec=678883337;OrderedPartialAggregateStream=11283648;RepartitionExec[Merge]=969943
event	47182	refusal	RepartitionExec[2]	1	545591	5884955	691136928	358	122	969943	5995848	RepartitionExec=678883337;OrderedPartialAggregateStream=11283648;RepartitionExec[Merge]=969943
event	47231	refusal	RepartitionExec[3]	1	949613	5884955	691136928	358	122	969943	5995848	RepartitionExec=678883337;OrderedPartialAggregateStream=11283648;RepartitionExec[Merge]=969943
event	47246	refusal	RepartitionExec[3]	1	514250	5884955	691136928	358	122	969943	5995848	RepartitionExec=678883337;OrderedPartialAggregateStream=11283648;RepartitionExec[Merge]=969943
event	52327	refusal	RepartitionExec[2]	1	1036178	5884955	691136928	358	122	969943	5995848	RepartitionExec=678883337;OrderedPartialAggregateStream=11283648;RepartitionExec[Merge]=969943
event	52363	refusal	RepartitionExec[3]	1	545591	5884955	691136928	358	122	969943	5995848	RepartitionExec=678883337;OrderedPartialAggregateStream=11283648;RepartitionExec[Merge]=969943
event	52376	refusal	RepartitionExec[3]	1	511976	5884955	691136928	358	122	969943	5995848	RepartitionExec=678883337;OrderedPartialAggregateStream=11283648;RepartitionExec[Merge]=969943
event	52391	refusal	RepartitionExec[4]	1	660341	5884955	691136928	358	122	969943	5995848	RepartitionExec=678883337;OrderedPartialAggregateStream=11283648;RepartitionExec[Merge]=969943
event	52403	refusal	RepartitionExec[2]	1	543821	5884955	691136928	358	122	969943	5995848	RepartitionExec=678883337;OrderedPartialAggregateStream=11283648;RepartitionExec[Merge]=969943
event	52458	refusal	RepartitionExec[105]	1	974003	5026992	700876958	358	122	969943	5995848	RepartitionExec=688623367;OrderedPartialAggregateStream=11283648;RepartitionExec[Merge]=969943
event	52460	refusal	RepartitionExec[3]	1	1036178	5884955	700876958	358	122	969943	5995848	RepartitionExec=688623367;OrderedPartialAggregateStream=11283648;RepartitionExec[Merge]=969943
event	52510	refusal	RepartitionExec[3]	1	1036178	5884955	700876958	358	122	969943	5995848	RepartitionExec=688623367;OrderedPartialAggregateStream=11283648;RepartitionExec[Merge]=969943
event	52523	refusal	RepartitionExec[1]	1	1036178	5884955	700876958	358	122	969943	5995848	RepartitionExec=688623367;OrderedPartialAggregateStream=11283648;RepartitionExec[Merge]=969943
event	52526	refusal	RepartitionExec[3]	1	664130	5884955	700876958	358	122	969943	5995848	RepartitionExec=688623367;OrderedPartialAggregateStream=11283648;RepartitionExec[Merge]=969943
event	52566	refusal	RepartitionExec[107]	1	974003	5026992	701850961	358	122	969943	5995848	RepartitionExec=689597370;OrderedPartialAggregateStream=11283648;RepartitionExec[Merge]=969943
event	52602	refusal	RepartitionExec[5]	1	884276	5884955	701850961	358	122	969943	5995848	RepartitionExec=689597370;OrderedPartialAggregateStream=11283648;RepartitionExec[Merge]=969943
event	52613	refusal	RepartitionExec[4]	1	672851	5884955	701850961	358	122	969943	5995848	RepartitionExec=689597370;OrderedPartialAggregateStream=11283648;RepartitionExec[Merge]=969943
event	52621	refusal	RepartitionExec[3]	1	568085	5884955	701850961	358	122	969943	5995848	RepartitionExec=689597370;OrderedPartialAggregateStream=11283648;RepartitionExec[Merge]=969943
event	52674	refusal	RepartitionExec[4]	1	949613	5884955	701850961	358	122	969943	5995848	RepartitionExec=689597370;OrderedPartialAggregateStream=11283648;RepartitionExec[Merge]=969943
event	52685	refusal	RepartitionExec[4]	1	514250	5884955	702735237	358	122	969943	5995848	RepartitionExec=690481646;OrderedPartialAggregateStream=11283648;RepartitionExec[Merge]=969943
event	52692	refusal	RepartitionExec[7]	1	884276	5884955	702735237	358	122	969943	5995848	RepartitionExec=690481646;OrderedPartialAggregateStream=11283648;RepartitionExec[Merge]=969943
event	52736	refusal	RepartitionExec[4]	1	545591	5884955	702735237	358	122	969943	5995848	RepartitionExec=690481646;OrderedPartialAggregateStream=11283648;RepartitionExec[Merge]=969943
event	52754	refusal	RepartitionExec[4]	1	511976	5884955	702735237	358	122	969943	5995848	RepartitionExec=690481646;OrderedPartialAggregateStream=11283648;RepartitionExec[Merge]=969943
event	52788	refusal	RepartitionExec[5]	1	949613	5884955	702735237	358	122	969943	5995848	RepartitionExec=690481646;OrderedPartialAggregateStream=11283648;RepartitionExec[Merge]=969943
event	52805	refusal	RepartitionExec[3]	1	543821	5884955	702735237	358	122	969943	5995848	RepartitionExec=690481646;OrderedPartialAggregateStream=11283648;RepartitionExec[Merge]=969943
event	52815	refusal	RepartitionExec[4]	1	1036178	5884955	702735237	358	122	969943	5995848	RepartitionExec=690481646;OrderedPartialAggregateStream=11283648;RepartitionExec[Merge]=969943
event	52836	refusal	RepartitionExec[3]	1	869489	5884955	702735237	358	122	969943	5995848	RepartitionExec=690481646;OrderedPartialAggregateStream=11283648;RepartitionExec[Merge]=969943
event	52858	refusal	RepartitionExec[4]	1	1036178	5884955	702735237	358	122	969943	5995848	RepartitionExec=690481646;OrderedPartialAggregateStream=11283648;RepartitionExec[Merge]=969943
event	52878	refusal	RepartitionExec[4]	1	664130	5884955	702735237	358	122	969943	5995848	RepartitionExec=690481646;OrderedPartialAggregateStream=11283648;RepartitionExec[Merge]=969943
event	52884	refusal	RepartitionExec[6]	1	949613	5911268	702735237	358	122	969943	5995848	RepartitionExec=690481646;OrderedPartialAggregateStream=11283648;RepartitionExec[Merge]=969943
event	52922	refusal	RepartitionExec[110]	1	974003	5026992	704683243	358	122	969943	5995848	RepartitionExec=692429652;OrderedPartialAggregateStream=11283648;RepartitionExec[Merge]=969943
event	52944	refusal	RepartitionExec[5]	1	664130	5884955	704683243	358	122	969943	5995848	RepartitionExec=692429652;OrderedPartialAggregateStream=11283648;RepartitionExec[Merge]=969943
event	52949	refusal	RepartitionExec[3]	1	1036178	5884955	704683243	358	122	969943	5995848	RepartitionExec=692429652;OrderedPartialAggregateStream=11283648;RepartitionExec[Merge]=969943
event	52985	refusal	RepartitionExec[4]	1	568085	5884955	704683243	358	122	969943	5995848	RepartitionExec=692429652;OrderedPartialAggregateStream=11283648;RepartitionExec[Merge]=969943
event	53006	refusal	RepartitionExec[6]	1	664130	5911268	704683243	358	122	969943	5995848	RepartitionExec=692429652;OrderedPartialAggregateStream=11283648;RepartitionExec[Merge]=969943
event	53026	refusal	RepartitionExec[5]	1	660341	5884955	704683243	358	122	969943	5995848	RepartitionExec=692429652;OrderedPartialAggregateStream=11283648;RepartitionExec[Merge]=969943
event	53065	refusal	RepartitionExec[5]	1	568085	5884955	704683243	358	122	969943	5995848	RepartitionExec=692429652;OrderedPartialAggregateStream=11283648;RepartitionExec[Merge]=969943
event	53069	refusal	RepartitionExec[8]	1	884276	5884955	704683243	358	122	969943	5995848	RepartitionExec=692429652;OrderedPartialAggregateStream=11283648;RepartitionExec[Merge]=969943
event	53072	refusal	RepartitionExec[7]	1	664130	5884955	704683243	358	122	969943	5995848	RepartitionExec=692429652;OrderedPartialAggregateStream=11283648;RepartitionExec[Merge]=969943
event	53114	refusal	RepartitionExec[2]	1	1036178	5884955	704683243	358	122	969943	5995848	RepartitionExec=692429652;OrderedPartialAggregateStream=11283648;RepartitionExec[Merge]=969943
event	53134	refusal	RepartitionExec[4]	1	543821	5884955	704683243	358	122	969943	5995848	RepartitionExec=692429652;OrderedPartialAggregateStream=11283648;RepartitionExec[Merge]=969943
event	53151	refusal	RepartitionExec[6]	1	568085	5911268	704683243	358	122	969943	5995848	RepartitionExec=692429652;OrderedPartialAggregateStream=11283648;RepartitionExec[Merge]=969943
event	53178	refusal	RepartitionExec[4]	1	869489	5884955	704683243	358	122	969943	5995848	RepartitionExec=692429652;OrderedPartialAggregateStream=11283648;RepartitionExec[Merge]=969943
event	53201	refusal	RepartitionExec[5]	1	1036178	5884955	704683243	358	122	969943	5995848	RepartitionExec=692429652;OrderedPartialAggregateStream=11283648;RepartitionExec[Merge]=969943
event	53231	refusal	RepartitionExec[5]	1	543821	5884955	704683243	358	122	969943	5995848	RepartitionExec=692429652;OrderedPartialAggregateStream=11283648;RepartitionExec[Merge]=969943
event	53233	refusal	RepartitionExec[7]	1	568085	5884955	704683243	358	122	969943	5995848	RepartitionExec=692429652;OrderedPartialAggregateStream=11283648;RepartitionExec[Merge]=969943
event	53282	refusal	RepartitionExec[117]	1	974003	5026992	710527261	358	122	969943	5995848	RepartitionExec=698273670;OrderedPartialAggregateStream=11283648;RepartitionExec[Merge]=969943
event	53297	refusal	RepartitionExec[5]	1	514250	5884955	710527261	358	122	969943	5995848	RepartitionExec=698273670;OrderedPartialAggregateStream=11283648;RepartitionExec[Merge]=969943
event	53330	refusal	RepartitionExec[4]	1	1036178	5884955	710527261	358	122	969943	5995848	RepartitionExec=698273670;OrderedPartialAggregateStream=11283648;RepartitionExec[Merge]=969943
event	53334	refusal	RepartitionExec[5]	1	545591	5884955	710527261	358	122	969943	5995848	RepartitionExec=698273670;OrderedPartialAggregateStream=11283648;RepartitionExec[Merge]=969943
event	53355	refusal	RepartitionExec[5]	1	511976	5884955	710527261	358	122	969943	5995848	RepartitionExec=698273670;OrderedPartialAggregateStream=11283648;RepartitionExec[Merge]=969943
event	53394	refusal	RepartitionExec[6]	1	660341	5911268	710527261	358	122	969943	5995848	RepartitionExec=698273670;OrderedPartialAggregateStream=11283648;RepartitionExec[Merge]=969943
event	53417	refusal	RepartitionExec[9]	1	884276	5884955	710527261	358	122	969943	5995848	RepartitionExec=698273670;OrderedPartialAggregateStream=11283648;RepartitionExec[Merge]=969943
event	53419	refusal	RepartitionExec[8]	1	664130	5884955	710527261	358	122	969943	5995848	RepartitionExec=698273670;OrderedPartialAggregateStream=11283648;RepartitionExec[Merge]=969943
event	53442	refusal	RepartitionExec[5]	1	1036178	5884955	710527261	358	122	969943	5995848	RepartitionExec=698273670;OrderedPartialAggregateStream=11283648;RepartitionExec[Merge]=969943
event	53462	refusal	RepartitionExec[3]	1	1036178	5884955	710527261	358	122	969943	5995848	RepartitionExec=698273670;OrderedPartialAggregateStream=11283648;RepartitionExec[Merge]=969943
event	53482	refusal	RepartitionExec[5]	1	672851	5884955	710527261	358	122	969943	5995848	RepartitionExec=698273670;OrderedPartialAggregateStream=11283648;RepartitionExec[Merge]=969943
event	53508	refusal	RepartitionExec[7]	1	949613	5884955	710527261	358	122	969943	5995848	RepartitionExec=698273670;OrderedPartialAggregateStream=11283648;RepartitionExec[Merge]=969943
event	53529	refusal	RepartitionExec[5]	1	869489	5884955	710527261	358	122	969943	5995848	RepartitionExec=698273670;OrderedPartialAggregateStream=11283648;RepartitionExec[Merge]=969943
event	53572	refusal	RepartitionExec[6]	1	1036178	5911268	710527261	358	122	969943	5995848	RepartitionExec=698273670;OrderedPartialAggregateStream=11283648;RepartitionExec[Merge]=969943
event	53588	refusal	RepartitionExec[8]	1	949613	5884955	710527261	358	122	969943	5995848	RepartitionExec=698273670;OrderedPartialAggregateStream=11283648;RepartitionExec[Merge]=969943
event	53599	refusal	RepartitionExec[6]	1	869489	5911268	710527261	358	122	969943	5995848	RepartitionExec=698273670;OrderedPartialAggregateStream=11283648;RepartitionExec[Merge]=969943
event	53659	refusal	RepartitionExec[7]	1	1036178	5884955	712475267	358	122	969943	5995848	RepartitionExec=700221676;OrderedPartialAggregateStream=11283648;RepartitionExec[Merge]=969943
event	53670	refusal	RepartitionExec[5]	1	1036178	5884955	712475267	358	122	969943	5995848	RepartitionExec=700221676;OrderedPartialAggregateStream=11283648;RepartitionExec[Merge]=969943
event	53688	refusal	RepartitionExec[6]	1	545591	5911268	711679100	358	122	969943	5995848	RepartitionExec=700221676;OrderedPartialAggregateStream=10487481;RepartitionExec[Merge]=969943
event	53696	refusal	RepartitionExec[116]	1	116040	5884955	711679100	358	122	969943	5995848	RepartitionExec=700221676;OrderedPartialAggregateStream=10487481;RepartitionExec[Merge]=969943
event	53706	refusal	RepartitionExec[6]	1	511976	5911268	711679100	358	122	969943	5995848	RepartitionExec=700221676;OrderedPartialAggregateStream=10487481;RepartitionExec[Merge]=969943
event	53730	refusal	RepartitionExec[7]	1	660341	5884955	711679100	358	122	969943	5995848	RepartitionExec=700221676;OrderedPartialAggregateStream=10487481;RepartitionExec[Merge]=969943
event	53750	refusal	RepartitionExec[10]	1	884276	5884955	711679100	358	122	969943	5995848	RepartitionExec=700221676;OrderedPartialAggregateStream=10487481;RepartitionExec[Merge]=969943
event	66381	refusal	RepartitionExec[6]	1	1036178	5911268	711679100	358	122	969943	5995848	RepartitionExec=700221676;OrderedPartialAggregateStream=10487481;RepartitionExec[Merge]=969943
event	66456	refusal	RepartitionExec[4]	1	1036178	5884955	711679100	358	122	969943	5995848	RepartitionExec=700221676;OrderedPartialAggregateStream=10487481;RepartitionExec[Merge]=969943
event	66463	refusal	RepartitionExec[6]	1	672851	5911268	711679100	358	122	969943	5995848	RepartitionExec=700221676;OrderedPartialAggregateStream=10487481;RepartitionExec[Merge]=969943
event	66542	refusal	RepartitionExec[6]	1	543821	5911268	711679100	358	122	969943	5995848	RepartitionExec=700221676;OrderedPartialAggregateStream=10487481;RepartitionExec[Merge]=969943
event	66547	refusal	RepartitionExec[8]	1	568085	5884955	711679100	358	122	969943	5995848	RepartitionExec=700221676;OrderedPartialAggregateStream=10487481;RepartitionExec[Merge]=969943
event	66604	refusal	RepartitionExec[6]	1	514250	5911268	711679100	358	122	969943	5995848	RepartitionExec=700221676;OrderedPartialAggregateStream=10487481;RepartitionExec[Merge]=969943
event	66628	refusal	RepartitionExec[9]	1	949613	5884955	711679100	358	122	969943	5995848	RepartitionExec=700221676;OrderedPartialAggregateStream=10487481;RepartitionExec[Merge]=969943
event	66674	refusal	RepartitionExec[7]	1	869489	5884955	711679100	358	122	969943	5995848	RepartitionExec=700221676;OrderedPartialAggregateStream=10487481;RepartitionExec[Merge]=969943
event	66705	refusal	RepartitionExec[8]	1	1036178	5884955	711679100	358	122	969943	5995848	RepartitionExec=700221676;OrderedPartialAggregateStream=10487481;RepartitionExec[Merge]=969943
event	66741	refusal	RepartitionExec[10]	1	949613	5884955	711679100	358	122	969943	5995848	RepartitionExec=700221676;OrderedPartialAggregateStream=10487481;RepartitionExec[Merge]=969943
event	66754	refusal	RepartitionExec[7]	1	545591	5884955	711679100	358	122	969943	5995848	RepartitionExec=700221676;OrderedPartialAggregateStream=10487481;RepartitionExec[Merge]=969943
event	66784	refusal	RepartitionExec[9]	1	664130	5884955	711679100	358	122	969943	5995848	RepartitionExec=700221676;OrderedPartialAggregateStream=10487481;RepartitionExec[Merge]=969943
event	66814	refusal	RepartitionExec[7]	1	511976	5884955	711679100	358	122	969943	5995848	RepartitionExec=700221676;OrderedPartialAggregateStream=10487481;RepartitionExec[Merge]=969943
event	66848	refusal	RepartitionExec[11]	1	949613	5884955	711679100	358	122	969943	5995848	RepartitionExec=700221676;OrderedPartialAggregateStream=10487481;RepartitionExec[Merge]=969943
event	66898	refusal	RepartitionExec[11]	1	884276	5884955	711679100	358	122	969943	5995848	RepartitionExec=700221676;OrderedPartialAggregateStream=10487481;RepartitionExec[Merge]=969943
event	66900	refusal	RepartitionExec[8]	1	511976	5884955	711679100	358	122	969943	5995848	RepartitionExec=700221676;OrderedPartialAggregateStream=10487481;RepartitionExec[Merge]=969943
event	66934	refusal	RepartitionExec[5]	1	1036178	5884955	711679100	358	122	969943	5995848	RepartitionExec=700221676;OrderedPartialAggregateStream=10487481;RepartitionExec[Merge]=969943
event	66976	refusal	RepartitionExec[7]	1	672851	5884955	711679100	358	122	969943	5995848	RepartitionExec=700221676;OrderedPartialAggregateStream=10487481;RepartitionExec[Merge]=969943
event	66989	refusal	RepartitionExec[12]	1	884276	5884955	711679100	358	122	969943	5995848	RepartitionExec=700221676;OrderedPartialAggregateStream=10487481;RepartitionExec[Merge]=969943
event	67010	refusal	RepartitionExec[9]	1	568085	5884955	711679100	358	122	969943	5995848	RepartitionExec=700221676;OrderedPartialAggregateStream=10487481;RepartitionExec[Merge]=969943
event	67042	refusal	RepartitionExec[7]	1	514250	5884955	711679100	358	122	969943	5995848	RepartitionExec=700221676;OrderedPartialAggregateStream=10487481;RepartitionExec[Merge]=969943
event	67084	refusal	RepartitionExec[8]	1	672851	5884955	711679100	358	122	969943	5995848	RepartitionExec=700221676;OrderedPartialAggregateStream=10487481;RepartitionExec[Merge]=969943
event	67104	refusal	RepartitionExec[8]	1	869489	5884955	711679100	358	122	969943	5995848	RepartitionExec=700221676;OrderedPartialAggregateStream=10487481;RepartitionExec[Merge]=969943
event	67134	refusal	RepartitionExec[9]	1	1036178	5884955	711679100	358	122	969943	5995848	RepartitionExec=700221676;OrderedPartialAggregateStream=10487481;RepartitionExec[Merge]=969943
event	67152	refusal	RepartitionExec[8]	1	660341	5884955	711679100	358	122	969943	5995848	RepartitionExec=700221676;OrderedPartialAggregateStream=10487481;RepartitionExec[Merge]=969943
event	67182	refusal	RepartitionExec[8]	1	545591	5884955	711679100	358	122	969943	5995848	RepartitionExec=700221676;OrderedPartialAggregateStream=10487481;RepartitionExec[Merge]=969943
event	67227	refusal	RepartitionExec[10]	1	664130	5884955	711679100	358	122	969943	5995848	RepartitionExec=700221676;OrderedPartialAggregateStream=10487481;RepartitionExec[Merge]=969943
event	67251	refusal	RepartitionExec[7]	1	1036178	5884955	711679100	358	122	969943	5995848	RepartitionExec=700221676;OrderedPartialAggregateStream=10487481;RepartitionExec[Merge]=969943
event	67302	refusal	RepartitionExec[12]	1	949613	5884955	711679100	358	122	969943	5995848	RepartitionExec=700221676;OrderedPartialAggregateStream=10487481;RepartitionExec[Merge]=969943
event	67323	refusal	RepartitionExec[9]	1	511976	5884955	711679100	358	122	969943	5995848	RepartitionExec=700221676;OrderedPartialAggregateStream=10487481;RepartitionExec[Merge]=969943
event	67340	refusal	RepartitionExec[8]	1	1036178	5884955	711679100	358	122	969943	5995848	RepartitionExec=700221676;OrderedPartialAggregateStream=10487481;RepartitionExec[Merge]=969943
event	67373	refusal	RepartitionExec[6]	1	1036178	5911268	711679100	358	122	969943	5995848	RepartitionExec=700221676;OrderedPartialAggregateStream=10487481;RepartitionExec[Merge]=969943
event	67408	refusal	RepartitionExec[10]	1	511976	5884955	711679100	358	122	969943	5995848	RepartitionExec=700221676;OrderedPartialAggregateStream=10487481;RepartitionExec[Merge]=969943
event	67434	refusal	RepartitionExec[9]	1	1036178	5884955	711679100	358	122	969943	5995848	RepartitionExec=700221676;OrderedPartialAggregateStream=10487481;RepartitionExec[Merge]=969943
event	67447	refusal	RepartitionExec[10]	1	568085	5884955	711679100	358	122	969943	5995848	RepartitionExec=700221676;OrderedPartialAggregateStream=10487481;RepartitionExec[Merge]=969943
event	67465	refusal	RepartitionExec[8]	1	514250	5884955	711679100	358	122	969943	5995848	RepartitionExec=700221676;OrderedPartialAggregateStream=10487481;RepartitionExec[Merge]=969943
event	67481	refusal	RepartitionExec[11]	1	511976	5884955	711679100	358	122	969943	5995848	RepartitionExec=700221676;OrderedPartialAggregateStream=10487481;RepartitionExec[Merge]=969943
event	67532	refusal	RepartitionExec[9]	1	869489	5884955	711679100	358	122	969943	5995848	RepartitionExec=700221676;OrderedPartialAggregateStream=10487481;RepartitionExec[Merge]=969943
event	67545	refusal	RepartitionExec[10]	1	1036178	5884955	711679100	358	122	969943	5995848	RepartitionExec=700221676;OrderedPartialAggregateStream=10487481;RepartitionExec[Merge]=969943
event	67560	refusal	RepartitionExec[9]	1	660341	5884955	711679100	358	122	969943	5995848	RepartitionExec=700221676;OrderedPartialAggregateStream=10487481;RepartitionExec[Merge]=969943
event	67599	refusal	RepartitionExec[9]	1	545591	5884955	711679100	358	122	969943	5995848	RepartitionExec=700221676;OrderedPartialAggregateStream=10487481;RepartitionExec[Merge]=969943
event	67604	refusal	RepartitionExec[10]	1	869489	5884955	711679100	358	122	969943	5995848	RepartitionExec=700221676;OrderedPartialAggregateStream=10487481;RepartitionExec[Merge]=969943
event	67644	refusal	RepartitionExec[7]	1	543821	5884955	711679100	358	122	969943	5995848	RepartitionExec=700221676;OrderedPartialAggregateStream=10487481;RepartitionExec[Merge]=969943
event	67662	refusal	RepartitionExec[13]	1	949613	5884955	711679100	358	122	969943	5995848	RepartitionExec=700221676;OrderedPartialAggregateStream=10487481;RepartitionExec[Merge]=969943
event	67676	refusal	RepartitionExec[11]	1	869489	5884955	711679100	358	122	969943	5995848	RepartitionExec=700221676;OrderedPartialAggregateStream=10487481;RepartitionExec[Merge]=969943
event	67709	refusal	RepartitionExec[13]	1	884276	5884955	711679100	358	122	969943	5995848	RepartitionExec=700221676;OrderedPartialAggregateStream=10487481;RepartitionExec[Merge]=969943
event	67743	refusal	RepartitionExec[12]	1	869489	5884955	711679100	358	122	969943	5995848	RepartitionExec=700221676;OrderedPartialAggregateStream=10487481;RepartitionExec[Merge]=969943
event	67750	refusal	RepartitionExec[7]	1	1036178	5884955	711679100	358	122	969943	5995848	RepartitionExec=700221676;OrderedPartialAggregateStream=10487481;RepartitionExec[Merge]=969943
event	67782	refusal	RepartitionExec[10]	1	1036178	5884955	711679100	358	122	969943	5995848	RepartitionExec=700221676;OrderedPartialAggregateStream=10487481;RepartitionExec[Merge]=969943
event	67794	refusal	RepartitionExec[11]	1	568085	5884955	711679100	358	122	969943	5995848	RepartitionExec=700221676;OrderedPartialAggregateStream=10487481;RepartitionExec[Merge]=969943
event	67837	refusal	RepartitionExec[13]	1	869489	5884955	711679100	358	122	969943	5995848	RepartitionExec=700221676;OrderedPartialAggregateStream=10487481;RepartitionExec[Merge]=969943
event	67867	refusal	RepartitionExec[12]	1	511976	5884955	711679100	358	122	969943	5995848	RepartitionExec=700221676;OrderedPartialAggregateStream=10487481;RepartitionExec[Merge]=969943
event	67870	refusal	RepartitionExec[12]	1	568085	5884955	711679100	358	122	969943	5995848	RepartitionExec=700221676;OrderedPartialAggregateStream=10487481;RepartitionExec[Merge]=969943
event	67905	refusal	RepartitionExec[11]	1	1036178	5884955	711679100	358	122	969943	5995848	RepartitionExec=700221676;OrderedPartialAggregateStream=10487481;RepartitionExec[Merge]=969943
event	67928	refusal	RepartitionExec[10]	1	660341	5884955	711679100	358	122	969943	5995848	RepartitionExec=700221676;OrderedPartialAggregateStream=10487481;RepartitionExec[Merge]=969943
event	67943	refusal	RepartitionExec[13]	1	511976	5884955	711679100	358	122	969943	5995848	RepartitionExec=700221676;OrderedPartialAggregateStream=10487481;RepartitionExec[Merge]=969943
event	67978	refusal	RepartitionExec[6]	1	1036178	5911268	711679100	358	122	969943	5995848	RepartitionExec=700221676;OrderedPartialAggregateStream=10487481;RepartitionExec[Merge]=969943
event	67999	refusal	RepartitionExec[8]	1	543821	5884955	711679100	358	122	969943	5995848	RepartitionExec=700221676;OrderedPartialAggregateStream=10487481;RepartitionExec[Merge]=969943
event	68012	refusal	RepartitionExec[14]	1	511976	5884955	711679100	358	122	969943	5995848	RepartitionExec=700221676;OrderedPartialAggregateStream=10487481;RepartitionExec[Merge]=969943
event	68066	refusal	RepartitionExec[9]	1	672851	5884955	711679100	358	122	969943	5995848	RepartitionExec=700221676;OrderedPartialAggregateStream=10487481;RepartitionExec[Merge]=969943
event	68092	refusal	RepartitionExec[9]	1	543821	5884955	711679100	358	122	969943	5995848	RepartitionExec=700221676;OrderedPartialAggregateStream=10487481;RepartitionExec[Merge]=969943
event	68116	refusal	RepartitionExec[9]	1	514250	5884955	711679100	358	122	969943	5995848	RepartitionExec=700221676;OrderedPartialAggregateStream=10487481;RepartitionExec[Merge]=969943
event	68128	refusal	RepartitionExec[8]	1	1036178	5884955	711679100	358	122	969943	5995848	RepartitionExec=700221676;OrderedPartialAggregateStream=10487481;RepartitionExec[Merge]=969943
event	68154	refusal	RepartitionExec[11]	1	1036178	5884955	711679100	358	122	969943	5995848	RepartitionExec=700221676;OrderedPartialAggregateStream=10487481;RepartitionExec[Merge]=969943
event	68177	refusal	RepartitionExec[11]	1	664130	5884955	711679100	358	122	969943	5995848	RepartitionExec=700221676;OrderedPartialAggregateStream=10487481;RepartitionExec[Merge]=969943
event	68202	refusal	RepartitionExec[14]	1	869489	5884955	711679100	358	122	969943	5995848	RepartitionExec=700221676;OrderedPartialAggregateStream=10487481;RepartitionExec[Merge]=969943
event	68220	refusal	RepartitionExec[13]	1	568085	5884955	711679100	358	122	969943	5995848	RepartitionExec=700221676;OrderedPartialAggregateStream=10487481;RepartitionExec[Merge]=969943
event	68246	refusal	RepartitionExec[10]	1	545591	5884955	711679100	358	122	969943	5995848	RepartitionExec=700221676;OrderedPartialAggregateStream=10487481;RepartitionExec[Merge]=969943
event	68290	refusal	RepartitionExec[12]	1	1036178	5884955	711679100	358	122	969943	5995848	RepartitionExec=700221676;OrderedPartialAggregateStream=10487481;RepartitionExec[Merge]=969943
event	68321	refusal	RepartitionExec[11]	1	660341	5884955	713792820	358	122	969943	5995848	RepartitionExec=700221676;OrderedPartialAggregateStream=12601201;RepartitionExec[Merge]=969943
event	68341	refusal	RepartitionExec[14]	1	949613	5884955	713792820	358	122	969943	5995848	RepartitionExec=700221676;OrderedPartialAggregateStream=12601201;RepartitionExec[Merge]=969943
event	68380	refusal	RepartitionExec[7]	1	1036178	5884955	713792820	358	122	969943	5995848	RepartitionExec=700221676;OrderedPartialAggregateStream=12601201;RepartitionExec[Merge]=969943
event	68386	refusal	RepartitionExec[14]	1	884276	5884955	713792820	358	122	969943	5995848	RepartitionExec=700221676;OrderedPartialAggregateStream=12601201;RepartitionExec[Merge]=969943
event	68414	refusal	RepartitionExec[15]	1	511976	5884955	713792820	358	122	969943	5995848	RepartitionExec=700221676;OrderedPartialAggregateStream=12601201;RepartitionExec[Merge]=969943
event	68459	refusal	RepartitionExec[10]	1	672851	5884955	713792820	358	122	969943	5995848	RepartitionExec=700221676;OrderedPartialAggregateStream=12601201;RepartitionExec[Merge]=969943
event	68460	refusal	RepartitionExec[15]	1	884276	5884955	713792820	358	122	969943	5995848	RepartitionExec=700221676;OrderedPartialAggregateStream=12601201;RepartitionExec[Merge]=969943
event	68509	refusal	RepartitionExec[10]	1	514250	5884955	713792820	358	122	969943	5995848	RepartitionExec=700221676;OrderedPartialAggregateStream=12601201;RepartitionExec[Merge]=969943
event	68517	refusal	RepartitionExec[9]	1	1036178	5884955	713792820	358	122	969943	5995848	RepartitionExec=700221676;OrderedPartialAggregateStream=12601201;RepartitionExec[Merge]=969943
event	68548	refusal	RepartitionExec[11]	1	672851	5884955	713792820	358	122	969943	5995848	RepartitionExec=700221676;OrderedPartialAggregateStream=12601201;RepartitionExec[Merge]=969943
event	68564	refusal	RepartitionExec[12]	1	664130	5884955	713792820	358	122	969943	5995848	RepartitionExec=700221676;OrderedPartialAggregateStream=12601201;RepartitionExec[Merge]=969943
event	68594	refusal	RepartitionExec[15]	1	869489	5884955	713792820	358	122	969943	5995848	RepartitionExec=700221676;OrderedPartialAggregateStream=12601201;RepartitionExec[Merge]=969943
event	68618	refusal	RepartitionExec[14]	1	568085	5884955	713792820	358	122	969943	5995848	RepartitionExec=700221676;OrderedPartialAggregateStream=12601201;RepartitionExec[Merge]=969943
event	68636	refusal	RepartitionExec[13]	1	664130	5884955	713792820	358	122	969943	5995848	RepartitionExec=700221676;OrderedPartialAggregateStream=12601201;RepartitionExec[Merge]=969943
event	68668	refusal	RepartitionExec[13]	1	1036178	5884955	713792820	358	122	969943	5995848	RepartitionExec=700221676;OrderedPartialAggregateStream=12601201;RepartitionExec[Merge]=969943
event	68690	refusal	RepartitionExec[12]	1	660341	5884955	713792820	358	122	969943	5995848	RepartitionExec=700221676;OrderedPartialAggregateStream=12601201;RepartitionExec[Merge]=969943
event	403770	refusal	RepartitionExec[71]	1	1036304	2405327	2021133194	266	122	1844588774	1138702	RepartitionExec[Merge]=1844588774;RepartitionExec=176535356;OrderedPartialAggregateStream=9064
event	403842	refusal	RepartitionExec[99]	1	501818	2464023	2021163998	266	122	1844619578	1138586	RepartitionExec[Merge]=1844619578;RepartitionExec=176535356;OrderedPartialAggregateStream=9064
event	403873	refusal	RepartitionExec[62]	1	708508	1585271	2021185434	266	122	1844641014	1138506	RepartitionExec[Merge]=1844641014;RepartitionExec=176535356;OrderedPartialAggregateStream=9064
event	403878	refusal	RepartitionExec[50]	1	738735	399837	2021196730	266	122	1844652310	1138463	RepartitionExec[Merge]=1844652310;RepartitionExec=176535356;OrderedPartialAggregateStream=9064
event	403955	refusal	RepartitionExec[8]	1	583771	1123153	2021254494	266	122	1845159299	1136557	RepartitionExec[Merge]=1845159299;RepartitionExec=176086131;OrderedPartialAggregateStream=9064
event	403972	refusal	RepartitionExec[6]	1	918986	1109993	2021270130	266	122	1845174935	1136498	RepartitionExec[Merge]=1845174935;RepartitionExec=176086131;OrderedPartialAggregateStream=9064
event	404024	refusal	RepartitionExec[36]	1	449225	951789	2021314814	266	122	1845219619	1136330	RepartitionExec[Merge]=1845219619;RepartitionExec=176086131;OrderedPartialAggregateStream=9064
event	404026	release_after_refusal	RepartitionExec[5]	1	449225	775370	2020865589	266	122	1845219619		RepartitionExec[Merge]=1845219619;RepartitionExec=175636906;OrderedPartialAggregateStream=9064
event	404075	refusal	RepartitionExec[97]	1	457879	2464023	2020879807	266	122	1845691716	1134556	RepartitionExec[Merge]=1845691716;RepartitionExec=175179027;OrderedPartialAggregateStream=9064
event	404078	refusal	RepartitionExec[60]	1	1036304	2592110	2021338310	266	122	1846150219	1132832	RepartitionExec[Merge]=1846150219;RepartitionExec=175179027;OrderedPartialAggregateStream=9064
event	404098	refusal	RepartitionExec[116]	1	683448	1585271	2021344094	266	122	1846156003	1132810	RepartitionExec[Merge]=1846156003;RepartitionExec=175179027;OrderedPartialAggregateStream=9064
event	404135	refusal	RepartitionExec[107]	1	581861	2521367	2021365350	266	122	1846177259	1132730	RepartitionExec[Merge]=1846177259;RepartitionExec=175179027;OrderedPartialAggregateStream=9064
event	404212	refusal	RepartitionExec[72]	1	1036304	2279122	2021406558	266	122	1846666532	1130891	RepartitionExec[Merge]=1846666532;RepartitionExec=174729802;OrderedPartialAggregateStream=9064
event	404221	refusal	RepartitionExec[100]	1	501818	2405327	2021410542	266	122	1846671676	1130872	RepartitionExec[Merge]=1846671676;RepartitionExec=174729802;OrderedPartialAggregateStream=9064
event	404244	refusal	RepartitionExec[63]	1	708508	1585271	2021417162	266	122	1846678296	1130847	RepartitionExec[Merge]=1846678296;RepartitionExec=174729802;OrderedPartialAggregateStream=9064
event	404277	refusal	RepartitionExec[51]	1	738735	399837	2021417162	266	122	1846678296	1130847	RepartitionExec[Merge]=1846678296;RepartitionExec=174729802;OrderedPartialAggregateStream=9064
event	404372	refusal	RepartitionExec[7]	1	918986	1253236	2021417162	266	122	1846678296	1130847	RepartitionExec[Merge]=1846678296;RepartitionExec=174729802;OrderedPartialAggregateStream=9064
event	404378	refusal	RepartitionExec[9]	1	583771	1253236	2021417162	266	122	1846678296	1130847	RepartitionExec[Merge]=1846678296;RepartitionExec=174729802;OrderedPartialAggregateStream=9064
event	404430	refusal	RepartitionExec[37]	1	449225	1108345	2021417162	266	122	1846678296	1130847	RepartitionExec[Merge]=1846678296;RepartitionExec=174729802;OrderedPartialAggregateStream=9064
event	404471	refusal	RepartitionExec[98]	1	457879	2522719	2021417162	266	122	1846678296	1130847	RepartitionExec[Merge]=1846678296;RepartitionExec=174729802;OrderedPartialAggregateStream=9064
event	404560	refusal	RepartitionExec[61]	1	1036304	2592110	2021418754	266	122	1846679888	1130841	RepartitionExec[Merge]=1846679888;RepartitionExec=174729802;OrderedPartialAggregateStream=9064
event	404601	refusal	RepartitionExec[117]	1	683448	1701311	2021430534	266	122	1846691668	1130796	RepartitionExec[Merge]=1846691668;RepartitionExec=174729802;OrderedPartialAggregateStream=9064
event	404655	refusal	RepartitionExec[108]	1	581861	2279122	2021441174	266	122	1846702308	1130756	RepartitionExec[Merge]=1846702308;RepartitionExec=174729802;OrderedPartialAggregateStream=9064
event	404705	refusal	RepartitionExec[73]	1	1036304	1498422	2021447286	266	122	1846708420	1130733	RepartitionExec[Merge]=1846708420;RepartitionExec=174729802;OrderedPartialAggregateStream=9064
event	404721	refusal	RepartitionExec[101]	1	501818	2405327	2021449274	266	122	1846708420	1130733	RepartitionExec[Merge]=1846708420;RepartitionExec=174729802;OrderedPartialAggregateStream=9064
event	404764	refusal	RepartitionExec[64]	1	708508	2337818	2021456170	266	122	1846717304	1130700	RepartitionExec[Merge]=1846717304;RepartitionExec=174729802;OrderedPartialAggregateStream=9064
event	404779	refusal	RepartitionExec[52]	1	738735	399837	2021456170	266	122	1846717304	1130700	RepartitionExec[Merge]=1846717304;RepartitionExec=174729802;OrderedPartialAggregateStream=9064
event	404849	refusal	RepartitionExec[8]	1	918986	1123153	2021490870	266	122	1846752004	1130570	RepartitionExec[Merge]=1846752004;RepartitionExec=174729802;OrderedPartialAggregateStream=9064
event	404874	refusal	RepartitionExec[65]	1	708508	2279122	2021498130	266	122	1846759264	1130542	RepartitionExec[Merge]=1846759264;RepartitionExec=174729802;OrderedPartialAggregateStream=9064
event	404886	refusal	RepartitionExec[74]	1	1036304	2279122	2021498130	266	122	1846759264	1130542	RepartitionExec[Merge]=1846759264;RepartitionExec=174729802;OrderedPartialAggregateStream=9064
event	404932	refusal	RepartitionExec[99]	1	457879	2464023	2021513126	266	122	1846774260	1130486	RepartitionExec[Merge]=1846774260;RepartitionExec=174729802;OrderedPartialAggregateStream=9064
event	405070	refusal	RepartitionExec[66]	1	708508	2337818	2021533102	266	122	1846794236	1130411	RepartitionExec[Merge]=1846794236;RepartitionExec=174729802;OrderedPartialAggregateStream=9064
event	405103	refusal	RepartitionExec[118]	1	683448	1799363	2021533102	266	122	1846794236	1130411	RepartitionExec[Merge]=1846794236;RepartitionExec=174729802;OrderedPartialAggregateStream=9064
event	405186	refusal	RepartitionExec[109]	1	581861	2464023	2021561838	266	122	1846822972	1130303	RepartitionExec[Merge]=1846822972;RepartitionExec=174729802;OrderedPartialAggregateStream=9064
event	405233	refusal	RepartitionExec[10]	1	583771	1253236	2021568130	266	122	1846829264	1130279	RepartitionExec[Merge]=1846829264;RepartitionExec=174729802;OrderedPartialAggregateStream=9064
event	405249	refusal	RepartitionExec[102]	1	501818	2592110	2021575186	266	122	1846836320	1130253	RepartitionExec[Merge]=1846836320;RepartitionExec=174729802;OrderedPartialAggregateStream=9064
event	405302	refusal	RepartitionExec[38]	1	449225	1108345	2021587762	266	122	1846848896	1130205	RepartitionExec[Merge]=1846848896;RepartitionExec=174729802;OrderedPartialAggregateStream=9064
event	405323	refusal	RepartitionExec[53]	1	738735	399837	2021587762	266	122	1846848896	1130205	RepartitionExec[Merge]=1846848896;RepartitionExec=174729802;OrderedPartialAggregateStream=9064
event	405346	refusal	RepartitionExec[9]	1	918986	1253236	2021597762	266	122	1846858896	1130168	RepartitionExec[Merge]=1846858896;RepartitionExec=174729802;OrderedPartialAggregateStream=9064
event	405370	refusal	RepartitionExec[103]	1	501818	2592110	2021608270	266	122	1846869404	1130128	RepartitionExec[Merge]=1846869404;RepartitionExec=174729802;OrderedPartialAggregateStream=9064
event	405440	refusal	RepartitionExec[62]	1	1036304	1585271	2021630018	266	122	1846891152	1130046	RepartitionExec[Merge]=1846891152;RepartitionExec=174729802;OrderedPartialAggregateStream=9064
event	405444	refusal	RepartitionExec[100]	1	457879	2405327	2021630018	266	122	1846891152	1130046	RepartitionExec[Merge]=1846891152;RepartitionExec=174729802;OrderedPartialAggregateStream=9064
event	405751	refusal	RepartitionExec[67]	1	708508	2279122	2021927198	266	122	1847188332	1128929	RepartitionExec[Merge]=1847188332;RepartitionExec=174729802;OrderedPartialAggregateStream=9064
event	405772	refusal	RepartitionExec[119]	1	683448	1643967	2021950110	266	122	1847211244	1128843	RepartitionExec[Merge]=1847211244;RepartitionExec=174729802;OrderedPartialAggregateStream=9064
event	405804	refusal	RepartitionExec[110]	1	581861	2521367	2021990446	266	122	1847251580	1128691	RepartitionExec[Merge]=1847251580;RepartitionExec=174729802;OrderedPartialAggregateStream=9064
event	405859	refusal	RepartitionExec[11]	1	583771	1253236	2022061686	266	122	1847322820	1128424	RepartitionExec[Merge]=1847322820;RepartitionExec=174729802;OrderedPartialAggregateStream=9064
event	405900	refusal	RepartitionExec[75]	1	1036304	2521367	2022102918	266	122	1847364052	1128269	RepartitionExec[Merge]=1847364052;RepartitionExec=174729802;OrderedPartialAggregateStream=9064
event	405902	refusal	RepartitionExec[111]	1	581861	2279122	2022105590	266	122	1847366724	1128259	RepartitionExec[Merge]=1847366724;RepartitionExec=174729802;OrderedPartialAggregateStream=9064
event	405917	refusal	RepartitionExec[54]	1	738735	399837	2022125174	266	122	1847386308	1128185	RepartitionExec[Merge]=1847386308;RepartitionExec=174729802;OrderedPartialAggregateStream=9064
event	405979	refusal	RepartitionExec[12]	1	583771	1253236	2022194206	266	122	1847455340	1127925	RepartitionExec[Merge]=1847455340;RepartitionExec=174729802;OrderedPartialAggregateStream=9064
event	406016	refusal	RepartitionExec[104]	1	501818	2592110	2022246018	266	122	1847503536	1127744	RepartitionExec[Merge]=1847503536;RepartitionExec=174729802;OrderedPartialAggregateStream=9064
event	406023	refusal	RepartitionExec[63]	1	1036304	1585271	2022252950	266	122	1847514084	1127705	RepartitionExec[Merge]=1847514084;RepartitionExec=174729802;OrderedPartialAggregateStream=9064
event	406038	refusal	RepartitionExec[101]	1	457879	2405327	2022275846	266	122	1847536980	1127619	RepartitionExec[Merge]=1847536980;RepartitionExec=174729802;OrderedPartialAggregateStream=9064
event	406068	refusal	RepartitionExec[68]	1	708508	2405327	2022310146	266	122	1847571280	1127490	RepartitionExec[Merge]=1847571280;RepartitionExec=174729802;OrderedPartialAggregateStream=9064
event	406136	refusal	RepartitionExec[41]	1	449225	1096298	2023295808	266	122	1847658492	1127162	RepartitionExec[Merge]=1847658492;RepartitionExec=175628252;OrderedPartialAggregateStream=9064
event	406160	refusal	RepartitionExec[10]	1	918986	1253236	2023332392	265	122	1847695900	1131274	RepartitionExec[Merge]=1847695900;RepartitionExec=175628252;OrderedPartialAggregateStream=8240
event	406221	refusal	RepartitionExec[76]	1	1036304	2405327	2026082946	265	122	1847751104	1131066	RepartitionExec[Merge]=1847751104;RepartitionExec=178323602;OrderedPartialAggregateStream=8240
event	406241	refusal	RepartitionExec[48]	1	449225	1108345	2025652277	265	122	1847769660	1130996	RepartitionExec[Merge]=1847769660;RepartitionExec=177874377;OrderedPartialAggregateStream=8240
event	406257	refusal	RepartitionExec[55]	1	738735	399837	2026112590	265	122	1848229973	1129259	RepartitionExec[Merge]=1848229973;RepartitionExec=177874377;OrderedPartialAggregateStream=8240
event	406310	refusal	RepartitionExec[13]	1	583771	825584	2026135010	265	122	1848252393	1129174	RepartitionExec[Merge]=1848252393;RepartitionExec=177874377;OrderedPartialAggregateStream=8240
event	406352	refusal	RepartitionExec[56]	1	738735	526042	2026153394	265	122	1848270777	1129105	RepartitionExec[Merge]=1848270777;RepartitionExec=177874377;OrderedPartialAggregateStream=8240
event	406383	refusal	RepartitionExec[102]	1	457879	2592110	2026168374	265	122	1848285757	1129048	RepartitionExec[Merge]=1848285757;RepartitionExec=177874377;OrderedPartialAggregateStream=8240
event	406406	refusal	RepartitionExec[105]	1	501818	1927450	2026180178	265	122	1848297561	1129004	RepartitionExec[Merge]=1848297561;RepartitionExec=177874377;OrderedPartialAggregateStream=8240
event	406428	refusal	RepartitionExec[57]	1	738735	993471	2026193066	265	122	1848309037	1128960	RepartitionExec[Merge]=1848309037;RepartitionExec=177874377;OrderedPartialAggregateStream=8240
event	406440	refusal	RepartitionExec[69]	1	708508	2395162	2026198066	265	122	1848764674	1127241	RepartitionExec[Merge]=1848764674;RepartitionExec=177425152;OrderedPartialAggregateStream=8240
event	406464	refusal	RepartitionExec[11]	1	918986	1253236	2026215654	265	122	1848782262	1127175	RepartitionExec[Merge]=1848782262;RepartitionExec=177425152;OrderedPartialAggregateStream=8240
event	406523	refusal	RepartitionExec[77]	1	1036304	2337818	2029831858	265	122	1848804666	1127090	RepartitionExec[Merge]=1848804666;RepartitionExec=181018952;OrderedPartialAggregateStream=8240
event	406529	refusal	RepartitionExec[57]	1	449225	993471	2029831858	265	122	1848804666	1127090	RepartitionExec[Merge]=1848804666;RepartitionExec=181018952;OrderedPartialAggregateStream=8240
event	406601	refusal	RepartitionExec[64]	1	1036304	2337818	2030415629	265	122	1848804666	1127090	RepartitionExec[Merge]=1848804666;RepartitionExec=181602723;OrderedPartialAggregateStream=8240
event	406624	refusal	RepartitionExec[15]	1	583771	825584	2030415629	265	122	1848804666	1127090	RepartitionExec[Merge]=1848804666;RepartitionExec=181602723;OrderedPartialAggregateStream=8240
event	406628	refusal	RepartitionExec[58]	1	449225	1498422	2030415629	265	122	1848804666	1127090	RepartitionExec[Merge]=1848804666;RepartitionExec=181602723;OrderedPartialAggregateStream=8240
event	406664	refusal	RepartitionExec[103]	1	457879	2592110	2030415629	265	122	1848804666	1127090	RepartitionExec[Merge]=1848804666;RepartitionExec=181602723;OrderedPartialAggregateStream=8240
event	406717	refusal	RepartitionExec[106]	1	501818	2650806	2030415629	265	122	1848804666	1127090	RepartitionExec[Merge]=1848804666;RepartitionExec=181602723;OrderedPartialAggregateStream=8240
event	406757	refusal	OrderedPartialAggregateStream[79]	1	2102668	0	2030429001	265	122	1848818038	1127040	RepartitionExec[Merge]=1848818038;RepartitionExec=181602723;OrderedPartialAggregateStream=8240
event	406758	refusal	RepartitionExec[58]	1	738735	1498422	2030429001	265	122	1848818038	1127040	RepartitionExec[Merge]=1848818038;RepartitionExec=181602723;OrderedPartialAggregateStream=8240
event	406785	refusal	RepartitionExec[104]	1	457879	2592110	2030432045	265	122	1848821082	1127028	RepartitionExec[Merge]=1848821082;RepartitionExec=181602723;OrderedPartialAggregateStream=8240
event	406834	refusal	RepartitionExec[12]	1	918986	1253236	2030457813	265	122	1848846850	1126931	RepartitionExec[Merge]=1848846850;RepartitionExec=181602723;OrderedPartialAggregateStream=8240
event	406905	refusal	RepartitionExec[105]	1	457879	1927450	2030488725	265	122	1848877762	1126814	RepartitionExec[Merge]=1848877762;RepartitionExec=181602723;OrderedPartialAggregateStream=8240
event	406907	refusal	RepartitionExec[78]	1	1036304	2464023	2030488725	265	122	1848877762	1126814	RepartitionExec[Merge]=1848877762;RepartitionExec=181602723;OrderedPartialAggregateStream=8240
event	406987	refusal	RepartitionExec[65]	1	1036304	2279122	2031115532	265	122	1848920798	1126652	RepartitionExec[Merge]=1848920798;RepartitionExec=182186494;OrderedPartialAggregateStream=8240
event	407003	refusal	RepartitionExec[106]	1	457879	2650806	2032866845	265	122	1848920798	1126652	RepartitionExec[Merge]=1848920798;RepartitionExec=183937807;OrderedPartialAggregateStream=8240
event	407027	refusal	RepartitionExec[21]	1	583771	1170528	2033450616	265	122	1848920798	1126652	RepartitionExec[Merge]=1848920798;RepartitionExec=184521578;OrderedPartialAggregateStream=8240
event	407091	refusal	RepartitionExec[70]	1	708508	2279122	2033450616	265	122	1848920798	1126652	RepartitionExec[Merge]=1848920798;RepartitionExec=184521578;OrderedPartialAggregateStream=8240
event	407120	refusal	RepartitionExec[107]	1	501818	2521367	2033461436	265	122	1848931618	1126611	RepartitionExec[Merge]=1848931618;RepartitionExec=184521578;OrderedPartialAggregateStream=8240
event	407151	refusal	RepartitionExec[59]	1	738735	1711476	2033461436	265	122	1848931618	1126611	RepartitionExec[Merge]=1848931618;RepartitionExec=184521578;OrderedPartialAggregateStream=8240
event	407175	refusal	RepartitionExec[112]	1	581861	2279122	2033461436	265	122	1848931618	1126611	RepartitionExec[Merge]=1848931618;RepartitionExec=184521578;OrderedPartialAggregateStream=8240
event	407182	refusal	RepartitionExec[13]	1	918986	825584	2033461436	265	122	1848931618	1126611	RepartitionExec[Merge]=1848931618;RepartitionExec=184521578;OrderedPartialAggregateStream=8240
event	407249	refusal	RepartitionExec[79]	1	1036304	2521367	2033461436	265	122	1848931618	1126611	RepartitionExec[Merge]=1848931618;RepartitionExec=184521578;OrderedPartialAggregateStream=8240
event	407264	refusal	RepartitionExec[59]	1	449225	1711476	2033461436	265	122	1848931618	1126611	RepartitionExec[Merge]=1848931618;RepartitionExec=184521578;OrderedPartialAggregateStream=8240
event	407401	refusal	RepartitionExec[66]	1	1036304	2337818	2033461436	265	122	1848931618	1126611	RepartitionExec[Merge]=1848931618;RepartitionExec=184521578;OrderedPartialAggregateStream=8240
event	407493	refusal	RepartitionExec[80]	1	1036304	2279122	2033463064	265	122	1848933246	1126605	RepartitionExec[Merge]=1848933246;RepartitionExec=184521578;OrderedPartialAggregateStream=8240
event	407554	refusal	RepartitionExec[32]	1	583771	825584	2039306406	265	122	1848938878	1126584	RepartitionExec[Merge]=1848938878;RepartitionExec=190359288;OrderedPartialAggregateStream=8240
event	407558	refusal	RepartitionExec[71]	1	708508	2405327	2039306406	265	122	1848938878	1126584	RepartitionExec[Merge]=1848938878;RepartitionExec=190359288;OrderedPartialAggregateStream=8240
event	407611	refusal	OrderedPartialAggregateStream[114]	1	4609378	0	2039307230	265	122	1848938878	1126584	RepartitionExec[Merge]=1848938878;RepartitionExec=190359288;OrderedPartialAggregateStream=527736
event	407624	refusal	RepartitionExec[108]	1	501818	2279122	2039307230	265	122	1848938878	1126584	RepartitionExec[Merge]=1848938878;RepartitionExec=190359288;OrderedPartialAggregateStream=9064
event	407634	refusal	RepartitionExec[60]	1	738735	2592110	2039307230	265	122	1848938878	1126584	RepartitionExec[Merge]=1848938878;RepartitionExec=190359288;OrderedPartialAggregateStream=9064
event	407682	refusal	RepartitionExec[33]	1	583771	825584	2039307230	265	122	1848938878	1126584	RepartitionExec[Merge]=1848938878;RepartitionExec=190359288;OrderedPartialAggregateStream=9064
event	407688	refusal	RepartitionExec[14]	1	918986	1119845	2039307230	265	122	1848938878	1126584	RepartitionExec[Merge]=1848938878;RepartitionExec=190359288;OrderedPartialAggregateStream=9064
event	407761	refusal	RepartitionExec[60]	1	449225	2592110	2039339002	265	122	1848969166	1126469	RepartitionExec[Merge]=1848969166;RepartitionExec=190359288;OrderedPartialAggregateStream=9064
event	407768	refusal	RepartitionExec[0]	1	466869	1119845	2039339002	265	122	1848969166	1126469	RepartitionExec[Merge]=1848969166;RepartitionExec=190359288;OrderedPartialAggregateStream=9064
event	407782	refusal	OrderedPartialAggregateStream[108]	1	3833932	0	2039344138	265	122	1848975786	1126444	RepartitionExec[Merge]=1848975786;RepartitionExec=190359288;OrderedPartialAggregateStream=9064
event	407789	refusal	RepartitionExec[67]	1	1036304	2279122	2039344138	265	122	1848975786	1126444	RepartitionExec[Merge]=1848975786;RepartitionExec=190359288;OrderedPartialAggregateStream=9064
event	407814	refusal	RepartitionExec[107]	1	457879	2521367	2039353350	265	122	1848984998	1126410	RepartitionExec[Merge]=1848984998;RepartitionExec=190359288;OrderedPartialAggregateStream=9064
event	407848	refusal	RepartitionExec[81]	1	1036304	2580063	2039367870	265	122	1848999518	1126355	RepartitionExec[Merge]=1848999518;RepartitionExec=190359288;OrderedPartialAggregateStream=9064
event	407878	refusal	RepartitionExec[72]	1	708508	2279122	2039380126	265	122	1849011774	1126308	RepartitionExec[Merge]=1849011774;RepartitionExec=190359288;OrderedPartialAggregateStream=9064
event	407890	refusal	RepartitionExec[113]	1	581861	2405327	2039385762	265	122	1849017410	1126287	RepartitionExec[Merge]=1849017410;RepartitionExec=190359288;OrderedPartialAggregateStream=9064
event	407915	refusal	RepartitionExec[109]	1	501818	2464023	2039399462	265	122	1849031110	1126235	RepartitionExec[Merge]=1849031110;RepartitionExec=190359288;OrderedPartialAggregateStream=9064
event	407958	refusal	RepartitionExec[73]	1	708508	1498422	2039426026	265	122	1849057674	1126135	RepartitionExec[Merge]=1849057674;RepartitionExec=190359288;OrderedPartialAggregateStream=9064
event	407968	refusal	RepartitionExec[82]	1	1036304	2405327	2039438618	265	122	1849070266	1126088	RepartitionExec[Merge]=1849070266;RepartitionExec=190359288;OrderedPartialAggregateStream=9064
event	407990	refusal	RepartitionExec[15]	1	918986	825584	2039452826	265	122	1849084474	1126034	RepartitionExec[Merge]=1849084474;RepartitionExec=190359288;OrderedPartialAggregateStream=9064
event	408047	refusal	RepartitionExec[61]	1	449225	2592110	2039488586	265	122	1849120234	1125899	RepartitionExec[Merge]=1849120234;RepartitionExec=190359288;OrderedPartialAggregateStream=9064
event	408070	refusal	RepartitionExec[1]	1	466869	1119845	2039505666	265	122	1849137314	1125835	RepartitionExec[Merge]=1849137314;RepartitionExec=190359288;OrderedPartialAggregateStream=9064
event	408094	refusal	RepartitionExec[16]	1	918986	670620	2039511958	265	122	1849143606	1125811	RepartitionExec[Merge]=1849143606;RepartitionExec=190359288;OrderedPartialAggregateStream=9064
event	408159	refusal	RepartitionExec[61]	1	738735	2592110	2039540402	265	122	1849172050	1125704	RepartitionExec[Merge]=1849172050;RepartitionExec=190359288;OrderedPartialAggregateStream=9064
event	408170	refusal	RepartitionExec[108]	1	457879	2279122	2040124173	265	122	1849172050	1125704	RepartitionExec[Merge]=1849172050;RepartitionExec=190943059;OrderedPartialAggregateStream=9064
event	408189	refusal	RepartitionExec[35]	1	583771	951789	2040124173	265	122	1849172050	1125704	RepartitionExec[Merge]=1849172050;RepartitionExec=190943059;OrderedPartialAggregateStream=9064
event	408233	refusal	RepartitionExec[114]	1	581861	1585271	2040124173	265	122	1849172050	1125704	RepartitionExec[Merge]=1849172050;RepartitionExec=190943059;OrderedPartialAggregateStream=9064
event	408250	refusal	RepartitionExec[110]	1	501818	2521367	2040124173	265	122	1849172050	1125704	RepartitionExec[Merge]=1849172050;RepartitionExec=190943059;OrderedPartialAggregateStream=9064
event	408286	refusal	RepartitionExec[74]	1	708508	2279122	2040124173	265	122	1849172050	1125704	RepartitionExec[Merge]=1849172050;RepartitionExec=190943059;OrderedPartialAggregateStream=9064
event	408334	refusal	RepartitionExec[83]	1	1036304	2405327	2040124173	265	122	1849172050	1125704	RepartitionExec[Merge]=1849172050;RepartitionExec=190943059;OrderedPartialAggregateStream=9064
event	408359	refusal	RepartitionExec[68]	1	1036304	2405327	2040124173	265	122	1849172050	1125704	RepartitionExec[Merge]=1849172050;RepartitionExec=190943059;OrderedPartialAggregateStream=9064
event	408389	refusal	RepartitionExec[62]	1	449225	1585271	2040124173	265	122	1849172050	1125704	RepartitionExec[Merge]=1849172050;RepartitionExec=190943059;OrderedPartialAggregateStream=9064
event	408415	refusal	RepartitionExec[2]	1	466869	1119845	2040124173	265	122	1849172050	1125704	RepartitionExec[Merge]=1849172050;RepartitionExec=190943059;OrderedPartialAggregateStream=9064
event	408460	refusal	RepartitionExec[84]	1	1036304	2405327	2040124173	265	122	1849172050	1125704	RepartitionExec[Merge]=1849172050;RepartitionExec=190943059;OrderedPartialAggregateStream=9064
event	408520	refusal	RepartitionExec[62]	1	738735	1585271	2040124173	265	122	1849172050	1125704	RepartitionExec[Merge]=1849172050;RepartitionExec=190943059;OrderedPartialAggregateStream=9064
event	408521	refusal	RepartitionExec[109]	1	457879	2464023	2040124173	265	122	1849172050	1125704	RepartitionExec[Merge]=1849172050;RepartitionExec=190943059;OrderedPartialAggregateStream=9064
event	408575	refusal	RepartitionExec[36]	1	583771	951789	2040124173	265	122	1849172050	1125704	RepartitionExec[Merge]=1849172050;RepartitionExec=190943059;OrderedPartialAggregateStream=9064
event	408611	refusal	RepartitionExec[115]	1	581861	1903886	2040128989	265	122	1849176866	1125685	RepartitionExec[Merge]=1849176866;RepartitionExec=190943059;OrderedPartialAggregateStream=9064
event	408619	refusal	RepartitionExec[111]	1	501818	2279122	2040128989	265	122	1849176866	1125685	RepartitionExec[Merge]=1849176866;RepartitionExec=190943059;OrderedPartialAggregateStream=9064
event	408648	refusal	RepartitionExec[75]	1	708508	2521367	2040128989	265	122	1849176866	1125685	RepartitionExec[Merge]=1849176866;RepartitionExec=190943059;OrderedPartialAggregateStream=9064
event	408704	refusal	RepartitionExec[37]	1	583771	1108345	2040128989	265	122	1849176866	1125685	RepartitionExec[Merge]=1849176866;RepartitionExec=190943059;OrderedPartialAggregateStream=9064
event	408704	refusal	OrderedPartialAggregateStream[85]	1	2196988	0	2040128989	265	122	1849176866	1125685	RepartitionExec[Merge]=1849176866;RepartitionExec=190943059;OrderedPartialAggregateStream=9064
event	408711	refusal	RepartitionExec[69]	1	1036304	2395162	2040128989	265	122	1849176866	1125685	RepartitionExec[Merge]=1849176866;RepartitionExec=190943059;OrderedPartialAggregateStream=9064
event	408749	refusal	RepartitionExec[63]	1	449225	1585271	2040128989	265	122	1849176866	1125685	RepartitionExec[Merge]=1849176866;RepartitionExec=190943059;OrderedPartialAggregateStream=9064
event	408771	refusal	RepartitionExec[3]	1	466869	786574	2040128989	265	122	1849176866	1125685	RepartitionExec[Merge]=1849176866;RepartitionExec=190943059;OrderedPartialAggregateStream=9064
event	408839	refusal	RepartitionExec[85]	1	1036304	2279122	2040134313	265	122	1849182190	1125665	RepartitionExec[Merge]=1849182190;RepartitionExec=190943059;OrderedPartialAggregateStream=9064
event	408889	refusal	RepartitionExec[63]	1	738735	1585271	2040134313	265	122	1849182190	1125665	RepartitionExec[Merge]=1849182190;RepartitionExec=190943059;OrderedPartialAggregateStream=9064
event	408948	refusal	RepartitionExec[110]	1	457879	2521367	2040134313	265	122	1849182190	1125665	RepartitionExec[Merge]=1849182190;RepartitionExec=190943059;OrderedPartialAggregateStream=9064
event	408983	refusal	RepartitionExec[17]	1	918986	670620	2040135137	265	122	1849182190	1125665	RepartitionExec[Merge]=1849182190;RepartitionExec=190943059;OrderedPartialAggregateStream=9888
event	409046	refusal	OrderedPartialAggregateStream[87]	1	2152834	0	2040135137	265	122	1849182190	1125665	RepartitionExec[Merge]=1849182190;RepartitionExec=190943059;OrderedPartialAggregateStream=9888
event	409049	refusal	RepartitionExec[112]	1	501818	2279122	2040135137	265	122	1849182190	1125665	RepartitionExec[Merge]=1849182190;RepartitionExec=190943059;OrderedPartialAggregateStream=9888
event	409067	refusal	RepartitionExec[116]	1	581861	1585271	2040135137	265	122	1849182190	1125665	RepartitionExec[Merge]=1849182190;RepartitionExec=190943059;OrderedPartialAggregateStream=9888
event	409100	refusal	RepartitionExec[76]	1	708508	2405327	2040135137	265	122	1849182190	1125665	RepartitionExec[Merge]=1849182190;RepartitionExec=190943059;OrderedPartialAggregateStream=9888
event	409173	refusal	RepartitionExec[38]	1	583771	1108345	2040135961	265	122	1849182190	1125665	RepartitionExec[Merge]=1849182190;RepartitionExec=190943059;OrderedPartialAggregateStream=10712
event	409241	refusal	RepartitionExec[117]	1	581861	1701311	2040135961	265	122	1849182190	1125665	RepartitionExec[Merge]=1849182190;RepartitionExec=190943059;OrderedPartialAggregateStream=10712
event	409263	refusal	RepartitionExec[0]	1	835715	1119845	2040135961	265	122	1849182190	1125665	RepartitionExec[Merge]=1849182190;RepartitionExec=190943059;OrderedPartialAggregateStream=10712
event	409270	refusal	RepartitionExec[64]	1	449225	2337818	2040135961	265	122	1849182190	1125665	RepartitionExec[Merge]=1849182190;RepartitionExec=190943059;OrderedPartialAggregateStream=10712
event	409304	refusal	RepartitionExec[4]	1	466869	1253236	2040135961	265	122	1849182190	1125665	RepartitionExec[Merge]=1849182190;RepartitionExec=190943059;OrderedPartialAggregateStream=10712
event	409346	refusal	RepartitionExec[86]	1	1036304	2279122	2040155813	265	122	1849202042	1125590	RepartitionExec[Merge]=1849202042;RepartitionExec=190943059;OrderedPartialAggregateStream=10712
event	409398	refusal	RepartitionExec[64]	1	738735	2337818	2040649246	265	122	1849228606	1125490	RepartitionExec[Merge]=1849228606;RepartitionExec=191409928;OrderedPartialAggregateStream=10712
event	409411	refusal	RepartitionExec[6]	1	466869	1109993	2040654570	265	122	1849233930	1125470	RepartitionExec[Merge]=1849233930;RepartitionExec=191409928;OrderedPartialAggregateStream=10712
event	409423	refusal	RepartitionExec[18]	1	918986	729316	2040662306	265	122	1849241666	1125441	RepartitionExec[Merge]=1849241666;RepartitionExec=191409928;OrderedPartialAggregateStream=10712
event	409468	refusal	RepartitionExec[113]	1	501818	2405327	2040684546	265	122	1849263906	1125357	RepartitionExec[Merge]=1849263906;RepartitionExec=191409928;OrderedPartialAggregateStream=10712
event	409471	refusal	RepartitionExec[77]	1	708508	2337818	2040684546	265	122	1849263906	1125357	RepartitionExec[Merge]=1849263906;RepartitionExec=191409928;OrderedPartialAggregateStream=10712
event	409502	refusal	RepartitionExec[7]	1	466869	1253236	2040697410	265	122	1849276770	1125308	RepartitionExec[Merge]=1849276770;RepartitionExec=191409928;OrderedPartialAggregateStream=10712
event	409521	refusal	RepartitionExec[0]	1	1036304	1119845	2040710970	265	122	1849290330	1125257	RepartitionExec[Merge]=1849290330;RepartitionExec=191409928;OrderedPartialAggregateStream=10712
event	409550	refusal	RepartitionExec[78]	1	708508	2464023	2040722866	265	122	1849302226	1125212	RepartitionExec[Merge]=1849302226;RepartitionExec=191409928;OrderedPartialAggregateStream=10712
event	409573	refusal	RepartitionExec[70]	1	1036304	2279122	2040731570	265	122	1849310930	1125180	RepartitionExec[Merge]=1849310930;RepartitionExec=191409928;OrderedPartialAggregateStream=10712
event	409587	refusal	RepartitionExec[1]	1	835715	1119845	2040740274	265	122	1849319634	1125147	RepartitionExec[Merge]=1849319634;RepartitionExec=191409928;OrderedPartialAggregateStream=10712
event	409630	refusal	RepartitionExec[1]	1	1036304	1119845	2040760582	265	122	1849339118	1125073	RepartitionExec[Merge]=1849339118;RepartitionExec=191409928;OrderedPartialAggregateStream=11536
event	409632	refusal	RepartitionExec[79]	1	708508	2521367	2040760582	265	122	1849339118	1125073	RepartitionExec[Merge]=1849339118;RepartitionExec=191409928;OrderedPartialAggregateStream=11536
event	409677	refusal	RepartitionExec[87]	1	1036304	2279122	2040787786	265	122	1849366322	1124971	RepartitionExec[Merge]=1849366322;RepartitionExec=191409928;OrderedPartialAggregateStream=11536
event	409730	refusal	RepartitionExec[65]	1	738735	2279122	2040810030	265	122	1849387742	1124890	RepartitionExec[Merge]=1849387742;RepartitionExec=191409928;OrderedPartialAggregateStream=12360
event	409739	refusal	RepartitionExec[0]	1	502605	1119845	2040817110	265	122	1849394822	1124863	RepartitionExec[Merge]=1849394822;RepartitionExec=191409928;OrderedPartialAggregateStream=12360
event	409769	refusal	RepartitionExec[19]	1	918986	729380	2040834190	265	122	1849411902	1124799	RepartitionExec[Merge]=1849411902;RepartitionExec=191409928;OrderedPartialAggregateStream=12360
event	409769	refusal	RepartitionExec[39]	1	583771	1091307	2040834190	265	122	1849411902	1124799	RepartitionExec[Merge]=1849411902;RepartitionExec=191409928;OrderedPartialAggregateStream=12360
event	409800	refusal	RepartitionExec[114]	1	501818	1585271	2040847826	265	122	1849425538	1124747	RepartitionExec[Merge]=1849425538;RepartitionExec=191409928;OrderedPartialAggregateStream=12360
event	409826	refusal	RepartitionExec[118]	1	581861	1799363	2040858490	265	122	1849436202	1124707	RepartitionExec[Merge]=1849436202;RepartitionExec=191409928;OrderedPartialAggregateStream=12360
event	409848	refusal	RepartitionExec[8]	1	466869	1123153	2040870746	265	122	1849448458	1124661	RepartitionExec[Merge]=1849448458;RepartitionExec=191409928;OrderedPartialAggregateStream=12360
event	409868	refusal	RepartitionExec[0]	1	485748	1119845	2040874774	265	122	1849452486	1124645	RepartitionExec[Merge]=1849452486;RepartitionExec=191409928;OrderedPartialAggregateStream=12360
event	409895	refusal	RepartitionExec[65]	1	449225	2279122	2040893150	265	122	1849470862	1124576	RepartitionExec[Merge]=1849470862;RepartitionExec=191409928;OrderedPartialAggregateStream=12360
event	409905	refusal	RepartitionExec[111]	1	457879	2279122	2040900410	265	122	1849478122	1124549	RepartitionExec[Merge]=1849478122;RepartitionExec=191409928;OrderedPartialAggregateStream=12360
event	409961	refusal	RepartitionExec[2]	1	835715	1119845	2040927350	265	122	1849495894	1124482	RepartitionExec[Merge]=1849495894;RepartitionExec=191409928;OrderedPartialAggregateStream=12360
event	409974	refusal	RepartitionExec[71]	1	1036304	2405327	2040927350	265	122	1849505062	1124447	RepartitionExec[Merge]=1849505062;RepartitionExec=191409928;OrderedPartialAggregateStream=12360
event	409986	refusal	RepartitionExec[112]	1	457879	2279122	2040937022	265	122	1849514734	1124410	RepartitionExec[Merge]=1849514734;RepartitionExec=191409928;OrderedPartialAggregateStream=12360
event	410012	refusal	RepartitionExec[80]	1	708508	2279122	2040945726	265	122	1849523438	1124378	RepartitionExec[Merge]=1849523438;RepartitionExec=191409928;OrderedPartialAggregateStream=12360
event	410039	refusal	RepartitionExec[88]	1	1036304	2521367	2040959738	265	122	1849537450	1124325	RepartitionExec[Merge]=1849537450;RepartitionExec=191409928;OrderedPartialAggregateStream=12360
event	410072	refusal	RepartitionExec[66]	1	738735	2337818	2040978286	265	122	1849555998	1124255	RepartitionExec[Merge]=1849555998;RepartitionExec=191409928;OrderedPartialAggregateStream=12360
event	410093	refusal	RepartitionExec[1]	1	502605	1119845	2040983742	265	122	1849561454	1124234	RepartitionExec[Merge]=1849561454;RepartitionExec=191409928;OrderedPartialAggregateStream=12360
event	410146	refusal	RepartitionExec[67]	1	738735	2279122	2041009682	265	122	1849587394	1124136	RepartitionExec[Merge]=1849587394;RepartitionExec=191409928;OrderedPartialAggregateStream=12360
event	410164	refusal	RepartitionExec[20]	1	918986	670620	2041015466	265	122	1849593178	1124114	RepartitionExec[Merge]=1849593178;RepartitionExec=191409928;OrderedPartialAggregateStream=12360
event	410173	refusal	RepartitionExec[2]	1	502605	1119845	2041022086	265	122	1849599798	1124090	RepartitionExec[Merge]=1849599798;RepartitionExec=191409928;OrderedPartialAggregateStream=12360
event	410247	refusal	RepartitionExec[119]	1	581861	1643967	2041058010	265	122	1849629578	1123977	RepartitionExec[Merge]=1849629578;RepartitionExec=191409928;OrderedPartialAggregateStream=12360
event	410266	refusal	RepartitionExec[9]	1	466869	1253236	2041058010	265	122	1849635722	1123954	RepartitionExec[Merge]=1849635722;RepartitionExec=191409928;OrderedPartialAggregateStream=12360
event	410275	refusal	RepartitionExec[1]	1	485748	1119845	2041063154	265	122	1849640866	1123935	RepartitionExec[Merge]=1849640866;RepartitionExec=191409928;OrderedPartialAggregateStream=12360
event	410330	refusal	RepartitionExec[66]	1	449225	2337818	2041076158	265	122	1849653870	1123885	RepartitionExec[Merge]=1849653870;RepartitionExec=191409928;OrderedPartialAggregateStream=12360
event	410341	refusal	RepartitionExec[2]	1	1036304	1119845	2041076158	265	122	1849653870	1123885	RepartitionExec[Merge]=1849653870;RepartitionExec=191409928;OrderedPartialAggregateStream=12360
event	410361	refusal	RepartitionExec[10]	1	466869	1253236	2041076158	265	122	1849653870	1123885	RepartitionExec[Merge]=1849653870;RepartitionExec=191409928;OrderedPartialAggregateStream=12360
event	410395	refusal	RepartitionExec[72]	1	1036304	2279122	2041076422	265	122	1850237905	1121682	RepartitionExec[Merge]=1850237905;RepartitionExec=190826157;OrderedPartialAggregateStream=12360
event	410429	refusal	RepartitionExec[113]	1	457879	2405327	2041087242	265	122	1850248725	1121641	RepartitionExec[Merge]=1850248725;RepartitionExec=190826157;OrderedPartialAggregateStream=12360
event	410457	refusal	RepartitionExec[81]	1	708508	2580063	2041087242	265	122	1850248725	1121641	RepartitionExec[Merge]=1850248725;RepartitionExec=190826157;OrderedPartialAggregateStream=12360
event	410462	refusal	RepartitionExec[89]	1	1036304	1557118	2041087242	265	122	1850248725	1121641	RepartitionExec[Merge]=1850248725;RepartitionExec=190826157;OrderedPartialAggregateStream=12360
event	410472	release_after_refusal	RepartitionExec[3]	1	583771	202803	2040514619	265	122	1850259873		RepartitionExec[Merge]=1850259873;RepartitionExec=190242386;OrderedPartialAggregateStream=12360
event	410491	refusal	RepartitionExec[40]	1	583771	975267	2041109878	265	122	1850855132	1119352	RepartitionExec[Merge]=1850855132;RepartitionExec=190242386;OrderedPartialAggregateStream=12360
event	410491	release_after_refusal	RepartitionExec[16]	1	583771	86849	2040526107	265	122	1850855132		RepartitionExec[Merge]=1850855132;RepartitionExec=189658615;OrderedPartialAggregateStream=12360
event	410501	release_after_refusal	RepartitionExec[17]	1	583771	86849	2040526587	265	122	1851439383		RepartitionExec[Merge]=1851439383;RepartitionExec=189074844;OrderedPartialAggregateStream=12360
event	410525	refusal	RepartitionExec[114]	1	457879	1585271	2041111638	265	122	1852024434	1114940	RepartitionExec[Merge]=1852024434;RepartitionExec=189074844;OrderedPartialAggregateStream=12360
event	410534	release_after_refusal	RepartitionExec[18]	1	583771	145545	2040531739	265	122	1852028306		RepartitionExec[Merge]=1852028306;RepartitionExec=188491073;OrderedPartialAggregateStream=12360
event	410553	refusal	RepartitionExec[82]	1	708508	2405327	2041116494	265	122	1852613061	1112719	RepartitionExec[Merge]=1852613061;RepartitionExec=188491073;OrderedPartialAggregateStream=12360
event	410566	refusal	RepartitionExec[41]	1	583771	1096298	2040532723	265	122	1852613061	1112719	RepartitionExec[Merge]=1852613061;RepartitionExec=188491073;OrderedPartialAggregateStream=12360
event	410570	release_after_refusal	RepartitionExec[19]	1	583771	145609	2040532723	265	122	1852613061		RepartitionExec[Merge]=1852613061;RepartitionExec=187907302;OrderedPartialAggregateStream=12360
event	410611	release_after_refusal	RepartitionExec[20]	1	583771	86849	2041044768	265	122	1853206272		RepartitionExec[Merge]=1853206272;RepartitionExec=187826136;OrderedPartialAggregateStream=12360
event	410618	refusal	RepartitionExec[4]	1	502605	1253236	2041628767	265	122	1853790271	1108276	RepartitionExec[Merge]=1853790271;RepartitionExec=187826136;OrderedPartialAggregateStream=12360
event	410668	refusal	RepartitionExec[3]	1	835715	705408	2041628767	265	122	1853790271	1108276	RepartitionExec[Merge]=1853790271;RepartitionExec=187826136;OrderedPartialAggregateStream=12360
event	410694	refusal	RepartitionExec[2]	1	485748	1119845	2041628767	265	122	1853790271	1108276	RepartitionExec[Merge]=1853790271;RepartitionExec=187826136;OrderedPartialAggregateStream=12360
event	410711	release_after_refusal	RepartitionExec[3]	1	502605	202803	2041125926	264	122	1854374630		RepartitionExec[Merge]=1854374630;RepartitionExec=186739760;OrderedPartialAggregateStream=11536
event	410747	refusal	RepartitionExec[67]	1	449225	2279122	2041637355	264	122	1854886059	1108324	RepartitionExec[Merge]=1854886059;RepartitionExec=186739760;OrderedPartialAggregateStream=11536
event	410766	refusal	RepartitionExec[3]	1	1036304	202803	2041648323	264	122	1854897027	1108282	RepartitionExec[Merge]=1854897027;RepartitionExec=186739760;OrderedPartialAggregateStream=11536
event	410794	refusal	RepartitionExec[11]	1	466869	1253236	2041666823	264	122	1854915527	1108212	RepartitionExec[Merge]=1854915527;RepartitionExec=186739760;OrderedPartialAggregateStream=11536
event	410868	refusal	RepartitionExec[73]	1	1036304	1498422	2041718383	264	122	1854967087	1108017	RepartitionExec[Merge]=1854967087;RepartitionExec=186739760;OrderedPartialAggregateStream=11536
event	410923	refusal	RepartitionExec[115]	1	501818	1903886	2041750451	264	122	1854999155	1107895	RepartitionExec[Merge]=1854999155;RepartitionExec=186739760;OrderedPartialAggregateStream=11536
event	410951	refusal	RepartitionExec[68]	1	738735	2405327	2041761887	264	122	1855010591	1107852	RepartitionExec[Merge]=1855010591;RepartitionExec=186739760;OrderedPartialAggregateStream=11536
event	410954	refusal	RepartitionExec[74]	1	1036304	2279122	2041773823	264	122	1855022527	1107807	RepartitionExec[Merge]=1855022527;RepartitionExec=186739760;OrderedPartialAggregateStream=11536
event	411021	refusal	RepartitionExec[21]	1	918986	1170528	2041796079	264	122	1855044783	1107722	RepartitionExec[Merge]=1855044783;RepartitionExec=186739760;OrderedPartialAggregateStream=11536
event	411032	refusal	RepartitionExec[116]	1	501818	1585271	2041796079	264	122	1855044783	1107722	RepartitionExec[Merge]=1855044783;RepartitionExec=186739760;OrderedPartialAggregateStream=11536
event	411064	refusal	RepartitionExec[42]	1	583771	975267	2041814447	264	122	1855063151	1107653	RepartitionExec[Merge]=1855063151;RepartitionExec=186739760;OrderedPartialAggregateStream=11536
event	411088	refusal	RepartitionExec[69]	1	738735	2395162	2041825923	264	122	1855074627	1107609	RepartitionExec[Merge]=1855074627;RepartitionExec=186739760;OrderedPartialAggregateStream=11536
event	411094	refusal	RepartitionExec[5]	1	502605	784360	2041825923	264	122	1855074627	1107609	RepartitionExec[Merge]=1855074627;RepartitionExec=186739760;OrderedPartialAggregateStream=11536
event	411122	refusal	RepartitionExec[117]	1	501818	1701311	2041830739	264	122	1855079443	1107591	RepartitionExec[Merge]=1855079443;RepartitionExec=186739760;OrderedPartialAggregateStream=11536
event	411153	refusal	RepartitionExec[4]	1	485748	1253236	2042328235	264	122	1855091191	1107547	RepartitionExec[Merge]=1855091191;RepartitionExec=187225508;OrderedPartialAggregateStream=11536
event	411173	release_after_refusal	RepartitionExec[21]	1	581861	588667	2041759270	264	122	1855104087		RepartitionExec[Merge]=1855104087;RepartitionExec=186643647;OrderedPartialAggregateStream=11536
event	411202	refusal	RepartitionExec[68]	1	449225	2405327	2042348595	264	122	1856195230	1103365	RepartitionExec[Merge]=1856195230;RepartitionExec=186141829;OrderedPartialAggregateStream=11536
event	411215	refusal	RepartitionExec[4]	1	1036304	1253236	2042354379	264	122	1856201014	1103343	RepartitionExec[Merge]=1856201014;RepartitionExec=186141829;OrderedPartialAggregateStream=11536
event	411240	refusal	RepartitionExec[12]	1	466869	1253236	2042372763	264	122	1856219398	1103273	RepartitionExec[Merge]=1856219398;RepartitionExec=186141829;OrderedPartialAggregateStream=11536
event	411261	refusal	RepartitionExec[90]	1	1036304	1614462	2042378875	264	122	1856225510	1103250	RepartitionExec[Merge]=1856225510;RepartitionExec=186141829;OrderedPartialAggregateStream=11536
event	411289	refusal	RepartitionExec[115]	1	457879	1903886	2042378875	264	122	1856225510	1103250	RepartitionExec[Merge]=1856225510;RepartitionExec=186141829;OrderedPartialAggregateStream=11536
event	411310	refusal	RepartitionExec[75]	1	1036304	2521367	2042378875	264	122	1856225510	1103250	RepartitionExec[Merge]=1856225510;RepartitionExec=186141829;OrderedPartialAggregateStream=11536
event	411349	refusal	RepartitionExec[83]	1	708508	2405327	2042378875	264	122	1856225510	1103250	RepartitionExec[Merge]=1856225510;RepartitionExec=186141829;OrderedPartialAggregateStream=11536
event	411378	refusal	RepartitionExec[24]	1	918986	670620	2044216847	264	122	1856225510	1103250	RepartitionExec[Merge]=1856225510;RepartitionExec=187979801;OrderedPartialAggregateStream=11536
event	411417	refusal	RepartitionExec[4]	1	835715	1253236	2044216847	264	122	1856225510	1103250	RepartitionExec[Merge]=1856225510;RepartitionExec=187979801;OrderedPartialAggregateStream=11536
event	411435	refusal	RepartitionExec[43]	1	583771	975267	2044223599	264	122	1856232262	1103224	RepartitionExec[Merge]=1856232262;RepartitionExec=187979801;OrderedPartialAggregateStream=11536
event	411459	refusal	RepartitionExec[70]	1	738735	2279122	2044234051	264	122	1856242714	1103185	RepartitionExec[Merge]=1856242714;RepartitionExec=187979801;OrderedPartialAggregateStream=11536
event	411479	refusal	RepartitionExec[6]	1	502605	1109993	2044234051	264	122	1856242714	1103185	RepartitionExec[Merge]=1856242714;RepartitionExec=187979801;OrderedPartialAggregateStream=11536
event	411533	refusal	RepartitionExec[118]	1	501818	1799363	2044234051	264	122	1856242714	1103185	RepartitionExec[Merge]=1856242714;RepartitionExec=187979801;OrderedPartialAggregateStream=11536
event	411561	refusal	RepartitionExec[7]	1	502605	1253236	2044234051	264	122	1856242714	1103185	RepartitionExec[Merge]=1856242714;RepartitionExec=187979801;OrderedPartialAggregateStream=11536
event	411562	refusal	RepartitionExec[5]	1	485748	784360	2044234051	264	122	1856242714	1103185	RepartitionExec[Merge]=1856242714;RepartitionExec=187979801;OrderedPartialAggregateStream=11536
event	411627	refusal	RepartitionExec[5]	1	1036304	784360	2044234051	264	122	1856242714	1103185	RepartitionExec[Merge]=1856242714;RepartitionExec=187979801;OrderedPartialAggregateStream=11536
event	411643	refusal	RepartitionExec[13]	1	466869	825584	2044234051	264	122	1856242714	1103185	RepartitionExec[Merge]=1856242714;RepartitionExec=187979801;OrderedPartialAggregateStream=11536
event	411704	refusal	RepartitionExec[91]	1	1036304	1498422	2044234051	264	122	1856242714	1103185	RepartitionExec[Merge]=1856242714;RepartitionExec=187979801;OrderedPartialAggregateStream=11536
event	411751	refusal	RepartitionExec[116]	1	457879	1585271	2044234051	264	122	1856242714	1103185	RepartitionExec[Merge]=1856242714;RepartitionExec=187979801;OrderedPartialAggregateStream=11536
event	411826	refusal	RepartitionExec[6]	1	1036304	1109993	2044234051	264	122	1856242714	1103185	RepartitionExec[Merge]=1856242714;RepartitionExec=187979801;OrderedPartialAggregateStream=11536
event	411863	refusal	RepartitionExec[84]	1	708508	2405327	2044234051	264	122	1856242714	1103185	RepartitionExec[Merge]=1856242714;RepartitionExec=187979801;OrderedPartialAggregateStream=11536
event	411867	refusal	RepartitionExec[25]	1	918986	670620	2044234051	264	122	1856242714	1103185	RepartitionExec[Merge]=1856242714;RepartitionExec=187979801;OrderedPartialAggregateStream=11536
event	411899	refusal	RepartitionExec[5]	1	835715	784360	2044234051	264	122	1856242714	1103185	RepartitionExec[Merge]=1856242714;RepartitionExec=187979801;OrderedPartialAggregateStream=11536
event	411909	refusal	RepartitionExec[44]	1	583771	1091307	2044239687	264	122	1856248350	1103164	RepartitionExec[Merge]=1856248350;RepartitionExec=187979801;OrderedPartialAggregateStream=11536
event	411938	refusal	RepartitionExec[71]	1	738735	2405327	2044249647	264	122	1856258310	1103126	RepartitionExec[Merge]=1856258310;RepartitionExec=187979801;OrderedPartialAggregateStream=11536
event	411975	refusal	RepartitionExec[69]	1	449225	2395162	2044258819	264	122	1856267482	1103091	RepartitionExec[Merge]=1856267482;RepartitionExec=187979801;OrderedPartialAggregateStream=11536
event	411991	refusal	RepartitionExec[119]	1	501818	1643967	2044266867	264	122	1856275530	1103061	RepartitionExec[Merge]=1856275530;RepartitionExec=187979801;OrderedPartialAggregateStream=11536
event	412015	refusal	RepartitionExec[8]	1	502605	1123153	2044272191	264	122	1856280854	1103040	RepartitionExec[Merge]=1856280854;RepartitionExec=187979801;OrderedPartialAggregateStream=11536
event	412040	refusal	RepartitionExec[6]	1	485748	1109993	2044282971	264	122	1856291634	1103000	RepartitionExec[Merge]=1856291634;RepartitionExec=187979801;OrderedPartialAggregateStream=11536
event	412056	refusal	RepartitionExec[70]	1	449225	2279122	2044294735	264	122	1856303398	1102955	RepartitionExec[Merge]=1856303398;RepartitionExec=187979801;OrderedPartialAggregateStream=11536
event	412084	refusal	RepartitionExec[14]	1	466869	1119845	2044305367	264	122	1856314030	1102915	RepartitionExec[Merge]=1856314030;RepartitionExec=187979801;OrderedPartialAggregateStream=11536
event	412113	refusal	RepartitionExec[92]	1	1036304	1643967	2044316475	264	122	1856325138	1102873	RepartitionExec[Merge]=1856325138;RepartitionExec=187979801;OrderedPartialAggregateStream=11536
event	412137	refusal	RepartitionExec[117]	1	457879	1701311	2044323227	264	122	1856331890	1102847	RepartitionExec[Merge]=1856331890;RepartitionExec=187979801;OrderedPartialAggregateStream=11536
event	412165	refusal	RepartitionExec[7]	1	1036304	1253236	2044323227	264	122	1856331890	1102847	RepartitionExec[Merge]=1856331890;RepartitionExec=187979801;OrderedPartialAggregateStream=11536
event	412222	refusal	RepartitionExec[85]	1	708508	2279122	2044323227	264	122	1856331890	1102847	RepartitionExec[Merge]=1856331890;RepartitionExec=187979801;OrderedPartialAggregateStream=11536
event	412246	refusal	RepartitionExec[26]	1	918986	670620	2044334319	264	122	1856342982	1102805	RepartitionExec[Merge]=1856342982;RepartitionExec=187979801;OrderedPartialAggregateStream=11536
event	412253	refusal	RepartitionExec[6]	1	835715	1109993	2044340611	264	122	1856349274	1102781	RepartitionExec[Merge]=1856349274;RepartitionExec=187979801;OrderedPartialAggregateStream=11536
event	412296	refusal	RepartitionExec[45]	1	583771	584738	2044354115	264	122	1856362778	1102730	RepartitionExec[Merge]=1856362778;RepartitionExec=187979801;OrderedPartialAggregateStream=11536
event	412307	refusal	RepartitionExec[72]	1	738735	2279122	2044357963	264	122	1856366626	1102715	RepartitionExec[Merge]=1856366626;RepartitionExec=187979801;OrderedPartialAggregateStream=11536
event	412348	refusal	RepartitionExec[76]	1	1036304	2405327	2044371663	264	122	1856380326	1102664	RepartitionExec[Merge]=1856380326;RepartitionExec=187979801;OrderedPartialAggregateStream=11536
event	412393	refusal	RepartitionExec[9]	1	502605	1253236	2044391267	263	122	1856400754	1106779	RepartitionExec[Merge]=1856400754;RepartitionExec=187979801;OrderedPartialAggregateStream=10712
event	412432	refusal	RepartitionExec[7]	1	485748	1253236	2044396591	263	122	1856406078	1106758	RepartitionExec[Merge]=1856406078;RepartitionExec=187979801;OrderedPartialAggregateStream=10712
event	412449	refusal	RepartitionExec[71]	1	449225	2405327	2044409159	263	122	1856418646	1106711	RepartitionExec[Merge]=1856418646;RepartitionExec=187979801;OrderedPartialAggregateStream=10712
event	412465	refusal	RepartitionExec[10]	1	502605	1253236	2044414483	263	122	1856423970	1106690	RepartitionExec[Merge]=1856423970;RepartitionExec=187979801;OrderedPartialAggregateStream=10712
event	412512	refusal	RepartitionExec[93]	1	1036304	2395162	2044437979	263	122	1856447466	1106601	RepartitionExec[Merge]=1856447466;RepartitionExec=187979801;OrderedPartialAggregateStream=10712
event	412532	refusal	RepartitionExec[72]	1	449225	2279122	2044452959	263	122	1856462446	1106544	RepartitionExec[Merge]=1856462446;RepartitionExec=187979801;OrderedPartialAggregateStream=10712
event	412563	refusal	RepartitionExec[8]	1	1036304	1123153	2044476659	263	122	1856486146	1106454	RepartitionExec[Merge]=1856486146;RepartitionExec=187979801;OrderedPartialAggregateStream=10712
event	412593	refusal	RepartitionExec[86]	1	708508	2279122	2044487947	263	122	1856497434	1106411	RepartitionExec[Merge]=1856497434;RepartitionExec=187979801;OrderedPartialAggregateStream=10712
event	412619	refusal	RepartitionExec[27]	1	918986	786660	2044510171	263	122	1856519658	1106326	RepartitionExec[Merge]=1856519658;RepartitionExec=187979801;OrderedPartialAggregateStream=10712
event	412652	refusal	RepartitionExec[7]	1	835715	1253236	2044530327	263	122	1856539814	1106250	RepartitionExec[Merge]=1856539814;RepartitionExec=187979801;OrderedPartialAggregateStream=10712
event	412691	refusal	RepartitionExec[87]	1	708508	2279122	2044542075	263	122	1856551562	1106205	RepartitionExec[Merge]=1856551562;RepartitionExec=187979801;OrderedPartialAggregateStream=10712
event	412695	refusal	RepartitionExec[73]	1	738735	1498422	2044542075	263	122	1856551562	1106205	RepartitionExec[Merge]=1856551562;RepartitionExec=187979801;OrderedPartialAggregateStream=10712
event	412730	refusal	RepartitionExec[77]	1	1036304	2337818	2044569155	263	122	1856578642	1106102	RepartitionExec[Merge]=1856578642;RepartitionExec=187979801;OrderedPartialAggregateStream=10712
event	412773	refusal	RepartitionExec[15]	1	466869	825584	2044595391	263	122	1856604878	1106002	RepartitionExec[Merge]=1856604878;RepartitionExec=187979801;OrderedPartialAggregateStream=10712
event	412815	refusal	RepartitionExec[8]	1	485748	1123153	2044626203	263	122	1856635690	1105885	RepartitionExec[Merge]=1856635690;RepartitionExec=187979801;OrderedPartialAggregateStream=10712
event	412817	refusal	RepartitionExec[118]	1	457879	1799363	2044626203	263	122	1856635690	1105885	RepartitionExec[Merge]=1856635690;RepartitionExec=187979801;OrderedPartialAggregateStream=10712
event	412831	refusal	RepartitionExec[11]	1	502605	1253236	2044632823	263	122	1856642310	1105860	RepartitionExec[Merge]=1856642310;RepartitionExec=187979801;OrderedPartialAggregateStream=10712
event	412864	refusal	RepartitionExec[94]	1	1036304	2521367	2044659607	263	122	1856669094	1105758	RepartitionExec[Merge]=1856669094;RepartitionExec=187979801;OrderedPartialAggregateStream=10712
event	412884	refusal	RepartitionExec[73]	1	449225	1498422	2044669747	263	122	1856679234	1105720	RepartitionExec[Merge]=1856679234;RepartitionExec=187979801;OrderedPartialAggregateStream=10712
event	412916	refusal	RepartitionExec[9]	1	1036304	1253236	2044686639	263	122	1856696126	1105655	RepartitionExec[Merge]=1856696126;RepartitionExec=187979801;OrderedPartialAggregateStream=10712
event	412958	refusal	RepartitionExec[46]	1	583771	526042	2044702111	263	122	1856711598	1105597	RepartitionExec[Merge]=1856711598;RepartitionExec=187979801;OrderedPartialAggregateStream=10712
event	412976	refusal	RepartitionExec[74]	1	449225	2279122	2044702111	263	122	1856711598	1105597	RepartitionExec[Merge]=1856711598;RepartitionExec=187979801;OrderedPartialAggregateStream=10712
event	413008	refusal	RepartitionExec[8]	1	835715	1123153	2044707255	263	122	1856716742	1105577	RepartitionExec[Merge]=1856716742;RepartitionExec=187979801;OrderedPartialAggregateStream=10712
event	413077	refusal	RepartitionExec[88]	1	708508	2521367	2044715171	263	122	1856724658	1105547	RepartitionExec[Merge]=1856724658;RepartitionExec=187979801;OrderedPartialAggregateStream=10712
event	413093	refusal	RepartitionExec[74]	1	738735	2279122	2044715171	263	122	1856724658	1105547	RepartitionExec[Merge]=1856724658;RepartitionExec=187979801;OrderedPartialAggregateStream=10712
event	413139	release_after_refusal	RepartitionExec[24]	1	583771	86849	2044137408	263	122	1857314437		RepartitionExec[Merge]=1857314437;RepartitionExec=186812259;OrderedPartialAggregateStream=10712
event	413161	refusal	RepartitionExec[78]	1	1036304	2464023	2045188204	263	122	1857898364	1101084	RepartitionExec[Merge]=1857898364;RepartitionExec=187279128;OrderedPartialAggregateStream=10712
event	413183	release_after_refusal	RepartitionExec[25]	1	583771	86849	2046943446	263	122	1857903032		RepartitionExec[Merge]=1857903032;RepartitionExec=189029702;OrderedPartialAggregateStream=10712
event	413195	refusal	RepartitionExec[22]	1	466869	1005835	2046944930	263	122	1857903032	1101066	RepartitionExec[Merge]=1857903032;RepartitionExec=189029702;OrderedPartialAggregateStream=10712
event	413203	release_after_refusal	RepartitionExec[26]	1	583771	86849	2046943890	263	122	1858487247		RepartitionExec[Merge]=1858487247;RepartitionExec=188445931;OrderedPartialAggregateStream=10712
event	413206	refusal	RepartitionExec[9]	1	485748	1253236	2046943890	263	122	1858487247	1098845	RepartitionExec[Merge]=1858487247;RepartitionExec=188445931;OrderedPartialAggregateStream=10712
event	413230	release_after_refusal	RepartitionExec[27]	1	583771	202889	2046944190	263	122	1859071318		RepartitionExec[Merge]=1859071318;RepartitionExec=187862160;OrderedPartialAggregateStream=10712
event	413232	refusal	RepartitionExec[119]	1	457879	1643967	2046944190	263	122	1859071318	1096624	RepartitionExec[Merge]=1859071318;RepartitionExec=187862160;OrderedPartialAggregateStream=10712
event	413236	refusal	RepartitionExec[12]	1	502605	1253236	2046944190	263	122	1859071318	1096624	RepartitionExec[Merge]=1859071318;RepartitionExec=187862160;OrderedPartialAggregateStream=10712
event	413287	refusal	RepartitionExec[95]	1	1036304	2464023	2047538481	263	122	1860132478	1092590	RepartitionExec[Merge]=1860132478;RepartitionExec=187395291;OrderedPartialAggregateStream=10712
event	413301	release_after_refusal	RepartitionExec[4]	1	708508	544728	2046829973	263	122	1860132478		RepartitionExec[Merge]=1860132478;RepartitionExec=186686783;OrderedPartialAggregateStream=10712
event	413333	refusal	RepartitionExec[23]	1	466869	1005835	2047539441	263	122	1861299825	1088151	RepartitionExec[Merge]=1861299825;RepartitionExec=186228904;OrderedPartialAggregateStream=10712
event	413373	release_after_refusal	RepartitionExec[5]	1	466869	317491	2047085848	263	122	1861313101		RepartitionExec[Merge]=1861313101;RepartitionExec=185762035;OrderedPartialAggregateStream=10712
event	413391	refusal	RepartitionExec[47]	1	583771	1033963	2047561025	263	122	1861788278	1086294	RepartitionExec[Merge]=1861788278;RepartitionExec=185762035;OrderedPartialAggregateStream=10712
event	413482	refusal	RepartitionExec[29]	1	466869	670620	2049903882	262	122	1861797614	1090404	RepartitionExec[Merge]=1861797614;RepartitionExec=188096380;OrderedPartialAggregateStream=9888
event	413496	refusal	OrderedPartialAggregateStream[80]	1	2203846	0	2049903882	262	122	1861797614	1090404	RepartitionExec[Merge]=1861797614;RepartitionExec=188096380;OrderedPartialAggregateStream=9888
event	413508	refusal	RepartitionExec[9]	1	835715	1253236	2049915178	262	122	1861808910	1090361	RepartitionExec[Merge]=1861808910;RepartitionExec=188096380;OrderedPartialAggregateStream=9888
event	413534	refusal	RepartitionExec[89]	1	708508	1557118	2049921142	262	122	1861814874	1090338	RepartitionExec[Merge]=1861814874;RepartitionExec=188096380;OrderedPartialAggregateStream=9888
event	413560	refusal	RepartitionExec[75]	1	738735	2521367	2049926598	262	122	1861820330	1090318	RepartitionExec[Merge]=1861820330;RepartitionExec=188096380;OrderedPartialAggregateStream=9888
event	413579	refusal	RepartitionExec[79]	1	1036304	2521367	2049937894	262	122	1861831626	1090274	RepartitionExec[Merge]=1861831626;RepartitionExec=188096380;OrderedPartialAggregateStream=9888
event	413618	refusal	RepartitionExec[28]	1	918986	612414	2049949970	262	122	1861843702	1090228	RepartitionExec[Merge]=1861843702;RepartitionExec=188096380;OrderedPartialAggregateStream=9888
event	413646	refusal	RepartitionExec[90]	1	708508	1614462	2049955426	262	122	1861849158	1090207	RepartitionExec[Merge]=1861849158;RepartitionExec=188096380;OrderedPartialAggregateStream=9888
event	413738	refusal	RepartitionExec[10]	1	1036304	1253236	2050040466	262	122	1861934198	1089883	RepartitionExec[Merge]=1861934198;RepartitionExec=188096380;OrderedPartialAggregateStream=9888
event	413760	refusal	RepartitionExec[13]	1	502605	825584	2050059162	262	122	1861952894	1089812	RepartitionExec[Merge]=1861952894;RepartitionExec=188096380;OrderedPartialAggregateStream=9888
event	413783	refusal	RepartitionExec[96]	1	1036304	3007739	2050065454	262	122	1861959186	1089788	RepartitionExec[Merge]=1861959186;RepartitionExec=188096380;OrderedPartialAggregateStream=9888
event	413810	release_after_refusal	RepartitionExec[8]	1	1036304	86849	2049044430	262	122	1861974466		RepartitionExec[Merge]=1861974466;RepartitionExec=187060076;OrderedPartialAggregateStream=9888
event	413817	refusal	RepartitionExec[48]	1	583771	1108345	2049048158	262	122	1861978194	1089715	RepartitionExec[Merge]=1861978194;RepartitionExec=187060076;OrderedPartialAggregateStream=9888
event	413832	refusal	RepartitionExec[11]	1	1036304	1253236	2050091514	262	122	1863021550	1085733	RepartitionExec[Merge]=1863021550;RepartitionExec=187060076;OrderedPartialAggregateStream=9888
event	413859	refusal	RepartitionExec[14]	1	502605	1119845	2050113958	262	122	1863043994	1085647	RepartitionExec[Merge]=1863043994;RepartitionExec=187060076;OrderedPartialAggregateStream=9888
event	413898	refusal	RepartitionExec[10]	1	835715	1253236	2050147510	262	122	1863077546	1085519	RepartitionExec[Merge]=1863077546;RepartitionExec=187060076;OrderedPartialAggregateStream=9888
event	413914	refusal	RepartitionExec[49]	1	583771	1033963	2050169118	262	122	1863099154	1085437	RepartitionExec[Merge]=1863099154;RepartitionExec=187060076;OrderedPartialAggregateStream=9888
event	413949	refusal	RepartitionExec[76]	1	738735	2405327	2050190414	262	122	1863120450	1085355	RepartitionExec[Merge]=1863120450;RepartitionExec=187060076;OrderedPartialAggregateStream=9888
event	414015	refusal	RepartitionExec[29]	1	918986	670620	2050190414	262	122	1863120450	1085355	RepartitionExec[Merge]=1863120450;RepartitionExec=187060076;OrderedPartialAggregateStream=9888
event	414024	refusal	RepartitionExec[80]	1	1036304	2279122	2050190414	262	122	1863120450	1085355	RepartitionExec[Merge]=1863120450;RepartitionExec=187060076;OrderedPartialAggregateStream=9888
event	414049	refusal	RepartitionExec[91]	1	708508	1498422	2050190414	262	122	1863120450	1085355	RepartitionExec[Merge]=1863120450;RepartitionExec=187060076;OrderedPartialAggregateStream=9888
event	414074	refusal	RepartitionExec[30]	1	466869	670620	2050190414	262	122	1863120450	1085355	RepartitionExec[Merge]=1863120450;RepartitionExec=187060076;OrderedPartialAggregateStream=9888
event	414110	release_after_refusal	RepartitionExec[6]	1	449225	660768	2049760729	262	122	1863139990		RepartitionExec[Merge]=1863139990;RepartitionExec=186610851;OrderedPartialAggregateStream=9888
event	414155	refusal	RepartitionExec[75]	1	449225	2521367	2050228674	262	122	1864065814	1081747	RepartitionExec[Merge]=1864065814;RepartitionExec=186152972;OrderedPartialAggregateStream=9888
event	414168	refusal	RepartitionExec[97]	1	1036304	2464023	2050246754	262	122	1864083894	1081678	RepartitionExec[Merge]=1864083894;RepartitionExec=186152972;OrderedPartialAggregateStream=9888
event	414174	refusal	RepartitionExec[31]	1	466869	670620	2050252078	262	122	1864089218	1081658	RepartitionExec[Merge]=1864089218;RepartitionExec=186152972;OrderedPartialAggregateStream=9888
event	414178	release_after_refusal	RepartitionExec[7]	1	708508	544728	2049543570	262	122	1864089218		RepartitionExec[Merge]=1864089218;RepartitionExec=185444464;OrderedPartialAggregateStream=9888
event	414202	refusal	RepartitionExec[12]	1	1036304	1253236	2050269822	262	122	1865273349	1077138	RepartitionExec[Merge]=1865273349;RepartitionExec=184986585;OrderedPartialAggregateStream=9888
event	414218	release_after_refusal	RepartitionExec[33]	1	738735	86849	2049541343	262	122	1865283605		RepartitionExec[Merge]=1865283605;RepartitionExec=184247850;OrderedPartialAggregateStream=9888
event	414222	refusal	RepartitionExec[15]	1	502605	825584	2049548663	262	122	1865290101	1077074	RepartitionExec[Merge]=1865290101;RepartitionExec=184247850;OrderedPartialAggregateStream=10712
event	414227	release_after_refusal	RepartitionExec[10]	1	708508	544728	2049579622	262	122	1866029568		RepartitionExec[Merge]=1866029568;RepartitionExec=183539342;OrderedPartialAggregateStream=10712
event	414268	release_after_refusal	RepartitionExec[11]	1	708508	544728	2049592522	262	122	1867208855		RepartitionExec[Merge]=1867208855;RepartitionExec=182372955;OrderedPartialAggregateStream=10712
event	414278	refusal	RepartitionExec[76]	1	449225	2405327	2050305562	262	122	1867921895	1067029	RepartitionExec[Merge]=1867921895;RepartitionExec=182372955;OrderedPartialAggregateStream=10712
event	414314	release_after_refusal	RepartitionExec[12]	1	708508	544728	2049603030	262	122	1868385750		RepartitionExec[Merge]=1868385750;RepartitionExec=181206568;OrderedPartialAggregateStream=10712
event	414317	refusal	RepartitionExec[50]	1	583771	849062	2049603030	262	122	1868385750	1065259	RepartitionExec[Merge]=1868385750;RepartitionExec=181206568;OrderedPartialAggregateStream=10712
event	414322	refusal	RepartitionExec[77]	1	738735	2337818	2050314222	262	122	1869096942	1062544	RepartitionExec[Merge]=1869096942;RepartitionExec=181206568;OrderedPartialAggregateStream=10712
event	414355	refusal	RepartitionExec[30]	1	918986	670620	2050326634	262	122	1869567233	1060749	RepartitionExec[Merge]=1869567233;RepartitionExec=180748689;OrderedPartialAggregateStream=10712
event	414380	refusal	RepartitionExec[0]	1	505187	1119845	2050343106	262	122	1869583705	1060686	RepartitionExec[Merge]=1869583705;RepartitionExec=180748689;OrderedPartialAggregateStream=10712
event	414381	refusal	RepartitionExec[81]	1	1036304	2580063	2050343106	262	122	1869583705	1060686	RepartitionExec[Merge]=1869583705;RepartitionExec=180748689;OrderedPartialAggregateStream=10712
event	414384	release_after_refusal	RepartitionExec[13]	1	738735	86849	2049604371	262	122	1869583705		RepartitionExec[Merge]=1869583705;RepartitionExec=180009954;OrderedPartialAggregateStream=10712
event	414399	release_after_refusal	RepartitionExec[15]	1	738735	86849	2049611903	262	122	1870329972		RepartitionExec[Merge]=1870329972;RepartitionExec=179271219;OrderedPartialAggregateStream=10712
event	414416	refusal	RepartitionExec[92]	1	708508	1643967	2050356802	262	122	1871074871	1054995	RepartitionExec[Merge]=1871074871;RepartitionExec=179271219;OrderedPartialAggregateStream=10712
event	414430	release_after_refusal	RepartitionExec[32]	1	738735	86849	2049625475	262	122	1871082279		RepartitionExec[Merge]=1871082279;RepartitionExec=178532484;OrderedPartialAggregateStream=10712
event	414493	refusal	RepartitionExec[11]	1	835715	572597	2052333378	262	122	1871845706	1052053	RepartitionExec[Merge]=1871845706;RepartitionExec=180475476;OrderedPartialAggregateStream=10712
event	414506	refusal	RepartitionExec[14]	1	485748	1119845	2052348366	262	122	1871862178	1051990	RepartitionExec[Merge]=1871862178;RepartitionExec=180475476;OrderedPartialAggregateStream=10712
event	414506	refusal	RepartitionExec[93]	1	708508	2395162	2052348366	262	122	1871862178	1051990	RepartitionExec[Merge]=1871862178;RepartitionExec=180475476;OrderedPartialAggregateStream=10712
event	414556	refusal	RepartitionExec[34]	1	466869	796825	2053298708	262	122	1871878782	1051926	RepartitionExec[Merge]=1871878782;RepartitionExec=181409214;OrderedPartialAggregateStream=10712
event	414683	refusal	RepartitionExec[13]	1	1036304	572597	2054292968	262	122	1871901546	1051840	RepartitionExec[Merge]=1871901546;RepartitionExec=182380710;OrderedPartialAggregateStream=10712
event	414932	refusal	RepartitionExec[18]	1	485748	612414	2054786452	262	122	1871909282	1051810	RepartitionExec[Merge]=1871909282;RepartitionExec=182866458;OrderedPartialAggregateStream=10712
event	414973	refusal	RepartitionExec[77]	1	449225	2337818	2054786452	262	122	1871909282	1051810	RepartitionExec[Merge]=1871909282;RepartitionExec=182866458;OrderedPartialAggregateStream=10712
event	415008	refusal	RepartitionExec[78]	1	738735	2464023	2054786452	262	122	1871909282	1051810	RepartitionExec[Merge]=1871909282;RepartitionExec=182866458;OrderedPartialAggregateStream=10712
event	415081	refusal	RepartitionExec[51]	1	583771	849062	2054786452	262	122	1871909282	1051810	RepartitionExec[Merge]=1871909282;RepartitionExec=182866458;OrderedPartialAggregateStream=10712
event	415204	refusal	RepartitionExec[31]	1	918986	670620	2054786452	262	122	1871909282	1051810	RepartitionExec[Merge]=1871909282;RepartitionExec=182866458;OrderedPartialAggregateStream=10712
event	415279	refusal	RepartitionExec[1]	1	505187	1119845	2054807288	262	122	1871930118	1051731	RepartitionExec[Merge]=1871930118;RepartitionExec=182866458;OrderedPartialAggregateStream=10712
event	415286	refusal	RepartitionExec[82]	1	1036304	2405327	2054807288	262	122	1871930118	1051731	RepartitionExec[Merge]=1871930118;RepartitionExec=182866458;OrderedPartialAggregateStream=10712
event	415374	refusal	RepartitionExec[12]	1	835715	572597	2054838736	262	122	1871960586	1051614	RepartitionExec[Merge]=1871960586;RepartitionExec=182866458;OrderedPartialAggregateStream=10712
event	415395	refusal	RepartitionExec[98]	1	1036304	2522719	2054356348	262	122	1871964926	1051598	RepartitionExec[Merge]=1871964926;RepartitionExec=182380710;OrderedPartialAggregateStream=10712
event	415434	refusal	RepartitionExec[94]	1	708508	2521367	2054859016	262	122	1872467594	1049679	RepartitionExec[Merge]=1872467594;RepartitionExec=182380710;OrderedPartialAggregateStream=10712
event	415439	release_after_refusal	RepartitionExec[11]	1	485748	86849	2054373268	262	122	1872467594		RepartitionExec[Merge]=1872467594;RepartitionExec=181894962;OrderedPartialAggregateStream=10712
event	415459	refusal	RepartitionExec[16]	1	502605	572597	2054871872	262	122	1872966198	1047776	RepartitionExec[Merge]=1872966198;RepartitionExec=181894962;OrderedPartialAggregateStream=10712
event	415498	refusal	RepartitionExec[13]	1	835715	572597	2054882512	262	122	1872976838	1047735	RepartitionExec[Merge]=1872976838;RepartitionExec=181894962;OrderedPartialAggregateStream=10712
event	415575	refusal	RepartitionExec[99]	1	1036304	2464023	2054901028	262	122	1872995354	1047665	RepartitionExec[Merge]=1872995354;RepartitionExec=181894962;OrderedPartialAggregateStream=10712
event	415686	refusal	RepartitionExec[19]	1	485748	612478	2054424624	262	122	1872997450	1047657	RepartitionExec[Merge]=1872997450;RepartitionExec=181894962;OrderedPartialAggregateStream=10712
event	415714	refusal	RepartitionExec[79]	1	738735	2521367	2054424624	262	122	1873004698	1047629	RepartitionExec[Merge]=1873004698;RepartitionExec=181894962;OrderedPartialAggregateStream=10712
event	415714	refusal	RepartitionExec[78]	1	449225	2464023	2054424624	262	122	1873004698	1047629	RepartitionExec[Merge]=1873004698;RepartitionExec=181894962;OrderedPartialAggregateStream=10712
event	415714	release_after_refusal	RepartitionExec[13]	1	485748	86849	2054424624	262	122	1873004698		RepartitionExec[Merge]=1873004698;RepartitionExec=181409214;OrderedPartialAggregateStream=10712
event	415731	refusal	RepartitionExec[52]	1	583771	849062	2054424624	262	122	1873004698	1047629	RepartitionExec[Merge]=1873004698;RepartitionExec=181409214;OrderedPartialAggregateStream=10712
event	415838	refusal	RepartitionExec[53]	1	583771	849062	2055436716	262	122	1874483659	1041984	RepartitionExec[Merge]=1874483659;RepartitionExec=181428093;OrderedPartialAggregateStream=10712
event	415838	release_after_refusal	RepartitionExec[12]	1	485748	86849	2055436716	262	122	1874483659		RepartitionExec[Merge]=1874483659;RepartitionExec=180942345;OrderedPartialAggregateStream=10712
event	415844	refusal	RepartitionExec[22]	1	485748	1005835	2055438812	262	122	1874483659	1041984	RepartitionExec[Merge]=1874483659;RepartitionExec=180942345;OrderedPartialAggregateStream=10712
event	415856	refusal	RepartitionExec[32]	1	918986	86849	2055441024	262	122	1874483659	1041984	RepartitionExec[Merge]=1874483659;RepartitionExec=180942345;OrderedPartialAggregateStream=10712
event	415886	refusal	RepartitionExec[35]	1	466869	951789	2055441024	262	122	1874483659	1041984	RepartitionExec[Merge]=1874483659;RepartitionExec=180942345;OrderedPartialAggregateStream=10712
event	415910	refusal	RepartitionExec[14]	1	1036304	1119845	2055441024	262	122	1874483659	1041984	RepartitionExec[Merge]=1874483659;RepartitionExec=180942345;OrderedPartialAggregateStream=10712
event	415939	refusal	RepartitionExec[95]	1	708508	2464023	2055441024	262	122	1874483659	1041984	RepartitionExec[Merge]=1874483659;RepartitionExec=180942345;OrderedPartialAggregateStream=10712
event	415978	refusal	RepartitionExec[14]	1	835715	1119845	2055441024	262	122	1874483659	1041984	RepartitionExec[Merge]=1874483659;RepartitionExec=180942345;OrderedPartialAggregateStream=10712
event	415979	refusal	RepartitionExec[33]	1	918986	553718	2055441024	262	122	1874483659	1041984	RepartitionExec[Merge]=1874483659;RepartitionExec=180942345;OrderedPartialAggregateStream=10712
event	416048	refusal	RepartitionExec[100]	1	1036304	2405327	2056004884	262	122	1875051827	1039816	RepartitionExec[Merge]=1875051827;RepartitionExec=180942345;OrderedPartialAggregateStream=10712
event	416049	refusal	RepartitionExec[2]	1	505187	1119845	2056004884	262	122	1875051827	1039816	RepartitionExec[Merge]=1875051827;RepartitionExec=180942345;OrderedPartialAggregateStream=10712
event	416087	refusal	RepartitionExec[16]	1	835715	572597	2056902027	262	122	1875113255	1039581	RepartitionExec[Merge]=1875113255;RepartitionExec=181778060;OrderedPartialAggregateStream=10712
event	416114	refusal	RepartitionExec[79]	1	449225	2521367	2056936311	262	122	1875147539	1039450	RepartitionExec[Merge]=1875147539;RepartitionExec=181778060;OrderedPartialAggregateStream=10712
event	416174	refusal	RepartitionExec[83]	1	1036304	2405327	2056992111	262	122	1875203339	1039237	RepartitionExec[Merge]=1875203339;RepartitionExec=181778060;OrderedPartialAggregateStream=10712
event	416176	refusal	RepartitionExec[54]	1	583771	849062	2056992111	262	122	1875203339	1039237	RepartitionExec[Merge]=1875203339;RepartitionExec=181778060;OrderedPartialAggregateStream=10712
event	416237	refusal	RepartitionExec[23]	1	485748	1005835	2057047411	262	122	1875258639	1039026	RepartitionExec[Merge]=1875258639;RepartitionExec=181778060;OrderedPartialAggregateStream=10712
event	416237	refusal	RepartitionExec[17]	1	502605	1039466	2057047411	262	122	1875258639	1039026	RepartitionExec[Merge]=1875258639;RepartitionExec=181778060;OrderedPartialAggregateStream=10712
event	416265	refusal	RepartitionExec[36]	1	466869	951789	2057069191	262	122	1875280419	1038943	RepartitionExec[Merge]=1875280419;RepartitionExec=181778060;OrderedPartialAggregateStream=10712
event	416300	refusal	RepartitionExec[15]	1	1036304	922564	2057106575	262	122	1875317803	1038800	RepartitionExec[Merge]=1875317803;RepartitionExec=181778060;OrderedPartialAggregateStream=10712
event	416324	refusal	RepartitionExec[96]	1	708508	3007739	2057124435	262	122	1875335663	1038732	RepartitionExec[Merge]=1875335663;RepartitionExec=181778060;OrderedPartialAggregateStream=10712
event	416348	refusal	RepartitionExec[18]	1	502605	612414	2057138463	262	122	1875349691	1038679	RepartitionExec[Merge]=1875349691;RepartitionExec=181778060;OrderedPartialAggregateStream=10712
event	416410	refusal	RepartitionExec[97]	1	708508	2464023	2057189423	262	122	1875400651	1038484	RepartitionExec[Merge]=1875400651;RepartitionExec=181778060;OrderedPartialAggregateStream=10712
event	416411	refusal	RepartitionExec[80]	1	738735	2279122	2057189423	262	122	1875400651	1038484	RepartitionExec[Merge]=1875400651;RepartitionExec=181778060;OrderedPartialAggregateStream=10712
event	416429	refusal	RepartitionExec[3]	1	505187	688551	2057198727	262	122	1875409955	1038449	RepartitionExec[Merge]=1875409955;RepartitionExec=181778060;OrderedPartialAggregateStream=10712
event	416460	refusal	RepartitionExec[17]	1	835715	1039466	2057214683	262	122	1875425911	1038388	RepartitionExec[Merge]=1875425911;RepartitionExec=181778060;OrderedPartialAggregateStream=10712
event	416528	refusal	RepartitionExec[80]	1	449225	2279122	2057244535	262	122	1875455763	1038274	RepartitionExec[Merge]=1875455763;RepartitionExec=181778060;OrderedPartialAggregateStream=10712
event	416582	refusal	RepartitionExec[18]	1	835715	612414	2057249023	262	122	1875460251	1038257	RepartitionExec[Merge]=1875460251;RepartitionExec=181778060;OrderedPartialAggregateStream=10712
event	416834	refusal	RepartitionExec[34]	1	918986	796825	2057286455	262	122	1875497683	1038114	RepartitionExec[Merge]=1875497683;RepartitionExec=181778060;OrderedPartialAggregateStream=10712
event	416853	refusal	RepartitionExec[16]	1	1036304	572597	2057286455	262	122	1875497683	1038114	RepartitionExec[Merge]=1875497683;RepartitionExec=181778060;OrderedPartialAggregateStream=10712
event	416867	refusal	RepartitionExec[37]	1	466869	1108345	2057302799	262	122	1875511751	1038060	RepartitionExec[Merge]=1875511751;RepartitionExec=181778060;OrderedPartialAggregateStream=10712
event	416876	refusal	RepartitionExec[19]	1	502605	612478	2057315191	262	122	1875526419	1038004	RepartitionExec[Merge]=1875526419;RepartitionExec=181778060;OrderedPartialAggregateStream=10712
event	416923	refusal	RepartitionExec[98]	1	708508	2522719	2057347079	262	122	1875558307	1037882	RepartitionExec[Merge]=1875558307;RepartitionExec=181778060;OrderedPartialAggregateStream=10712
event	416984	refusal	RepartitionExec[35]	1	918986	951789	2057401903	262	122	1875613131	1037673	RepartitionExec[Merge]=1875613131;RepartitionExec=181778060;OrderedPartialAggregateStream=10712
event	417004	refusal	RepartitionExec[84]	1	1036304	2405327	2057447407	262	122	1875658635	1037500	RepartitionExec[Merge]=1875658635;RepartitionExec=181778060;OrderedPartialAggregateStream=10712
event	417027	refusal	RepartitionExec[101]	1	1036304	2405327	2059993634	262	122	1875677659	1037427	RepartitionExec[Merge]=1875677659;RepartitionExec=184303995;OrderedPartialAggregateStream=10712
event	417028	refusal	RepartitionExec[55]	1	583771	849062	2059993634	262	122	1875677659	1037427	RepartitionExec[Merge]=1875677659;RepartitionExec=184303995;OrderedPartialAggregateStream=10712
event	417034	release_after_refusal	RepartitionExec[15]	1	835715	86849	2059171171	262	122	1875692179		RepartitionExec[Merge]=1875692179;RepartitionExec=183468280;OrderedPartialAggregateStream=10712
event	417035	refusal	RepartitionExec[9]	1	505187	1253236	2059171171	262	122	1875692179	1037372	RepartitionExec[Merge]=1875692179;RepartitionExec=183468280;OrderedPartialAggregateStream=10712
event	417057	refusal	RepartitionExec[81]	1	449225	2580063	2060037078	262	122	1876558086	1034067	RepartitionExec[Merge]=1876558086;RepartitionExec=183468280;OrderedPartialAggregateStream=10712
event	417076	refusal	RepartitionExec[24]	1	485748	553718	2060059622	262	122	1876580630	1033980	RepartitionExec[Merge]=1876580630;RepartitionExec=183468280;OrderedPartialAggregateStream=10712
event	417125	refusal	RepartitionExec[19]	1	835715	612478	2060112398	262	122	1876632354	1033783	RepartitionExec[Merge]=1876632354;RepartitionExec=183468280;OrderedPartialAggregateStream=10712
event	417132	refusal	RepartitionExec[56]	1	583771	975267	2060116014	262	122	1876637022	1033765	RepartitionExec[Merge]=1876637022;RepartitionExec=183468280;OrderedPartialAggregateStream=10712
event	417160	refusal	RepartitionExec[17]	1	1036304	1039466	2060157302	262	122	1876671414	1033634	RepartitionExec[Merge]=1876671414;RepartitionExec=183468280;OrderedPartialAggregateStream=10712
event	417167	release_after_refusal	RepartitionExec[53]	1	449225	399837	2059715485	262	122	1876685718		RepartitionExec[Merge]=1876685718;RepartitionExec=183019055;OrderedPartialAggregateStream=10712
event	417168	refusal	RepartitionExec[38]	1	466869	1108345	2059715485	262	122	1876685718	1033579	RepartitionExec[Merge]=1876685718;RepartitionExec=183019055;OrderedPartialAggregateStream=10712
event	417186	release_after_refusal	RepartitionExec[35]	1	738735	213054	2059431947	262	122	1877140915		RepartitionExec[Merge]=1877140915;RepartitionExec=182280320;OrderedPartialAggregateStream=10712
event	417192	refusal	RepartitionExec[20]	1	502605	1039466	2060178274	262	122	1877887242	1028993	RepartitionExec[Merge]=1877887242;RepartitionExec=182280320;OrderedPartialAggregateStream=10712
event	417198	release_after_refusal	RepartitionExec[36]	1	738735	213054	2059439539	262	122	1877887242		RepartitionExec[Merge]=1877887242;RepartitionExec=181541585;OrderedPartialAggregateStream=10712
event	417215	refusal	RepartitionExec[99]	1	708508	2464023	2060191906	262	122	1878639609	1026122	RepartitionExec[Merge]=1878639609;RepartitionExec=181541585;OrderedPartialAggregateStream=10712
event	417221	release_after_refusal	RepartitionExec[52]	1	449225	399837	2059742681	262	122	1878639609		RepartitionExec[Merge]=1878639609;RepartitionExec=181092360;OrderedPartialAggregateStream=10712
event	417255	refusal	RepartitionExec[36]	1	918986	213054	2060207642	262	122	1879104570	1024347	RepartitionExec[Merge]=1879104570;RepartitionExec=181092360;OrderedPartialAggregateStream=10712
event	417283	refusal	RepartitionExec[85]	1	1036304	2279122	2060213934	262	122	1879110862	1024323	RepartitionExec[Merge]=1879110862;RepartitionExec=181092360;OrderedPartialAggregateStream=10712
event	417355	refusal	RepartitionExec[102]	1	1036304	2592110	2061239756	262	122	1879126310	1024264	RepartitionExec[Merge]=1879126310;RepartitionExec=181597547;OrderedPartialAggregateStream=10712
event	417374	refusal	RepartitionExec[81]	1	738735	2580063	2062257142	262	122	1879133322	1024237	RepartitionExec[Merge]=1879133322;RepartitionExec=183113108;OrderedPartialAggregateStream=10712
event	417376	refusal	RepartitionExec[14]	1	505187	1119845	2062261878	262	122	1879133322	1024237	RepartitionExec[Merge]=1879133322;RepartitionExec=183113108;OrderedPartialAggregateStream=10712
event	417394	refusal	RepartitionExec[82]	1	449225	2405327	2062267202	262	122	1879143382	1024199	RepartitionExec[Merge]=1879143382;RepartitionExec=183113108;OrderedPartialAggregateStream=10712
event	417415	refusal	RepartitionExec[25]	1	485748	553718	2062273642	262	122	1879149822	1024174	RepartitionExec[Merge]=1879149822;RepartitionExec=183113108;OrderedPartialAggregateStream=10712
event	417435	release_after_refusal	RepartitionExec[39]	1	449225	642082	2061844581	262	122	1879169986		RepartitionExec[Merge]=1879169986;RepartitionExec=182663883;OrderedPartialAggregateStream=10712
event	417476	refusal	RepartitionExec[57]	1	583771	993471	2061826497	262	122	1879619331	1022382	RepartitionExec[Merge]=1879619331;RepartitionExec=182663883;OrderedPartialAggregateStream=10712
event	417482	release_after_refusal	RepartitionExec[57]	1	467429	526042	2061826497	262	122	1879619331		RepartitionExec[Merge]=1879619331;RepartitionExec=182196454;OrderedPartialAggregateStream=10712
event	417496	refusal	RepartitionExec[20]	1	835715	1039466	2062294406	262	122	1880087240	1020596	RepartitionExec[Merge]=1880087240;RepartitionExec=182196454;OrderedPartialAggregateStream=10712
event	417502	refusal	RepartitionExec[26]	1	485748	553718	2062294406	262	122	1880087240	1020596	RepartitionExec[Merge]=1880087240;RepartitionExec=182196454;OrderedPartialAggregateStream=10712
event	417531	refusal	RepartitionExec[39]	1	466869	642082	2062294406	262	122	1880087240	1020596	RepartitionExec[Merge]=1880087240;RepartitionExec=182196454;OrderedPartialAggregateStream=10712
event	417539	release_after_refusal	RepartitionExec[0]	1	449225	670620	2061845181	262	122	1880087240		RepartitionExec[Merge]=1880087240;RepartitionExec=181747229;OrderedPartialAggregateStream=10712
event	417551	refusal	RepartitionExec[21]	1	502605	1039466	2061710719	262	122	1880536549	1018882	RepartitionExec[Merge]=1880536549;RepartitionExec=181163458;OrderedPartialAggregateStream=10712
event	417580	refusal	RepartitionExec[100]	1	708508	2405327	2062294898	262	122	1881120728	1016652	RepartitionExec[Merge]=1881120728;RepartitionExec=181163458;OrderedPartialAggregateStream=10712
event	417585	release_after_refusal	RepartitionExec[1]	1	449225	670620	2061851965	262	122	1881127020		RepartitionExec[Merge]=1881127020;RepartitionExec=180714233;OrderedPartialAggregateStream=10712
event	417611	release_after_refusal	RepartitionExec[2]	1	583771	536074	2061717875	262	122	1882160472		RepartitionExec[Merge]=1882160472;RepartitionExec=179546691;OrderedPartialAggregateStream=10712
event	417618	refusal	RepartitionExec[37]	1	918986	1108345	2061852757	262	122	1882744579	1010454	RepartitionExec[Merge]=1882744579;RepartitionExec=179097466;OrderedPartialAggregateStream=10712
event	417632	release_after_refusal	RepartitionExec[14]	1	449225	670620	2061852769	262	122	1883193816		RepartitionExec[Merge]=1883193816;RepartitionExec=178648241;OrderedPartialAggregateStream=10712
event	417642	refusal	RepartitionExec[86]	1	1036304	2279122	2062302186	262	122	1883643233	1007024	RepartitionExec[Merge]=1883643233;RepartitionExec=178648241;OrderedPartialAggregateStream=10712
event	417658	refusal	RepartitionExec[103]	1	1036304	2592110	2062302414	262	122	1884227232	1004795	RepartitionExec[Merge]=1884227232;RepartitionExec=178064470;OrderedPartialAggregateStream=10712
event	417684	refusal	RepartitionExec[16]	1	505187	572597	2062807601	262	122	1884227232	1004795	RepartitionExec[Merge]=1884227232;RepartitionExec=178569657;OrderedPartialAggregateStream=10712
event	417705	refusal	RepartitionExec[38]	1	918986	1108345	2062807601	262	122	1884227232	1004795	RepartitionExec[Merge]=1884227232;RepartitionExec=178569657;OrderedPartialAggregateStream=10712
event	417743	refusal	RepartitionExec[87]	1	1036304	2279122	2062807601	262	122	1884227232	1004795	RepartitionExec[Merge]=1884227232;RepartitionExec=178569657;OrderedPartialAggregateStream=10712
event	417794	refusal	RepartitionExec[18]	1	1036304	612414	2062807601	262	122	1884227232	1004795	RepartitionExec[Merge]=1884227232;RepartitionExec=178569657;OrderedPartialAggregateStream=10712
event	417808	refusal	RepartitionExec[58]	1	583771	1498422	2062807601	262	122	1884227232	1004795	RepartitionExec[Merge]=1884227232;RepartitionExec=178569657;OrderedPartialAggregateStream=10712
event	417876	refusal	RepartitionExec[21]	1	835715	1039466	2062807601	262	122	1884227232	1004795	RepartitionExec[Merge]=1884227232;RepartitionExec=178569657;OrderedPartialAggregateStream=10712
event	418342	refusal	RepartitionExec[40]	1	466869	975267	2062810057	262	122	1884227232	1004795	RepartitionExec[Merge]=1884227232;RepartitionExec=178569657;OrderedPartialAggregateStream=10712
event	418344	refusal	RepartitionExec[27]	1	485748	669758	2062810057	262	122	1884227232	1004795	RepartitionExec[Merge]=1884227232;RepartitionExec=178569657;OrderedPartialAggregateStream=10712
event	418371	refusal	RepartitionExec[22]	1	835715	1005835	2062818569	262	122	1884238200	1004753	RepartitionExec[Merge]=1884238200;RepartitionExec=178569657;OrderedPartialAggregateStream=10712
event	418377	refusal	RepartitionExec[101]	1	708508	2405327	2062818569	262	122	1884238200	1004753	RepartitionExec[Merge]=1884238200;RepartitionExec=178569657;OrderedPartialAggregateStream=10712
event	418391	refusal	RepartitionExec[82]	1	738735	2405327	2062818569	262	122	1884238200	1004753	RepartitionExec[Merge]=1884238200;RepartitionExec=178569657;OrderedPartialAggregateStream=10712
event	418444	refusal	RepartitionExec[83]	1	449225	2405327	2062818569	262	122	1884238200	1004753	RepartitionExec[Merge]=1884238200;RepartitionExec=178569657;OrderedPartialAggregateStream=10712
event	418464	refusal	RepartitionExec[104]	1	1036304	2592110	2062818569	262	122	1884238200	1004753	RepartitionExec[Merge]=1884238200;RepartitionExec=178569657;OrderedPartialAggregateStream=10712
event	418471	refusal	RepartitionExec[17]	1	505187	1039466	2062818569	262	122	1884238200	1004753	RepartitionExec[Merge]=1884238200;RepartitionExec=178569657;OrderedPartialAggregateStream=10712
event	418549	refusal	RepartitionExec[39]	1	918986	642082	2062818569	262	122	1884238200	1004753	RepartitionExec[Merge]=1884238200;RepartitionExec=178569657;OrderedPartialAggregateStream=10712
event	418571	refusal	RepartitionExec[84]	1	449225	2405327	2062818569	262	122	1884238200	1004753	RepartitionExec[Merge]=1884238200;RepartitionExec=178569657;OrderedPartialAggregateStream=10712
event	418601	refusal	RepartitionExec[19]	1	1036304	612478	2062818569	262	122	1884238200	1004753	RepartitionExec[Merge]=1884238200;RepartitionExec=178569657;OrderedPartialAggregateStream=10712
event	418623	refusal	RepartitionExec[59]	1	583771	1711476	2062818569	262	122	1884238200	1004753	RepartitionExec[Merge]=1884238200;RepartitionExec=178569657;OrderedPartialAggregateStream=10712
event	418636	refusal	RepartitionExec[22]	1	502605	1005835	2062818569	262	122	1884238200	1004753	RepartitionExec[Merge]=1884238200;RepartitionExec=178569657;OrderedPartialAggregateStream=10712
event	418689	refusal	RepartitionExec[41]	1	466869	1096298	2062818569	262	122	1884238200	1004753	RepartitionExec[Merge]=1884238200;RepartitionExec=178569657;OrderedPartialAggregateStream=10712
event	418756	refusal	RepartitionExec[23]	1	502605	1005835	2062818569	262	122	1884238200	1004753	RepartitionExec[Merge]=1884238200;RepartitionExec=178569657;OrderedPartialAggregateStream=10712
event	418770	refusal	RepartitionExec[20]	1	1036304	1039466	2062818569	262	122	1884238200	1004753	RepartitionExec[Merge]=1884238200;RepartitionExec=178569657;OrderedPartialAggregateStream=10712
event	418802	refusal	RepartitionExec[102]	1	708508	2592110	2062818569	262	122	1884238200	1004753	RepartitionExec[Merge]=1884238200;RepartitionExec=178569657;OrderedPartialAggregateStream=10712
event	418859	refusal	RepartitionExec[83]	1	738735	2405327	2062869889	262	122	1884289520	1004557	RepartitionExec[Merge]=1884289520;RepartitionExec=178569657;OrderedPartialAggregateStream=10712
event	418883	refusal	RepartitionExec[88]	1	1036304	2521367	2062883081	262	122	1884302712	1004507	RepartitionExec[Merge]=1884302712;RepartitionExec=178569657;OrderedPartialAggregateStream=10712
event	418914	refusal	RepartitionExec[105]	1	1036304	1927450	2062904205	262	122	1884323836	1004426	RepartitionExec[Merge]=1884323836;RepartitionExec=178569657;OrderedPartialAggregateStream=10712
event	418922	refusal	RepartitionExec[18]	1	505187	612414	2062904205	262	122	1884323836	1004426	RepartitionExec[Merge]=1884323836;RepartitionExec=178569657;OrderedPartialAggregateStream=10712
event	418987	refusal	RepartitionExec[40]	1	918986	975267	2062914345	262	122	1884333976	1004388	RepartitionExec[Merge]=1884333976;RepartitionExec=178569657;OrderedPartialAggregateStream=10712
event	419033	refusal	RepartitionExec[28]	1	485748	612414	2062939833	262	122	1884359464	1004290	RepartitionExec[Merge]=1884359464;RepartitionExec=178569657;OrderedPartialAggregateStream=10712
event	419033	refusal	RepartitionExec[85]	1	449225	2279122	2062939833	262	122	1884359464	1004290	RepartitionExec[Merge]=1884359464;RepartitionExec=178569657;OrderedPartialAggregateStream=10712
event	419051	refusal	RepartitionExec[60]	1	583771	2592110	2062953245	262	122	1884372876	1004239	RepartitionExec[Merge]=1884372876;RepartitionExec=178569657;OrderedPartialAggregateStream=10712
event	419129	refusal	RepartitionExec[29]	1	485748	670620	2063005961	262	122	1884425592	1004038	RepartitionExec[Merge]=1884425592;RepartitionExec=178569657;OrderedPartialAggregateStream=10712
event	419135	refusal	RepartitionExec[23]	1	835715	1005835	2063013549	262	122	1884433180	1004009	RepartitionExec[Merge]=1884433180;RepartitionExec=178569657;OrderedPartialAggregateStream=10712
event	419165	refusal	RepartitionExec[24]	1	502605	553718	2063032213	262	122	1884451844	1003938	RepartitionExec[Merge]=1884451844;RepartitionExec=178569657;OrderedPartialAggregateStream=10712
event	419179	refusal	RepartitionExec[21]	1	1036304	1039466	2063046881	262	122	1884466512	1003882	RepartitionExec[Merge]=1884466512;RepartitionExec=178569657;OrderedPartialAggregateStream=10712
event	419197	refusal	RepartitionExec[103]	1	708508	2592110	2063051697	262	122	1884471328	1003863	RepartitionExec[Merge]=1884471328;RepartitionExec=178569657;OrderedPartialAggregateStream=10712
event	419216	refusal	RepartitionExec[84]	1	738735	2405327	2063068957	262	122	1884488588	1003797	RepartitionExec[Merge]=1884488588;RepartitionExec=178569657;OrderedPartialAggregateStream=10712
event	419252	refusal	RepartitionExec[89]	1	1036304	1557118	2063093445	262	122	1884513076	1003704	RepartitionExec[Merge]=1884513076;RepartitionExec=178569657;OrderedPartialAggregateStream=10712
event	419296	refusal	RepartitionExec[106]	1	1036304	2650806	2063115849	262	122	1884535480	1003618	RepartitionExec[Merge]=1884535480;RepartitionExec=178569657;OrderedPartialAggregateStream=10712
event	419306	refusal	RepartitionExec[19]	1	505187	612478	2063121633	262	122	1884541264	1003596	RepartitionExec[Merge]=1884541264;RepartitionExec=178569657;OrderedPartialAggregateStream=10712
event	419368	refusal	RepartitionExec[41]	1	918986	1096298	2063152217	262	122	1884571848	1003480	RepartitionExec[Merge]=1884571848;RepartitionExec=178569657;OrderedPartialAggregateStream=10712
event	419408	refusal	RepartitionExec[86]	1	449225	2279122	2063174605	262	122	1884594236	1003394	RepartitionExec[Merge]=1884594236;RepartitionExec=178569657;OrderedPartialAggregateStream=10712
event	419412	refusal	RepartitionExec[42]	1	466869	975267	2063174605	262	122	1884594236	1003394	RepartitionExec[Merge]=1884594236;RepartitionExec=178569657;OrderedPartialAggregateStream=10712
event	419428	refusal	RepartitionExec[61]	1	583771	2592110	2063182457	262	122	1884602088	1003364	RepartitionExec[Merge]=1884602088;RepartitionExec=178569657;OrderedPartialAggregateStream=10712
event	419468	refusal	RepartitionExec[30]	1	485748	670620	2063211529	262	122	1884631160	1003253	RepartitionExec[Merge]=1884631160;RepartitionExec=178569657;OrderedPartialAggregateStream=10712
event	419485	refusal	RepartitionExec[24]	1	835715	553718	2063226049	262	122	1884645680	1003198	RepartitionExec[Merge]=1884645680;RepartitionExec=178569657;OrderedPartialAggregateStream=10712
event	419512	refusal	RepartitionExec[62]	1	583771	1585271	2063238781	262	122	1884658412	1003149	RepartitionExec[Merge]=1884658412;RepartitionExec=178569657;OrderedPartialAggregateStream=10712
event	419524	release_after_refusal	RepartitionExec[44]	1	449225	642082	2062793896	262	122	1884662752		RepartitionExec[Merge]=1884662752;RepartitionExec=178120432;OrderedPartialAggregateStream=10712
event	419536	release_after_refusal	RepartitionExec[40]	1	449225	526042	2062793980	262	122	1885112061		RepartitionExec[Merge]=1885112061;RepartitionExec=177671207;OrderedPartialAggregateStream=10712
event	419555	release_after_refusal	RepartitionExec[42]	1	449225	526042	2062794064	262	122	1885561370		RepartitionExec[Merge]=1885561370;RepartitionExec=177221982;OrderedPartialAggregateStream=10712
event	419643	refusal	RepartitionExec[90]	1	1036304	1614462	2062795152	262	122	1885562458	999699	RepartitionExec[Merge]=1885562458;RepartitionExec=177221982;OrderedPartialAggregateStream=10712
event	419563	refusal	RepartitionExec[104]	1	708508	2592110	2062794064	262	122	1885562458	999699	RepartitionExec[Merge]=1885562458;RepartitionExec=177221982;OrderedPartialAggregateStream=10712
event	419578	refusal	RepartitionExec[22]	1	1036304	1005835	2062794064	262	122	1885562458	999699	RepartitionExec[Merge]=1885562458;RepartitionExec=177221982;OrderedPartialAggregateStream=10712
event	419605	refusal	RepartitionExec[85]	1	738735	2279122	2062794064	262	122	1885562458	999699	RepartitionExec[Merge]=1885562458;RepartitionExec=177221982;OrderedPartialAggregateStream=10712
event	419664	refusal	RepartitionExec[107]	1	1036304	2521367	2063243337	262	122	1885562458	999699	RepartitionExec[Merge]=1885562458;RepartitionExec=177221982;OrderedPartialAggregateStream=10712
event	419686	release_after_refusal	RepartitionExec[43]	1	449225	526042	2062794112	262	122	1886010643		RepartitionExec[Merge]=1886010643;RepartitionExec=176772757;OrderedPartialAggregateStream=10712
event	419691	refusal	RepartitionExec[20]	1	505187	1039466	2062794112	262	122	1886010643	997988	RepartitionExec[Merge]=1886010643;RepartitionExec=176772757;OrderedPartialAggregateStream=10712
event	419768	refusal	RepartitionExec[42]	1	918986	526042	2063264161	262	122	1886480692	996194	RepartitionExec[Merge]=1886480692;RepartitionExec=176772757;OrderedPartialAggregateStream=10712
event	419794	refusal	RepartitionExec[87]	1	449225	2279122	2063750094	262	122	1886490092	996158	RepartitionExec[Merge]=1886490092;RepartitionExec=177239626;OrderedPartialAggregateStream=10712
event	419802	refusal	RepartitionExec[44]	1	466869	642082	2063750094	262	122	1886499756	996121	RepartitionExec[Merge]=1886499756;RepartitionExec=177239626;OrderedPartialAggregateStream=10712
event	419804	refusal	OrderedPartialAggregateStream[86]	1	2156443	0	2063750094	262	122	1886499756	996121	RepartitionExec[Merge]=1886499756;RepartitionExec=177239626;OrderedPartialAggregateStream=10712
event	419814	refusal	RepartitionExec[25]	1	502605	553718	2063289009	262	122	1886505540	996099	RepartitionExec[Merge]=1886505540;RepartitionExec=176772757;OrderedPartialAggregateStream=10712
event	419863	refusal	RepartitionExec[31]	1	485748	670620	2063771570	262	122	1886988101	994257	RepartitionExec[Merge]=1886988101;RepartitionExec=176772757;OrderedPartialAggregateStream=10712
event	419890	refusal	RepartitionExec[26]	1	502605	553718	2063775090	262	122	1886991621	994244	RepartitionExec[Merge]=1886991621;RepartitionExec=176772757;OrderedPartialAggregateStream=10712
event	419953	refusal	RepartitionExec[91]	1	1036304	1498422	2063775090	262	122	1886991621	994244	RepartitionExec[Merge]=1886991621;RepartitionExec=176772757;OrderedPartialAggregateStream=10712
event	419972	refusal	RepartitionExec[105]	1	708508	1927450	2063775090	262	122	1886991621	994244	RepartitionExec[Merge]=1886991621;RepartitionExec=176772757;OrderedPartialAggregateStream=10712
event	419999	release_after_refusal	RepartitionExec[9]	1	708508	544728	2063066582	262	122	1886991621		RepartitionExec[Merge]=1886991621;RepartitionExec=176064249;OrderedPartialAggregateStream=10712
event	420004	refusal	RepartitionExec[23]	1	1036304	1005835	2063066582	262	122	1886991621	994244	RepartitionExec[Merge]=1886991621;RepartitionExec=176064249;OrderedPartialAggregateStream=10712
event	420015	refusal	RepartitionExec[25]	1	835715	553718	2063775894	262	122	1887700933	991537	RepartitionExec[Merge]=1887700933;RepartitionExec=176064249;OrderedPartialAggregateStream=10712
event	420075	refusal	RepartitionExec[86]	1	738735	2279122	2063318015	262	122	1887700933	991537	RepartitionExec[Merge]=1887700933;RepartitionExec=175606370;OrderedPartialAggregateStream=10712
event	420078	refusal	RepartitionExec[106]	1	708508	2650806	2063318015	262	122	1887700933	991537	RepartitionExec[Merge]=1887700933;RepartitionExec=175606370;OrderedPartialAggregateStream=10712
event	420101	refusal	RepartitionExec[21]	1	505187	1039466	2063776158	262	122	1888159076	989788	RepartitionExec[Merge]=1888159076;RepartitionExec=175606370;OrderedPartialAggregateStream=10712
event	420118	release_after_refusal	RepartitionExec[37]	1	708508	399837	2063067650	262	122	1888159076		RepartitionExec[Merge]=1888159076;RepartitionExec=174897862;OrderedPartialAggregateStream=10712
event	420148	release_after_refusal	RepartitionExec[38]	1	708508	399837	2063068742	262	122	1888868676		RepartitionExec[Merge]=1888868676;RepartitionExec=174189354;OrderedPartialAggregateStream=10712
event	420160	refusal	RepartitionExec[43]	1	918986	526042	2063777802	262	122	1889577736	984373	RepartitionExec[Merge]=1889577736;RepartitionExec=174189354;OrderedPartialAggregateStream=10712
event	420167	release_after_refusal	RepartitionExec[41]	1	708508	387790	2063069294	262	122	1889577736		RepartitionExec[Merge]=1889577736;RepartitionExec=173480846;OrderedPartialAggregateStream=10712
event	420172	refusal	RepartitionExec[88]	1	449225	2521367	2063069294	262	122	1889577736	984373	RepartitionExec[Merge]=1889577736;RepartitionExec=173480846;OrderedPartialAggregateStream=10712
event	420186	release_after_refusal	RepartitionExec[47]	1	449225	584738	2063329381	262	122	1890287048		RepartitionExec[Merge]=1890287048;RepartitionExec=173031621;OrderedPartialAggregateStream=10712
event	420197	refusal	RepartitionExec[45]	1	466869	584738	2063778654	262	122	1890736321	979951	RepartitionExec[Merge]=1890736321;RepartitionExec=173031621;OrderedPartialAggregateStream=10712
event	420210	refusal	RepartitionExec[63]	1	583771	1585271	2063778654	262	122	1890736321	979951	RepartitionExec[Merge]=1890736321;RepartitionExec=173031621;OrderedPartialAggregateStream=10712
event	420214	release_after_refusal	RepartitionExec[48]	1	708508	399837	2063070146	262	122	1890736321		RepartitionExec[Merge]=1890736321;RepartitionExec=172323113;OrderedPartialAggregateStream=10712
event	420254	refusal	RepartitionExec[33]	1	485748	553718	2064272502	262	122	1891452929	977216	RepartitionExec[Merge]=1891452929;RepartitionExec=172808861;OrderedPartialAggregateStream=10712
event	420262	refusal	RepartitionExec[89]	1	449225	1557118	2064282502	262	122	1891462929	977178	RepartitionExec[Merge]=1891462929;RepartitionExec=172808861;OrderedPartialAggregateStream=10712
event	420303	refusal	RepartitionExec[46]	1	466869	526042	2064304414	262	122	1891484841	977094	RepartitionExec[Merge]=1891484841;RepartitionExec=172808861;OrderedPartialAggregateStream=10712
event	420327	refusal	RepartitionExec[108]	1	1036304	2279122	2064304414	262	122	1891484841	977094	RepartitionExec[Merge]=1891484841;RepartitionExec=172808861;OrderedPartialAggregateStream=10712
event	420368	refusal	RepartitionExec[24]	1	1036304	553718	2064304414	262	122	1891484841	977094	RepartitionExec[Merge]=1891484841;RepartitionExec=172808861;OrderedPartialAggregateStream=10712
event	420421	refusal	RepartitionExec[26]	1	835715	553718	2064304414	262	122	1891484841	977094	RepartitionExec[Merge]=1891484841;RepartitionExec=172808861;OrderedPartialAggregateStream=10712
event	420424	refusal	RepartitionExec[47]	1	466869	584738	2064304414	262	122	1891484841	977094	RepartitionExec[Merge]=1891484841;RepartitionExec=172808861;OrderedPartialAggregateStream=10712
event	420440	refusal	RepartitionExec[109]	1	1036304	2464023	2064304414	262	122	1891484841	977094	RepartitionExec[Merge]=1891484841;RepartitionExec=172808861;OrderedPartialAggregateStream=10712
event	420458	refusal	RepartitionExec[22]	1	505187	1005835	2064305238	262	122	1891484841	977094	RepartitionExec[Merge]=1891484841;RepartitionExec=172808861;OrderedPartialAggregateStream=11536
event	420533	refusal	RepartitionExec[44]	1	918986	642082	2064326838	262	122	1891506441	977012	RepartitionExec[Merge]=1891506441;RepartitionExec=172808861;OrderedPartialAggregateStream=11536
event	420547	refusal	RepartitionExec[27]	1	502605	669758	2064326838	262	122	1891506441	977012	RepartitionExec[Merge]=1891506441;RepartitionExec=172808861;OrderedPartialAggregateStream=11536
event	420562	refusal	RepartitionExec[23]	1	505187	1005835	2064326838	262	122	1891506441	977012	RepartitionExec[Merge]=1891506441;RepartitionExec=172808861;OrderedPartialAggregateStream=11536
event	420599	refusal	RepartitionExec[64]	1	583771	2337818	2064326838	262	122	1891506441	977012	RepartitionExec[Merge]=1891506441;RepartitionExec=172808861;OrderedPartialAggregateStream=11536
event	420648	refusal	RepartitionExec[34]	1	485748	796825	2064326838	262	122	1891506441	977012	RepartitionExec[Merge]=1891506441;RepartitionExec=172808861;OrderedPartialAggregateStream=11536
event	420738	refusal	RepartitionExec[87]	1	738735	2279122	2065788804	262	122	1891506441	977012	RepartitionExec[Merge]=1891506441;RepartitionExec=174270827;OrderedPartialAggregateStream=11536
event	420742	refusal	RepartitionExec[90]	1	449225	1614462	2065788804	262	122	1891506441	977012	RepartitionExec[Merge]=1891506441;RepartitionExec=174270827;OrderedPartialAggregateStream=11536
event	420748	refusal	RepartitionExec[3]	1	487322	688551	2065788804	262	122	1891506441	977012	RepartitionExec[Merge]=1891506441;RepartitionExec=174270827;OrderedPartialAggregateStream=11536
event	420772	refusal	RepartitionExec[39]	1	485748	642082	2067731796	262	122	1891506441	977012	RepartitionExec[Merge]=1891506441;RepartitionExec=176213819;OrderedPartialAggregateStream=11536
event	420810	refusal	RepartitionExec[25]	1	1036304	553718	2067731796	262	122	1891506441	977012	RepartitionExec[Merge]=1891506441;RepartitionExec=176213819;OrderedPartialAggregateStream=11536
event	420835	refusal	RepartitionExec[27]	1	835715	669758	2067731796	262	122	1891506441	977012	RepartitionExec[Merge]=1891506441;RepartitionExec=176213819;OrderedPartialAggregateStream=11536
event	420894	refusal	RepartitionExec[49]	1	466869	1033963	2067732956	262	122	1891506441	977012	RepartitionExec[Merge]=1891506441;RepartitionExec=176213819;OrderedPartialAggregateStream=11536
event	420907	refusal	RepartitionExec[110]	1	1036304	2521367	2068198785	262	122	1891973430	975229	RepartitionExec[Merge]=1891973430;RepartitionExec=176213819;OrderedPartialAggregateStream=11536
event	420976	refusal	RepartitionExec[92]	1	1036304	1643967	2068240885	262	122	1892014406	975073	RepartitionExec[Merge]=1892014406;RepartitionExec=176213819;OrderedPartialAggregateStream=11536
event	420984	refusal	RepartitionExec[45]	1	918986	584738	2068244757	262	122	1892019402	975054	RepartitionExec[Merge]=1892019402;RepartitionExec=176213819;OrderedPartialAggregateStream=11536
event	421012	refusal	RepartitionExec[28]	1	502605	612414	2068260993	262	122	1892035638	974992	RepartitionExec[Merge]=1892035638;RepartitionExec=176213819;OrderedPartialAggregateStream=11536
event	421025	refusal	RepartitionExec[24]	1	505187	553718	2068266777	262	122	1892041422	974970	RepartitionExec[Merge]=1892041422;RepartitionExec=176213819;OrderedPartialAggregateStream=11536
event	421057	refusal	RepartitionExec[65]	1	583771	2279122	2068296169	262	122	1892070814	974858	RepartitionExec[Merge]=1892070814;RepartitionExec=176213819;OrderedPartialAggregateStream=11536
event	421078	refusal	RepartitionExec[107]	1	708508	2521367	2068305201	262	122	1892079846	974823	RepartitionExec[Merge]=1892079846;RepartitionExec=176213819;OrderedPartialAggregateStream=11536
event	421098	refusal	RepartitionExec[88]	1	738735	2521367	2068326529	262	122	1892101174	974742	RepartitionExec[Merge]=1892101174;RepartitionExec=176213819;OrderedPartialAggregateStream=11536
event	421149	refusal	RepartitionExec[91]	1	449225	1498422	2068361469	262	122	1892136114	974608	RepartitionExec[Merge]=1892136114;RepartitionExec=176213819;OrderedPartialAggregateStream=11536
event	421154	refusal	RepartitionExec[108]	1	708508	2279122	2068364333	262	122	1892138978	974597	RepartitionExec[Merge]=1892138978;RepartitionExec=176213819;OrderedPartialAggregateStream=11536
event	421191	refusal	RepartitionExec[40]	1	485748	526042	2068396001	262	122	1892656394	972623	RepartitionExec[Merge]=1892656394;RepartitionExec=175728071;OrderedPartialAggregateStream=11536
event	421208	refusal	RepartitionExec[26]	1	1036304	553718	2068408865	262	122	1892669258	972574	RepartitionExec[Merge]=1892669258;RepartitionExec=175728071;OrderedPartialAggregateStream=11536
event	421223	refusal	RepartitionExec[92]	1	449225	1643967	2068422933	262	122	1892683326	972520	RepartitionExec[Merge]=1892683326;RepartitionExec=175728071;OrderedPartialAggregateStream=11536
event	421249	refusal	RepartitionExec[50]	1	466869	849062	2068448117	262	122	1893194258	970570	RepartitionExec[Merge]=1893194258;RepartitionExec=175242323;OrderedPartialAggregateStream=11536
event	421274	refusal	RepartitionExec[42]	1	485748	526042	2068948533	262	122	1893208926	970514	RepartitionExec[Merge]=1893208926;RepartitionExec=175728071;OrderedPartialAggregateStream=11536
event	421308	refusal	RepartitionExec[93]	1	1036304	2395162	2068972725	262	122	1893233118	970421	RepartitionExec[Merge]=1893233118;RepartitionExec=175728071;OrderedPartialAggregateStream=11536
event	421334	refusal	RepartitionExec[46]	1	918986	526042	2068996325	262	122	1893742466	968477	RepartitionExec[Merge]=1893742466;RepartitionExec=175242323;OrderedPartialAggregateStream=11536
event	421370	refusal	RepartitionExec[43]	1	485748	526042	2069022289	262	122	1893768430	968378	RepartitionExec[Merge]=1893768430;RepartitionExec=175242323;OrderedPartialAggregateStream=11536
event	421393	refusal	RepartitionExec[25]	1	505187	553718	2069044825	262	122	1893788758	968301	RepartitionExec[Merge]=1893788758;RepartitionExec=175242323;OrderedPartialAggregateStream=11536
event	421413	refusal	RepartitionExec[66]	1	583771	2337818	2069050609	262	122	1893796750	968270	RepartitionExec[Merge]=1893796750;RepartitionExec=175242323;OrderedPartialAggregateStream=11536
event	421430	release_after_refusal	RepartitionExec[50]	1	449225	399837	2068622992	262	122	1893818358		RepartitionExec[Merge]=1893818358;RepartitionExec=174793098;OrderedPartialAggregateStream=11536
event	421430	refusal	RepartitionExec[4]	1	487322	592036	2068622992	262	122	1893818358	968188	RepartitionExec[Merge]=1893818358;RepartitionExec=174793098;OrderedPartialAggregateStream=11536
event	421441	release_after_refusal	RepartitionExec[49]	1	449225	584738	2068623148	262	122	1894267739		RepartitionExec[Merge]=1894267739;RepartitionExec=174343873;OrderedPartialAggregateStream=11536
event	421472	refusal	RepartitionExec[44]	1	485748	642082	2069078757	262	122	1895210670	962873	RepartitionExec[Merge]=1895210670;RepartitionExec=173856551;OrderedPartialAggregateStream=11536
event	421498	refusal	RepartitionExec[28]	1	835715	612414	2069078757	262	122	1895210670	962873	RepartitionExec[Merge]=1895210670;RepartitionExec=173856551;OrderedPartialAggregateStream=11536
event	421522	refusal	RepartitionExec[109]	1	708508	2464023	2069078757	262	122	1895210670	962873	RepartitionExec[Merge]=1895210670;RepartitionExec=173856551;OrderedPartialAggregateStream=11536
event	421573	refusal	RepartitionExec[111]	1	1036304	2279122	2069078757	262	122	1895210670	962873	RepartitionExec[Merge]=1895210670;RepartitionExec=173856551;OrderedPartialAggregateStream=11536
event	421616	refusal	RepartitionExec[27]	1	1036304	669758	2069078757	262	122	1895210670	962873	RepartitionExec[Merge]=1895210670;RepartitionExec=173856551;OrderedPartialAggregateStream=11536
event	421626	refusal	RepartitionExec[93]	1	449225	2395162	2069078757	262	122	1895210670	962873	RepartitionExec[Merge]=1895210670;RepartitionExec=173856551;OrderedPartialAggregateStream=11536
event	421636	refusal	OrderedPartialAggregateStream[116]	1	4225001	0	2069078757	262	122	1895210670	962873	RepartitionExec[Merge]=1895210670;RepartitionExec=173856551;OrderedPartialAggregateStream=11536
event	421670	refusal	RepartitionExec[51]	1	466869	849062	2069082277	262	122	1895214190	962860	RepartitionExec[Merge]=1895214190;RepartitionExec=173856551;OrderedPartialAggregateStream=11536
event	421809	refusal	RepartitionExec[29]	1	502605	670620	2069091449	262	122	1895223362	962825	RepartitionExec[Merge]=1895223362;RepartitionExec=173856551;OrderedPartialAggregateStream=11536
event	421840	refusal	RepartitionExec[94]	1	1036304	2521367	2069091449	262	122	1895223362	962825	RepartitionExec[Merge]=1895223362;RepartitionExec=173856551;OrderedPartialAggregateStream=11536
event	421888	refusal	RepartitionExec[54]	1	466869	849062	2070025187	262	122	1895223362	962825	RepartitionExec[Merge]=1895223362;RepartitionExec=174790289;OrderedPartialAggregateStream=11536
event	422010	refusal	RepartitionExec[89]	1	738735	1557118	2070038107	262	122	1895236282	962776	RepartitionExec[Merge]=1895236282;RepartitionExec=174790289;OrderedPartialAggregateStream=11536
event	422027	refusal	RepartitionExec[26]	1	505187	553718	2070050043	262	122	1895248218	962730	RepartitionExec[Merge]=1895248218;RepartitionExec=174790289;OrderedPartialAggregateStream=11536
event	422052	refusal	RepartitionExec[67]	1	583771	2279122	2070062775	262	122	1895260950	962682	RepartitionExec[Merge]=1895260950;RepartitionExec=174790289;OrderedPartialAggregateStream=11536
event	422072	refusal	RepartitionExec[5]	1	487322	822678	2070074711	262	122	1895272886	962636	RepartitionExec[Merge]=1895272886;RepartitionExec=174790289;OrderedPartialAggregateStream=11536
event	422129	refusal	RepartitionExec[90]	1	738735	1614462	2070100487	262	122	1895298662	962538	RepartitionExec[Merge]=1895298662;RepartitionExec=174790289;OrderedPartialAggregateStream=11536
event	422130	refusal	RepartitionExec[29]	1	835715	670620	2070100487	262	122	1895298662	962538	RepartitionExec[Merge]=1895298662;RepartitionExec=174790289;OrderedPartialAggregateStream=11536
event	422145	refusal	RepartitionExec[6]	1	487322	708076	2070109043	262	122	1895307218	962505	RepartitionExec[Merge]=1895307218;RepartitionExec=174790289;OrderedPartialAggregateStream=11536
event	422178	refusal	RepartitionExec[112]	1	1036304	2279122	2070133523	262	122	1895331698	962412	RepartitionExec[Merge]=1895331698;RepartitionExec=174790289;OrderedPartialAggregateStream=11536
event	422206	refusal	RepartitionExec[28]	1	1036304	612414	2070155467	262	122	1895353642	962328	RepartitionExec[Merge]=1895353642;RepartitionExec=174790289;OrderedPartialAggregateStream=11536
event	422240	refusal	RepartitionExec[7]	1	487322	592036	2070155467	262	122	1895353642	962328	RepartitionExec[Merge]=1895353642;RepartitionExec=174790289;OrderedPartialAggregateStream=11536
event	422281	refusal	RepartitionExec[113]	1	1036304	2405327	2070155467	262	122	1895353642	962328	RepartitionExec[Merge]=1895353642;RepartitionExec=174790289;OrderedPartialAggregateStream=11536
event	422302	refusal	RepartitionExec[30]	1	502605	670620	2070155467	262	122	1895353642	962328	RepartitionExec[Merge]=1895353642;RepartitionExec=174790289;OrderedPartialAggregateStream=11536
event	422355	refusal	RepartitionExec[95]	1	1036304	2464023	2070159955	262	122	1895358130	962311	RepartitionExec[Merge]=1895358130;RepartitionExec=174790289;OrderedPartialAggregateStream=11536
event	422368	refusal	RepartitionExec[55]	1	466869	849062	2070165099	262	122	1895363274	962291	RepartitionExec[Merge]=1895363274;RepartitionExec=174790289;OrderedPartialAggregateStream=11536
event	422413	refusal	RepartitionExec[45]	1	485748	584738	2070191719	262	122	1895389894	962189	RepartitionExec[Merge]=1895389894;RepartitionExec=174790289;OrderedPartialAggregateStream=11536
event	422430	refusal	RepartitionExec[27]	1	505187	669758	2070197831	262	122	1895396006	962166	RepartitionExec[Merge]=1895396006;RepartitionExec=174790289;OrderedPartialAggregateStream=11536
event	422445	refusal	RepartitionExec[68]	1	583771	2405327	2070205239	262	122	1895403414	962138	RepartitionExec[Merge]=1895403414;RepartitionExec=174790289;OrderedPartialAggregateStream=11536
event	422468	refusal	RepartitionExec[110]	1	708508	2521367	2070222959	262	122	1895421134	962070	RepartitionExec[Merge]=1895421134;RepartitionExec=174790289;OrderedPartialAggregateStream=11536
event	422535	refusal	RepartitionExec[30]	1	835715	670620	2070259103	262	122	1895457278	961932	RepartitionExec[Merge]=1895457278;RepartitionExec=174790289;OrderedPartialAggregateStream=11536
event	422536	refusal	RepartitionExec[91]	1	738735	1498422	2070259103	262	122	1895457278	961932	RepartitionExec[Merge]=1895457278;RepartitionExec=174790289;OrderedPartialAggregateStream=11536
event	422569	refusal	RepartitionExec[111]	1	708508	2279122	2070278299	262	122	1895476474	961859	RepartitionExec[Merge]=1895476474;RepartitionExec=174790289;OrderedPartialAggregateStream=11536
event	422574	release_after_refusal	RepartitionExec[7]	1	505187	86849	2069787188	262	122	1895977872		RepartitionExec[Merge]=1895977872;RepartitionExec=173797780;OrderedPartialAggregateStream=11536
event	422602	refusal	RepartitionExec[47]	1	918986	584738	2070292819	262	122	1896483503	958015	RepartitionExec[Merge]=1896483503;RepartitionExec=173797780;OrderedPartialAggregateStream=11536
event	422625	refusal	RepartitionExec[29]	1	1036304	670620	2070292819	262	122	1896483503	958015	RepartitionExec[Merge]=1896483503;RepartitionExec=173797780;OrderedPartialAggregateStream=11536
event	422634	refusal	RepartitionExec[8]	1	487322	592036	2070292819	262	122	1896483503	958015	RepartitionExec[Merge]=1896483503;RepartitionExec=173797780;OrderedPartialAggregateStream=11536
event	422670	refusal	RepartitionExec[114]	1	1036304	1585271	2070292819	262	122	1896483503	958015	RepartitionExec[Merge]=1896483503;RepartitionExec=173797780;OrderedPartialAggregateStream=11536
event	422687	refusal	RepartitionExec[48]	1	918986	399837	2070292819	262	122	1896483503	958015	RepartitionExec[Merge]=1896483503;RepartitionExec=173797780;OrderedPartialAggregateStream=11536
event	422708	refusal	RepartitionExec[30]	1	1036304	670620	2070292819	262	122	1896483503	958015	RepartitionExec[Merge]=1896483503;RepartitionExec=173797780;OrderedPartialAggregateStream=11536
event	422732	refusal	RepartitionExec[56]	1	466869	975267	2070292819	262	122	1896483503	958015	RepartitionExec[Merge]=1896483503;RepartitionExec=173797780;OrderedPartialAggregateStream=11536
event	422770	refusal	RepartitionExec[46]	1	485748	526042	2070292819	262	122	1896483503	958015	RepartitionExec[Merge]=1896483503;RepartitionExec=173797780;OrderedPartialAggregateStream=11536
event	422804	refusal	RepartitionExec[31]	1	1036304	670620	2070292819	262	122	1896483503	958015	RepartitionExec[Merge]=1896483503;RepartitionExec=173797780;OrderedPartialAggregateStream=11536
event	422830	refusal	RepartitionExec[69]	1	583771	2395162	2070292819	262	122	1896483503	958015	RepartitionExec[Merge]=1896483503;RepartitionExec=173797780;OrderedPartialAggregateStream=11536
event	422838	refusal	RepartitionExec[94]	1	449225	2521367	2070292819	262	122	1896483503	958015	RepartitionExec[Merge]=1896483503;RepartitionExec=173797780;OrderedPartialAggregateStream=11536
event	422864	refusal	RepartitionExec[31]	1	835715	670620	2070292819	262	122	1896483503	958015	RepartitionExec[Merge]=1896483503;RepartitionExec=173797780;OrderedPartialAggregateStream=11536
event	422912	refusal	RepartitionExec[32]	1	1036304	572597	2070292819	262	122	1896483503	958015	RepartitionExec[Merge]=1896483503;RepartitionExec=173797780;OrderedPartialAggregateStream=11536
event	422916	refusal	RepartitionExec[112]	1	708508	2279122	2070292819	262	122	1896483503	958015	RepartitionExec[Merge]=1896483503;RepartitionExec=173797780;OrderedPartialAggregateStream=11536
event	422963	refusal	RepartitionExec[31]	1	502605	670620	2070292819	262	122	1896483503	958015	RepartitionExec[Merge]=1896483503;RepartitionExec=173797780;OrderedPartialAggregateStream=11536
event	422981	refusal	RepartitionExec[96]	1	1036304	3007739	2070292819	262	122	1896483503	958015	RepartitionExec[Merge]=1896483503;RepartitionExec=173797780;OrderedPartialAggregateStream=11536
event	423035	refusal	OrderedPartialAggregateStream[116]	1	1037000	0	2070780141	262	122	1896483503	958015	RepartitionExec[Merge]=1896483503;RepartitionExec=174285102;OrderedPartialAggregateStream=11536
event	423046	refusal	RepartitionExec[10]	1	487322	592036	2070780965	262	122	1896483503	958015	RepartitionExec[Merge]=1896483503;RepartitionExec=174285102;OrderedPartialAggregateStream=12360
event	423070	refusal	RepartitionExec[115]	1	1036304	1903886	2070780965	262	122	1896483503	958015	RepartitionExec[Merge]=1896483503;RepartitionExec=174285102;OrderedPartialAggregateStream=12360
event	423101	refusal	RepartitionExec[49]	1	918986	584738	2070780965	262	122	1896483503	958015	RepartitionExec[Merge]=1896483503;RepartitionExec=174285102;OrderedPartialAggregateStream=12360
event	423127	refusal	RepartitionExec[28]	1	505187	612414	2070780965	262	122	1896483503	958015	RepartitionExec[Merge]=1896483503;RepartitionExec=174285102;OrderedPartialAggregateStream=12360
event	423158	refusal	RepartitionExec[57]	1	466869	526042	2070780965	262	122	1896483503	958015	RepartitionExec[Merge]=1896483503;RepartitionExec=174285102;OrderedPartialAggregateStream=12360
event	423179	refusal	RepartitionExec[50]	1	918986	399837	2070780965	262	122	1896483503	958015	RepartitionExec[Merge]=1896483503;RepartitionExec=174285102;OrderedPartialAggregateStream=12360
event	423203	refusal	RepartitionExec[29]	1	505187	670620	2070780965	262	122	1896483503	958015	RepartitionExec[Merge]=1896483503;RepartitionExec=174285102;OrderedPartialAggregateStream=12360
event	423214	refusal	RepartitionExec[0]	1	940338	86849	2070780965	262	122	1896483503	958015	RepartitionExec[Merge]=1896483503;RepartitionExec=174285102;OrderedPartialAggregateStream=12360
event	423255	refusal	RepartitionExec[70]	1	583771	2279122	2070780965	262	122	1896483503	958015	RepartitionExec[Merge]=1896483503;RepartitionExec=174285102;OrderedPartialAggregateStream=12360
event	423264	refusal	RepartitionExec[95]	1	449225	2464023	2070780965	262	122	1896483503	958015	RepartitionExec[Merge]=1896483503;RepartitionExec=174285102;OrderedPartialAggregateStream=12360
event	423294	refusal	RepartitionExec[32]	1	835715	572597	2070780965	262	122	1896483503	958015	RepartitionExec[Merge]=1896483503;RepartitionExec=174285102;OrderedPartialAggregateStream=12360
event	423345	refusal	RepartitionExec[33]	1	1036304	553718	2070780965	262	122	1896483503	958015	RepartitionExec[Merge]=1896483503;RepartitionExec=174285102;OrderedPartialAggregateStream=12360
event	423356	refusal	RepartitionExec[96]	1	449225	3007739	2070780965	262	122	1896483503	958015	RepartitionExec[Merge]=1896483503;RepartitionExec=174285102;OrderedPartialAggregateStream=12360
event	423384	refusal	RepartitionExec[32]	1	502605	572597	2070780965	262	122	1896483503	958015	RepartitionExec[Merge]=1896483503;RepartitionExec=174285102;OrderedPartialAggregateStream=12360
event	423400	refusal	RepartitionExec[97]	1	1036304	2464023	2070780965	262	122	1896483503	958015	RepartitionExec[Merge]=1896483503;RepartitionExec=174285102;OrderedPartialAggregateStream=12360
event	423422	refusal	RepartitionExec[11]	1	487322	592036	2070780965	262	122	1896483503	958015	RepartitionExec[Merge]=1896483503;RepartitionExec=174285102;OrderedPartialAggregateStream=12360
event	423450	refusal	RepartitionExec[116]	1	1036304	1585271	2070780965	262	122	1896483503	958015	RepartitionExec[Merge]=1896483503;RepartitionExec=174285102;OrderedPartialAggregateStream=12360
event	423486	refusal	RepartitionExec[47]	1	485748	584738	2070780965	262	122	1896483503	958015	RepartitionExec[Merge]=1896483503;RepartitionExec=174285102;OrderedPartialAggregateStream=12360
event	423544	refusal	RepartitionExec[92]	1	738735	1643967	2070780965	262	122	1896483503	958015	RepartitionExec[Merge]=1896483503;RepartitionExec=174285102;OrderedPartialAggregateStream=12360
event	423567	refusal	RepartitionExec[49]	1	485748	584738	2071266713	262	122	1896483503	958015	RepartitionExec[Merge]=1896483503;RepartitionExec=174770850;OrderedPartialAggregateStream=12360
event	423590	refusal	RepartitionExec[51]	1	918986	849062	2071266713	262	122	1896483503	958015	RepartitionExec[Merge]=1896483503;RepartitionExec=174770850;OrderedPartialAggregateStream=12360
event	423612	refusal	RepartitionExec[30]	1	505187	670620	2071266713	262	122	1896483503	958015	RepartitionExec[Merge]=1896483503;RepartitionExec=174770850;OrderedPartialAggregateStream=12360
event	423660	refusal	RepartitionExec[1]	1	940338	86849	2071266713	262	122	1896483503	958015	RepartitionExec[Merge]=1896483503;RepartitionExec=174770850;OrderedPartialAggregateStream=12360
event	423696	refusal	RepartitionExec[52]	1	918986	866706	2071266713	262	122	1896483503	958015	RepartitionExec[Merge]=1896483503;RepartitionExec=174770850;OrderedPartialAggregateStream=12360
event	423720	refusal	RepartitionExec[113]	1	708508	2405327	2071266713	262	122	1896483503	958015	RepartitionExec[Merge]=1896483503;RepartitionExec=174770850;OrderedPartialAggregateStream=12360
event	423730	refusal	RepartitionExec[33]	1	835715	553718	2071266713	262	122	1896483503	958015	RepartitionExec[Merge]=1896483503;RepartitionExec=174770850;OrderedPartialAggregateStream=12360
event	423769	refusal	RepartitionExec[34]	1	1036304	796825	2071266713	262	122	1896483503	958015	RepartitionExec[Merge]=1896483503;RepartitionExec=174770850;OrderedPartialAggregateStream=12360
event	423788	refusal	RepartitionExec[97]	1	449225	2464023	2071266713	262	122	1896483503	958015	RepartitionExec[Merge]=1896483503;RepartitionExec=174770850;OrderedPartialAggregateStream=12360
event	423818	refusal	RepartitionExec[33]	1	502605	553718	2071266713	262	122	1896483503	958015	RepartitionExec[Merge]=1896483503;RepartitionExec=174770850;OrderedPartialAggregateStream=12360
event	423838	refusal	RepartitionExec[98]	1	1036304	2522719	2071266713	262	122	1896483503	958015	RepartitionExec[Merge]=1896483503;RepartitionExec=174770850;OrderedPartialAggregateStream=12360
event	423857	refusal	RepartitionExec[12]	1	487322	592036	2071266713	262	122	1896483503	958015	RepartitionExec[Merge]=1896483503;RepartitionExec=174770850;OrderedPartialAggregateStream=12360
event	423884	refusal	RepartitionExec[117]	1	1036304	1701311	2071266713	262	122	1896483503	958015	RepartitionExec[Merge]=1896483503;RepartitionExec=174770850;OrderedPartialAggregateStream=12360
event	423944	refusal	RepartitionExec[93]	1	738735	2395162	2071752461	262	122	1896483503	958015	RepartitionExec[Merge]=1896483503;RepartitionExec=175256598;OrderedPartialAggregateStream=12360
event	423957	refusal	RepartitionExec[51]	1	485748	849062	2071752461	262	122	1896483503	958015	RepartitionExec[Merge]=1896483503;RepartitionExec=175256598;OrderedPartialAggregateStream=12360
event	423960	refusal	RepartitionExec[118]	1	1036304	1799363	2071752461	262	122	1896483503	958015	RepartitionExec[Merge]=1896483503;RepartitionExec=175256598;OrderedPartialAggregateStream=12360
event	423982	refusal	RepartitionExec[71]	1	583771	2405327	2071752461	262	122	1896483503	958015	RepartitionExec[Merge]=1896483503;RepartitionExec=175256598;OrderedPartialAggregateStream=12360
event	424046	refusal	RepartitionExec[31]	1	505187	670620	2071752461	262	122	1896483503	958015	RepartitionExec[Merge]=1896483503;RepartitionExec=175256598;OrderedPartialAggregateStream=12360
event	424057	refusal	RepartitionExec[52]	1	485748	866706	2071752461	262	122	1896483503	958015	RepartitionExec[Merge]=1896483503;RepartitionExec=175256598;OrderedPartialAggregateStream=12360
event	424063	refusal	RepartitionExec[72]	1	583771	2279122	2071752461	262	122	1896483503	958015	RepartitionExec[Merge]=1896483503;RepartitionExec=175256598;OrderedPartialAggregateStream=12360
event	424092	refusal	RepartitionExec[114]	1	708508	1585271	2071752461	262	122	1896483503	958015	RepartitionExec[Merge]=1896483503;RepartitionExec=175256598;OrderedPartialAggregateStream=12360
event	424116	refusal	RepartitionExec[34]	1	835715	796825	2071752461	262	122	1896483503	958015	RepartitionExec[Merge]=1896483503;RepartitionExec=175256598;OrderedPartialAggregateStream=12360
event	424135	refusal	RepartitionExec[53]	1	485748	866706	2071752461	262	122	1896483503	958015	RepartitionExec[Merge]=1896483503;RepartitionExec=175256598;OrderedPartialAggregateStream=12360
event	424172	refusal	RepartitionExec[98]	1	449225	2522719	2071752461	262	122	1896483503	958015	RepartitionExec[Merge]=1896483503;RepartitionExec=175256598;OrderedPartialAggregateStream=12360
event	424184	refusal	RepartitionExec[34]	1	502605	796825	2071752461	262	122	1896483503	958015	RepartitionExec[Merge]=1896483503;RepartitionExec=175256598;OrderedPartialAggregateStream=12360
event	424213	refusal	RepartitionExec[99]	1	1036304	2464023	2071752461	262	122	1896483503	958015	RepartitionExec[Merge]=1896483503;RepartitionExec=175256598;OrderedPartialAggregateStream=12360
event	424228	refusal	RepartitionExec[13]	1	487322	592036	2071752461	262	122	1896483503	958015	RepartitionExec[Merge]=1896483503;RepartitionExec=175256598;OrderedPartialAggregateStream=12360
event	424263	refusal	RepartitionExec[58]	1	466869	1498422	2071752461	262	122	1896483503	958015	RepartitionExec[Merge]=1896483503;RepartitionExec=175256598;OrderedPartialAggregateStream=12360
event	424336	refusal	RepartitionExec[94]	1	738735	2521367	2071752461	262	122	1896483503	958015	RepartitionExec[Merge]=1896483503;RepartitionExec=175256598;OrderedPartialAggregateStream=12360
event	424343	refusal	OrderedPartialAggregateStream[81]	1	2235796	0	2071752461	262	122	1896483503	958015	RepartitionExec[Merge]=1896483503;RepartitionExec=175256598;OrderedPartialAggregateStream=12360
event	424352	refusal	RepartitionExec[119]	1	1036304	1643967	2071752461	262	122	1896483503	958015	RepartitionExec[Merge]=1896483503;RepartitionExec=175256598;OrderedPartialAggregateStream=12360
event	424357	refusal	RepartitionExec[2]	1	940338	574171	2071752461	262	122	1896483503	958015	RepartitionExec[Merge]=1896483503;RepartitionExec=175256598;OrderedPartialAggregateStream=12360
event	424381	refusal	RepartitionExec[53]	1	918986	866706	2071752461	262	122	1896483503	958015	RepartitionExec[Merge]=1896483503;RepartitionExec=175256598;OrderedPartialAggregateStream=12360
event	424404	refusal	RepartitionExec[32]	1	505187	572597	2071752461	262	122	1896483503	958015	RepartitionExec[Merge]=1896483503;RepartitionExec=175256598;OrderedPartialAggregateStream=12360
event	424432	refusal	RepartitionExec[35]	1	1036304	698802	2071752461	262	122	1896483503	958015	RepartitionExec[Merge]=1896483503;RepartitionExec=175256598;OrderedPartialAggregateStream=12360
event	424452	refusal	RepartitionExec[73]	1	583771	1498422	2071752461	262	122	1896483503	958015	RepartitionExec[Merge]=1896483503;RepartitionExec=175256598;OrderedPartialAggregateStream=12360
event	424485	refusal	RepartitionExec[115]	1	708508	1903886	2071752461	262	122	1896483503	958015	RepartitionExec[Merge]=1896483503;RepartitionExec=175256598;OrderedPartialAggregateStream=12360
event	424518	refusal	RepartitionExec[35]	1	835715	698802	2071752461	262	122	1896483503	958015	RepartitionExec[Merge]=1896483503;RepartitionExec=175256598;OrderedPartialAggregateStream=12360
event	424543	refusal	RepartitionExec[54]	1	485748	849062	2071752461	262	122	1896483503	958015	RepartitionExec[Merge]=1896483503;RepartitionExec=175256598;OrderedPartialAggregateStream=12360
event	424562	refusal	RepartitionExec[116]	1	708508	1585271	2071752461	262	122	1896483503	958015	RepartitionExec[Merge]=1896483503;RepartitionExec=175256598;OrderedPartialAggregateStream=12360
event	424599	refusal	RepartitionExec[35]	1	502605	698802	2071752461	262	122	1896483503	958015	RepartitionExec[Merge]=1896483503;RepartitionExec=175256598;OrderedPartialAggregateStream=12360
event	424618	refusal	RepartitionExec[55]	1	485748	849062	2071752461	262	122	1896483503	958015	RepartitionExec[Merge]=1896483503;RepartitionExec=175256598;OrderedPartialAggregateStream=12360
event	424653	refusal	RepartitionExec[15]	1	487322	592036	2072239783	262	122	1896483503	958015	RepartitionExec[Merge]=1896483503;RepartitionExec=175743920;OrderedPartialAggregateStream=12360
event	424668	refusal	RepartitionExec[59]	1	466869	1711476	2072239783	262	122	1896483503	958015	RepartitionExec[Merge]=1896483503;RepartitionExec=175743920;OrderedPartialAggregateStream=12360
event	424746	refusal	RepartitionExec[95]	1	738735	2464023	2072239783	262	122	1896483503	958015	RepartitionExec[Merge]=1896483503;RepartitionExec=175743920;OrderedPartialAggregateStream=12360
event	424750	refusal	RepartitionExec[60]	1	466869	2592110	2072239783	262	122	1896483503	958015	RepartitionExec[Merge]=1896483503;RepartitionExec=175743920;OrderedPartialAggregateStream=12360
event	424782	refusal	RepartitionExec[54]	1	918986	849062	2072239783	262	122	1896483503	958015	RepartitionExec[Merge]=1896483503;RepartitionExec=175743920;OrderedPartialAggregateStream=12360
event	424804	refusal	RepartitionExec[33]	1	505187	553718	2072239783	262	122	1896483503	958015	RepartitionExec[Merge]=1896483503;RepartitionExec=175743920;OrderedPartialAggregateStream=12360
event	424841	refusal	RepartitionExec[36]	1	1036304	698802	2072239783	262	122	1896483503	958015	RepartitionExec[Merge]=1896483503;RepartitionExec=175743920;OrderedPartialAggregateStream=12360
event	424914	refusal	RepartitionExec[99]	1	449225	2464023	2072239783	262	122	1896483503	958015	RepartitionExec[Merge]=1896483503;RepartitionExec=175743920;OrderedPartialAggregateStream=12360
event	424926	refusal	RepartitionExec[74]	1	583771	2279122	2072239783	262	122	1896483503	958015	RepartitionExec[Merge]=1896483503;RepartitionExec=175743920;OrderedPartialAggregateStream=12360
event	424953	refusal	RepartitionExec[36]	1	835715	698802	2072239783	262	122	1896483503	958015	RepartitionExec[Merge]=1896483503;RepartitionExec=175743920;OrderedPartialAggregateStream=12360
event	424966	refusal	RepartitionExec[100]	1	1036304	2405327	2072239783	262	122	1896483503	958015	RepartitionExec[Merge]=1896483503;RepartitionExec=175743920;OrderedPartialAggregateStream=12360
event	425016	refusal	RepartitionExec[117]	1	708508	1701311	2072240607	262	122	1896483503	958015	RepartitionExec[Merge]=1896483503;RepartitionExec=175743920;OrderedPartialAggregateStream=13184
event	425063	refusal	RepartitionExec[56]	1	485748	975267	2072240607	262	122	1896483503	958015	RepartitionExec[Merge]=1896483503;RepartitionExec=175743920;OrderedPartialAggregateStream=13184
event	425064	refusal	RepartitionExec[36]	1	502605	698802	2072240607	262	122	1896483503	958015	RepartitionExec[Merge]=1896483503;RepartitionExec=175743920;OrderedPartialAggregateStream=13184
event	425083	refusal	RepartitionExec[16]	1	487322	572597	2073275257	262	122	1896483503	958015	RepartitionExec[Merge]=1896483503;RepartitionExec=176778570;OrderedPartialAggregateStream=13184
event	425096	refusal	RepartitionExec[2]	1	517325	574171	2073275257	262	122	1896483503	958015	RepartitionExec[Merge]=1896483503;RepartitionExec=176778570;OrderedPartialAggregateStream=13184
event	425114	refusal	RepartitionExec[3]	1	940338	688551	2073275257	262	122	1896483503	958015	RepartitionExec[Merge]=1896483503;RepartitionExec=176778570;OrderedPartialAggregateStream=13184
event	425151	refusal	RepartitionExec[96]	1	738735	3007739	2073275257	262	122	1896483503	958015	RepartitionExec[Merge]=1896483503;RepartitionExec=176778570;OrderedPartialAggregateStream=13184
event	425172	refusal	RepartitionExec[61]	1	466869	2592110	2073275257	262	122	1896483503	958015	RepartitionExec[Merge]=1896483503;RepartitionExec=176778570;OrderedPartialAggregateStream=13184
event	425200	refusal	RepartitionExec[55]	1	918986	849062	2073275257	262	122	1896483503	958015	RepartitionExec[Merge]=1896483503;RepartitionExec=176778570;OrderedPartialAggregateStream=13184
event	425222	refusal	RepartitionExec[34]	1	505187	796825	2073275257	262	122	1896483503	958015	RepartitionExec[Merge]=1896483503;RepartitionExec=176778570;OrderedPartialAggregateStream=13184
event	425252	refusal	RepartitionExec[37]	1	1036304	399837	2073275257	262	122	1896483503	958015	RepartitionExec[Merge]=1896483503;RepartitionExec=176778570;OrderedPartialAggregateStream=13184
event	425307	refusal	RepartitionExec[100]	1	449225	2405327	2073275257	262	122	1896483503	958015	RepartitionExec[Merge]=1896483503;RepartitionExec=176778570;OrderedPartialAggregateStream=13184
event	425353	refusal	RepartitionExec[75]	1	583771	2521367	2073275257	262	122	1896483503	958015	RepartitionExec[Merge]=1896483503;RepartitionExec=176778570;OrderedPartialAggregateStream=13184
event	425369	refusal	RepartitionExec[37]	1	835715	399837	2073275257	262	122	1896483503	958015	RepartitionExec[Merge]=1896483503;RepartitionExec=176778570;OrderedPartialAggregateStream=13184
event	425386	refusal	RepartitionExec[101]	1	1036304	2405327	2073275257	262	122	1896483503	958015	RepartitionExec[Merge]=1896483503;RepartitionExec=176778570;OrderedPartialAggregateStream=13184
event	425418	refusal	RepartitionExec[118]	1	708508	1799363	2073275257	262	122	1896483503	958015	RepartitionExec[Merge]=1896483503;RepartitionExec=176778570;OrderedPartialAggregateStream=13184
event	425446	refusal	RepartitionExec[76]	1	583771	2405327	2073275257	262	122	1896483503	958015	RepartitionExec[Merge]=1896483503;RepartitionExec=176778570;OrderedPartialAggregateStream=13184
event	425465	refusal	RepartitionExec[102]	1	1036304	2592110	2073275257	262	122	1896483503	958015	RepartitionExec[Merge]=1896483503;RepartitionExec=176778570;OrderedPartialAggregateStream=13184
event	425503	refusal	RepartitionExec[17]	1	487322	1039466	2073275257	262	122	1896483503	958015	RepartitionExec[Merge]=1896483503;RepartitionExec=176778570;OrderedPartialAggregateStream=13184
event	425542	refusal	RepartitionExec[77]	1	583771	2337818	2073275257	262	122	1896483503	958015	RepartitionExec[Merge]=1896483503;RepartitionExec=176778570;OrderedPartialAggregateStream=13184
event	425562	refusal	RepartitionExec[4]	1	940338	592036	2073275257	262	122	1896483503	958015	RepartitionExec[Merge]=1896483503;RepartitionExec=176778570;OrderedPartialAggregateStream=13184
event	425578	refusal	RepartitionExec[18]	1	487322	612414	2073275257	262	122	1896483503	958015	RepartitionExec[Merge]=1896483503;RepartitionExec=176778570;OrderedPartialAggregateStream=13184
event	425622	refusal	RepartitionExec[62]	1	466869	1585271	2073275257	262	122	1896483503	958015	RepartitionExec[Merge]=1896483503;RepartitionExec=176778570;OrderedPartialAggregateStream=13184
event	425651	refusal	RepartitionExec[5]	1	940338	822678	2073275257	262	122	1896483503	958015	RepartitionExec[Merge]=1896483503;RepartitionExec=176778570;OrderedPartialAggregateStream=13184
event	425670	refusal	RepartitionExec[35]	1	505187	698802	2074222917	262	122	1896483503	958015	RepartitionExec[Merge]=1896483503;RepartitionExec=176778570;OrderedPartialAggregateStream=960844
event	425704	refusal	RepartitionExec[38]	1	1036304	399837	2074222917	262	122	1896483503	958015	RepartitionExec[Merge]=1896483503;RepartitionExec=176778570;OrderedPartialAggregateStream=960844
event	425735	refusal	RepartitionExec[101]	1	449225	2405327	2074222917	262	122	1896483503	958015	RepartitionExec[Merge]=1896483503;RepartitionExec=176778570;OrderedPartialAggregateStream=960844
event	425776	refusal	RepartitionExec[57]	1	485748	526042	2074222917	262	122	1896483503	958015	RepartitionExec[Merge]=1896483503;RepartitionExec=176778570;OrderedPartialAggregateStream=960844
event	425809	refusal	RepartitionExec[38]	1	835715	399837	2074222917	262	122	1896483503	958015	RepartitionExec[Merge]=1896483503;RepartitionExec=176778570;OrderedPartialAggregateStream=960844
event	425812	refusal	RepartitionExec[102]	1	449225	2592110	2074222917	262	122	1896483503	958015	RepartitionExec[Merge]=1896483503;RepartitionExec=176778570;OrderedPartialAggregateStream=960844
event	425836	refusal	RepartitionExec[119]	1	708508	1643967	2074222917	262	122	1896483503	958015	RepartitionExec[Merge]=1896483503;RepartitionExec=176778570;OrderedPartialAggregateStream=960844
event	425872	refusal	RepartitionExec[3]	1	517325	688551	2074222917	262	122	1896483503	958015	RepartitionExec[Merge]=1896483503;RepartitionExec=176778570;OrderedPartialAggregateStream=960844
event	425891	refusal	RepartitionExec[103]	1	1036304	2592110	2074222917	262	122	1896483503	958015	RepartitionExec[Merge]=1896483503;RepartitionExec=176778570;OrderedPartialAggregateStream=960844
event	425924	refusal	RepartitionExec[97]	1	738735	2464023	2073439976	262	122	1896483503	958015	RepartitionExec[Merge]=1896483503;RepartitionExec=176778570;OrderedPartialAggregateStream=177903
event	425987	refusal	RepartitionExec[78]	1	583771	2464023	2073439976	262	122	1896483503	958015	RepartitionExec[Merge]=1896483503;RepartitionExec=176778570;OrderedPartialAggregateStream=177903
event	426001	refusal	RepartitionExec[56]	1	918986	975267	2073439976	262	122	1896483503	958015	RepartitionExec[Merge]=1896483503;RepartitionExec=176778570;OrderedPartialAggregateStream=177903
event	426008	refusal	RepartitionExec[19]	1	487322	612478	2074434066	262	122	1896483503	958015	RepartitionExec[Merge]=1896483503;RepartitionExec=177772660;OrderedPartialAggregateStream=177903
event	426018	refusal	RepartitionExec[5]	1	198818	822678	2074434066	262	122	1896483503	958015	RepartitionExec[Merge]=1896483503;RepartitionExec=177772660;OrderedPartialAggregateStream=177903
event	426046	refusal	RepartitionExec[63]	1	466869	1585271	2074434066	262	122	1896483503	958015	RepartitionExec[Merge]=1896483503;RepartitionExec=177772660;OrderedPartialAggregateStream=177903
event	426072	refusal	RepartitionExec[6]	1	940338	906894	2076621064	262	122	1896483503	958015	RepartitionExec[Merge]=1896483503;RepartitionExec=179959658;OrderedPartialAggregateStream=177903
event	426083	refusal	RepartitionExec[17]	1	198818	1039466	2076621064	262	122	1896483503	958015	RepartitionExec[Merge]=1896483503;RepartitionExec=179959658;OrderedPartialAggregateStream=177903
event	426087	refusal	RepartitionExec[20]	1	487322	1039466	2076621064	262	122	1896483503	958015	RepartitionExec[Merge]=1896483503;RepartitionExec=179959658;OrderedPartialAggregateStream=177903
event	426126	refusal	RepartitionExec[39]	1	1036304	642082	2076621064	262	122	1896483503	958015	RepartitionExec[Merge]=1896483503;RepartitionExec=179959658;OrderedPartialAggregateStream=177903
event	426151	refusal	RepartitionExec[20]	1	198818	1039466	2077018700	262	122	1896483503	958015	RepartitionExec[Merge]=1896483503;RepartitionExec=180357294;OrderedPartialAggregateStream=177903
event	426174	refusal	RepartitionExec[39]	1	502605	642082	2078023910	262	122	1896483503	958015	RepartitionExec[Merge]=1896483503;RepartitionExec=181362504;OrderedPartialAggregateStream=177903
event	426184	refusal	RepartitionExec[58]	1	485748	1498422	2078023910	262	122	1896483503	958015	RepartitionExec[Merge]=1896483503;RepartitionExec=181362504;OrderedPartialAggregateStream=177903
event	426203	refusal	RepartitionExec[40]	1	1036304	526042	2078023910	262	122	1896483503	958015	RepartitionExec[Merge]=1896483503;RepartitionExec=181362504;OrderedPartialAggregateStream=177903
event	426208	refusal	RepartitionExec[21]	1	198818	1039466	2078023910	262	122	1896483503	958015	RepartitionExec[Merge]=1896483503;RepartitionExec=181362504;OrderedPartialAggregateStream=177903
event	426223	refusal	RepartitionExec[103]	1	449225	2592110	2078023910	262	122	1896483503	958015	RepartitionExec[Merge]=1896483503;RepartitionExec=181362504;OrderedPartialAggregateStream=177903
event	426252	refusal	RepartitionExec[22]	1	198818	1005835	2078023910	262	122	1896483503	958015	RepartitionExec[Merge]=1896483503;RepartitionExec=181362504;OrderedPartialAggregateStream=177903
event	426291	refusal	RepartitionExec[4]	1	517325	790854	2078023086	261	122	1896483503	961686	RepartitionExec[Merge]=1896483503;RepartitionExec=181362504;OrderedPartialAggregateStream=177079
event	426306	refusal	RepartitionExec[104]	1	1036304	2592110	2078023086	261	122	1896483503	961686	RepartitionExec[Merge]=1896483503;RepartitionExec=181362504;OrderedPartialAggregateStream=177079
event	426320	refusal	RepartitionExec[23]	1	198818	1005835	2078023086	261	122	1896483503	961686	RepartitionExec[Merge]=1896483503;RepartitionExec=181362504;OrderedPartialAggregateStream=177079
event	426337	refusal	RepartitionExec[98]	1	738735	2522719	2078023086	261	122	1896483503	961686	RepartitionExec[Merge]=1896483503;RepartitionExec=181362504;OrderedPartialAggregateStream=177079
event	426382	refusal	RepartitionExec[79]	1	583771	2521367	2080011266	261	122	1896483503	961686	RepartitionExec[Merge]=1896483503;RepartitionExec=183350684;OrderedPartialAggregateStream=177079
event	426395	refusal	RepartitionExec[34]	1	198818	796825	2080011266	261	122	1896483503	961686	RepartitionExec[Merge]=1896483503;RepartitionExec=183350684;OrderedPartialAggregateStream=177079
event	426410	refusal	RepartitionExec[99]	1	738735	2464023	2080011266	261	122	1896483503	961686	RepartitionExec[Merge]=1896483503;RepartitionExec=183350684;OrderedPartialAggregateStream=177079
event	426424	refusal	RepartitionExec[57]	1	918986	526042	2080011266	261	122	1896483503	961686	RepartitionExec[Merge]=1896483503;RepartitionExec=183350684;OrderedPartialAggregateStream=177079
event	426437	refusal	RepartitionExec[64]	1	466869	2337818	2080011266	261	122	1896483503	961686	RepartitionExec[Merge]=1896483503;RepartitionExec=183350684;OrderedPartialAggregateStream=177079
event	426467	refusal	RepartitionExec[37]	1	198818	902442	2080408902	261	122	1896483503	961686	RepartitionExec[Merge]=1896483503;RepartitionExec=183748320;OrderedPartialAggregateStream=177079
event	426485	refusal	RepartitionExec[80]	1	583771	2279122	2080408902	261	122	1896483503	961686	RepartitionExec[Merge]=1896483503;RepartitionExec=183748320;OrderedPartialAggregateStream=177079
event	426488	refusal	RepartitionExec[100]	1	738735	2405327	2080408902	261	122	1896483503	961686	RepartitionExec[Merge]=1896483503;RepartitionExec=183748320;OrderedPartialAggregateStream=177079
event	426514	refusal	RepartitionExec[65]	1	466869	2279122	2080408902	261	122	1896483503	961686	RepartitionExec[Merge]=1896483503;RepartitionExec=183748320;OrderedPartialAggregateStream=177079
event	426537	refusal	RepartitionExec[38]	1	198818	902442	2080408902	261	122	1896483503	961686	RepartitionExec[Merge]=1896483503;RepartitionExec=183748320;OrderedPartialAggregateStream=177079
event	426546	refusal	RepartitionExec[40]	1	502605	526042	2080408902	261	122	1896483503	961686	RepartitionExec[Merge]=1896483503;RepartitionExec=183748320;OrderedPartialAggregateStream=177079
event	426588	refusal	RepartitionExec[81]	1	583771	2580063	2082198264	261	122	1896483503	961686	RepartitionExec[Merge]=1896483503;RepartitionExec=185537682;OrderedPartialAggregateStream=177079
event	426590	refusal	RepartitionExec[66]	1	466869	2337818	2082198264	261	122	1896483503	961686	RepartitionExec[Merge]=1896483503;RepartitionExec=185537682;OrderedPartialAggregateStream=177079
event	426602	refusal	RepartitionExec[48]	1	198818	885585	2082198264	261	122	1896483503	961686	RepartitionExec[Merge]=1896483503;RepartitionExec=185537682;OrderedPartialAggregateStream=177079
event	426619	refusal	RepartitionExec[104]	1	449225	2592110	2082198264	261	122	1896483503	961686	RepartitionExec[Merge]=1896483503;RepartitionExec=185537682;OrderedPartialAggregateStream=177079
event	426635	refusal	RepartitionExec[5]	1	517325	822678	2082198264	261	122	1896483503	961686	RepartitionExec[Merge]=1896483503;RepartitionExec=185537682;OrderedPartialAggregateStream=177079
event	426649	refusal	RepartitionExec[50]	1	198818	885585	2082397082	261	122	1896483503	961686	RepartitionExec[Merge]=1896483503;RepartitionExec=185736500;OrderedPartialAggregateStream=177079
event	426659	refusal	RepartitionExec[105]	1	1036304	1927450	2082397082	261	122	1896483503	961686	RepartitionExec[Merge]=1896483503;RepartitionExec=185736500;OrderedPartialAggregateStream=177079
event	426694	refusal	RepartitionExec[51]	1	198818	849062	2082397082	261	122	1896483503	961686	RepartitionExec[Merge]=1896483503;RepartitionExec=185736500;OrderedPartialAggregateStream=177079
event	426702	refusal	RepartitionExec[36]	1	505187	897620	2082397082	261	122	1896483503	961686	RepartitionExec[Merge]=1896483503;RepartitionExec=185736500;OrderedPartialAggregateStream=177079
event	426705	refusal	RepartitionExec[6]	1	517325	906894	2082397082	261	122	1896483503	961686	RepartitionExec[Merge]=1896483503;RepartitionExec=185736500;OrderedPartialAggregateStream=177079
event	426739	refusal	RepartitionExec[52]	1	198818	866706	2082397082	261	122	1896483503	961686	RepartitionExec[Merge]=1896483503;RepartitionExec=185736500;OrderedPartialAggregateStream=177079
event	426755	refusal	RepartitionExec[21]	1	487322	1039466	2082397082	261	122	1896483503	961686	RepartitionExec[Merge]=1896483503;RepartitionExec=185736500;OrderedPartialAggregateStream=177079
event	426791	refusal	RepartitionExec[53]	1	198818	866706	2082397082	261	122	1896483503	961686	RepartitionExec[Merge]=1896483503;RepartitionExec=185736500;OrderedPartialAggregateStream=177079
event	426799	refusal	RepartitionExec[58]	1	918986	1498422	2082397082	261	122	1896483503	961686	RepartitionExec[Merge]=1896483503;RepartitionExec=185736500;OrderedPartialAggregateStream=177079
event	426814	refusal	RepartitionExec[39]	1	835715	840900	2082397082	261	122	1896483503	961686	RepartitionExec[Merge]=1896483503;RepartitionExec=185736500;OrderedPartialAggregateStream=177079
event	426834	refusal	RepartitionExec[101]	1	738735	2405327	2082397082	261	122	1896483503	961686	RepartitionExec[Merge]=1896483503;RepartitionExec=185736500;OrderedPartialAggregateStream=177079
event	426847	refusal	RepartitionExec[54]	1	198818	849062	2082397082	261	122	1896483503	961686	RepartitionExec[Merge]=1896483503;RepartitionExec=185736500;OrderedPartialAggregateStream=177079
event	426891	refusal	RepartitionExec[59]	1	485748	1711476	2082397082	261	122	1896483503	961686	RepartitionExec[Merge]=1896483503;RepartitionExec=185736500;OrderedPartialAggregateStream=177079
event	426898	refusal	RepartitionExec[40]	1	835715	724860	2082397082	261	122	1896483503	961686	RepartitionExec[Merge]=1896483503;RepartitionExec=185736500;OrderedPartialAggregateStream=177079
event	426915	refusal	RepartitionExec[55]	1	198818	849062	2082397082	261	122	1896483503	961686	RepartitionExec[Merge]=1896483503;RepartitionExec=185736500;OrderedPartialAggregateStream=177079
event	426928	refusal	RepartitionExec[102]	1	738735	2592110	2082397082	261	122	1896483503	961686	RepartitionExec[Merge]=1896483503;RepartitionExec=185736500;OrderedPartialAggregateStream=177079
event	426986	refusal	RepartitionExec[82]	1	583771	2405327	2082397082	261	122	1896483503	961686	RepartitionExec[Merge]=1896483503;RepartitionExec=185736500;OrderedPartialAggregateStream=177079
event	426995	refusal	RepartitionExec[56]	1	198818	975267	2082397082	261	122	1896483503	961686	RepartitionExec[Merge]=1896483503;RepartitionExec=185736500;OrderedPartialAggregateStream=177079
event	427001	refusal	RepartitionExec[41]	1	835715	586608	2082397082	261	122	1896483503	961686	RepartitionExec[Merge]=1896483503;RepartitionExec=185736500;OrderedPartialAggregateStream=177079
event	427022	refusal	RepartitionExec[105]	1	449225	1927450	2082403702	261	122	1896490123	961661	RepartitionExec[Merge]=1896490123;RepartitionExec=185736500;OrderedPartialAggregateStream=177079
event	427040	refusal	RepartitionExec[58]	1	198818	1498422	2082607844	261	122	1896495447	961640	RepartitionExec[Merge]=1896495447;RepartitionExec=185935318;OrderedPartialAggregateStream=177079
event	427047	refusal	RepartitionExec[7]	1	940338	285667	2082607844	261	122	1896495447	961640	RepartitionExec[Merge]=1896495447;RepartitionExec=185935318;OrderedPartialAggregateStream=177079
event	427080	refusal	RepartitionExec[106]	1	1036304	2650806	2082629444	261	122	1896517047	961557	RepartitionExec[Merge]=1896517047;RepartitionExec=185935318;OrderedPartialAggregateStream=177079
event	427086	refusal	RepartitionExec[59]	1	198818	1711476	2082629444	261	122	1896517047	961557	RepartitionExec[Merge]=1896517047;RepartitionExec=185935318;OrderedPartialAggregateStream=177079
event	427106	refusal	RepartitionExec[37]	1	505187	902442	2082640412	261	122	1896528015	961515	RepartitionExec[Merge]=1896528015;RepartitionExec=185935318;OrderedPartialAggregateStream=177079
event	427132	refusal	RepartitionExec[8]	1	517325	790854	2083157737	261	122	1896528015	961515	RepartitionExec[Merge]=1896528015;RepartitionExec=186452643;OrderedPartialAggregateStream=177079
event	427142	refusal	RepartitionExec[60]	1	198818	2592110	2083157737	261	122	1896528015	961515	RepartitionExec[Merge]=1896528015;RepartitionExec=186452643;OrderedPartialAggregateStream=177079
event	427187	refusal	RepartitionExec[22]	1	487322	1005835	2083157737	261	122	1896528015	961515	RepartitionExec[Merge]=1896528015;RepartitionExec=186452643;OrderedPartialAggregateStream=177079
event	427200	refusal	RepartitionExec[61]	1	198818	2592110	2083157737	261	122	1896528015	961515	RepartitionExec[Merge]=1896528015;RepartitionExec=186452643;OrderedPartialAggregateStream=177079
event	427231	refusal	RepartitionExec[59]	1	918986	1711476	2083157737	261	122	1896528015	961515	RepartitionExec[Merge]=1896528015;RepartitionExec=186452643;OrderedPartialAggregateStream=177079
event	427272	refusal	RepartitionExec[62]	1	198818	1585271	2083157737	261	122	1896528015	961515	RepartitionExec[Merge]=1896528015;RepartitionExec=186452643;OrderedPartialAggregateStream=177079
event	427295	refusal	RepartitionExec[41]	1	502605	586608	2083164669	261	122	1896534947	961489	RepartitionExec[Merge]=1896534947;RepartitionExec=186452643;OrderedPartialAggregateStream=177079
event	427301	refusal	RepartitionExec[41]	1	1036304	586608	2083164669	261	122	1896534947	961489	RepartitionExec[Merge]=1896534947;RepartitionExec=186452643;OrderedPartialAggregateStream=177079
event	427319	refusal	RepartitionExec[63]	1	198818	1585271	2083172077	261	122	1896542355	961460	RepartitionExec[Merge]=1896542355;RepartitionExec=186452643;OrderedPartialAggregateStream=177079
event	427324	refusal	RepartitionExec[60]	1	485748	2592110	2083176105	261	122	1896546383	961445	RepartitionExec[Merge]=1896546383;RepartitionExec=186452643;OrderedPartialAggregateStream=177079
event	427373	refusal	RepartitionExec[103]	1	738735	2592110	2083197377	261	122	1896567655	961363	RepartitionExec[Merge]=1896567655;RepartitionExec=186452643;OrderedPartialAggregateStream=177079
event	427375	refusal	RepartitionExec[67]	1	466869	2279122	2083197377	261	122	1896567655	961363	RepartitionExec[Merge]=1896567655;RepartitionExec=186452643;OrderedPartialAggregateStream=177079
event	427385	refusal	RepartitionExec[64]	1	198818	2337818	2083204637	261	122	1896574915	961336	RepartitionExec[Merge]=1896574915;RepartitionExec=186452643;OrderedPartialAggregateStream=177079
event	427429	refusal	RepartitionExec[83]	1	583771	2405327	2083219305	261	122	1896589583	961279	RepartitionExec[Merge]=1896589583;RepartitionExec=186452643;OrderedPartialAggregateStream=177079
event	427448	refusal	RepartitionExec[65]	1	198818	2279122	2083232037	261	122	1896602315	961231	RepartitionExec[Merge]=1896602315;RepartitionExec=186452643;OrderedPartialAggregateStream=177079
event	427455	refusal	RepartitionExec[42]	1	835715	724860	2083232037	261	122	1896602315	961231	RepartitionExec[Merge]=1896602315;RepartitionExec=186452643;OrderedPartialAggregateStream=177079
event	427492	refusal	RepartitionExec[68]	1	466869	2405327	2083245737	261	122	1896616015	961178	RepartitionExec[Merge]=1896616015;RepartitionExec=186452643;OrderedPartialAggregateStream=177079
event	427494	refusal	RepartitionExec[8]	1	940338	790854	2083245737	261	122	1896616015	961178	RepartitionExec[Merge]=1896616015;RepartitionExec=186452643;OrderedPartialAggregateStream=177079
event	427496	refusal	RepartitionExec[66]	1	198818	2337818	2083245737	261	122	1896616015	961178	RepartitionExec[Merge]=1896616015;RepartitionExec=186452643;OrderedPartialAggregateStream=177079
event	427520	refusal	RepartitionExec[107]	1	1036304	2521367	2083263325	261	122	1896633603	961111	RepartitionExec[Merge]=1896633603;RepartitionExec=186452643;OrderedPartialAggregateStream=177079
event	427535	refusal	RepartitionExec[43]	1	835715	724860	2083268961	261	122	1896639239	961089	RepartitionExec[Merge]=1896639239;RepartitionExec=186452643;OrderedPartialAggregateStream=177079
event	427541	refusal	RepartitionExec[67]	1	198818	2279122	2083268961	261	122	1896639239	961089	RepartitionExec[Merge]=1896639239;RepartitionExec=186452643;OrderedPartialAggregateStream=177079
event	427565	refusal	RepartitionExec[9]	1	517325	772989	2083282333	261	122	1896652611	961038	RepartitionExec[Merge]=1896652611;RepartitionExec=186452643;OrderedPartialAggregateStream=177079
event	427586	refusal	RepartitionExec[68]	1	198818	2405327	2083293825	261	122	1897130972	959205	RepartitionExec[Merge]=1897130972;RepartitionExec=185985774;OrderedPartialAggregateStream=177079
event	427606	release_after_refusal	RepartitionExec[17]	1	466869	572597	2082826956	261	122	1897130972		RepartitionExec[Merge]=1897130972;RepartitionExec=185518905;OrderedPartialAggregateStream=177079
event	427617	refusal	RepartitionExec[23]	1	487322	1005835	2083293597	261	122	1897598653	957413	RepartitionExec[Merge]=1897598653;RepartitionExec=185033157;OrderedPartialAggregateStream=177079
event	427632	refusal	RepartitionExec[44]	1	835715	840900	2083293597	261	122	1898083361	955556	RepartitionExec[Merge]=1898083361;RepartitionExec=185033157;OrderedPartialAggregateStream=177079
event	427638	refusal	RepartitionExec[69]	1	198818	2395162	2083293597	261	122	1898083361	955556	RepartitionExec[Merge]=1898083361;RepartitionExec=185033157;OrderedPartialAggregateStream=177079
event	427673	refusal	RepartitionExec[42]	1	502605	724860	2083293729	261	122	1899017231	951978	RepartitionExec[Merge]=1899017231;RepartitionExec=184099419;OrderedPartialAggregateStream=177079
event	427684	release_after_refusal	RepartitionExec[21]	1	485748	553718	2082807981	261	122	1899017231		RepartitionExec[Merge]=1899017231;RepartitionExec=183613671;OrderedPartialAggregateStream=177079
event	427689	refusal	RepartitionExec[42]	1	1036304	724860	2083293957	261	122	1899503207	950116	RepartitionExec[Merge]=1899503207;RepartitionExec=183613671;OrderedPartialAggregateStream=177079
event	427691	refusal	RepartitionExec[70]	1	198818	2279122	2082827088	261	122	1899503207	950116	RepartitionExec[Merge]=1899503207;RepartitionExec=183146802;OrderedPartialAggregateStream=177079
event	427715	refusal	RepartitionExec[61]	1	485748	2592110	2083294557	261	122	1900437545	946536	RepartitionExec[Merge]=1900437545;RepartitionExec=182679933;OrderedPartialAggregateStream=177079
event	427749	refusal	RepartitionExec[71]	1	198818	2405327	2083294905	261	122	1901371631	942957	RepartitionExec[Merge]=1901371631;RepartitionExec=181746195;OrderedPartialAggregateStream=177079
event	427758	refusal	RepartitionExec[104]	1	738735	2592110	2083294905	261	122	1901371631	942957	RepartitionExec[Merge]=1901371631;RepartitionExec=181746195;OrderedPartialAggregateStream=177079
event	427781	refusal	RepartitionExec[43]	1	1036304	724860	2083294905	261	122	1901371631	942957	RepartitionExec[Merge]=1901371631;RepartitionExec=181746195;OrderedPartialAggregateStream=177079
event	427801	refusal	RepartitionExec[72]	1	198818	2279122	2083294905	261	122	1901371631	942957	RepartitionExec[Merge]=1901371631;RepartitionExec=181746195;OrderedPartialAggregateStream=177079
event	427837	refusal	RepartitionExec[84]	1	583771	2405327	2083294905	261	122	1901371631	942957	RepartitionExec[Merge]=1901371631;RepartitionExec=181746195;OrderedPartialAggregateStream=177079
event	427851	refusal	RepartitionExec[73]	1	198818	1498422	2083294905	261	122	1901371631	942957	RepartitionExec[Merge]=1901371631;RepartitionExec=181746195;OrderedPartialAggregateStream=177079
event	427866	refusal	RepartitionExec[38]	1	505187	902442	2083294905	261	122	1901371631	942957	RepartitionExec[Merge]=1901371631;RepartitionExec=181746195;OrderedPartialAggregateStream=177079
event	427905	refusal	RepartitionExec[74]	1	198818	2279122	2083294905	261	122	1901371631	942957	RepartitionExec[Merge]=1901371631;RepartitionExec=181746195;OrderedPartialAggregateStream=177079
event	427922	refusal	RepartitionExec[69]	1	466869	2395162	2083304577	261	122	1901381303	942920	RepartitionExec[Merge]=1901381303;RepartitionExec=181746195;OrderedPartialAggregateStream=177079
event	427924	refusal	RepartitionExec[9]	1	940338	772989	2083304577	261	122	1901381303	942920	RepartitionExec[Merge]=1901381303;RepartitionExec=181746195;OrderedPartialAggregateStream=177079
event	427955	refusal	RepartitionExec[75]	1	198818	2521367	2083311481	261	122	1901386759	942899	RepartitionExec[Merge]=1901386759;RepartitionExec=181746195;OrderedPartialAggregateStream=177079
event	427967	refusal	RepartitionExec[108]	1	1036304	2279122	2083316473	261	122	1901393199	942875	RepartitionExec[Merge]=1901393199;RepartitionExec=181746195;OrderedPartialAggregateStream=177079
event	427995	refusal	RepartitionExec[60]	1	918986	2592110	2083334553	261	122	1901411279	942806	RepartitionExec[Merge]=1901411279;RepartitionExec=181746195;OrderedPartialAggregateStream=177079
event	428005	refusal	RepartitionExec[76]	1	198818	2405327	2083339877	261	122	1901416603	942785	RepartitionExec[Merge]=1901416603;RepartitionExec=181746195;OrderedPartialAggregateStream=177079
event	428042	refusal	RepartitionExec[10]	1	517325	790854	2083339877	261	122	1901416603	942785	RepartitionExec[Merge]=1901416603;RepartitionExec=181746195;OrderedPartialAggregateStream=177079
event	428053	refusal	RepartitionExec[77]	1	198818	2337818	2083339877	261	122	1901416603	942785	RepartitionExec[Merge]=1901416603;RepartitionExec=181746195;OrderedPartialAggregateStream=177079
event	428067	refusal	RepartitionExec[109]	1	1036304	2464023	2083339877	261	122	1901416603	942785	RepartitionExec[Merge]=1901416603;RepartitionExec=181746195;OrderedPartialAggregateStream=177079
event	428113	refusal	RepartitionExec[61]	1	918986	2592110	2083339877	261	122	1901416603	942785	RepartitionExec[Merge]=1901416603;RepartitionExec=181746195;OrderedPartialAggregateStream=177079
event	428115	refusal	RepartitionExec[78]	1	198818	2464023	2083339877	261	122	1901416603	942785	RepartitionExec[Merge]=1901416603;RepartitionExec=181746195;OrderedPartialAggregateStream=177079
event	428147	refusal	RepartitionExec[106]	1	449225	2650806	2083339877	261	122	1901416603	942785	RepartitionExec[Merge]=1901416603;RepartitionExec=181746195;OrderedPartialAggregateStream=177079
event	428150	refusal	RepartitionExec[43]	1	502605	724860	2083339877	261	122	1901416603	942785	RepartitionExec[Merge]=1901416603;RepartitionExec=181746195;OrderedPartialAggregateStream=177079
event	428169	refusal	RepartitionExec[79]	1	198818	2521367	2083339877	261	122	1901416603	942785	RepartitionExec[Merge]=1901416603;RepartitionExec=181746195;OrderedPartialAggregateStream=177079
event	428181	refusal	RepartitionExec[62]	1	485748	1585271	2083339877	261	122	1901416603	942785	RepartitionExec[Merge]=1901416603;RepartitionExec=181746195;OrderedPartialAggregateStream=177079
event	428212	refusal	RepartitionExec[105]	1	738735	1927450	2083339877	261	122	1901416603	942785	RepartitionExec[Merge]=1901416603;RepartitionExec=181746195;OrderedPartialAggregateStream=177079
event	428222	refusal	RepartitionExec[80]	1	198818	2279122	2083339877	261	122	1901416603	942785	RepartitionExec[Merge]=1901416603;RepartitionExec=181746195;OrderedPartialAggregateStream=177079
event	428279	refusal	RepartitionExec[44]	1	1036304	840900	2083351813	261	122	1901428539	942739	RepartitionExec[Merge]=1901428539;RepartitionExec=181746195;OrderedPartialAggregateStream=177079
event	428287	refusal	RepartitionExec[81]	1	198818	2580063	2083353333	261	122	1901430059	942734	RepartitionExec[Merge]=1901430059;RepartitionExec=181746195;OrderedPartialAggregateStream=177079
event	428319	refusal	RepartitionExec[85]	1	583771	2279122	2083365005	261	122	1901441731	942689	RepartitionExec[Merge]=1901441731;RepartitionExec=181746195;OrderedPartialAggregateStream=177079
event	428336	refusal	RepartitionExec[82]	1	198818	2405327	2083371445	261	122	1901448171	942664	RepartitionExec[Merge]=1901448171;RepartitionExec=181746195;OrderedPartialAggregateStream=177079
event	428337	refusal	RepartitionExec[39]	1	505187	840900	2083371445	261	122	1901448171	942664	RepartitionExec[Merge]=1901448171;RepartitionExec=181746195;OrderedPartialAggregateStream=177079
event	428341	refusal	RepartitionExec[70]	1	466869	2279122	2083371445	261	122	1901448171	942664	RepartitionExec[Merge]=1901448171;RepartitionExec=181746195;OrderedPartialAggregateStream=177079
event	428376	refusal	RepartitionExec[45]	1	1036304	783556	2083399213	261	122	1901475939	942558	RepartitionExec[Merge]=1901475939;RepartitionExec=181746195;OrderedPartialAggregateStream=177079
event	428381	refusal	RepartitionExec[83]	1	198818	2405327	2083399213	261	122	1901475939	942558	RepartitionExec[Merge]=1901475939;RepartitionExec=181746195;OrderedPartialAggregateStream=177079
event	428418	refusal	RepartitionExec[28]	1	487322	811232	2085378165	261	122	1901505603	942444	RepartitionExec[Merge]=1901505603;RepartitionExec=183695483;OrderedPartialAggregateStream=177079
event	428426	refusal	RepartitionExec[84]	1	198818	2405327	2085388345	261	122	1901515783	942405	RepartitionExec[Merge]=1901515783;RepartitionExec=183695483;OrderedPartialAggregateStream=177079
event	428446	refusal	RepartitionExec[45]	1	835715	783556	2085394309	261	122	1901521747	942382	RepartitionExec[Merge]=1901521747;RepartitionExec=183695483;OrderedPartialAggregateStream=177079
event	428485	refusal	RepartitionExec[11]	1	517325	790854	2085401289	261	122	1901526415	942364	RepartitionExec[Merge]=1901526415;RepartitionExec=183695483;OrderedPartialAggregateStream=177079
event	428489	refusal	RepartitionExec[110]	1	1036304	2521367	2085401289	261	122	1901526415	942364	RepartitionExec[Merge]=1901526415;RepartitionExec=183695483;OrderedPartialAggregateStream=177079
event	428492	refusal	RepartitionExec[85]	1	198818	2279122	2085409305	261	122	1901536743	942325	RepartitionExec[Merge]=1901536743;RepartitionExec=183695483;OrderedPartialAggregateStream=177079
event	428513	refusal	RepartitionExec[62]	1	918986	1585271	2085410573	261	122	1901536743	942325	RepartitionExec[Merge]=1901536743;RepartitionExec=183695483;OrderedPartialAggregateStream=177079
event	428538	refusal	RepartitionExec[86]	1	198818	2279122	2085410573	261	122	1901536743	942325	RepartitionExec[Merge]=1901536743;RepartitionExec=183695483;OrderedPartialAggregateStream=177079
event	428561	refusal	RepartitionExec[107]	1	449225	2521367	2085410573	261	122	1901536743	942325	RepartitionExec[Merge]=1901536743;RepartitionExec=183695483;OrderedPartialAggregateStream=177079
event	428574	refusal	RepartitionExec[44]	1	502605	840900	2085414941	261	122	1901542379	942303	RepartitionExec[Merge]=1901542379;RepartitionExec=183695483;OrderedPartialAggregateStream=177079
event	428584	refusal	RepartitionExec[63]	1	485748	1585271	2085421233	261	122	1901548671	942279	RepartitionExec[Merge]=1901548671;RepartitionExec=183695483;OrderedPartialAggregateStream=177079
event	428587	refusal	RepartitionExec[87]	1	198818	2279122	2085421233	261	122	1901548671	942279	RepartitionExec[Merge]=1901548671;RepartitionExec=183695483;OrderedPartialAggregateStream=177079
event	428620	refusal	RepartitionExec[106]	1	738735	2650806	2085445385	261	122	1901572823	942187	RepartitionExec[Merge]=1901572823;RepartitionExec=183695483;OrderedPartialAggregateStream=177079
event	428631	refusal	RepartitionExec[88]	1	198818	2521367	2085455893	261	122	1901583331	942146	RepartitionExec[Merge]=1901583331;RepartitionExec=183695483;OrderedPartialAggregateStream=177079
event	428647	refusal	RepartitionExec[10]	1	940338	790854	2085462645	261	122	1901590083	942120	RepartitionExec[Merge]=1901590083;RepartitionExec=183695483;OrderedPartialAggregateStream=177079
event	428664	refusal	RepartitionExec[64]	1	485748	2337818	2085476805	261	122	1901604243	942066	RepartitionExec[Merge]=1901604243;RepartitionExec=183695483;OrderedPartialAggregateStream=177079
event	428677	refusal	RepartitionExec[89]	1	198818	1557118	2085488101	261	122	1901615539	942023	RepartitionExec[Merge]=1901615539;RepartitionExec=183695483;OrderedPartialAggregateStream=177079
event	428713	refusal	RepartitionExec[40]	1	505187	724860	2085504037	261	122	1902118797	940095	RepartitionExec[Merge]=1902118797;RepartitionExec=183208161;OrderedPartialAggregateStream=177079
event	428719	refusal	RepartitionExec[90]	1	198818	1614462	2085514545	261	122	1902129305	940054	RepartitionExec[Merge]=1902129305;RepartitionExec=183208161;OrderedPartialAggregateStream=177079
event	428734	refusal	RepartitionExec[71]	1	466869	2405327	2085520329	261	122	1902135089	940032	RepartitionExec[Merge]=1902135089;RepartitionExec=183208161;OrderedPartialAggregateStream=177079
event	428742	refusal	RepartitionExec[65]	1	485748	2279122	2085528885	261	122	1902143645	940000	RepartitionExec[Merge]=1902143645;RepartitionExec=183208161;OrderedPartialAggregateStream=177079
event	428765	refusal	RepartitionExec[91]	1	198818	1498422	2085547917	261	122	1902162677	939927	RepartitionExec[Merge]=1902162677;RepartitionExec=183208161;OrderedPartialAggregateStream=177079
event	428773	refusal	RepartitionExec[29]	1	487322	869438	2085553881	261	122	1902168641	939904	RepartitionExec[Merge]=1902168641;RepartitionExec=183208161;OrderedPartialAggregateStream=177079
event	428800	refusal	RepartitionExec[41]	1	505187	586608	2085570701	261	122	1903647427	934238	RepartitionExec[Merge]=1903647427;RepartitionExec=181746195;OrderedPartialAggregateStream=177079
event	428826	refusal	RepartitionExec[92]	1	198818	1643967	2085570701	261	122	1903647427	934238	RepartitionExec[Merge]=1903647427;RepartitionExec=181746195;OrderedPartialAggregateStream=177079
event	428836	refusal	RepartitionExec[66]	1	485748	2337818	2085570701	261	122	1903647427	934238	RepartitionExec[Merge]=1903647427;RepartitionExec=181746195;OrderedPartialAggregateStream=177079
event	428870	refusal	RepartitionExec[111]	1	1036304	2279122	2085577961	261	122	1903654687	934210	RepartitionExec[Merge]=1903654687;RepartitionExec=181746195;OrderedPartialAggregateStream=177079
event	428890	refusal	RepartitionExec[63]	1	918986	1585271	2085587633	261	122	1903664359	934173	RepartitionExec[Merge]=1903664359;RepartitionExec=181746195;OrderedPartialAggregateStream=177079
event	428893	refusal	RepartitionExec[93]	1	198818	2395162	2085587633	261	122	1903664359	934173	RepartitionExec[Merge]=1903664359;RepartitionExec=181746195;OrderedPartialAggregateStream=177079
event	428904	refusal	RepartitionExec[108]	1	449225	2279122	2085587633	261	122	1903664359	934173	RepartitionExec[Merge]=1903664359;RepartitionExec=181746195;OrderedPartialAggregateStream=177079
event	428952	refusal	RepartitionExec[94]	1	198818	2521367	2085587633	261	122	1903664359	934173	RepartitionExec[Merge]=1903664359;RepartitionExec=181746195;OrderedPartialAggregateStream=177079
event	428964	refusal	RepartitionExec[45]	1	502605	783556	2085587633	261	122	1903664359	934173	RepartitionExec[Merge]=1903664359;RepartitionExec=181746195;OrderedPartialAggregateStream=177079
event	429004	refusal	RepartitionExec[95]	1	198818	2464023	2085587633	261	122	1903664359	934173	RepartitionExec[Merge]=1903664359;RepartitionExec=181746195;OrderedPartialAggregateStream=177079
event	429051	refusal	RepartitionExec[96]	1	198818	3007739	2085587633	261	122	1903664359	934173	RepartitionExec[Merge]=1903664359;RepartitionExec=181746195;OrderedPartialAggregateStream=177079
event	429075	refusal	RepartitionExec[86]	1	583771	2279122	2085587633	261	122	1903664359	934173	RepartitionExec[Merge]=1903664359;RepartitionExec=181746195;OrderedPartialAggregateStream=177079
event	429095	refusal	RepartitionExec[97]	1	198818	2464023	2085587633	261	122	1903664359	934173	RepartitionExec[Merge]=1903664359;RepartitionExec=181746195;OrderedPartialAggregateStream=177079
event	429105	refusal	RepartitionExec[107]	1	738735	2521367	2085587633	261	122	1903664359	934173	RepartitionExec[Merge]=1903664359;RepartitionExec=181746195;OrderedPartialAggregateStream=177079
event	429126	refusal	RepartitionExec[11]	1	940338	790854	2085587633	261	122	1903664359	934173	RepartitionExec[Merge]=1903664359;RepartitionExec=181746195;OrderedPartialAggregateStream=177079
event	429146	refusal	RepartitionExec[98]	1	198818	2522719	2085587633	261	122	1903664359	934173	RepartitionExec[Merge]=1903664359;RepartitionExec=181746195;OrderedPartialAggregateStream=177079
event	429154	refusal	RepartitionExec[46]	1	1036304	724860	2085587633	261	122	1903664359	934173	RepartitionExec[Merge]=1903664359;RepartitionExec=181746195;OrderedPartialAggregateStream=177079
event	429188	refusal	RepartitionExec[46]	1	835715	724860	2085587633	261	122	1903664359	934173	RepartitionExec[Merge]=1903664359;RepartitionExec=181746195;OrderedPartialAggregateStream=177079
event	429194	refusal	RepartitionExec[99]	1	198818	2464023	2085587633	261	122	1903664359	934173	RepartitionExec[Merge]=1903664359;RepartitionExec=181746195;OrderedPartialAggregateStream=177079
event	429226	refusal	RepartitionExec[72]	1	466869	2279122	2085587633	261	122	1903664359	934173	RepartitionExec[Merge]=1903664359;RepartitionExec=181746195;OrderedPartialAggregateStream=177079
event	429241	refusal	RepartitionExec[100]	1	198818	2405327	2085587633	261	122	1903664359	934173	RepartitionExec[Merge]=1903664359;RepartitionExec=181746195;OrderedPartialAggregateStream=177079
event	429241	refusal	RepartitionExec[12]	1	517325	790854	2085587633	261	122	1903664359	934173	RepartitionExec[Merge]=1903664359;RepartitionExec=181746195;OrderedPartialAggregateStream=177079
event	429270	refusal	RepartitionExec[30]	1	487322	869438	2085587633	261	122	1903664359	934173	RepartitionExec[Merge]=1903664359;RepartitionExec=181746195;OrderedPartialAggregateStream=177079
event	429295	refusal	RepartitionExec[42]	1	505187	724860	2085587633	261	122	1903664359	934173	RepartitionExec[Merge]=1903664359;RepartitionExec=181746195;OrderedPartialAggregateStream=177079
event	429299	refusal	RepartitionExec[101]	1	198818	2405327	2085587633	261	122	1903664359	934173	RepartitionExec[Merge]=1903664359;RepartitionExec=181746195;OrderedPartialAggregateStream=177079
event	429337	refusal	RepartitionExec[67]	1	485748	2279122	2085587633	261	122	1903664359	934173	RepartitionExec[Merge]=1903664359;RepartitionExec=181746195;OrderedPartialAggregateStream=177079
event	429351	refusal	RepartitionExec[102]	1	198818	2592110	2085587633	261	122	1903664359	934173	RepartitionExec[Merge]=1903664359;RepartitionExec=181746195;OrderedPartialAggregateStream=177079
event	429360	refusal	RepartitionExec[112]	1	1036304	2279122	2085587633	261	122	1903664359	934173	RepartitionExec[Merge]=1903664359;RepartitionExec=181746195;OrderedPartialAggregateStream=177079
event	429401	refusal	RepartitionExec[103]	1	198818	2592110	2085587633	261	122	1903664359	934173	RepartitionExec[Merge]=1903664359;RepartitionExec=181746195;OrderedPartialAggregateStream=177079
event	429425	refusal	RepartitionExec[64]	1	918986	2337818	2085587633	261	122	1903664359	934173	RepartitionExec[Merge]=1903664359;RepartitionExec=181746195;OrderedPartialAggregateStream=177079
event	429444	refusal	RepartitionExec[109]	1	449225	2464023	2085594385	261	122	1903665879	934167	RepartitionExec[Merge]=1903665879;RepartitionExec=181746195;OrderedPartialAggregateStream=177079
event	429448	refusal	RepartitionExec[113]	1	1036304	2405327	2085594385	261	122	1903671111	934147	RepartitionExec[Merge]=1903671111;RepartitionExec=181746195;OrderedPartialAggregateStream=177079
event	429459	refusal	RepartitionExec[104]	1	198818	2592110	2085594385	261	122	1903671111	934147	RepartitionExec[Merge]=1903671111;RepartitionExec=181746195;OrderedPartialAggregateStream=177079
event	429501	refusal	RepartitionExec[87]	1	583771	2279122	2085620021	261	122	1903696747	934049	RepartitionExec[Merge]=1903696747;RepartitionExec=181746195;OrderedPartialAggregateStream=177079
event	429505	refusal	RepartitionExec[108]	1	738735	2279122	2085620021	261	122	1903696747	934049	RepartitionExec[Merge]=1903696747;RepartitionExec=181746195;OrderedPartialAggregateStream=177079
event	429506	refusal	RepartitionExec[105]	1	198818	1927450	2085620021	261	122	1903696747	934049	RepartitionExec[Merge]=1903696747;RepartitionExec=181746195;OrderedPartialAggregateStream=177079
event	429533	refusal	RepartitionExec[12]	1	940338	790854	2085625985	261	122	1903702711	934026	RepartitionExec[Merge]=1903702711;RepartitionExec=181746195;OrderedPartialAggregateStream=177079
event	429556	refusal	RepartitionExec[106]	1	198818	2650806	2085625985	261	122	1903702711	934026	RepartitionExec[Merge]=1903702711;RepartitionExec=181746195;OrderedPartialAggregateStream=177079
event	429572	refusal	RepartitionExec[47]	1	1036304	783556	2085625985	261	122	1903702711	934026	RepartitionExec[Merge]=1903702711;RepartitionExec=181746195;OrderedPartialAggregateStream=177079
event	429621	refusal	RepartitionExec[107]	1	198818	2521367	2085625985	261	122	1903702711	934026	RepartitionExec[Merge]=1903702711;RepartitionExec=181746195;OrderedPartialAggregateStream=177079
event	429679	refusal	RepartitionExec[47]	1	835715	783556	2085625985	261	122	1903702711	934026	RepartitionExec[Merge]=1903702711;RepartitionExec=181746195;OrderedPartialAggregateStream=177079
event	429681	refusal	RepartitionExec[108]	1	198818	2279122	2085625985	261	122	1903702711	934026	RepartitionExec[Merge]=1903702711;RepartitionExec=181746195;OrderedPartialAggregateStream=177079
event	429740	refusal	RepartitionExec[109]	1	198818	2464023	2085625985	261	122	1903702711	934026	RepartitionExec[Merge]=1903702711;RepartitionExec=181746195;OrderedPartialAggregateStream=177079
event	429794	refusal	RepartitionExec[73]	1	466869	1498422	2085625985	261	122	1903702711	934026	RepartitionExec[Merge]=1903702711;RepartitionExec=181746195;OrderedPartialAggregateStream=177079
event	429798	refusal	RepartitionExec[13]	1	517325	790854	2085625985	261	122	1903702711	934026	RepartitionExec[Merge]=1903702711;RepartitionExec=181746195;OrderedPartialAggregateStream=177079
event	429821	refusal	RepartitionExec[110]	1	198818	2521367	2085625985	261	122	1903702711	934026	RepartitionExec[Merge]=1903702711;RepartitionExec=181746195;OrderedPartialAggregateStream=177079
event	429842	refusal	RepartitionExec[31]	1	487322	869438	2085625985	261	122	1903702711	934026	RepartitionExec[Merge]=1903702711;RepartitionExec=181746195;OrderedPartialAggregateStream=177079
event	429897	refusal	RepartitionExec[111]	1	198818	2279122	2085625985	261	122	1903702711	934026	RepartitionExec[Merge]=1903702711;RepartitionExec=181746195;OrderedPartialAggregateStream=177079
event	429934	refusal	RepartitionExec[68]	1	485748	2405327	2085625985	261	122	1903702711	934026	RepartitionExec[Merge]=1903702711;RepartitionExec=181746195;OrderedPartialAggregateStream=177079
event	429945	refusal	RepartitionExec[43]	1	505187	724860	2085625985	261	122	1903702711	934026	RepartitionExec[Merge]=1903702711;RepartitionExec=181746195;OrderedPartialAggregateStream=177079
event	429964	refusal	RepartitionExec[112]	1	198818	2279122	2085625985	261	122	1903702711	934026	RepartitionExec[Merge]=1903702711;RepartitionExec=181746195;OrderedPartialAggregateStream=177079
event	429979	refusal	RepartitionExec[46]	1	502605	724860	2085625985	261	122	1903702711	934026	RepartitionExec[Merge]=1903702711;RepartitionExec=181746195;OrderedPartialAggregateStream=177079
event	429996	refusal	RepartitionExec[65]	1	918986	2279122	2085625985	261	122	1903702711	934026	RepartitionExec[Merge]=1903702711;RepartitionExec=181746195;OrderedPartialAggregateStream=177079
event	430023	refusal	RepartitionExec[113]	1	198818	2405327	2085625985	261	122	1903702711	934026	RepartitionExec[Merge]=1903702711;RepartitionExec=181746195;OrderedPartialAggregateStream=177079
event	430044	refusal	RepartitionExec[110]	1	449225	2521367	2085625985	261	122	1903702711	934026	RepartitionExec[Merge]=1903702711;RepartitionExec=181746195;OrderedPartialAggregateStream=177079
event	430055	refusal	RepartitionExec[114]	1	1036304	1585271	2085625985	261	122	1903702711	934026	RepartitionExec[Merge]=1903702711;RepartitionExec=181746195;OrderedPartialAggregateStream=177079
event	430073	refusal	RepartitionExec[114]	1	198818	1585271	2085625985	261	122	1903702711	934026	RepartitionExec[Merge]=1903702711;RepartitionExec=181746195;OrderedPartialAggregateStream=177079
event	430093	refusal	RepartitionExec[88]	1	583771	2521367	2085625985	261	122	1903702711	934026	RepartitionExec[Merge]=1903702711;RepartitionExec=181746195;OrderedPartialAggregateStream=177079
event	430119	refusal	RepartitionExec[115]	1	198818	1903886	2085625985	261	122	1903702711	934026	RepartitionExec[Merge]=1903702711;RepartitionExec=181746195;OrderedPartialAggregateStream=177079
event	430163	refusal	RepartitionExec[116]	1	198818	1585271	2085625985	261	122	1903702711	934026	RepartitionExec[Merge]=1903702711;RepartitionExec=181746195;OrderedPartialAggregateStream=177079
event	430181	refusal	RepartitionExec[109]	1	738735	2464023	2085635329	261	122	1903712055	933990	RepartitionExec[Merge]=1903712055;RepartitionExec=181746195;OrderedPartialAggregateStream=177079
event	430207	refusal	RepartitionExec[13]	1	940338	790854	2085655837	261	122	1903732563	933912	RepartitionExec[Merge]=1903732563;RepartitionExec=181746195;OrderedPartialAggregateStream=177079
event	430209	refusal	RepartitionExec[117]	1	198818	1701311	2085655837	261	122	1903732563	933912	RepartitionExec[Merge]=1903732563;RepartitionExec=181746195;OrderedPartialAggregateStream=177079
event	430229	refusal	RepartitionExec[48]	1	1036304	885585	2085663097	261	122	1903739823	933884	RepartitionExec[Merge]=1903739823;RepartitionExec=181746195;OrderedPartialAggregateStream=177079
event	430252	refusal	RepartitionExec[118]	1	198818	1799363	2085668241	261	122	1903744967	933864	RepartitionExec[Merge]=1903744967;RepartitionExec=181746195;OrderedPartialAggregateStream=177079
event	430261	refusal	RepartitionExec[48]	1	835715	885585	2085668241	261	122	1903744967	933864	RepartitionExec[Merge]=1903744967;RepartitionExec=181746195;OrderedPartialAggregateStream=177079
event	430310	refusal	RepartitionExec[119]	1	198818	1643967	2085690005	261	122	1903766731	933781	RepartitionExec[Merge]=1903766731;RepartitionExec=181746195;OrderedPartialAggregateStream=177079
event	430325	refusal	RepartitionExec[14]	1	517325	772989	2085695461	261	122	1903772187	933760	RepartitionExec[Merge]=1903772187;RepartitionExec=181746195;OrderedPartialAggregateStream=177079
event	430326	refusal	RepartitionExec[74]	1	466869	2279122	2085695461	261	122	1903772187	933760	RepartitionExec[Merge]=1903772187;RepartitionExec=181746195;OrderedPartialAggregateStream=177079
event	430345	refusal	RepartitionExec[49]	1	835715	783556	2085705133	261	122	1903781859	933723	RepartitionExec[Merge]=1903781859;RepartitionExec=181746195;OrderedPartialAggregateStream=177079
event	430398	refusal	RepartitionExec[69]	1	485748	2395162	2085539590	261	122	1903781859	933723	RepartitionExec[Merge]=1903781859;RepartitionExec=181746195;OrderedPartialAggregateStream=11536
event	430405	refusal	RepartitionExec[107]	1	30024	2521367	2085539590	261	122	1903781859	933723	RepartitionExec[Merge]=1903781859;RepartitionExec=181746195;OrderedPartialAggregateStream=11536
event	430420	refusal	RepartitionExec[44]	1	505187	840900	2085539590	261	122	1903781859	933723	RepartitionExec[Merge]=1903781859;RepartitionExec=181746195;OrderedPartialAggregateStream=11536
event	430449	refusal	RepartitionExec[47]	1	502605	783556	2085539590	261	122	1903781859	933723	RepartitionExec[Merge]=1903781859;RepartitionExec=181746195;OrderedPartialAggregateStream=11536
event	430480	refusal	RepartitionExec[66]	1	918986	2337818	2085560918	261	122	1903803187	933641	RepartitionExec[Merge]=1903803187;RepartitionExec=181746195;OrderedPartialAggregateStream=11536
event	430499	refusal	RepartitionExec[70]	1	485748	2279122	2085575110	261	122	1903817379	933587	RepartitionExec[Merge]=1903817379;RepartitionExec=181746195;OrderedPartialAggregateStream=11536
event	430522	refusal	RepartitionExec[115]	1	1036304	1903886	2085581402	261	122	1903823671	933563	RepartitionExec[Merge]=1903823671;RepartitionExec=181746195;OrderedPartialAggregateStream=11536
event	430569	refusal	RepartitionExec[89]	1	583771	1557118	2085596250	261	122	1903838519	933506	RepartitionExec[Merge]=1903838519;RepartitionExec=181746195;OrderedPartialAggregateStream=11536
event	430583	refusal	RepartitionExec[110]	1	738735	2521367	2085601574	261	122	1903843843	933485	RepartitionExec[Merge]=1903843843;RepartitionExec=181746195;OrderedPartialAggregateStream=11536
event	430630	refusal	RepartitionExec[116]	1	1036304	1585271	2085630326	261	122	1903872595	933375	RepartitionExec[Merge]=1903872595;RepartitionExec=181746195;OrderedPartialAggregateStream=11536
event	430653	refusal	RepartitionExec[49]	1	1036304	783556	2085643846	261	122	1903886115	933323	RepartitionExec[Merge]=1903886115;RepartitionExec=181746195;OrderedPartialAggregateStream=11536
event	430670	refusal	RepartitionExec[32]	1	487322	771415	2085653698	261	122	1903895967	933286	RepartitionExec[Merge]=1903895967;RepartitionExec=181746195;OrderedPartialAggregateStream=11536
event	430698	refusal	RepartitionExec[15]	1	517325	790854	2085670958	261	122	1903913227	933220	RepartitionExec[Merge]=1903913227;RepartitionExec=181746195;OrderedPartialAggregateStream=11536
event	430761	refusal	RepartitionExec[75]	1	466869	2521367	2085706430	261	122	1903948699	933084	RepartitionExec[Merge]=1903948699;RepartitionExec=181746195;OrderedPartialAggregateStream=11536
event	430762	refusal	RepartitionExec[33]	1	487322	752536	2085706430	261	122	1903955451	933058	RepartitionExec[Merge]=1903955451;RepartitionExec=181746195;OrderedPartialAggregateStream=11536
event	430784	refusal	RepartitionExec[111]	1	449225	2279122	2085729146	261	122	1903971415	932997	RepartitionExec[Merge]=1903971415;RepartitionExec=181746195;OrderedPartialAggregateStream=11536
event	430815	refusal	RepartitionExec[45]	1	505187	783556	2085760286	261	122	1904002555	932877	RepartitionExec[Merge]=1904002555;RepartitionExec=181746195;OrderedPartialAggregateStream=11536
event	430876	refusal	RepartitionExec[48]	1	502605	885585	2085792254	261	122	1904034523	932755	RepartitionExec[Merge]=1904034523;RepartitionExec=181746195;OrderedPartialAggregateStream=11536
event	430975	refusal	RepartitionExec[67]	1	918986	2279122	2085793306	261	122	1904034523	932755	RepartitionExec[Merge]=1904034523;RepartitionExec=181746195;OrderedPartialAggregateStream=11536
event	430987	refusal	RepartitionExec[46]	1	505187	724860	2085802378	261	122	1904041031	932730	RepartitionExec[Merge]=1904041031;RepartitionExec=181746195;OrderedPartialAggregateStream=11536
event	431000	refusal	RepartitionExec[90]	1	583771	1614462	2085804078	261	122	1904044647	932716	RepartitionExec[Merge]=1904044647;RepartitionExec=181746195;OrderedPartialAggregateStream=11536
event	431010	refusal	RepartitionExec[111]	1	738735	2279122	2085818522	261	122	1904060791	932654	RepartitionExec[Merge]=1904060791;RepartitionExec=181746195;OrderedPartialAggregateStream=11536
event	431022	refusal	RepartitionExec[14]	1	940338	772989	2085837078	261	122	1904079347	932583	RepartitionExec[Merge]=1904079347;RepartitionExec=181746195;OrderedPartialAggregateStream=11536
event	431065	refusal	RepartitionExec[117]	1	1036304	1701311	2085882058	261	122	1904124327	932411	RepartitionExec[Merge]=1904124327;RepartitionExec=181746195;OrderedPartialAggregateStream=11536
event	431070	refusal	RepartitionExec[47]	1	505187	783556	2085891270	261	122	1904133539	932375	RepartitionExec[Merge]=1904133539;RepartitionExec=181746195;OrderedPartialAggregateStream=11536
event	431118	refusal	RepartitionExec[50]	1	835715	885585	2085906118	261	122	1904148387	932319	RepartitionExec[Merge]=1904148387;RepartitionExec=181746195;OrderedPartialAggregateStream=11536
event	431127	refusal	RepartitionExec[16]	1	517325	771415	2085906118	261	122	1904148387	932319	RepartitionExec[Merge]=1904148387;RepartitionExec=181746195;OrderedPartialAggregateStream=11536
event	431194	refusal	RepartitionExec[34]	1	487322	796825	2085933230	261	122	1904175499	932215	RepartitionExec[Merge]=1904175499;RepartitionExec=181746195;OrderedPartialAggregateStream=11536
event	431210	refusal	RepartitionExec[76]	1	466869	2405327	2085944050	261	122	1904186319	932173	RepartitionExec[Merge]=1904186319;RepartitionExec=181746195;OrderedPartialAggregateStream=11536
event	431227	refusal	RepartitionExec[112]	1	449225	2279122	2085953394	261	122	1904195663	932137	RepartitionExec[Merge]=1904195663;RepartitionExec=181746195;OrderedPartialAggregateStream=11536
event	431286	refusal	RepartitionExec[71]	1	485748	2405327	2085999850	261	122	1904242119	931959	RepartitionExec[Merge]=1904242119;RepartitionExec=181746195;OrderedPartialAggregateStream=11536
event	431298	refusal	RepartitionExec[35]	1	487322	897620	2086023738	261	122	1904266007	931868	RepartitionExec[Merge]=1904266007;RepartitionExec=181746195;OrderedPartialAggregateStream=11536
event	431328	refusal	RepartitionExec[113]	1	449225	2405327	2086036774	261	122	1904279043	931818	RepartitionExec[Merge]=1904279043;RepartitionExec=181746195;OrderedPartialAggregateStream=11536
event	431363	refusal	RepartitionExec[50]	1	1036304	885585	2086079274	261	122	1904321543	931655	RepartitionExec[Merge]=1904321543;RepartitionExec=181746195;OrderedPartialAggregateStream=11536
event	431407	refusal	RepartitionExec[91]	1	583771	1498422	2086123326	261	122	1904365595	931486	RepartitionExec[Merge]=1904365595;RepartitionExec=181746195;OrderedPartialAggregateStream=11536
event	431424	refusal	RepartitionExec[112]	1	738735	2279122	2086135878	261	122	1904378147	931438	RepartitionExec[Merge]=1904378147;RepartitionExec=181746195;OrderedPartialAggregateStream=11536
event	431435	refusal	RepartitionExec[15]	1	940338	790854	2086153614	261	122	1904395883	931370	RepartitionExec[Merge]=1904395883;RepartitionExec=181746195;OrderedPartialAggregateStream=11536
event	431485	refusal	RepartitionExec[118]	1	1036304	1799363	2086216038	261	122	1904455383	931142	RepartitionExec[Merge]=1904455383;RepartitionExec=181746195;OrderedPartialAggregateStream=11536
event	431487	refusal	RepartitionExec[48]	1	505187	885585	2086216038	261	122	1904458307	931131	RepartitionExec[Merge]=1904458307;RepartitionExec=181746195;OrderedPartialAggregateStream=11536
event	431519	refusal	RepartitionExec[113]	1	738735	2405327	2086264434	261	122	1904506703	930946	RepartitionExec[Merge]=1904506703;RepartitionExec=181746195;OrderedPartialAggregateStream=11536
event	431535	refusal	RepartitionExec[20]	1	517325	1039466	2087838485	261	122	1904528779	930861	RepartitionExec[Merge]=1904528779;RepartitionExec=183298170;OrderedPartialAggregateStream=11536
event	431560	refusal	RepartitionExec[49]	1	502605	783556	2087858461	261	122	1904548755	930785	RepartitionExec[Merge]=1904548755;RepartitionExec=183298170;OrderedPartialAggregateStream=11536
event	431617	refusal	RepartitionExec[77]	1	466869	2337818	2087944021	261	122	1904634315	930457	RepartitionExec[Merge]=1904634315;RepartitionExec=183298170;OrderedPartialAggregateStream=11536
event	431633	refusal	RepartitionExec[68]	1	918986	2405327	2087964021	261	122	1904654315	930380	RepartitionExec[Merge]=1904654315;RepartitionExec=183298170;OrderedPartialAggregateStream=11536
event	431680	refusal	RepartitionExec[72]	1	485748	2279122	2088045997	261	122	1904736291	930066	RepartitionExec[Merge]=1904736291;RepartitionExec=183298170;OrderedPartialAggregateStream=11536
event	431703	refusal	RepartitionExec[36]	1	487322	897620	2088078581	261	122	1904768875	929941	RepartitionExec[Merge]=1904768875;RepartitionExec=183298170;OrderedPartialAggregateStream=11536
event	431710	refusal	RepartitionExec[114]	1	449225	1585271	2088088065	261	122	1904778359	929905	RepartitionExec[Merge]=1904778359;RepartitionExec=183298170;OrderedPartialAggregateStream=11536
event	431734	refusal	RepartitionExec[51]	1	1036304	849062	2088129213	261	122	1904819507	929747	RepartitionExec[Merge]=1904819507;RepartitionExec=183298170;OrderedPartialAggregateStream=11536
event	431757	refusal	RepartitionExec[92]	1	583771	1643967	2088164061	261	122	1904854355	929614	RepartitionExec[Merge]=1904854355;RepartitionExec=183298170;OrderedPartialAggregateStream=11536
event	431774	release_after_refusal	RepartitionExec[37]	1	502605	399837	2087678676	261	122	1904871575		RepartitionExec[Merge]=1904871575;RepartitionExec=182795565;OrderedPartialAggregateStream=11536
event	431789	refusal	RepartitionExec[51]	1	835715	849062	2088192509	261	122	1905385408	927579	RepartitionExec[Merge]=1905385408;RepartitionExec=182795565;OrderedPartialAggregateStream=11536
event	431815	refusal	RepartitionExec[16]	1	940338	771415	2088210557	261	122	1905403456	927510	RepartitionExec[Merge]=1905403456;RepartitionExec=182795565;OrderedPartialAggregateStream=11536
event	431872	refusal	RepartitionExec[119]	1	1036304	1643967	2088243021	261	122	1905433464	927395	RepartitionExec[Merge]=1905433464;RepartitionExec=182795565;OrderedPartialAggregateStream=11536
event	431881	refusal	RepartitionExec[49]	1	505187	783556	2088251533	261	122	1905444432	927353	RepartitionExec[Merge]=1905444432;RepartitionExec=182795565;OrderedPartialAggregateStream=11536
event	431902	refusal	RepartitionExec[114]	1	738735	1585271	2088266841	261	122	1905459740	927294	RepartitionExec[Merge]=1905459740;RepartitionExec=182795565;OrderedPartialAggregateStream=11536
event	431949	refusal	RepartitionExec[22]	1	517325	1005835	2088851582	261	122	1905527156	927036	RepartitionExec[Merge]=1905527156;RepartitionExec=183312890;OrderedPartialAggregateStream=11536
event	431961	release_after_refusal	RepartitionExec[29]	1	583771	285667	2088267811	261	122	1905527156		RepartitionExec[Merge]=1905527156;RepartitionExec=182729119;OrderedPartialAggregateStream=11536
event	431991	refusal	RepartitionExec[50]	1	502605	885585	2088852134	261	122	1906111479	924797	RepartitionExec[Merge]=1906111479;RepartitionExec=182729119;OrderedPartialAggregateStream=11536
event	431991	release_after_refusal	RepartitionExec[20]	1	485748	553718	2088366386	261	122	1906111479		RepartitionExec[Merge]=1906111479;RepartitionExec=182243371;OrderedPartialAggregateStream=11536
event	431993	refusal	RepartitionExec[78]	1	466869	2464023	2087782615	261	122	1906111479	924797	RepartitionExec[Merge]=1906111479;RepartitionExec=182243371;OrderedPartialAggregateStream=11536
event	431993	release_after_refusal	RepartitionExec[30]	1	583771	285667	2087782615	261	122	1906112819		RepartitionExec[Merge]=1906112819;RepartitionExec=181659600;OrderedPartialAggregateStream=11536
event	432023	release_after_refusal	RepartitionExec[31]	1	583771	285667	2088269263	261	122	1907648767		RepartitionExec[Merge]=1907648767;RepartitionExec=180608960;OrderedPartialAggregateStream=11536
event	432027	release_after_refusal	RepartitionExec[22]	1	918986	86849	2087934564	261	122	1908233054		RepartitionExec[Merge]=1908233054;RepartitionExec=179689974;OrderedPartialAggregateStream=11536
event	432032	refusal	RepartitionExec[69]	1	918986	2395162	2087934564	261	122	1908233054	916668	RepartitionExec[Merge]=1908233054;RepartitionExec=179689974;OrderedPartialAggregateStream=11536
event	432045	release_after_refusal	RepartitionExec[34]	1	583771	213054	2088271195	261	122	1909153456		RepartitionExec[Merge]=1909153456;RepartitionExec=179106203;OrderedPartialAggregateStream=11536
event	432055	release_after_refusal	RepartitionExec[23]	1	918986	86849	2087353369	261	122	1909154616		RepartitionExec[Merge]=1909154616;RepartitionExec=178187217;OrderedPartialAggregateStream=11536
event	432063	refusal	RepartitionExec[73]	1	485748	1498422	2087936100	261	122	1909737347	910905	RepartitionExec[Merge]=1909737347;RepartitionExec=178187217;OrderedPartialAggregateStream=11536
event	432082	refusal	RepartitionExec[51]	1	502605	849062	2088856430	261	122	1910657677	907379	RepartitionExec[Merge]=1910657677;RepartitionExec=178187217;OrderedPartialAggregateStream=11536
event	432096	release_after_refusal	RepartitionExec[36]	1	485748	411872	2088370682	261	122	1910657677		RepartitionExec[Merge]=1910657677;RepartitionExec=177701469;OrderedPartialAggregateStream=11536
event	432127	refusal	RepartitionExec[115]	1	449225	1903886	2088856550	261	122	1911143545	905517	RepartitionExec[Merge]=1911143545;RepartitionExec=177701469;OrderedPartialAggregateStream=11536
event	432161	refusal	RepartitionExec[52]	1	1036304	866706	2088856550	261	122	1911143545	905517	RepartitionExec[Merge]=1911143545;RepartitionExec=177701469;OrderedPartialAggregateStream=11536
event	432173	refusal	RepartitionExec[93]	1	583771	2395162	2088856550	261	122	1911143545	905517	RepartitionExec[Merge]=1911143545;RepartitionExec=177701469;OrderedPartialAggregateStream=11536
event	432217	refusal	RepartitionExec[52]	1	835715	866706	2088856550	261	122	1911143545	905517	RepartitionExec[Merge]=1911143545;RepartitionExec=177701469;OrderedPartialAggregateStream=11536
event	432229	refusal	RepartitionExec[17]	1	940338	604174	2088856550	261	122	1911143545	905517	RepartitionExec[Merge]=1911143545;RepartitionExec=177701469;OrderedPartialAggregateStream=11536
event	432298	refusal	RepartitionExec[50]	1	505187	885585	2088879134	261	122	1911166129	905431	RepartitionExec[Merge]=1911166129;RepartitionExec=177701469;OrderedPartialAggregateStream=11536
event	432331	refusal	RepartitionExec[115]	1	738735	1903886	2089918928	261	122	1911171273	905411	RepartitionExec[Merge]=1911171273;RepartitionExec=178736119;OrderedPartialAggregateStream=11536
event	432363	refusal	RepartitionExec[27]	1	517325	401707	2090953578	261	122	1911171273	905411	RepartitionExec[Merge]=1911171273;RepartitionExec=179770769;OrderedPartialAggregateStream=11536
event	432389	refusal	RepartitionExec[79]	1	466869	2521367	2090953578	261	122	1911171273	905411	RepartitionExec[Merge]=1911171273;RepartitionExec=179770769;OrderedPartialAggregateStream=11536
event	432577	refusal	RepartitionExec[38]	1	487322	902442	2091440900	261	122	1911171273	905411	RepartitionExec[Merge]=1911171273;RepartitionExec=180258091;OrderedPartialAggregateStream=11536
event	432589	refusal	RepartitionExec[80]	1	466869	2279122	2091440900	261	122	1911171273	905411	RepartitionExec[Merge]=1911171273;RepartitionExec=180258091;OrderedPartialAggregateStream=11536
event	432737	refusal	RepartitionExec[52]	1	502605	866706	2091471984	261	122	1911202357	905292	RepartitionExec[Merge]=1911202357;RepartitionExec=180258091;OrderedPartialAggregateStream=11536
event	432739	refusal	RepartitionExec[74]	1	485748	2279122	2091471984	261	122	1911202357	905292	RepartitionExec[Merge]=1911202357;RepartitionExec=180258091;OrderedPartialAggregateStream=11536
event	432760	refusal	RepartitionExec[116]	1	449225	1585271	2091501172	261	122	1911231545	905180	RepartitionExec[Merge]=1911231545;RepartitionExec=180258091;OrderedPartialAggregateStream=11536
event	432780	refusal	RepartitionExec[53]	1	1036304	866706	2091532264	261	122	1911262637	905061	RepartitionExec[Merge]=1911262637;RepartitionExec=180258091;OrderedPartialAggregateStream=11536
event	432804	refusal	RepartitionExec[94]	1	583771	2521367	2091544800	261	122	1911275173	905013	RepartitionExec[Merge]=1911275173;RepartitionExec=180258091;OrderedPartialAggregateStream=11536
event	432834	refusal	RepartitionExec[75]	1	485748	2521367	2091559920	261	122	1911290293	904955	RepartitionExec[Merge]=1911290293;RepartitionExec=180258091;OrderedPartialAggregateStream=11536
event	432865	refusal	RepartitionExec[18]	1	940338	861688	2091585244	261	122	1911315617	904858	RepartitionExec[Merge]=1911315617;RepartitionExec=180258091;OrderedPartialAggregateStream=11536
event	432885	refusal	RepartitionExec[51]	1	505187	849062	2091591184	261	122	1911838882	902853	RepartitionExec[Merge]=1911838882;RepartitionExec=179740766;OrderedPartialAggregateStream=11536
event	432953	refusal	RepartitionExec[116]	1	738735	1585271	2091624384	261	122	1911872082	902726	RepartitionExec[Merge]=1911872082;RepartitionExec=179740766;OrderedPartialAggregateStream=11536
event	432957	refusal	RepartitionExec[28]	1	517325	811232	2091624384	261	122	1911872082	902726	RepartitionExec[Merge]=1911872082;RepartitionExec=179740766;OrderedPartialAggregateStream=11536
event	432990	refusal	RepartitionExec[70]	1	918986	2279122	2091636968	261	122	1911884666	902678	RepartitionExec[Merge]=1911884666;RepartitionExec=179740766;OrderedPartialAggregateStream=11536
event	433004	refusal	RepartitionExec[39]	1	487322	840900	2091647788	261	122	1911895486	902636	RepartitionExec[Merge]=1911895486;RepartitionExec=179740766;OrderedPartialAggregateStream=11536
event	433030	refusal	RepartitionExec[81]	1	466869	2580063	2091663424	261	122	1911911122	902576	RepartitionExec[Merge]=1911911122;RepartitionExec=179740766;OrderedPartialAggregateStream=11536
event	433082	refusal	RepartitionExec[53]	1	502605	866706	2091685516	261	122	1911933214	902492	RepartitionExec[Merge]=1911933214;RepartitionExec=179740766;OrderedPartialAggregateStream=11536
event	433099	release_after_refusal	RepartitionExec[51]	1	449225	399837	2091236291	261	122	1911933214		RepartitionExec[Merge]=1911933214;RepartitionExec=179291541;OrderedPartialAggregateStream=11536
event	433145	refusal	RepartitionExec[53]	1	835715	866706	2091685636	261	122	1912382559	900770	RepartitionExec[Merge]=1912382559;RepartitionExec=179291541;OrderedPartialAggregateStream=11536
event	433162	refusal	RepartitionExec[117]	1	449225	1701311	2091685636	261	122	1912382559	900770	RepartitionExec[Merge]=1912382559;RepartitionExec=179291541;OrderedPartialAggregateStream=11536
event	433224	refusal	RepartitionExec[54]	1	1036304	849062	2091700944	261	122	1912397867	900711	RepartitionExec[Merge]=1912397867;RepartitionExec=179291541;OrderedPartialAggregateStream=11536
event	433256	refusal	RepartitionExec[95]	1	583771	2464023	2091705612	261	122	1912402535	900693	RepartitionExec[Merge]=1912402535;RepartitionExec=179291541;OrderedPartialAggregateStream=11536
event	433312	refusal	RepartitionExec[76]	1	485748	2405327	2091710428	261	122	1912407351	900675	RepartitionExec[Merge]=1912407351;RepartitionExec=179291541;OrderedPartialAggregateStream=11536
event	433386	refusal	RepartitionExec[19]	1	940338	861752	2091730920	261	122	1912427843	900596	RepartitionExec[Merge]=1912427843;RepartitionExec=179291541;OrderedPartialAggregateStream=11536
event	433399	refusal	RepartitionExec[96]	1	583771	3007739	2091736556	261	122	1912433479	900575	RepartitionExec[Merge]=1912433479;RepartitionExec=179291541;OrderedPartialAggregateStream=11536
event	433413	refusal	RepartitionExec[77]	1	485748	2337818	2091741044	261	122	1912437967	900558	RepartitionExec[Merge]=1912437967;RepartitionExec=179291541;OrderedPartialAggregateStream=11536
event	433488	refusal	RepartitionExec[20]	1	940338	86849	2093331207	261	122	1912476155	900411	RepartitionExec[Merge]=1912476155;RepartitionExec=180843516;OrderedPartialAggregateStream=11536
event	433521	refusal	RepartitionExec[32]	1	517325	771415	2093347499	261	122	1912492447	900349	RepartitionExec[Merge]=1912492447;RepartitionExec=180843516;OrderedPartialAggregateStream=11536
event	433525	refusal	RepartitionExec[40]	1	487322	724860	2093347499	261	122	1912492447	900349	RepartitionExec[Merge]=1912492447;RepartitionExec=180843516;OrderedPartialAggregateStream=11536
event	433547	refusal	RepartitionExec[82]	1	466869	2405327	2093352823	261	122	1912497771	900329	RepartitionExec[Merge]=1912497771;RepartitionExec=180843516;OrderedPartialAggregateStream=11536
event	433629	refusal	RepartitionExec[83]	1	466869	2405327	2093426779	261	122	1913089052	898063	RepartitionExec[Merge]=1913089052;RepartitionExec=180326191;OrderedPartialAggregateStream=11536
event	433632	refusal	RepartitionExec[54]	1	502605	849062	2093426779	261	122	1913089052	898063	RepartitionExec[Merge]=1913089052;RepartitionExec=180326191;OrderedPartialAggregateStream=11536
event	433676	refusal	RepartitionExec[118]	1	449225	1799363	2093480663	261	122	1913660261	895875	RepartitionExec[Merge]=1913660261;RepartitionExec=179808866;OrderedPartialAggregateStream=11536
event	433685	refusal	RepartitionExec[55]	1	1036304	849062	2093498251	261	122	1913677849	895807	RepartitionExec[Merge]=1913677849;RepartitionExec=179808866;OrderedPartialAggregateStream=11536
event	433722	refusal	RepartitionExec[52]	1	505187	866706	2093542559	261	122	1913722157	895637	RepartitionExec[Merge]=1913722157;RepartitionExec=179808866;OrderedPartialAggregateStream=11536
event	433745	refusal	RepartitionExec[117]	1	738735	1701311	2093559311	261	122	1913738909	895573	RepartitionExec[Merge]=1913738909;RepartitionExec=179808866;OrderedPartialAggregateStream=11536
event	433789	refusal	RepartitionExec[71]	1	918986	2405327	2093590271	261	122	1913769869	895455	RepartitionExec[Merge]=1913769869;RepartitionExec=179808866;OrderedPartialAggregateStream=11536
event	433812	refusal	RepartitionExec[97]	1	583771	2464023	2093622855	261	122	1913802453	895330	RepartitionExec[Merge]=1913802453;RepartitionExec=179808866;OrderedPartialAggregateStream=11536
event	433841	refusal	RepartitionExec[78]	1	485748	2464023	2093653027	261	122	1913832625	895214	RepartitionExec[Merge]=1913832625;RepartitionExec=179808866;OrderedPartialAggregateStream=11536
event	433905	refusal	RepartitionExec[72]	1	918986	2279122	2093722659	261	122	1913902257	894947	RepartitionExec[Merge]=1913902257;RepartitionExec=179808866;OrderedPartialAggregateStream=11536
event	433937	refusal	RepartitionExec[41]	1	487322	586608	2093748587	261	122	1913921637	894873	RepartitionExec[Merge]=1913921637;RepartitionExec=179808866;OrderedPartialAggregateStream=11536
event	433950	refusal	RepartitionExec[33]	1	517325	752536	2093757499	261	122	1913937097	894814	RepartitionExec[Merge]=1913937097;RepartitionExec=179808866;OrderedPartialAggregateStream=11536
event	434000	refusal	RepartitionExec[84]	1	466869	2405327	2093804095	261	122	1913977309	894660	RepartitionExec[Merge]=1913977309;RepartitionExec=179808866;OrderedPartialAggregateStream=11536
event	434266	refusal	RepartitionExec[55]	1	502605	849062	2093806371	261	122	1913983693	894635	RepartitionExec[Merge]=1913983693;RepartitionExec=179808866;OrderedPartialAggregateStream=11536
event	434285	refusal	RepartitionExec[119]	1	449225	1643967	2093807567	261	122	1913984889	894631	RepartitionExec[Merge]=1913984889;RepartitionExec=179808866;OrderedPartialAggregateStream=11536
event	434267	refusal	RepartitionExec[54]	1	835715	849062	2093806371	261	122	1913984889	894631	RepartitionExec[Merge]=1913984889;RepartitionExec=179808866;OrderedPartialAggregateStream=11536
event	434302	refusal	RepartitionExec[56]	1	1036304	975267	2093811695	261	122	1913984889	894631	RepartitionExec[Merge]=1913984889;RepartitionExec=179808866;OrderedPartialAggregateStream=11536
event	434308	refusal	RepartitionExec[53]	1	505187	866706	2093811695	261	122	1913984889	894631	RepartitionExec[Merge]=1913984889;RepartitionExec=179808866;OrderedPartialAggregateStream=11536
event	434315	refusal	RepartitionExec[73]	1	918986	1498422	2093811695	261	122	1913984889	894631	RepartitionExec[Merge]=1913984889;RepartitionExec=179808866;OrderedPartialAggregateStream=11536
event	434324	refusal	RepartitionExec[118]	1	738735	1799363	2093811695	261	122	1913984889	894631	RepartitionExec[Merge]=1913984889;RepartitionExec=179808866;OrderedPartialAggregateStream=11536
event	434343	refusal	RepartitionExec[98]	1	583771	2522719	2093819599	261	122	1913999197	894576	RepartitionExec[Merge]=1913999197;RepartitionExec=179808866;OrderedPartialAggregateStream=11536
event	434366	refusal	RepartitionExec[42]	1	487322	724860	2093826219	261	122	1914005817	894551	RepartitionExec[Merge]=1914005817;RepartitionExec=179808866;OrderedPartialAggregateStream=11536
event	434406	refusal	RepartitionExec[21]	1	940338	604174	2093848147	261	122	1914027745	894467	RepartitionExec[Merge]=1914027745;RepartitionExec=179808866;OrderedPartialAggregateStream=11536
event	434450	refusal	RepartitionExec[119]	1	738735	1643967	2093877959	261	122	1914057557	894352	RepartitionExec[Merge]=1914057557;RepartitionExec=179808866;OrderedPartialAggregateStream=11536
event	434460	release_after_refusal	RepartitionExec[32]	1	485748	285667	2093395919	260	122	1914579414		RepartitionExec[Merge]=1914579414;RepartitionExec=178805793;OrderedPartialAggregateStream=10712
event	434462	refusal	RepartitionExec[79]	1	485748	2521367	2093397871	260	122	1914579414	895785	RepartitionExec[Merge]=1914579414;RepartitionExec=178805793;OrderedPartialAggregateStream=10712
event	434483	refusal	RepartitionExec[56]	1	502605	975267	2093894339	260	122	1915077834	893868	RepartitionExec[Merge]=1915077834;RepartitionExec=178805793;OrderedPartialAggregateStream=10712
event	434520	refusal	RepartitionExec[22]	1	940338	86849	2093421307	260	122	1915090550	893819	RepartitionExec[Merge]=1915090550;RepartitionExec=178320045;OrderedPartialAggregateStream=10712
event	434562	release_after_refusal	RepartitionExec[16]	1	485748	285667	2093434555	260	122	1915589546		RepartitionExec[Merge]=1915589546;RepartitionExec=177834297;OrderedPartialAggregateStream=10712
event	434571	refusal	RepartitionExec[55]	1	835715	849062	2093920423	260	122	1916075414	890031	RepartitionExec[Merge]=1916075414;RepartitionExec=177834297;OrderedPartialAggregateStream=10712
event	434643	refusal	RepartitionExec[54]	1	505187	849062	2093922735	260	122	1916075414	890031	RepartitionExec[Merge]=1916075414;RepartitionExec=177834297;OrderedPartialAggregateStream=10712
event	434668	refusal	RepartitionExec[74]	1	918986	2279122	2093922735	260	122	1916075414	890031	RepartitionExec[Merge]=1916075414;RepartitionExec=177834297;OrderedPartialAggregateStream=10712
event	434676	refusal	RepartitionExec[57]	1	1036304	724860	2093922735	260	122	1916075414	890031	RepartitionExec[Merge]=1916075414;RepartitionExec=177834297;OrderedPartialAggregateStream=10712
event	434724	refusal	RepartitionExec[85]	1	466869	2279122	2093937683	260	122	1916092674	889965	RepartitionExec[Merge]=1916092674;RepartitionExec=177834297;OrderedPartialAggregateStream=10712
event	434737	refusal	OrderedPartialAggregateStream[115]	1	1818222	824	2093938663	260	122	1916092674	889965	RepartitionExec[Merge]=1916092674;RepartitionExec=177834297;OrderedPartialAggregateStream=10712
event	434745	refusal	RepartitionExec[99]	1	583771	2464023	2093942023	260	122	1916097014	889948	RepartitionExec[Merge]=1916097014;RepartitionExec=177834297;OrderedPartialAggregateStream=10712
event	434823	refusal	RepartitionExec[43]	1	487322	724860	2094476748	260	122	1916114414	889881	RepartitionExec[Merge]=1916114414;RepartitionExec=178351622;OrderedPartialAggregateStream=10712
event	434827	refusal	RepartitionExec[35]	1	517325	897620	2094476748	260	122	1916114414	889881	RepartitionExec[Merge]=1916114414;RepartitionExec=178351622;OrderedPartialAggregateStream=10712
event	435021	refusal	RepartitionExec[23]	1	940338	86849	2094540284	260	122	1916177950	889637	RepartitionExec[Merge]=1916177950;RepartitionExec=178351622;OrderedPartialAggregateStream=10712
event	435078	refusal	RepartitionExec[56]	1	835715	975267	2094564440	259	122	1916202930	892975	RepartitionExec[Merge]=1916202930;RepartitionExec=178351622;OrderedPartialAggregateStream=9888
event	435086	refusal	RepartitionExec[57]	1	502605	724860	2094564440	259	122	1916202930	892975	RepartitionExec[Merge]=1916202930;RepartitionExec=178351622;OrderedPartialAggregateStream=9888
event	435095	refusal	RepartitionExec[55]	1	505187	849062	2094564440	259	122	1916202930	892975	RepartitionExec[Merge]=1916202930;RepartitionExec=178351622;OrderedPartialAggregateStream=9888
event	435153	refusal	RepartitionExec[75]	1	918986	2521367	2094580364	259	122	1916218854	892914	RepartitionExec[Merge]=1916218854;RepartitionExec=178351622;OrderedPartialAggregateStream=9888
event	435176	refusal	RepartitionExec[58]	1	1036304	1498422	2094580364	259	122	1916218854	892914	RepartitionExec[Merge]=1916218854;RepartitionExec=178351622;OrderedPartialAggregateStream=9888
event	435252	refusal	RepartitionExec[86]	1	466869	2279122	2094639944	259	122	1916278434	892684	RepartitionExec[Merge]=1916278434;RepartitionExec=178351622;OrderedPartialAggregateStream=9888
event	435272	release_after_refusal	RepartitionExec[28]	1	466869	344363	2094175423	259	122	1916280782		RepartitionExec[Merge]=1916280782;RepartitionExec=177884753;OrderedPartialAggregateStream=9888
event	435279	refusal	RepartitionExec[100]	1	583771	2405327	2094182175	259	122	1916280782	892675	RepartitionExec[Merge]=1916280782;RepartitionExec=177884753;OrderedPartialAggregateStream=9888
event	435298	refusal	RepartitionExec[44]	1	487322	840900	2094647104	259	122	1916754775	890845	RepartitionExec[Merge]=1916754775;RepartitionExec=177884753;OrderedPartialAggregateStream=9888
event	435299	release_after_refusal	RepartitionExec[33]	1	466869	285667	2094180235	259	122	1916754775		RepartitionExec[Merge]=1916754775;RepartitionExec=177417884;OrderedPartialAggregateStream=9888
event	435310	refusal	RepartitionExec[80]	1	485748	2279122	2094181503	259	122	1916752463	890853	RepartitionExec[Merge]=1916752463;RepartitionExec=177417884;OrderedPartialAggregateStream=9888
event	435319	refusal	RepartitionExec[36]	1	517325	411872	2094655788	259	122	1917228016	889017	RepartitionExec[Merge]=1917228016;RepartitionExec=177417884;OrderedPartialAggregateStream=9888
event	435360	refusal	RepartitionExec[24]	1	940338	802992	2094659916	259	122	1917232144	889001	RepartitionExec[Merge]=1917232144;RepartitionExec=177417884;OrderedPartialAggregateStream=9888
event	435378	release_after_refusal	RepartitionExec[52]	1	466869	399837	2094193047	259	122	1917232144		RepartitionExec[Merge]=1917232144;RepartitionExec=176951015;OrderedPartialAggregateStream=9888
event	435380	refusal	RepartitionExec[57]	1	835715	724860	2094195399	259	122	1917234496	888992	RepartitionExec[Merge]=1917234496;RepartitionExec=176951015;OrderedPartialAggregateStream=9888
event	435387	release_after_refusal	RepartitionExec[53]	1	466869	399837	2094195807	259	122	1917701773		RepartitionExec[Merge]=1917701773;RepartitionExec=176484146;OrderedPartialAggregateStream=9888
event	435433	refusal	RepartitionExec[58]	1	502605	1498422	2094664504	259	122	1918170470	885379	RepartitionExec[Merge]=1918170470;RepartitionExec=176484146;OrderedPartialAggregateStream=9888
event	435445	refusal	RepartitionExec[56]	1	505187	975267	2094661904	259	122	1918167870	885389	RepartitionExec[Merge]=1918167870;RepartitionExec=176484146;OrderedPartialAggregateStream=9888
event	435496	refusal	RepartitionExec[76]	1	918986	2405327	2094666808	259	122	1918172774	885370	RepartitionExec[Merge]=1918172774;RepartitionExec=176484146;OrderedPartialAggregateStream=9888
event	435521	refusal	RepartitionExec[59]	1	1036304	1711476	2094663812	259	122	1918169778	885381	RepartitionExec[Merge]=1918169778;RepartitionExec=176484146;OrderedPartialAggregateStream=9888
event	435547	refusal	RepartitionExec[59]	1	502605	1711476	2094894454	259	122	1918169778	885381	RepartitionExec[Merge]=1918169778;RepartitionExec=176714788;OrderedPartialAggregateStream=9888
event	435589	refusal	RepartitionExec[0]	1	381125	802992	2094895558	258	122	1918170882	888809	RepartitionExec[Merge]=1918170882;RepartitionExec=176714788;OrderedPartialAggregateStream=9888
event	435600	refusal	RepartitionExec[77]	1	918986	2337818	2094895558	258	122	1918170882	888809	RepartitionExec[Merge]=1918170882;RepartitionExec=176714788;OrderedPartialAggregateStream=9888
event	435609	refusal	RepartitionExec[101]	1	583771	2405327	2094895558	258	122	1918170882	888809	RepartitionExec[Merge]=1918170882;RepartitionExec=176714788;OrderedPartialAggregateStream=9888
event	435666	refusal	RepartitionExec[60]	1	1036304	2592110	2094892958	257	122	1918168282	892277	RepartitionExec[Merge]=1918168282;RepartitionExec=176714788;OrderedPartialAggregateStream=9888
event	435670	refusal	RepartitionExec[1]	1	381125	802992	2094892958	257	122	1918168282	892277	RepartitionExec[Merge]=1918168282;RepartitionExec=176714788;OrderedPartialAggregateStream=9888
event	435677	refusal	RepartitionExec[37]	1	517325	887159	2094892958	257	122	1918168282	892277	RepartitionExec[Merge]=1918168282;RepartitionExec=176714788;OrderedPartialAggregateStream=9888
event	435705	refusal	RepartitionExec[25]	1	940338	802992	2094892958	257	122	1918168282	892277	RepartitionExec[Merge]=1918168282;RepartitionExec=176714788;OrderedPartialAggregateStream=9888
event	435731	refusal	RepartitionExec[2]	1	381125	772989	2094892958	257	122	1918168282	892277	RepartitionExec[Merge]=1918168282;RepartitionExec=176714788;OrderedPartialAggregateStream=9888
event	435808	refusal	RepartitionExec[58]	1	835715	1498422	2095274083	257	122	1918168282	892277	RepartitionExec[Merge]=1918168282;RepartitionExec=177095913;OrderedPartialAggregateStream=9888
event	435811	refusal	RepartitionExec[87]	1	466869	2279122	2095274083	257	122	1918168282	892277	RepartitionExec[Merge]=1918168282;RepartitionExec=177095913;OrderedPartialAggregateStream=9888
event	435821	refusal	RepartitionExec[57]	1	505187	724860	2095274083	257	122	1918168282	892277	RepartitionExec[Merge]=1918168282;RepartitionExec=177095913;OrderedPartialAggregateStream=9888
event	435825	refusal	RepartitionExec[4]	1	381125	790854	2095274083	257	122	1918168282	892277	RepartitionExec[Merge]=1918168282;RepartitionExec=177095913;OrderedPartialAggregateStream=9888
event	435859	release_after_refusal	RepartitionExec[54]	1	449225	399837	2094829198	257	122	1918172622		RepartitionExec[Merge]=1918172622;RepartitionExec=176646688;OrderedPartialAggregateStream=9888
event	435863	refusal	RepartitionExec[81]	1	485748	2580063	2094829198	257	122	1918172622	892260	RepartitionExec[Merge]=1918172622;RepartitionExec=176646688;OrderedPartialAggregateStream=9888
event	435882	refusal	RepartitionExec[60]	1	502605	2592110	2095279883	257	122	1918621931	890512	RepartitionExec[Merge]=1918621931;RepartitionExec=176646688;OrderedPartialAggregateStream=9888
event	435886	release_after_refusal	RepartitionExec[55]	1	449225	399837	2094830658	257	122	1918621931		RepartitionExec[Merge]=1918621931;RepartitionExec=176197463;OrderedPartialAggregateStream=9888
event	435895	refusal	RepartitionExec[5]	1	381125	822678	2095284343	257	122	1919076992	888741	RepartitionExec[Merge]=1919076992;RepartitionExec=176197463;OrderedPartialAggregateStream=9888
event	435917	release_after_refusal	RepartitionExec[56]	1	449225	526042	2094856266	257	122	1919098140		RepartitionExec[Merge]=1919098140;RepartitionExec=175748238;OrderedPartialAggregateStream=9888
event	435921	refusal	RepartitionExec[78]	1	918986	2464023	2095305359	257	122	1919547233	886912	RepartitionExec[Merge]=1919547233;RepartitionExec=175748238;OrderedPartialAggregateStream=9888
event	435949	refusal	RepartitionExec[102]	1	583771	2592110	2095321799	257	122	1919563673	886848	RepartitionExec[Merge]=1919563673;RepartitionExec=175748238;OrderedPartialAggregateStream=9888
event	435960	refusal	RepartitionExec[6]	1	381125	906894	2095328091	257	122	1919569965	886823	RepartitionExec[Merge]=1919569965;RepartitionExec=175748238;OrderedPartialAggregateStream=9888
event	435979	refusal	RepartitionExec[61]	1	1036304	2592110	2095335023	257	122	1919576897	886796	RepartitionExec[Merge]=1919576897;RepartitionExec=175748238;OrderedPartialAggregateStream=9888
event	436002	refusal	RepartitionExec[45]	1	487322	783556	2095350199	257	122	1919592073	886737	RepartitionExec[Merge]=1919592073;RepartitionExec=175748238;OrderedPartialAggregateStream=9888
event	436011	refusal	RepartitionExec[7]	1	381125	802992	2095350199	257	122	1919592073	886737	RepartitionExec[Merge]=1919592073;RepartitionExec=175748238;OrderedPartialAggregateStream=9888
event	436031	refusal	RepartitionExec[38]	1	517325	902442	2095367787	257	122	1919609661	886669	RepartitionExec[Merge]=1919609661;RepartitionExec=175748238;OrderedPartialAggregateStream=9888
event	436053	refusal	RepartitionExec[26]	1	940338	802992	2095373899	257	122	1919615773	886645	RepartitionExec[Merge]=1919615773;RepartitionExec=175748238;OrderedPartialAggregateStream=9888
event	436071	refusal	RepartitionExec[8]	1	381125	790854	2095378895	257	122	1919620769	886625	RepartitionExec[Merge]=1919620769;RepartitionExec=175748238;OrderedPartialAggregateStream=9888
event	436123	refusal	RepartitionExec[59]	1	835715	1711476	2095412119	257	122	1919653993	886496	RepartitionExec[Merge]=1919653993;RepartitionExec=175748238;OrderedPartialAggregateStream=9888
event	436127	refusal	RepartitionExec[9]	1	381125	772989	2095412119	257	122	1919653993	886496	RepartitionExec[Merge]=1919653993;RepartitionExec=175748238;OrderedPartialAggregateStream=9888
event	436128	refusal	RepartitionExec[88]	1	466869	2521367	2095412119	257	122	1919653993	886496	RepartitionExec[Merge]=1919653993;RepartitionExec=175748238;OrderedPartialAggregateStream=9888
event	436148	refusal	RepartitionExec[58]	1	505187	1498422	2095431931	257	122	1919673805	886419	RepartitionExec[Merge]=1919673805;RepartitionExec=175748238;OrderedPartialAggregateStream=9888
event	436186	refusal	RepartitionExec[82]	1	485748	2405327	2095442963	257	122	1919683929	886380	RepartitionExec[Merge]=1919683929;RepartitionExec=175748238;OrderedPartialAggregateStream=9888
event	436193	refusal	RepartitionExec[10]	1	381125	790854	2095446083	257	122	1919687957	886364	RepartitionExec[Merge]=1919687957;RepartitionExec=175748238;OrderedPartialAggregateStream=9888
event	436210	refusal	RepartitionExec[61]	1	502605	2592110	2095452047	257	122	1919693921	886341	RepartitionExec[Merge]=1919693921;RepartitionExec=175748238;OrderedPartialAggregateStream=9888
event	436265	refusal	RepartitionExec[11]	1	381125	790854	2095481023	257	122	1919722897	886228	RepartitionExec[Merge]=1919722897;RepartitionExec=175748238;OrderedPartialAggregateStream=9888
event	436286	refusal	RepartitionExec[79]	1	918986	2521367	2095481023	257	122	1919722897	886228	RepartitionExec[Merge]=1919722897;RepartitionExec=175748238;OrderedPartialAggregateStream=9888
event	436293	refusal	RepartitionExec[103]	1	583771	2592110	2095481023	257	122	1919722897	886228	RepartitionExec[Merge]=1919722897;RepartitionExec=175748238;OrderedPartialAggregateStream=9888
event	436330	refusal	RepartitionExec[12]	1	381125	790854	2095481023	257	122	1919722897	886228	RepartitionExec[Merge]=1919722897;RepartitionExec=175748238;OrderedPartialAggregateStream=9888
event	436343	refusal	RepartitionExec[62]	1	1036304	1585271	2095481023	257	122	1919722897	886228	RepartitionExec[Merge]=1919722897;RepartitionExec=175748238;OrderedPartialAggregateStream=9888
event	436357	refusal	RepartitionExec[46]	1	487322	724860	2095481023	257	122	1919722897	886228	RepartitionExec[Merge]=1919722897;RepartitionExec=175748238;OrderedPartialAggregateStream=9888
event	436389	refusal	RepartitionExec[13]	1	381125	790854	2095481023	257	122	1919722897	886228	RepartitionExec[Merge]=1919722897;RepartitionExec=175748238;OrderedPartialAggregateStream=9888
event	436416	refusal	RepartitionExec[39]	1	517325	840900	2095481023	257	122	1919722897	886228	RepartitionExec[Merge]=1919722897;RepartitionExec=175748238;OrderedPartialAggregateStream=9888
event	436433	refusal	RepartitionExec[27]	1	940338	401707	2095481023	257	122	1919722897	886228	RepartitionExec[Merge]=1919722897;RepartitionExec=175748238;OrderedPartialAggregateStream=9888
event	436453	refusal	RepartitionExec[14]	1	381125	772989	2095491663	257	122	1919733537	886187	RepartitionExec[Merge]=1919733537;RepartitionExec=175748238;OrderedPartialAggregateStream=9888
event	436467	refusal	RepartitionExec[63]	1	1036304	1585271	2095498283	257	122	1919740157	886161	RepartitionExec[Merge]=1919740157;RepartitionExec=175748238;OrderedPartialAggregateStream=9888
event	436483	refusal	RepartitionExec[89]	1	466869	1557118	2095513739	257	122	1919755613	886101	RepartitionExec[Merge]=1919755613;RepartitionExec=175748238;OrderedPartialAggregateStream=9888
event	436502	refusal	RepartitionExec[15]	1	381125	790854	2095527103	257	122	1919768977	886049	RepartitionExec[Merge]=1919768977;RepartitionExec=175748238;OrderedPartialAggregateStream=9888
event	436568	refusal	RepartitionExec[59]	1	505187	1711476	2095602435	256	122	1919844309	889216	RepartitionExec[Merge]=1919844309;RepartitionExec=175748238;OrderedPartialAggregateStream=9888
event	436586	refusal	RepartitionExec[83]	1	485748	2405327	2095617579	256	122	1919859453	889157	RepartitionExec[Merge]=1919859453;RepartitionExec=175748238;OrderedPartialAggregateStream=9888
event	436608	refusal	RepartitionExec[62]	1	502605	1585271	2095639147	256	122	1919881021	889072	RepartitionExec[Merge]=1919881021;RepartitionExec=175748238;OrderedPartialAggregateStream=9888
event	436672	refusal	RepartitionExec[80]	1	918986	2279122	2095720447	256	122	1919962321	888755	RepartitionExec[Merge]=1919962321;RepartitionExec=175748238;OrderedPartialAggregateStream=9888
event	436673	refusal	RepartitionExec[104]	1	583771	2592110	2095720447	256	122	1919972173	888716	RepartitionExec[Merge]=1919972173;RepartitionExec=175748238;OrderedPartialAggregateStream=9888
event	436746	refusal	RepartitionExec[63]	1	502605	1585271	2095794475	256	122	1920036349	888466	RepartitionExec[Merge]=1920036349;RepartitionExec=175748238;OrderedPartialAggregateStream=9888
event	436817	refusal	RepartitionExec[81]	1	918986	2580063	2095855739	256	122	1920097613	888226	RepartitionExec[Merge]=1920097613;RepartitionExec=175748238;OrderedPartialAggregateStream=9888
event	436845	refusal	RepartitionExec[40]	1	517325	724860	2095880227	256	122	1920122101	888131	RepartitionExec[Merge]=1920122101;RepartitionExec=175748238;OrderedPartialAggregateStream=9888
event	436854	release_after_refusal	RepartitionExec[0]	1	517325	285667	2095384682	256	122	1920143881		RepartitionExec[Merge]=1920143881;RepartitionExec=175230913;OrderedPartialAggregateStream=9888
event	436860	release_after_refusal	RepartitionExec[19]	1	517325	344427	2095396626	256	122	1920673150		RepartitionExec[Merge]=1920673150;RepartitionExec=174713588;OrderedPartialAggregateStream=9888
event	436898	refusal	RepartitionExec[28]	1	940338	344363	2095935603	256	122	1921212127	883873	RepartitionExec[Merge]=1921212127;RepartitionExec=174713588;OrderedPartialAggregateStream=9888
event	436926	refusal	RepartitionExec[64]	1	1036304	2337818	2095947023	256	122	1921223547	883828	RepartitionExec[Merge]=1921223547;RepartitionExec=174713588;OrderedPartialAggregateStream=9888
event	436959	refusal	RepartitionExec[41]	1	517325	586608	2096356884	256	122	1921252283	883716	RepartitionExec[Merge]=1921252283;RepartitionExec=175094713;OrderedPartialAggregateStream=9888
event	436976	refusal	RepartitionExec[17]	1	381125	604174	2096354608	256	122	1921250007	883725	RepartitionExec[Merge]=1921250007;RepartitionExec=175094713;OrderedPartialAggregateStream=9888
event	437002	refusal	RepartitionExec[29]	1	940338	285667	2096362628	256	122	1921258027	883693	RepartitionExec[Merge]=1921258027;RepartitionExec=175094713;OrderedPartialAggregateStream=9888
event	437042	refusal	RepartitionExec[18]	1	381125	861688	2096363752	256	122	1921258027	883693	RepartitionExec[Merge]=1921258027;RepartitionExec=175094713;OrderedPartialAggregateStream=9888
event	437050	refusal	RepartitionExec[65]	1	1036304	2279122	2096367624	256	122	1921263023	883674	RepartitionExec[Merge]=1921263023;RepartitionExec=175094713;OrderedPartialAggregateStream=9888
event	437067	release_after_refusal	RepartitionExec[4]	1	505187	285667	2095859729	256	122	1921260315		RepartitionExec[Merge]=1921260315;RepartitionExec=174589526;OrderedPartialAggregateStream=9888
event	437072	refusal	RepartitionExec[42]	1	517325	724860	2095859729	256	122	1921260315	883684	RepartitionExec[Merge]=1921260315;RepartitionExec=174589526;OrderedPartialAggregateStream=9888
event	437104	release_after_refusal	RepartitionExec[5]	1	505187	317491	2096257958	256	122	1921782606		RepartitionExec[Merge]=1921782606;RepartitionExec=174084339;OrderedPartialAggregateStream=9888
event	437124	refusal	RepartitionExec[105]	1	583771	1927450	2097144786	256	122	1922288309	879669	RepartitionExec[Merge]=1922288309;RepartitionExec=174846589;OrderedPartialAggregateStream=9888
event	437125	refusal	RepartitionExec[21]	1	381125	604174	2097144786	256	122	1922288309	879669	RepartitionExec[Merge]=1922288309;RepartitionExec=174846589;OrderedPartialAggregateStream=9888
event	437137	release_after_refusal	RepartitionExec[6]	1	505187	401707	2096639599	256	122	1922288309		RepartitionExec[Merge]=1922288309;RepartitionExec=174341402;OrderedPartialAggregateStream=9888
event	437138	refusal	RepartitionExec[47]	1	487322	783556	2096639599	256	122	1922288309	879669	RepartitionExec[Merge]=1922288309;RepartitionExec=174341402;OrderedPartialAggregateStream=9888
event	437159	release_after_refusal	RepartitionExec[17]	1	517325	86849	2096627797	256	122	1922793832		RepartitionExec[Merge]=1922793832;RepartitionExec=173824077;OrderedPartialAggregateStream=9888
event	437193	refusal	RepartitionExec[64]	1	502605	2337818	2097153198	256	122	1923316273	875653	RepartitionExec[Merge]=1923316273;RepartitionExec=173824077;OrderedPartialAggregateStream=9888
event	437211	refusal	RepartitionExec[24]	1	381125	802992	2097931044	256	122	1923334829	875581	RepartitionExec[Merge]=1923334829;RepartitionExec=174586327;OrderedPartialAggregateStream=9888
event	437219	refusal	RepartitionExec[82]	1	918986	2405327	2097947168	256	122	1923350953	875518	RepartitionExec[Merge]=1923350953;RepartitionExec=174586327;OrderedPartialAggregateStream=9888
event	437224	release_after_refusal	RepartitionExec[18]	1	517325	344363	2097429843	256	122	1923350953		RepartitionExec[Merge]=1923350953;RepartitionExec=174069002;OrderedPartialAggregateStream=9888
event	437264	refusal	RepartitionExec[106]	1	583771	2650806	2097974552	256	122	1923895662	873390	RepartitionExec[Merge]=1923895662;RepartitionExec=174069002;OrderedPartialAggregateStream=9888
event	437278	refusal	RepartitionExec[25]	1	381125	802992	2097985832	256	122	1923906942	873346	RepartitionExec[Merge]=1923906942;RepartitionExec=174069002;OrderedPartialAggregateStream=9888
event	437298	refusal	RepartitionExec[84]	1	485748	2405327	2098004836	256	122	1923921286	873290	RepartitionExec[Merge]=1923921286;RepartitionExec=174069002;OrderedPartialAggregateStream=9888
event	437313	refusal	RepartitionExec[60]	1	505187	2592110	2098021012	256	122	1923942122	873209	RepartitionExec[Merge]=1923942122;RepartitionExec=174069002;OrderedPartialAggregateStream=9888
event	437328	refusal	RepartitionExec[60]	1	835715	2592110	2098024804	256	122	1923945914	873194	RepartitionExec[Merge]=1923945914;RepartitionExec=174069002;OrderedPartialAggregateStream=9888
event	437335	refusal	RepartitionExec[26]	1	381125	802992	2098031900	256	122	1923953010	873166	RepartitionExec[Merge]=1923953010;RepartitionExec=174069002;OrderedPartialAggregateStream=9888
event	437356	refusal	RepartitionExec[30]	1	940338	285667	2098045480	256	122	1923966590	873113	RepartitionExec[Merge]=1923966590;RepartitionExec=174069002;OrderedPartialAggregateStream=9888
event	437401	refusal	RepartitionExec[34]	1	381125	730379	2100730675	256	122	1923986402	873036	RepartitionExec[Merge]=1923986402;RepartitionExec=176736877;OrderedPartialAggregateStream=9888
event	437416	refusal	RepartitionExec[66]	1	1036304	2337818	2100742571	256	122	1923995806	872999	RepartitionExec[Merge]=1923995806;RepartitionExec=176736877;OrderedPartialAggregateStream=9888
event	437436	refusal	RepartitionExec[43]	1	517325	724860	2100756451	256	122	1924009686	872945	RepartitionExec[Merge]=1924009686;RepartitionExec=176736877;OrderedPartialAggregateStream=9888
event	437471	refusal	RepartitionExec[35]	1	381125	897620	2100765155	256	122	1924018390	872911	RepartitionExec[Merge]=1924018390;RepartitionExec=176736877;OrderedPartialAggregateStream=9888
event	437481	refusal	RepartitionExec[48]	1	487322	885585	2100765155	256	122	1924018390	872911	RepartitionExec[Merge]=1924018390;RepartitionExec=176736877;OrderedPartialAggregateStream=9888
event	437540	refusal	RepartitionExec[65]	1	502605	2279122	2100765155	256	122	1924018390	872911	RepartitionExec[Merge]=1924018390;RepartitionExec=176736877;OrderedPartialAggregateStream=9888
event	437569	refusal	RepartitionExec[83]	1	918986	2405327	2100762807	256	122	1924016042	872920	RepartitionExec[Merge]=1924016042;RepartitionExec=176736877;OrderedPartialAggregateStream=9888
event	437598	refusal	RepartitionExec[49]	1	487322	783556	2100767123	256	122	1924020358	872903	RepartitionExec[Merge]=1924020358;RepartitionExec=176736877;OrderedPartialAggregateStream=9888
event	437630	refusal	RepartitionExec[107]	1	583771	2521367	2100776779	256	122	1924030014	872865	RepartitionExec[Merge]=1924030014;RepartitionExec=176736877;OrderedPartialAggregateStream=9888
event	437660	refusal	RepartitionExec[85]	1	485748	2279122	2100782415	255	122	1924035650	876266	RepartitionExec[Merge]=1924035650;RepartitionExec=176736877;OrderedPartialAggregateStream=9888
event	437680	refusal	RepartitionExec[61]	1	505187	2592110	2100780991	255	122	1924034226	876272	RepartitionExec[Merge]=1924034226;RepartitionExec=176736877;OrderedPartialAggregateStream=9888
event	437703	refusal	RepartitionExec[61]	1	835715	2592110	2100795955	255	122	1924049190	876213	RepartitionExec[Merge]=1924049190;RepartitionExec=176736877;OrderedPartialAggregateStream=9888
event	437724	refusal	RepartitionExec[108]	1	583771	2279122	2100814611	255	122	1924067846	876140	RepartitionExec[Merge]=1924067846;RepartitionExec=176736877;OrderedPartialAggregateStream=9888
event	437762	refusal	RepartitionExec[67]	1	1036304	2279122	2100831775	255	122	1924085010	876073	RepartitionExec[Merge]=1924085010;RepartitionExec=176736877;OrderedPartialAggregateStream=9888
event	437793	refusal	RepartitionExec[44]	1	517325	840900	2100856771	255	122	1924110006	875975	RepartitionExec[Merge]=1924110006;RepartitionExec=176736877;OrderedPartialAggregateStream=9888
event	437824	refusal	RepartitionExec[37]	1	381125	887159	2101247380	255	122	1924119490	875937	RepartitionExec[Merge]=1924119490;RepartitionExec=177118002;OrderedPartialAggregateStream=9888
event	437828	refusal	RepartitionExec[90]	1	466869	1614462	2101247380	255	122	1924119490	875937	RepartitionExec[Merge]=1924119490;RepartitionExec=177118002;OrderedPartialAggregateStream=9888
event	437888	refusal	RepartitionExec[38]	1	381125	902442	2101247572	255	122	1924119682	875937	RepartitionExec[Merge]=1924119682;RepartitionExec=177118002;OrderedPartialAggregateStream=9888
event	437890	refusal	RepartitionExec[66]	1	502605	2337818	2101247572	255	122	1924119682	875937	RepartitionExec[Merge]=1924119682;RepartitionExec=177118002;OrderedPartialAggregateStream=9888
event	437891	refusal	RepartitionExec[84]	1	918986	2405327	2101247572	255	122	1924119682	875937	RepartitionExec[Merge]=1924119682;RepartitionExec=177118002;OrderedPartialAggregateStream=9888
event	437900	refusal	RepartitionExec[91]	1	466869	1498422	2101247572	255	122	1924119682	875937	RepartitionExec[Merge]=1924119682;RepartitionExec=177118002;OrderedPartialAggregateStream=9888
event	437946	refusal	RepartitionExec[31]	1	940338	666792	2101245796	255	122	1924117906	875944	RepartitionExec[Merge]=1924117906;RepartitionExec=177118002;OrderedPartialAggregateStream=9888
event	437950	refusal	RepartitionExec[39]	1	381125	840900	2101243340	255	122	1924117906	875944	RepartitionExec[Merge]=1924117906;RepartitionExec=177118002;OrderedPartialAggregateStream=9888
event	437958	refusal	RepartitionExec[86]	1	485748	2279122	2101243340	255	122	1924115450	875953	RepartitionExec[Merge]=1924115450;RepartitionExec=177118002;OrderedPartialAggregateStream=9888
event	437993	refusal	RepartitionExec[62]	1	505187	1585271	2101242240	255	122	1924114350	875958	RepartitionExec[Merge]=1924114350;RepartitionExec=177118002;OrderedPartialAggregateStream=9888
event	438010	refusal	RepartitionExec[40]	1	381125	724860	2101237508	255	122	1924112254	875966	RepartitionExec[Merge]=1924112254;RepartitionExec=177118002;OrderedPartialAggregateStream=9888
event	438014	refusal	RepartitionExec[62]	1	835715	1585271	2101235304	255	122	1924107414	875985	RepartitionExec[Merge]=1924107414;RepartitionExec=177118002;OrderedPartialAggregateStream=9888
event	438032	refusal	RepartitionExec[109]	1	583771	2464023	2101234296	255	122	1924106406	875989	RepartitionExec[Merge]=1924106406;RepartitionExec=177118002;OrderedPartialAggregateStream=9888
event	438070	refusal	RepartitionExec[41]	1	381125	586608	2101264292	255	122	1924136402	875871	RepartitionExec[Merge]=1924136402;RepartitionExec=177118002;OrderedPartialAggregateStream=9888
event	438075	refusal	RepartitionExec[68]	1	1036304	2405327	2101285068	255	122	1924157178	875790	RepartitionExec[Merge]=1924157178;RepartitionExec=177118002;OrderedPartialAggregateStream=9888
event	438121	refusal	RepartitionExec[45]	1	517325	783556	2101318252	255	122	1924192530	875651	RepartitionExec[Merge]=1924192530;RepartitionExec=177118002;OrderedPartialAggregateStream=9888
event	438126	refusal	RepartitionExec[42]	1	381125	724860	2101324692	255	122	1924196802	875634	RepartitionExec[Merge]=1924196802;RepartitionExec=177118002;OrderedPartialAggregateStream=9888
event	438127	refusal	RepartitionExec[110]	1	583771	2521367	2101324692	255	122	1924196802	875634	RepartitionExec[Merge]=1924196802;RepartitionExec=177118002;OrderedPartialAggregateStream=9888
event	438189	refusal	RepartitionExec[67]	1	502605	2279122	2101341332	255	122	1924213442	875569	RepartitionExec[Merge]=1924213442;RepartitionExec=177118002;OrderedPartialAggregateStream=9888
event	438190	refusal	RepartitionExec[43]	1	381125	724860	2101339056	255	122	1924211166	875578	RepartitionExec[Merge]=1924211166;RepartitionExec=177118002;OrderedPartialAggregateStream=9888
event	438192	refusal	RepartitionExec[85]	1	918986	2279122	2101339056	255	122	1924211166	875578	RepartitionExec[Merge]=1924211166;RepartitionExec=177118002;OrderedPartialAggregateStream=9888
event	438214	refusal	RepartitionExec[92]	1	466869	1643967	2101360656	255	122	1924232766	875493	RepartitionExec[Merge]=1924232766;RepartitionExec=177118002;OrderedPartialAggregateStream=9888
event	438255	refusal	RepartitionExec[32]	1	940338	666792	2101361528	255	122	1924235446	875483	RepartitionExec[Merge]=1924235446;RepartitionExec=177118002;OrderedPartialAggregateStream=9888
event	438265	refusal	RepartitionExec[44]	1	381125	840900	2101364272	255	122	1924233638	875490	RepartitionExec[Merge]=1924233638;RepartitionExec=177118002;OrderedPartialAggregateStream=9888
event	438278	refusal	RepartitionExec[87]	1	485748	2279122	2101365984	255	122	1924238094	875472	RepartitionExec[Merge]=1924238094;RepartitionExec=177118002;OrderedPartialAggregateStream=9888
event	438310	refusal	RepartitionExec[63]	1	505187	1585271	2101362680	255	122	1924234790	875485	RepartitionExec[Merge]=1924234790;RepartitionExec=177118002;OrderedPartialAggregateStream=9888
event	438327	refusal	RepartitionExec[45]	1	381125	783556	2101364736	255	122	1924239086	875468	RepartitionExec[Merge]=1924239086;RepartitionExec=177118002;OrderedPartialAggregateStream=9888
event	438332	refusal	RepartitionExec[63]	1	835715	1585271	2101364736	255	122	1924236846	875477	RepartitionExec[Merge]=1924236846;RepartitionExec=177118002;OrderedPartialAggregateStream=9888
event	438353	refusal	RepartitionExec[50]	1	487322	885585	2101365584	255	122	1924237694	875474	RepartitionExec[Merge]=1924237694;RepartitionExec=177118002;OrderedPartialAggregateStream=9888
event	438384	refusal	RepartitionExec[69]	1	1036304	2395162	2101357748	255	122	1924229858	875505	RepartitionExec[Merge]=1924229858;RepartitionExec=177118002;OrderedPartialAggregateStream=9888
event	438390	refusal	RepartitionExec[46]	1	381125	724860	2101357748	255	122	1924229858	875505	RepartitionExec[Merge]=1924229858;RepartitionExec=177118002;OrderedPartialAggregateStream=9888
event	438430	refusal	RepartitionExec[51]	1	487322	399837	2101349976	255	122	1924222086	875535	RepartitionExec[Merge]=1924222086;RepartitionExec=177118002;OrderedPartialAggregateStream=9888
event	438431	refusal	RepartitionExec[46]	1	517325	724860	2101347556	255	122	1924219666	875545	RepartitionExec[Merge]=1924219666;RepartitionExec=177118002;OrderedPartialAggregateStream=9888
event	438447	refusal	RepartitionExec[47]	1	381125	783556	2101345100	255	122	1924217210	875554	RepartitionExec[Merge]=1924217210;RepartitionExec=177118002;OrderedPartialAggregateStream=9888
event	438474	refusal	RepartitionExec[68]	1	502605	2405327	2101342356	255	122	1924214466	875565	RepartitionExec[Merge]=1924214466;RepartitionExec=177118002;OrderedPartialAggregateStream=9888
event	438492	refusal	RepartitionExec[48]	1	381125	885585	2101340584	255	122	1924212694	875572	RepartitionExec[Merge]=1924212694;RepartitionExec=177118002;OrderedPartialAggregateStream=9888
event	438538	refusal	RepartitionExec[49]	1	381125	783556	2101335636	255	122	1924209986	875582	RepartitionExec[Merge]=1924209986;RepartitionExec=177118002;OrderedPartialAggregateStream=9888
event	438550	refusal	RepartitionExec[86]	1	918986	2279122	2101335636	255	122	1924207746	875591	RepartitionExec[Merge]=1924207746;RepartitionExec=177118002;OrderedPartialAggregateStream=9888
event	438551	refusal	RepartitionExec[93]	1	466869	2395162	2101335636	255	122	1924207746	875591	RepartitionExec[Merge]=1924207746;RepartitionExec=177118002;OrderedPartialAggregateStream=9888
event	438583	refusal	RepartitionExec[50]	1	381125	885585	2101331156	255	122	1924205470	875600	RepartitionExec[Merge]=1924205470;RepartitionExec=177118002;OrderedPartialAggregateStream=9888
event	438595	refusal	RepartitionExec[33]	1	940338	666792	2101329240	255	122	1924203266	875609	RepartitionExec[Merge]=1924203266;RepartitionExec=177118002;OrderedPartialAggregateStream=9888
event	438604	refusal	RepartitionExec[88]	1	485748	2521367	2101326928	255	122	1924199038	875625	RepartitionExec[Merge]=1924199038;RepartitionExec=177118002;OrderedPartialAggregateStream=9888
event	438643	refusal	RepartitionExec[56]	1	381125	526042	2103225257	255	122	1924191742	875654	RepartitionExec[Merge]=1924191742;RepartitionExec=179023627;OrderedPartialAggregateStream=9888
event	438644	refusal	RepartitionExec[64]	1	505187	2337818	2103225593	255	122	1924192078	875653	RepartitionExec[Merge]=1924192078;RepartitionExec=179023627;OrderedPartialAggregateStream=9888
event	438672	refusal	RepartitionExec[64]	1	835715	2337818	2103215121	255	122	1924181606	875694	RepartitionExec[Merge]=1924181606;RepartitionExec=179023627;OrderedPartialAggregateStream=9888
event	438688	refusal	RepartitionExec[89]	1	485748	1557118	2103210929	255	122	1924177414	875710	RepartitionExec[Merge]=1924177414;RepartitionExec=179023627;OrderedPartialAggregateStream=9888
event	438700	refusal	RepartitionExec[57]	1	381125	724860	2103208581	255	122	1924175066	875719	RepartitionExec[Merge]=1924175066;RepartitionExec=179023627;OrderedPartialAggregateStream=9888
event	438713	refusal	RepartitionExec[70]	1	1036304	2279122	2103204497	255	122	1924170982	875735	RepartitionExec[Merge]=1924170982;RepartitionExec=179023627;OrderedPartialAggregateStream=9888
event	438752	refusal	RepartitionExec[58]	1	381125	1498422	2103196869	255	122	1924163354	875765	RepartitionExec[Merge]=1924163354;RepartitionExec=179023627;OrderedPartialAggregateStream=9888
event	438761	refusal	RepartitionExec[52]	1	487322	780962	2103193981	255	122	1924160466	875777	RepartitionExec[Merge]=1924160466;RepartitionExec=179023627;OrderedPartialAggregateStream=9888
event	438791	refusal	RepartitionExec[90]	1	485748	1614462	2103188557	255	122	1924155042	875798	RepartitionExec[Merge]=1924155042;RepartitionExec=179023627;OrderedPartialAggregateStream=9888
event	438810	refusal	RepartitionExec[59]	1	381125	1711476	2103184005	255	122	1924150490	875816	RepartitionExec[Merge]=1924150490;RepartitionExec=179023627;OrderedPartialAggregateStream=9888
event	438844	refusal	RepartitionExec[69]	1	502605	2395162	2103179957	255	122	1924146442	875832	RepartitionExec[Merge]=1924146442;RepartitionExec=179023627;OrderedPartialAggregateStream=9888
event	438866	refusal	RepartitionExec[60]	1	381125	2592110	2103175333	255	122	1924141818	875850	RepartitionExec[Merge]=1924141818;RepartitionExec=179023627;OrderedPartialAggregateStream=9888
event	438892	refusal	RepartitionExec[87]	1	918986	2279122	2103168245	255	122	1924134730	875878	RepartitionExec[Merge]=1924134730;RepartitionExec=179023627;OrderedPartialAggregateStream=9888
event	438919	refusal	RepartitionExec[94]	1	466869	2521367	2103164845	255	122	1924131330	875891	RepartitionExec[Merge]=1924131330;RepartitionExec=179023627;OrderedPartialAggregateStream=9888
event	438923	refusal	RepartitionExec[61]	1	381125	2592110	2103164845	255	122	1924129846	875897	RepartitionExec[Merge]=1924129846;RepartitionExec=179023627;OrderedPartialAggregateStream=9888
event	438961	refusal	RepartitionExec[34]	1	940338	730379	2103158081	255	122	1924124566	875917	RepartitionExec[Merge]=1924124566;RepartitionExec=179023627;OrderedPartialAggregateStream=9888
event	438982	refusal	RepartitionExec[62]	1	381125	1585271	2103154825	255	122	1924121310	875930	RepartitionExec[Merge]=1924121310;RepartitionExec=179023627;OrderedPartialAggregateStream=9888
event	438996	refusal	RepartitionExec[111]	1	583771	2279122	2103154825	255	122	1924121310	875930	RepartitionExec[Merge]=1924121310;RepartitionExec=179023627;OrderedPartialAggregateStream=9888
event	439039	refusal	RepartitionExec[63]	1	381125	1585271	2103148385	255	122	1924114870	875955	RepartitionExec[Merge]=1924114870;RepartitionExec=179023627;OrderedPartialAggregateStream=9888
event	439048	refusal	RepartitionExec[65]	1	505187	2279122	2103148385	255	122	1924114870	875955	RepartitionExec[Merge]=1924114870;RepartitionExec=179023627;OrderedPartialAggregateStream=9888
event	439104	refusal	RepartitionExec[64]	1	381125	2337818	2103139633	255	122	1924107890	875983	RepartitionExec[Merge]=1924107890;RepartitionExec=179023627;OrderedPartialAggregateStream=9888
event	439123	refusal	RepartitionExec[65]	1	835715	2279122	2103132437	255	122	1924098922	876018	RepartitionExec[Merge]=1924098922;RepartitionExec=179023627;OrderedPartialAggregateStream=9888
event	439153	refusal	RepartitionExec[65]	1	381125	2279122	2103130269	255	122	1924096754	876027	RepartitionExec[Merge]=1924096754;RepartitionExec=179023627;OrderedPartialAggregateStream=9888
event	439155	refusal	RepartitionExec[47]	1	517325	783556	2103126401	255	122	1924092886	876042	RepartitionExec[Merge]=1924092886;RepartitionExec=179023627;OrderedPartialAggregateStream=9888
event	439184	refusal	RepartitionExec[71]	1	1036304	2405327	2103118045	255	122	1924084530	876074	RepartitionExec[Merge]=1924084530;RepartitionExec=179023627;OrderedPartialAggregateStream=9888
event	439198	refusal	RepartitionExec[66]	1	381125	2337818	2103113305	255	122	1924079790	876093	RepartitionExec[Merge]=1924079790;RepartitionExec=179023627;OrderedPartialAggregateStream=9888
event	439242	refusal	RepartitionExec[67]	1	381125	2279122	2103108421	255	122	1924074906	876112	RepartitionExec[Merge]=1924074906;RepartitionExec=179023627;OrderedPartialAggregateStream=9888
event	439293	refusal	RepartitionExec[68]	1	381125	2405327	2103098609	255	122	1924065094	876151	RepartitionExec[Merge]=1924065094;RepartitionExec=179023627;OrderedPartialAggregateStream=9888
event	439317	refusal	RepartitionExec[66]	1	835715	2337818	2103095425	255	122	1924061910	876163	RepartitionExec[Merge]=1924061910;RepartitionExec=179023627;OrderedPartialAggregateStream=9888
event	439334	refusal	RepartitionExec[91]	1	485748	1498422	2103093941	255	122	1924060426	876169	RepartitionExec[Merge]=1924060426;RepartitionExec=179023627;OrderedPartialAggregateStream=9888
event	439338	refusal	RepartitionExec[69]	1	381125	2395162	2103093941	255	122	1924060426	876169	RepartitionExec[Merge]=1924060426;RepartitionExec=179023627;OrderedPartialAggregateStream=9888
event	439366	refusal	RepartitionExec[70]	1	502605	2279122	2103086413	255	122	1924052898	876199	RepartitionExec[Merge]=1924052898;RepartitionExec=179023627;OrderedPartialAggregateStream=9888
event	439380	refusal	RepartitionExec[88]	1	918986	2521367	2103084605	255	122	1924051090	876206	RepartitionExec[Merge]=1924051090;RepartitionExec=179023627;OrderedPartialAggregateStream=9888
event	439397	refusal	RepartitionExec[70]	1	381125	2279122	2103084605	255	122	1924051090	876206	RepartitionExec[Merge]=1924051090;RepartitionExec=179023627;OrderedPartialAggregateStream=9888
event	439429	refusal	RepartitionExec[95]	1	466869	2464023	2103076349	255	122	1924042834	876238	RepartitionExec[Merge]=1924042834;RepartitionExec=179023627;OrderedPartialAggregateStream=9888
event	439464	refusal	RepartitionExec[71]	1	381125	2405327	2103069649	255	122	1924036134	876264	RepartitionExec[Merge]=1924036134;RepartitionExec=179023627;OrderedPartialAggregateStream=9888
event	439470	refusal	RepartitionExec[35]	1	940338	897620	2103068345	255	122	1924034830	876269	RepartitionExec[Merge]=1924034830;RepartitionExec=179023627;OrderedPartialAggregateStream=9888
event	439477	refusal	RepartitionExec[112]	1	583771	2279122	2103065233	255	122	1924031718	876282	RepartitionExec[Merge]=1924031718;RepartitionExec=179023627;OrderedPartialAggregateStream=9888
event	439522	refusal	RepartitionExec[66]	1	505187	2337818	2103051833	255	122	1924018318	876334	RepartitionExec[Merge]=1924018318;RepartitionExec=179023627;OrderedPartialAggregateStream=9888
event	439523	refusal	RepartitionExec[72]	1	381125	2279122	2103051833	255	122	1924018318	876334	RepartitionExec[Merge]=1924018318;RepartitionExec=179023627;OrderedPartialAggregateStream=9888
event	439536	refusal	RepartitionExec[53]	1	487322	780962	2103051833	255	122	1924018318	876334	RepartitionExec[Merge]=1924018318;RepartitionExec=179023627;OrderedPartialAggregateStream=9888
event	439557	refusal	RepartitionExec[113]	1	583771	2405327	2103048829	255	122	1924015314	876346	RepartitionExec[Merge]=1924015314;RepartitionExec=179023627;OrderedPartialAggregateStream=9888
event	439568	refusal	RepartitionExec[73]	1	381125	1498422	2103047597	255	122	1924014082	876351	RepartitionExec[Merge]=1924014082;RepartitionExec=179023627;OrderedPartialAggregateStream=9888
event	439595	refusal	RepartitionExec[72]	1	1036304	2279122	2103041553	255	122	1924008038	876374	RepartitionExec[Merge]=1924008038;RepartitionExec=179023627;OrderedPartialAggregateStream=9888
event	439613	refusal	RepartitionExec[74]	1	381125	2279122	2103039485	255	122	1924005970	876383	RepartitionExec[Merge]=1924005970;RepartitionExec=179023627;OrderedPartialAggregateStream=9888
event	439617	refusal	RepartitionExec[54]	1	487322	780962	2103039485	255	122	1924005970	876383	RepartitionExec[Merge]=1924005970;RepartitionExec=179023627;OrderedPartialAggregateStream=9888
event	439651	refusal	RepartitionExec[92]	1	485748	1643967	2103034557	255	122	1924001042	876402	RepartitionExec[Merge]=1924001042;RepartitionExec=179023627;OrderedPartialAggregateStream=9888
event	439658	refusal	RepartitionExec[75]	1	381125	2521367	2103034557	255	122	1924001042	876402	RepartitionExec[Merge]=1924001042;RepartitionExec=179023627;OrderedPartialAggregateStream=9888
event	439682	refusal	RepartitionExec[73]	1	1036304	1498422	2103029485	255	122	1923995970	876422	RepartitionExec[Merge]=1923995970;RepartitionExec=179023627;OrderedPartialAggregateStream=9888
event	439711	refusal	RepartitionExec[76]	1	381125	2405327	2103023577	255	122	1923990062	876445	RepartitionExec[Merge]=1923990062;RepartitionExec=179023627;OrderedPartialAggregateStream=9888
event	439732	refusal	RepartitionExec[89]	1	918986	1557118	2103023577	255	122	1923990062	876445	RepartitionExec[Merge]=1923990062;RepartitionExec=179023627;OrderedPartialAggregateStream=9888
event	439754	refusal	RepartitionExec[96]	1	466869	3007739	2103018065	255	122	1923984550	876467	RepartitionExec[Merge]=1923984550;RepartitionExec=179023627;OrderedPartialAggregateStream=9888
event	439773	refusal	RepartitionExec[77]	1	381125	2337818	2103016833	255	122	1923983318	876471	RepartitionExec[Merge]=1923983318;RepartitionExec=179023627;OrderedPartialAggregateStream=9888
event	439804	refusal	RepartitionExec[36]	1	940338	792997	2103012777	255	122	1923979262	876487	RepartitionExec[Merge]=1923979262;RepartitionExec=179023627;OrderedPartialAggregateStream=9888
event	439831	refusal	RepartitionExec[48]	1	517325	885585	2103009225	255	122	1923976690	876497	RepartitionExec[Merge]=1923976690;RepartitionExec=179023627;OrderedPartialAggregateStream=9888
event	439831	refusal	RepartitionExec[78]	1	381125	2464023	2103009225	255	122	1923976690	876497	RepartitionExec[Merge]=1923976690;RepartitionExec=179023627;OrderedPartialAggregateStream=9888
event	439837	refusal	RepartitionExec[97]	1	466869	2464023	2103009225	255	122	1923975710	876501	RepartitionExec[Merge]=1923975710;RepartitionExec=179023627;OrderedPartialAggregateStream=9888
event	439876	refusal	RepartitionExec[79]	1	381125	2521367	2103004945	255	122	1923971430	876518	RepartitionExec[Merge]=1923971430;RepartitionExec=179023627;OrderedPartialAggregateStream=9888
event	439896	refusal	RepartitionExec[67]	1	835715	2279122	2103002913	255	122	1923969398	876526	RepartitionExec[Merge]=1923969398;RepartitionExec=179023627;OrderedPartialAggregateStream=9888
event	439898	refusal	RepartitionExec[114]	1	583771	1585271	2103002913	255	122	1923969398	876526	RepartitionExec[Merge]=1923969398;RepartitionExec=179023627;OrderedPartialAggregateStream=9888
event	439922	refusal	RepartitionExec[80]	1	381125	2279122	2102999433	255	122	1923965918	876540	RepartitionExec[Merge]=1923965918;RepartitionExec=179023627;OrderedPartialAggregateStream=9888
event	439947	refusal	RepartitionExec[71]	1	502605	2405327	2102998201	255	122	1923964686	876544	RepartitionExec[Merge]=1923964686;RepartitionExec=179023627;OrderedPartialAggregateStream=9888
event	439956	refusal	RepartitionExec[55]	1	487322	780962	2102995773	255	122	1923962258	876554	RepartitionExec[Merge]=1923962258;RepartitionExec=179023627;OrderedPartialAggregateStream=9888
event	439966	refusal	RepartitionExec[81]	1	381125	2580063	2102995773	255	122	1923962258	876554	RepartitionExec[Merge]=1923962258;RepartitionExec=179023627;OrderedPartialAggregateStream=9888
event	440000	refusal	RepartitionExec[93]	1	485748	2395162	2102992581	255	122	1923959066	876566	RepartitionExec[Merge]=1923959066;RepartitionExec=179023627;OrderedPartialAggregateStream=9888
event	440014	refusal	RepartitionExec[82]	1	381125	2405327	2102992581	255	122	1923959066	876566	RepartitionExec[Merge]=1923959066;RepartitionExec=179023627;OrderedPartialAggregateStream=9888
event	440038	refusal	RepartitionExec[74]	1	1036304	2279122	2102989461	255	122	1923955946	876579	RepartitionExec[Merge]=1923955946;RepartitionExec=179023627;OrderedPartialAggregateStream=9888
event	440065	refusal	RepartitionExec[83]	1	381125	2405327	2102987141	255	122	1923954606	876584	RepartitionExec[Merge]=1923954606;RepartitionExec=179023627;OrderedPartialAggregateStream=9888
event	440075	refusal	RepartitionExec[90]	1	918986	1614462	2102985945	255	122	1923952430	876593	RepartitionExec[Merge]=1923952430;RepartitionExec=179023627;OrderedPartialAggregateStream=9888
event	440120	refusal	RepartitionExec[67]	1	505187	2279122	2102981917	255	122	1923948402	876608	RepartitionExec[Merge]=1923948402;RepartitionExec=179023627;OrderedPartialAggregateStream=9888
event	440129	refusal	RepartitionExec[84]	1	381125	2405327	2102981117	255	122	1923947602	876611	RepartitionExec[Merge]=1923947602;RepartitionExec=179023627;OrderedPartialAggregateStream=9888
event	440159	refusal	RepartitionExec[37]	1	940338	887159	2102978285	255	122	1923944770	876623	RepartitionExec[Merge]=1923944770;RepartitionExec=179023627;OrderedPartialAggregateStream=9888
event	440183	refusal	RepartitionExec[49]	1	517325	783556	2102977269	255	122	1923943754	876627	RepartitionExec[Merge]=1923943754;RepartitionExec=179023627;OrderedPartialAggregateStream=9888
event	440188	refusal	RepartitionExec[98]	1	466869	2522719	2102977269	255	122	1923943754	876627	RepartitionExec[Merge]=1923943754;RepartitionExec=179023627;OrderedPartialAggregateStream=9888
event	440191	refusal	RepartitionExec[85]	1	381125	2279122	2102977269	255	122	1923943754	876627	RepartitionExec[Merge]=1923943754;RepartitionExec=179023627;OrderedPartialAggregateStream=9888
event	440234	refusal	RepartitionExec[86]	1	381125	2279122	2102972045	255	122	1923938530	876647	RepartitionExec[Merge]=1923938530;RepartitionExec=179023627;OrderedPartialAggregateStream=9888
event	440250	refusal	RepartitionExec[68]	1	835715	2405327	2102971029	255	122	1923937514	876651	RepartitionExec[Merge]=1923937514;RepartitionExec=179023627;OrderedPartialAggregateStream=9888
event	440266	refusal	RepartitionExec[115]	1	583771	1903886	2102971029	255	122	1923937514	876651	RepartitionExec[Merge]=1923937514;RepartitionExec=179023627;OrderedPartialAggregateStream=9888
event	440283	refusal	RepartitionExec[87]	1	381125	2279122	2102968817	255	122	1923935302	876660	RepartitionExec[Merge]=1923935302;RepartitionExec=179023627;OrderedPartialAggregateStream=9888
event	440327	refusal	RepartitionExec[72]	1	502605	2279122	2102965481	255	122	1923931966	876673	RepartitionExec[Merge]=1923931966;RepartitionExec=179023627;OrderedPartialAggregateStream=9888
event	440327	refusal	RepartitionExec[88]	1	381125	2521367	2102965481	255	122	1923931966	876673	RepartitionExec[Merge]=1923931966;RepartitionExec=179023627;OrderedPartialAggregateStream=9888
event	440370	refusal	RepartitionExec[69]	1	835715	2395162	2102961669	255	122	1923928154	876688	RepartitionExec[Merge]=1923928154;RepartitionExec=179023627;OrderedPartialAggregateStream=9888
event	440376	refusal	RepartitionExec[89]	1	381125	1557118	2102961669	255	122	1923928154	876688	RepartitionExec[Merge]=1923928154;RepartitionExec=179023627;OrderedPartialAggregateStream=9888
event	440397	refusal	RepartitionExec[94]	1	485748	2521367	2102959349	255	122	1923925834	876697	RepartitionExec[Merge]=1923925834;RepartitionExec=179023627;OrderedPartialAggregateStream=9888
event	440421	refusal	RepartitionExec[90]	1	381125	1614462	2102957317	255	122	1923924854	876701	RepartitionExec[Merge]=1923924854;RepartitionExec=179023627;OrderedPartialAggregateStream=9888
event	440428	refusal	RepartitionExec[75]	1	1036304	2521367	2102955141	255	122	1923921626	876713	RepartitionExec[Merge]=1923921626;RepartitionExec=179023627;OrderedPartialAggregateStream=9888
event	440478	refusal	RepartitionExec[91]	1	381125	1498422	2102951985	255	122	1923918470	876726	RepartitionExec[Merge]=1923918470;RepartitionExec=179023627;OrderedPartialAggregateStream=9888
event	440480	refusal	RepartitionExec[70]	1	835715	2279122	2102951985	255	122	1923918470	876726	RepartitionExec[Merge]=1923918470;RepartitionExec=179023627;OrderedPartialAggregateStream=9888
event	440496	refusal	RepartitionExec[68]	1	505187	2405327	2102951221	255	122	1923917706	876729	RepartitionExec[Merge]=1923917706;RepartitionExec=179023627;OrderedPartialAggregateStream=9888
event	440540	refusal	RepartitionExec[92]	1	381125	1643967	2102965557	255	122	1923990738	876442	RepartitionExec[Merge]=1923990738;RepartitionExec=178964931;OrderedPartialAggregateStream=9888
event	440554	refusal	RepartitionExec[38]	1	940338	902442	2102971577	255	122	1923996758	876419	RepartitionExec[Merge]=1923996758;RepartitionExec=178964931;OrderedPartialAggregateStream=9888
event	440588	refusal	RepartitionExec[50]	1	517325	885585	2102991401	255	122	1924016582	876341	RepartitionExec[Merge]=1924016582;RepartitionExec=178964931;OrderedPartialAggregateStream=9888
event	440593	refusal	RepartitionExec[93]	1	381125	2395162	2102996377	255	122	1924021558	876321	RepartitionExec[Merge]=1924021558;RepartitionExec=178964931;OrderedPartialAggregateStream=9888
event	440597	refusal	RepartitionExec[99]	1	466869	2464023	2102878637	255	122	1924019858	876328	RepartitionExec[Merge]=1924019858;RepartitionExec=178848891;OrderedPartialAggregateStream=9888
event	440623	refusal	RepartitionExec[56]	1	487322	526042	2103006309	255	122	1924147530	875827	RepartitionExec[Merge]=1924147530;RepartitionExec=178848891;OrderedPartialAggregateStream=9888
event	440638	refusal	RepartitionExec[94]	1	381125	2521367	2103022093	255	122	1924163314	875766	RepartitionExec[Merge]=1924163314;RepartitionExec=178848891;OrderedPartialAggregateStream=9888
event	440652	refusal	RepartitionExec[116]	1	583771	1585271	2103024297	255	122	1924165518	875757	RepartitionExec[Merge]=1924165518;RepartitionExec=178848891;OrderedPartialAggregateStream=9888
event	440672	refusal	RepartitionExec[100]	1	466869	2405327	2103043397	255	122	1924184618	875682	RepartitionExec[Merge]=1924184618;RepartitionExec=178848891;OrderedPartialAggregateStream=9888
event	440683	refusal	RepartitionExec[95]	1	381125	2464023	2103047309	255	122	1924188530	875667	RepartitionExec[Merge]=1924188530;RepartitionExec=178848891;OrderedPartialAggregateStream=9888
event	440707	refusal	RepartitionExec[57]	1	487322	724860	2103056689	255	122	1924197910	875630	RepartitionExec[Merge]=1924197910;RepartitionExec=178848891;OrderedPartialAggregateStream=9888
event	440729	refusal	RepartitionExec[96]	1	381125	3007739	2103065953	255	122	1924207174	875594	RepartitionExec[Merge]=1924207174;RepartitionExec=178848891;OrderedPartialAggregateStream=9888
event	440754	refusal	RepartitionExec[95]	1	485748	2464023	2103075189	255	122	1924216410	875557	RepartitionExec[Merge]=1924216410;RepartitionExec=178848891;OrderedPartialAggregateStream=9888
event	440778	refusal	RepartitionExec[97]	1	381125	2464023	2103074101	255	122	1924215322	875562	RepartitionExec[Merge]=1924215322;RepartitionExec=178848891;OrderedPartialAggregateStream=9888
event	440792	refusal	RepartitionExec[76]	1	1036304	2405327	2103069505	255	122	1924210726	875580	RepartitionExec[Merge]=1924210726;RepartitionExec=178848891;OrderedPartialAggregateStream=9888
event	440836	refusal	RepartitionExec[71]	1	835715	2405327	2103074253	255	122	1924216850	875556	RepartitionExec[Merge]=1924216850;RepartitionExec=178848891;OrderedPartialAggregateStream=9888
event	440842	refusal	RepartitionExec[98]	1	381125	2522719	2103074253	255	122	1924215474	875561	RepartitionExec[Merge]=1924215474;RepartitionExec=178848891;OrderedPartialAggregateStream=9888
event	440870	refusal	RepartitionExec[69]	1	505187	2395162	2103071609	255	122	1924212830	875571	RepartitionExec[Merge]=1924212830;RepartitionExec=178848891;OrderedPartialAggregateStream=9888
event	440910	refusal	RepartitionExec[99]	1	381125	2464023	2103067553	255	122	1924208774	875587	RepartitionExec[Merge]=1924208774;RepartitionExec=178848891;OrderedPartialAggregateStream=9888
event	440920	refusal	RepartitionExec[39]	1	940338	840900	2103067553	255	122	1924208774	875587	RepartitionExec[Merge]=1924208774;RepartitionExec=178848891;OrderedPartialAggregateStream=9888
event	440950	refusal	RepartitionExec[51]	1	517325	780962	2103061689	255	122	1924202910	875610	RepartitionExec[Merge]=1924202910;RepartitionExec=178848891;OrderedPartialAggregateStream=9888
event	440968	refusal	RepartitionExec[70]	1	505187	2279122	2103060601	255	122	1924201822	875615	RepartitionExec[Merge]=1924201822;RepartitionExec=178848891;OrderedPartialAggregateStream=9888
event	440975	refusal	RepartitionExec[100]	1	381125	2405327	2103058793	255	122	1924200014	875622	RepartitionExec[Merge]=1924200014;RepartitionExec=178848891;OrderedPartialAggregateStream=9888
event	441027	refusal	RepartitionExec[91]	1	918986	1498422	2103054045	255	122	1924195266	875640	RepartitionExec[Merge]=1924195266;RepartitionExec=178848891;OrderedPartialAggregateStream=9888
event	441033	refusal	RepartitionExec[101]	1	381125	2405327	2103052453	255	122	1924193674	875646	RepartitionExec[Merge]=1924193674;RepartitionExec=178848891;OrderedPartialAggregateStream=9888
event	441056	refusal	RepartitionExec[52]	1	517325	780962	2103051581	255	122	1924192802	875650	RepartitionExec[Merge]=1924192802;RepartitionExec=178848891;OrderedPartialAggregateStream=9888
event	441088	refusal	RepartitionExec[102]	1	381125	2592110	2103048361	255	122	1924189582	875663	RepartitionExec[Merge]=1924189582;RepartitionExec=178848891;OrderedPartialAggregateStream=9888
event	441117	refusal	RepartitionExec[101]	1	466869	2405327	2103045105	255	122	1924188458	875667	RepartitionExec[Merge]=1924188458;RepartitionExec=178848891;OrderedPartialAggregateStream=9888
event	441128	refusal	RepartitionExec[92]	1	918986	1643967	2103053809	255	122	1924195030	875641	RepartitionExec[Merge]=1924195030;RepartitionExec=178848891;OrderedPartialAggregateStream=9888
event	441159	refusal	RepartitionExec[103]	1	381125	2592110	2103052865	255	122	1924195030	875641	RepartitionExec[Merge]=1924195030;RepartitionExec=178848891;OrderedPartialAggregateStream=9888
event	441175	refusal	RepartitionExec[96]	1	485748	3007739	2103054749	255	122	1924195970	875637	RepartitionExec[Merge]=1924195970;RepartitionExec=178848891;OrderedPartialAggregateStream=9888
event	441236	refusal	RepartitionExec[104]	1	381125	2592110	2103054749	255	122	1924195970	875637	RepartitionExec[Merge]=1924195970;RepartitionExec=178848891;OrderedPartialAggregateStream=9888
event	441273	refusal	RepartitionExec[77]	1	1036304	2337818	2103053517	255	122	1924194486	875643	RepartitionExec[Merge]=1924194486;RepartitionExec=178848891;OrderedPartialAggregateStream=9888
event	441285	refusal	RepartitionExec[72]	1	835715	2279122	2103057741	255	122	1924199942	875622	RepartitionExec[Merge]=1924199942;RepartitionExec=178848891;OrderedPartialAggregateStream=9888
event	441327	refusal	RepartitionExec[105]	1	381125	1927450	2103057741	255	122	1924198962	875626	RepartitionExec[Merge]=1924198962;RepartitionExec=178848891;OrderedPartialAggregateStream=9888
event	441401	refusal	RepartitionExec[73]	1	502605	1498422	2103055961	255	122	1924195814	875638	RepartitionExec[Merge]=1924195814;RepartitionExec=178848891;OrderedPartialAggregateStream=9888
event	441407	refusal	RepartitionExec[40]	1	940338	724860	2103055961	255	122	1924197182	875633	RepartitionExec[Merge]=1924197182;RepartitionExec=178848891;OrderedPartialAggregateStream=9888
event	441413	refusal	RepartitionExec[106]	1	381125	2650806	2103063865	255	122	1924197182	875633	RepartitionExec[Merge]=1924197182;RepartitionExec=178848891;OrderedPartialAggregateStream=9888
event	441422	refusal	RepartitionExec[117]	1	583771	1701311	2103063865	255	122	1924205086	875602	RepartitionExec[Merge]=1924205086;RepartitionExec=178848891;OrderedPartialAggregateStream=9888
event	441438	refusal	RepartitionExec[71]	1	505187	2405327	2103065625	255	122	1924206846	875595	RepartitionExec[Merge]=1924206846;RepartitionExec=178848891;OrderedPartialAggregateStream=9888
event	441459	refusal	RepartitionExec[58]	1	487322	1498422	2103075869	255	122	1924217090	875555	RepartitionExec[Merge]=1924217090;RepartitionExec=178848891;OrderedPartialAggregateStream=9888
event	441461	refusal	RepartitionExec[107]	1	381125	2521367	2103080605	255	122	1924221826	875536	RepartitionExec[Merge]=1924221826;RepartitionExec=178848891;OrderedPartialAggregateStream=9888
event	441500	refusal	RepartitionExec[74]	1	502605	2279122	2103115265	255	122	1924256486	875400	RepartitionExec[Merge]=1924256486;RepartitionExec=178848891;OrderedPartialAggregateStream=9888
event	441507	refusal	RepartitionExec[118]	1	583771	1799363	2103115265	255	122	1924256486	875400	RepartitionExec[Merge]=1924256486;RepartitionExec=178848891;OrderedPartialAggregateStream=9888
event	441509	refusal	RepartitionExec[108]	1	381125	2279122	2103132853	255	122	1924266570	875361	RepartitionExec[Merge]=1924266570;RepartitionExec=178848891;OrderedPartialAggregateStream=9888
event	441573	refusal	RepartitionExec[109]	1	381125	2464023	2103150605	255	122	1924291826	875262	RepartitionExec[Merge]=1924291826;RepartitionExec=178848891;OrderedPartialAggregateStream=9888
event	441590	refusal	RepartitionExec[93]	1	918986	2395162	2103153965	255	122	1924295186	875248	RepartitionExec[Merge]=1924295186;RepartitionExec=178848891;OrderedPartialAggregateStream=9888
event	441645	refusal	RepartitionExec[110]	1	381125	2521367	2103172969	255	122	1924312166	875182	RepartitionExec[Merge]=1924312166;RepartitionExec=178848891;OrderedPartialAggregateStream=9888
event	441658	refusal	RepartitionExec[78]	1	1036304	2464023	2103179977	255	122	1924321198	875146	RepartitionExec[Merge]=1924321198;RepartitionExec=178848891;OrderedPartialAggregateStream=9888
event	441693	refusal	RepartitionExec[41]	1	940338	586608	2103176677	255	122	1924317898	875159	RepartitionExec[Merge]=1924317898;RepartitionExec=178848891;OrderedPartialAggregateStream=9888
event	441704	refusal	RepartitionExec[111]	1	381125	2279122	2103175517	255	122	1924316738	875164	RepartitionExec[Merge]=1924316738;RepartitionExec=178848891;OrderedPartialAggregateStream=9888
event	441711	refusal	RepartitionExec[102]	1	466869	2592110	2103173521	255	122	1924315686	875168	RepartitionExec[Merge]=1924315686;RepartitionExec=178848891;OrderedPartialAggregateStream=9888
event	441711	refusal	RepartitionExec[73]	1	835715	1498422	2103173521	255	122	1924315686	875168	RepartitionExec[Merge]=1924315686;RepartitionExec=178848891;OrderedPartialAggregateStream=9888
event	441723	refusal	RepartitionExec[97]	1	485748	2464023	2103185325	255	122	1924326546	875125	RepartitionExec[Merge]=1924326546;RepartitionExec=178848891;OrderedPartialAggregateStream=9888
event	441757	refusal	RepartitionExec[112]	1	381125	2279122	2103202013	255	122	1924341282	875068	RepartitionExec[Merge]=1924341282;RepartitionExec=178848891;OrderedPartialAggregateStream=9888
event	441770	refusal	RepartitionExec[72]	1	505187	2279122	2103207713	255	122	1924348934	875038	RepartitionExec[Merge]=1924348934;RepartitionExec=178848891;OrderedPartialAggregateStream=9888
event	441801	refusal	RepartitionExec[53]	1	517325	780962	2103215929	255	122	1924357150	875005	RepartitionExec[Merge]=1924357150;RepartitionExec=178848891;OrderedPartialAggregateStream=9888
event	441809	refusal	RepartitionExec[59]	1	487322	1711476	2103213897	255	122	1924355118	875013	RepartitionExec[Merge]=1924355118;RepartitionExec=178848891;OrderedPartialAggregateStream=9888
event	441811	release_after_refusal	RepartitionExec[35]	1	485748	411872	2102728149	255	122	1924355118		RepartitionExec[Merge]=1924355118;RepartitionExec=178363143;OrderedPartialAggregateStream=9888
event	441813	refusal	RepartitionExec[113]	1	381125	2405327	2102728149	255	122	1924355118	875013	RepartitionExec[Merge]=1924355118;RepartitionExec=178363143;OrderedPartialAggregateStream=9888
event	441876	refusal	RepartitionExec[114]	1	381125	1585271	2103237945	255	122	1924863898	873018	RepartitionExec[Merge]=1924863898;RepartitionExec=178363143;OrderedPartialAggregateStream=9888
event	441883	refusal	RepartitionExec[75]	1	502605	2521367	2103236785	255	122	1924862738	873023	RepartitionExec[Merge]=1924862738;RepartitionExec=178363143;OrderedPartialAggregateStream=9888
event	441889	refusal	RepartitionExec[119]	1	583771	1643967	2103245137	255	122	1924867738	873003	RepartitionExec[Merge]=1924867738;RepartitionExec=178363143;OrderedPartialAggregateStream=9888
event	441902	refusal	RepartitionExec[60]	1	487322	2592110	2103248973	255	122	1924875942	872971	RepartitionExec[Merge]=1924875942;RepartitionExec=178363143;OrderedPartialAggregateStream=9888
event	441941	refusal	RepartitionExec[79]	1	1036304	2521367	2103292049	255	122	1924919090	872802	RepartitionExec[Merge]=1924919090;RepartitionExec=178363143;OrderedPartialAggregateStream=9888
event	441951	refusal	RepartitionExec[115]	1	381125	1903886	2103301489	255	122	1924928458	872765	RepartitionExec[Merge]=1924928458;RepartitionExec=178363143;OrderedPartialAggregateStream=9888
event	441953	refusal	RepartitionExec[42]	1	940338	724860	2103301489	255	122	1924928458	872765	RepartitionExec[Merge]=1924928458;RepartitionExec=178363143;OrderedPartialAggregateStream=9888
event	442017	refusal	RepartitionExec[116]	1	381125	1585271	2103352925	254	122	1924980790	875995	RepartitionExec[Merge]=1924980790;RepartitionExec=178363143;OrderedPartialAggregateStream=9064
event	442029	refusal	RepartitionExec[74]	1	835715	2279122	2103365129	254	122	1924992922	875947	RepartitionExec[Merge]=1924992922;RepartitionExec=178363143;OrderedPartialAggregateStream=9064
event	442050	refusal	RepartitionExec[80]	1	1036304	2279122	2103386129	254	122	1925013922	875865	RepartitionExec[Merge]=1925013922;RepartitionExec=178363143;OrderedPartialAggregateStream=9064
event	442072	refusal	RepartitionExec[73]	1	505187	1498422	2103391845	254	122	1925019638	875842	RepartitionExec[Merge]=1925019638;RepartitionExec=178363143;OrderedPartialAggregateStream=9064
event	442076	refusal	RepartitionExec[117]	1	381125	1701311	2103397989	254	122	1925025782	875818	RepartitionExec[Merge]=1925025782;RepartitionExec=178363143;OrderedPartialAggregateStream=9064
event	442105	refusal	RepartitionExec[54]	1	517325	780962	2103405613	254	122	1925033406	875788	RepartitionExec[Merge]=1925033406;RepartitionExec=178363143;OrderedPartialAggregateStream=9064
event	442122	refusal	RepartitionExec[118]	1	381125	1799363	2103416121	254	122	1925043914	875746	RepartitionExec[Merge]=1925043914;RepartitionExec=178363143;OrderedPartialAggregateStream=9064
event	442132	release_after_refusal	RepartitionExec[40]	1	312988	411872	2103102265	254	122	1925043046		RepartitionExec[Merge]=1925043046;RepartitionExec=178050155;OrderedPartialAggregateStream=9064
event	442141	refusal	RepartitionExec[75]	1	835715	2521367	2103415113	254	122	1925355894	874518	RepartitionExec[Merge]=1925355894;RepartitionExec=178050155;OrderedPartialAggregateStream=9064
event	442168	refusal	RepartitionExec[119]	1	381125	1643967	2103429485	254	122	1925370266	874462	RepartitionExec[Merge]=1925370266;RepartitionExec=178050155;OrderedPartialAggregateStream=9064
event	442170	release_after_refusal	RepartitionExec[1]	1	517325	285667	2102912160	254	122	1925370266		RepartitionExec[Merge]=1925370266;RepartitionExec=177532830;OrderedPartialAggregateStream=9064
event	442196	refusal	RepartitionExec[76]	1	502605	2405327	2103435461	254	122	1925893567	872401	RepartitionExec[Merge]=1925893567;RepartitionExec=177532830;OrderedPartialAggregateStream=9064
event	442214	refusal	RepartitionExec[55]	1	517325	780962	2103438289	254	122	1925896395	872390	RepartitionExec[Merge]=1925896395;RepartitionExec=177532830;OrderedPartialAggregateStream=9064
event	442232	refusal	RepartitionExec[61]	1	487322	2592110	2103447149	254	122	1925905255	872355	RepartitionExec[Merge]=1925905255;RepartitionExec=177532830;OrderedPartialAggregateStream=9064
event	442276	refusal	RepartitionExec[98]	1	485748	2522719	2103471401	253	122	1926056536	875205	RepartitionExec[Merge]=1926056536;RepartitionExec=177406625;OrderedPartialAggregateStream=8240
event	442290	refusal	RepartitionExec[43]	1	940338	724860	2103490129	253	122	1926075264	875131	RepartitionExec[Merge]=1926075264;RepartitionExec=177406625;OrderedPartialAggregateStream=8240
event	442319	refusal	RepartitionExec[56]	1	517325	526042	2103490309	253	122	1926075444	875131	RepartitionExec[Merge]=1926075444;RepartitionExec=177406625;OrderedPartialAggregateStream=8240
event	442353	refusal	RepartitionExec[81]	1	1036304	2580063	2103494213	253	122	1926079348	875115	RepartitionExec[Merge]=1926079348;RepartitionExec=177406625;OrderedPartialAggregateStream=8240
event	442378	refusal	RepartitionExec[74]	1	505187	2279122	2103492945	253	122	1926078080	875120	RepartitionExec[Merge]=1926078080;RepartitionExec=177406625;OrderedPartialAggregateStream=8240
event	442383	refusal	RepartitionExec[103]	1	466869	2592110	2103488177	253	122	1926073312	875139	RepartitionExec[Merge]=1926073312;RepartitionExec=177406625;OrderedPartialAggregateStream=8240
event	442430	refusal	RepartitionExec[76]	1	835715	2405327	2103497489	253	122	1926082624	875102	RepartitionExec[Merge]=1926082624;RepartitionExec=177406625;OrderedPartialAggregateStream=8240
event	442467	refusal	RepartitionExec[104]	1	466869	2592110	2103498625	253	122	1926083760	875098	RepartitionExec[Merge]=1926083760;RepartitionExec=177406625;OrderedPartialAggregateStream=8240
event	442468	refusal	RepartitionExec[77]	1	502605	2337818	2103498625	253	122	1926083760	875098	RepartitionExec[Merge]=1926083760;RepartitionExec=177406625;OrderedPartialAggregateStream=8240
event	442500	refusal	RepartitionExec[62]	1	487322	1585271	2103500433	253	122	1926085568	875091	RepartitionExec[Merge]=1926085568;RepartitionExec=177406625;OrderedPartialAggregateStream=8240
event	442565	refusal	RepartitionExec[99]	1	485748	2464023	2103477737	253	122	1926062872	875180	RepartitionExec[Merge]=1926062872;RepartitionExec=177406625;OrderedPartialAggregateStream=8240
event	442571	refusal	RepartitionExec[44]	1	940338	840900	2103477741	253	122	1926062876	875180	RepartitionExec[Merge]=1926062876;RepartitionExec=177406625;OrderedPartialAggregateStream=8240
event	442619	refusal	RepartitionExec[57]	1	517325	724860	2103469753	253	122	1926054888	875212	RepartitionExec[Merge]=1926054888;RepartitionExec=177406625;OrderedPartialAggregateStream=8240
event	442680	refusal	RepartitionExec[82]	1	1036304	2405327	2103467473	253	122	1926052608	875221	RepartitionExec[Merge]=1926052608;RepartitionExec=177406625;OrderedPartialAggregateStream=8240
event	442701	refusal	RepartitionExec[75]	1	505187	2521367	2103474741	253	122	1926059876	875192	RepartitionExec[Merge]=1926059876;RepartitionExec=177406625;OrderedPartialAggregateStream=8240
event	442762	refusal	RepartitionExec[94]	1	918986	2521367	2103466869	253	122	1926052004	875223	RepartitionExec[Merge]=1926052004;RepartitionExec=177406625;OrderedPartialAggregateStream=8240
event	442780	refusal	RepartitionExec[77]	1	835715	2337818	2103457017	253	122	1926042152	875262	RepartitionExec[Merge]=1926042152;RepartitionExec=177406625;OrderedPartialAggregateStream=8240
event	442800	refusal	RepartitionExec[105]	1	466869	1927450	2103455821	253	122	1926040956	875267	RepartitionExec[Merge]=1926040956;RepartitionExec=177406625;OrderedPartialAggregateStream=8240
event	442858	refusal	RepartitionExec[78]	1	502605	2464023	2103440761	253	122	1926025896	875327	RepartitionExec[Merge]=1926025896;RepartitionExec=177406625;OrderedPartialAggregateStream=8240
event	442898	refusal	RepartitionExec[78]	1	835715	2464023	2103427681	253	122	1926012816	875378	RepartitionExec[Merge]=1926012816;RepartitionExec=177406625;OrderedPartialAggregateStream=8240
event	442950	refusal	RepartitionExec[100]	1	485748	2405327	2103409681	253	122	1925994816	875449	RepartitionExec[Merge]=1925994816;RepartitionExec=177406625;OrderedPartialAggregateStream=8240
event	442969	refusal	RepartitionExec[45]	1	940338	783556	2103399177	253	122	1926214954	874579	RepartitionExec[Merge]=1926214954;RepartitionExec=177175983;OrderedPartialAggregateStream=8240
event	443030	refusal	RepartitionExec[58]	1	517325	1498422	2103383717	253	122	1926199494	874640	RepartitionExec[Merge]=1926199494;RepartitionExec=177175983;OrderedPartialAggregateStream=8240
event	443079	refusal	RepartitionExec[83]	1	1036304	2405327	2103372797	253	122	1926188574	874684	RepartitionExec[Merge]=1926188574;RepartitionExec=177175983;OrderedPartialAggregateStream=8240
event	443131	refusal	RepartitionExec[76]	1	505187	2405327	2103360905	253	122	1926176682	874731	RepartitionExec[Merge]=1926176682;RepartitionExec=177175983;OrderedPartialAggregateStream=8240
event	443188	refusal	RepartitionExec[95]	1	918986	2464023	2103340873	253	122	1926156650	874810	RepartitionExec[Merge]=1926156650;RepartitionExec=177175983;OrderedPartialAggregateStream=8240
event	443215	refusal	RepartitionExec[63]	1	487322	1585271	2103333101	253	122	1926148878	874840	RepartitionExec[Merge]=1926148878;RepartitionExec=177175983;OrderedPartialAggregateStream=8240
event	443256	refusal	RepartitionExec[106]	1	466869	2650806	2103317649	253	122	1926133426	874902	RepartitionExec[Merge]=1926133426;RepartitionExec=177175983;OrderedPartialAggregateStream=8240
event	443325	refusal	RepartitionExec[79]	1	502605	2521367	2103299381	253	122	1926115158	874974	RepartitionExec[Merge]=1926115158;RepartitionExec=177175983;OrderedPartialAggregateStream=8240
event	443373	refusal	RepartitionExec[79]	1	835715	2521367	2103290441	253	122	1926106218	875009	RepartitionExec[Merge]=1926106218;RepartitionExec=177175983;OrderedPartialAggregateStream=8240
event	443425	refusal	RepartitionExec[101]	1	485748	2405327	2103277093	253	122	1926092870	875062	RepartitionExec[Merge]=1926092870;RepartitionExec=177175983;OrderedPartialAggregateStream=8240
event	443462	refusal	RepartitionExec[46]	1	940338	724860	2103268117	253	122	1926083894	875097	RepartitionExec[Merge]=1926083894;RepartitionExec=177175983;OrderedPartialAggregateStream=8240
event	443516	refusal	RepartitionExec[59]	1	517325	1711476	2103255589	253	122	1926071366	875147	RepartitionExec[Merge]=1926071366;RepartitionExec=177175983;OrderedPartialAggregateStream=8240
event	443562	refusal	RepartitionExec[84]	1	1036304	2405327	2103245273	253	122	1926061050	875188	RepartitionExec[Merge]=1926061050;RepartitionExec=177175983;OrderedPartialAggregateStream=8240
event	443608	refusal	RepartitionExec[77]	1	505187	2337818	2103236297	253	122	1926052074	875223	RepartitionExec[Merge]=1926052074;RepartitionExec=177175983;OrderedPartialAggregateStream=8240
event	443665	refusal	RepartitionExec[96]	1	918986	3007739	2103221385	253	122	1926037162	875282	RepartitionExec[Merge]=1926037162;RepartitionExec=177175983;OrderedPartialAggregateStream=8240
event	443686	refusal	RepartitionExec[64]	1	487322	2337818	2103214261	253	122	1926030038	875310	RepartitionExec[Merge]=1926030038;RepartitionExec=177175983;OrderedPartialAggregateStream=8240
event	443727	refusal	RepartitionExec[107]	1	466869	2521367	2103193217	253	122	1926008994	875393	RepartitionExec[Merge]=1926008994;RepartitionExec=177175983;OrderedPartialAggregateStream=8240
event	443790	refusal	RepartitionExec[80]	1	502605	2279122	2103174349	253	122	1925990126	875468	RepartitionExec[Merge]=1925990126;RepartitionExec=177175983;OrderedPartialAggregateStream=8240
event	443816	refusal	RepartitionExec[108]	1	466869	2279122	2103171561	253	122	1925987338	875479	RepartitionExec[Merge]=1925987338;RepartitionExec=177175983;OrderedPartialAggregateStream=8240
event	443878	refusal	RepartitionExec[102]	1	485748	2592110	2103152469	253	122	1925968246	875554	RepartitionExec[Merge]=1925968246;RepartitionExec=177175983;OrderedPartialAggregateStream=8240
event	443904	refusal	RepartitionExec[47]	1	940338	783556	2103148449	253	122	1925964226	875570	RepartitionExec[Merge]=1925964226;RepartitionExec=177175983;OrderedPartialAggregateStream=8240
event	443961	refusal	RepartitionExec[60]	1	517325	2592110	2103128737	253	122	1925944514	875648	RepartitionExec[Merge]=1925944514;RepartitionExec=177175983;OrderedPartialAggregateStream=8240
event	444031	refusal	RepartitionExec[85]	1	1036304	2279122	2103116633	253	122	1925932410	875696	RepartitionExec[Merge]=1925932410;RepartitionExec=177175983;OrderedPartialAggregateStream=8240
event	444067	refusal	RepartitionExec[78]	1	505187	2464023	2103109241	253	122	1925925018	875725	RepartitionExec[Merge]=1925925018;RepartitionExec=177175983;OrderedPartialAggregateStream=8240
event	444135	refusal	RepartitionExec[97]	1	918986	2464023	2103090689	253	122	1925906466	875799	RepartitionExec[Merge]=1925906466;RepartitionExec=177175983;OrderedPartialAggregateStream=8240
event	444141	refusal	RepartitionExec[65]	1	487322	2279122	2103090689	253	122	1925906466	875799	RepartitionExec[Merge]=1925906466;RepartitionExec=177175983;OrderedPartialAggregateStream=8240
event	444201	refusal	RepartitionExec[80]	1	835715	2279122	2103081517	253	122	1925897294	875835	RepartitionExec[Merge]=1925897294;RepartitionExec=177175983;OrderedPartialAggregateStream=8240
event	444247	refusal	RepartitionExec[98]	1	918986	2522719	2103073217	253	122	1925888994	875868	RepartitionExec[Merge]=1925888994;RepartitionExec=177175983;OrderedPartialAggregateStream=8240
event	444279	refusal	RepartitionExec[109]	1	466869	2464023	2103066265	253	122	1925882042	875895	RepartitionExec[Merge]=1925882042;RepartitionExec=177175983;OrderedPartialAggregateStream=8240
event	444357	refusal	RepartitionExec[103]	1	485748	2592110	2103065317	253	122	1925881858	875896	RepartitionExec[Merge]=1925881858;RepartitionExec=177175983;OrderedPartialAggregateStream=8240
event	444389	refusal	RepartitionExec[48]	1	940338	885585	2103068885	253	122	1925884662	875885	RepartitionExec[Merge]=1925884662;RepartitionExec=177175983;OrderedPartialAggregateStream=8240
event	444452	refusal	RepartitionExec[61]	1	517325	2592110	2103060681	253	122	1925876458	875917	RepartitionExec[Merge]=1925876458;RepartitionExec=177175983;OrderedPartialAggregateStream=8240
event	444498	refusal	RepartitionExec[86]	1	1036304	2279122	2103058053	253	122	1925873830	875928	RepartitionExec[Merge]=1925873830;RepartitionExec=177175983;OrderedPartialAggregateStream=8240
event	444537	refusal	RepartitionExec[79]	1	505187	2521367	2103053197	253	122	1925868974	875947	RepartitionExec[Merge]=1925868974;RepartitionExec=177175983;OrderedPartialAggregateStream=8240
event	444580	refusal	RepartitionExec[81]	1	502605	2580063	2103044509	253	122	1925860286	875981	RepartitionExec[Merge]=1925860286;RepartitionExec=177175983;OrderedPartialAggregateStream=8240
event	444609	refusal	RepartitionExec[66]	1	487322	2337818	2103038825	253	122	1925854602	876004	RepartitionExec[Merge]=1925854602;RepartitionExec=177175983;OrderedPartialAggregateStream=8240
event	444686	refusal	RepartitionExec[81]	1	835715	2580063	2103025049	253	122	1925841698	876055	RepartitionExec[Merge]=1925841698;RepartitionExec=177175983;OrderedPartialAggregateStream=8240
event	444702	refusal	RepartitionExec[67]	1	487322	2279122	2103025049	253	122	1925840826	876058	RepartitionExec[Merge]=1925840826;RepartitionExec=177175983;OrderedPartialAggregateStream=8240
event	444740	refusal	RepartitionExec[110]	1	466869	2521367	2103016805	253	122	1925832582	876091	RepartitionExec[Merge]=1925832582;RepartitionExec=177175983;OrderedPartialAggregateStream=8240
event	444805	refusal	RepartitionExec[82]	1	835715	2405327	2103005581	253	122	1925821358	876135	RepartitionExec[Merge]=1925821358;RepartitionExec=177175983;OrderedPartialAggregateStream=8240
event	444841	refusal	RepartitionExec[49]	1	940338	783556	2102998961	253	122	1925814738	876161	RepartitionExec[Merge]=1925814738;RepartitionExec=177175983;OrderedPartialAggregateStream=8240
event	444905	refusal	RepartitionExec[62]	1	517325	1585271	2102987837	253	122	1925803614	876205	RepartitionExec[Merge]=1925803614;RepartitionExec=177175983;OrderedPartialAggregateStream=8240
event	444963	refusal	RepartitionExec[87]	1	1036304	2279122	2102976981	253	122	1925792758	876248	RepartitionExec[Merge]=1925792758;RepartitionExec=177175983;OrderedPartialAggregateStream=8240
event	445004	refusal	RepartitionExec[80]	1	505187	2279122	2102973609	253	122	1925789386	876261	RepartitionExec[Merge]=1925789386;RepartitionExec=177175983;OrderedPartialAggregateStream=8240
event	445061	refusal	RepartitionExec[82]	1	502605	2405327	2102964769	253	122	1925780546	876296	RepartitionExec[Merge]=1925780546;RepartitionExec=177175983;OrderedPartialAggregateStream=8240
event	445127	refusal	RepartitionExec[99]	1	918986	2464023	2102952413	253	122	1925768190	876345	RepartitionExec[Merge]=1925768190;RepartitionExec=177175983;OrderedPartialAggregateStream=8240
event	445154	refusal	RepartitionExec[104]	1	485748	2592110	2102947557	253	122	1925763334	876364	RepartitionExec[Merge]=1925763334;RepartitionExec=177175983;OrderedPartialAggregateStream=8240
event	445186	refusal	RepartitionExec[68]	1	487322	2405327	2102944149	253	122	1925759926	876378	RepartitionExec[Merge]=1925759926;RepartitionExec=177175983;OrderedPartialAggregateStream=8240
event	445226	refusal	RepartitionExec[111]	1	466869	2279122	2102935453	253	122	1925751230	876412	RepartitionExec[Merge]=1925751230;RepartitionExec=177175983;OrderedPartialAggregateStream=8240
event	445296	refusal	RepartitionExec[83]	1	835715	2405327	2102926469	253	122	1925742246	876448	RepartitionExec[Merge]=1925742246;RepartitionExec=177175983;OrderedPartialAggregateStream=8240
event	445342	refusal	RepartitionExec[50]	1	940338	885585	2102921613	253	122	1925737390	876467	RepartitionExec[Merge]=1925737390;RepartitionExec=177175983;OrderedPartialAggregateStream=8240
event	445380	refusal	RepartitionExec[63]	1	517325	1585271	2102916433	253	122	1925732210	876487	RepartitionExec[Merge]=1925732210;RepartitionExec=177175983;OrderedPartialAggregateStream=8240
event	445401	refusal	RepartitionExec[88]	1	1036304	2521367	2102913025	253	122	1925728802	876501	RepartitionExec[Merge]=1925728802;RepartitionExec=177175983;OrderedPartialAggregateStream=8240
event	445430	refusal	RepartitionExec[81]	1	505187	2580063	2102909257	253	122	1925725034	876516	RepartitionExec[Merge]=1925725034;RepartitionExec=177175983;OrderedPartialAggregateStream=8240
event	445670	refusal	RepartitionExec[83]	1	502605	2405327	2102996733	253	122	1925812510	876170	RepartitionExec[Merge]=1925812510;RepartitionExec=177175983;OrderedPartialAggregateStream=8240
event	445691	refusal	RepartitionExec[100]	1	918986	2405327	2103008489	253	122	1925824266	876124	RepartitionExec[Merge]=1925824266;RepartitionExec=177175983;OrderedPartialAggregateStream=8240
event	445724	refusal	RepartitionExec[105]	1	485748	1927450	2103038553	253	122	1925854330	876005	RepartitionExec[Merge]=1925854330;RepartitionExec=177175983;OrderedPartialAggregateStream=8240
event	445772	refusal	RepartitionExec[69]	1	487322	2395162	2103073897	253	122	1925889674	875865	RepartitionExec[Merge]=1925889674;RepartitionExec=177175983;OrderedPartialAggregateStream=8240
event	445787	refusal	RepartitionExec[101]	1	918986	2405327	2103088537	253	122	1925904314	875807	RepartitionExec[Merge]=1925904314;RepartitionExec=177175983;OrderedPartialAggregateStream=8240
event	445825	refusal	RepartitionExec[84]	1	835715	2405327	2103139009	253	122	1925954786	875608	RepartitionExec[Merge]=1925954786;RepartitionExec=177175983;OrderedPartialAggregateStream=8240
event	445827	release_after_refusal	RepartitionExec[38]	1	502605	399837	2102636404	253	122	1925954786		RepartitionExec[Merge]=1925954786;RepartitionExec=176673378;OrderedPartialAggregateStream=8240
event	445852	refusal	RepartitionExec[51]	1	940338	780962	2103152085	253	122	1926470467	873569	RepartitionExec[Merge]=1926470467;RepartitionExec=176673378;OrderedPartialAggregateStream=8240
event	445926	refusal	RepartitionExec[112]	1	466869	2279122	2103161297	253	122	1926470959	873567	RepartitionExec[Merge]=1926470959;RepartitionExec=176673378;OrderedPartialAggregateStream=8240
event	445936	refusal	RepartitionExec[89]	1	1036304	1557118	2103161261	253	122	1926474687	873553	RepartitionExec[Merge]=1926474687;RepartitionExec=176673378;OrderedPartialAggregateStream=8240
event	445946	refusal	RepartitionExec[82]	1	505187	2405327	2103165093	253	122	1926478483	873538	RepartitionExec[Merge]=1926478483;RepartitionExec=176673378;OrderedPartialAggregateStream=8240
event	445948	refusal	RepartitionExec[52]	1	940338	780962	2103166325	253	122	1926478483	873538	RepartitionExec[Merge]=1926478483;RepartitionExec=176673378;OrderedPartialAggregateStream=8240
event	446037	refusal	RepartitionExec[113]	1	466869	2405327	2103225225	253	122	1926664820	872801	RepartitionExec[Merge]=1926664820;RepartitionExec=176547173;OrderedPartialAggregateStream=8240
event	446057	refusal	RepartitionExec[64]	1	517325	2337818	2103236257	253	122	1926675852	872758	RepartitionExec[Merge]=1926675852;RepartitionExec=176547173;OrderedPartialAggregateStream=8240
event	446103	refusal	RepartitionExec[70]	1	487322	2279122	2103270013	253	122	1926709608	872624	RepartitionExec[Merge]=1926709608;RepartitionExec=176547173;OrderedPartialAggregateStream=8240
event	446129	refusal	RepartitionExec[102]	1	918986	2592110	2103288005	253	122	1926732592	872533	RepartitionExec[Merge]=1926732592;RepartitionExec=176547173;OrderedPartialAggregateStream=8240
event	446168	refusal	RepartitionExec[85]	1	835715	2279122	2103331541	253	122	1926776128	872361	RepartitionExec[Merge]=1926776128;RepartitionExec=176547173;OrderedPartialAggregateStream=8240
event	446189	refusal	RepartitionExec[84]	1	502605	2405327	2103348929	253	122	1926793516	872293	RepartitionExec[Merge]=1926793516;RepartitionExec=176547173;OrderedPartialAggregateStream=8240
event	446203	refusal	RepartitionExec[90]	1	1036304	1614462	2103356525	253	122	1926801112	872262	RepartitionExec[Merge]=1926801112;RepartitionExec=176547173;OrderedPartialAggregateStream=8240
event	446248	refusal	RepartitionExec[83]	1	505187	2405327	2103396217	253	122	1926840804	872106	RepartitionExec[Merge]=1926840804;RepartitionExec=176547173;OrderedPartialAggregateStream=8240
event	446288	refusal	RepartitionExec[53]	1	940338	780962	2103436333	253	122	1927193908	870710	RepartitionExec[Merge]=1927193908;RepartitionExec=176234185;OrderedPartialAggregateStream=8240
event	446293	refusal	RepartitionExec[106]	1	485748	2650806	2103449049	253	122	1927206624	870660	RepartitionExec[Merge]=1927206624;RepartitionExec=176234185;OrderedPartialAggregateStream=8240
event	446304	release_after_refusal	RepartitionExec[2]	1	487322	285667	2102965779	253	122	1927210676		RepartitionExec[Merge]=1927210676;RepartitionExec=175746863;OrderedPartialAggregateStream=8240
event	446318	release_after_refusal	RepartitionExec[7]	1	517325	285667	2102945880	253	122	1927708102		RepartitionExec[Merge]=1927708102;RepartitionExec=175229538;OrderedPartialAggregateStream=8240
event	446338	release_after_refusal	RepartitionExec[9]	1	487322	285667	2102976107	253	122	1928227891		RepartitionExec[Merge]=1928227891;RepartitionExec=174742216;OrderedPartialAggregateStream=8240
event	446349	refusal	RepartitionExec[114]	1	466869	1585271	2103467785	253	122	1928717329	864689	RepartitionExec[Merge]=1928717329;RepartitionExec=174742216;OrderedPartialAggregateStream=8240
event	446374	refusal	RepartitionExec[65]	1	517325	2279122	2103471213	253	122	1928720757	864675	RepartitionExec[Merge]=1928720757;RepartitionExec=174742216;OrderedPartialAggregateStream=8240
event	446412	refusal	RepartitionExec[71]	1	487322	2405327	2103499773	253	122	1928749317	864562	RepartitionExec[Merge]=1928749317;RepartitionExec=174742216;OrderedPartialAggregateStream=8240
event	446442	refusal	RepartitionExec[103]	1	918986	2592110	2103493845	253	122	1928743389	864586	RepartitionExec[Merge]=1928743389;RepartitionExec=174742216;OrderedPartialAggregateStream=8240
event	446467	refusal	RepartitionExec[86]	1	835715	2279122	2103495869	253	122	1928745413	864578	RepartitionExec[Merge]=1928745413;RepartitionExec=174742216;OrderedPartialAggregateStream=8240
event	446484	refusal	RepartitionExec[85]	1	502605	2279122	2103495869	253	122	1928745413	864578	RepartitionExec[Merge]=1928745413;RepartitionExec=174742216;OrderedPartialAggregateStream=8240
event	446506	release_after_refusal	RepartitionExec[47]	1	312988	470568	2103174973	253	122	1928737505		RepartitionExec[Merge]=1928737505;RepartitionExec=174429228;OrderedPartialAggregateStream=8240
event	446544	refusal	RepartitionExec[91]	1	1036304	1498422	2103479617	253	122	1929042149	863405	RepartitionExec[Merge]=1929042149;RepartitionExec=174429228;OrderedPartialAggregateStream=8240
event	446573	refusal	RepartitionExec[87]	1	835715	2279122	2103471217	253	122	1929033749	863438	RepartitionExec[Merge]=1929033749;RepartitionExec=174429228;OrderedPartialAggregateStream=8240
event	446618	refusal	RepartitionExec[54]	1	940338	780962	2103461673	253	122	1929024205	863476	RepartitionExec[Merge]=1929024205;RepartitionExec=174429228;OrderedPartialAggregateStream=8240
event	446629	refusal	RepartitionExec[107]	1	485748	2521367	2103458237	253	122	1929020769	863489	RepartitionExec[Merge]=1929020769;RepartitionExec=174429228;OrderedPartialAggregateStream=8240
event	446685	refusal	RepartitionExec[88]	1	835715	2521367	2103439177	253	122	1929001709	863564	RepartitionExec[Merge]=1929001709;RepartitionExec=174429228;OrderedPartialAggregateStream=8240
event	446722	refusal	RepartitionExec[66]	1	517325	2337818	2103431009	253	122	1928993541	863597	RepartitionExec[Merge]=1928993541;RepartitionExec=174429228;OrderedPartialAggregateStream=8240
event	446771	refusal	RepartitionExec[72]	1	487322	2279122	2103409097	253	122	1928971629	863683	RepartitionExec[Merge]=1928971629;RepartitionExec=174429228;OrderedPartialAggregateStream=8240
event	446821	refusal	RepartitionExec[104]	1	918986	2592110	2103397773	253	122	1928960305	863728	RepartitionExec[Merge]=1928960305;RepartitionExec=174429228;OrderedPartialAggregateStream=8240
event	446845	refusal	RepartitionExec[84]	1	505187	2405327	2103391525	253	122	1929080262	863254	RepartitionExec[Merge]=1929080262;RepartitionExec=174303023;OrderedPartialAggregateStream=8240
event	446912	refusal	RepartitionExec[86]	1	502605	2279122	2103362185	253	122	1929050922	863370	RepartitionExec[Merge]=1929050922;RepartitionExec=174303023;OrderedPartialAggregateStream=8240
event	446947	refusal	RepartitionExec[92]	1	1036304	1643967	2103354233	253	122	1929042970	863401	RepartitionExec[Merge]=1929042970;RepartitionExec=174303023;OrderedPartialAggregateStream=8240
event	446986	refusal	RepartitionExec[115]	1	466869	1903886	2103344897	253	122	1929033634	863438	RepartitionExec[Merge]=1929033634;RepartitionExec=174303023;OrderedPartialAggregateStream=8240
event	447043	refusal	RepartitionExec[55]	1	940338	780962	2103326313	253	122	1929017794	863501	RepartitionExec[Merge]=1929017794;RepartitionExec=174303023;OrderedPartialAggregateStream=8240
event	447071	refusal	RepartitionExec[108]	1	485748	2279122	2103320657	253	122	1929009394	863534	RepartitionExec[Merge]=1929009394;RepartitionExec=174303023;OrderedPartialAggregateStream=8240
event	447128	refusal	RepartitionExec[89]	1	835715	1557118	2103302965	253	122	1928991702	863604	RepartitionExec[Merge]=1928991702;RepartitionExec=174303023;OrderedPartialAggregateStream=8240
event	447157	refusal	RepartitionExec[67]	1	517325	2279122	2103297929	253	122	1928986666	863624	RepartitionExec[Merge]=1928986666;RepartitionExec=174303023;OrderedPartialAggregateStream=8240
event	447209	refusal	RepartitionExec[73]	1	487322	1498422	2103281417	253	122	1928970154	863689	RepartitionExec[Merge]=1928970154;RepartitionExec=174303023;OrderedPartialAggregateStream=8240
event	447262	refusal	RepartitionExec[105]	1	918986	1927450	2103266749	253	122	1928955486	863747	RepartitionExec[Merge]=1928955486;RepartitionExec=174303023;OrderedPartialAggregateStream=8240
event	447289	refusal	RepartitionExec[85]	1	505187	2279122	2103264285	253	122	1928953022	863757	RepartitionExec[Merge]=1928953022;RepartitionExec=174303023;OrderedPartialAggregateStream=8240
event	447348	refusal	RepartitionExec[87]	1	502605	2279122	2103265761	253	122	1928954498	863751	RepartitionExec[Merge]=1928954498;RepartitionExec=174303023;OrderedPartialAggregateStream=8240
event	447386	refusal	RepartitionExec[93]	1	1036304	2395162	2103279741	253	122	1928968478	863696	RepartitionExec[Merge]=1928968478;RepartitionExec=174303023;OrderedPartialAggregateStream=8240
event	447444	refusal	RepartitionExec[116]	1	466869	1585271	2103274729	253	122	1928963466	863716	RepartitionExec[Merge]=1928963466;RepartitionExec=174303023;OrderedPartialAggregateStream=8240
event	447492	refusal	RepartitionExec[56]	1	940338	526042	2103273953	253	122	1928964390	863712	RepartitionExec[Merge]=1928964390;RepartitionExec=174303023;OrderedPartialAggregateStream=8240
event	447501	refusal	RepartitionExec[109]	1	485748	2464023	2103272265	253	122	1928961002	863725	RepartitionExec[Merge]=1928961002;RepartitionExec=174303023;OrderedPartialAggregateStream=8240
event	447545	refusal	RepartitionExec[117]	1	466869	1701311	2103265241	253	122	1928953978	863753	RepartitionExec[Merge]=1928953978;RepartitionExec=174303023;OrderedPartialAggregateStream=8240
event	447595	refusal	RepartitionExec[68]	1	517325	2405327	2103252797	253	122	1929000230	863570	RepartitionExec[Merge]=1929000230;RepartitionExec=174244327;OrderedPartialAggregateStream=8240
event	447629	refusal	RepartitionExec[74]	1	487322	2279122	2103245417	253	122	1928992850	863599	RepartitionExec[Merge]=1928992850;RepartitionExec=174244327;OrderedPartialAggregateStream=8240
event	447691	refusal	RepartitionExec[106]	1	918986	2650806	2103228941	253	122	1928976374	863665	RepartitionExec[Merge]=1928976374;RepartitionExec=174244327;OrderedPartialAggregateStream=8240
event	447726	refusal	RepartitionExec[86]	1	505187	2279122	2103216817	253	122	1928964250	863713	RepartitionExec[Merge]=1928964250;RepartitionExec=174244327;OrderedPartialAggregateStream=8240
event	447773	refusal	RepartitionExec[88]	1	502605	2521367	2103209605	253	122	1928958162	863737	RepartitionExec[Merge]=1928958162;RepartitionExec=174244327;OrderedPartialAggregateStream=8240
event	447817	refusal	RepartitionExec[94]	1	1036304	2521367	2103200117	253	122	1928947550	863779	RepartitionExec[Merge]=1928947550;RepartitionExec=174244327;OrderedPartialAggregateStream=8240
event	447875	refusal	RepartitionExec[90]	1	835715	1614462	2103184937	253	122	1928932370	863839	RepartitionExec[Merge]=1928932370;RepartitionExec=174244327;OrderedPartialAggregateStream=8240
event	447898	refusal	RepartitionExec[57]	1	940338	724860	2103178885	253	122	1928926318	863862	RepartitionExec[Merge]=1928926318;RepartitionExec=174244327;OrderedPartialAggregateStream=8240
event	447937	refusal	RepartitionExec[110]	1	485748	2521367	2103170585	253	122	1928918018	863895	RepartitionExec[Merge]=1928918018;RepartitionExec=174244327;OrderedPartialAggregateStream=8240
event	448006	refusal	RepartitionExec[118]	1	466869	1799363	2103160909	253	122	1928908342	863934	RepartitionExec[Merge]=1928908342;RepartitionExec=174244327;OrderedPartialAggregateStream=8240
event	448051	refusal	RepartitionExec[69]	1	517325	2395162	2103152077	253	122	1928899510	863968	RepartitionExec[Merge]=1928899510;RepartitionExec=174244327;OrderedPartialAggregateStream=8240
event	448092	refusal	RepartitionExec[75]	1	487322	2521367	2103142437	253	122	1928889870	864007	RepartitionExec[Merge]=1928889870;RepartitionExec=174244327;OrderedPartialAggregateStream=8240
event	448197	refusal	RepartitionExec[87]	1	505187	2279122	2103116601	253	122	1928864034	864109	RepartitionExec[Merge]=1928864034;RepartitionExec=174244327;OrderedPartialAggregateStream=8240
event	448251	refusal	RepartitionExec[89]	1	502605	1557118	2103110073	253	122	1928857506	864134	RepartitionExec[Merge]=1928857506;RepartitionExec=174244327;OrderedPartialAggregateStream=8240
event	448306	refusal	RepartitionExec[95]	1	1036304	2464023	2103095649	253	122	1928843082	864191	RepartitionExec[Merge]=1928843082;RepartitionExec=174244327;OrderedPartialAggregateStream=8240
event	448515	refusal	RepartitionExec[107]	1	918986	2521367	2103058097	253	122	1928805530	864340	RepartitionExec[Merge]=1928805530;RepartitionExec=174244327;OrderedPartialAggregateStream=8240
event	448647	refusal	RepartitionExec[91]	1	835715	1498422	2103184153	253	122	1928931586	863842	RepartitionExec[Merge]=1928931586;RepartitionExec=174244327;OrderedPartialAggregateStream=8240
event	448689	refusal	RepartitionExec[111]	1	485748	2279122	2103230669	253	122	1928978102	863658	RepartitionExec[Merge]=1928978102;RepartitionExec=174244327;OrderedPartialAggregateStream=8240
event	448690	refusal	RepartitionExec[58]	1	940338	1498422	2103230669	253	122	1928978102	863658	RepartitionExec[Merge]=1928978102;RepartitionExec=174244327;OrderedPartialAggregateStream=8240
event	448752	release_after_refusal	RepartitionExec[21]	1	517325	86849	2102783108	253	122	1929047866		RepartitionExec[Merge]=1929047866;RepartitionExec=173727002;OrderedPartialAggregateStream=8240
event	448756	refusal	RepartitionExec[119]	1	466869	1643967	2102787440	253	122	1929052198	863365	RepartitionExec[Merge]=1929052198;RepartitionExec=173727002;OrderedPartialAggregateStream=8240
event	448763	release_after_refusal	RepartitionExec[24]	1	517325	285667	2102787416	253	122	1929569499		RepartitionExec[Merge]=1929569499;RepartitionExec=173209677;OrderedPartialAggregateStream=8240
event	448779	release_after_refusal	RepartitionExec[25]	1	517325	285667	2102797412	253	122	1930096820		RepartitionExec[Merge]=1930096820;RepartitionExec=172692352;OrderedPartialAggregateStream=8240
event	448789	refusal	RepartitionExec[70]	1	517325	2279122	2103310369	253	122	1930609777	857208	RepartitionExec[Merge]=1930609777;RepartitionExec=172692352;OrderedPartialAggregateStream=8240
event	448811	refusal	RepartitionExec[76]	1	487322	2405327	2103330533	253	122	1930629941	857129	RepartitionExec[Merge]=1930629941;RepartitionExec=172692352;OrderedPartialAggregateStream=8240
event	448838	refusal	RepartitionExec[88]	1	505187	2521367	2103338781	253	122	1930638189	857096	RepartitionExec[Merge]=1930638189;RepartitionExec=172692352;OrderedPartialAggregateStream=8240
event	448875	refusal	RepartitionExec[90]	1	502605	1614462	2103360425	253	122	1930659833	857011	RepartitionExec[Merge]=1930659833;RepartitionExec=172692352;OrderedPartialAggregateStream=8240
event	448919	refusal	RepartitionExec[96]	1	1036304	3007739	2103388073	253	122	1930687481	856901	RepartitionExec[Merge]=1930687481;RepartitionExec=172692352;OrderedPartialAggregateStream=8240
event	448960	refusal	RepartitionExec[108]	1	918986	2279122	2103396017	253	122	1930695425	856870	RepartitionExec[Merge]=1930695425;RepartitionExec=172692352;OrderedPartialAggregateStream=8240
event	448995	refusal	RepartitionExec[92]	1	835715	1643967	2103411877	253	122	1930711285	856807	RepartitionExec[Merge]=1930711285;RepartitionExec=172692352;OrderedPartialAggregateStream=8240
event	449033	refusal	RepartitionExec[112]	1	485748	2279122	2103407765	253	122	1930707173	856824	RepartitionExec[Merge]=1930707173;RepartitionExec=172692352;OrderedPartialAggregateStream=8240
event	449070	refusal	RepartitionExec[59]	1	940338	1711476	2103414901	253	122	1930714309	856795	RepartitionExec[Merge]=1930714309;RepartitionExec=172692352;OrderedPartialAggregateStream=8240
event	449089	release_after_refusal	RepartitionExec[14]	1	487322	285667	2102922911	253	122	1930709641		RepartitionExec[Merge]=1930709641;RepartitionExec=172205030;OrderedPartialAggregateStream=8240
event	449101	refusal	RepartitionExec[71]	1	517325	2405327	2103408989	253	122	1931195719	854893	RepartitionExec[Merge]=1931195719;RepartitionExec=172205030;OrderedPartialAggregateStream=8240
event	449125	release_after_refusal	RepartitionExec[37]	1	487322	399837	2102935079	252	122	1931209955		RepartitionExec[Merge]=1931209955;RepartitionExec=171717708;OrderedPartialAggregateStream=7416
event	449151	refusal	RepartitionExec[77]	1	487322	2337818	2103424729	252	122	1931699605	856285	RepartitionExec[Merge]=1931699605;RepartitionExec=171717708;OrderedPartialAggregateStream=7416
event	449164	release_after_refusal	RepartitionExec[41]	1	126205	460403	2103304612	252	122	1931705693		RepartitionExec[Merge]=1931705693;RepartitionExec=171591503;OrderedPartialAggregateStream=7416
event	449168	refusal	RepartitionExec[89]	1	505187	1557118	2103432629	252	122	1931833710	855753	RepartitionExec[Merge]=1931833710;RepartitionExec=171591503;OrderedPartialAggregateStream=7416
event	449210	refusal	RepartitionExec[91]	1	502605	1498422	2103437853	252	122	1931838934	855732	RepartitionExec[Merge]=1931838934;RepartitionExec=171591503;OrderedPartialAggregateStream=7416
event	449240	refusal	RepartitionExec[97]	1	1036304	2464023	2103432657	252	122	1931833738	855753	RepartitionExec[Merge]=1931833738;RepartitionExec=171591503;OrderedPartialAggregateStream=7416
event	449277	refusal	RepartitionExec[109]	1	918986	2464023	2103428941	252	122	1931830022	855768	RepartitionExec[Merge]=1931830022;RepartitionExec=171591503;OrderedPartialAggregateStream=7416
event	449294	refusal	RepartitionExec[93]	1	835715	2395162	2103429277	252	122	1931830358	855767	RepartitionExec[Merge]=1931830358;RepartitionExec=171591503;OrderedPartialAggregateStream=7416
event	449314	refusal	RepartitionExec[113]	1	485748	2405327	2103421409	252	122	1931822490	855798	RepartitionExec[Merge]=1931822490;RepartitionExec=171591503;OrderedPartialAggregateStream=7416
event	449369	refusal	RepartitionExec[60]	1	940338	2592110	2103411205	252	122	1931812286	855838	RepartitionExec[Merge]=1931812286;RepartitionExec=171591503;OrderedPartialAggregateStream=7416
event	449387	refusal	RepartitionExec[72]	1	517325	2279122	2103411649	252	122	1931812730	855836	RepartitionExec[Merge]=1931812730;RepartitionExec=171591503;OrderedPartialAggregateStream=7416
event	449432	refusal	RepartitionExec[78]	1	487322	2464023	2103399037	252	122	1931800118	855887	RepartitionExec[Merge]=1931800118;RepartitionExec=171591503;OrderedPartialAggregateStream=7416
event	449473	refusal	RepartitionExec[90]	1	505187	1614462	2103387369	252	122	1931788450	855933	RepartitionExec[Merge]=1931788450;RepartitionExec=171591503;OrderedPartialAggregateStream=7416
event	449526	refusal	RepartitionExec[92]	1	502605	1643967	2103372985	252	122	1931774066	855990	RepartitionExec[Merge]=1931774066;RepartitionExec=171591503;OrderedPartialAggregateStream=7416
event	449579	refusal	RepartitionExec[98]	1	1036304	2522719	2103360481	252	122	1931761562	856040	RepartitionExec[Merge]=1931761562;RepartitionExec=171591503;OrderedPartialAggregateStream=7416
event	449615	refusal	RepartitionExec[110]	1	918986	2521367	2103347969	252	122	1931749050	856089	RepartitionExec[Merge]=1931749050;RepartitionExec=171591503;OrderedPartialAggregateStream=7416
event	449671	refusal	RepartitionExec[94]	1	835715	2521367	2103336105	252	122	1931737186	856136	RepartitionExec[Merge]=1931737186;RepartitionExec=171591503;OrderedPartialAggregateStream=7416
event	449718	refusal	RepartitionExec[114]	1	485748	1585271	2103315057	252	122	1931716138	856220	RepartitionExec[Merge]=1931716138;RepartitionExec=171591503;OrderedPartialAggregateStream=7416
event	449787	refusal	RepartitionExec[61]	1	940338	2592110	2103292797	252	122	1931809918	855848	RepartitionExec[Merge]=1931809918;RepartitionExec=171475463;OrderedPartialAggregateStream=7416
event	449819	refusal	RepartitionExec[73]	1	517325	1498422	2103291669	252	122	1931808790	855852	RepartitionExec[Merge]=1931808790;RepartitionExec=171475463;OrderedPartialAggregateStream=7416
event	449879	refusal	RepartitionExec[79]	1	487322	2521367	2103291581	252	122	1931808702	855852	RepartitionExec[Merge]=1931808702;RepartitionExec=171475463;OrderedPartialAggregateStream=7416
event	449914	refusal	RepartitionExec[91]	1	505187	1498422	2103291017	252	122	1931808138	855855	RepartitionExec[Merge]=1931808138;RepartitionExec=171475463;OrderedPartialAggregateStream=7416
event	449975	refusal	RepartitionExec[93]	1	502605	2395162	2103280345	252	122	1931797466	855897	RepartitionExec[Merge]=1931797466;RepartitionExec=171475463;OrderedPartialAggregateStream=7416
event	449979	release_after_refusal	RepartitionExec[42]	1	312988	411872	2102964137	252	122	1931794246		RepartitionExec[Merge]=1931794246;RepartitionExec=171162475;OrderedPartialAggregateStream=7416
event	450033	refusal	RepartitionExec[99]	1	1036304	2464023	2103260605	252	122	1932090714	854733	RepartitionExec[Merge]=1932090714;RepartitionExec=171162475;OrderedPartialAggregateStream=7416
event	450074	refusal	RepartitionExec[111]	1	918986	2279122	2103132933	252	122	1932079082	854780	RepartitionExec[Merge]=1932079082;RepartitionExec=171046435;OrderedPartialAggregateStream=7416
event	450112	refusal	RepartitionExec[95]	1	835715	2464023	2103239001	252	122	1932185150	854359	RepartitionExec[Merge]=1932185150;RepartitionExec=171046435;OrderedPartialAggregateStream=7416
event	450146	refusal	RepartitionExec[115]	1	485748	1903886	2103223593	252	122	1932169742	854420	RepartitionExec[Merge]=1932169742;RepartitionExec=171046435;OrderedPartialAggregateStream=7416
event	450214	refusal	RepartitionExec[62]	1	940338	1585271	2103203861	252	122	1932276215	853997	RepartitionExec[Merge]=1932276215;RepartitionExec=170920230;OrderedPartialAggregateStream=7416
event	450238	refusal	RepartitionExec[74]	1	517325	2279122	2103196773	252	122	1932269127	854025	RepartitionExec[Merge]=1932269127;RepartitionExec=170920230;OrderedPartialAggregateStream=7416
event	450297	refusal	RepartitionExec[80]	1	487322	2279122	2103179953	252	122	1932252307	854092	RepartitionExec[Merge]=1932252307;RepartitionExec=170920230;OrderedPartialAggregateStream=7416
event	450354	refusal	RepartitionExec[92]	1	505187	1643967	2103165625	252	122	1932237979	854149	RepartitionExec[Merge]=1932237979;RepartitionExec=170920230;OrderedPartialAggregateStream=7416
event	450401	refusal	RepartitionExec[94]	1	502605	2521367	2103143365	252	122	1932215719	854237	RepartitionExec[Merge]=1932215719;RepartitionExec=170920230;OrderedPartialAggregateStream=7416
event	450466	refusal	RepartitionExec[100]	1	1036304	2405327	2103126125	252	122	1932198479	854306	RepartitionExec[Merge]=1932198479;RepartitionExec=170920230;OrderedPartialAggregateStream=7416
event	450523	refusal	RepartitionExec[112]	1	918986	2279122	2103103837	252	122	1932176191	854394	RepartitionExec[Merge]=1932176191;RepartitionExec=170920230;OrderedPartialAggregateStream=7416
event	450560	refusal	RepartitionExec[96]	1	835715	3007739	2103093377	252	122	1932165731	854436	RepartitionExec[Merge]=1932165731;RepartitionExec=170920230;OrderedPartialAggregateStream=7416
event	450598	refusal	RepartitionExec[116]	1	485748	1585271	2103082089	252	122	1932154443	854480	RepartitionExec[Merge]=1932154443;RepartitionExec=170920230;OrderedPartialAggregateStream=7416
event	450667	refusal	RepartitionExec[63]	1	940338	1585271	2103066549	252	122	1932138903	854542	RepartitionExec[Merge]=1932138903;RepartitionExec=170920230;OrderedPartialAggregateStream=7416
event	450696	refusal	RepartitionExec[75]	1	517325	2521367	2103053761	252	122	1932126115	854593	RepartitionExec[Merge]=1932126115;RepartitionExec=170920230;OrderedPartialAggregateStream=7416
event	450747	refusal	RepartitionExec[81]	1	487322	2580063	2103043733	252	122	1932116087	854633	RepartitionExec[Merge]=1932116087;RepartitionExec=170920230;OrderedPartialAggregateStream=7416
event	450852	refusal	RepartitionExec[95]	1	502605	2464023	2103018013	252	122	1932090367	854735	RepartitionExec[Merge]=1932090367;RepartitionExec=170920230;OrderedPartialAggregateStream=7416
event	450858	refusal	RepartitionExec[76]	1	517325	2405327	2103013705	252	122	1932086059	854752	RepartitionExec[Merge]=1932086059;RepartitionExec=170920230;OrderedPartialAggregateStream=7416
event	450908	refusal	RepartitionExec[101]	1	1036304	2405327	2103005009	252	122	1932077363	854786	RepartitionExec[Merge]=1932077363;RepartitionExec=170920230;OrderedPartialAggregateStream=7416
event	450960	refusal	RepartitionExec[113]	1	918986	2405327	2102991889	252	122	1932064243	854838	RepartitionExec[Merge]=1932064243;RepartitionExec=170920230;OrderedPartialAggregateStream=7416
event	451008	refusal	RepartitionExec[97]	1	835715	2464023	2102984533	252	122	1932056887	854868	RepartitionExec[Merge]=1932056887;RepartitionExec=170920230;OrderedPartialAggregateStream=7416
event	451041	refusal	RepartitionExec[117]	1	485748	1701311	2102975253	252	122	1932047607	854904	RepartitionExec[Merge]=1932047607;RepartitionExec=170920230;OrderedPartialAggregateStream=7416
event	451117	refusal	RepartitionExec[64]	1	940338	2337818	2102960289	252	122	1932032643	854964	RepartitionExec[Merge]=1932032643;RepartitionExec=170920230;OrderedPartialAggregateStream=7416
event	451152	refusal	RepartitionExec[93]	1	505187	2395162	2102947033	252	122	1932019387	855016	RepartitionExec[Merge]=1932019387;RepartitionExec=170920230;OrderedPartialAggregateStream=7416
event	451214	refusal	RepartitionExec[82]	1	487322	2405327	2102934209	252	122	1932006563	855067	RepartitionExec[Merge]=1932006563;RepartitionExec=170920230;OrderedPartialAggregateStream=7416
event	451267	refusal	RepartitionExec[96]	1	502605	3007739	2102926493	252	122	1931998847	855098	RepartitionExec[Merge]=1931998847;RepartitionExec=170920230;OrderedPartialAggregateStream=7416
event	451324	refusal	RepartitionExec[77]	1	517325	2337818	2102915153	252	122	1931987507	855143	RepartitionExec[Merge]=1931987507;RepartitionExec=170920230;OrderedPartialAggregateStream=7416
event	451362	refusal	RepartitionExec[102]	1	1036304	2592110	2102907105	252	122	1931979459	855175	RepartitionExec[Merge]=1931979459;RepartitionExec=170920230;OrderedPartialAggregateStream=7416
event	451429	refusal	RepartitionExec[114]	1	918986	1585271	2102897717	252	122	1931970071	855212	RepartitionExec[Merge]=1931970071;RepartitionExec=170920230;OrderedPartialAggregateStream=7416
event	451481	refusal	RepartitionExec[98]	1	835715	2522719	2102890949	252	122	1931963303	855239	RepartitionExec[Merge]=1931963303;RepartitionExec=170920230;OrderedPartialAggregateStream=7416
event	451522	refusal	RepartitionExec[118]	1	485748	1799363	2102884421	252	122	1931956775	855265	RepartitionExec[Merge]=1931956775;RepartitionExec=170920230;OrderedPartialAggregateStream=7416
event	451586	refusal	RepartitionExec[65]	1	940338	2279122	2102872541	252	122	1931944895	855312	RepartitionExec[Merge]=1931944895;RepartitionExec=170920230;OrderedPartialAggregateStream=7416
event	451621	refusal	RepartitionExec[94]	1	505187	2521367	2102865365	252	122	1931937719	855340	RepartitionExec[Merge]=1931937719;RepartitionExec=170920230;OrderedPartialAggregateStream=7416
event	451693	refusal	RepartitionExec[83]	1	487322	2405327	2102853369	252	122	1931925723	855388	RepartitionExec[Merge]=1931925723;RepartitionExec=170920230;OrderedPartialAggregateStream=7416
event	451741	refusal	RepartitionExec[97]	1	502605	2464023	2102845861	252	122	1931918215	855418	RepartitionExec[Merge]=1931918215;RepartitionExec=170920230;OrderedPartialAggregateStream=7416
event	451799	refusal	RepartitionExec[78]	1	517325	2464023	2102835781	252	122	1931908135	855458	RepartitionExec[Merge]=1931908135;RepartitionExec=170920230;OrderedPartialAggregateStream=7416
event	451840	refusal	RepartitionExec[103]	1	1036304	2592110	2102824337	252	122	1931955387	855270	RepartitionExec[Merge]=1931955387;RepartitionExec=170861534;OrderedPartialAggregateStream=7416
event	451910	refusal	RepartitionExec[115]	1	918986	1903886	2102811101	252	122	1931942151	855323	RepartitionExec[Merge]=1931942151;RepartitionExec=170861534;OrderedPartialAggregateStream=7416
event	451968	refusal	RepartitionExec[104]	1	1036304	2592110	2102808989	252	122	1931940039	855331	RepartitionExec[Merge]=1931940039;RepartitionExec=170861534;OrderedPartialAggregateStream=7416
event	452046	refusal	RepartitionExec[116]	1	918986	1585271	2102806085	252	122	1931937135	855343	RepartitionExec[Merge]=1931937135;RepartitionExec=170861534;OrderedPartialAggregateStream=7416
event	452154	refusal	RepartitionExec[105]	1	1036304	1927450	2102819869	252	122	1931950919	855288	RepartitionExec[Merge]=1931950919;RepartitionExec=170861534;OrderedPartialAggregateStream=7416
event	452215	refusal	RepartitionExec[95]	1	505187	2464023	2102834561	252	122	1931965611	855230	RepartitionExec[Merge]=1931965611;RepartitionExec=170861534;OrderedPartialAggregateStream=7416
event	452249	refusal	RepartitionExec[84]	1	487322	2405327	2102849997	252	122	1931981047	855169	RepartitionExec[Merge]=1931981047;RepartitionExec=170861534;OrderedPartialAggregateStream=7416
event	452305	refusal	RepartitionExec[98]	1	502605	2522719	2102869345	252	122	1932000395	855092	RepartitionExec[Merge]=1932000395;RepartitionExec=170861534;OrderedPartialAggregateStream=7416
event	452345	refusal	RepartitionExec[79]	1	517325	2521367	2102897885	252	122	1932028935	854979	RepartitionExec[Merge]=1932028935;RepartitionExec=170861534;OrderedPartialAggregateStream=7416
event	452367	refusal	RepartitionExec[99]	1	835715	2464023	2102913849	252	122	1932044899	854915	RepartitionExec[Merge]=1932044899;RepartitionExec=170861534;OrderedPartialAggregateStream=7416
event	452481	refusal	RepartitionExec[99]	1	502605	2464023	2102972529	252	122	1932103579	854682	RepartitionExec[Merge]=1932103579;RepartitionExec=170861534;OrderedPartialAggregateStream=7416
event	452517	refusal	RepartitionExec[66]	1	940338	2337818	2102992953	252	122	1932124003	854601	RepartitionExec[Merge]=1932124003;RepartitionExec=170861534;OrderedPartialAggregateStream=7416
event	452588	refusal	RepartitionExec[117]	1	918986	1701311	2103025145	252	122	1932156195	854474	RepartitionExec[Merge]=1932156195;RepartitionExec=170861534;OrderedPartialAggregateStream=7416
event	452609	refusal	RepartitionExec[106]	1	1036304	2650806	2103038337	252	122	1932169387	854421	RepartitionExec[Merge]=1932169387;RepartitionExec=170861534;OrderedPartialAggregateStream=7416
event	452656	refusal	RepartitionExec[96]	1	505187	3007739	2103049973	252	122	1932181023	854375	RepartitionExec[Merge]=1932181023;RepartitionExec=170861534;OrderedPartialAggregateStream=7416
event	452729	refusal	RepartitionExec[85]	1	487322	2279122	2103073861	252	122	1932263671	854047	RepartitionExec[Merge]=1932263671;RepartitionExec=170802774;OrderedPartialAggregateStream=7416
event	452760	release_after_refusal	RepartitionExec[26]	1	517325	285667	2102562812	252	122	1932269947		RepartitionExec[Merge]=1932269947;RepartitionExec=170285449;OrderedPartialAggregateStream=7416
event	452786	refusal	RepartitionExec[119]	1	485748	1643967	2103098837	252	122	1932805972	851895	RepartitionExec[Merge]=1932805972;RepartitionExec=170285449;OrderedPartialAggregateStream=7416
event	452837	refusal	RepartitionExec[80]	1	517325	2279122	2103141605	252	122	1932848740	851725	RepartitionExec[Merge]=1932848740;RepartitionExec=170285449;OrderedPartialAggregateStream=7416
event	452871	release_after_refusal	RepartitionExec[55]	1	312988	467974	2102853693	252	122	1932873816		RepartitionExec[Merge]=1932873816;RepartitionExec=169972461;OrderedPartialAggregateStream=7416
event	452877	refusal	RepartitionExec[100]	1	835715	2405327	2103176713	252	122	1933196836	850344	RepartitionExec[Merge]=1933196836;RepartitionExec=169972461;OrderedPartialAggregateStream=7416
event	452908	refusal	RepartitionExec[100]	1	502605	2405327	2103167161	252	122	1933187284	850382	RepartitionExec[Merge]=1933187284;RepartitionExec=169972461;OrderedPartialAggregateStream=7416
event	452964	refusal	RepartitionExec[67]	1	940338	2279122	2103187241	252	122	1933207364	850302	RepartitionExec[Merge]=1933207364;RepartitionExec=169972461;OrderedPartialAggregateStream=7416
event	453036	refusal	RepartitionExec[118]	1	918986	1799363	2103214053	252	122	1933234176	850196	RepartitionExec[Merge]=1933234176;RepartitionExec=169972461;OrderedPartialAggregateStream=7416
event	453055	refusal	RepartitionExec[107]	1	1036304	2521367	2103226573	252	122	1933246696	850146	RepartitionExec[Merge]=1933246696;RepartitionExec=169972461;OrderedPartialAggregateStream=7416
event	453093	refusal	RepartitionExec[97]	1	505187	2464023	2103246501	252	122	1933266624	850067	RepartitionExec[Merge]=1933266624;RepartitionExec=169972461;OrderedPartialAggregateStream=7416
event	453151	refusal	RepartitionExec[86]	1	487322	2279122	2103263761	252	122	1933283884	849999	RepartitionExec[Merge]=1933283884;RepartitionExec=169972461;OrderedPartialAggregateStream=7416
event	453178	refusal	RepartitionExec[81]	1	517325	2580063	2103272913	252	122	1933293036	849962	RepartitionExec[Merge]=1933293036;RepartitionExec=169972461;OrderedPartialAggregateStream=7416
event	453194	refusal	RepartitionExec[101]	1	835715	2405327	2103271465	252	122	1933291588	849968	RepartitionExec[Merge]=1933291588;RepartitionExec=169972461;OrderedPartialAggregateStream=7416
event	453287	refusal	RepartitionExec[87]	1	487322	2279122	2103303661	251	122	1933324608	853223	RepartitionExec[Merge]=1933324608;RepartitionExec=169972461;OrderedPartialAggregateStream=6592
event	453293	refusal	RepartitionExec[102]	1	835715	2592110	2103301421	251	122	1933322368	853232	RepartitionExec[Merge]=1933322368;RepartitionExec=169972461;OrderedPartialAggregateStream=6592
event	453319	refusal	RepartitionExec[101]	1	502605	2405327	2103310933	251	122	1933331880	853194	RepartitionExec[Merge]=1933331880;RepartitionExec=169972461;OrderedPartialAggregateStream=6592
event	453335	refusal	RepartitionExec[108]	1	1036304	2279122	2103313449	251	122	1933334396	853184	RepartitionExec[Merge]=1933334396;RepartitionExec=169972461;OrderedPartialAggregateStream=6592
event	453357	refusal	RepartitionExec[98]	1	505187	2522719	2103320649	251	122	1933341596	853155	RepartitionExec[Merge]=1933341596;RepartitionExec=169972461;OrderedPartialAggregateStream=6592
event	453402	refusal	RepartitionExec[88]	1	487322	2521367	2103334029	251	122	1933354976	853102	RepartitionExec[Merge]=1933354976;RepartitionExec=169972461;OrderedPartialAggregateStream=6592
event	453429	refusal	RepartitionExec[82]	1	517325	2405327	2103336221	251	122	1933357168	853093	RepartitionExec[Merge]=1933357168;RepartitionExec=169972461;OrderedPartialAggregateStream=6592
event	453476	refusal	RepartitionExec[119]	1	918986	1643967	2103341809	251	122	1933362756	853071	RepartitionExec[Merge]=1933362756;RepartitionExec=169972461;OrderedPartialAggregateStream=6592
event	453487	refusal	RepartitionExec[103]	1	835715	2592110	2103348409	251	122	1933369356	853044	RepartitionExec[Merge]=1933369356;RepartitionExec=169972461;OrderedPartialAggregateStream=6592
event	453534	refusal	RepartitionExec[83]	1	517325	2405327	2103340541	251	122	1933361488	853076	RepartitionExec[Merge]=1933361488;RepartitionExec=169972461;OrderedPartialAggregateStream=6592
event	453582	refusal	RepartitionExec[109]	1	1036304	2464023	2103333937	251	122	1933354884	853102	RepartitionExec[Merge]=1933354884;RepartitionExec=169972461;OrderedPartialAggregateStream=6592
event	453608	refusal	RepartitionExec[99]	1	505187	2464023	2103326093	251	122	1933347040	853133	RepartitionExec[Merge]=1933347040;RepartitionExec=169972461;OrderedPartialAggregateStream=6592
event	453620	release_after_refusal	RepartitionExec[51]	1	312988	467974	2103005881	251	122	1933339816		RepartitionExec[Merge]=1933339816;RepartitionExec=169659473;OrderedPartialAggregateStream=6592
event	453685	refusal	RepartitionExec[68]	1	940338	2405327	2103305949	251	122	1933639884	851967	RepartitionExec[Merge]=1933639884;RepartitionExec=169659473;OrderedPartialAggregateStream=6592
event	453724	refusal	RepartitionExec[89]	1	487322	1557118	2103298841	251	122	1933632776	851995	RepartitionExec[Merge]=1933632776;RepartitionExec=169659473;OrderedPartialAggregateStream=6592
event	453784	refusal	RepartitionExec[102]	1	502605	2592110	2103279537	251	122	1933613472	852072	RepartitionExec[Merge]=1933613472;RepartitionExec=169659473;OrderedPartialAggregateStream=6592
event	453883	refusal	RepartitionExec[104]	1	835715	2592110	2103294957	250	122	1933629716	855415	RepartitionExec[Merge]=1933629716;RepartitionExec=169659473;OrderedPartialAggregateStream=5768
event	453962	refusal	RepartitionExec[84]	1	517325	2405327	2103264325	250	122	1933912072	854286	RepartitionExec[Merge]=1933912072;RepartitionExec=169346485;OrderedPartialAggregateStream=5768
event	453994	refusal	RepartitionExec[110]	1	1036304	2521367	2103272213	250	122	1933919960	854254	RepartitionExec[Merge]=1933919960;RepartitionExec=169346485;OrderedPartialAggregateStream=5768
event	454042	refusal	RepartitionExec[100]	1	505187	2405327	2103293325	250	122	1933941072	854170	RepartitionExec[Merge]=1933941072;RepartitionExec=169346485;OrderedPartialAggregateStream=5768
event	454101	refusal	RepartitionExec[69]	1	940338	2395162	2103321657	250	122	1933969404	854056	RepartitionExec[Merge]=1933969404;RepartitionExec=169346485;OrderedPartialAggregateStream=5768
event	454144	refusal	RepartitionExec[90]	1	487322	1614462	2103327297	250	122	1933975044	854034	RepartitionExec[Merge]=1933975044;RepartitionExec=169346485;OrderedPartialAggregateStream=5768
event	454189	refusal	RepartitionExec[103]	1	502605	2592110	2103353205	250	122	1934000952	853930	RepartitionExec[Merge]=1934000952;RepartitionExec=169346485;OrderedPartialAggregateStream=5768
event	454253	refusal	RepartitionExec[105]	1	835715	1927450	2103367993	250	122	1934015740	853871	RepartitionExec[Merge]=1934015740;RepartitionExec=169346485;OrderedPartialAggregateStream=5768
event	454261	release_after_refusal	RepartitionExec[65]	1	798268	1480854	2102565893	250	122	1934011908		RepartitionExec[Merge]=1934011908;RepartitionExec=168548217;OrderedPartialAggregateStream=5768
event	454326	refusal	RepartitionExec[85]	1	517325	2279122	2103349525	250	122	1935288231	848781	RepartitionExec[Merge]=1935288231;RepartitionExec=168055526;OrderedPartialAggregateStream=5768
event	454362	release_after_refusal	RepartitionExec[48]	1	485748	399837	2102875205	250	122	1935299659		RepartitionExec[Merge]=1935299659;RepartitionExec=167569778;OrderedPartialAggregateStream=5768
event	454415	refusal	RepartitionExec[111]	1	1036304	2279122	2103360581	250	122	1935785035	846794	RepartitionExec[Merge]=1935785035;RepartitionExec=167569778;OrderedPartialAggregateStream=5768
event	454435	release_after_refusal	RepartitionExec[50]	1	485748	399837	2102869233	250	122	1935986898		RepartitionExec[Merge]=1935986898;RepartitionExec=166876567;OrderedPartialAggregateStream=5768
event	454488	refusal	RepartitionExec[101]	1	505187	2405327	2103339325	250	122	1936456990	844106	RepartitionExec[Merge]=1936456990;RepartitionExec=166876567;OrderedPartialAggregateStream=5768
event	454543	refusal	RepartitionExec[70]	1	940338	2279122	2103331005	250	122	1936448670	844139	RepartitionExec[Merge]=1936448670;RepartitionExec=166876567;OrderedPartialAggregateStream=5768
event	454586	refusal	RepartitionExec[91]	1	487322	1498422	2103342161	250	122	1936459826	844095	RepartitionExec[Merge]=1936459826;RepartitionExec=166876567;OrderedPartialAggregateStream=5768
event	454667	refusal	RepartitionExec[71]	1	940338	2405327	2103337997	250	122	1936455662	844111	RepartitionExec[Merge]=1936455662;RepartitionExec=166876567;OrderedPartialAggregateStream=5768
event	454732	refusal	RepartitionExec[106]	1	835715	2650806	2103346913	250	122	1936464578	844076	RepartitionExec[Merge]=1936464578;RepartitionExec=166876567;OrderedPartialAggregateStream=5768
event	454793	refusal	RepartitionExec[86]	1	517325	2279122	2103395565	250	122	1936513230	843881	RepartitionExec[Merge]=1936513230;RepartitionExec=166876567;OrderedPartialAggregateStream=5768
event	454845	refusal	RepartitionExec[112]	1	1036304	2279122	2103403609	250	122	1936521274	843849	RepartitionExec[Merge]=1936521274;RepartitionExec=166876567;OrderedPartialAggregateStream=5768
event	454917	refusal	RepartitionExec[102]	1	505187	2592110	2103398985	250	122	1936516650	843867	RepartitionExec[Merge]=1936516650;RepartitionExec=166876567;OrderedPartialAggregateStream=5768
event	454962	refusal	RepartitionExec[92]	1	487322	1643967	2103408365	250	122	1936526030	843830	RepartitionExec[Merge]=1936526030;RepartitionExec=166876567;OrderedPartialAggregateStream=5768
event	455017	refusal	RepartitionExec[72]	1	940338	2279122	2103394113	250	122	1936824766	842635	RepartitionExec[Merge]=1936824766;RepartitionExec=166563579;OrderedPartialAggregateStream=5768
event	455063	refusal	RepartitionExec[104]	1	502605	2592110	2103382537	250	122	1936813190	842681	RepartitionExec[Merge]=1936813190;RepartitionExec=166563579;OrderedPartialAggregateStream=5768
event	455126	refusal	RepartitionExec[107]	1	835715	2521367	2103368121	250	122	1936798774	842739	RepartitionExec[Merge]=1936798774;RepartitionExec=166563579;OrderedPartialAggregateStream=5768
event	455176	refusal	RepartitionExec[87]	1	517325	2279122	2103355809	250	122	1936786462	842788	RepartitionExec[Merge]=1936786462;RepartitionExec=166563579;OrderedPartialAggregateStream=5768
event	455248	refusal	RepartitionExec[113]	1	1036304	2405327	2103334421	250	122	1936765074	842874	RepartitionExec[Merge]=1936765074;RepartitionExec=166563579;OrderedPartialAggregateStream=5768
event	455326	refusal	RepartitionExec[103]	1	505187	2592110	2103320301	250	122	1936750954	842930	RepartitionExec[Merge]=1936750954;RepartitionExec=166563579;OrderedPartialAggregateStream=5768
event	455383	refusal	RepartitionExec[93]	1	487322	2395162	2103303861	250	122	1936734514	842996	RepartitionExec[Merge]=1936734514;RepartitionExec=166563579;OrderedPartialAggregateStream=5768
event	455445	refusal	RepartitionExec[73]	1	940338	1498422	2103284993	250	122	1936715646	843072	RepartitionExec[Merge]=1936715646;RepartitionExec=166563579;OrderedPartialAggregateStream=5768
event	455504	refusal	RepartitionExec[105]	1	502605	1927450	2103268733	250	122	1936699386	843137	RepartitionExec[Merge]=1936699386;RepartitionExec=166563579;OrderedPartialAggregateStream=5768
event	455568	refusal	RepartitionExec[108]	1	835715	2279122	2103254605	250	122	1936685258	843193	RepartitionExec[Merge]=1936685258;RepartitionExec=166563579;OrderedPartialAggregateStream=5768
event	455629	refusal	RepartitionExec[88]	1	517325	2521367	2103241161	250	122	1936671814	843247	RepartitionExec[Merge]=1936671814;RepartitionExec=166563579;OrderedPartialAggregateStream=5768
event	455689	refusal	RepartitionExec[114]	1	1036304	1585271	2103242777	250	122	1936673430	843240	RepartitionExec[Merge]=1936673430;RepartitionExec=166563579;OrderedPartialAggregateStream=5768
event	455744	refusal	RepartitionExec[104]	1	505187	2592110	2103234985	250	122	1936665638	843272	RepartitionExec[Merge]=1936665638;RepartitionExec=166563579;OrderedPartialAggregateStream=5768
event	455764	release_after_refusal	RepartitionExec[52]	1	312988	467974	2102916861	250	122	1936660502		RepartitionExec[Merge]=1936660502;RepartitionExec=166250591;OrderedPartialAggregateStream=5768
event	455800	refusal	RepartitionExec[94]	1	487322	2521367	2103223621	250	122	1936967262	842065	RepartitionExec[Merge]=1936967262;RepartitionExec=166250591;OrderedPartialAggregateStream=5768
event	455877	refusal	RepartitionExec[74]	1	940338	2279122	2103204965	250	122	1936948606	842140	RepartitionExec[Merge]=1936948606;RepartitionExec=166250591;OrderedPartialAggregateStream=5768
event	455917	refusal	RepartitionExec[106]	1	502605	2650806	2103192349	250	122	1936935990	842190	RepartitionExec[Merge]=1936935990;RepartitionExec=166250591;OrderedPartialAggregateStream=5768
event	455980	refusal	RepartitionExec[109]	1	835715	2464023	2103177709	250	122	1936921350	842249	RepartitionExec[Merge]=1936921350;RepartitionExec=166250591;OrderedPartialAggregateStream=5768
event	456042	refusal	RepartitionExec[89]	1	517325	1557118	2103165181	250	122	1936908822	842299	RepartitionExec[Merge]=1936908822;RepartitionExec=166250591;OrderedPartialAggregateStream=5768
event	456108	refusal	RepartitionExec[115]	1	1036304	1903886	2103141853	250	122	1936885494	842392	RepartitionExec[Merge]=1936885494;RepartitionExec=166250591;OrderedPartialAggregateStream=5768
event	456165	refusal	RepartitionExec[105]	1	505187	1927450	2103127573	250	122	1936871214	842449	RepartitionExec[Merge]=1936871214;RepartitionExec=166250591;OrderedPartialAggregateStream=5768
event	456226	refusal	RepartitionExec[95]	1	487322	2464023	2103108085	250	122	1936851726	842527	RepartitionExec[Merge]=1936851726;RepartitionExec=166250591;OrderedPartialAggregateStream=5768
event	456334	refusal	RepartitionExec[75]	1	940338	2521367	2103093893	250	122	1936837534	842584	RepartitionExec[Merge]=1936837534;RepartitionExec=166250591;OrderedPartialAggregateStream=5768
event	456429	refusal	RepartitionExec[107]	1	502605	2521367	2103090053	250	122	1936833694	842599	RepartitionExec[Merge]=1936833694;RepartitionExec=166250591;OrderedPartialAggregateStream=5768
event	456672	refusal	RepartitionExec[110]	1	835715	2521367	2103055501	250	122	1936799142	842738	RepartitionExec[Merge]=1936799142;RepartitionExec=166250591;OrderedPartialAggregateStream=5768
event	456713	refusal	RepartitionExec[90]	1	517325	1614462	2103047497	250	122	1936791138	842770	RepartitionExec[Merge]=1936791138;RepartitionExec=166250591;OrderedPartialAggregateStream=5768
event	456781	refusal	RepartitionExec[116]	1	1036304	1585271	2103032993	250	122	1936776634	842828	RepartitionExec[Merge]=1936776634;RepartitionExec=166250591;OrderedPartialAggregateStream=5768
event	456837	refusal	RepartitionExec[91]	1	517325	1498422	2103015717	250	122	1936759358	842897	RepartitionExec[Merge]=1936759358;RepartitionExec=166250591;OrderedPartialAggregateStream=5768
event	456901	refusal	RepartitionExec[96]	1	487322	3007739	2103002893	250	122	1936746534	842948	RepartitionExec[Merge]=1936746534;RepartitionExec=166250591;OrderedPartialAggregateStream=5768
event	456970	refusal	RepartitionExec[76]	1	940338	2405327	2102992345	250	122	1936735986	842990	RepartitionExec[Merge]=1936735986;RepartitionExec=166250591;OrderedPartialAggregateStream=5768
event	457040	refusal	RepartitionExec[97]	1	487322	2464023	2102975277	250	122	1936718918	843058	RepartitionExec[Merge]=1936718918;RepartitionExec=166250591;OrderedPartialAggregateStream=5768
event	457108	refusal	RepartitionExec[77]	1	940338	2337818	2102956365	250	122	1936700006	843134	RepartitionExec[Merge]=1936700006;RepartitionExec=166250591;OrderedPartialAggregateStream=5768
event	457171	refusal	RepartitionExec[98]	1	487322	2522719	2102939297	250	122	1936682938	843202	RepartitionExec[Merge]=1936682938;RepartitionExec=166250591;OrderedPartialAggregateStream=5768
event	457234	refusal	RepartitionExec[117]	1	1036304	1701311	2102927453	250	122	1936671094	843250	RepartitionExec[Merge]=1936671094;RepartitionExec=166250591;OrderedPartialAggregateStream=5768
event	457295	refusal	RepartitionExec[92]	1	517325	1643967	2102915277	250	122	1936658918	843298	RepartitionExec[Merge]=1936658918;RepartitionExec=166250591;OrderedPartialAggregateStream=5768
event	457364	refusal	RepartitionExec[108]	1	502605	2279122	2102935529	250	122	1936679170	843217	RepartitionExec[Merge]=1936679170;RepartitionExec=166250591;OrderedPartialAggregateStream=5768
event	457430	refusal	RepartitionExec[111]	1	835715	2279122	2102971237	250	122	1936714878	843075	RepartitionExec[Merge]=1936714878;RepartitionExec=166250591;OrderedPartialAggregateStream=5768
event	457478	release_after_refusal	RepartitionExec[71]	1	798268	1607059	2102195621	250	122	1936737530		RepartitionExec[Merge]=1936737530;RepartitionExec=165452323;OrderedPartialAggregateStream=5768
event	457484	refusal	RepartitionExec[106]	1	505187	2650806	2102195621	250	122	1936737530	842984	RepartitionExec[Merge]=1936737530;RepartitionExec=165452323;OrderedPartialAggregateStream=5768
event	457488	release_after_refusal	RepartitionExec[76]	1	798268	1607059	2102192701	250	122	1937532878		RepartitionExec[Merge]=1937532878;RepartitionExec=164654055;OrderedPartialAggregateStream=5768
event	457513	release_after_refusal	RepartitionExec[53]	1	312988	467974	2102671357	250	122	1938324522		RepartitionExec[Merge]=1938324522;RepartitionExec=164341067;OrderedPartialAggregateStream=5768
event	457543	refusal	RepartitionExec[78]	1	940338	2464023	2102979329	250	122	1939617876	831463	RepartitionExec[Merge]=1939617876;RepartitionExec=163355685;OrderedPartialAggregateStream=5768
event	457591	refusal	RepartitionExec[99]	1	487322	2464023	2102983693	250	122	1939622240	831445	RepartitionExec[Merge]=1939622240;RepartitionExec=163355685;OrderedPartialAggregateStream=5768
event	457645	refusal	RepartitionExec[118]	1	1036304	1799363	2102995301	250	122	1939633848	831399	RepartitionExec[Merge]=1939633848;RepartitionExec=163355685;OrderedPartialAggregateStream=5768
event	457667	refusal	RepartitionExec[93]	1	517325	2395162	2102999869	250	122	1940053342	829721	RepartitionExec[Merge]=1940053342;RepartitionExec=162940759;OrderedPartialAggregateStream=5768
event	457693	release_after_refusal	RepartitionExec[43]	1	312988	411872	2102685865	250	122	1940052326		RepartitionExec[Merge]=1940052326;RepartitionExec=162627771;OrderedPartialAggregateStream=5768
event	457702	refusal	RepartitionExec[109]	1	502605	2464023	2102997293	250	122	1940363754	828479	RepartitionExec[Merge]=1940363754;RepartitionExec=162627771;OrderedPartialAggregateStream=5768
event	457748	refusal	RepartitionExec[112]	1	835715	2279122	2102867312	250	122	1940486183	827989	RepartitionExec[Merge]=1940486183;RepartitionExec=162375361;OrderedPartialAggregateStream=5768
event	457783	refusal	RepartitionExec[94]	1	517325	2521367	2102996733	250	122	1940615604	827472	RepartitionExec[Merge]=1940615604;RepartitionExec=162375361;OrderedPartialAggregateStream=5768
event	457804	release_after_refusal	RepartitionExec[45]	1	312988	470568	2102689309	250	122	1940621168		RepartitionExec[Merge]=1940621168;RepartitionExec=162062373;OrderedPartialAggregateStream=5768
event	457835	refusal	RepartitionExec[79]	1	940338	2521367	2103007413	250	122	1940939272	826177	RepartitionExec[Merge]=1940939272;RepartitionExec=162062373;OrderedPartialAggregateStream=5768
event	457915	refusal	RepartitionExec[100]	1	487322	2405327	2103030365	250	122	1940962224	826085	RepartitionExec[Merge]=1940962224;RepartitionExec=162062373;OrderedPartialAggregateStream=5768
event	457931	release_after_refusal	RepartitionExec[12]	1	505187	285667	2102516642	250	122	1940953688		RepartitionExec[Merge]=1940953688;RepartitionExec=161557186;OrderedPartialAggregateStream=5768
event	457946	release_after_refusal	RepartitionExec[8]	1	505187	285667	2102514342	250	122	1941456575		RepartitionExec[Merge]=1941456575;RepartitionExec=161051999;OrderedPartialAggregateStream=5768
event	457972	refusal	RepartitionExec[119]	1	1036304	1643967	2103017769	250	122	1941960002	822094	RepartitionExec[Merge]=1941960002;RepartitionExec=161051999;OrderedPartialAggregateStream=5768
event	457984	release_after_refusal	RepartitionExec[10]	1	505187	285667	2102518038	250	122	1941965458		RepartitionExec[Merge]=1941965458;RepartitionExec=160546812;OrderedPartialAggregateStream=5768
event	458013	refusal	RepartitionExec[107]	1	505187	2521367	2103019765	250	122	1942467185	820065	RepartitionExec[Merge]=1942467185;RepartitionExec=160546812;OrderedPartialAggregateStream=5768
event	458014	release_after_refusal	RepartitionExec[11]	1	505187	285667	2102388373	250	122	1942467185		RepartitionExec[Merge]=1942467185;RepartitionExec=159915420;OrderedPartialAggregateStream=5768
event	458069	refusal	RepartitionExec[110]	1	502605	2521367	2103011117	250	122	1943216134	817070	RepartitionExec[Merge]=1943216134;RepartitionExec=159789215;OrderedPartialAggregateStream=5768
event	458136	refusal	RepartitionExec[113]	1	835715	2405327	2103019977	250	122	1943224994	817034	RepartitionExec[Merge]=1943224994;RepartitionExec=159789215;OrderedPartialAggregateStream=5768
event	458176	refusal	RepartitionExec[95]	1	517325	2464023	2103006457	250	122	1943211474	817088	RepartitionExec[Merge]=1943211474;RepartitionExec=159789215;OrderedPartialAggregateStream=5768
event	458236	refusal	RepartitionExec[80]	1	940338	2279122	2102992033	250	122	1943197050	817146	RepartitionExec[Merge]=1943197050;RepartitionExec=159789215;OrderedPartialAggregateStream=5768
event	458313	refusal	RepartitionExec[101]	1	487322	2405327	2102981889	250	122	1943186906	817186	RepartitionExec[Merge]=1943186906;RepartitionExec=159789215;OrderedPartialAggregateStream=5768
event	458407	refusal	RepartitionExec[108]	1	505187	2279122	2102963017	250	122	1943168034	817262	RepartitionExec[Merge]=1943168034;RepartitionExec=159789215;OrderedPartialAggregateStream=5768
event	458462	refusal	RepartitionExec[111]	1	502605	2279122	2102945369	250	122	1943150386	817333	RepartitionExec[Merge]=1943150386;RepartitionExec=159789215;OrderedPartialAggregateStream=5768
event	458513	refusal	RepartitionExec[114]	1	835715	1585271	2103036097	250	122	1943171526	817248	RepartitionExec[Merge]=1943171526;RepartitionExec=159789215;OrderedPartialAggregateStream=75356
event	458585	refusal	RepartitionExec[96]	1	517325	3007739	2103368248	250	122	1943187130	817186	RepartitionExec[Merge]=1943187130;RepartitionExec=160162423;OrderedPartialAggregateStream=18695
event	458618	refusal	RepartitionExec[58]	1	16964	1498422	2103589392	250	122	1943170778	817251	RepartitionExec[Merge]=1943170778;RepartitionExec=160399919;OrderedPartialAggregateStream=18695
event	458639	refusal	RepartitionExec[81]	1	940338	2580063	2103586004	250	122	1943167390	817265	RepartitionExec[Merge]=1943167390;RepartitionExec=160399919;OrderedPartialAggregateStream=18695
event	458683	refusal	RepartitionExec[59]	1	16964	1711476	2103570600	250	122	1943464974	816074	RepartitionExec[Merge]=1943464974;RepartitionExec=160086931;OrderedPartialAggregateStream=18695
event	458698	refusal	RepartitionExec[102]	1	487322	2592110	2103568360	250	122	1943462734	816083	RepartitionExec[Merge]=1943462734;RepartitionExec=160086931;OrderedPartialAggregateStream=18695
event	458739	refusal	RepartitionExec[61]	1	16964	2592110	2103548624	250	122	1943442998	816162	RepartitionExec[Merge]=1943442998;RepartitionExec=160086931;OrderedPartialAggregateStream=18695
event	458776	refusal	RepartitionExec[109]	1	505187	2464023	2103537596	250	122	1943431970	816206	RepartitionExec[Merge]=1943431970;RepartitionExec=160086931;OrderedPartialAggregateStream=18695
event	458798	refusal	RepartitionExec[64]	1	16964	2337818	2103527036	250	122	1943422390	816245	RepartitionExec[Merge]=1943422390;RepartitionExec=160086931;OrderedPartialAggregateStream=18695
event	458813	refusal	RepartitionExec[112]	1	502605	2279122	2103520084	250	122	1943414458	816276	RepartitionExec[Merge]=1943414458;RepartitionExec=160086931;OrderedPartialAggregateStream=18695
event	458850	refusal	RepartitionExec[66]	1	16964	2337818	2103508824	250	122	1943403198	816321	RepartitionExec[Merge]=1943403198;RepartitionExec=160086931;OrderedPartialAggregateStream=18695
event	458874	refusal	RepartitionExec[115]	1	835715	1903886	2103504308	250	122	1943398682	816339	RepartitionExec[Merge]=1943398682;RepartitionExec=160086931;OrderedPartialAggregateStream=18695
event	458894	refusal	RepartitionExec[97]	1	517325	2464023	2103493596	250	122	1943387970	816382	RepartitionExec[Merge]=1943387970;RepartitionExec=160086931;OrderedPartialAggregateStream=18695
event	458905	refusal	RepartitionExec[70]	1	16964	2279122	2103499120	250	122	1943393494	816360	RepartitionExec[Merge]=1943393494;RepartitionExec=160086931;OrderedPartialAggregateStream=18695
event	458962	refusal	RepartitionExec[72]	1	16964	2279122	2103511736	250	122	1943515351	815873	RepartitionExec[Merge]=1943515351;RepartitionExec=159977690;OrderedPartialAggregateStream=18695
event	458980	refusal	RepartitionExec[82]	1	940338	2405327	2103513456	250	122	1943517071	815866	RepartitionExec[Merge]=1943517071;RepartitionExec=159977690;OrderedPartialAggregateStream=18695
event	459008	refusal	RepartitionExec[98]	1	517325	2522719	2103506656	250	122	1943510271	815893	RepartitionExec[Merge]=1943510271;RepartitionExec=159977690;OrderedPartialAggregateStream=18695
event	459016	refusal	RepartitionExec[74]	1	16964	2279122	2103499748	250	122	1943503363	815921	RepartitionExec[Merge]=1943503363;RepartitionExec=159977690;OrderedPartialAggregateStream=18695
event	459066	refusal	RepartitionExec[110]	1	505187	2521367	2103493808	250	122	1943497423	815944	RepartitionExec[Merge]=1943497423;RepartitionExec=159977690;OrderedPartialAggregateStream=18695
event	459073	refusal	RepartitionExec[75]	1	16964	2521367	2103491164	250	122	1943494779	815955	RepartitionExec[Merge]=1943494779;RepartitionExec=159977690;OrderedPartialAggregateStream=18695
event	459082	release_after_refusal	RepartitionExec[54]	1	312988	467974	2103174200	250	122	1943490803		RepartitionExec[Merge]=1943490803;RepartitionExec=159664702;OrderedPartialAggregateStream=18695
event	459127	refusal	RepartitionExec[78]	1	16964	2464023	2103490800	250	122	1943791815	814767	RepartitionExec[Merge]=1943791815;RepartitionExec=159681666;OrderedPartialAggregateStream=18695
event	459137	refusal	RepartitionExec[113]	1	502605	2405327	2103484396	250	122	1943784035	814798	RepartitionExec[Merge]=1943784035;RepartitionExec=159681666;OrderedPartialAggregateStream=18695
event	459178	refusal	RepartitionExec[116]	1	835715	1585271	2103475400	250	122	1943775039	814834	RepartitionExec[Merge]=1943775039;RepartitionExec=159681666;OrderedPartialAggregateStream=18695
event	459186	refusal	RepartitionExec[79]	1	16964	2521367	2103475400	250	122	1943775039	814834	RepartitionExec[Merge]=1943775039;RepartitionExec=159681666;OrderedPartialAggregateStream=18695
event	459239	refusal	RepartitionExec[103]	1	487322	2592110	2103450424	250	122	1943750063	814934	RepartitionExec[Merge]=1943750063;RepartitionExec=159681666;OrderedPartialAggregateStream=18695
event	459239	refusal	RepartitionExec[80]	1	16964	2279122	2103450424	250	122	1943750063	814934	RepartitionExec[Merge]=1943750063;RepartitionExec=159681666;OrderedPartialAggregateStream=18695
event	459295	refusal	RepartitionExec[83]	1	940338	2405327	2103433452	250	122	1943733091	815002	RepartitionExec[Merge]=1943733091;RepartitionExec=159681666;OrderedPartialAggregateStream=18695
event	459301	refusal	RepartitionExec[81]	1	16964	2580063	2103432436	250	122	1943732075	815006	RepartitionExec[Merge]=1943732075;RepartitionExec=159681666;OrderedPartialAggregateStream=18695
event	459354	refusal	RepartitionExec[99]	1	517325	2464023	2103412704	250	122	1943712343	815085	RepartitionExec[Merge]=1943712343;RepartitionExec=159681666;OrderedPartialAggregateStream=18695
event	459357	refusal	RepartitionExec[82]	1	16964	2405327	2103412704	250	122	1943712343	815085	RepartitionExec[Merge]=1943712343;RepartitionExec=159681666;OrderedPartialAggregateStream=18695
event	459415	refusal	RepartitionExec[83]	1	16964	2405327	2103391532	250	122	1943691171	815169	RepartitionExec[Merge]=1943691171;RepartitionExec=159681666;OrderedPartialAggregateStream=18695
event	459415	refusal	RepartitionExec[111]	1	505187	2279122	2103391532	250	122	1943691171	815169	RepartitionExec[Merge]=1943691171;RepartitionExec=159681666;OrderedPartialAggregateStream=18695
event	459469	refusal	RepartitionExec[85]	1	16964	2279122	2103376980	250	122	1943676619	815228	RepartitionExec[Merge]=1943676619;RepartitionExec=159681666;OrderedPartialAggregateStream=18695
event	459484	refusal	RepartitionExec[114]	1	502605	1585271	2103374156	250	122	1943673795	815239	RepartitionExec[Merge]=1943673795;RepartitionExec=159681666;OrderedPartialAggregateStream=18695
event	459524	refusal	RepartitionExec[86]	1	16964	2279122	2103358020	250	122	1943657659	815303	RepartitionExec[Merge]=1943657659;RepartitionExec=159681666;OrderedPartialAggregateStream=18695
event	459543	refusal	RepartitionExec[112]	1	505187	2279122	2103352272	250	122	1943651911	815326	RepartitionExec[Merge]=1943651911;RepartitionExec=159681666;OrderedPartialAggregateStream=18695
event	459577	refusal	RepartitionExec[87]	1	16964	2279122	2103344924	250	122	1943644563	815356	RepartitionExec[Merge]=1943644563;RepartitionExec=159681666;OrderedPartialAggregateStream=18695
event	459609	refusal	RepartitionExec[104]	1	487322	2592110	2103334284	250	122	1943633923	815398	RepartitionExec[Merge]=1943633923;RepartitionExec=159681666;OrderedPartialAggregateStream=18695
event	459627	refusal	RepartitionExec[90]	1	16964	1614462	2103330660	250	122	1943630299	815413	RepartitionExec[Merge]=1943630299;RepartitionExec=159681666;OrderedPartialAggregateStream=18695
event	459676	refusal	RepartitionExec[84]	1	940338	2405327	2103312656	250	122	1943612295	815485	RepartitionExec[Merge]=1943612295;RepartitionExec=159681666;OrderedPartialAggregateStream=18695
event	459679	refusal	RepartitionExec[91]	1	16964	1498422	2103312656	250	122	1943612295	815485	RepartitionExec[Merge]=1943612295;RepartitionExec=159681666;OrderedPartialAggregateStream=18695
event	459732	refusal	RepartitionExec[100]	1	517325	2405327	2103290344	250	122	1943589983	815574	RepartitionExec[Merge]=1943589983;RepartitionExec=159681666;OrderedPartialAggregateStream=18695
event	459735	refusal	RepartitionExec[92]	1	16964	1643967	2103290344	250	122	1943589983	815574	RepartitionExec[Merge]=1943589983;RepartitionExec=159681666;OrderedPartialAggregateStream=18695
event	459788	refusal	RepartitionExec[93]	1	16964	2395162	2103276108	250	122	1943575747	815631	RepartitionExec[Merge]=1943575747;RepartitionExec=159681666;OrderedPartialAggregateStream=18695
event	459794	refusal	RepartitionExec[117]	1	835715	1701311	2103274444	250	122	1943574083	815638	RepartitionExec[Merge]=1943574083;RepartitionExec=159681666;OrderedPartialAggregateStream=18695
event	459844	refusal	RepartitionExec[94]	1	16964	2521367	2103258032	250	122	1943557671	815703	RepartitionExec[Merge]=1943557671;RepartitionExec=159681666;OrderedPartialAggregateStream=18695
event	459856	refusal	RepartitionExec[115]	1	502605	1903886	2103255208	250	122	1943554847	815715	RepartitionExec[Merge]=1943554847;RepartitionExec=159681666;OrderedPartialAggregateStream=18695
event	459892	refusal	RepartitionExec[95]	1	16964	2464023	2103245324	250	122	1943544963	815754	RepartitionExec[Merge]=1943544963;RepartitionExec=159681666;OrderedPartialAggregateStream=18695
event	459931	refusal	RepartitionExec[113]	1	505187	2405327	2103235900	250	122	1943535539	815792	RepartitionExec[Merge]=1943535539;RepartitionExec=159681666;OrderedPartialAggregateStream=18695
event	459949	refusal	RepartitionExec[96]	1	16964	3007739	2103230472	250	122	1943530111	815814	RepartitionExec[Merge]=1943530111;RepartitionExec=159681666;OrderedPartialAggregateStream=18695
event	459984	refusal	RepartitionExec[116]	1	502605	1585271	2103219616	250	122	1943519255	815857	RepartitionExec[Merge]=1943519255;RepartitionExec=159681666;OrderedPartialAggregateStream=18695
event	460000	refusal	RepartitionExec[97]	1	16964	2464023	2103215012	250	122	1943514651	815875	RepartitionExec[Merge]=1943514651;RepartitionExec=159681666;OrderedPartialAggregateStream=18695
event	460051	refusal	RepartitionExec[85]	1	940338	2279122	2103196892	250	122	1943496531	815948	RepartitionExec[Merge]=1943496531;RepartitionExec=159681666;OrderedPartialAggregateStream=18695
event	460055	refusal	RepartitionExec[98]	1	16964	2522719	2103194500	250	122	1943494139	815958	RepartitionExec[Merge]=1943494139;RepartitionExec=159681666;OrderedPartialAggregateStream=18695
event	460105	refusal	RepartitionExec[101]	1	517325	2405327	2103179860	250	122	1943479499	816016	RepartitionExec[Merge]=1943479499;RepartitionExec=159681666;OrderedPartialAggregateStream=18695
event	460108	refusal	RepartitionExec[100]	1	16964	2405327	2103179860	250	122	1943479499	816016	RepartitionExec[Merge]=1943479499;RepartitionExec=159681666;OrderedPartialAggregateStream=18695
event	460163	refusal	RepartitionExec[101]	1	16964	2405327	2103168044	250	122	1943467683	816063	RepartitionExec[Merge]=1943467683;RepartitionExec=159681666;OrderedPartialAggregateStream=18695
event	460169	refusal	RepartitionExec[118]	1	835715	1799363	2103166776	250	122	1943466415	816068	RepartitionExec[Merge]=1943466415;RepartitionExec=159681666;OrderedPartialAggregateStream=18695
event	460219	refusal	RepartitionExec[102]	1	16964	2592110	2103156660	250	122	1943457495	816104	RepartitionExec[Merge]=1943457495;RepartitionExec=159681666;OrderedPartialAggregateStream=18695
event	460229	refusal	RepartitionExec[105]	1	487322	1927450	2103156660	250	122	1943456299	816109	RepartitionExec[Merge]=1943456299;RepartitionExec=159681666;OrderedPartialAggregateStream=18695
event	460271	refusal	RepartitionExec[103]	1	16964	2592110	2103149412	250	122	1943449051	816138	RepartitionExec[Merge]=1943449051;RepartitionExec=159681666;OrderedPartialAggregateStream=18695
event	460295	refusal	RepartitionExec[114]	1	505187	1585271	2103145384	250	122	1943445023	816154	RepartitionExec[Merge]=1943445023;RepartitionExec=159681666;OrderedPartialAggregateStream=18695
event	460327	refusal	RepartitionExec[105]	1	16964	1927450	2103139772	250	122	1943439411	816176	RepartitionExec[Merge]=1943439411;RepartitionExec=159681666;OrderedPartialAggregateStream=18695
event	460360	refusal	RepartitionExec[117]	1	502605	1701311	2103126940	250	122	1943426579	816228	RepartitionExec[Merge]=1943426579;RepartitionExec=159681666;OrderedPartialAggregateStream=18695
event	460381	refusal	RepartitionExec[107]	1	16964	2521367	2103123504	250	122	1943423143	816242	RepartitionExec[Merge]=1943423143;RepartitionExec=159681666;OrderedPartialAggregateStream=18695
event	460433	refusal	RepartitionExec[109]	1	16964	2464023	2103111188	250	122	1943469523	816056	RepartitionExec[Merge]=1943469523;RepartitionExec=159622970;OrderedPartialAggregateStream=18695
event	460437	refusal	RepartitionExec[86]	1	940338	2279122	2103111188	250	122	1943469523	816056	RepartitionExec[Merge]=1943469523;RepartitionExec=159622970;OrderedPartialAggregateStream=18695
event	460480	refusal	RepartitionExec[110]	1	16964	2521367	2103100164	250	122	1943458499	816100	RepartitionExec[Merge]=1943458499;RepartitionExec=159622970;OrderedPartialAggregateStream=18695
event	460489	refusal	RepartitionExec[118]	1	502605	1799363	2103095308	250	122	1943453643	816120	RepartitionExec[Merge]=1943453643;RepartitionExec=159622970;OrderedPartialAggregateStream=18695
event	460534	refusal	RepartitionExec[111]	1	16964	2279122	2103091756	250	122	1943450091	816134	RepartitionExec[Merge]=1943450091;RepartitionExec=159622970;OrderedPartialAggregateStream=18695
event	460575	refusal	RepartitionExec[119]	1	835715	1643967	2103099320	250	122	1943457655	816103	RepartitionExec[Merge]=1943457655;RepartitionExec=159622970;OrderedPartialAggregateStream=18695
event	460588	refusal	RepartitionExec[112]	1	16964	2279122	2103090748	250	122	1943449083	816138	RepartitionExec[Merge]=1943449083;RepartitionExec=159622970;OrderedPartialAggregateStream=18695
event	460618	refusal	RepartitionExec[119]	1	502605	1643967	2103088292	250	122	1943446627	816148	RepartitionExec[Merge]=1943446627;RepartitionExec=159622970;OrderedPartialAggregateStream=18695
event	460639	refusal	RepartitionExec[113]	1	16964	2405327	2103086080	250	122	1943444415	816156	RepartitionExec[Merge]=1943444415;RepartitionExec=159622970;OrderedPartialAggregateStream=18695
event	460680	refusal	RepartitionExec[115]	1	505187	1903886	2103077648	250	122	1943435983	816190	RepartitionExec[Merge]=1943435983;RepartitionExec=159622970;OrderedPartialAggregateStream=18695
event	460693	refusal	RepartitionExec[114]	1	16964	1585271	2103076380	250	122	1943434715	816195	RepartitionExec[Merge]=1943434715;RepartitionExec=159622970;OrderedPartialAggregateStream=18695
event	460739	refusal	RepartitionExec[102]	1	517325	2592110	2103069800	250	122	1943428135	816222	RepartitionExec[Merge]=1943428135;RepartitionExec=159622970;OrderedPartialAggregateStream=18695
event	460743	refusal	RepartitionExec[115]	1	16964	1903886	2103069800	250	122	1943428135	816222	RepartitionExec[Merge]=1943428135;RepartitionExec=159622970;OrderedPartialAggregateStream=18695
event	460796	refusal	RepartitionExec[116]	1	16964	1585271	2103055276	250	122	1943413611	816280	RepartitionExec[Merge]=1943413611;RepartitionExec=159622970;OrderedPartialAggregateStream=18695
event	460803	refusal	RepartitionExec[87]	1	940338	2279122	2103055276	250	122	1943413611	816280	RepartitionExec[Merge]=1943413611;RepartitionExec=159622970;OrderedPartialAggregateStream=18695
event	460848	refusal	RepartitionExec[117]	1	16964	1701311	2103044224	250	122	1943402559	816324	RepartitionExec[Merge]=1943402559;RepartitionExec=159622970;OrderedPartialAggregateStream=18695
event	460858	refusal	RepartitionExec[106]	1	487322	2650806	2103042056	250	122	1943400391	816333	RepartitionExec[Merge]=1943400391;RepartitionExec=159622970;OrderedPartialAggregateStream=18695
event	460901	refusal	RepartitionExec[118]	1	16964	1799363	2103034844	250	122	1943393179	816361	RepartitionExec[Merge]=1943393179;RepartitionExec=159622970;OrderedPartialAggregateStream=18695
event	460995	refusal	RepartitionExec[59]	1	3144	1711476	2103005877	250	122	1943377963	816422	RepartitionExec[Merge]=1943377963;RepartitionExec=159622970;OrderedPartialAggregateStream=4944
event	461077	refusal	RepartitionExec[116]	1	505187	1585271	2102980941	247	122	1943413371	826195	RepartitionExec[Merge]=1943413371;RepartitionExec=159564274;OrderedPartialAggregateStream=3296
event	461148	refusal	RepartitionExec[103]	1	517325	2592110	2102968009	247	122	1943400439	826247	RepartitionExec[Merge]=1943400439;RepartitionExec=159564274;OrderedPartialAggregateStream=3296
event	461218	refusal	RepartitionExec[88]	1	940338	2521367	2102952253	247	122	1943384683	826311	RepartitionExec[Merge]=1943384683;RepartitionExec=159564274;OrderedPartialAggregateStream=3296
event	461292	refusal	RepartitionExec[104]	1	517325	2592110	2102939205	247	122	1943371635	826364	RepartitionExec[Merge]=1943371635;RepartitionExec=159564274;OrderedPartialAggregateStream=3296
event	461377	refusal	RepartitionExec[89]	1	940338	1557118	2102940493	247	122	1943372923	826359	RepartitionExec[Merge]=1943372923;RepartitionExec=159564274;OrderedPartialAggregateStream=3296
event	461426	refusal	RepartitionExec[105]	1	517325	1927450	2102968317	247	122	1943400747	826246	RepartitionExec[Merge]=1943400747;RepartitionExec=159564274;OrderedPartialAggregateStream=3296
event	461501	refusal	RepartitionExec[117]	1	505187	1701311	2102978053	247	122	1943410483	826207	RepartitionExec[Merge]=1943410483;RepartitionExec=159564274;OrderedPartialAggregateStream=3296
event	461538	refusal	RepartitionExec[107]	1	487322	2521367	2103013481	247	122	1943445911	826063	RepartitionExec[Merge]=1943445911;RepartitionExec=159564274;OrderedPartialAggregateStream=3296
event	461624	refusal	RepartitionExec[90]	1	940338	1614462	2103047473	247	122	1944490277	821835	RepartitionExec[Merge]=1944490277;RepartitionExec=158553900;OrderedPartialAggregateStream=3296
event	461771	refusal	RepartitionExec[106]	1	517325	2650806	2103158681	247	122	1945431798	818023	RepartitionExec[Merge]=1945431798;RepartitionExec=157723587;OrderedPartialAggregateStream=3296
event	461828	refusal	RepartitionExec[118]	1	505187	1799363	2103179249	247	122	1945454786	817930	RepartitionExec[Merge]=1945454786;RepartitionExec=157723587;OrderedPartialAggregateStream=3296
event	461877	refusal	RepartitionExec[108]	1	487322	2279122	2103189833	247	122	1945462950	817897	RepartitionExec[Merge]=1945462950;RepartitionExec=157723587;OrderedPartialAggregateStream=3296
event	461893	release_after_refusal	RepartitionExec[39]	1	312988	527912	2102886829	247	122	1945472934		RepartitionExec[Merge]=1945472934;RepartitionExec=157410599;OrderedPartialAggregateStream=3296
event	461904	release_after_refusal	RepartitionExec[44]	1	312988	527912	2102888973	247	122	1945788066		RepartitionExec[Merge]=1945788066;RepartitionExec=157097611;OrderedPartialAggregateStream=3296
event	461947	refusal	RepartitionExec[91]	1	940338	1498422	2103228377	247	122	1946127470	815207	RepartitionExec[Merge]=1946127470;RepartitionExec=157097611;OrderedPartialAggregateStream=3296
event	461964	release_after_refusal	RepartitionExec[85]	1	798268	1480854	2102425445	247	122	1946122806		RepartitionExec[Merge]=1946122806;RepartitionExec=156299343;OrderedPartialAggregateStream=3296
event	461992	refusal	RepartitionExec[107]	1	517325	2521367	2103219205	247	122	1946918518	812004	RepartitionExec[Merge]=1946918518;RepartitionExec=156299343;OrderedPartialAggregateStream=3296
event	462054	refusal	RepartitionExec[119]	1	505187	1643967	2103196701	247	122	1947386753	810108	RepartitionExec[Merge]=1947386753;RepartitionExec=155806652;OrderedPartialAggregateStream=3296
event	462102	refusal	RepartitionExec[109]	1	487322	2464023	2103182029	247	122	1947372081	810168	RepartitionExec[Merge]=1947372081;RepartitionExec=155806652;OrderedPartialAggregateStream=3296
event	462126	refusal	RepartitionExec[92]	1	940338	1643967	2103175845	247	122	1947573360	809353	RepartitionExec[Merge]=1947573360;RepartitionExec=155599189;OrderedPartialAggregateStream=3296
event	462276	refusal	RepartitionExec[108]	1	517325	2279122	2103153873	246	122	1947678417	812216	RepartitionExec[Merge]=1947678417;RepartitionExec=155472984;OrderedPartialAggregateStream=2472
event	462361	refusal	RepartitionExec[110]	1	487322	2521367	2103120165	246	122	1947897119	811327	RepartitionExec[Merge]=1947897119;RepartitionExec=155220574;OrderedPartialAggregateStream=2472
event	462443	refusal	RepartitionExec[93]	1	940338	2395162	2103090249	246	122	1947867203	811448	RepartitionExec[Merge]=1947867203;RepartitionExec=155220574;OrderedPartialAggregateStream=2472
event	462515	refusal	RepartitionExec[109]	1	517325	2464023	2103061141	246	122	1947838095	811567	RepartitionExec[Merge]=1947838095;RepartitionExec=155220574;OrderedPartialAggregateStream=2472
event	462620	refusal	RepartitionExec[111]	1	487322	2279122	2103064329	246	122	1947957323	811082	RepartitionExec[Merge]=1947957323;RepartitionExec=155104534;OrderedPartialAggregateStream=2472
event	462629	release_after_refusal	RepartitionExec[36]	1	126205	666792	2102940300	246	122	1947959499		RepartitionExec[Merge]=1947959499;RepartitionExec=154978329;OrderedPartialAggregateStream=2472
event	462687	refusal	RepartitionExec[94]	1	940338	2521367	2103060693	246	122	1948079892	810584	RepartitionExec[Merge]=1948079892;RepartitionExec=154978329;OrderedPartialAggregateStream=2472
event	462770	release_after_refusal	RepartitionExec[64]	1	798268	1539550	2102274401	246	122	1948091868		RepartitionExec[Merge]=1948091868;RepartitionExec=154180061;OrderedPartialAggregateStream=2472
event	462776	refusal	RepartitionExec[110]	1	517325	2521367	2102284317	246	122	1948101784	810495	RepartitionExec[Merge]=1948101784;RepartitionExec=154180061;OrderedPartialAggregateStream=2472
event	462834	refusal	RepartitionExec[112]	1	487322	2279122	2103076137	246	122	1949386295	805273	RepartitionExec[Merge]=1949386295;RepartitionExec=153687370;OrderedPartialAggregateStream=2472
event	462856	release_after_refusal	RepartitionExec[73]	1	798268	700154	2102268765	246	122	1949377191		RepartitionExec[Merge]=1949377191;RepartitionExec=152889102;OrderedPartialAggregateStream=2472
event	462906	refusal	RepartitionExec[95]	1	940338	2464023	2103055665	246	122	1950656782	800109	RepartitionExec[Merge]=1950656782;RepartitionExec=152396411;OrderedPartialAggregateStream=2472
event	462974	refusal	RepartitionExec[111]	1	517325	2279122	2103037593	246	122	1950846173	799339	RepartitionExec[Merge]=1950846173;RepartitionExec=152188948;OrderedPartialAggregateStream=2472
event	463047	refusal	RepartitionExec[113]	1	487322	2405327	2103005565	246	122	1951021608	798626	RepartitionExec[Merge]=1951021608;RepartitionExec=151981485;OrderedPartialAggregateStream=2472
event	463110	refusal	RepartitionExec[112]	1	517325	2279122	2102985929	246	122	1951001972	798706	RepartitionExec[Merge]=1951001972;RepartitionExec=151981485;OrderedPartialAggregateStream=2472
event	463189	refusal	RepartitionExec[96]	1	940338	3007739	2102962093	246	122	1950978136	798802	RepartitionExec[Merge]=1950978136;RepartitionExec=151981485;OrderedPartialAggregateStream=2472
event	463284	refusal	RepartitionExec[114]	1	487322	1585271	2102928921	246	122	1950944964	798937	RepartitionExec[Merge]=1950944964;RepartitionExec=151981485;OrderedPartialAggregateStream=2472
event	463371	refusal	RepartitionExec[113]	1	517325	2405327	2102897773	246	122	1950913816	799064	RepartitionExec[Merge]=1950913816;RepartitionExec=151981485;OrderedPartialAggregateStream=2472
event	463455	refusal	RepartitionExec[97]	1	940338	2464023	2102876969	246	122	1950893012	799148	RepartitionExec[Merge]=1950893012;RepartitionExec=151981485;OrderedPartialAggregateStream=2472
event	463544	refusal	RepartitionExec[115]	1	487322	1903886	2102846929	246	122	1950862972	799271	RepartitionExec[Merge]=1950862972;RepartitionExec=151981485;OrderedPartialAggregateStream=2472
event	463597	release_after_refusal	RepartitionExec[70]	1	798268	1480854	2102045673	246	122	1950859984		RepartitionExec[Merge]=1950859984;RepartitionExec=151183217;OrderedPartialAggregateStream=2472
event	463627	refusal	RepartitionExec[114]	1	517325	1585271	2102835481	246	122	1951649792	796072	RepartitionExec[Merge]=1951649792;RepartitionExec=151183217;OrderedPartialAggregateStream=2472
event	463705	refusal	RepartitionExec[98]	1	940338	2522719	2102809105	246	122	1952116107	794176	RepartitionExec[Merge]=1952116107;RepartitionExec=150690526;OrderedPartialAggregateStream=2472
event	463776	refusal	RepartitionExec[116]	1	487322	1585271	2102788489	246	122	1952302954	793417	RepartitionExec[Merge]=1952302954;RepartitionExec=150483063;OrderedPartialAggregateStream=2472
event	463850	refusal	RepartitionExec[99]	1	940338	2464023	2102764205	246	122	1952278670	793516	RepartitionExec[Merge]=1952278670;RepartitionExec=150483063;OrderedPartialAggregateStream=2472
event	463927	refusal	RepartitionExec[115]	1	517325	1903886	2102745841	246	122	1952260306	793590	RepartitionExec[Merge]=1952260306;RepartitionExec=150483063;OrderedPartialAggregateStream=2472
event	464011	refusal	RepartitionExec[117]	1	487322	1701311	2102707705	246	122	1952222170	793745	RepartitionExec[Merge]=1952222170;RepartitionExec=150483063;OrderedPartialAggregateStream=2472
event	464095	refusal	RepartitionExec[100]	1	940338	2405327	2102686061	246	122	1952200526	793833	RepartitionExec[Merge]=1952200526;RepartitionExec=150483063;OrderedPartialAggregateStream=2472
event	464181	refusal	RepartitionExec[116]	1	517325	1585271	2102659737	246	122	1952174202	793940	RepartitionExec[Merge]=1952174202;RepartitionExec=150483063;OrderedPartialAggregateStream=2472
event	464282	refusal	RepartitionExec[118]	1	487322	1799363	2102627821	246	122	1952142286	794070	RepartitionExec[Merge]=1952142286;RepartitionExec=150483063;OrderedPartialAggregateStream=2472
event	464365	refusal	RepartitionExec[101]	1	940338	2405327	2102606353	246	122	1952120818	794157	RepartitionExec[Merge]=1952120818;RepartitionExec=150483063;OrderedPartialAggregateStream=2472
event	464447	refusal	RepartitionExec[117]	1	517325	1701311	2102582513	246	122	1952096978	794254	RepartitionExec[Merge]=1952096978;RepartitionExec=150483063;OrderedPartialAggregateStream=2472
event	464529	refusal	RepartitionExec[119]	1	487322	1643967	2102560165	246	122	1952074630	794345	RepartitionExec[Merge]=1952074630;RepartitionExec=150483063;OrderedPartialAggregateStream=2472
event	464616	refusal	RepartitionExec[102]	1	940338	2592110	2102534353	246	122	1952048818	794450	RepartitionExec[Merge]=1952048818;RepartitionExec=150483063;OrderedPartialAggregateStream=2472
event	464705	refusal	RepartitionExec[118]	1	517325	1799363	2102503237	246	122	1952017702	794577	RepartitionExec[Merge]=1952017702;RepartitionExec=150483063;OrderedPartialAggregateStream=2472
event	464873	refusal	RepartitionExec[103]	1	940338	2592110	2102454917	245	122	1951970206	798014	RepartitionExec[Merge]=1951970206;RepartitionExec=150483063;OrderedPartialAggregateStream=1648
event	464959	refusal	RepartitionExec[119]	1	517325	1643967	2102430897	245	122	1951946186	798112	RepartitionExec[Merge]=1951946186;RepartitionExec=150483063;OrderedPartialAggregateStream=1648
event	465057	refusal	RepartitionExec[104]	1	940338	2592110	2102404873	245	122	1951920162	798218	RepartitionExec[Merge]=1951920162;RepartitionExec=150483063;OrderedPartialAggregateStream=1648
event	465224	refusal	RepartitionExec[105]	1	940338	1927450	2102359677	244	122	1951875790	801671	RepartitionExec[Merge]=1951875790;RepartitionExec=150483063;OrderedPartialAggregateStream=824
event	465454	refusal	RepartitionExec[106]	1	940338	2650806	2102334245	244	122	1951850358	801775	RepartitionExec[Merge]=1951850358;RepartitionExec=150483063;OrderedPartialAggregateStream=824
event	465640	release_after_refusal	RepartitionExec[83]	1	798268	1607059	2101546325	244	122	1951860706		RepartitionExec[Merge]=1951860706;RepartitionExec=149684795;OrderedPartialAggregateStream=824
event	465712	refusal	RepartitionExec[107]	1	940338	2521367	2102325429	244	122	1953132501	796521	RepartitionExec[Merge]=1953132501;RepartitionExec=149192104;OrderedPartialAggregateStream=824
event	465787	refusal	RepartitionExec[108]	1	940338	2279122	2102307973	244	122	1953117177	796583	RepartitionExec[Merge]=1953117177;RepartitionExec=149192104;OrderedPartialAggregateStream=824
event	465946	refusal	RepartitionExec[109]	1	940338	2464023	2102265737	244	122	1953280272	795915	RepartitionExec[Merge]=1953280272;RepartitionExec=148984641;OrderedPartialAggregateStream=824
event	466097	refusal	RepartitionExec[110]	1	940338	2521367	2102227825	244	122	1953242360	796070	RepartitionExec[Merge]=1953242360;RepartitionExec=148984641;OrderedPartialAggregateStream=824
event	466250	refusal	RepartitionExec[111]	1	940338	2279122	2102194381	244	122	1953208916	796207	RepartitionExec[Merge]=1953208916;RepartitionExec=148984641;OrderedPartialAggregateStream=824
event	466526	refusal	RepartitionExec[112]	1	940338	2279122	2102148809	244	122	1953289549	795877	RepartitionExec[Merge]=1953289549;RepartitionExec=148858436;OrderedPartialAggregateStream=824
event	466701	refusal	RepartitionExec[113]	1	940338	2405327	2102102657	244	122	1953243397	796066	RepartitionExec[Merge]=1953243397;RepartitionExec=148858436;OrderedPartialAggregateStream=824
event	466859	refusal	RepartitionExec[114]	1	940338	1585271	2102064765	244	122	1953264201	795981	RepartitionExec[Merge]=1953264201;RepartitionExec=148799740;OrderedPartialAggregateStream=824
event	467030	refusal	RepartitionExec[115]	1	940338	1903886	2102022865	244	122	1953222301	796153	RepartitionExec[Merge]=1953222301;RepartitionExec=148799740;OrderedPartialAggregateStream=824
event	467195	refusal	RepartitionExec[116]	1	940338	1585271	2101997233	244	122	1953196669	796258	RepartitionExec[Merge]=1953196669;RepartitionExec=148799740;OrderedPartialAggregateStream=824
event	467206	release_after_refusal	RepartitionExec[81]	1	798268	1781795	2101194917	244	122	1953192621		RepartitionExec[Merge]=1953192621;RepartitionExec=148001472;OrderedPartialAggregateStream=824
event	467371	refusal	RepartitionExec[117]	1	940338	1701311	2101960509	244	122	1954658367	790267	RepartitionExec[Merge]=1954658367;RepartitionExec=147301318;OrderedPartialAggregateStream=824
event	467527	refusal	RepartitionExec[118]	1	940338	1799363	2101924221	244	122	1954622079	790416	RepartitionExec[Merge]=1954622079;RepartitionExec=147301318;OrderedPartialAggregateStream=824
event	467681	refusal	RepartitionExec[119]	1	940338	1643967	2101877501	244	122	1954701564	790090	RepartitionExec[Merge]=1954701564;RepartitionExec=147175113;OrderedPartialAggregateStream=824
event	467983	release_after_refusal	RepartitionExec[97]	1	798268	1665755	2101014909	243	122	1954754104		RepartitionExec[Merge]=1954754104;RepartitionExec=146260805
event	468614	refusal	RepartitionExec[80]	1	230642	2279122	2101633001	243	122	1956484222	786005	RepartitionExec[Merge]=1956484222;RepartitionExec=145148779
event	469678	release_after_refusal	RepartitionExec[117]	1	798268	903043	2100582621	242	122	1957951904		RepartitionExec[Merge]=1957951904;RepartitionExec=142630717
event	471888	release_after_refusal	RepartitionExec[106]	1	798268	1852538	2100086097	242	122	1961579247		RepartitionExec[Merge]=1961579247;RepartitionExec=138506850
event	471918	release_after_refusal	RepartitionExec[92]	1	798268	845699	2100086405	242	122	1962377823		RepartitionExec[Merge]=1962377823;RepartitionExec=137708582
event	472484	release_after_refusal	RepartitionExec[94]	1	798268	1723099	2099890881	242	122	1964693863		RepartitionExec[Merge]=1964693863;RepartitionExec=135197018
event	473638	release_after_refusal	RepartitionExec[108]	1	798268	1480854	2099559993	242	122	1967549002		RepartitionExec[Merge]=1967549002;RepartitionExec=132010991
event	475455	release_after_refusal	RepartitionExec[101]	1	798268	1607059	2099118661	242	122	1968780828		RepartitionExec[Merge]=1968780828;RepartitionExec=130337833
event	475736	release_after_refusal	RepartitionExec[59]	1	798268	913208	2099042001	242	122	1970418372		RepartitionExec[Merge]=1970418372;RepartitionExec=128623629
event	476492	release_after_refusal	RepartitionExec[86]	1	798268	1480854	2098885345	242	122	1973593288		RepartitionExec[Merge]=1973593288;RepartitionExec=125292057
event	477336	release_after_refusal	RepartitionExec[77]	1	798268	1539550	2098710261	242	122	1975449275		RepartitionExec[Merge]=1975449275;RepartitionExec=123260986
event	477500	release_after_refusal	RepartitionExec[62]	1	798268	787003	2098678609	242	122	1977002894		RepartitionExec[Merge]=1977002894;RepartitionExec=121675715
event	478543	release_after_refusal	RepartitionExec[32]	1	86849	579943	2099039432	242	122	1979518232		RepartitionExec[Merge]=1979518232;RepartitionExec=119521200
event	478564	release_after_refusal	RepartitionExec[61]	1	798268	1793842	2097958196	242	122	1979815207		RepartitionExec[Merge]=1979815207;RepartitionExec=118142989
event	478582	release_after_refusal	RepartitionExec[60]	1	798268	1793842	2098330477	242	122	1980985756		RepartitionExec[Merge]=1980985756;RepartitionExec=117344721
event	478757	release_after_refusal	RepartitionExec[109]	1	798268	1665755	2098330017	242	122	1984493604		RepartitionExec[Merge]=1984493604;RepartitionExec=113836413
event	478833	release_after_refusal	RepartitionExec[80]	1	798268	1480854	2098341229	242	122	1985795775		RepartitionExec[Merge]=1985795775;RepartitionExec=112545454
event	479802	release_after_refusal	RepartitionExec[88]	1	798268	1723099	2098043725	242	122	1988111061		RepartitionExec[Merge]=1988111061;RepartitionExec=109932664
event	480102	release_after_refusal	RepartitionExec[72]	1	798268	1480854	2097978265	242	122	1989544023		RepartitionExec[Merge]=1989544023;RepartitionExec=108434242
event	480186	release_after_refusal	RepartitionExec[118]	1	798268	1001095	2097974905	242	122	1990831622		RepartitionExec[Merge]=1990831622;RepartitionExec=107143283
event	481193	release_after_refusal	RepartitionExec[31]	1	381125	285667	2097999192	242	122	1992571797		RepartitionExec[Merge]=1992571797;RepartitionExec=105427395
event	481549	release_after_refusal	RepartitionExec[102]	1	798268	1793842	2097480617	241	122	1994901446		RepartitionExec[Merge]=1994901446;RepartitionExec=102579171
event	482156	release_after_refusal	RepartitionExec[103]	1	798268	1793842	2097294577	241	122	1996585512		RepartitionExec[Merge]=1996585512;RepartitionExec=100709065
event	482812	release_after_refusal	RepartitionExec[104]	1	798268	1793842	2097091461	241	122	1997986343		RepartitionExec[Merge]=1997986343;RepartitionExec=99105118
event	483103	release_after_refusal	RepartitionExec[63]	1	798268	787003	2097015749	241	122	1999929504		RepartitionExec[Merge]=1999929504;RepartitionExec=97086245
event	483747	release_after_refusal	RepartitionExec[78]	1	798268	1665755	2096841529	241	122	2001416215		RepartitionExec[Merge]=2001416215;RepartitionExec=95425314
event	484155	release_after_refusal	RepartitionExec[90]	1	798268	816194	2096737233	241	122	2003677890		RepartitionExec[Merge]=2003677890;RepartitionExec=93059343
event	485765	release_after_refusal	RepartitionExec[69]	1	798268	1596894	2096438293	241	122	2006763795		RepartitionExec[Merge]=2006763795;RepartitionExec=89674498
event	486392	release_after_refusal	RepartitionExec[93]	1	798268	1596894	2096281289	241	122	2008221253		RepartitionExec[Merge]=2008221253;RepartitionExec=88060036
event	486649	release_after_refusal	RepartitionExec[95]	1	798268	1665755	2096252321	241	122	2009690707		RepartitionExec[Merge]=2009690707;RepartitionExec=86561614
event	487556	release_after_refusal	RepartitionExec[105]	1	798268	1129182	2096033657	241	122	2012022915		RepartitionExec[Merge]=2012022915;RepartitionExec=84010742
event	487592	release_after_refusal	RepartitionExec[79]	1	798268	1723099	2096033021	241	122	2013201672		RepartitionExec[Merge]=2013201672;RepartitionExec=82831349
event	487849	release_after_refusal	RepartitionExec[68]	1	798268	1607059	2095949101	241	122	2018058265		RepartitionExec[Merge]=2018058265;RepartitionExec=77890836
event	488197	release_after_refusal	RepartitionExec[96]	1	798268	2209471	2095855205	241	122	2020369696		RepartitionExec[Merge]=2020369696;RepartitionExec=75485509
event	488327	release_after_refusal	RepartitionExec[107]	1	798268	1723099	2095826849	241	122	2023026928		RepartitionExec[Merge]=2023026928;RepartitionExec=72799921
event	490148	release_after_refusal	RepartitionExec[99]	1	798268	1665755	2095133589	241	122	2026734842		RepartitionExec[Merge]=2026734842;RepartitionExec=68398747
event	493478	release_after_refusal	RepartitionExec[100]	1	798268	1607059	2046467029	236	122	1984501370		RepartitionExec[Merge]=1984501370;RepartitionExec=61965659
event	495678	release_after_refusal	RepartitionExec[116]	1	798268	787003	1945173489	229	122	1888899045		RepartitionExec[Merge]=1888899045;RepartitionExec=56274444
event	496047	release_after_refusal	RepartitionExec[74]	1	798268	1480854	1929209432	227	122	1875300959		RepartitionExec[Merge]=1875300959;RepartitionExec=53908473
event	496856	refusal	OrderedFinalAggregateStream[63]	1	3409921	0	1903352865	225	122	1850925246	1318037	RepartitionExec[Merge]=1850925246;RepartitionExec=52427619
event	496967	refusal	OrderedFinalAggregateStream[65]	1	3390599	0	1886387127	225	122	1833959508	1393440	RepartitionExec[Merge]=1833959508;RepartitionExec=52427619
event	497369	refusal	OrderedFinalAggregateStream[78]	1	3489466	0	1851304434	225	122	1798876815	1549363	RepartitionExec[Merge]=1798876815;RepartitionExec=52427619
event	498038	refusal	OrderedFinalAggregateStream[53]	1	3418801	0	1831507374	225	122	1779079755	1637350	RepartitionExec[Merge]=1779079755;RepartitionExec=52427619
event	498905	refusal	OrderedFinalAggregateStream[93]	1	3461792	0	1831450350	224	122	1779803431	1641429	RepartitionExec[Merge]=1779803431;RepartitionExec=51646919
event	499521	refusal	OrderedFinalAggregateStream[35]	1	3430295	0	1831434738	222	120	1779787819	1656287	RepartitionExec[Merge]=1779787819;RepartitionExec=51646919
event	499628	refusal	OrderedFinalAggregateStream[90]	1	3440875	0	1831434738	222	120	1779787819	1656287	RepartitionExec[Merge]=1779787819;RepartitionExec=51646919
event	500044	refusal	OrderedFinalAggregateStream[95]	1	3489569	0	1809841981	222	119	1758195062	1753552	RepartitionExec[Merge]=1758195062;RepartitionExec=51646919
event	500616	refusal	OrderedFinalAggregateStream[21]	1	3440893	0	1776117856	221	118	1724686719	1913108	RepartitionExec[Merge]=1724686719;RepartitionExec=51431137
event	500689	refusal	OrderedFinalAggregateStream[79]	1	3452007	0	1776114304	221	118	1724683167	1913124	RepartitionExec[Merge]=1724683167;RepartitionExec=51431137
event	500910	refusal	OrderedFinalAggregateStream[5]	1	3428884	0	1776100076	221	118	1724668939	1913188	RepartitionExec[Merge]=1724668939;RepartitionExec=51431137
event	501985	refusal	OrderedFinalAggregateStream[68]	1	3425926	0	1756167775	219	115	1705221576	2019461	RepartitionExec[Merge]=1705221576;RepartitionExec=50946199
event	502024	refusal	OrderedFinalAggregateStream[107]	1	3469928	0	1756162451	219	115	1705216252	2019485	RepartitionExec[Merge]=1705216252;RepartitionExec=50946199
event	502183	refusal	OrderedFinalAggregateStream[100]	1	3441160	0	1756144071	219	115	1705256568	2019301	RepartitionExec[Merge]=1705256568;RepartitionExec=50887503
event	502229	refusal	OrderedFinalAggregateStream[99]	1	3433498	0	1756139727	219	115	1705252224	2019321	RepartitionExec[Merge]=1705252224;RepartitionExec=50887503
event	504735	refusal	OrderedFinalAggregateStream[40]	1	3453650	0	1683454662	214	107	1635383649	2392990	RepartitionExec[Merge]=1635383649;RepartitionExec=48071013
event	505035	refusal	OrderedFinalAggregateStream[32]	1	3421521	0	1667313726	214	107	1619242713	2468415	RepartitionExec[Merge]=1619242713;RepartitionExec=48071013
event	505444	release_after_refusal	RepartitionExec[110]	1	798268	1723099	1633398443	214	107	1586125698		RepartitionExec[Merge]=1586125698;RepartitionExec=47272745
event	505451	release_after_refusal	RepartitionExec[89]	1	798268	758850	1632597395	214	107	1586122918		RepartitionExec[Merge]=1586122918;RepartitionExec=46474477
event	505496	refusal	OrderedFinalAggregateStream[64]	1	3476033	0	1633393311	214	107	1586918834	2619461	RepartitionExec[Merge]=1586918834;RepartitionExec=46474477
event	506067	refusal	OrderedFinalAggregateStream[49]	1	3445345	0	1634085763	214	107	1589137799	2609092	RepartitionExec[Merge]=1589137799;RepartitionExec=44947964
event	506892	refusal	OrderedFinalAggregateStream[23]	1	3447600	0	1633898139	214	107	1589211760	2608747	RepartitionExec[Merge]=1589211760;RepartitionExec=44686379
event	507025	refusal	OrderedFinalAggregateStream[105]	1	3407657	0	1633881971	214	107	1589195592	2608822	RepartitionExec[Merge]=1589195592;RepartitionExec=44686379
event	507458	release_after_refusal	RepartitionExec[75]	1	798268	1723099	1633058059	214	105	1589169948		RepartitionExec[Merge]=1589169948;RepartitionExec=43888111
event	507571	refusal	OrderedFinalAggregateStream[53]	1	3398819	0	1633830415	214	105	1590434995	2603031	RepartitionExec[Merge]=1590434995;RepartitionExec=43395420
event	508387	refusal	OrderedFinalAggregateStream[28]	1	3498981	0	1633599015	200	103	1591317963	2780828	RepartitionExec[Merge]=1591317963;RepartitionExec=42281052
