case	axis	query	dataset	pool	variant	run	result	scan_groups	sort_exec	preserve_order	partial_mode	final_mode	create_seconds	elapsed_seconds	wall_seconds	max_rss_mb	sort_spills	sort_spill_mb	partial_agg_spills	partial_agg_spill_mb	final_agg_spills	final_agg_spill_mb	repartition_spills	repartition_spill_mb	scan_out_mb	partial_agg_out_mb	repartition_out_mb	final_agg_out_mb	sort_out_mb	spm_out_mb	error
base	base	Q3	df-16919-partial-12-depth-4	256m	accept-groups	1	ok	4	0	1	PartiallySorted([0, 1])	PartiallySorted([0, 1])	0.002	0.357	0.36	339	0	0.0	0	0.0	0	0.0	0	0.0	68.4	247.6	470.9	252.0	0.0	308.5	
base	base	Q3	df-16919-partial-12-depth-4	256m	original-target	1	ok	4	0	1	PartiallySorted([0, 1])	PartiallySorted([0, 1])	0.002	0.287	0.29	436	0	0.0	0	0.0	0	0.0	9	2.9	68.4	247.6	611.8	251.4	0.0	479.6	
base	base	Q3	df-16919-partial-12-depth-4	256m	original-split-off	1	ok	2	1	0	Linear	Linear	0.002	0.667	0.67	477	8	72.7	0	0.0	10	73.0	0	0.0	68.4	1089.7	206.9	196.1	182.7	280.6	
base	base	Q3	df-16919-partial-12-depth-4	256m	original	1	ok	2	1	0	Linear	Linear	0.002	0.624	0.63	534	8	72.7	0	0.0	10	73.0	0	0.0	68.4	1089.7	206.3	195.5	181.7	280.6	
base	base	Q3	df-16919-partial-12-depth-4	256m	original-target	2	ok	4	0	1	PartiallySorted([0, 1])	PartiallySorted([0, 1])	0.002	0.322	0.33	469	0	0.0	0	0.0	0	0.0	10	3.4	68.4	247.6	604.7	251.4	0.0	479.6	
base	base	Q3	df-16919-partial-12-depth-4	256m	original-split-off	2	ok	2	1	0	Linear	Linear	0.002	0.641	0.65	491	8	72.7	0	0.0	10	73.0	0	0.0	68.4	1089.7	199.3	198.2	181.7	280.6	
base	base	Q3	df-16919-partial-12-depth-4	256m	original	2	ok	2	1	0	Linear	Linear	0.002	0.665	0.67	501	7	72.7	0	0.0	10	73.0	0	0.0	68.4	1089.7	212.9	196.1	181.7	280.6	
base	base	Q3	df-16919-partial-12-depth-4	256m	accept-groups	2	ok	4	0	1	PartiallySorted([0, 1])	PartiallySorted([0, 1])	0.002	0.391	0.40	322	0	0.0	0	0.0	0	0.0	0	0.0	68.4	247.6	470.9	252.0	0.0	308.5	
base	base	Q3	df-16919-partial-12-depth-4	256m	original-split-off	3	ok	2	1	0	Linear	Linear	0.002	0.652	0.66	535	7	72.7	0	0.0	10	73.0	0	0.0	68.4	1089.7	208.2	196.1	181.7	280.6	
base	base	Q3	df-16919-partial-12-depth-4	256m	original	3	ok	2	1	0	Linear	Linear	0.002	0.653	0.66	496	8	72.7	0	0.0	10	73.0	0	0.0	68.4	1089.7	202.8	195.5	181.7	280.6	
base	base	Q3	df-16919-partial-12-depth-4	256m	accept-groups	3	ok	4	0	1	PartiallySorted([0, 1])	PartiallySorted([0, 1])	0.002	0.374	0.38	364	0	0.0	0	0.0	0	0.0	0	0.0	68.4	247.6	470.9	252.0	0.0	308.5	
base	base	Q3	df-16919-partial-12-depth-4	256m	original-target	3	ok	4	0	1	PartiallySorted([0, 1])	PartiallySorted([0, 1])	0.003	0.299	0.31	453	0	0.0	0	0.0	0	0.0	9	2.2	68.4	247.6	613.3	251.4	0.0	479.6	
base	base	Q3	df-16919-partial-12-depth-4	256m	original	4	ok	2	1	0	Linear	Linear	0.002	0.616	0.62	478	7	72.7	0	0.0	10	73.0	0	0.0	68.4	1089.7	204.4	195.5	181.7	280.6	
base	base	Q3	df-16919-partial-12-depth-4	256m	accept-groups	4	ok	4	0	1	PartiallySorted([0, 1])	PartiallySorted([0, 1])	0.002	0.404	0.41	363	0	0.0	0	0.0	0	0.0	0	0.0	68.4	247.6	470.9	252.0	0.0	308.5	
base	base	Q3	df-16919-partial-12-depth-4	256m	original-target	4	ok	4	0	1	PartiallySorted([0, 1])	PartiallySorted([0, 1])	0.002	0.312	0.32	444	0	0.0	0	0.0	0	0.0	9	1.7	68.4	247.6	621.4	251.4	0.0	479.6	
base	base	Q3	df-16919-partial-12-depth-4	256m	original-split-off	4	ok	2	1	0	Linear	Linear	0.002	0.651	0.66	538	8	72.7	0	0.0	10	73.0	0	0.0	68.4	1089.7	207.7	196.1	181.7	280.6	
base	base	Q3	df-16919-partial-12-depth-4	256m	accept-groups	5	ok	4	0	1	PartiallySorted([0, 1])	PartiallySorted([0, 1])	0.002	0.364	0.37	357	0	0.0	0	0.0	0	0.0	0	0.0	68.4	247.6	470.9	252.0	0.0	308.5	
base	base	Q3	df-16919-partial-12-depth-4	256m	original-target	5	ok	4	0	1	PartiallySorted([0, 1])	PartiallySorted([0, 1])	0.002	0.287	0.29	433	0	0.0	0	0.0	0	0.0	8	2.7	68.4	247.6	616.5	251.4	0.0	479.6	
base	base	Q3	df-16919-partial-12-depth-4	256m	original-split-off	5	ok	2	1	0	Linear	Linear	0.002	0.688	0.69	512	8	72.7	0	0.0	10	73.0	0	0.0	68.4	1089.7	201.2	195.5	182.7	280.6	
base	base	Q3	df-16919-partial-12-depth-4	256m	original	5	ok	2	1	0	Linear	Linear	0.002	0.659	0.66	490	7	72.7	0	0.0	10	73.0	0	0.0	68.4	1089.7	202.7	196.1	181.7	280.6	
base	base	Q3	df-16919-partial-12-depth-4	256m	original-target	6	ok	4	0	1	PartiallySorted([0, 1])	PartiallySorted([0, 1])	0.002	0.279	0.28	462	0	0.0	0	0.0	0	0.0	12	3.0	68.4	247.6	602.8	251.4	0.0	479.6	
base	base	Q3	df-16919-partial-12-depth-4	256m	original-split-off	6	ok	2	1	0	Linear	Linear	0.002	0.642	0.65	504	7	72.7	0	0.0	10	73.0	0	0.0	68.4	1089.7	210.3	196.1	181.7	280.6	
base	base	Q3	df-16919-partial-12-depth-4	256m	original	6	ok	2	1	0	Linear	Linear	0.002	0.651	0.66	491	7	72.7	0	0.0	10	73.0	0	0.0	68.4	1089.7	202.2	196.1	181.7	280.6	
base	base	Q3	df-16919-partial-12-depth-4	256m	accept-groups	6	ok	4	0	1	PartiallySorted([0, 1])	PartiallySorted([0, 1])	0.002	0.378	0.38	393	0	0.0	0	0.0	0	0.0	0	0.0	68.4	247.6	470.9	252.0	0.0	308.5	
base	base	Q3	df-16919-partial-12-depth-4	256m	original-split-off	7	ok	2	1	0	Linear	Linear	0.002	0.629	0.63	514	8	72.7	0	0.0	10	73.0	0	0.0	68.4	1089.7	210.5	196.1	181.7	280.6	
base	base	Q3	df-16919-partial-12-depth-4	256m	original	7	ok	2	1	0	Linear	Linear	0.002	0.673	0.68	488	7	72.7	0	0.0	10	73.0	0	0.0	68.4	1089.7	200.3	198.9	181.7	280.6	
base	base	Q3	df-16919-partial-12-depth-4	256m	accept-groups	7	ok	4	0	1	PartiallySorted([0, 1])	PartiallySorted([0, 1])	0.002	0.364	0.37	369	0	0.0	0	0.0	0	0.0	0	0.0	68.4	247.6	470.9	252.0	0.0	308.5	
base	base	Q3	df-16919-partial-12-depth-4	256m	original-target	7	ok	4	0	1	PartiallySorted([0, 1])	PartiallySorted([0, 1])	0.002	0.299	0.31	494	0	0.0	0	0.0	0	0.0	12	3.3	68.4	247.6	611.3	251.4	0.0	479.6	
base	base	Q3	df-16919-partial-12-depth-4	256m	original	8	ok	2	1	0	Linear	Linear	0.002	0.618	0.62	487	7	72.7	0	0.0	10	73.0	0	0.0	68.4	1089.7	212.9	196.1	181.7	280.6	
base	base	Q3	df-16919-partial-12-depth-4	256m	accept-groups	8	ok	4	0	1	PartiallySorted([0, 1])	PartiallySorted([0, 1])	0.003	0.397	0.40	388	0	0.0	0	0.0	0	0.0	0	0.0	68.4	247.6	470.9	252.0	0.0	308.5	
base	base	Q3	df-16919-partial-12-depth-4	256m	original-target	8	ok	4	0	1	PartiallySorted([0, 1])	PartiallySorted([0, 1])	0.002	0.300	0.31	459	0	0.0	0	0.0	0	0.0	9	2.2	68.4	247.6	616.9	251.4	0.0	479.6	
base	base	Q3	df-16919-partial-12-depth-4	256m	original-split-off	8	ok	2	1	0	Linear	Linear	0.002	0.690	0.70	483	7	72.7	0	0.0	10	73.0	0	0.0	68.4	1089.7	205.4	195.5	181.7	280.6	
base	base	Q3	df-16919-partial-12-depth-4	256m	accept-groups	9	ok	4	0	1	PartiallySorted([0, 1])	PartiallySorted([0, 1])	0.002	0.390	0.40	365	0	0.0	0	0.0	0	0.0	0	0.0	68.4	247.6	470.9	252.0	0.0	308.5	
base	base	Q3	df-16919-partial-12-depth-4	256m	original-target	9	ok	4	0	1	PartiallySorted([0, 1])	PartiallySorted([0, 1])	0.002	0.289	0.29	448	0	0.0	0	0.0	0	0.0	9	2.2	68.4	247.6	615.5	251.4	0.0	479.6	
base	base	Q3	df-16919-partial-12-depth-4	256m	original-split-off	9	ok	2	1	0	Linear	Linear	0.002	0.669	0.67	481	7	72.7	0	0.0	10	73.0	0	0.0	68.4	1089.7	200.3	199.6	182.7	280.6	
base	base	Q3	df-16919-partial-12-depth-4	256m	original	9	ok	2	1	0	Linear	Linear	0.002	0.644	0.65	532	7	72.7	0	0.0	10	73.0	0	0.0	68.4	1089.7	209.5	196.1	181.7	280.6	
base	base	Q3	df-16919-partial-12-depth-4	256m	original-target	10	ok	4	0	1	PartiallySorted([0, 1])	PartiallySorted([0, 1])	0.002	0.287	0.29	451	0	0.0	0	0.0	0	0.0	7	2.7	68.4	247.6	609.9	251.4	0.0	479.6	
base	base	Q3	df-16919-partial-12-depth-4	256m	original-split-off	10	ok	2	1	0	Linear	Linear	0.002	0.659	0.67	494	8	72.7	0	0.0	10	73.0	0	0.0	68.4	1089.7	202.7	196.1	181.7	280.6	
base	base	Q3	df-16919-partial-12-depth-4	256m	original	10	ok	2	1	0	Linear	Linear	0.002	0.623	0.63	503	7	72.7	0	0.0	10	73.0	0	0.0	68.4	1089.7	212.9	196.1	181.7	280.6	
base	base	Q3	df-16919-partial-12-depth-4	256m	accept-groups	10	ok	4	0	1	PartiallySorted([0, 1])	PartiallySorted([0, 1])	0.002	0.355	0.36	352	0	0.0	0	0.0	0	0.0	0	0.0	68.4	247.6	470.9	252.0	0.0	308.5	
A1-Q1	A1	Q1	df-16919-partial-12-depth-4	256m	accept-groups	1	ok	4	0	0			0.002	0.029	0.03	175	0	0.0	0	0.0	0	0.0	0	0.0	68.4	0.0	0.0	0.0	0.0	64.2	
A1-Q1	A1	Q1	df-16919-partial-12-depth-4	256m	original-target	1	ok	4	0	0			0.002	0.029	0.03	182	0	0.0	0	0.0	0	0.0	0	0.0	68.4	0.0	0.0	0.0	0.0	64.2	
A1-Q1	A1	Q1	df-16919-partial-12-depth-4	256m	original	1	ok	2	1	0			0.002	0.051	0.06	322	0	0.0	0	0.0	0	0.0	0	0.0	68.4	0.0	0.0	0.0	64.2	64.2	
A1-Q1	A1	Q1	df-16919-partial-12-depth-4	256m	original-target	2	ok	4	0	0			0.002	0.028	0.03	177	0	0.0	0	0.0	0	0.0	0	0.0	68.4	0.0	0.0	0.0	0.0	64.2	
A1-Q1	A1	Q1	df-16919-partial-12-depth-4	256m	original	2	ok	2	1	0			0.002	0.063	0.07	351	0	0.0	0	0.0	0	0.0	0	0.0	68.4	0.0	0.0	0.0	64.2	64.2	
A1-Q1	A1	Q1	df-16919-partial-12-depth-4	256m	accept-groups	2	ok	4	0	0			0.002	0.031	0.04	175	0	0.0	0	0.0	0	0.0	0	0.0	68.4	0.0	0.0	0.0	0.0	64.2	
A1-Q1	A1	Q1	df-16919-partial-12-depth-4	256m	original	3	ok	2	1	0			0.002	0.053	0.06	318	0	0.0	0	0.0	0	0.0	0	0.0	68.4	0.0	0.0	0.0	64.2	64.2	
A1-Q1	A1	Q1	df-16919-partial-12-depth-4	256m	accept-groups	3	ok	4	0	0			0.002	0.028	0.03	188	0	0.0	0	0.0	0	0.0	0	0.0	68.4	0.0	0.0	0.0	0.0	64.2	
A1-Q1	A1	Q1	df-16919-partial-12-depth-4	256m	original-target	3	ok	4	0	0			0.002	0.027	0.03	171	0	0.0	0	0.0	0	0.0	0	0.0	68.4	0.0	0.0	0.0	0.0	64.2	
A1-Q1	A1	Q1	df-16919-partial-12-depth-4	256m	accept-groups	4	ok	4	0	0			0.002	0.030	0.03	175	0	0.0	0	0.0	0	0.0	0	0.0	68.4	0.0	0.0	0.0	0.0	64.2	
A1-Q1	A1	Q1	df-16919-partial-12-depth-4	256m	original-target	4	ok	4	0	0			0.002	0.030	0.03	172	0	0.0	0	0.0	0	0.0	0	0.0	68.4	0.0	0.0	0.0	0.0	64.2	
A1-Q1	A1	Q1	df-16919-partial-12-depth-4	256m	original	4	ok	2	1	0			0.002	0.054	0.06	331	0	0.0	0	0.0	0	0.0	0	0.0	68.4	0.0	0.0	0.0	64.2	64.2	
A1-Q1	A1	Q1	df-16919-partial-12-depth-4	256m	original-target	5	ok	4	0	0			0.002	0.029	0.03	179	0	0.0	0	0.0	0	0.0	0	0.0	68.4	0.0	0.0	0.0	0.0	64.2	
A1-Q1	A1	Q1	df-16919-partial-12-depth-4	256m	original	5	ok	2	1	0			0.002	0.054	0.06	326	0	0.0	0	0.0	0	0.0	0	0.0	68.4	0.0	0.0	0.0	64.2	64.2	
A1-Q1	A1	Q1	df-16919-partial-12-depth-4	256m	accept-groups	5	ok	4	0	0			0.002	0.028	0.03	177	0	0.0	0	0.0	0	0.0	0	0.0	68.4	0.0	0.0	0.0	0.0	64.2	
A1-Q1	A1	Q1	df-16919-partial-12-depth-4	256m	original	6	ok	2	1	0			0.002	0.050	0.06	314	0	0.0	0	0.0	0	0.0	0	0.0	68.4	0.0	0.0	0.0	64.2	64.2	
A1-Q1	A1	Q1	df-16919-partial-12-depth-4	256m	accept-groups	6	ok	4	0	0			0.002	0.029	0.03	171	0	0.0	0	0.0	0	0.0	0	0.0	68.4	0.0	0.0	0.0	0.0	64.2	
A1-Q1	A1	Q1	df-16919-partial-12-depth-4	256m	original-target	6	ok	4	0	0			0.002	0.032	0.04	183	0	0.0	0	0.0	0	0.0	0	0.0	68.4	0.0	0.0	0.0	0.0	64.2	
A1-Q1	A1	Q1	df-16919-partial-12-depth-4	256m	accept-groups	7	ok	4	0	0			0.003	0.031	0.04	199	0	0.0	0	0.0	0	0.0	0	0.0	68.4	0.0	0.0	0.0	0.0	64.2	
A1-Q1	A1	Q1	df-16919-partial-12-depth-4	256m	original-target	7	ok	4	0	0			0.002	0.029	0.03	191	0	0.0	0	0.0	0	0.0	0	0.0	68.4	0.0	0.0	0.0	0.0	64.2	
A1-Q1	A1	Q1	df-16919-partial-12-depth-4	256m	original	7	ok	2	1	0			0.002	0.054	0.06	334	0	0.0	0	0.0	0	0.0	0	0.0	68.4	0.0	0.0	0.0	64.2	64.2	
A1-Q1	A1	Q1	df-16919-partial-12-depth-4	256m	original-target	8	ok	4	0	0			0.002	0.027	0.03	170	0	0.0	0	0.0	0	0.0	0	0.0	68.4	0.0	0.0	0.0	0.0	64.2	
A1-Q1	A1	Q1	df-16919-partial-12-depth-4	256m	original	8	ok	2	1	0			0.002	0.057	0.06	337	0	0.0	0	0.0	0	0.0	0	0.0	68.4	0.0	0.0	0.0	64.2	64.2	
A1-Q1	A1	Q1	df-16919-partial-12-depth-4	256m	accept-groups	8	ok	4	0	0			0.002	0.027	0.03	184	0	0.0	0	0.0	0	0.0	0	0.0	68.4	0.0	0.0	0.0	0.0	64.2	
A1-Q1	A1	Q1	df-16919-partial-12-depth-4	256m	original	9	ok	2	1	0			0.002	0.054	0.06	321	0	0.0	0	0.0	0	0.0	0	0.0	68.4	0.0	0.0	0.0	64.2	64.2	
A1-Q1	A1	Q1	df-16919-partial-12-depth-4	256m	accept-groups	9	ok	4	0	0			0.002	0.030	0.03	175	0	0.0	0	0.0	0	0.0	0	0.0	68.4	0.0	0.0	0.0	0.0	64.2	
A1-Q1	A1	Q1	df-16919-partial-12-depth-4	256m	original-target	9	ok	4	0	0			0.002	0.028	0.03	173	0	0.0	0	0.0	0	0.0	0	0.0	68.4	0.0	0.0	0.0	0.0	64.2	
A1-Q1	A1	Q1	df-16919-partial-12-depth-4	256m	accept-groups	10	ok	4	0	0			0.002	0.028	0.03	166	0	0.0	0	0.0	0	0.0	0	0.0	68.4	0.0	0.0	0.0	0.0	64.2	
A1-Q1	A1	Q1	df-16919-partial-12-depth-4	256m	original-target	10	ok	4	0	0			0.002	0.029	0.03	181	0	0.0	0	0.0	0	0.0	0	0.0	68.4	0.0	0.0	0.0	0.0	64.2	
A1-Q1	A1	Q1	df-16919-partial-12-depth-4	256m	original	10	ok	2	1	0			0.002	0.052	0.06	342	0	0.0	0	0.0	0	0.0	0	0.0	68.4	0.0	0.0	0.0	64.2	64.2	
A1-Q2	A1	Q2	df-16919-partial-12-depth-4	256m	accept-groups	1	ok	4	0	1	Sorted	Sorted	0.002	0.061	0.07	265	0	0.0	0	0.0	0	0.0	0	0.0	19.5	60.5	150.6	21.0	0.0	30.3	
A1-Q2	A1	Q2	df-16919-partial-12-depth-4	256m	original-target	1	ok	4	0	1	Sorted	Sorted	0.002	0.057	0.06	324	0	0.0	0	0.0	0	0.0	0	0.0	19.5	60.5	228.2	15.5	0.0	25.1	
A1-Q2	A1	Q2	df-16919-partial-12-depth-4	256m	original	1	ok	2	1	0	Linear	Linear	0.002	0.060	0.06	231	0	0.0	0	0.0	0	0.0	0	0.0	19.5	87.1	26.0	47.3	16.6	28.9	
A1-Q2	A1	Q2	df-16919-partial-12-depth-4	256m	original-target	2	ok	4	0	1	Sorted	Sorted	0.002	0.053	0.06	327	0	0.0	0	0.0	0	0.0	0	0.0	19.5	60.5	228.2	15.5	0.0	25.1	
A1-Q2	A1	Q2	df-16919-partial-12-depth-4	256m	original	2	ok	2	1	0	Linear	Linear	0.002	0.063	0.07	229	0	0.0	0	0.0	0	0.0	0	0.0	19.5	87.1	29.1	47.2	16.6	28.9	
A1-Q2	A1	Q2	df-16919-partial-12-depth-4	256m	accept-groups	2	ok	4	0	1	Sorted	Sorted	0.002	0.054	0.06	289	0	0.0	0	0.0	0	0.0	0	0.0	19.5	60.5	150.6	21.0	0.0	30.3	
A1-Q2	A1	Q2	df-16919-partial-12-depth-4	256m	original	3	ok	2	1	0	Linear	Linear	0.003	0.063	0.07	234	0	0.0	0	0.0	0	0.0	0	0.0	19.5	87.1	28.9	47.3	16.6	28.9	
A1-Q2	A1	Q2	df-16919-partial-12-depth-4	256m	accept-groups	3	ok	4	0	1	Sorted	Sorted	0.002	0.061	0.07	296	0	0.0	0	0.0	0	0.0	0	0.0	19.5	60.5	150.6	21.0	0.0	30.3	
A1-Q2	A1	Q2	df-16919-partial-12-depth-4	256m	original-target	3	ok	4	0	1	Sorted	Sorted	0.002	0.054	0.06	311	0	0.0	0	0.0	0	0.0	0	0.0	19.5	60.5	228.2	15.5	0.0	25.1	
A1-Q2	A1	Q2	df-16919-partial-12-depth-4	256m	accept-groups	4	ok	4	0	1	Sorted	Sorted	0.002	0.062	0.07	311	0	0.0	0	0.0	0	0.0	0	0.0	19.5	60.5	150.6	21.0	0.0	30.3	
A1-Q2	A1	Q2	df-16919-partial-12-depth-4	256m	original-target	4	ok	4	0	1	Sorted	Sorted	0.002	0.056	0.06	299	0	0.0	0	0.0	0	0.0	0	0.0	19.5	60.5	228.2	15.5	0.0	25.1	
A1-Q2	A1	Q2	df-16919-partial-12-depth-4	256m	original	4	ok	2	1	0	Linear	Linear	0.002	0.053	0.06	234	0	0.0	0	0.0	0	0.0	0	0.0	19.5	87.1	29.1	47.2	16.6	28.9	
A1-Q2	A1	Q2	df-16919-partial-12-depth-4	256m	original-target	5	ok	4	0	1	Sorted	Sorted	0.002	0.053	0.06	319	0	0.0	0	0.0	0	0.0	0	0.0	19.5	60.5	228.2	15.5	0.0	25.1	
A1-Q2	A1	Q2	df-16919-partial-12-depth-4	256m	original	5	ok	2	1	0	Linear	Linear	0.002	0.064	0.07	222	0	0.0	0	0.0	0	0.0	0	0.0	19.5	87.1	26.4	47.2	16.6	28.9	
A1-Q2	A1	Q2	df-16919-partial-12-depth-4	256m	accept-groups	5	ok	4	0	1	Sorted	Sorted	0.002	0.064	0.07	298	0	0.0	0	0.0	0	0.0	0	0.0	19.5	60.5	150.6	21.0	0.0	30.3	
A1-Q2	A1	Q2	df-16919-partial-12-depth-4	256m	original	6	ok	2	1	0	Linear	Linear	0.002	0.050	0.06	218	0	0.0	0	0.0	0	0.0	0	0.0	19.5	87.1	29.1	47.2	16.6	28.9	
A1-Q2	A1	Q2	df-16919-partial-12-depth-4	256m	accept-groups	6	ok	4	0	1	Sorted	Sorted	0.002	0.058	0.06	297	0	0.0	0	0.0	0	0.0	0	0.0	19.5	60.5	150.6	21.0	0.0	30.3	
A1-Q2	A1	Q2	df-16919-partial-12-depth-4	256m	original-target	6	ok	4	0	1	Sorted	Sorted	0.002	0.051	0.06	323	0	0.0	0	0.0	0	0.0	0	0.0	19.5	60.5	228.2	15.5	0.0	25.1	
A1-Q2	A1	Q2	df-16919-partial-12-depth-4	256m	accept-groups	7	ok	4	0	1	Sorted	Sorted	0.002	0.063	0.07	280	0	0.0	0	0.0	0	0.0	0	0.0	19.5	60.5	150.6	21.0	0.0	30.3	
A1-Q2	A1	Q2	df-16919-partial-12-depth-4	256m	original-target	7	ok	4	0	1	Sorted	Sorted	0.002	0.053	0.06	314	0	0.0	0	0.0	0	0.0	0	0.0	19.5	60.5	228.2	15.5	0.0	25.1	
A1-Q2	A1	Q2	df-16919-partial-12-depth-4	256m	original	7	ok	2	1	0	Linear	Linear	0.002	0.063	0.07	239	0	0.0	0	0.0	0	0.0	0	0.0	19.5	87.1	29.1	47.2	16.6	28.9	
A1-Q2	A1	Q2	df-16919-partial-12-depth-4	256m	original-target	8	ok	4	0	1	Sorted	Sorted	0.002	0.059	0.07	305	0	0.0	0	0.0	0	0.0	0	0.0	19.5	60.5	228.2	15.5	0.0	25.1	
A1-Q2	A1	Q2	df-16919-partial-12-depth-4	256m	original	8	ok	2	1	0	Linear	Linear	0.003	0.066	0.07	228	0	0.0	0	0.0	0	0.0	0	0.0	19.5	87.1	32.0	47.2	16.6	28.9	
A1-Q2	A1	Q2	df-16919-partial-12-depth-4	256m	accept-groups	8	ok	4	0	1	Sorted	Sorted	0.002	0.057	0.06	328	0	0.0	0	0.0	0	0.0	0	0.0	19.5	60.5	150.6	21.0	0.0	30.3	
A1-Q2	A1	Q2	df-16919-partial-12-depth-4	256m	original	9	ok	2	1	0	Linear	Linear	0.002	0.056	0.06	213	0	0.0	0	0.0	0	0.0	0	0.0	19.5	87.1	29.1	47.2	16.6	28.9	
A1-Q2	A1	Q2	df-16919-partial-12-depth-4	256m	accept-groups	9	ok	4	0	1	Sorted	Sorted	0.002	0.063	0.07	291	0	0.0	0	0.0	0	0.0	0	0.0	19.5	60.5	150.6	21.0	0.0	30.3	
A1-Q2	A1	Q2	df-16919-partial-12-depth-4	256m	original-target	9	ok	4	0	1	Sorted	Sorted	0.002	0.051	0.06	308	0	0.0	0	0.0	0	0.0	0	0.0	19.5	60.5	228.2	15.5	0.0	25.1	
A1-Q2	A1	Q2	df-16919-partial-12-depth-4	256m	accept-groups	10	ok	4	0	1	Sorted	Sorted	0.002	0.060	0.07	289	0	0.0	0	0.0	0	0.0	0	0.0	19.5	60.5	150.6	21.0	0.0	30.3	
A1-Q2	A1	Q2	df-16919-partial-12-depth-4	256m	original-target	10	ok	4	0	1	Sorted	Sorted	0.002	0.050	0.06	333	0	0.0	0	0.0	0	0.0	0	0.0	19.5	60.5	228.2	15.5	0.0	25.1	
A1-Q2	A1	Q2	df-16919-partial-12-depth-4	256m	original	10	ok	2	1	0	Linear	Linear	0.002	0.064	0.07	224	0	0.0	0	0.0	0	0.0	0	0.0	19.5	87.1	32.0	47.2	16.6	28.9	
A1-Q4	A1	Q4	df-16919-partial-12-depth-4	256m	accept-groups	1	ok	2	0	0	Linear	Linear	0.002	0.018	0.02	199	0	0.0	0	0.0	0	0.0	0	0.0	39.1	170.1	14.6	54.0	0.0	0.0	
A1-Q4	A1	Q4	df-16919-partial-12-depth-4	256m	original-target	1	ok	4	0	0	Linear	Linear	0.003	0.019	0.02	264	0	0.0	0	0.0	0	0.0	0	0.0	39.1	255.4	18.0	27.0	0.0	0.0	
A1-Q4	A1	Q4	df-16919-partial-12-depth-4	256m	original	1	ok	2	0	0	Linear	Linear	0.002	0.017	0.02	195	0	0.0	0	0.0	0	0.0	0	0.0	39.1	170.4	14.6	47.2	0.0	0.0	
A1-Q4	A1	Q4	df-16919-partial-12-depth-4	256m	original-target	2	ok	4	0	0	Linear	Linear	0.003	0.021	0.03	259	0	0.0	0	0.0	0	0.0	0	0.0	39.1	255.4	18.0	27.0	0.0	0.0	
A1-Q4	A1	Q4	df-16919-partial-12-depth-4	256m	original	2	ok	2	0	0	Linear	Linear	0.003	0.018	0.02	194	0	0.0	0	0.0	0	0.0	0	0.0	39.1	170.4	15.2	47.2	0.0	0.0	
A1-Q4	A1	Q4	df-16919-partial-12-depth-4	256m	accept-groups	2	ok	2	0	0	Linear	Linear	0.002	0.017	0.02	211	0	0.0	0	0.0	0	0.0	0	0.0	39.1	170.1	15.2	54.0	0.0	0.0	
A1-Q4	A1	Q4	df-16919-partial-12-depth-4	256m	original	3	ok	2	0	0	Linear	Linear	0.002	0.018	0.02	200	0	0.0	0	0.0	0	0.0	0	0.0	39.1	170.4	14.6	47.2	0.0	0.0	
A1-Q4	A1	Q4	df-16919-partial-12-depth-4	256m	accept-groups	3	ok	2	0	0	Linear	Linear	0.002	0.018	0.02	207	0	0.0	0	0.0	0	0.0	0	0.0	39.1	170.1	14.6	54.0	0.0	0.0	
A1-Q4	A1	Q4	df-16919-partial-12-depth-4	256m	original-target	3	ok	4	0	0	Linear	Linear	0.002	0.018	0.02	270	0	0.0	0	0.0	0	0.0	0	0.0	39.1	255.4	18.0	27.0	0.0	0.0	
A1-Q4	A1	Q4	df-16919-partial-12-depth-4	256m	accept-groups	4	ok	2	0	0	Linear	Linear	0.002	0.015	0.02	205	0	0.0	0	0.0	0	0.0	0	0.0	39.1	170.1	14.6	54.0	0.0	0.0	
A1-Q4	A1	Q4	df-16919-partial-12-depth-4	256m	original-target	4	ok	4	0	0	Linear	Linear	0.002	0.018	0.02	269	0	0.0	0	0.0	0	0.0	0	0.0	39.1	255.4	18.0	27.0	0.0	0.0	
A1-Q4	A1	Q4	df-16919-partial-12-depth-4	256m	original	4	ok	2	0	0	Linear	Linear	0.002	0.022	0.03	215	0	0.0	0	0.0	0	0.0	0	0.0	39.1	170.4	15.2	47.2	0.0	0.0	
A1-Q4	A1	Q4	df-16919-partial-12-depth-4	256m	original-target	5	ok	4	0	0	Linear	Linear	0.002	0.019	0.02	263	0	0.0	0	0.0	0	0.0	0	0.0	39.1	255.4	18.0	27.0	0.0	0.0	
A1-Q4	A1	Q4	df-16919-partial-12-depth-4	256m	original	5	ok	2	0	0	Linear	Linear	0.002	0.014	0.02	197	0	0.0	0	0.0	0	0.0	0	0.0	39.1	170.4	14.6	47.2	0.0	0.0	
A1-Q4	A1	Q4	df-16919-partial-12-depth-4	256m	accept-groups	5	ok	2	0	0	Linear	Linear	0.002	0.018	0.02	189	0	0.0	0	0.0	0	0.0	0	0.0	39.1	170.1	14.6	54.0	0.0	0.0	
A1-Q4	A1	Q4	df-16919-partial-12-depth-4	256m	original	6	ok	2	0	0	Linear	Linear	0.002	0.017	0.02	209	0	0.0	0	0.0	0	0.0	0	0.0	39.1	170.4	15.2	47.2	0.0	0.0	
A1-Q4	A1	Q4	df-16919-partial-12-depth-4	256m	accept-groups	6	ok	2	0	0	Linear	Linear	0.002	0.018	0.02	205	0	0.0	0	0.0	0	0.0	0	0.0	39.1	170.1	14.6	54.0	0.0	0.0	
A1-Q4	A1	Q4	df-16919-partial-12-depth-4	256m	original-target	6	ok	4	0	0	Linear	Linear	0.002	0.017	0.02	264	0	0.0	0	0.0	0	0.0	0	0.0	39.1	255.4	18.0	27.0	0.0	0.0	
A1-Q4	A1	Q4	df-16919-partial-12-depth-4	256m	accept-groups	7	ok	2	0	0	Linear	Linear	0.002	0.017	0.02	185	0	0.0	0	0.0	0	0.0	0	0.0	39.1	170.1	14.6	54.0	0.0	0.0	
A1-Q4	A1	Q4	df-16919-partial-12-depth-4	256m	original-target	7	ok	4	0	0	Linear	Linear	0.002	0.020	0.03	263	0	0.0	0	0.0	0	0.0	0	0.0	39.1	255.4	18.0	27.0	0.0	0.0	
A1-Q4	A1	Q4	df-16919-partial-12-depth-4	256m	original	7	ok	2	0	0	Linear	Linear	0.002	0.019	0.02	197	0	0.0	0	0.0	0	0.0	0	0.0	39.1	170.4	15.8	54.0	0.0	0.0	
A1-Q4	A1	Q4	df-16919-partial-12-depth-4	256m	original-target	8	ok	4	0	0	Linear	Linear	0.002	0.017	0.02	262	0	0.0	0	0.0	0	0.0	0	0.0	39.1	255.4	18.0	27.0	0.0	0.0	
A1-Q4	A1	Q4	df-16919-partial-12-depth-4	256m	original	8	ok	2	0	0	Linear	Linear	0.002	0.020	0.02	210	0	0.0	0	0.0	0	0.0	0	0.0	39.1	170.4	15.8	47.2	0.0	0.0	
A1-Q4	A1	Q4	df-16919-partial-12-depth-4	256m	accept-groups	8	ok	2	0	0	Linear	Linear	0.002	0.018	0.02	191	0	0.0	0	0.0	0	0.0	0	0.0	39.1	170.1	14.6	54.0	0.0	0.0	
A1-Q4	A1	Q4	df-16919-partial-12-depth-4	256m	original	9	ok	2	0	0	Linear	Linear	0.002	0.022	0.03	200	0	0.0	0	0.0	0	0.0	0	0.0	39.1	170.4	15.2	47.2	0.0	0.0	
A1-Q4	A1	Q4	df-16919-partial-12-depth-4	256m	accept-groups	9	ok	2	0	0	Linear	Linear	0.002	0.018	0.02	197	0	0.0	0	0.0	0	0.0	0	0.0	39.1	170.1	14.1	54.0	0.0	0.0	
A1-Q4	A1	Q4	df-16919-partial-12-depth-4	256m	original-target	9	ok	4	0	0	Linear	Linear	0.002	0.020	0.02	259	0	0.0	0	0.0	0	0.0	0	0.0	39.1	255.4	18.0	27.0	0.0	0.0	
A1-Q4	A1	Q4	df-16919-partial-12-depth-4	256m	accept-groups	10	ok	2	0	0	Linear	Linear	0.003	0.018	0.02	193	0	0.0	0	0.0	0	0.0	0	0.0	39.1	170.1	14.1	54.0	0.0	0.0	
A1-Q4	A1	Q4	df-16919-partial-12-depth-4	256m	original-target	10	ok	4	0	0	Linear	Linear	0.002	0.019	0.02	265	0	0.0	0	0.0	0	0.0	0	0.0	39.1	255.4	18.0	27.0	0.0	0.0	
A1-Q4	A1	Q4	df-16919-partial-12-depth-4	256m	original	10	ok	2	0	0	Linear	Linear	0.003	0.020	0.02	203	0	0.0	0	0.0	0	0.0	0	0.0	39.1	170.4	15.2	47.2	0.0	0.0	
A2-depth-1	A2	Q3	df-16919-partial-12-depth-1	256m	accept-groups	1	ok	2	0	1	PartiallySorted([0, 1])	PartiallySorted([0, 1])	0.002	0.526	0.53	307	0	0.0	0	0.0	0	0.0	0	0.0	68.4	247.4	319.5	274.2	0.0	309.5	
A2-depth-1	A2	Q3	df-16919-partial-12-depth-1	256m	original	1	ok	2	0	1	PartiallySorted([0, 1])	PartiallySorted([0, 1])	0.002	0.506	0.51	329	0	0.0	0	0.0	0	0.0	0	0.0	68.4	247.4	319.5	274.2	0.0	309.5	
A2-depth-1	A2	Q3	df-16919-partial-12-depth-1	256m	original	2	ok	2	0	1	PartiallySorted([0, 1])	PartiallySorted([0, 1])	0.002	0.502	0.51	310	0	0.0	0	0.0	0	0.0	0	0.0	68.4	247.4	319.5	274.2	0.0	309.5	
A2-depth-1	A2	Q3	df-16919-partial-12-depth-1	256m	accept-groups	2	ok	2	0	1	PartiallySorted([0, 1])	PartiallySorted([0, 1])	0.002	0.524	0.53	297	0	0.0	0	0.0	0	0.0	0	0.0	68.4	247.4	319.5	274.2	0.0	309.5	
A2-depth-1	A2	Q3	df-16919-partial-12-depth-1	256m	accept-groups	3	ok	2	0	1	PartiallySorted([0, 1])	PartiallySorted([0, 1])	0.002	0.509	0.51	322	0	0.0	0	0.0	0	0.0	0	0.0	68.4	247.4	319.5	274.2	0.0	309.5	
A2-depth-1	A2	Q3	df-16919-partial-12-depth-1	256m	original	3	ok	2	0	1	PartiallySorted([0, 1])	PartiallySorted([0, 1])	0.002	0.529	0.53	305	0	0.0	0	0.0	0	0.0	0	0.0	68.4	247.4	319.5	274.2	0.0	309.5	
A2-depth-1	A2	Q3	df-16919-partial-12-depth-1	256m	original	4	ok	2	0	1	PartiallySorted([0, 1])	PartiallySorted([0, 1])	0.002	0.494	0.50	307	0	0.0	0	0.0	0	0.0	0	0.0	68.4	247.4	319.5	274.2	0.0	309.5	
A2-depth-1	A2	Q3	df-16919-partial-12-depth-1	256m	accept-groups	4	ok	2	0	1	PartiallySorted([0, 1])	PartiallySorted([0, 1])	0.002	0.492	0.50	306	0	0.0	0	0.0	0	0.0	0	0.0	68.4	247.4	319.5	274.2	0.0	309.5	
A2-depth-1	A2	Q3	df-16919-partial-12-depth-1	256m	accept-groups	5	ok	2	0	1	PartiallySorted([0, 1])	PartiallySorted([0, 1])	0.002	0.524	0.53	317	0	0.0	0	0.0	0	0.0	0	0.0	68.4	247.4	319.5	274.2	0.0	309.5	
A2-depth-1	A2	Q3	df-16919-partial-12-depth-1	256m	original	5	ok	2	0	1	PartiallySorted([0, 1])	PartiallySorted([0, 1])	0.002	0.530	0.54	325	0	0.0	0	0.0	0	0.0	0	0.0	68.4	247.4	319.5	274.2	0.0	309.5	
A2-depth-1	A2	Q3	df-16919-partial-12-depth-1	256m	original	6	ok	2	0	1	PartiallySorted([0, 1])	PartiallySorted([0, 1])	0.002	0.497	0.50	291	0	0.0	0	0.0	0	0.0	0	0.0	68.4	247.4	319.5	274.2	0.0	309.5	
A2-depth-1	A2	Q3	df-16919-partial-12-depth-1	256m	accept-groups	6	ok	2	0	1	PartiallySorted([0, 1])	PartiallySorted([0, 1])	0.002	0.523	0.53	310	0	0.0	0	0.0	0	0.0	0	0.0	68.4	247.4	319.5	274.2	0.0	309.5	
A2-depth-1	A2	Q3	df-16919-partial-12-depth-1	256m	accept-groups	7	ok	2	0	1	PartiallySorted([0, 1])	PartiallySorted([0, 1])	0.002	0.478	0.48	321	0	0.0	0	0.0	0	0.0	0	0.0	68.4	247.4	319.5	274.2	0.0	309.5	
A2-depth-1	A2	Q3	df-16919-partial-12-depth-1	256m	original	7	ok	2	0	1	PartiallySorted([0, 1])	PartiallySorted([0, 1])	0.002	0.550	0.56	300	0	0.0	0	0.0	0	0.0	0	0.0	68.4	247.4	319.5	274.2	0.0	309.5	
A2-depth-1	A2	Q3	df-16919-partial-12-depth-1	256m	original	8	ok	2	0	1	PartiallySorted([0, 1])	PartiallySorted([0, 1])	0.002	0.503	0.51	315	0	0.0	0	0.0	0	0.0	0	0.0	68.4	247.4	319.5	274.2	0.0	309.5	
A2-depth-1	A2	Q3	df-16919-partial-12-depth-1	256m	accept-groups	8	ok	2	0	1	PartiallySorted([0, 1])	PartiallySorted([0, 1])	0.003	0.486	0.49	330	0	0.0	0	0.0	0	0.0	0	0.0	68.4	247.4	319.5	274.2	0.0	309.5	
A2-depth-1	A2	Q3	df-16919-partial-12-depth-1	256m	accept-groups	9	ok	2	0	1	PartiallySorted([0, 1])	PartiallySorted([0, 1])	0.002	0.538	0.54	320	0	0.0	0	0.0	0	0.0	0	0.0	68.4	247.4	319.5	274.2	0.0	309.5	
A2-depth-1	A2	Q3	df-16919-partial-12-depth-1	256m	original	9	ok	2	0	1	PartiallySorted([0, 1])	PartiallySorted([0, 1])	0.002	0.549	0.55	288	0	0.0	0	0.0	0	0.0	0	0.0	68.4	247.4	319.5	274.2	0.0	309.5	
A2-depth-1	A2	Q3	df-16919-partial-12-depth-1	256m	original	10	ok	2	0	1	PartiallySorted([0, 1])	PartiallySorted([0, 1])	0.002	0.506	0.51	308	0	0.0	0	0.0	0	0.0	0	0.0	68.4	247.4	319.5	274.2	0.0	309.5	
A2-depth-1	A2	Q3	df-16919-partial-12-depth-1	256m	accept-groups	10	ok	2	0	1	PartiallySorted([0, 1])	PartiallySorted([0, 1])	0.002	0.518	0.53	287	0	0.0	0	0.0	0	0.0	0	0.0	68.4	247.4	319.5	274.2	0.0	309.5	
A2-depth-2	A2	Q3	df-16919-partial-12-depth-2	256m	accept-groups	1	ok	2	0	1	PartiallySorted([0, 1])	PartiallySorted([0, 1])	0.002	0.440	0.45	292	0	0.0	0	0.0	0	0.0	0	0.0	70.2	266.6	386.6	264.8	0.0	307.8	
A2-depth-2	A2	Q3	df-16919-partial-12-depth-2	256m	original	1	ok	2	0	1	PartiallySorted([0, 1])	PartiallySorted([0, 1])	0.002	0.443	0.45	312	0	0.0	0	0.0	0	0.0	0	0.0	70.2	266.6	386.6	264.8	0.0	307.8	
A2-depth-2	A2	Q3	df-16919-partial-12-depth-2	256m	original	2	ok	2	0	1	PartiallySorted([0, 1])	PartiallySorted([0, 1])	0.002	0.432	0.44	312	0	0.0	0	0.0	0	0.0	0	0.0	70.2	266.6	386.6	264.8	0.0	307.8	
A2-depth-2	A2	Q3	df-16919-partial-12-depth-2	256m	accept-groups	2	ok	2	0	1	PartiallySorted([0, 1])	PartiallySorted([0, 1])	0.002	0.405	0.41	296	0	0.0	0	0.0	0	0.0	0	0.0	70.2	266.6	386.6	264.8	0.0	307.8	
A2-depth-2	A2	Q3	df-16919-partial-12-depth-2	256m	accept-groups	3	ok	2	0	1	PartiallySorted([0, 1])	PartiallySorted([0, 1])	0.002	0.433	0.44	281	0	0.0	0	0.0	0	0.0	0	0.0	70.2	266.6	386.6	264.8	0.0	307.8	
A2-depth-2	A2	Q3	df-16919-partial-12-depth-2	256m	original	3	ok	2	0	1	PartiallySorted([0, 1])	PartiallySorted([0, 1])	0.002	0.470	0.48	336	0	0.0	0	0.0	0	0.0	0	0.0	70.2	266.6	386.6	264.8	0.0	307.8	
A2-depth-2	A2	Q3	df-16919-partial-12-depth-2	256m	original	4	ok	2	0	1	PartiallySorted([0, 1])	PartiallySorted([0, 1])	0.002	0.455	0.46	322	0	0.0	0	0.0	0	0.0	0	0.0	70.2	266.6	386.6	264.8	0.0	307.8	
A2-depth-2	A2	Q3	df-16919-partial-12-depth-2	256m	accept-groups	4	ok	2	0	1	PartiallySorted([0, 1])	PartiallySorted([0, 1])	0.002	0.449	0.45	320	0	0.0	0	0.0	0	0.0	0	0.0	70.2	266.6	386.6	264.8	0.0	307.8	
A2-depth-2	A2	Q3	df-16919-partial-12-depth-2	256m	accept-groups	5	ok	2	0	1	PartiallySorted([0, 1])	PartiallySorted([0, 1])	0.002	0.442	0.45	315	0	0.0	0	0.0	0	0.0	0	0.0	70.2	266.6	386.6	264.8	0.0	307.8	
A2-depth-2	A2	Q3	df-16919-partial-12-depth-2	256m	original	5	ok	2	0	1	PartiallySorted([0, 1])	PartiallySorted([0, 1])	0.002	0.428	0.43	320	0	0.0	0	0.0	0	0.0	0	0.0	70.2	266.6	386.6	264.8	0.0	307.8	
A2-depth-2	A2	Q3	df-16919-partial-12-depth-2	256m	original	6	ok	2	0	1	PartiallySorted([0, 1])	PartiallySorted([0, 1])	0.002	0.402	0.41	286	0	0.0	0	0.0	0	0.0	0	0.0	70.2	266.6	386.6	264.8	0.0	307.8	
A2-depth-2	A2	Q3	df-16919-partial-12-depth-2	256m	accept-groups	6	ok	2	0	1	PartiallySorted([0, 1])	PartiallySorted([0, 1])	0.002	0.413	0.42	313	0	0.0	0	0.0	0	0.0	0	0.0	70.2	266.6	386.6	264.8	0.0	307.8	
A2-depth-2	A2	Q3	df-16919-partial-12-depth-2	256m	accept-groups	7	ok	2	0	1	PartiallySorted([0, 1])	PartiallySorted([0, 1])	0.002	0.438	0.44	314	0	0.0	0	0.0	0	0.0	0	0.0	70.2	266.6	386.6	264.8	0.0	307.8	
A2-depth-2	A2	Q3	df-16919-partial-12-depth-2	256m	original	7	ok	2	0	1	PartiallySorted([0, 1])	PartiallySorted([0, 1])	0.002	0.435	0.44	306	0	0.0	0	0.0	0	0.0	0	0.0	70.2	266.6	386.6	264.8	0.0	307.8	
A2-depth-2	A2	Q3	df-16919-partial-12-depth-2	256m	original	8	ok	2	0	1	PartiallySorted([0, 1])	PartiallySorted([0, 1])	0.002	0.432	0.44	324	0	0.0	0	0.0	0	0.0	0	0.0	70.2	266.6	386.6	264.8	0.0	307.8	
A2-depth-2	A2	Q3	df-16919-partial-12-depth-2	256m	accept-groups	8	ok	2	0	1	PartiallySorted([0, 1])	PartiallySorted([0, 1])	0.002	0.416	0.42	289	0	0.0	0	0.0	0	0.0	0	0.0	70.2	266.6	386.6	264.8	0.0	307.8	
A2-depth-2	A2	Q3	df-16919-partial-12-depth-2	256m	accept-groups	9	ok	2	0	1	PartiallySorted([0, 1])	PartiallySorted([0, 1])	0.002	0.435	0.44	324	0	0.0	0	0.0	0	0.0	0	0.0	70.2	266.6	386.6	264.8	0.0	307.8	
A2-depth-2	A2	Q3	df-16919-partial-12-depth-2	256m	original	9	ok	2	0	1	PartiallySorted([0, 1])	PartiallySorted([0, 1])	0.002	0.431	0.44	340	0	0.0	0	0.0	0	0.0	0	0.0	70.2	266.6	386.6	264.8	0.0	307.8	
A2-depth-2	A2	Q3	df-16919-partial-12-depth-2	256m	original	10	ok	2	0	1	PartiallySorted([0, 1])	PartiallySorted([0, 1])	0.002	0.448	0.45	308	0	0.0	0	0.0	0	0.0	0	0.0	70.2	266.6	386.6	264.8	0.0	307.8	
A2-depth-2	A2	Q3	df-16919-partial-12-depth-2	256m	accept-groups	10	ok	2	0	1	PartiallySorted([0, 1])	PartiallySorted([0, 1])	0.002	0.417	0.42	309	0	0.0	0	0.0	0	0.0	0	0.0	70.2	266.6	386.6	264.8	0.0	307.8	
A2-depth-12	A2	Q3	df-16919-partial-12-depth-12	256m	accept-groups	1	ok	12	0	1	PartiallySorted([0, 1])	PartiallySorted([0, 1])	0.002	0.349	0.36	553	0	0.0	0	0.0	0	0.0	19	19.3	69.3	178.3	322.9	251.5	0.0	310.0	
A2-depth-12	A2	Q3	df-16919-partial-12-depth-12	256m	original-target	1	ok	12	0	1	PartiallySorted([0, 1])	PartiallySorted([0, 1])	0.003	0.352	0.36	890	0	0.0	0	0.0	62	105.2	139	38.8	69.3	152.6	239.6	138.4	0.0	378.3	
A2-depth-12	A2	Q3	df-16919-partial-12-depth-12	256m	original	1	ok	2	1	0	Linear	Linear	0.002	0.614	0.62	494	8	72.7	0	0.0	10	73.0	0	0.0	69.3	1068.1	200.2	193.4	181.7	280.6	
A2-depth-12	A2	Q3	df-16919-partial-12-depth-12	256m	original-target	2	ok	12	0	1	PartiallySorted([0, 1])	PartiallySorted([0, 1])	0.002	0.373	0.38	896	0	0.0	0	0.0	54	109.3	137	41.5	69.3	140.3	240.2	143.1	0.0	407.9	
A2-depth-12	A2	Q3	df-16919-partial-12-depth-12	256m	original	2	ok	2	1	0	Linear	Linear	0.002	0.617	0.62	521	8	72.7	0	0.0	10	73.0	0	0.0	69.3	1068.1	199.5	193.4	181.7	279.6	
A2-depth-12	A2	Q3	df-16919-partial-12-depth-12	256m	accept-groups	2	ok	12	0	1	PartiallySorted([0, 1])	PartiallySorted([0, 1])	0.002	0.353	0.36	575	0	0.0	0	0.0	0	0.0	19	18.7	69.3	178.3	334.1	251.5	0.0	310.0	
A2-depth-12	A2	Q3	df-16919-partial-12-depth-12	256m	original	3	ok	2	1	0	Linear	Linear	0.002	0.684	0.69	517	7	72.7	0	0.0	10	73.0	0	0.0	69.3	1068.1	192.4	192.7	181.7	279.6	
A2-depth-12	A2	Q3	df-16919-partial-12-depth-12	256m	accept-groups	3	ok	12	0	1	PartiallySorted([0, 1])	PartiallySorted([0, 1])	0.002	0.353	0.36	582	0	0.0	0	0.0	0	0.0	19	19.0	69.3	178.3	334.6	251.5	0.0	310.0	
A2-depth-12	A2	Q3	df-16919-partial-12-depth-12	256m	original-target	3	ok	12	0	1	PartiallySorted([0, 1])	PartiallySorted([0, 1])	0.002	0.374	0.38	864	0	0.0	0	0.0	70	142.0	140	33.8	69.3	137.8	238.8	150.5	0.0	444.9	
A2-depth-12	A2	Q3	df-16919-partial-12-depth-12	256m	accept-groups	4	ok	12	0	1	PartiallySorted([0, 1])	PartiallySorted([0, 1])	0.002	0.382	0.39	568	0	0.0	0	0.0	0	0.0	17	18.3	69.3	178.3	324.4	251.5	0.0	310.0	
A2-depth-12	A2	Q3	df-16919-partial-12-depth-12	256m	original-target	4	ok	12	0	1	PartiallySorted([0, 1])	PartiallySorted([0, 1])	0.002	0.351	0.36	894	0	0.0	0	0.0	66	131.7	141	38.5	69.3	139.1	223.9	146.5	0.0	422.8	
A2-depth-12	A2	Q3	df-16919-partial-12-depth-12	256m	original	4	ok	2	1	0	Linear	Linear	0.002	0.654	0.66	513	7	72.7	0	0.0	10	73.0	0	0.0	69.3	1068.1	209.8	193.4	181.7	280.6	
A2-depth-12	A2	Q3	df-16919-partial-12-depth-12	256m	original-target	5	ok	12	0	1	PartiallySorted([0, 1])	PartiallySorted([0, 1])	0.002	0.381	0.39	817	0	0.0	0	0.0	65	130.6	143	34.6	69.3	146.5	233.6	146.5	0.0	422.8	
A2-depth-12	A2	Q3	df-16919-partial-12-depth-12	256m	original	5	ok	2	1	0	Linear	Linear	0.002	0.644	0.65	490	8	72.7	0	0.0	10	73.0	0	0.0	69.3	1068.1	197.7	193.4	181.7	280.6	
A2-depth-12	A2	Q3	df-16919-partial-12-depth-12	256m	accept-groups	5	ok	12	0	1	PartiallySorted([0, 1])	PartiallySorted([0, 1])	0.002	0.372	0.38	572	0	0.0	0	0.0	0	0.0	18	21.1	69.3	178.3	319.3	251.5	0.0	310.0	
A2-depth-12	A2	Q3	df-16919-partial-12-depth-12	256m	original	6	ok	2	1	0	Linear	Linear	0.002	0.603	0.61	511	8	72.7	0	0.0	10	73.0	0	0.0	69.3	1068.1	197.0	193.4	181.7	280.6	
A2-depth-12	A2	Q3	df-16919-partial-12-depth-12	256m	accept-groups	6	ok	12	0	1	PartiallySorted([0, 1])	PartiallySorted([0, 1])	0.002	0.368	0.37	577	0	0.0	0	0.0	0	0.0	18	14.4	69.3	178.3	323.4	251.5	0.0	310.0	
A2-depth-12	A2	Q3	df-16919-partial-12-depth-12	256m	original-target	6	ok	12	0	1	PartiallySorted([0, 1])	PartiallySorted([0, 1])	0.002	0.403	0.41	901	0	0.0	0	0.0	72	146.1	140	29.9	69.3	130.0	242.7	151.9	0.0	452.2	
A2-depth-12	A2	Q3	df-16919-partial-12-depth-12	256m	accept-groups	7	ok	12	0	1	PartiallySorted([0, 1])	PartiallySorted([0, 1])	0.002	0.350	0.36	565	0	0.0	0	0.0	0	0.0	16	20.9	69.3	178.3	316.7	251.5	0.0	310.0	
A2-depth-12	A2	Q3	df-16919-partial-12-depth-12	256m	original-target	7	ok	12	0	1	PartiallySorted([0, 1])	PartiallySorted([0, 1])	0.003	0.344	0.35	849	0	0.0	0	0.0	58	117.5	138	38.4	69.3	150.6	244.9	145.1	0.0	422.6	
A2-depth-12	A2	Q3	df-16919-partial-12-depth-12	256m	original	7	ok	2	1	0	Linear	Linear	0.002	0.616	0.62	469	7	72.7	0	0.0	10	73.0	0	0.0	69.3	1068.1	194.2	192.7	181.7	279.6	
A2-depth-12	A2	Q3	df-16919-partial-12-depth-12	256m	original-target	8	ok	12	0	1	PartiallySorted([0, 1])	PartiallySorted([0, 1])	0.002	0.327	0.33	784	0	0.0	0	0.0	30	40.7	144	43.5	69.3	155.2	217.6	137.0	0.0	393.3	
A2-depth-12	A2	Q3	df-16919-partial-12-depth-12	256m	original	8	ok	2	1	0	Linear	Linear	0.002	0.634	0.64	533	8	72.7	0	0.0	10	73.0	0	0.0	69.3	1068.1	197.1	193.4	181.7	280.6	
A2-depth-12	A2	Q3	df-16919-partial-12-depth-12	256m	accept-groups	8	ok	12	0	1	PartiallySorted([0, 1])	PartiallySorted([0, 1])	0.003	0.356	0.36	587	0	0.0	0	0.0	0	0.0	17	19.3	69.3	178.3	322.3	251.5	0.0	310.0	
A2-depth-12	A2	Q3	df-16919-partial-12-depth-12	256m	original	9	ok	2	1	0	Linear	Linear	0.002	0.627	0.63	541	8	72.7	0	0.0	10	73.0	0	0.0	69.3	1068.1	198.7	193.4	181.7	280.6	
A2-depth-12	A2	Q3	df-16919-partial-12-depth-12	256m	accept-groups	9	ok	12	0	1	PartiallySorted([0, 1])	PartiallySorted([0, 1])	0.002	0.351	0.36	571	0	0.0	0	0.0	0	0.0	18	18.0	69.3	178.3	321.3	251.5	0.0	310.0	
A2-depth-12	A2	Q3	df-16919-partial-12-depth-12	256m	original-target	9	ok	12	0	1	PartiallySorted([0, 1])	PartiallySorted([0, 1])	0.002	0.404	0.41	865	0	0.0	0	0.0	72	146.1	140	32.5	69.3	130.1	224.8	151.9	0.0	452.2	
A2-depth-12	A2	Q3	df-16919-partial-12-depth-12	256m	accept-groups	10	ok	12	0	1	PartiallySorted([0, 1])	PartiallySorted([0, 1])	0.003	0.383	0.39	595	0	0.0	0	0.0	0	0.0	19	18.9	69.3	178.3	319.9	251.5	0.0	310.0	
A2-depth-12	A2	Q3	df-16919-partial-12-depth-12	256m	original-target	10	ok	12	0	1	PartiallySorted([0, 1])	PartiallySorted([0, 1])	0.002	0.351	0.36	776	0	0.0	0	0.0	30	46.7	138	40.5	69.3	152.1	219.2	138.3	0.0	400.6	
A2-depth-12	A2	Q3	df-16919-partial-12-depth-12	256m	original	10	ok	2	1	0	Linear	Linear	0.002	0.614	0.62	525	8	72.7	0	0.0	10	73.0	0	0.0	69.3	1068.1	204.6	193.4	181.7	280.6	
A3	A3	Q3	df-16919-partial-12-depth-4	128m	accept-groups	1	ok	4	0	1	PartiallySorted([0, 1])	PartiallySorted([0, 1])	0.002	0.388	0.39	376	0	0.0	0	0.0	0	0.0	7	5.0	68.4	247.6	455.2	252.0	0.0	308.5	
A3	A3	Q3	df-16919-partial-12-depth-4	128m	original-target	1	ok	4	0	1	PartiallySorted([0, 1])	PartiallySorted([0, 1])	0.002	0.376	0.38	452	0	0.0	0	0.0	6	14.2	16	27.5	68.4	210.8	324.3	231.1	0.0	431.6	
A3	A3	Q3	df-16919-partial-12-depth-4	128m	original	1	ok	2	1	0	Linear	Linear	0.002	0.690	0.69	435	15	72.7	0	0.0	22	136.8	0	0.0	68.4	585.5	170.8	193.4	193.6	279.6	
A3	A3	Q3	df-16919-partial-12-depth-4	128m	original-target	2	ok	4	0	1	PartiallySorted([0, 1])	PartiallySorted([0, 1])	0.002	0.383	0.39	429	0	0.0	0	0.0	6	14.2	16	26.5	68.4	212.3	332.5	231.1	0.0	431.6	
A3	A3	Q3	df-16919-partial-12-depth-4	128m	original	2	ok	2	1	0	Linear	Linear	0.002	0.663	0.67	455	15	72.7	0	0.0	22	138.7	0	0.0	68.4	585.5	166.0	193.4	193.6	278.6	
A3	A3	Q3	df-16919-partial-12-depth-4	128m	accept-groups	2	ok	4	0	1	PartiallySorted([0, 1])	PartiallySorted([0, 1])	0.002	0.383	0.39	391	0	0.0	0	0.0	0	0.0	6	5.0	68.4	247.6	450.2	252.0	0.0	308.5	
A3	A3	Q3	df-16919-partial-12-depth-4	128m	original	3	ok	2	1	0	Linear	Linear	0.002	0.685	0.69	447	15	72.7	0	0.0	22	137.3	0	0.0	68.4	585.5	168.0	194.8	193.6	278.6	
A3	A3	Q3	df-16919-partial-12-depth-4	128m	accept-groups	3	ok	4	0	1	PartiallySorted([0, 1])	PartiallySorted([0, 1])	0.002	0.378	0.38	397	0	0.0	0	0.0	0	0.0	7	4.0	68.4	247.6	457.8	252.0	0.0	308.5	
A3	A3	Q3	df-16919-partial-12-depth-4	128m	original-target	3	ok	4	0	1	PartiallySorted([0, 1])	PartiallySorted([0, 1])	0.003	0.395	0.40	462	0	0.0	0	0.0	6	15.3	16	27.9	68.4	225.8	339.5	230.3	0.0	430.9	
A3	A3	Q3	df-16919-partial-12-depth-4	128m	accept-groups	4	ok	4	0	1	PartiallySorted([0, 1])	PartiallySorted([0, 1])	0.002	0.356	0.36	402	0	0.0	0	0.0	0	0.0	6	4.0	68.4	247.6	461.6	252.0	0.0	308.5	
A3	A3	Q3	df-16919-partial-12-depth-4	128m	original-target	4	ok	4	0	1	PartiallySorted([0, 1])	PartiallySorted([0, 1])	0.002	0.402	0.41	476	0	0.0	0	0.0	6	14.2	16	26.2	68.4	204.3	316.5	231.1	0.0	431.6	
A3	A3	Q3	df-16919-partial-12-depth-4	128m	original	4	ok	2	1	0	Linear	Linear	0.002	0.666	0.67	508	16	72.7	0	0.0	22	139.9	0	0.0	68.4	585.5	171.1	195.5	193.6	279.6	
A3	A3	Q3	df-16919-partial-12-depth-4	128m	original-target	5	ok	4	0	1	PartiallySorted([0, 1])	PartiallySorted([0, 1])	0.002	0.394	0.40	461	0	0.0	0	0.0	6	14.2	16	28.6	68.4	207.9	314.4	231.1	0.0	431.6	
A3	A3	Q3	df-16919-partial-12-depth-4	128m	original	5	ok	2	1	0	Linear	Linear	0.002	0.686	0.69	441	15	72.7	0	0.0	22	139.9	0	0.0	68.4	585.5	173.8	196.1	193.6	279.6	
A3	A3	Q3	df-16919-partial-12-depth-4	128m	accept-groups	5	ok	4	0	1	PartiallySorted([0, 1])	PartiallySorted([0, 1])	0.003	0.395	0.40	403	0	0.0	0	0.0	0	0.0	7	3.5	68.4	247.6	459.9	252.0	0.0	308.5	
A3	A3	Q3	df-16919-partial-12-depth-4	128m	original	6	ok	2	1	0	Linear	Linear	0.002	0.644	0.65	459	15	72.7	0	0.0	22	141.2	0	0.0	68.4	585.5	174.3	194.8	193.6	280.6	
A3	A3	Q3	df-16919-partial-12-depth-4	128m	accept-groups	6	ok	4	0	1	PartiallySorted([0, 1])	PartiallySorted([0, 1])	0.002	0.354	0.36	425	0	0.0	0	0.0	0	0.0	7	4.0	68.4	247.6	455.9	252.0	0.0	308.5	
A3	A3	Q3	df-16919-partial-12-depth-4	128m	original-target	6	ok	4	0	1	PartiallySorted([0, 1])	PartiallySorted([0, 1])	0.002	0.355	0.36	470	0	0.0	0	0.0	12	31.3	16	20.0	68.4	206.2	327.4	214.4	0.0	376.5	
A3	A3	Q3	df-16919-partial-12-depth-4	128m	accept-groups	7	ok	4	0	1	PartiallySorted([0, 1])	PartiallySorted([0, 1])	0.002	0.402	0.41	391	0	0.0	0	0.0	0	0.0	6	4.5	68.4	247.6	451.4	252.0	0.0	308.5	
A3	A3	Q3	df-16919-partial-12-depth-4	128m	original-target	7	ok	4	0	1	PartiallySorted([0, 1])	PartiallySorted([0, 1])	0.002	0.368	0.37	463	0	0.0	0	0.0	3	6.3	15	20.6	68.4	209.2	332.9	232.2	0.0	430.7	
A3	A3	Q3	df-16919-partial-12-depth-4	128m	original	7	ok	2	1	0	Linear	Linear	0.002	0.656	0.66	443	15	72.7	0	0.0	22	136.7	0	0.0	68.4	585.5	168.9	193.4	193.6	279.6	
A3	A3	Q3	df-16919-partial-12-depth-4	128m	original-target	8	ok	4	0	1	PartiallySorted([0, 1])	PartiallySorted([0, 1])	0.002	0.366	0.37	474	0	0.0	0	0.0	14	27.8	16	18.9	68.4	215.7	359.7	199.2	0.0	342.1	
A3	A3	Q3	df-16919-partial-12-depth-4	128m	original	8	ok	2	1	0	Linear	Linear	0.002	0.696	0.70	450	16	72.7	0	0.0	22	139.3	0	0.0	68.4	585.5	178.9	194.1	193.6	279.6	
A3	A3	Q3	df-16919-partial-12-depth-4	128m	accept-groups	8	ok	4	0	1	PartiallySorted([0, 1])	PartiallySorted([0, 1])	0.002	0.347	0.36	379	0	0.0	0	0.0	0	0.0	7	4.4	68.4	247.6	457.2	252.0	0.0	308.5	
A3	A3	Q3	df-16919-partial-12-depth-4	128m	original	9	ok	2	1	0	Linear	Linear	0.002	0.695	0.70	423	15	72.7	0	0.0	22	137.8	0	0.0	68.4	585.5	168.7	193.4	193.6	279.6	
A3	A3	Q3	df-16919-partial-12-depth-4	128m	accept-groups	9	ok	4	0	1	PartiallySorted([0, 1])	PartiallySorted([0, 1])	0.002	0.343	0.35	387	0	0.0	0	0.0	0	0.0	7	3.5	68.4	247.6	459.9	252.0	0.0	308.5	
A3	A3	Q3	df-16919-partial-12-depth-4	128m	original-target	9	ok	4	0	1	PartiallySorted([0, 1])	PartiallySorted([0, 1])	0.002	0.383	0.39	468	0	0.0	0	0.0	7	16.6	16	27.0	68.4	213.3	339.8	234.0	0.0	427.8	
A3	A3	Q3	df-16919-partial-12-depth-4	128m	accept-groups	10	ok	4	0	1	PartiallySorted([0, 1])	PartiallySorted([0, 1])	0.002	0.357	0.36	385	0	0.0	0	0.0	0	0.0	7	5.0	68.4	247.6	454.6	252.0	0.0	308.5	
A3	A3	Q3	df-16919-partial-12-depth-4	128m	original-target	10	ok	4	0	1	PartiallySorted([0, 1])	PartiallySorted([0, 1])	0.002	0.381	0.39	475	0	0.0	0	0.0	5	14.3	16	25.3	68.4	204.0	315.1	234.0	0.0	427.8	
A3	A3	Q3	df-16919-partial-12-depth-4	128m	original	10	ok	2	1	0	Linear	Linear	0.002	0.690	0.70	444	15	72.7	0	0.0	24	156.4	0	0.0	68.4	585.5	175.5	194.1	193.6	280.6	
A3	A3	Q3	df-16919-partial-12-depth-4	512m	accept-groups	1	ok	4	0	1	PartiallySorted([0, 1])	PartiallySorted([0, 1])	0.002	0.378	0.38	326	0	0.0	0	0.0	0	0.0	0	0.0	68.4	247.6	470.9	252.0	0.0	308.5	
A3	A3	Q3	df-16919-partial-12-depth-4	512m	original-target	1	ok	4	0	1	PartiallySorted([0, 1])	PartiallySorted([0, 1])	0.002	0.295	0.30	418	0	0.0	0	0.0	0	0.0	0	0.0	68.4	247.6	635.8	251.4	0.0	479.6	
A3	A3	Q3	df-16919-partial-12-depth-4	512m	original	1	ok	2	1	0	Linear	Linear	0.002	0.622	0.63	530	4	72.7	0	0.0	6	73.0	0	0.0	68.4	470.8	131.2	198.9	153.9	280.6	
A3	A3	Q3	df-16919-partial-12-depth-4	512m	original-target	2	ok	4	0	1	PartiallySorted([0, 1])	PartiallySorted([0, 1])	0.002	0.300	0.31	424	0	0.0	0	0.0	0	0.0	0	0.0	68.4	247.6	635.8	251.4	0.0	479.6	
A3	A3	Q3	df-16919-partial-12-depth-4	512m	original	2	ok	2	1	0	Linear	Linear	0.002	0.595	0.60	535	4	72.7	0	0.0	6	73.0	0	0.0	68.4	470.8	134.8	200.3	153.9	280.6	
A3	A3	Q3	df-16919-partial-12-depth-4	512m	accept-groups	2	ok	4	0	1	PartiallySorted([0, 1])	PartiallySorted([0, 1])	0.002	0.371	0.38	366	0	0.0	0	0.0	0	0.0	0	0.0	68.4	247.6	470.9	252.0	0.0	308.5	
A3	A3	Q3	df-16919-partial-12-depth-4	512m	original	3	ok	2	1	0	Linear	Linear	0.002	0.688	0.69	550	4	72.7	0	0.0	6	73.0	0	0.0	68.4	470.8	130.0	199.6	153.9	280.6	
A3	A3	Q3	df-16919-partial-12-depth-4	512m	accept-groups	3	ok	4	0	1	PartiallySorted([0, 1])	PartiallySorted([0, 1])	0.002	0.360	0.37	362	0	0.0	0	0.0	0	0.0	0	0.0	68.4	247.6	470.9	252.0	0.0	308.5	
A3	A3	Q3	df-16919-partial-12-depth-4	512m	original-target	3	ok	4	0	1	PartiallySorted([0, 1])	PartiallySorted([0, 1])	0.002	0.293	0.30	416	0	0.0	0	0.0	0	0.0	0	0.0	68.4	247.6	635.8	251.4	0.0	479.6	
A3	A3	Q3	df-16919-partial-12-depth-4	512m	accept-groups	4	ok	4	0	1	PartiallySorted([0, 1])	PartiallySorted([0, 1])	0.002	0.349	0.35	357	0	0.0	0	0.0	0	0.0	0	0.0	68.4	247.6	470.9	252.0	0.0	308.5	
A3	A3	Q3	df-16919-partial-12-depth-4	512m	original-target	4	ok	4	0	1	PartiallySorted([0, 1])	PartiallySorted([0, 1])	0.002	0.295	0.30	418	0	0.0	0	0.0	0	0.0	0	0.0	68.4	247.6	635.8	251.4	0.0	479.6	
A3	A3	Q3	df-16919-partial-12-depth-4	512m	original	4	ok	2	1	0	Linear	Linear	0.002	0.651	0.66	535	4	72.7	0	0.0	6	73.0	0	0.0	68.4	470.8	129.5	198.2	153.9	280.6	
A3	A3	Q3	df-16919-partial-12-depth-4	512m	original-target	5	ok	4	0	1	PartiallySorted([0, 1])	PartiallySorted([0, 1])	0.002	0.309	0.31	406	0	0.0	0	0.0	0	0.0	0	0.0	68.4	247.6	635.8	251.4	0.0	479.6	
A3	A3	Q3	df-16919-partial-12-depth-4	512m	original	5	ok	2	1	0	Linear	Linear	0.002	0.658	0.66	570	4	72.7	0	0.0	6	73.0	0	0.0	68.4	470.8	129.7	198.2	153.9	280.6	
A3	A3	Q3	df-16919-partial-12-depth-4	512m	accept-groups	5	ok	4	0	1	PartiallySorted([0, 1])	PartiallySorted([0, 1])	0.002	0.352	0.36	343	0	0.0	0	0.0	0	0.0	0	0.0	68.4	247.6	470.9	252.0	0.0	308.5	
A3	A3	Q3	df-16919-partial-12-depth-4	512m	original	6	ok	2	1	0	Linear	Linear	0.002	0.681	0.69	542	4	72.7	0	0.0	6	73.0	0	0.0	68.4	470.8	134.8	198.9	153.9	280.6	
A3	A3	Q3	df-16919-partial-12-depth-4	512m	accept-groups	6	ok	4	0	1	PartiallySorted([0, 1])	PartiallySorted([0, 1])	0.002	0.375	0.38	359	0	0.0	0	0.0	0	0.0	0	0.0	68.4	247.6	470.9	252.0	0.0	308.5	
A3	A3	Q3	df-16919-partial-12-depth-4	512m	original-target	6	ok	4	0	1	PartiallySorted([0, 1])	PartiallySorted([0, 1])	0.002	0.293	0.30	418	0	0.0	0	0.0	0	0.0	0	0.0	68.4	247.6	635.8	251.4	0.0	479.6	
A3	A3	Q3	df-16919-partial-12-depth-4	512m	accept-groups	7	ok	4	0	1	PartiallySorted([0, 1])	PartiallySorted([0, 1])	0.002	0.368	0.37	375	0	0.0	0	0.0	0	0.0	0	0.0	68.4	247.6	470.9	252.0	0.0	308.5	
A3	A3	Q3	df-16919-partial-12-depth-4	512m	original-target	7	ok	4	0	1	PartiallySorted([0, 1])	PartiallySorted([0, 1])	0.002	0.303	0.31	433	0	0.0	0	0.0	0	0.0	0	0.0	68.4	247.6	635.8	251.4	0.0	479.6	
A3	A3	Q3	df-16919-partial-12-depth-4	512m	original	7	ok	2	1	0	Linear	Linear	0.002	0.635	0.64	557	4	72.7	0	0.0	6	73.0	0	0.0	68.4	470.8	133.7	200.3	155.9	280.6	
A3	A3	Q3	df-16919-partial-12-depth-4	512m	original-target	8	ok	4	0	1	PartiallySorted([0, 1])	PartiallySorted([0, 1])	0.002	0.295	0.30	426	0	0.0	0	0.0	0	0.0	0	0.0	68.4	247.6	635.8	251.4	0.0	479.6	
A3	A3	Q3	df-16919-partial-12-depth-4	512m	original	8	ok	2	1	0	Linear	Linear	0.002	0.645	0.65	534	4	72.7	0	0.0	6	73.0	0	0.0	68.4	470.8	128.4	198.9	153.9	280.6	
A3	A3	Q3	df-16919-partial-12-depth-4	512m	accept-groups	8	ok	4	0	1	PartiallySorted([0, 1])	PartiallySorted([0, 1])	0.002	0.387	0.39	363	0	0.0	0	0.0	0	0.0	0	0.0	68.4	247.6	470.9	252.0	0.0	308.5	
A3	A3	Q3	df-16919-partial-12-depth-4	512m	original	9	ok	2	1	0	Linear	Linear	0.002	0.709	0.71	531	4	72.7	0	0.0	6	73.0	0	0.0	68.4	470.8	137.6	198.2	153.9	280.6	
A3	A3	Q3	df-16919-partial-12-depth-4	512m	accept-groups	9	ok	4	0	1	PartiallySorted([0, 1])	PartiallySorted([0, 1])	0.002	0.388	0.39	359	0	0.0	0	0.0	0	0.0	0	0.0	68.4	247.6	470.9	252.0	0.0	308.5	
A3	A3	Q3	df-16919-partial-12-depth-4	512m	original-target	9	ok	4	0	1	PartiallySorted([0, 1])	PartiallySorted([0, 1])	0.002	0.308	0.31	395	0	0.0	0	0.0	0	0.0	0	0.0	68.4	247.6	635.8	251.4	0.0	479.6	
A3	A3	Q3	df-16919-partial-12-depth-4	512m	accept-groups	10	ok	4	0	1	PartiallySorted([0, 1])	PartiallySorted([0, 1])	0.002	0.382	0.39	359	0	0.0	0	0.0	0	0.0	0	0.0	68.4	247.6	470.9	252.0	0.0	308.5	
A3	A3	Q3	df-16919-partial-12-depth-4	512m	original-target	10	ok	4	0	1	PartiallySorted([0, 1])	PartiallySorted([0, 1])	0.002	0.300	0.31	414	0	0.0	0	0.0	0	0.0	0	0.0	68.4	247.6	635.8	251.4	0.0	479.6	
A3	A3	Q3	df-16919-partial-12-depth-4	512m	original	10	ok	2	1	0	Linear	Linear	0.002	0.695	0.70	511	4	72.7	0	0.0	6	73.0	0	0.0	68.4	470.8	130.3	199.6	153.9	280.6	
A4-S0	A4	Q3	df-16919-partial-12-depth-4-S0	128m	accept-groups	1	ok	4	0	1	PartiallySorted([0, 1])	PartiallySorted([0, 1])	0.002	0.385	0.39	251	0	0.0	0	0.0	0	0.0	0	0.0	68.4	135.9	64.3	141.3	0.0	64.2	
A4-S0	A4	Q3	df-16919-partial-12-depth-4-S0	128m	original-target	1	ok	4	0	1	PartiallySorted([0, 1])	PartiallySorted([0, 1])	0.002	0.312	0.32	318	0	0.0	0	0.0	0	0.0	5	1.1	68.4	135.9	64.3	139.9	0.0	64.2	
A4-S0	A4	Q3	df-16919-partial-12-depth-4-S0	128m	original	1	ok	2	1	0	Linear	Linear	0.002	0.611	0.62	415	8	64.7	0	0.0	22	124.3	0	0.0	68.4	520.7	87.8	104.7	64.2	64.2	
A4-S0	A4	Q3	df-16919-partial-12-depth-4-S0	128m	original-target	2	ok	4	0	1	PartiallySorted([0, 1])	PartiallySorted([0, 1])	0.002	0.305	0.31	314	0	0.0	0	0.0	0	0.0	3	0.6	68.4	135.9	64.3	139.9	0.0	64.2	
A4-S0	A4	Q3	df-16919-partial-12-depth-4-S0	128m	original	2	ok	2	1	0	Linear	Linear	0.002	0.639	0.64	418	8	64.7	0	0.0	22	125.8	0	0.0	68.4	520.7	89.5	104.7	64.2	64.2	
A4-S0	A4	Q3	df-16919-partial-12-depth-4-S0	128m	accept-groups	2	ok	4	0	1	PartiallySorted([0, 1])	PartiallySorted([0, 1])	0.002	0.377	0.38	288	0	0.0	0	0.0	0	0.0	0	0.0	68.4	135.9	64.3	141.3	0.0	64.2	
A4-S0	A4	Q3	df-16919-partial-12-depth-4-S0	128m	original	3	ok	2	1	0	Linear	Linear	0.002	0.651	0.66	435	8	64.7	0	0.0	22	126.6	0	0.0	68.4	520.7	84.3	105.4	64.2	64.2	
A4-S0	A4	Q3	df-16919-partial-12-depth-4-S0	128m	accept-groups	3	ok	4	0	1	PartiallySorted([0, 1])	PartiallySorted([0, 1])	0.002	0.346	0.35	309	0	0.0	0	0.0	0	0.0	0	0.0	68.4	135.9	64.3	141.3	0.0	64.2	
A4-S0	A4	Q3	df-16919-partial-12-depth-4-S0	128m	original-target	3	ok	4	0	1	PartiallySorted([0, 1])	PartiallySorted([0, 1])	0.002	0.320	0.33	325	0	0.0	0	0.0	0	0.0	3	0.7	68.4	135.9	64.3	139.9	0.0	64.2	
A4-S0	A4	Q3	df-16919-partial-12-depth-4-S0	128m	accept-groups	4	ok	4	0	1	PartiallySorted([0, 1])	PartiallySorted([0, 1])	0.003	0.379	0.38	272	0	0.0	0	0.0	0	0.0	0	0.0	68.4	135.9	64.3	141.3	0.0	64.2	
A4-S0	A4	Q3	df-16919-partial-12-depth-4-S0	128m	original-target	4	ok	4	0	1	PartiallySorted([0, 1])	PartiallySorted([0, 1])	0.002	0.306	0.31	325	0	0.0	0	0.0	0	0.0	3	0.6	68.4	135.9	64.3	139.9	0.0	64.2	
A4-S0	A4	Q3	df-16919-partial-12-depth-4-S0	128m	original	4	ok	2	1	0	Linear	Linear	0.002	0.667	0.67	417	8	64.7	0	0.0	22	125.8	0	0.0	68.4	520.7	86.0	106.1	64.2	64.2	
A4-S0	A4	Q3	df-16919-partial-12-depth-4-S0	128m	original-target	5	ok	4	0	1	PartiallySorted([0, 1])	PartiallySorted([0, 1])	0.002	0.291	0.30	325	0	0.0	0	0.0	0	0.0	3	0.7	68.4	135.9	64.3	139.9	0.0	64.2	
A4-S0	A4	Q3	df-16919-partial-12-depth-4-S0	128m	original	5	ok	2	1	0	Linear	Linear	0.002	0.641	0.65	458	8	64.7	0	0.0	22	127.0	0	0.0	68.4	520.7	91.3	106.1	64.2	64.2	
A4-S0	A4	Q3	df-16919-partial-12-depth-4-S0	128m	accept-groups	5	ok	4	0	1	PartiallySorted([0, 1])	PartiallySorted([0, 1])	0.002	0.331	0.34	302	0	0.0	0	0.0	0	0.0	0	0.0	68.4	135.9	64.3	141.3	0.0	64.2	
A4-S0	A4	Q3	df-16919-partial-12-depth-4-S0	128m	original	6	ok	2	1	0	Linear	Linear	0.002	0.659	0.66	389	8	64.7	0	0.0	22	122.2	0	0.0	68.4	520.7	86.0	107.4	64.2	64.2	
A4-S0	A4	Q3	df-16919-partial-12-depth-4-S0	128m	accept-groups	6	ok	4	0	1	PartiallySorted([0, 1])	PartiallySorted([0, 1])	0.003	0.344	0.35	287	0	0.0	0	0.0	0	0.0	0	0.0	68.4	135.9	64.3	141.3	0.0	64.2	
A4-S0	A4	Q3	df-16919-partial-12-depth-4-S0	128m	original-target	6	ok	4	0	1	PartiallySorted([0, 1])	PartiallySorted([0, 1])	0.002	0.297	0.30	323	0	0.0	0	0.0	0	0.0	3	0.6	68.4	135.9	64.3	139.9	0.0	64.2	
A4-S0	A4	Q3	df-16919-partial-12-depth-4-S0	128m	accept-groups	7	ok	4	0	1	PartiallySorted([0, 1])	PartiallySorted([0, 1])	0.002	0.351	0.36	268	0	0.0	0	0.0	0	0.0	0	0.0	68.4	135.9	64.3	141.3	0.0	64.2	
A4-S0	A4	Q3	df-16919-partial-12-depth-4-S0	128m	original-target	7	ok	4	0	1	PartiallySorted([0, 1])	PartiallySorted([0, 1])	0.002	0.267	0.27	337	0	0.0	0	0.0	0	0.0	5	1.1	68.4	135.9	64.3	139.9	0.0	64.2	
A4-S0	A4	Q3	df-16919-partial-12-depth-4-S0	128m	original	7	ok	2	1	0	Linear	Linear	0.002	0.635	0.64	404	8	64.7	0	0.0	22	128.4	0	0.0	68.4	520.7	85.2	106.1	64.2	64.2	
A4-S0	A4	Q3	df-16919-partial-12-depth-4-S0	128m	original-target	8	ok	4	0	1	PartiallySorted([0, 1])	PartiallySorted([0, 1])	0.003	0.307	0.31	318	0	0.0	0	0.0	0	0.0	2	0.4	68.4	135.9	64.3	139.9	0.0	64.2	
A4-S0	A4	Q3	df-16919-partial-12-depth-4-S0	128m	original	8	ok	2	1	0	Linear	Linear	0.002	0.672	0.68	383	8	64.7	0	0.0	22	122.2	0	0.0	68.4	520.7	86.9	108.1	64.2	64.2	
A4-S0	A4	Q3	df-16919-partial-12-depth-4-S0	128m	accept-groups	8	ok	4	0	1	PartiallySorted([0, 1])	PartiallySorted([0, 1])	0.002	0.343	0.35	294	0	0.0	0	0.0	0	0.0	0	0.0	68.4	135.9	64.3	141.3	0.0	64.2	
A4-S0	A4	Q3	df-16919-partial-12-depth-4-S0	128m	original	9	ok	2	1	0	Linear	Linear	0.002	0.585	0.59	380	8	64.7	0	0.0	21	127.8	0	0.0	68.4	520.7	86.0	104.7	64.2	64.2	
A4-S0	A4	Q3	df-16919-partial-12-depth-4-S0	128m	accept-groups	9	ok	4	0	1	PartiallySorted([0, 1])	PartiallySorted([0, 1])	0.002	0.318	0.32	263	0	0.0	0	0.0	0	0.0	0	0.0	68.4	135.9	64.3	141.3	0.0	64.2	
A4-S0	A4	Q3	df-16919-partial-12-depth-4-S0	128m	original-target	9	ok	4	0	1	PartiallySorted([0, 1])	PartiallySorted([0, 1])	0.002	0.289	0.29	322	0	0.0	0	0.0	0	0.0	5	1.1	68.4	135.9	64.3	139.9	0.0	64.2	
A4-S0	A4	Q3	df-16919-partial-12-depth-4-S0	128m	accept-groups	10	ok	4	0	1	PartiallySorted([0, 1])	PartiallySorted([0, 1])	0.002	0.344	0.35	264	0	0.0	0	0.0	0	0.0	0	0.0	68.4	135.9	64.3	141.3	0.0	64.2	
A4-S0	A4	Q3	df-16919-partial-12-depth-4-S0	128m	original-target	10	ok	4	0	1	PartiallySorted([0, 1])	PartiallySorted([0, 1])	0.002	0.291	0.30	338	0	0.0	0	0.0	0	0.0	2	0.5	68.4	135.9	64.3	139.9	0.0	64.2	
A4-S0	A4	Q3	df-16919-partial-12-depth-4-S0	128m	original	10	ok	2	1	0	Linear	Linear	0.002	0.629	0.64	416	8	64.7	0	0.0	22	124.3	0	0.0	68.4	520.7	88.7	104.7	64.2	64.2	
A4-S0	A4	Q3	df-16919-partial-12-depth-4-S0	256m	accept-groups	1	ok	4	0	1	PartiallySorted([0, 1])	PartiallySorted([0, 1])	0.002	0.338	0.34	269	0	0.0	0	0.0	0	0.0	0	0.0	68.4	135.9	64.3	141.3	0.0	64.2	
A4-S0	A4	Q3	df-16919-partial-12-depth-4-S0	256m	original-target	1	ok	4	0	1	PartiallySorted([0, 1])	PartiallySorted([0, 1])	0.002	0.322	0.33	308	0	0.0	0	0.0	0	0.0	0	0.0	68.4	135.9	64.3	139.9	0.0	64.2	
A4-S0	A4	Q3	df-16919-partial-12-depth-4-S0	256m	original	1	ok	2	1	0	Linear	Linear	0.002	0.613	0.62	450	4	64.7	0	0.0	10	65.0	0	0.0	68.4	975.1	85.2	108.1	64.2	64.2	
A4-S0	A4	Q3	df-16919-partial-12-depth-4-S0	256m	original-target	2	ok	4	0	1	PartiallySorted([0, 1])	PartiallySorted([0, 1])	0.002	0.302	0.31	313	0	0.0	0	0.0	0	0.0	0	0.0	68.4	135.9	64.3	139.9	0.0	64.2	
A4-S0	A4	Q3	df-16919-partial-12-depth-4-S0	256m	original	2	ok	2	1	0	Linear	Linear	0.002	0.595	0.60	451	4	64.7	0	0.0	10	65.0	0	0.0	68.4	975.1	86.0	108.1	64.2	64.2	
A4-S0	A4	Q3	df-16919-partial-12-depth-4-S0	256m	accept-groups	2	ok	4	0	1	PartiallySorted([0, 1])	PartiallySorted([0, 1])	0.002	0.349	0.36	302	0	0.0	0	0.0	0	0.0	0	0.0	68.4	135.9	64.3	141.3	0.0	64.2	
A4-S0	A4	Q3	df-16919-partial-12-depth-4-S0	256m	original	3	ok	2	1	0	Linear	Linear	0.002	0.619	0.62	442	4	64.7	0	0.0	10	65.0	0	0.0	68.4	975.1	87.8	107.4	64.2	64.2	
A4-S0	A4	Q3	df-16919-partial-12-depth-4-S0	256m	accept-groups	3	ok	4	0	1	PartiallySorted([0, 1])	PartiallySorted([0, 1])	0.002	0.363	0.37	281	0	0.0	0	0.0	0	0.0	0	0.0	68.4	135.9	64.3	141.3	0.0	64.2	
A4-S0	A4	Q3	df-16919-partial-12-depth-4-S0	256m	original-target	3	ok	4	0	1	PartiallySorted([0, 1])	PartiallySorted([0, 1])	0.002	0.264	0.27	308	0	0.0	0	0.0	0	0.0	0	0.0	68.4	135.9	64.3	139.9	0.0	64.2	
A4-S0	A4	Q3	df-16919-partial-12-depth-4-S0	256m	accept-groups	4	ok	4	0	1	PartiallySorted([0, 1])	PartiallySorted([0, 1])	0.002	0.345	0.35	271	0	0.0	0	0.0	0	0.0	0	0.0	68.4	135.9	64.3	141.3	0.0	64.2	
A4-S0	A4	Q3	df-16919-partial-12-depth-4-S0	256m	original-target	4	ok	4	0	1	PartiallySorted([0, 1])	PartiallySorted([0, 1])	0.002	0.287	0.29	306	0	0.0	0	0.0	0	0.0	0	0.0	68.4	135.9	64.3	139.9	0.0	64.2	
A4-S0	A4	Q3	df-16919-partial-12-depth-4-S0	256m	original	4	ok	2	1	0	Linear	Linear	0.002	0.660	0.67	440	4	64.7	0	0.0	10	65.0	0	0.0	68.4	975.1	84.3	108.1	64.2	64.2	
A4-S0	A4	Q3	df-16919-partial-12-depth-4-S0	256m	original-target	5	ok	4	0	1	PartiallySorted([0, 1])	PartiallySorted([0, 1])	0.002	0.300	0.31	330	0	0.0	0	0.0	0	0.0	0	0.0	68.4	135.9	64.3	139.9	0.0	64.2	
A4-S0	A4	Q3	df-16919-partial-12-depth-4-S0	256m	original	5	ok	2	1	0	Linear	Linear	0.002	0.582	0.59	439	4	64.7	0	0.0	10	65.0	0	0.0	68.4	975.1	85.2	108.1	64.2	64.2	
A4-S0	A4	Q3	df-16919-partial-12-depth-4-S0	256m	accept-groups	5	ok	4	0	1	PartiallySorted([0, 1])	PartiallySorted([0, 1])	0.002	0.349	0.35	287	0	0.0	0	0.0	0	0.0	0	0.0	68.4	135.9	64.3	141.3	0.0	64.2	
A4-S0	A4	Q3	df-16919-partial-12-depth-4-S0	256m	original	6	ok	2	1	0	Linear	Linear	0.002	0.587	0.59	419	4	64.7	0	0.0	10	65.0	0	0.0	68.4	975.1	85.2	108.1	64.2	64.2	
A4-S0	A4	Q3	df-16919-partial-12-depth-4-S0	256m	accept-groups	6	ok	4	0	1	PartiallySorted([0, 1])	PartiallySorted([0, 1])	0.002	0.348	0.35	272	0	0.0	0	0.0	0	0.0	0	0.0	68.4	135.9	64.3	141.3	0.0	64.2	
A4-S0	A4	Q3	df-16919-partial-12-depth-4-S0	256m	original-target	6	ok	4	0	1	PartiallySorted([0, 1])	PartiallySorted([0, 1])	0.002	0.312	0.32	301	0	0.0	0	0.0	0	0.0	0	0.0	68.4	135.9	64.3	139.9	0.0	64.2	
A4-S0	A4	Q3	df-16919-partial-12-depth-4-S0	256m	accept-groups	7	ok	4	0	1	PartiallySorted([0, 1])	PartiallySorted([0, 1])	0.002	0.365	0.37	290	0	0.0	0	0.0	0	0.0	0	0.0	68.4	135.9	64.3	141.3	0.0	64.2	
A4-S0	A4	Q3	df-16919-partial-12-depth-4-S0	256m	original-target	7	ok	4	0	1	PartiallySorted([0, 1])	PartiallySorted([0, 1])	0.002	0.314	0.32	312	0	0.0	0	0.0	0	0.0	0	0.0	68.4	135.9	64.3	139.9	0.0	64.2	
A4-S0	A4	Q3	df-16919-partial-12-depth-4-S0	256m	original	7	ok	2	1	0	Linear	Linear	0.002	0.628	0.63	482	4	64.7	0	0.0	10	65.0	0	0.0	68.4	975.1	86.0	108.1	64.2	64.2	
A4-S0	A4	Q3	df-16919-partial-12-depth-4-S0	256m	original-target	8	ok	4	0	1	PartiallySorted([0, 1])	PartiallySorted([0, 1])	0.002	0.308	0.31	304	0	0.0	0	0.0	0	0.0	0	0.0	68.4	135.9	64.3	139.9	0.0	64.2	
A4-S0	A4	Q3	df-16919-partial-12-depth-4-S0	256m	original	8	ok	2	1	0	Linear	Linear	0.002	0.556	0.56	415	4	64.7	0	0.0	10	65.0	0	0.0	68.4	975.1	86.9	108.1	64.2	64.2	
A4-S0	A4	Q3	df-16919-partial-12-depth-4-S0	256m	accept-groups	8	ok	4	0	1	PartiallySorted([0, 1])	PartiallySorted([0, 1])	0.002	0.376	0.38	276	0	0.0	0	0.0	0	0.0	0	0.0	68.4	135.9	64.3	141.3	0.0	64.2	
A4-S0	A4	Q3	df-16919-partial-12-depth-4-S0	256m	original	9	ok	2	1	0	Linear	Linear	0.002	0.630	0.64	423	4	64.7	0	0.0	10	65.0	0	0.0	68.4	975.1	84.3	107.4	64.2	64.2	
A4-S0	A4	Q3	df-16919-partial-12-depth-4-S0	256m	accept-groups	9	ok	4	0	1	PartiallySorted([0, 1])	PartiallySorted([0, 1])	0.002	0.340	0.35	284	0	0.0	0	0.0	0	0.0	0	0.0	68.4	135.9	64.3	141.3	0.0	64.2	
A4-S0	A4	Q3	df-16919-partial-12-depth-4-S0	256m	original-target	9	ok	4	0	1	PartiallySorted([0, 1])	PartiallySorted([0, 1])	0.002	0.288	0.29	309	0	0.0	0	0.0	0	0.0	0	0.0	68.4	135.9	64.3	139.9	0.0	64.2	
A4-S0	A4	Q3	df-16919-partial-12-depth-4-S0	256m	accept-groups	10	ok	4	0	1	PartiallySorted([0, 1])	PartiallySorted([0, 1])	0.002	0.360	0.37	257	0	0.0	0	0.0	0	0.0	0	0.0	68.4	135.9	64.3	141.3	0.0	64.2	
A4-S0	A4	Q3	df-16919-partial-12-depth-4-S0	256m	original-target	10	ok	4	0	1	PartiallySorted([0, 1])	PartiallySorted([0, 1])	0.002	0.263	0.27	316	0	0.0	0	0.0	0	0.0	0	0.0	68.4	135.9	64.3	139.9	0.0	64.2	
A4-S0	A4	Q3	df-16919-partial-12-depth-4-S0	256m	original	10	ok	2	1	0	Linear	Linear	0.002	0.593	0.60	421	4	64.7	0	0.0	10	65.0	0	0.0	68.4	975.1	85.2	107.4	64.2	64.2	
A4-S0	A4	Q3	df-16919-partial-12-depth-4-S0	512m	accept-groups	1	ok	4	0	1	PartiallySorted([0, 1])	PartiallySorted([0, 1])	0.002	0.346	0.35	273	0	0.0	0	0.0	0	0.0	0	0.0	68.4	135.9	64.3	141.3	0.0	64.2	
A4-S0	A4	Q3	df-16919-partial-12-depth-4-S0	512m	original-target	1	ok	4	0	1	PartiallySorted([0, 1])	PartiallySorted([0, 1])	0.002	0.276	0.28	320	0	0.0	0	0.0	0	0.0	0	0.0	68.4	135.9	64.3	139.9	0.0	64.2	
A4-S0	A4	Q3	df-16919-partial-12-depth-4-S0	512m	original	1	ok	2	1	0	Linear	Linear	0.002	0.594	0.60	437	0	0.0	0	0.0	6	65.0	0	0.0	68.4	423.5	88.7	111.6	64.2	64.2	
A4-S0	A4	Q3	df-16919-partial-12-depth-4-S0	512m	original-target	2	ok	4	0	1	PartiallySorted([0, 1])	PartiallySorted([0, 1])	0.002	0.280	0.29	309	0	0.0	0	0.0	0	0.0	0	0.0	68.4	135.9	64.3	139.9	0.0	64.2	
A4-S0	A4	Q3	df-16919-partial-12-depth-4-S0	512m	original	2	ok	2	1	0	Linear	Linear	0.002	0.590	0.60	520	0	0.0	0	0.0	6	65.0	0	0.0	68.4	423.5	86.9	110.2	64.2	64.2	
A4-S0	A4	Q3	df-16919-partial-12-depth-4-S0	512m	accept-groups	2	ok	4	0	1	PartiallySorted([0, 1])	PartiallySorted([0, 1])	0.002	0.325	0.33	293	0	0.0	0	0.0	0	0.0	0	0.0	68.4	135.9	64.3	141.3	0.0	64.2	
A4-S0	A4	Q3	df-16919-partial-12-depth-4-S0	512m	original	3	ok	2	1	0	Linear	Linear	0.002	0.554	0.56	494	0	0.0	0	0.0	6	65.0	0	0.0	68.4	423.5	84.3	111.6	64.2	64.2	
A4-S0	A4	Q3	df-16919-partial-12-depth-4-S0	512m	accept-groups	3	ok	4	0	1	PartiallySorted([0, 1])	PartiallySorted([0, 1])	0.003	0.360	0.37	269	0	0.0	0	0.0	0	0.0	0	0.0	68.4	135.9	64.3	141.3	0.0	64.2	
A4-S0	A4	Q3	df-16919-partial-12-depth-4-S0	512m	original-target	3	ok	4	0	1	PartiallySorted([0, 1])	PartiallySorted([0, 1])	0.002	0.294	0.30	312	0	0.0	0	0.0	0	0.0	0	0.0	68.4	135.9	64.3	139.9	0.0	64.2	
A4-S0	A4	Q3	df-16919-partial-12-depth-4-S0	512m	accept-groups	4	ok	4	0	1	PartiallySorted([0, 1])	PartiallySorted([0, 1])	0.001	0.327	0.33	251	0	0.0	0	0.0	0	0.0	0	0.0	68.4	135.9	64.3	141.3	0.0	64.2	
A4-S0	A4	Q3	df-16919-partial-12-depth-4-S0	512m	original-target	4	ok	4	0	1	PartiallySorted([0, 1])	PartiallySorted([0, 1])	0.002	0.281	0.29	286	0	0.0	0	0.0	0	0.0	0	0.0	68.4	135.9	64.3	139.9	0.0	64.2	
A4-S0	A4	Q3	df-16919-partial-12-depth-4-S0	512m	original	4	ok	2	1	0	Linear	Linear	0.002	0.543	0.55	498	0	0.0	0	0.0	6	65.0	0	0.0	68.4	423.5	85.2	110.2	64.2	64.2	
A4-S0	A4	Q3	df-16919-partial-12-depth-4-S0	512m	original-target	5	ok	4	0	1	PartiallySorted([0, 1])	PartiallySorted([0, 1])	0.002	0.294	0.30	323	0	0.0	0	0.0	0	0.0	0	0.0	68.4	135.9	64.3	139.9	0.0	64.2	
A4-S0	A4	Q3	df-16919-partial-12-depth-4-S0	512m	original	5	ok	2	1	0	Linear	Linear	0.002	0.586	0.59	515	0	0.0	0	0.0	6	65.0	0	0.0	68.4	423.5	86.1	110.9	64.2	64.2	
A4-S0	A4	Q3	df-16919-partial-12-depth-4-S0	512m	accept-groups	5	ok	4	0	1	PartiallySorted([0, 1])	PartiallySorted([0, 1])	0.002	0.349	0.35	280	0	0.0	0	0.0	0	0.0	0	0.0	68.4	135.9	64.3	141.3	0.0	64.2	
A4-S0	A4	Q3	df-16919-partial-12-depth-4-S0	512m	original	6	ok	2	1	0	Linear	Linear	0.002	0.598	0.60	467	0	0.0	0	0.0	6	65.0	0	0.0	68.4	423.5	86.1	110.2	64.2	64.2	
A4-S0	A4	Q3	df-16919-partial-12-depth-4-S0	512m	accept-groups	6	ok	4	0	1	PartiallySorted([0, 1])	PartiallySorted([0, 1])	0.002	0.341	0.35	290	0	0.0	0	0.0	0	0.0	0	0.0	68.4	135.9	64.3	141.3	0.0	64.2	
A4-S0	A4	Q3	df-16919-partial-12-depth-4-S0	512m	original-target	6	ok	4	0	1	PartiallySorted([0, 1])	PartiallySorted([0, 1])	0.002	0.258	0.26	302	0	0.0	0	0.0	0	0.0	0	0.0	68.4	135.9	64.3	139.9	0.0	64.2	
A4-S0	A4	Q3	df-16919-partial-12-depth-4-S0	512m	accept-groups	7	ok	4	0	1	PartiallySorted([0, 1])	PartiallySorted([0, 1])	0.002	0.348	0.35	258	0	0.0	0	0.0	0	0.0	0	0.0	68.4	135.9	64.3	141.3	0.0	64.2	
A4-S0	A4	Q3	df-16919-partial-12-depth-4-S0	512m	original-target	7	ok	4	0	1	PartiallySorted([0, 1])	PartiallySorted([0, 1])	0.002	0.295	0.30	300	0	0.0	0	0.0	0	0.0	0	0.0	68.4	135.9	64.3	139.9	0.0	64.2	
A4-S0	A4	Q3	df-16919-partial-12-depth-4-S0	512m	original	7	ok	2	1	0	Linear	Linear	0.002	0.585	0.59	503	0	0.0	0	0.0	6	65.0	0	0.0	68.4	423.5	87.8	110.9	64.2	64.2	
A4-S0	A4	Q3	df-16919-partial-12-depth-4-S0	512m	original-target	8	ok	4	0	1	PartiallySorted([0, 1])	PartiallySorted([0, 1])	0.002	0.316	0.32	320	0	0.0	0	0.0	0	0.0	0	0.0	68.4	135.9	64.3	139.9	0.0	64.2	
A4-S0	A4	Q3	df-16919-partial-12-depth-4-S0	512m	original	8	ok	2	1	0	Linear	Linear	0.002	0.570	0.58	435	0	0.0	0	0.0	6	65.0	0	0.0	68.4	423.5	87.8	110.9	64.2	64.2	
A4-S0	A4	Q3	df-16919-partial-12-depth-4-S0	512m	accept-groups	8	ok	4	0	1	PartiallySorted([0, 1])	PartiallySorted([0, 1])	0.002	0.332	0.34	281	0	0.0	0	0.0	0	0.0	0	0.0	68.4	135.9	64.3	141.3	0.0	64.2	
A4-S0	A4	Q3	df-16919-partial-12-depth-4-S0	512m	original	9	ok	2	1	0	Linear	Linear	0.002	0.556	0.56	483	0	0.0	0	0.0	6	65.0	0	0.0	68.4	423.5	87.8	110.9	64.2	64.2	
A4-S0	A4	Q3	df-16919-partial-12-depth-4-S0	512m	accept-groups	9	ok	4	0	1	PartiallySorted([0, 1])	PartiallySorted([0, 1])	0.002	0.329	0.33	277	0	0.0	0	0.0	0	0.0	0	0.0	68.4	135.9	64.3	141.3	0.0	64.2	
A4-S0	A4	Q3	df-16919-partial-12-depth-4-S0	512m	original-target	9	ok	4	0	1	PartiallySorted([0, 1])	PartiallySorted([0, 1])	0.002	0.284	0.29	302	0	0.0	0	0.0	0	0.0	0	0.0	68.4	135.9	64.3	139.9	0.0	64.2	
A4-S0	A4	Q3	df-16919-partial-12-depth-4-S0	512m	accept-groups	10	ok	4	0	1	PartiallySorted([0, 1])	PartiallySorted([0, 1])	0.002	0.339	0.34	273	0	0.0	0	0.0	0	0.0	0	0.0	68.4	135.9	64.3	141.3	0.0	64.2	
A4-S0	A4	Q3	df-16919-partial-12-depth-4-S0	512m	original-target	10	ok	4	0	1	PartiallySorted([0, 1])	PartiallySorted([0, 1])	0.002	0.287	0.29	316	0	0.0	0	0.0	0	0.0	0	0.0	68.4	135.9	64.3	139.9	0.0	64.2	
A4-S0	A4	Q3	df-16919-partial-12-depth-4-S0	512m	original	10	ok	2	1	0	Linear	Linear	0.002	0.539	0.54	473	0	0.0	0	0.0	6	65.0	0	0.0	68.4	423.5	86.1	110.2	64.2	64.2	
A4-S2	A4	Q3	df-16919-partial-12-depth-4-S2	128m	accept-groups	1	ok	4	0	1	PartiallySorted([0, 1])	PartiallySorted([0, 1])	0.002	0.561	0.57	456	0	0.0	0	0.0	17	87.4	8	22.3	68.5	367.1	677.2	361.1	0.0	719.0	
A4-S2	A4	Q3	df-16919-partial-12-depth-4-S2	128m	original-target	1	ok	4	0	1	PartiallySorted([0, 1])	PartiallySorted([0, 1])	0.002	0.481	0.49	493	0	0.0	0	0.0	24	91.5	16	45.1	68.5	292.9	436.1	377.3	0.0	1063.7	
A4-S2	A4	Q3	df-16919-partial-12-depth-4-S2	128m	original	1	ok	2	1	0	Linear	Linear	0.003	0.714	0.72	544	33	124.9	0	0.0	28	224.8	1	1.3	68.5	564.6	332.5	359.1	209.4	338.5	
A4-S2	A4	Q3	df-16919-partial-12-depth-4-S2	128m	original-target	2	ok	4	0	1	PartiallySorted([0, 1])	PartiallySorted([0, 1])	0.002	0.461	0.47	524	0	0.0	0	0.0	24	85.2	16	47.5	68.5	284.5	421.0	377.3	0.0	1063.7	
A4-S2	A4	Q3	df-16919-partial-12-depth-4-S2	128m	original	2	ok	2	1	0	Linear	Linear	0.002	0.720	0.73	486	34	124.9	0	0.0	28	223.5	2	3.8	68.5	518.2	317.7	359.8	209.4	338.5	
A4-S2	A4	Q3	df-16919-partial-12-depth-4-S2	128m	accept-groups	2	ok	4	0	1	PartiallySorted([0, 1])	PartiallySorted([0, 1])	0.002	0.645	0.65	429	0	0.0	0	0.0	14	92.4	8	42.8	68.5	367.1	600.7	418.1	0.0	724.0	
A4-S2	A4	Q3	df-16919-partial-12-depth-4-S2	128m	original	3	ok	2	1	0	Linear	Linear	0.002	0.754	0.76	496	32	124.9	0	0.0	28	243.6	2	1.9	68.5	518.2	318.8	359.8	209.4	338.5	
A4-S2	A4	Q3	df-16919-partial-12-depth-4-S2	128m	accept-groups	3	ok	4	0	1	PartiallySorted([0, 1])	PartiallySorted([0, 1])	0.002	0.650	0.66	403	0	0.0	0	0.0	14	92.4	8	40.5	68.5	359.7	592.0	418.1	0.0	724.0	
A4-S2	A4	Q3	df-16919-partial-12-depth-4-S2	128m	original-target	3	ok	4	0	1	PartiallySorted([0, 1])	PartiallySorted([0, 1])	0.002	0.440	0.45	529	0	0.0	0	0.0	41	168.4	16	37.4	68.5	273.1	447.0	360.9	0.0	1079.0	
A4-S2	A4	Q3	df-16919-partial-12-depth-4-S2	128m	accept-groups	4	ok	4	0	1	PartiallySorted([0, 1])	PartiallySorted([0, 1])	0.002	0.636	0.64	410	0	0.0	0	0.0	14	92.6	8	41.0	68.5	358.6	584.5	405.8	0.0	724.4	
A4-S2	A4	Q3	df-16919-partial-12-depth-4-S2	128m	original-target	4	ok	4	0	1	PartiallySorted([0, 1])	PartiallySorted([0, 1])	0.002	0.476	0.48	511	0	0.0	0	0.0	42	170.1	16	37.9	68.5	286.3	463.0	360.9	0.0	1079.0	
A4-S2	A4	Q3	df-16919-partial-12-depth-4-S2	128m	original	4	ok	2	1	0	Linear	Linear	0.002	0.711	0.72	464	34	170.2	0	0.0	28	222.3	2	2.6	68.5	564.6	322.4	359.8	170.4	338.5	
A4-S2	A4	Q3	df-16919-partial-12-depth-4-S2	128m	original-target	5	ok	4	0	1	PartiallySorted([0, 1])	PartiallySorted([0, 1])	0.002	0.465	0.47	563	0	0.0	0	0.0	49	195.1	16	24.8	68.5	281.4	544.4	326.4	0.0	996.4	
A4-S2	A4	Q3	df-16919-partial-12-depth-4-S2	128m	original	5	failed		0	0				0.002	0.70	486	0	0.0	0	0.0	0	0.0	0	0.0	0.0	0.0	0.0	0.0	0.0	0.0	Resources exhausted: Additional allocation failed for SortPreservingMergeExec[0] with top memory consumers (across reservations) as:
A4-S2	A4	Q3	df-16919-partial-12-depth-4-S2	128m	accept-groups	5	ok	4	0	1	PartiallySorted([0, 1])	PartiallySorted([0, 1])	0.002	0.640	0.65	478	0	0.0	0	0.0	22	123.6	8	32.5	68.5	381.1	660.6	349.4	0.0	678.9	
A4-S2	A4	Q3	df-16919-partial-12-depth-4-S2	128m	original	6	ok	2	1	0	Linear	Linear	0.002	0.735	0.74	505	33	124.9	0	0.0	26	212.0	2	2.6	68.5	564.6	327.2	359.1	209.4	338.5	
A4-S2	A4	Q3	df-16919-partial-12-depth-4-S2	128m	accept-groups	6	ok	4	0	1	PartiallySorted([0, 1])	PartiallySorted([0, 1])	0.002	0.555	0.56	464	0	0.0	0	0.0	18	87.4	8	26.4	68.5	391.0	680.7	367.0	0.0	719.0	
A4-S2	A4	Q3	df-16919-partial-12-depth-4-S2	128m	original-target	6	ok	4	0	1	PartiallySorted([0, 1])	PartiallySorted([0, 1])	0.002	0.488	0.50	485	0	0.0	0	0.0	22	82.3	16	44.4	68.5	293.6	434.7	377.3	0.0	1063.7	
A4-S2	A4	Q3	df-16919-partial-12-depth-4-S2	128m	accept-groups	7	ok	4	0	1	PartiallySorted([0, 1])	PartiallySorted([0, 1])	0.002	0.550	0.56	458	0	0.0	0	0.0	16	87.4	8	23.0	68.5	380.3	700.3	367.0	0.0	719.0	
A4-S2	A4	Q3	df-16919-partial-12-depth-4-S2	128m	original-target	7	ok	4	0	1	PartiallySorted([0, 1])	PartiallySorted([0, 1])	0.002	0.507	0.51	509	0	0.0	0	0.0	24	85.2	16	45.9	68.5	280.2	406.5	377.3	0.0	1063.7	
A4-S2	A4	Q3	df-16919-partial-12-depth-4-S2	128m	original	7	ok	2	1	0	Linear	Linear	0.003	0.721	0.73	530	33	123.6	0	0.0	24	184.9	1	0.6	68.5	564.6	316.4	359.8	210.7	338.5	
A4-S2	A4	Q3	df-16919-partial-12-depth-4-S2	128m	original-target	8	ok	4	0	1	PartiallySorted([0, 1])	PartiallySorted([0, 1])	0.002	0.483	0.49	510	0	0.0	0	0.0	24	85.2	16	44.5	68.5	273.9	427.3	377.3	0.0	1063.7	
A4-S2	A4	Q3	df-16919-partial-12-depth-4-S2	128m	original	8	ok	2	1	0	Linear	Linear	0.002	0.705	0.71	540	33	123.6	0	0.0	28	244.3	1	1.9	68.5	518.2	325.0	360.5	210.7	338.5	
A4-S2	A4	Q3	df-16919-partial-12-depth-4-S2	128m	accept-groups	8	ok	4	0	1	PartiallySorted([0, 1])	PartiallySorted([0, 1])	0.002	0.641	0.65	403	0	0.0	0	0.0	14	92.4	8	40.6	68.5	368.5	606.9	418.1	0.0	724.0	
A4-S2	A4	Q3	df-16919-partial-12-depth-4-S2	128m	original	9	ok	2	1	0	Linear	Linear	0.002	0.752	0.76	536	34	123.6	0	0.0	27	239.9	0	0.0	68.5	518.2	322.7	359.8	210.7	338.5	
A4-S2	A4	Q3	df-16919-partial-12-depth-4-S2	128m	accept-groups	9	ok	4	0	1	PartiallySorted([0, 1])	PartiallySorted([0, 1])	0.002	0.694	0.70	429	0	0.0	0	0.0	14	92.4	8	41.1	68.5	368.9	623.9	418.1	0.0	724.0	
A4-S2	A4	Q3	df-16919-partial-12-depth-4-S2	128m	original-target	9	ok	4	0	1	PartiallySorted([0, 1])	PartiallySorted([0, 1])	0.003	0.492	0.50	528	0	0.0	0	0.0	24	85.2	16	46.8	68.5	288.1	424.9	377.3	0.0	1063.7	
A4-S2	A4	Q3	df-16919-partial-12-depth-4-S2	128m	accept-groups	10	ok	4	0	1	PartiallySorted([0, 1])	PartiallySorted([0, 1])	0.002	0.648	0.65	424	0	0.0	0	0.0	14	92.4	8	41.1	68.5	359.7	590.4	418.1	0.0	724.0	
A4-S2	A4	Q3	df-16919-partial-12-depth-4-S2	128m	original-target	10	ok	4	0	1	PartiallySorted([0, 1])	PartiallySorted([0, 1])	0.002	0.471	0.48	476	0	0.0	0	0.0	24	85.2	16	42.1	68.5	269.8	422.9	377.3	0.0	1063.7	
A4-S2	A4	Q3	df-16919-partial-12-depth-4-S2	128m	original	10	failed		0	0				0.002	0.66	459	0	0.0	0	0.0	0	0.0	0	0.0	0.0	0.0	0.0	0.0	0.0	0.0	Resources exhausted: Additional allocation failed for SortPreservingMergeExec[0] with top memory consumers (across reservations) as:
A4-S2	A4	Q3	df-16919-partial-12-depth-4-S2	256m	accept-groups	1	ok	4	0	1	PartiallySorted([0, 1])	PartiallySorted([0, 1])	0.002	0.435	0.44	446	0	0.0	0	0.0	0	0.0	7	8.1	68.5	453.3	1165.4	473.1	0.0	763.6	
A4-S2	A4	Q3	df-16919-partial-12-depth-4-S2	256m	original-target	1	ok	4	0	1	PartiallySorted([0, 1])	PartiallySorted([0, 1])	0.002	0.327	0.33	549	0	0.0	0	0.0	0	0.0	16	24.0	68.5	473.0	1165.7	462.4	0.0	1193.2	
A4-S2	A4	Q3	df-16919-partial-12-depth-4-S2	256m	original	1	ok	2	1	0	Linear	Linear	0.002	0.694	0.70	502	13	92.2	0	0.0	10	92.5	1	0.6	68.5	1020.3	399.0	363.3	225.8	338.5	
A4-S2	A4	Q3	df-16919-partial-12-depth-4-S2	256m	original-target	2	ok	4	0	1	PartiallySorted([0, 1])	PartiallySorted([0, 1])	0.002	0.319	0.33	543	0	0.0	0	0.0	0	0.0	16	23.2	68.5	466.6	1144.2	455.4	0.0	1193.2	
A4-S2	A4	Q3	df-16919-partial-12-depth-4-S2	256m	original	2	ok	2	1	0	Linear	Linear	0.002	0.674	0.68	525	13	92.2	0	0.0	10	92.5	1	1.3	68.5	1170.6	452.4	362.6	225.8	338.5	
A4-S2	A4	Q3	df-16919-partial-12-depth-4-S2	256m	accept-groups	2	ok	4	0	1	PartiallySorted([0, 1])	PartiallySorted([0, 1])	0.002	0.427	0.43	436	0	0.0	0	0.0	0	0.0	7	7.2	68.5	453.3	1162.5	473.1	0.0	763.6	
A4-S2	A4	Q3	df-16919-partial-12-depth-4-S2	256m	original	3	ok	2	1	0	Linear	Linear	0.002	0.704	0.71	500	14	92.2	0	0.0	10	92.5	1	1.3	68.5	1020.3	410.2	363.3	225.8	338.5	
A4-S2	A4	Q3	df-16919-partial-12-depth-4-S2	256m	accept-groups	3	ok	4	0	1	PartiallySorted([0, 1])	PartiallySorted([0, 1])	0.002	0.418	0.42	452	0	0.0	0	0.0	0	0.0	8	8.3	68.5	453.3	1147.5	473.1	0.0	763.6	
A4-S2	A4	Q3	df-16919-partial-12-depth-4-S2	256m	original-target	3	ok	4	0	1	PartiallySorted([0, 1])	PartiallySorted([0, 1])	0.002	0.316	0.32	557	0	0.0	0	0.0	0	0.0	16	24.2	68.5	473.0	1167.9	462.4	0.0	1193.2	
A4-S2	A4	Q3	df-16919-partial-12-depth-4-S2	256m	accept-groups	4	ok	4	0	1	PartiallySorted([0, 1])	PartiallySorted([0, 1])	0.002	0.409	0.42	476	0	0.0	0	0.0	0	0.0	7	8.8	68.5	453.3	1150.6	473.1	0.0	763.6	
A4-S2	A4	Q3	df-16919-partial-12-depth-4-S2	256m	original-target	4	ok	4	0	1	PartiallySorted([0, 1])	PartiallySorted([0, 1])	0.002	0.341	0.35	568	0	0.0	0	0.0	0	0.0	16	22.2	68.5	463.4	1190.3	462.4	0.0	1193.2	
A4-S2	A4	Q3	df-16919-partial-12-depth-4-S2	256m	original	4	ok	2	1	0	Linear	Linear	0.002	0.722	0.73	547	13	92.2	0	0.0	10	92.5	1	0.6	68.5	1170.6	444.0	363.3	225.8	338.5	
A4-S2	A4	Q3	df-16919-partial-12-depth-4-S2	256m	original-target	5	ok	4	0	1	PartiallySorted([0, 1])	PartiallySorted([0, 1])	0.002	0.320	0.33	568	0	0.0	0	0.0	0	0.0	16	25.1	68.5	473.0	1145.5	462.4	0.0	1193.2	
A4-S2	A4	Q3	df-16919-partial-12-depth-4-S2	256m	original	5	ok	2	1	0	Linear	Linear	0.002	0.679	0.69	543	13	92.2	0	0.0	10	92.5	0	0.0	68.5	1170.6	461.0	361.2	225.8	338.5	
A4-S2	A4	Q3	df-16919-partial-12-depth-4-S2	256m	accept-groups	5	ok	4	0	1	PartiallySorted([0, 1])	PartiallySorted([0, 1])	0.002	0.436	0.44	446	0	0.0	0	0.0	0	0.0	7	6.6	68.5	453.3	1170.8	473.1	0.0	763.6	
A4-S2	A4	Q3	df-16919-partial-12-depth-4-S2	256m	original	6	ok	2	1	0	Linear	Linear	0.002	0.662	0.67	487	13	92.2	0	0.0	10	92.5	0	0.0	68.5	1020.3	426.8	361.9	225.8	338.5	
A4-S2	A4	Q3	df-16919-partial-12-depth-4-S2	256m	accept-groups	6	ok	4	0	1	PartiallySorted([0, 1])	PartiallySorted([0, 1])	0.002	0.437	0.44	441	0	0.0	0	0.0	0	0.0	7	9.2	68.5	453.3	1154.4	473.1	0.0	763.6	
A4-S2	A4	Q3	df-16919-partial-12-depth-4-S2	256m	original-target	6	ok	4	0	1	PartiallySorted([0, 1])	PartiallySorted([0, 1])	0.002	0.323	0.33	602	0	0.0	0	0.0	0	0.0	16	22.6	68.5	454.8	1180.5	462.4	0.0	1193.2	
A4-S2	A4	Q3	df-16919-partial-12-depth-4-S2	256m	accept-groups	7	ok	4	0	1	PartiallySorted([0, 1])	PartiallySorted([0, 1])	0.002	0.416	0.42	458	0	0.0	0	0.0	0	0.0	8	9.4	68.5	453.3	1131.6	473.1	0.0	763.6	
A4-S2	A4	Q3	df-16919-partial-12-depth-4-S2	256m	original-target	7	ok	4	0	1	PartiallySorted([0, 1])	PartiallySorted([0, 1])	0.002	0.362	0.37	574	0	0.0	0	0.0	8	16.7	16	24.7	68.5	449.4	1123.2	363.9	0.0	1017.4	
A4-S2	A4	Q3	df-16919-partial-12-depth-4-S2	256m	original	7	ok	2	1	0	Linear	Linear	0.002	0.730	0.74	529	13	92.2	0	0.0	10	92.5	0	0.0	68.5	1170.6	471.8	362.6	225.8	338.5	
A4-S2	A4	Q3	df-16919-partial-12-depth-4-S2	256m	original-target	8	ok	4	0	1	PartiallySorted([0, 1])	PartiallySorted([0, 1])	0.002	0.327	0.33	594	0	0.0	0	0.0	0	0.0	16	24.5	68.5	473.0	1139.4	462.4	0.0	1193.2	
A4-S2	A4	Q3	df-16919-partial-12-depth-4-S2	256m	original	8	ok	2	1	0	Linear	Linear	0.002	0.655	0.66	481	13	92.2	0	0.0	10	92.5	0	0.0	68.5	1020.3	396.3	361.2	225.8	338.5	
A4-S2	A4	Q3	df-16919-partial-12-depth-4-S2	256m	accept-groups	8	ok	4	0	1	PartiallySorted([0, 1])	PartiallySorted([0, 1])	0.003	0.406	0.41	473	0	0.0	0	0.0	0	0.0	7	8.5	68.5	453.3	1156.1	473.1	0.0	763.6	
A4-S2	A4	Q3	df-16919-partial-12-depth-4-S2	256m	original	9	ok	2	1	0	Linear	Linear	0.002	0.638	0.64	501	13	92.2	0	0.0	10	92.5	1	11.5	68.5	1020.3	363.4	361.2	225.8	338.5	
A4-S2	A4	Q3	df-16919-partial-12-depth-4-S2	256m	accept-groups	9	ok	4	0	1	PartiallySorted([0, 1])	PartiallySorted([0, 1])	0.002	0.414	0.42	453	0	0.0	0	0.0	0	0.0	7	8.2	68.5	453.3	1158.0	473.1	0.0	763.6	
A4-S2	A4	Q3	df-16919-partial-12-depth-4-S2	256m	original-target	9	ok	4	0	1	PartiallySorted([0, 1])	PartiallySorted([0, 1])	0.002	0.325	0.33	550	0	0.0	0	0.0	0	0.0	16	24.1	68.5	466.2	1172.0	462.4	0.0	1193.2	
A4-S2	A4	Q3	df-16919-partial-12-depth-4-S2	256m	accept-groups	10	ok	4	0	1	PartiallySorted([0, 1])	PartiallySorted([0, 1])	0.002	0.417	0.42	445	0	0.0	0	0.0	0	0.0	8	7.5	68.5	453.3	1168.3	473.1	0.0	763.6	
A4-S2	A4	Q3	df-16919-partial-12-depth-4-S2	256m	original-target	10	ok	4	0	1	PartiallySorted([0, 1])	PartiallySorted([0, 1])	0.002	0.318	0.32	565	0	0.0	0	0.0	0	0.0	16	25.5	68.5	466.2	1130.8	462.4	0.0	1193.2	
A4-S2	A4	Q3	df-16919-partial-12-depth-4-S2	256m	original	10	ok	2	1	0	Linear	Linear	0.002	0.686	0.69	533	13	92.2	0	0.0	10	92.5	1	3.3	68.5	1020.3	377.2	362.6	225.8	338.5	
A4-S2	A4	Q3	df-16919-partial-12-depth-4-S2	512m	accept-groups	1	ok	4	0	1	PartiallySorted([0, 1])	PartiallySorted([0, 1])	0.002	0.427	0.43	420	0	0.0	0	0.0	0	0.0	0	0.0	68.5	453.3	1270.5	473.1	0.0	763.6	
A4-S2	A4	Q3	df-16919-partial-12-depth-4-S2	512m	original-target	1	ok	4	0	1	PartiallySorted([0, 1])	PartiallySorted([0, 1])	0.002	0.342	0.35	541	0	0.0	0	0.0	0	0.0	8	3.5	68.5	453.3	1658.0	462.4	0.0	1193.2	
A4-S2	A4	Q3	df-16919-partial-12-depth-4-S2	512m	original	1	ok	2	1	0	Linear	Linear	0.002	0.750	0.76	555	6	92.2	0	0.0	6	92.5	0	0.0	68.5	585.6	246.4	364.7	213.2	338.5	
A4-S2	A4	Q3	df-16919-partial-12-depth-4-S2	512m	original-target	2	ok	4	0	1	PartiallySorted([0, 1])	PartiallySorted([0, 1])	0.002	0.336	0.34	559	0	0.0	0	0.0	0	0.0	12	4.1	68.5	453.3	1651.7	462.4	0.0	1193.2	
A4-S2	A4	Q3	df-16919-partial-12-depth-4-S2	512m	original	2	ok	2	1	0	Linear	Linear	0.002	0.659	0.66	569	6	92.2	0	0.0	6	92.5	0	0.0	68.5	585.6	248.2	364.0	213.2	338.5	
A4-S2	A4	Q3	df-16919-partial-12-depth-4-S2	512m	accept-groups	2	ok	4	0	1	PartiallySorted([0, 1])	PartiallySorted([0, 1])	0.003	0.419	0.43	424	0	0.0	0	0.0	0	0.0	0	0.0	68.5	453.3	1270.5	473.1	0.0	763.6	
A4-S2	A4	Q3	df-16919-partial-12-depth-4-S2	512m	original	3	ok	2	1	0	Linear	Linear	0.002	0.695	0.70	541	6	92.2	0	0.0	6	92.5	0	0.0	68.5	585.6	230.6	365.3	213.2	338.5	
A4-S2	A4	Q3	df-16919-partial-12-depth-4-S2	512m	accept-groups	3	ok	4	0	1	PartiallySorted([0, 1])	PartiallySorted([0, 1])	0.002	0.415	0.42	426	0	0.0	0	0.0	0	0.0	0	0.0	68.5	453.3	1270.5	473.1	0.0	763.6	
A4-S2	A4	Q3	df-16919-partial-12-depth-4-S2	512m	original-target	3	ok	4	0	1	PartiallySorted([0, 1])	PartiallySorted([0, 1])	0.002	0.328	0.34	563	0	0.0	0	0.0	0	0.0	10	3.8	68.5	453.3	1663.9	462.4	0.0	1193.2	
A4-S2	A4	Q3	df-16919-partial-12-depth-4-S2	512m	accept-groups	4	ok	4	0	1	PartiallySorted([0, 1])	PartiallySorted([0, 1])	0.002	0.412	0.42	415	0	0.0	0	0.0	0	0.0	0	0.0	68.5	453.3	1270.5	473.1	0.0	763.6	
A4-S2	A4	Q3	df-16919-partial-12-depth-4-S2	512m	original-target	4	ok	4	0	1	PartiallySorted([0, 1])	PartiallySorted([0, 1])	0.002	0.317	0.32	563	0	0.0	0	0.0	0	0.0	8	2.8	68.5	453.3	1676.6	462.4	0.0	1193.2	
A4-S2	A4	Q3	df-16919-partial-12-depth-4-S2	512m	original	4	ok	2	1	0	Linear	Linear	0.002	0.686	0.69	580	6	92.2	0	0.0	6	92.5	0	0.0	68.5	585.6	250.7	364.0	213.2	338.5	
A4-S2	A4	Q3	df-16919-partial-12-depth-4-S2	512m	original-target	5	ok	4	0	1	PartiallySorted([0, 1])	PartiallySorted([0, 1])	0.002	0.326	0.33	537	0	0.0	0	0.0	0	0.0	7	3.2	68.5	453.3	1673.3	462.4	0.0	1193.2	
A4-S2	A4	Q3	df-16919-partial-12-depth-4-S2	512m	original	5	ok	2	1	0	Linear	Linear	0.002	0.703	0.71	556	6	92.2	0	0.0	6	92.5	0	0.0	68.5	585.6	241.3	364.7	213.2	338.5	
A4-S2	A4	Q3	df-16919-partial-12-depth-4-S2	512m	accept-groups	5	ok	4	0	1	PartiallySorted([0, 1])	PartiallySorted([0, 1])	0.002	0.412	0.42	415	0	0.0	0	0.0	0	0.0	0	0.0	68.5	453.3	1270.5	473.1	0.0	763.6	
A4-S2	A4	Q3	df-16919-partial-12-depth-4-S2	512m	original	6	ok	2	1	0	Linear	Linear	0.002	0.689	0.70	538	6	92.2	0	0.0	6	92.5	0	0.0	68.5	585.6	230.6	364.7	213.2	338.5	
A4-S2	A4	Q3	df-16919-partial-12-depth-4-S2	512m	accept-groups	6	ok	4	0	1	PartiallySorted([0, 1])	PartiallySorted([0, 1])	0.002	0.379	0.39	430	0	0.0	0	0.0	0	0.0	0	0.0	68.5	453.3	1270.5	473.1	0.0	763.6	
A4-S2	A4	Q3	df-16919-partial-12-depth-4-S2	512m	original-target	6	ok	4	0	1	PartiallySorted([0, 1])	PartiallySorted([0, 1])	0.002	0.350	0.36	554	0	0.0	0	0.0	0	0.0	8	3.5	68.5	453.3	1659.3	462.4	0.0	1193.2	
A4-S2	A4	Q3	df-16919-partial-12-depth-4-S2	512m	accept-groups	7	ok	4	0	1	PartiallySorted([0, 1])	PartiallySorted([0, 1])	0.002	0.395	0.40	428	0	0.0	0	0.0	0	0.0	0	0.0	68.5	453.3	1270.5	473.1	0.0	763.6	
A4-S2	A4	Q3	df-16919-partial-12-depth-4-S2	512m	original-target	7	ok	4	0	1	PartiallySorted([0, 1])	PartiallySorted([0, 1])	0.002	0.337	0.34	559	0	0.0	0	0.0	0	0.0	9	2.8	68.5	453.3	1671.7	462.4	0.0	1193.2	
A4-S2	A4	Q3	df-16919-partial-12-depth-4-S2	512m	original	7	ok	2	1	0	Linear	Linear	0.002	0.700	0.71	535	6	92.2	0	0.0	6	92.5	0	0.0	68.5	585.6	237.8	364.0	213.2	338.5	
A4-S2	A4	Q3	df-16919-partial-12-depth-4-S2	512m	original-target	8	ok	4	0	1	PartiallySorted([0, 1])	PartiallySorted([0, 1])	0.002	0.340	0.35	538	0	0.0	0	0.0	0	0.0	9	3.5	68.5	453.3	1671.8	462.4	0.0	1193.2	
A4-S2	A4	Q3	df-16919-partial-12-depth-4-S2	512m	original	8	ok	2	1	0	Linear	Linear	0.002	0.737	0.74	540	6	92.2	0	0.0	6	92.5	0	0.0	68.5	585.6	224.6	364.7	213.2	338.5	
A4-S2	A4	Q3	df-16919-partial-12-depth-4-S2	512m	accept-groups	8	ok	4	0	1	PartiallySorted([0, 1])	PartiallySorted([0, 1])	0.002	0.418	0.42	418	0	0.0	0	0.0	0	0.0	0	0.0	68.5	453.3	1270.5	473.1	0.0	763.6	
A4-S2	A4	Q3	df-16919-partial-12-depth-4-S2	512m	original	9	ok	2	1	0	Linear	Linear	0.002	0.702	0.71	555	6	92.2	0	0.0	6	92.5	0	0.0	68.5	585.6	225.4	364.0	213.2	338.5	
A4-S2	A4	Q3	df-16919-partial-12-depth-4-S2	512m	accept-groups	9	ok	4	0	1	PartiallySorted([0, 1])	PartiallySorted([0, 1])	0.002	0.414	0.42	442	0	0.0	0	0.0	0	0.0	0	0.0	68.5	453.3	1270.5	473.1	0.0	763.6	
A4-S2	A4	Q3	df-16919-partial-12-depth-4-S2	512m	original-target	9	ok	4	0	1	PartiallySorted([0, 1])	PartiallySorted([0, 1])	0.003	0.318	0.33	546	0	0.0	0	0.0	0	0.0	8	3.5	68.5	453.3	1658.0	462.4	0.0	1193.2	
A4-S2	A4	Q3	df-16919-partial-12-depth-4-S2	512m	accept-groups	10	ok	4	0	1	PartiallySorted([0, 1])	PartiallySorted([0, 1])	0.002	0.461	0.47	406	0	0.0	0	0.0	0	0.0	0	0.0	68.5	453.3	1270.5	473.1	0.0	763.6	
A4-S2	A4	Q3	df-16919-partial-12-depth-4-S2	512m	original-target	10	ok	4	0	1	PartiallySorted([0, 1])	PartiallySorted([0, 1])	0.002	0.352	0.36	552	0	0.0	0	0.0	0	0.0	12	4.1	68.5	453.3	1654.8	462.4	0.0	1193.2	
A4-S2	A4	Q3	df-16919-partial-12-depth-4-S2	512m	original	10	ok	2	1	0	Linear	Linear	0.002	0.723	0.73	527	6	92.2	0	0.0	6	92.5	0	0.0	68.5	585.6	256.7	364.7	213.2	338.5	
A5-120-depth-4	A5	Q3	df-16919-partial-120-depth-4-entity-rank	256m	accept-groups	1	ok	4	0	1	PartiallySorted([0, 1])	PartiallySorted([0, 1])	0.006	0.315	0.33	406	0	0.0	0	0.0	0	0.0	0	0.0	66.2	202.8	534.1	268.1	0.0	307.8	
A5-120-depth-4	A5	Q3	df-16919-partial-120-depth-4-entity-rank	256m	original	1	ok	2	1	0	Linear	Linear	0.007	0.646	0.66	582	7	72.7	0	0.0	10	73.0	0	0.0	66.2	953.1	205.4	201.6	182.7	280.6	
A5-120-depth-4	A5	Q3	df-16919-partial-120-depth-4-entity-rank	256m	original	2	ok	2	1	0	Linear	Linear	0.006	0.676	0.69	547	8	72.7	0	0.0	10	73.0	0	0.0	66.2	953.1	207.8	201.0	181.7	280.6	
A5-120-depth-4	A5	Q3	df-16919-partial-120-depth-4-entity-rank	256m	accept-groups	2	ok	4	0	1	PartiallySorted([0, 1])	PartiallySorted([0, 1])	0.007	0.345	0.36	445	0	0.0	0	0.0	0	0.0	0	0.0	66.2	202.8	534.1	268.1	0.0	307.8	
A5-120-depth-4	A5	Q3	df-16919-partial-120-depth-4-entity-rank	256m	accept-groups	3	ok	4	0	1	PartiallySorted([0, 1])	PartiallySorted([0, 1])	0.006	0.343	0.35	438	0	0.0	0	0.0	0	0.0	0	0.0	66.2	202.8	534.1	268.1	0.0	307.8	
A5-120-depth-4	A5	Q3	df-16919-partial-120-depth-4-entity-rank	256m	original	3	ok	2	1	0	Linear	Linear	0.008	0.704	0.72	606	8	72.7	0	0.0	10	73.0	0	0.0	66.2	953.1	207.0	201.6	181.7	280.6	
A5-120-depth-4	A5	Q3	df-16919-partial-120-depth-4-entity-rank	256m	original	4	ok	2	1	0	Linear	Linear	0.005	0.680	0.69	554	8	72.7	0	0.0	10	73.0	0	0.0	66.2	953.1	207.7	201.0	181.7	280.6	
A5-120-depth-4	A5	Q3	df-16919-partial-120-depth-4-entity-rank	256m	accept-groups	4	ok	4	0	1	PartiallySorted([0, 1])	PartiallySorted([0, 1])	0.007	0.353	0.36	431	0	0.0	0	0.0	0	0.0	0	0.0	66.2	202.8	534.1	268.1	0.0	307.8	
A5-120-depth-4	A5	Q3	df-16919-partial-120-depth-4-entity-rank	256m	accept-groups	5	ok	4	0	1	PartiallySorted([0, 1])	PartiallySorted([0, 1])	0.008	0.353	0.36	427	0	0.0	0	0.0	0	0.0	0	0.0	66.2	202.8	534.1	268.1	0.0	307.8	
A5-120-depth-4	A5	Q3	df-16919-partial-120-depth-4-entity-rank	256m	original	5	ok	2	1	0	Linear	Linear	0.007	0.681	0.69	571	8	72.7	0	0.0	10	73.0	0	0.0	66.2	953.1	210.3	201.6	181.7	280.6	
A5-120-depth-4	A5	Q3	df-16919-partial-120-depth-4-entity-rank	256m	original	6	ok	2	1	0	Linear	Linear	0.005	0.652	0.66	557	8	72.7	0	0.0	10	73.0	0	0.0	66.2	953.1	205.3	201.6	181.7	280.6	
A5-120-depth-4	A5	Q3	df-16919-partial-120-depth-4-entity-rank	256m	accept-groups	6	ok	4	0	1	PartiallySorted([0, 1])	PartiallySorted([0, 1])	0.006	0.332	0.34	413	0	0.0	0	0.0	0	0.0	0	0.0	66.2	202.8	534.1	268.1	0.0	307.8	
A5-120-depth-4	A5	Q3	df-16919-partial-120-depth-4-entity-rank	256m	accept-groups	7	ok	4	0	1	PartiallySorted([0, 1])	PartiallySorted([0, 1])	0.007	0.371	0.38	430	0	0.0	0	0.0	0	0.0	0	0.0	66.2	202.8	534.1	268.1	0.0	307.8	
A5-120-depth-4	A5	Q3	df-16919-partial-120-depth-4-entity-rank	256m	original	7	ok	2	1	0	Linear	Linear	0.006	0.748	0.76	582	8	72.7	0	0.0	10	73.0	0	0.0	66.2	953.1	207.9	201.6	181.7	280.6	
A5-120-depth-4	A5	Q3	df-16919-partial-120-depth-4-entity-rank	256m	original	8	ok	2	1	0	Linear	Linear	0.006	0.677	0.69	581	8	72.7	0	0.0	10	73.0	0	0.0	66.2	953.1	209.5	201.6	181.7	280.6	
A5-120-depth-4	A5	Q3	df-16919-partial-120-depth-4-entity-rank	256m	accept-groups	8	ok	4	0	1	PartiallySorted([0, 1])	PartiallySorted([0, 1])	0.007	0.325	0.34	478	0	0.0	0	0.0	0	0.0	0	0.0	66.2	202.8	534.1	268.1	0.0	307.8	
A5-120-depth-4	A5	Q3	df-16919-partial-120-depth-4-entity-rank	256m	accept-groups	9	ok	4	0	1	PartiallySorted([0, 1])	PartiallySorted([0, 1])	0.006	0.362	0.37	434	0	0.0	0	0.0	0	0.0	0	0.0	66.2	202.8	534.1	268.1	0.0	307.8	
A5-120-depth-4	A5	Q3	df-16919-partial-120-depth-4-entity-rank	256m	original	9	ok	2	1	0	Linear	Linear	0.007	0.661	0.67	550	7	72.7	0	0.0	10	73.0	0	0.0	66.2	953.1	211.4	201.6	182.7	280.6	
A5-120-depth-4	A5	Q3	df-16919-partial-120-depth-4-entity-rank	256m	original	10	ok	2	1	0	Linear	Linear	0.007	0.713	0.73	563	8	72.7	0	0.0	10	73.0	0	0.0	66.2	996.5	219.9	201.0	181.7	280.6	
A5-120-depth-4	A5	Q3	df-16919-partial-120-depth-4-entity-rank	256m	accept-groups	10	ok	4	0	1	PartiallySorted([0, 1])	PartiallySorted([0, 1])	0.007	0.352	0.36	459	0	0.0	0	0.0	0	0.0	0	0.0	66.2	202.8	534.1	268.1	0.0	307.8	
A5-1200-depth-4	A5	Q3	df-16919-partial-1200-depth-4-entity-rank	256m	accept-groups	1	ok	5	0	1	PartiallySorted([0, 1])	PartiallySorted([0, 1])	0.028	0.476	0.51	500	0	0.0	0	0.0	0	0.0	10	5.3	84.6	1050.9	2021.3	256.4	0.0	310.0	
A5-1200-depth-4	A5	Q3	df-16919-partial-1200-depth-4-entity-rank	256m	original	1	ok	2	1	0	Linear	Linear	0.031	0.761	0.80	603	8	72.7	0	0.0	10	73.0	0	0.0	84.6	928.3	183.2	201.6	181.7	280.6	
A5-1200-depth-4	A5	Q3	df-16919-partial-1200-depth-4-entity-rank	256m	original	2	ok	2	1	0	Linear	Linear	0.028	0.762	0.80	567	7	72.7	0	0.0	10	73.0	0	0.0	84.6	928.3	172.1	201.6	181.7	280.6	
A5-1200-depth-4	A5	Q3	df-16919-partial-1200-depth-4-entity-rank	256m	accept-groups	2	ok	5	0	1	PartiallySorted([0, 1])	PartiallySorted([0, 1])	0.029	0.463	0.50	496	0	0.0	0	0.0	0	0.0	10	5.3	84.6	1050.9	2025.6	256.4	0.0	310.0	
A5-1200-depth-4	A5	Q3	df-16919-partial-1200-depth-4-entity-rank	256m	accept-groups	3	ok	5	0	1	PartiallySorted([0, 1])	PartiallySorted([0, 1])	0.029	0.461	0.50	468	0	0.0	0	0.0	0	0.0	10	5.1	84.6	1050.9	2032.1	256.4	0.0	310.0	
A5-1200-depth-4	A5	Q3	df-16919-partial-1200-depth-4-entity-rank	256m	original	3	ok	2	1	0	Linear	Linear	0.029	0.765	0.80	592	8	72.7	0	0.0	10	73.0	0	0.0	84.6	928.3	181.8	201.6	181.7	280.6	
A5-1200-depth-4	A5	Q3	df-16919-partial-1200-depth-4-entity-rank	256m	original	4	ok	2	1	0	Linear	Linear	0.032	0.836	0.88	600	7	72.7	0	0.0	10	73.0	0	0.0	84.6	928.3	191.3	201.6	182.7	280.6	
A5-1200-depth-4	A5	Q3	df-16919-partial-1200-depth-4-entity-rank	256m	accept-groups	4	ok	5	0	1	PartiallySorted([0, 1])	PartiallySorted([0, 1])	0.029	0.479	0.52	509	0	0.0	0	0.0	0	0.0	10	5.3	84.6	1050.9	2024.6	256.4	0.0	310.0	
A5-1200-depth-4	A5	Q3	df-16919-partial-1200-depth-4-entity-rank	256m	accept-groups	5	ok	5	0	1	PartiallySorted([0, 1])	PartiallySorted([0, 1])	0.029	0.478	0.51	474	0	0.0	0	0.0	0	0.0	10	5.2	84.6	1050.9	2030.1	256.4	0.0	310.0	
A5-1200-depth-4	A5	Q3	df-16919-partial-1200-depth-4-entity-rank	256m	original	5	ok	2	1	0	Linear	Linear	0.029	0.769	0.81	591	8	72.7	0	0.0	10	73.0	0	0.0	84.6	928.3	185.4	201.6	181.7	280.6	
A5-1200-depth-4	A5	Q3	df-16919-partial-1200-depth-4-entity-rank	256m	original	6	ok	2	1	0	Linear	Linear	0.031	0.806	0.85	591	8	72.7	0	0.0	10	73.0	0	0.0	84.6	928.3	183.7	201.6	181.7	280.6	
A5-1200-depth-4	A5	Q3	df-16919-partial-1200-depth-4-entity-rank	256m	accept-groups	6	ok	5	0	1	PartiallySorted([0, 1])	PartiallySorted([0, 1])	0.027	0.474	0.51	494	0	0.0	0	0.0	0	0.0	10	4.9	84.6	1050.9	2043.8	256.4	0.0	310.0	
A5-1200-depth-4	A5	Q3	df-16919-partial-1200-depth-4-entity-rank	256m	accept-groups	7	ok	5	0	1	PartiallySorted([0, 1])	PartiallySorted([0, 1])	0.029	0.470	0.51	523	0	0.0	0	0.0	0	0.0	10	4.7	84.6	1050.9	2048.0	256.4	0.0	310.0	
A5-1200-depth-4	A5	Q3	df-16919-partial-1200-depth-4-entity-rank	256m	original	7	ok	2	1	0	Linear	Linear	0.030	0.789	0.83	568	7	72.7	0	0.0	10	73.0	0	0.0	84.6	928.3	176.5	201.6	181.7	280.6	
A5-1200-depth-4	A5	Q3	df-16919-partial-1200-depth-4-entity-rank	256m	original	8	ok	2	1	0	Linear	Linear	0.027	0.770	0.81	583	8	72.7	0	0.0	10	73.0	0	0.0	84.6	928.3	183.3	201.6	181.7	280.6	
A5-1200-depth-4	A5	Q3	df-16919-partial-1200-depth-4-entity-rank	256m	accept-groups	8	ok	5	0	1	PartiallySorted([0, 1])	PartiallySorted([0, 1])	0.028	0.487	0.52	497	0	0.0	0	0.0	0	0.0	10	5.3	84.6	1050.9	2024.4	256.4	0.0	310.0	
A5-1200-depth-4	A5	Q3	df-16919-partial-1200-depth-4-entity-rank	256m	accept-groups	9	ok	5	0	1	PartiallySorted([0, 1])	PartiallySorted([0, 1])	0.030	0.466	0.50	487	0	0.0	0	0.0	0	0.0	10	5.2	84.6	1050.9	2025.7	256.4	0.0	310.0	
A5-1200-depth-4	A5	Q3	df-16919-partial-1200-depth-4-entity-rank	256m	original	9	ok	2	1	0	Linear	Linear	0.030	0.772	0.81	591	8	72.7	0	0.0	10	73.0	0	0.0	84.6	928.3	183.4	201.6	181.7	280.6	
A5-1200-depth-4	A5	Q3	df-16919-partial-1200-depth-4-entity-rank	256m	original	10	ok	2	1	0	Linear	Linear	0.032	0.807	0.85	599	7	72.7	0	0.0	10	73.0	0	0.0	84.6	928.3	178.0	201.6	182.7	280.6	
A5-1200-depth-4	A5	Q3	df-16919-partial-1200-depth-4-entity-rank	256m	accept-groups	10	ok	5	0	1	PartiallySorted([0, 1])	PartiallySorted([0, 1])	0.029	0.479	0.52	472	0	0.0	0	0.0	0	0.0	10	5.4	84.6	1050.9	2024.7	256.4	0.0	310.0	
A5-120-depth-120	A5	Q3	df-16919-partial-120-depth-120-rank	256m	accept-groups	1	ok	120	0	1	PartiallySorted([0, 1])	PartiallySorted([0, 1])	0.009	0.423	0.44	1064	0	0.0	0	0.0	0	0.0	188	57.6	70.9	98.6	1188.6	250.0	0.0	308.5	
A5-120-depth-120	A5	Q3	df-16919-partial-120-depth-120-rank	256m	original	1	ok	2	1	0	Linear	Linear	0.009	0.633	0.65	657	8	72.7	0	0.0	10	73.0	0	0.0	70.9	915.8	197.2	192.7	181.7	279.6	
A5-120-depth-120	A5	Q3	df-16919-partial-120-depth-120-rank	256m	original	2	ok	2	1	0	Linear	Linear	0.008	0.735	0.75	656	7	72.7	0	0.0	10	73.0	0	0.0	70.9	915.8	194.5	193.4	181.7	280.6	
A5-120-depth-120	A5	Q3	df-16919-partial-120-depth-120-rank	256m	accept-groups	2	ok	120	0	1	PartiallySorted([0, 1])	PartiallySorted([0, 1])	0.008	0.400	0.41	977	0	0.0	0	0.0	0	0.0	167	50.6	70.9	101.4	1092.5	250.0	0.0	308.5	
A5-120-depth-120	A5	Q3	df-16919-partial-120-depth-120-rank	256m	accept-groups	3	ok	120	0	1	PartiallySorted([0, 1])	PartiallySorted([0, 1])	0.008	0.418	0.43	1134	0	0.0	0	0.0	0	0.0	166	47.3	70.9	100.8	1049.3	250.0	0.0	308.5	
A5-120-depth-120	A5	Q3	df-16919-partial-120-depth-120-rank	256m	original	3	ok	2	1	0	Linear	Linear	0.008	0.671	0.68	652	7	72.7	0	0.0	10	73.0	0	0.0	70.9	915.8	204.0	192.7	181.7	279.6	
A5-120-depth-120	A5	Q3	df-16919-partial-120-depth-120-rank	256m	original	4	ok	2	1	0	Linear	Linear	0.010	0.665	0.68	650	7	72.7	0	0.0	10	73.0	0	0.0	70.9	915.8	197.0	192.7	181.7	279.6	
A5-120-depth-120	A5	Q3	df-16919-partial-120-depth-120-rank	256m	accept-groups	4	ok	120	0	1	PartiallySorted([0, 1])	PartiallySorted([0, 1])	0.009	0.430	0.45	1028	0	0.0	0	0.0	0	0.0	124	33.1	70.9	101.0	853.0	250.0	0.0	308.5	
A5-120-depth-120	A5	Q3	df-16919-partial-120-depth-120-rank	256m	accept-groups	5	ok	120	0	1	PartiallySorted([0, 1])	PartiallySorted([0, 1])	0.008	0.414	0.43	993	0	0.0	0	0.0	0	0.0	168	51.8	70.9	98.5	1117.9	250.0	0.0	308.5	
A5-120-depth-120	A5	Q3	df-16919-partial-120-depth-120-rank	256m	original	5	ok	2	1	0	Linear	Linear	0.008	0.664	0.68	661	7	72.7	0	0.0	10	73.0	0	0.0	70.9	915.8	200.8	193.4	181.7	280.6	
A5-120-depth-120	A5	Q3	df-16919-partial-120-depth-120-rank	256m	original	6	ok	2	1	0	Linear	Linear	0.007	0.688	0.70	649	7	72.7	0	0.0	10	73.0	0	0.0	70.9	915.8	198.8	192.7	181.7	279.6	
A5-120-depth-120	A5	Q3	df-16919-partial-120-depth-120-rank	256m	accept-groups	6	ok	120	0	1	PartiallySorted([0, 1])	PartiallySorted([0, 1])	0.008	0.393	0.41	1040	0	0.0	0	0.0	0	0.0	107	33.9	70.9	97.7	894.1	250.0	0.0	308.5	
A5-120-depth-120	A5	Q3	df-16919-partial-120-depth-120-rank	256m	accept-groups	7	ok	120	0	1	PartiallySorted([0, 1])	PartiallySorted([0, 1])	0.009	0.399	0.42	1018	0	0.0	0	0.0	0	0.0	84	27.6	70.9	97.9	793.2	250.0	0.0	308.5	
A5-120-depth-120	A5	Q3	df-16919-partial-120-depth-120-rank	256m	original	7	ok	2	1	0	Linear	Linear	0.009	0.686	0.70	668	8	72.7	0	0.0	10	73.0	0	0.0	70.9	915.8	195.3	192.7	181.7	279.6	
A5-120-depth-120	A5	Q3	df-16919-partial-120-depth-120-rank	256m	original	8	ok	2	1	0	Linear	Linear	0.008	0.624	0.64	655	8	72.7	0	0.0	10	73.0	0	0.0	70.9	915.8	196.2	192.7	181.7	279.6	
A5-120-depth-120	A5	Q3	df-16919-partial-120-depth-120-rank	256m	accept-groups	8	ok	120	0	1	PartiallySorted([0, 1])	PartiallySorted([0, 1])	0.007	0.411	0.43	1084	0	0.0	0	0.0	0	0.0	117	36.4	70.9	98.6	909.5	250.0	0.0	308.5	
A5-120-depth-120	A5	Q3	df-16919-partial-120-depth-120-rank	256m	accept-groups	9	ok	120	0	1	PartiallySorted([0, 1])	PartiallySorted([0, 1])	0.008	0.409	0.42	1029	0	0.0	0	0.0	0	0.0	120	39.7	70.9	97.7	944.7	250.0	0.0	308.5	
A5-120-depth-120	A5	Q3	df-16919-partial-120-depth-120-rank	256m	original	9	ok	2	1	0	Linear	Linear	0.008	0.654	0.67	666	7	72.7	0	0.0	10	73.0	0	0.0	70.9	915.8	198.2	192.7	181.7	279.6	
A5-120-depth-120	A5	Q3	df-16919-partial-120-depth-120-rank	256m	original	10	ok	2	1	0	Linear	Linear	0.009	0.656	0.67	706	8	72.7	0	0.0	10	73.0	0	0.0	70.9	915.8	195.7	193.4	181.7	280.6	
A5-120-depth-120	A5	Q3	df-16919-partial-120-depth-120-rank	256m	accept-groups	10	ok	120	0	1	PartiallySorted([0, 1])	PartiallySorted([0, 1])	0.008	0.406	0.42	1108	0	0.0	0	0.0	0	0.0	126	39.1	70.9	99.8	939.7	250.0	0.0	308.5	
A5-1200-depth-1200	A5	Q3	df-16919-partial-1200-depth-1200-rank	128m	accept-groups	1	ok	1196	0	1	PartiallySorted([0, 1])	PartiallySorted([0, 1])	0.031	0.846	0.90	2165	0	0.0	0	0.0	26	94.0	2	77.3	66.2	103.9	1477.2	193.6	0.0	282.0	
A5-1200-depth-1200	A5	Q3	df-16919-partial-1200-depth-1200-rank	128m	original	1	ok	2	1	0	Linear	Linear	0.033	0.735	0.78	579	16	72.7	0	0.0	22	139.8	0	0.0	66.2	449.7	162.0	192.0	193.6	279.6	
A5-1200-depth-1200	A5	Q3	df-16919-partial-1200-depth-1200-rank	128m	original	2	ok	2	1	0	Linear	Linear	0.031	0.736	0.78	526	15	72.7	0	0.0	23	134.6	0	0.0	66.2	449.7	158.3	192.0	193.6	279.6	
A5-1200-depth-1200	A5	Q3	df-16919-partial-1200-depth-1200-rank	128m	accept-groups	2	ok	1196	0	1	PartiallySorted([0, 1])	PartiallySorted([0, 1])	0.031	0.837	0.89	2160	0	0.0	0	0.0	24	88.0	2	80.0	66.2	103.6	1507.4	189.0	0.0	264.2	
A5-1200-depth-1200	A5	Q3	df-16919-partial-1200-depth-1200-rank	128m	accept-groups	3	ok	1196	0	1	PartiallySorted([0, 1])	PartiallySorted([0, 1])	0.032	0.857	0.91	2222	0	0.0	0	0.0	26	94.0	2	76.4	66.2	104.5	1461.8	193.6	0.0	282.0	
A5-1200-depth-1200	A5	Q3	df-16919-partial-1200-depth-1200-rank	128m	original	3	ok	2	1	0	Linear	Linear	0.029	0.729	0.77	546	15	72.7	0	0.0	22	139.3	0	0.0	66.2	449.7	157.3	192.7	193.6	279.6	
A5-1200-depth-1200	A5	Q3	df-16919-partial-1200-depth-1200-rank	128m	original	4	ok	2	1	0	Linear	Linear	0.032	0.740	0.78	572	16	72.7	0	0.0	22	139.3	0	0.0	66.2	449.7	158.6	192.7	193.6	279.6	
A5-1200-depth-1200	A5	Q3	df-16919-partial-1200-depth-1200-rank	128m	accept-groups	4	ok	1196	0	1	PartiallySorted([0, 1])	PartiallySorted([0, 1])	0.032	0.833	0.88	1730	0	0.0	0	0.0	26	94.0	2	76.2	66.2	103.9	1462.3	193.6	0.0	282.0	
A5-1200-depth-1200	A5	Q3	df-16919-partial-1200-depth-1200-rank	128m	accept-groups	5	ok	1196	0	1	PartiallySorted([0, 1])	PartiallySorted([0, 1])	0.033	0.868	0.92	2128	0	0.0	0	0.0	28	96.9	2	77.0	66.2	103.7	1470.9	196.4	0.0	298.2	
A5-1200-depth-1200	A5	Q3	df-16919-partial-1200-depth-1200-rank	128m	original	5	ok	2	1	0	Linear	Linear	0.030	0.752	0.79	528	15	72.7	0	0.0	22	138.7	0	0.0	66.2	461.8	162.1	190.6	193.6	279.6	
A5-1200-depth-1200	A5	Q3	df-16919-partial-1200-depth-1200-rank	128m	original	6	ok	2	1	0	Linear	Linear	0.032	0.784	0.82	539	15	72.7	0	0.0	22	140.4	0	0.0	66.2	449.7	157.1	192.7	193.6	279.6	
A5-1200-depth-1200	A5	Q3	df-16919-partial-1200-depth-1200-rank	128m	accept-groups	6	ok	1196	0	1	PartiallySorted([0, 1])	PartiallySorted([0, 1])	0.032	0.830	0.88	1771	0	0.0	0	0.0	26	94.0	2	77.5	66.2	103.7	1479.7	193.6	0.0	282.0	
A5-1200-depth-1200	A5	Q3	df-16919-partial-1200-depth-1200-rank	128m	accept-groups	7	ok	1196	0	1	PartiallySorted([0, 1])	PartiallySorted([0, 1])	0.031	0.889	0.94	2222	0	0.0	0	0.0	28	96.9	2	76.8	66.2	103.9	1466.9	196.4	0.0	298.2	
A5-1200-depth-1200	A5	Q3	df-16919-partial-1200-depth-1200-rank	128m	original	7	ok	2	1	0	Linear	Linear	0.030	0.746	0.78	536	15	72.7	0	0.0	22	138.7	0	0.0	66.2	461.8	162.1	190.6	193.6	279.6	
A5-1200-depth-1200	A5	Q3	df-16919-partial-1200-depth-1200-rank	128m	original	8	ok	2	1	0	Linear	Linear	0.034	0.798	0.84	563	15	72.7	0	0.0	22	140.3	0	0.0	66.2	449.7	158.3	191.3	193.6	278.6	
A5-1200-depth-1200	A5	Q3	df-16919-partial-1200-depth-1200-rank	128m	accept-groups	8	ok	1196	0	1	PartiallySorted([0, 1])	PartiallySorted([0, 1])	0.031	0.863	0.92	2173	0	0.0	0	0.0	26	94.0	2	78.1	66.2	104.0	1488.1	193.6	0.0	282.0	
A5-1200-depth-1200	A5	Q3	df-16919-partial-1200-depth-1200-rank	128m	accept-groups	9	ok	1196	0	1	PartiallySorted([0, 1])	PartiallySorted([0, 1])	0.030	0.845	0.90	2156	0	0.0	0	0.0	28	96.9	2	79.6	66.2	103.9	1497.4	196.4	0.0	298.2	
A5-1200-depth-1200	A5	Q3	df-16919-partial-1200-depth-1200-rank	128m	original	9	ok	2	1	0	Linear	Linear	0.031	0.769	0.81	558	15	72.7	0	0.0	22	140.6	0	0.0	66.2	461.8	166.6	192.7	193.6	279.6	
A5-1200-depth-1200	A5	Q3	df-16919-partial-1200-depth-1200-rank	128m	original	10	ok	2	1	0	Linear	Linear	0.032	0.730	0.77	551	15	72.7	0	0.0	22	139.4	0	0.0	66.2	453.9	158.4	192.0	193.6	279.6	
A5-1200-depth-1200	A5	Q3	df-16919-partial-1200-depth-1200-rank	128m	accept-groups	10	ok	1196	0	1	PartiallySorted([0, 1])	PartiallySorted([0, 1])	0.031	0.794	0.84	1371	0	0.0	0	0.0	28	94.0	2	75.3	66.2	103.8	1449.4	193.6	0.0	282.0	
A5-1200-depth-1200	A5	Q3	df-16919-partial-1200-depth-1200-rank	256m	accept-groups	1	ok	1196	0	1	PartiallySorted([0, 1])	PartiallySorted([0, 1])	0.032	0.640	0.70	2151	0	0.0	0	0.0	0	0.0	2	79.4	66.2	106.4	1481.2	249.3	0.0	308.5	
A5-1200-depth-1200	A5	Q3	df-16919-partial-1200-depth-1200-rank	256m	original	1	ok	2	1	0	Linear	Linear	0.031	0.754	0.79	618	7	72.7	0	0.0	10	73.0	0	0.0	66.2	834.5	193.2	193.4	181.7	280.6	
A5-1200-depth-1200	A5	Q3	df-16919-partial-1200-depth-1200-rank	256m	original	2	ok	2	1	0	Linear	Linear	0.031	0.773	0.81	605	7	72.7	0	0.0	10	73.0	0	0.0	66.2	834.5	193.2	192.7	181.7	280.6	
A5-1200-depth-1200	A5	Q3	df-16919-partial-1200-depth-1200-rank	256m	accept-groups	2	ok	1196	0	1	PartiallySorted([0, 1])	PartiallySorted([0, 1])	0.030	0.650	0.71	2043	0	0.0	0	0.0	0	0.0	2	79.1	66.2	106.4	1474.8	249.3	0.0	308.5	
A5-1200-depth-1200	A5	Q3	df-16919-partial-1200-depth-1200-rank	256m	accept-groups	3	ok	1196	0	1	PartiallySorted([0, 1])	PartiallySorted([0, 1])	0.032	0.657	0.71	2156	0	0.0	0	0.0	0	0.0	2	79.1	66.2	107.1	1473.2	249.3	0.0	308.5	
A5-1200-depth-1200	A5	Q3	df-16919-partial-1200-depth-1200-rank	256m	original	3	ok	2	1	0	Linear	Linear	0.032	0.748	0.79	608	7	72.7	0	0.0	10	73.0	0	0.0	66.2	834.5	194.8	192.7	181.7	280.6	
A5-1200-depth-1200	A5	Q3	df-16919-partial-1200-depth-1200-rank	256m	original	4	ok	2	1	0	Linear	Linear	0.034	0.757	0.80	636	8	72.7	0	0.0	10	73.0	0	0.0	66.2	834.5	191.4	192.7	181.7	280.6	
A5-1200-depth-1200	A5	Q3	df-16919-partial-1200-depth-1200-rank	256m	accept-groups	4	ok	1196	0	1	PartiallySorted([0, 1])	PartiallySorted([0, 1])	0.031	0.681	0.74	2119	0	0.0	0	0.0	0	0.0	2	79.8	66.2	106.3	1487.2	249.3	0.0	308.5	
A5-1200-depth-1200	A5	Q3	df-16919-partial-1200-depth-1200-rank	256m	accept-groups	5	ok	1196	0	1	PartiallySorted([0, 1])	PartiallySorted([0, 1])	0.034	0.666	0.72	2107	0	0.0	0	0.0	0	0.0	2	80.3	66.2	106.3	1492.3	249.3	0.0	308.5	
A5-1200-depth-1200	A5	Q3	df-16919-partial-1200-depth-1200-rank	256m	original	5	ok	2	1	0	Linear	Linear	0.034	0.744	0.79	639	7	72.7	0	0.0	10	73.0	0	0.0	66.2	834.5	191.5	192.7	181.7	280.6	
A5-1200-depth-1200	A5	Q3	df-16919-partial-1200-depth-1200-rank	256m	original	6	ok	2	1	0	Linear	Linear	0.031	0.778	0.82	627	7	72.7	0	0.0	10	73.0	0	0.0	66.2	834.5	192.5	192.7	181.7	280.6	
A5-1200-depth-1200	A5	Q3	df-16919-partial-1200-depth-1200-rank	256m	accept-groups	6	ok	1196	0	1	PartiallySorted([0, 1])	PartiallySorted([0, 1])	0.031	0.665	0.72	2095	0	0.0	0	0.0	0	0.0	2	77.8	66.2	106.9	1457.1	249.3	0.0	308.5	
A5-1200-depth-1200	A5	Q3	df-16919-partial-1200-depth-1200-rank	256m	accept-groups	7	ok	1196	0	1	PartiallySorted([0, 1])	PartiallySorted([0, 1])	0.029	0.647	0.70	1970	0	0.0	0	0.0	0	0.0	2	81.6	66.2	107.0	1505.7	249.3	0.0	308.5	
A5-1200-depth-1200	A5	Q3	df-16919-partial-1200-depth-1200-rank	256m	original	7	ok	2	1	0	Linear	Linear	0.035	0.787	0.83	656	7	72.7	0	0.0	10	73.0	0	0.0	66.2	834.5	191.4	194.1	181.7	280.6	
A5-1200-depth-1200	A5	Q3	df-16919-partial-1200-depth-1200-rank	256m	original	8	ok	2	1	0	Linear	Linear	0.033	0.748	0.79	616	7	72.7	0	0.0	10	73.0	0	0.0	66.2	834.5	187.8	192.7	181.7	280.6	
A5-1200-depth-1200	A5	Q3	df-16919-partial-1200-depth-1200-rank	256m	accept-groups	8	ok	1196	0	1	PartiallySorted([0, 1])	PartiallySorted([0, 1])	0.031	0.655	0.71	2071	0	0.0	0	0.0	0	0.0	2	79.8	66.2	106.4	1482.1	249.3	0.0	308.5	
A5-1200-depth-1200	A5	Q3	df-16919-partial-1200-depth-1200-rank	256m	accept-groups	9	ok	1196	0	1	PartiallySorted([0, 1])	PartiallySorted([0, 1])	0.031	0.659	0.71	2004	0	0.0	0	0.0	0	0.0	2	78.4	66.2	106.8	1463.5	249.3	0.0	308.5	
A5-1200-depth-1200	A5	Q3	df-16919-partial-1200-depth-1200-rank	256m	original	9	ok	2	1	0	Linear	Linear	0.033	0.719	0.76	573	7	72.7	0	0.0	10	73.0	0	0.0	66.2	834.5	189.7	194.1	181.7	280.6	
A5-1200-depth-1200	A5	Q3	df-16919-partial-1200-depth-1200-rank	256m	original	10	ok	2	1	0	Linear	Linear	0.031	0.732	0.77	657	8	72.7	0	0.0	10	73.0	0	0.0	66.2	834.5	194.2	192.7	181.7	280.6	
A5-1200-depth-1200	A5	Q3	df-16919-partial-1200-depth-1200-rank	256m	accept-groups	10	ok	1196	0	1	PartiallySorted([0, 1])	PartiallySorted([0, 1])	0.034	0.627	0.68	1693	0	0.0	0	0.0	0	0.0	2	79.4	66.2	107.0	1479.6	249.3	0.0	308.5	
A5-1200-depth-1200	A5	Q3	df-16919-partial-1200-depth-1200-rank	512m	accept-groups	1	ok	1196	0	1	PartiallySorted([0, 1])	PartiallySorted([0, 1])	0.029	0.630	0.68	1836	0	0.0	0	0.0	0	0.0	2	77.9	66.2	109.1	1450.2	249.3	0.0	308.5	
A5-1200-depth-1200	A5	Q3	df-16919-partial-1200-depth-1200-rank	512m	original	1	ok	2	1	0	Linear	Linear	0.033	0.722	0.76	634	4	72.7	0	0.0	6	73.0	0	0.0	66.2	500.5	123.2	195.5	155.9	280.6	
A5-1200-depth-1200	A5	Q3	df-16919-partial-1200-depth-1200-rank	512m	original	2	ok	2	1	0	Linear	Linear	0.034	0.712	0.75	666	4	72.7	0	0.0	6	73.0	0	0.0	66.2	500.5	124.2	194.8	155.9	280.6	
A5-1200-depth-1200	A5	Q3	df-16919-partial-1200-depth-1200-rank	512m	accept-groups	2	ok	1196	0	1	PartiallySorted([0, 1])	PartiallySorted([0, 1])	0.032	0.625	0.68	1747	0	0.0	0	0.0	0	0.0	2	76.9	66.2	108.8	1437.2	249.3	0.0	308.5	
A5-1200-depth-1200	A5	Q3	df-16919-partial-1200-depth-1200-rank	512m	accept-groups	3	ok	1196	0	1	PartiallySorted([0, 1])	PartiallySorted([0, 1])	0.033	0.656	0.71	1992	0	0.0	0	0.0	0	0.0	2	79.6	66.2	109.5	1470.8	249.3	0.0	308.5	
A5-1200-depth-1200	A5	Q3	df-16919-partial-1200-depth-1200-rank	512m	original	3	ok	2	1	0	Linear	Linear	0.030	0.687	0.73	668	4	72.7	0	0.0	6	73.0	0	0.0	66.2	500.5	134.7	194.8	154.9	280.6	
A5-1200-depth-1200	A5	Q3	df-16919-partial-1200-depth-1200-rank	512m	original	4	ok	2	1	0	Linear	Linear	0.032	0.703	0.74	634	4	72.7	0	0.0	6	73.0	0	0.0	66.2	500.5	124.8	196.1	153.9	280.6	
A5-1200-depth-1200	A5	Q3	df-16919-partial-1200-depth-1200-rank	512m	accept-groups	4	ok	1196	0	1	PartiallySorted([0, 1])	PartiallySorted([0, 1])	0.029	0.639	0.69	1797	0	0.0	0	0.0	0	0.0	2	77.4	66.2	108.9	1442.5	249.3	0.0	308.5	
A5-1200-depth-1200	A5	Q3	df-16919-partial-1200-depth-1200-rank	512m	accept-groups	5	ok	1196	0	1	PartiallySorted([0, 1])	PartiallySorted([0, 1])	0.032	0.635	0.69	1809	0	0.0	0	0.0	0	0.0	2	80.3	66.2	108.9	1486.2	249.3	0.0	308.5	
A5-1200-depth-1200	A5	Q3	df-16919-partial-1200-depth-1200-rank	512m	original	5	ok	2	1	0	Linear	Linear	0.031	0.658	0.70	682	4	72.7	0	0.0	6	73.0	0	0.0	66.2	500.5	133.2	194.8	153.9	280.6	
A5-1200-depth-1200	A5	Q3	df-16919-partial-1200-depth-1200-rank	512m	original	6	ok	2	1	0	Linear	Linear	0.030	0.689	0.73	648	4	72.7	0	0.0	6	73.0	0	0.0	66.2	500.5	125.2	195.5	153.9	280.6	
A5-1200-depth-1200	A5	Q3	df-16919-partial-1200-depth-1200-rank	512m	accept-groups	6	ok	1196	0	1	PartiallySorted([0, 1])	PartiallySorted([0, 1])	0.033	0.681	0.74	2185	0	0.0	0	0.0	0	0.0	2	78.0	66.2	109.2	1453.8	249.3	0.0	308.5	
A5-1200-depth-1200	A5	Q3	df-16919-partial-1200-depth-1200-rank	512m	accept-groups	7	ok	1196	0	1	PartiallySorted([0, 1])	PartiallySorted([0, 1])	0.033	0.642	0.70	1954	0	0.0	0	0.0	0	0.0	2	78.5	66.2	108.9	1459.9	249.3	0.0	308.5	
A5-1200-depth-1200	A5	Q3	df-16919-partial-1200-depth-1200-rank	512m	original	7	ok	2	1	0	Linear	Linear	0.031	0.673	0.71	629	4	72.7	0	0.0	6	73.0	0	0.0	66.2	500.5	128.1	194.8	153.9	280.6	
A5-1200-depth-1200	A5	Q3	df-16919-partial-1200-depth-1200-rank	512m	original	8	ok	2	1	0	Linear	Linear	0.032	0.719	0.76	637	4	72.7	0	0.0	6	73.0	0	0.0	66.2	500.5	131.1	195.5	153.9	280.6	
A5-1200-depth-1200	A5	Q3	df-16919-partial-1200-depth-1200-rank	512m	accept-groups	8	ok	1196	0	1	PartiallySorted([0, 1])	PartiallySorted([0, 1])	0.031	0.680	0.74	2150	0	0.0	0	0.0	0	0.0	2	79.4	66.2	109.3	1467.2	249.3	0.0	308.5	
A5-1200-depth-1200	A5	Q3	df-16919-partial-1200-depth-1200-rank	512m	accept-groups	9	ok	1196	0	1	PartiallySorted([0, 1])	PartiallySorted([0, 1])	0.030	0.665	0.72	2041	0	0.0	0	0.0	0	0.0	2	75.2	66.2	109.3	1410.1	249.3	0.0	308.5	
A5-1200-depth-1200	A5	Q3	df-16919-partial-1200-depth-1200-rank	512m	original	9	ok	2	1	0	Linear	Linear	0.031	0.695	0.73	652	4	72.7	0	0.0	6	73.0	0	0.0	66.2	500.5	128.8	195.5	153.9	280.6	
A5-1200-depth-1200	A5	Q3	df-16919-partial-1200-depth-1200-rank	512m	original	10	ok	2	1	0	Linear	Linear	0.031	0.681	0.72	666	4	72.7	0	0.0	6	73.0	0	0.0	66.2	500.5	133.7	194.8	154.9	280.6	
A5-1200-depth-1200	A5	Q3	df-16919-partial-1200-depth-1200-rank	512m	accept-groups	10	ok	1196	0	1	PartiallySorted([0, 1])	PartiallySorted([0, 1])	0.031	0.673	0.73	2151	0	0.0	0	0.0	0	0.0	2	79.7	66.2	109.2	1478.7	249.3	0.0	308.5	
A6-dup-0.5	A6	Q3	df-16919-partial-12-depth-4-dup0.5	256m	accept-groups	1	ok	4	0	1	PartiallySorted([0, 1])	PartiallySorted([0, 1])	0.002	0.201	0.21	340	0	0.0	0	0.0	0	0.0	0	0.0	68.4	135.0	336.3	113.9	0.0	178.9	
A6-dup-0.5	A6	Q3	df-16919-partial-12-depth-4-dup0.5	256m	original-target	1	ok	4	0	1	PartiallySorted([0, 1])	PartiallySorted([0, 1])	0.002	0.189	0.20	403	0	0.0	0	0.0	0	0.0	0	0.0	68.4	135.0	464.0	87.9	0.0	149.0	
A6-dup-0.5	A6	Q3	df-16919-partial-12-depth-4-dup0.5	256m	original	1	ok	2	1	0	Linear	Linear	0.002	0.392	0.40	471	4	36.4	0	0.0	6	45.3	0	0.0	68.4	602.3	116.7	99.8	77.6	138.2	
A6-dup-0.5	A6	Q3	df-16919-partial-12-depth-4-dup0.5	256m	original-target	2	ok	4	0	1	PartiallySorted([0, 1])	PartiallySorted([0, 1])	0.002	0.192	0.20	381	0	0.0	0	0.0	0	0.0	0	0.0	68.4	135.0	464.0	87.9	0.0	149.0	
A6-dup-0.5	A6	Q3	df-16919-partial-12-depth-4-dup0.5	256m	original	2	ok	2	1	0	Linear	Linear	0.002	0.382	0.39	480	4	36.4	0	0.0	6	45.3	0	0.0	68.4	602.3	116.7	99.8	77.6	138.2	
A6-dup-0.5	A6	Q3	df-16919-partial-12-depth-4-dup0.5	256m	accept-groups	2	ok	4	0	1	PartiallySorted([0, 1])	PartiallySorted([0, 1])	0.002	0.205	0.21	326	0	0.0	0	0.0	0	0.0	0	0.0	68.4	135.0	336.3	113.9	0.0	178.9	
A6-dup-0.5	A6	Q3	df-16919-partial-12-depth-4-dup0.5	256m	original	3	ok	2	1	0	Linear	Linear	0.002	0.408	0.41	485	4	36.4	0	0.0	6	45.6	0	0.0	68.4	602.3	117.2	98.1	78.1	138.8	
A6-dup-0.5	A6	Q3	df-16919-partial-12-depth-4-dup0.5	256m	accept-groups	3	ok	4	0	1	PartiallySorted([0, 1])	PartiallySorted([0, 1])	0.002	0.193	0.20	352	0	0.0	0	0.0	0	0.0	0	0.0	68.4	135.0	336.3	113.9	0.0	178.9	
A6-dup-0.5	A6	Q3	df-16919-partial-12-depth-4-dup0.5	256m	original-target	3	ok	4	0	1	PartiallySorted([0, 1])	PartiallySorted([0, 1])	0.002	0.187	0.19	408	0	0.0	0	0.0	0	0.0	0	0.0	68.4	135.0	464.0	87.9	0.0	149.0	
A6-dup-0.5	A6	Q3	df-16919-partial-12-depth-4-dup0.5	256m	accept-groups	4	ok	4	0	1	PartiallySorted([0, 1])	PartiallySorted([0, 1])	0.003	0.197	0.20	383	0	0.0	0	0.0	0	0.0	0	0.0	68.4	135.0	336.3	113.9	0.0	178.9	
A6-dup-0.5	A6	Q3	df-16919-partial-12-depth-4-dup0.5	256m	original-target	4	ok	4	0	1	PartiallySorted([0, 1])	PartiallySorted([0, 1])	0.002	0.198	0.20	372	0	0.0	0	0.0	0	0.0	0	0.0	68.4	135.0	464.0	87.9	0.0	149.0	
A6-dup-0.5	A6	Q3	df-16919-partial-12-depth-4-dup0.5	256m	original	4	ok	2	1	0	Linear	Linear	0.002	0.393	0.40	446	4	36.4	0	0.0	6	46.2	0	0.0	68.4	602.3	118.6	100.8	78.2	138.8	
A6-dup-0.5	A6	Q3	df-16919-partial-12-depth-4-dup0.5	256m	original-target	5	ok	4	0	1	PartiallySorted([0, 1])	PartiallySorted([0, 1])	0.002	0.173	0.18	361	0	0.0	0	0.0	0	0.0	0	0.0	68.4	135.0	464.0	87.9	0.0	149.0	
A6-dup-0.5	A6	Q3	df-16919-partial-12-depth-4-dup0.5	256m	original	5	ok	2	1	0	Linear	Linear	0.002	0.398	0.40	492	4	36.4	0	0.0	6	46.2	0	0.0	68.4	602.3	118.6	100.8	78.9	138.4	
A6-dup-0.5	A6	Q3	df-16919-partial-12-depth-4-dup0.5	256m	accept-groups	5	ok	4	0	1	PartiallySorted([0, 1])	PartiallySorted([0, 1])	0.002	0.202	0.21	368	0	0.0	0	0.0	0	0.0	0	0.0	68.4	135.0	336.3	113.9	0.0	178.9	
A6-dup-0.5	A6	Q3	df-16919-partial-12-depth-4-dup0.5	256m	original	6	ok	2	1	0	Linear	Linear	0.002	0.395	0.40	481	4	36.4	0	0.0	6	45.3	0	0.0	68.4	602.3	116.7	99.8	77.6	138.2	
A6-dup-0.5	A6	Q3	df-16919-partial-12-depth-4-dup0.5	256m	accept-groups	6	ok	4	0	1	PartiallySorted([0, 1])	PartiallySorted([0, 1])	0.002	0.185	0.19	370	0	0.0	0	0.0	0	0.0	0	0.0	68.4	135.0	336.3	113.9	0.0	178.9	
A6-dup-0.5	A6	Q3	df-16919-partial-12-depth-4-dup0.5	256m	original-target	6	ok	4	0	1	PartiallySorted([0, 1])	PartiallySorted([0, 1])	0.002	0.190	0.20	400	0	0.0	0	0.0	0	0.0	0	0.0	68.4	135.0	464.0	87.9	0.0	149.0	
A6-dup-0.5	A6	Q3	df-16919-partial-12-depth-4-dup0.5	256m	accept-groups	7	ok	4	0	1	PartiallySorted([0, 1])	PartiallySorted([0, 1])	0.002	0.195	0.20	338	0	0.0	0	0.0	0	0.0	0	0.0	68.4	135.0	336.3	113.9	0.0	178.9	
A6-dup-0.5	A6	Q3	df-16919-partial-12-depth-4-dup0.5	256m	original-target	7	ok	4	0	1	PartiallySorted([0, 1])	PartiallySorted([0, 1])	0.002	0.173	0.18	428	0	0.0	0	0.0	0	0.0	3	0.6	68.4	135.0	459.2	87.9	0.0	149.0	
A6-dup-0.5	A6	Q3	df-16919-partial-12-depth-4-dup0.5	256m	original	7	ok	2	1	0	Linear	Linear	0.002	0.402	0.41	459	4	36.4	0	0.0	7	45.5	0	0.0	68.4	602.3	116.6	100.5	78.0	138.4	
A6-dup-0.5	A6	Q3	df-16919-partial-12-depth-4-dup0.5	256m	original-target	8	ok	4	0	1	PartiallySorted([0, 1])	PartiallySorted([0, 1])	0.002	0.184	0.19	380	0	0.0	0	0.0	0	0.0	0	0.0	68.4	135.0	464.0	87.9	0.0	149.0	
A6-dup-0.5	A6	Q3	df-16919-partial-12-depth-4-dup0.5	256m	original	8	ok	2	1	0	Linear	Linear	0.002	0.409	0.42	487	4	36.4	0	0.0	6	42.8	0	0.0	68.4	645.7	121.4	99.1	76.7	138.5	
A6-dup-0.5	A6	Q3	df-16919-partial-12-depth-4-dup0.5	256m	accept-groups	8	ok	4	0	1	PartiallySorted([0, 1])	PartiallySorted([0, 1])	0.002	0.202	0.21	376	0	0.0	0	0.0	0	0.0	0	0.0	68.4	135.0	336.3	113.9	0.0	178.9	
A6-dup-0.5	A6	Q3	df-16919-partial-12-depth-4-dup0.5	256m	original	9	ok	2	1	0	Linear	Linear	0.002	0.408	0.41	477	4	36.4	0	0.0	6	45.8	0	0.0	68.4	602.3	115.1	98.6	78.2	139.0	
A6-dup-0.5	A6	Q3	df-16919-partial-12-depth-4-dup0.5	256m	accept-groups	9	ok	4	0	1	PartiallySorted([0, 1])	PartiallySorted([0, 1])	0.002	0.191	0.20	350	0	0.0	0	0.0	0	0.0	0	0.0	68.4	135.0	336.3	113.9	0.0	178.9	
A6-dup-0.5	A6	Q3	df-16919-partial-12-depth-4-dup0.5	256m	original-target	9	ok	4	0	1	PartiallySorted([0, 1])	PartiallySorted([0, 1])	0.002	0.172	0.18	352	0	0.0	0	0.0	0	0.0	0	0.0	68.4	135.0	464.0	87.9	0.0	149.0	
A6-dup-0.5	A6	Q3	df-16919-partial-12-depth-4-dup0.5	256m	accept-groups	10	ok	4	0	1	PartiallySorted([0, 1])	PartiallySorted([0, 1])	0.002	0.182	0.19	320	0	0.0	0	0.0	0	0.0	0	0.0	68.4	135.0	336.3	113.9	0.0	178.9	
A6-dup-0.5	A6	Q3	df-16919-partial-12-depth-4-dup0.5	256m	original-target	10	ok	4	0	1	PartiallySorted([0, 1])	PartiallySorted([0, 1])	0.002	0.194	0.20	394	0	0.0	0	0.0	0	0.0	0	0.0	68.4	135.0	464.0	87.9	0.0	149.0	
A6-dup-0.5	A6	Q3	df-16919-partial-12-depth-4-dup0.5	256m	original	10	ok	2	1	0	Linear	Linear	0.002	0.410	0.42	444	4	36.4	0	0.0	6	45.3	0	0.0	68.4	602.3	116.7	99.8	77.6	138.2	
