case	axis	query	dataset	pool	variant	run	result	scan_groups	sort_exec	preserve_order	partial_mode	final_mode	create_seconds	elapsed_seconds	wall_seconds	max_rss_mb	sort_spills	sort_spill_mb	partial_agg_spills	partial_agg_spill_mb	final_agg_spills	final_agg_spill_mb	repartition_spills	repartition_spill_mb	scan_out_mb	partial_agg_out_mb	repartition_out_mb	final_agg_out_mb	sort_out_mb	spm_out_mb	error
base	base	Q3	df-16919-partial-12-depth-4	256m	accept-groups	1	ok	4	0	1	PartiallySorted([0, 1])	PartiallySorted([0, 1])	0.002	0.365	0.37	363	0	0.0	0	0.0	0	0.0	0	0.0	68.4	247.6	470.9	252.0	0.0	308.5	
base	base	Q3	df-16919-partial-12-depth-4	256m	original-target	1	ok	4	0	1	PartiallySorted([0, 1])	PartiallySorted([0, 1])	0.002	0.296	0.30	468	0	0.0	0	0.0	0	0.0	9	2.6	68.4	247.6	611.7	251.4	0.0	479.6	
base	base	Q3	df-16919-partial-12-depth-4	256m	original-split-off	1	ok	2	1	0	Linear	Linear	0.002	0.628	0.63	536	8	72.7	0	0.0	10	73.0	0	0.0	68.4	1089.7	200.0	195.5	181.7	280.6	
base	base	Q3	df-16919-partial-12-depth-4	256m	original	1	ok	2	1	0	Linear	Linear	0.002	0.591	0.60	486	7	72.7	0	0.0	10	73.0	0	0.0	68.4	1089.7	213.7	195.5	181.7	280.6	
base	base	Q3	df-16919-partial-12-depth-4	256m	original-target	2	ok	4	0	1	PartiallySorted([0, 1])	PartiallySorted([0, 1])	0.002	0.275	0.28	460	0	0.0	0	0.0	0	0.0	8	2.2	68.4	247.6	611.3	251.4	0.0	479.6	
base	base	Q3	df-16919-partial-12-depth-4	256m	original-split-off	2	ok	2	1	0	Linear	Linear	0.002	0.597	0.60	510	7	72.7	0	0.0	10	73.0	0	0.0	68.4	1089.7	213.0	196.1	181.7	280.6	
base	base	Q3	df-16919-partial-12-depth-4	256m	original	2	ok	2	1	0	Linear	Linear	0.002	0.672	0.68	529	7	72.7	0	0.0	10	73.0	0	0.0	68.4	1089.7	212.9	196.1	181.7	280.6	
base	base	Q3	df-16919-partial-12-depth-4	256m	accept-groups	2	ok	4	0	1	PartiallySorted([0, 1])	PartiallySorted([0, 1])	0.002	0.352	0.36	383	0	0.0	0	0.0	0	0.0	0	0.0	68.4	247.6	470.9	252.0	0.0	308.5	
base	base	Q3	df-16919-partial-12-depth-4	256m	original-split-off	3	ok	2	1	0	Linear	Linear	0.002	0.607	0.61	520	8	72.7	0	0.0	10	73.0	0	0.0	68.4	1089.7	204.4	195.5	181.7	280.6	
base	base	Q3	df-16919-partial-12-depth-4	256m	original	3	ok	2	1	0	Linear	Linear	0.002	0.637	0.64	536	7	72.7	0	0.0	10	73.0	0	0.0	68.4	1089.7	210.3	196.1	181.7	280.6	
base	base	Q3	df-16919-partial-12-depth-4	256m	accept-groups	3	ok	4	0	1	PartiallySorted([0, 1])	PartiallySorted([0, 1])	0.003	0.362	0.37	384	0	0.0	0	0.0	0	0.0	0	0.0	68.4	247.6	470.9	252.0	0.0	308.5	
base	base	Q3	df-16919-partial-12-depth-4	256m	original-target	3	ok	4	0	1	PartiallySorted([0, 1])	PartiallySorted([0, 1])	0.002	0.314	0.32	478	0	0.0	0	0.0	0	0.0	11	3.2	68.4	247.6	608.1	251.4	0.0	479.6	
base	base	Q3	df-16919-partial-12-depth-4	256m	original	4	ok	2	1	0	Linear	Linear	0.002	0.658	0.66	512	7	72.7	0	0.0	10	73.0	0	0.0	68.4	1089.7	212.9	196.1	181.7	280.6	
base	base	Q3	df-16919-partial-12-depth-4	256m	accept-groups	4	ok	4	0	1	PartiallySorted([0, 1])	PartiallySorted([0, 1])	0.002	0.395	0.40	355	0	0.0	0	0.0	0	0.0	0	0.0	68.4	247.6	470.9	252.0	0.0	308.5	
base	base	Q3	df-16919-partial-12-depth-4	256m	original-target	4	ok	4	0	1	PartiallySorted([0, 1])	PartiallySorted([0, 1])	0.002	0.312	0.32	449	0	0.0	0	0.0	0	0.0	12	3.5	68.4	247.6	602.6	251.4	0.0	479.6	
base	base	Q3	df-16919-partial-12-depth-4	256m	original-split-off	4	ok	2	1	0	Linear	Linear	0.002	0.635	0.64	544	8	72.7	0	0.0	10	73.0	0	0.0	68.4	1089.7	208.5	198.9	181.7	280.6	
base	base	Q3	df-16919-partial-12-depth-4	256m	accept-groups	5	ok	4	0	1	PartiallySorted([0, 1])	PartiallySorted([0, 1])	0.002	0.398	0.40	380	0	0.0	0	0.0	0	0.0	0	0.0	68.4	247.6	470.9	252.0	0.0	308.5	
base	base	Q3	df-16919-partial-12-depth-4	256m	original-target	5	ok	4	0	1	PartiallySorted([0, 1])	PartiallySorted([0, 1])	0.002	0.295	0.30	464	0	0.0	0	0.0	0	0.0	11	3.5	68.4	247.6	601.8	251.4	0.0	479.6	
base	base	Q3	df-16919-partial-12-depth-4	256m	original-split-off	5	ok	2	1	0	Linear	Linear	0.002	0.645	0.65	484	8	72.7	0	0.0	10	73.0	0	0.0	68.4	1089.7	212.9	196.1	181.7	280.6	
base	base	Q3	df-16919-partial-12-depth-4	256m	original	5	ok	2	1	0	Linear	Linear	0.002	0.648	0.65	519	7	72.7	0	0.0	10	73.0	0	0.0	68.4	1089.7	209.8	196.1	181.7	280.6	
base	base	Q3	df-16919-partial-12-depth-4	256m	original-target	6	ok	4	0	1	PartiallySorted([0, 1])	PartiallySorted([0, 1])	0.002	0.304	0.31	436	0	0.0	0	0.0	0	0.0	9	2.6	68.4	247.6	607.7	251.4	0.0	479.6	
base	base	Q3	df-16919-partial-12-depth-4	256m	original-split-off	6	ok	2	1	0	Linear	Linear	0.002	0.620	0.63	518	7	72.7	0	0.0	10	73.0	0	0.0	68.4	1089.7	208.0	196.1	181.7	280.6	
base	base	Q3	df-16919-partial-12-depth-4	256m	original	6	ok	2	1	0	Linear	Linear	0.002	0.704	0.71	541	7	72.7	0	0.0	10	73.0	0	0.0	68.4	1089.7	208.0	195.5	181.7	280.6	
base	base	Q3	df-16919-partial-12-depth-4	256m	accept-groups	6	ok	4	0	1	PartiallySorted([0, 1])	PartiallySorted([0, 1])	0.002	0.382	0.39	375	0	0.0	0	0.0	0	0.0	0	0.0	68.4	247.6	470.9	252.0	0.0	308.5	
base	base	Q3	df-16919-partial-12-depth-4	256m	original-split-off	7	ok	2	1	0	Linear	Linear	0.002	0.641	0.65	524	7	72.7	0	0.0	10	73.0	0	0.0	68.4	1089.7	212.9	196.1	181.7	280.6	
base	base	Q3	df-16919-partial-12-depth-4	256m	original	7	ok	2	1	0	Linear	Linear	0.003	0.677	0.68	496	7	72.7	0	0.0	10	73.0	0	0.0	68.4	1089.7	210.4	196.1	181.7	280.6	
base	base	Q3	df-16919-partial-12-depth-4	256m	accept-groups	7	ok	4	0	1	PartiallySorted([0, 1])	PartiallySorted([0, 1])	0.002	0.375	0.38	399	0	0.0	0	0.0	0	0.0	0	0.0	68.4	247.6	470.9	252.0	0.0	308.5	
base	base	Q3	df-16919-partial-12-depth-4	256m	original-target	7	ok	4	0	1	PartiallySorted([0, 1])	PartiallySorted([0, 1])	0.002	0.280	0.29	449	0	0.0	0	0.0	0	0.0	9	3.0	68.4	247.6	610.8	251.4	0.0	479.6	
base	base	Q3	df-16919-partial-12-depth-4	256m	original	8	ok	2	1	0	Linear	Linear	0.002	0.633	0.64	514	8	72.7	0	0.0	10	73.0	0	0.0	68.4	1089.7	198.4	195.5	181.7	280.6	
base	base	Q3	df-16919-partial-12-depth-4	256m	accept-groups	8	ok	4	0	1	PartiallySorted([0, 1])	PartiallySorted([0, 1])	0.002	0.417	0.42	351	0	0.0	0	0.0	0	0.0	0	0.0	68.4	247.6	470.9	252.0	0.0	308.5	
base	base	Q3	df-16919-partial-12-depth-4	256m	original-target	8	ok	4	0	1	PartiallySorted([0, 1])	PartiallySorted([0, 1])	0.002	0.296	0.30	420	0	0.0	0	0.0	0	0.0	7	1.7	68.4	247.6	619.0	251.4	0.0	479.6	
base	base	Q3	df-16919-partial-12-depth-4	256m	original-split-off	8	ok	2	1	0	Linear	Linear	0.002	0.632	0.64	524	7	72.7	0	0.0	10	73.0	0	0.0	68.4	1089.7	212.9	196.1	181.7	280.6	
base	base	Q3	df-16919-partial-12-depth-4	256m	accept-groups	9	ok	4	0	1	PartiallySorted([0, 1])	PartiallySorted([0, 1])	0.002	0.403	0.41	384	0	0.0	0	0.0	0	0.0	0	0.0	68.4	247.6	470.9	252.0	0.0	308.5	
base	base	Q3	df-16919-partial-12-depth-4	256m	original-target	9	ok	4	0	1	PartiallySorted([0, 1])	PartiallySorted([0, 1])	0.002	0.289	0.30	466	0	0.0	0	0.0	0	0.0	6	2.0	68.4	247.6	616.4	251.4	0.0	479.6	
base	base	Q3	df-16919-partial-12-depth-4	256m	original-split-off	9	ok	2	1	0	Linear	Linear	0.002	0.645	0.65	512	7	72.7	0	0.0	10	73.0	0	0.0	68.4	1089.7	209.5	196.1	181.7	280.6	
base	base	Q3	df-16919-partial-12-depth-4	256m	original	9	ok	2	1	0	Linear	Linear	0.002	0.679	0.68	572	8	72.7	0	0.0	10	73.0	0	0.0	68.4	1089.7	206.0	197.5	181.7	280.6	
base	base	Q3	df-16919-partial-12-depth-4	256m	original-target	10	ok	4	0	1	PartiallySorted([0, 1])	PartiallySorted([0, 1])	0.002	0.292	0.30	455	0	0.0	0	0.0	0	0.0	10	2.2	68.4	247.6	617.1	251.4	0.0	479.6	
base	base	Q3	df-16919-partial-12-depth-4	256m	original-split-off	10	ok	2	1	0	Linear	Linear	0.002	0.650	0.66	510	7	72.7	0	0.0	10	73.0	0	0.0	68.4	1089.7	211.2	196.1	181.7	280.6	
base	base	Q3	df-16919-partial-12-depth-4	256m	original	10	ok	2	1	0	Linear	Linear	0.002	0.650	0.66	509	7	72.7	0	0.0	10	73.0	0	0.0	68.4	1089.7	203.7	195.5	181.7	280.6	
base	base	Q3	df-16919-partial-12-depth-4	256m	accept-groups	10	ok	4	0	1	PartiallySorted([0, 1])	PartiallySorted([0, 1])	0.002	0.398	0.40	376	0	0.0	0	0.0	0	0.0	0	0.0	68.4	247.6	470.9	252.0	0.0	308.5	
A1-Q1	A1	Q1	df-16919-partial-12-depth-4	256m	accept-groups	1	ok	4	0	0			0.003	0.028	0.03	202	0	0.0	0	0.0	0	0.0	0	0.0	68.4	0.0	0.0	0.0	0.0	64.2	
A1-Q1	A1	Q1	df-16919-partial-12-depth-4	256m	original-target	1	ok	4	0	0			0.002	0.029	0.03	192	0	0.0	0	0.0	0	0.0	0	0.0	68.4	0.0	0.0	0.0	0.0	64.2	
A1-Q1	A1	Q1	df-16919-partial-12-depth-4	256m	original	1	ok	2	1	0			0.002	0.054	0.06	348	0	0.0	0	0.0	0	0.0	0	0.0	68.4	0.0	0.0	0.0	64.2	64.2	
A1-Q1	A1	Q1	df-16919-partial-12-depth-4	256m	original-target	2	ok	4	0	0			0.002	0.030	0.03	207	0	0.0	0	0.0	0	0.0	0	0.0	68.4	0.0	0.0	0.0	0.0	64.2	
A1-Q1	A1	Q1	df-16919-partial-12-depth-4	256m	original	2	ok	2	1	0			0.002	0.054	0.06	336	0	0.0	0	0.0	0	0.0	0	0.0	68.4	0.0	0.0	0.0	64.2	64.2	
A1-Q1	A1	Q1	df-16919-partial-12-depth-4	256m	accept-groups	2	ok	4	0	0			0.002	0.032	0.04	203	0	0.0	0	0.0	0	0.0	0	0.0	68.4	0.0	0.0	0.0	0.0	64.2	
A1-Q1	A1	Q1	df-16919-partial-12-depth-4	256m	original	3	ok	2	1	0			0.002	0.052	0.06	352	0	0.0	0	0.0	0	0.0	0	0.0	68.4	0.0	0.0	0.0	64.2	64.2	
A1-Q1	A1	Q1	df-16919-partial-12-depth-4	256m	accept-groups	3	ok	4	0	0			0.002	0.036	0.04	196	0	0.0	0	0.0	0	0.0	0	0.0	68.4	0.0	0.0	0.0	0.0	64.2	
A1-Q1	A1	Q1	df-16919-partial-12-depth-4	256m	original-target	3	ok	4	0	0			0.002	0.028	0.03	198	0	0.0	0	0.0	0	0.0	0	0.0	68.4	0.0	0.0	0.0	0.0	64.2	
A1-Q1	A1	Q1	df-16919-partial-12-depth-4	256m	accept-groups	4	ok	4	0	0			0.003	0.030	0.04	204	0	0.0	0	0.0	0	0.0	0	0.0	68.4	0.0	0.0	0.0	0.0	64.2	
A1-Q1	A1	Q1	df-16919-partial-12-depth-4	256m	original-target	4	ok	4	0	0			0.003	0.029	0.03	203	0	0.0	0	0.0	0	0.0	0	0.0	68.4	0.0	0.0	0.0	0.0	64.2	
A1-Q1	A1	Q1	df-16919-partial-12-depth-4	256m	original	4	ok	2	1	0			0.002	0.059	0.06	356	0	0.0	0	0.0	0	0.0	0	0.0	68.4	0.0	0.0	0.0	64.2	64.2	
A1-Q1	A1	Q1	df-16919-partial-12-depth-4	256m	original-target	5	ok	4	0	0			0.002	0.026	0.03	193	0	0.0	0	0.0	0	0.0	0	0.0	68.4	0.0	0.0	0.0	0.0	64.2	
A1-Q1	A1	Q1	df-16919-partial-12-depth-4	256m	original	5	ok	2	1	0			0.002	0.056	0.06	325	0	0.0	0	0.0	0	0.0	0	0.0	68.4	0.0	0.0	0.0	64.2	64.2	
A1-Q1	A1	Q1	df-16919-partial-12-depth-4	256m	accept-groups	5	ok	4	0	0			0.002	0.029	0.03	198	0	0.0	0	0.0	0	0.0	0	0.0	68.4	0.0	0.0	0.0	0.0	64.2	
A1-Q1	A1	Q1	df-16919-partial-12-depth-4	256m	original	6	ok	2	1	0			0.002	0.054	0.06	347	0	0.0	0	0.0	0	0.0	0	0.0	68.4	0.0	0.0	0.0	64.2	64.2	
A1-Q1	A1	Q1	df-16919-partial-12-depth-4	256m	accept-groups	6	ok	4	0	0			0.002	0.032	0.04	200	0	0.0	0	0.0	0	0.0	0	0.0	68.4	0.0	0.0	0.0	0.0	64.2	
A1-Q1	A1	Q1	df-16919-partial-12-depth-4	256m	original-target	6	ok	4	0	0			0.002	0.029	0.03	195	0	0.0	0	0.0	0	0.0	0	0.0	68.4	0.0	0.0	0.0	0.0	64.2	
A1-Q1	A1	Q1	df-16919-partial-12-depth-4	256m	accept-groups	7	ok	4	0	0			0.002	0.029	0.03	192	0	0.0	0	0.0	0	0.0	0	0.0	68.4	0.0	0.0	0.0	0.0	64.2	
A1-Q1	A1	Q1	df-16919-partial-12-depth-4	256m	original-target	7	ok	4	0	0			0.002	0.029	0.03	189	0	0.0	0	0.0	0	0.0	0	0.0	68.4	0.0	0.0	0.0	0.0	64.2	
A1-Q1	A1	Q1	df-16919-partial-12-depth-4	256m	original	7	ok	2	1	0			0.002	0.053	0.06	341	0	0.0	0	0.0	0	0.0	0	0.0	68.4	0.0	0.0	0.0	64.2	64.2	
A1-Q1	A1	Q1	df-16919-partial-12-depth-4	256m	original-target	8	ok	4	0	0			0.002	0.030	0.03	175	0	0.0	0	0.0	0	0.0	0	0.0	68.4	0.0	0.0	0.0	0.0	64.2	
A1-Q1	A1	Q1	df-16919-partial-12-depth-4	256m	original	8	ok	2	1	0			0.002	0.053	0.06	349	0	0.0	0	0.0	0	0.0	0	0.0	68.4	0.0	0.0	0.0	64.2	64.2	
A1-Q1	A1	Q1	df-16919-partial-12-depth-4	256m	accept-groups	8	ok	4	0	0			0.002	0.028	0.03	195	0	0.0	0	0.0	0	0.0	0	0.0	68.4	0.0	0.0	0.0	0.0	64.2	
A1-Q1	A1	Q1	df-16919-partial-12-depth-4	256m	original	9	ok	2	1	0			0.002	0.053	0.06	351	0	0.0	0	0.0	0	0.0	0	0.0	68.4	0.0	0.0	0.0	64.2	64.2	
A1-Q1	A1	Q1	df-16919-partial-12-depth-4	256m	accept-groups	9	ok	4	0	0			0.002	0.030	0.03	195	0	0.0	0	0.0	0	0.0	0	0.0	68.4	0.0	0.0	0.0	0.0	64.2	
A1-Q1	A1	Q1	df-16919-partial-12-depth-4	256m	original-target	9	ok	4	0	0			0.002	0.028	0.03	202	0	0.0	0	0.0	0	0.0	0	0.0	68.4	0.0	0.0	0.0	0.0	64.2	
A1-Q1	A1	Q1	df-16919-partial-12-depth-4	256m	accept-groups	10	ok	4	0	0			0.002	0.028	0.03	186	0	0.0	0	0.0	0	0.0	0	0.0	68.4	0.0	0.0	0.0	0.0	64.2	
A1-Q1	A1	Q1	df-16919-partial-12-depth-4	256m	original-target	10	ok	4	0	0			0.002	0.026	0.03	191	0	0.0	0	0.0	0	0.0	0	0.0	68.4	0.0	0.0	0.0	0.0	64.2	
A1-Q1	A1	Q1	df-16919-partial-12-depth-4	256m	original	10	ok	2	1	0			0.002	0.054	0.06	363	0	0.0	0	0.0	0	0.0	0	0.0	68.4	0.0	0.0	0.0	64.2	64.2	
A1-Q2	A1	Q2	df-16919-partial-12-depth-4	256m	accept-groups	1	ok	4	0	1	Sorted	Sorted	0.002	0.055	0.06	312	0	0.0	0	0.0	0	0.0	0	0.0	19.5	60.5	150.6	21.0	0.0	30.3	
A1-Q2	A1	Q2	df-16919-partial-12-depth-4	256m	original-target	1	ok	4	0	1	Sorted	Sorted	0.002	0.051	0.06	336	0	0.0	0	0.0	0	0.0	0	0.0	19.5	60.5	228.2	15.5	0.0	25.1	
A1-Q2	A1	Q2	df-16919-partial-12-depth-4	256m	original	1	ok	2	1	0	Linear	Linear	0.002	0.059	0.06	232	0	0.0	0	0.0	0	0.0	0	0.0	19.5	87.1	28.3	47.2	16.6	28.9	
A1-Q2	A1	Q2	df-16919-partial-12-depth-4	256m	original-target	2	ok	4	0	1	Sorted	Sorted	0.002	0.057	0.06	327	0	0.0	0	0.0	0	0.0	0	0.0	19.5	60.5	228.2	15.5	0.0	25.1	
A1-Q2	A1	Q2	df-16919-partial-12-depth-4	256m	original	2	ok	2	1	0	Linear	Linear	0.002	0.062	0.07	242	0	0.0	0	0.0	0	0.0	0	0.0	19.5	87.1	28.3	47.2	16.6	28.9	
A1-Q2	A1	Q2	df-16919-partial-12-depth-4	256m	accept-groups	2	ok	4	0	1	Sorted	Sorted	0.002	0.066	0.07	317	0	0.0	0	0.0	0	0.0	0	0.0	19.5	60.5	150.6	21.0	0.0	30.3	
A1-Q2	A1	Q2	df-16919-partial-12-depth-4	256m	original	3	ok	2	1	0	Linear	Linear	0.002	0.059	0.06	246	0	0.0	0	0.0	0	0.0	0	0.0	19.5	87.1	29.1	47.2	16.6	28.9	
A1-Q2	A1	Q2	df-16919-partial-12-depth-4	256m	accept-groups	3	ok	4	0	1	Sorted	Sorted	0.002	0.055	0.06	307	0	0.0	0	0.0	0	0.0	0	0.0	19.5	60.5	150.6	21.0	0.0	30.3	
A1-Q2	A1	Q2	df-16919-partial-12-depth-4	256m	original-target	3	ok	4	0	1	Sorted	Sorted	0.002	0.056	0.06	329	0	0.0	0	0.0	0	0.0	0	0.0	19.5	60.5	228.2	15.5	0.0	25.1	
A1-Q2	A1	Q2	df-16919-partial-12-depth-4	256m	accept-groups	4	ok	4	0	1	Sorted	Sorted	0.002	0.066	0.07	306	0	0.0	0	0.0	0	0.0	0	0.0	19.5	60.5	150.6	21.0	0.0	30.3	
A1-Q2	A1	Q2	df-16919-partial-12-depth-4	256m	original-target	4	ok	4	0	1	Sorted	Sorted	0.002	0.054	0.06	322	0	0.0	0	0.0	0	0.0	0	0.0	19.5	60.5	228.2	15.5	0.0	25.1	
A1-Q2	A1	Q2	df-16919-partial-12-depth-4	256m	original	4	ok	2	1	0	Linear	Linear	0.002	0.066	0.07	253	0	0.0	0	0.0	0	0.0	0	0.0	19.5	87.1	29.1	47.2	16.6	28.9	
A1-Q2	A1	Q2	df-16919-partial-12-depth-4	256m	original-target	5	ok	4	0	1	Sorted	Sorted	0.002	0.053	0.06	334	0	0.0	0	0.0	0	0.0	0	0.0	19.5	60.5	228.2	15.5	0.0	25.1	
A1-Q2	A1	Q2	df-16919-partial-12-depth-4	256m	original	5	ok	2	1	0	Linear	Linear	0.002	0.054	0.06	247	0	0.0	0	0.0	0	0.0	0	0.0	19.5	87.1	29.1	47.2	16.6	28.9	
A1-Q2	A1	Q2	df-16919-partial-12-depth-4	256m	accept-groups	5	ok	4	0	1	Sorted	Sorted	0.002	0.060	0.07	297	0	0.0	0	0.0	0	0.0	0	0.0	19.5	60.5	150.6	21.0	0.0	30.3	
A1-Q2	A1	Q2	df-16919-partial-12-depth-4	256m	original	6	ok	2	1	0	Linear	Linear	0.002	0.061	0.07	234	0	0.0	0	0.0	0	0.0	0	0.0	19.5	87.1	27.3	47.3	16.6	28.9	
A1-Q2	A1	Q2	df-16919-partial-12-depth-4	256m	accept-groups	6	ok	4	0	1	Sorted	Sorted	0.002	0.064	0.07	308	0	0.0	0	0.0	0	0.0	0	0.0	19.5	60.5	150.6	21.0	0.0	30.3	
A1-Q2	A1	Q2	df-16919-partial-12-depth-4	256m	original-target	6	ok	4	0	1	Sorted	Sorted	0.002	0.050	0.06	309	0	0.0	0	0.0	0	0.0	0	0.0	19.5	60.5	228.2	15.5	0.0	25.1	
A1-Q2	A1	Q2	df-16919-partial-12-depth-4	256m	accept-groups	7	ok	4	0	1	Sorted	Sorted	0.002	0.059	0.06	315	0	0.0	0	0.0	0	0.0	0	0.0	19.5	60.5	150.6	21.0	0.0	30.3	
A1-Q2	A1	Q2	df-16919-partial-12-depth-4	256m	original-target	7	ok	4	0	1	Sorted	Sorted	0.002	0.056	0.06	315	0	0.0	0	0.0	0	0.0	0	0.0	19.5	60.5	228.2	15.5	0.0	25.1	
A1-Q2	A1	Q2	df-16919-partial-12-depth-4	256m	original	7	ok	2	1	0	Linear	Linear	0.002	0.063	0.07	243	0	0.0	0	0.0	0	0.0	0	0.0	19.5	87.1	29.1	47.2	16.6	28.9	
A1-Q2	A1	Q2	df-16919-partial-12-depth-4	256m	original-target	8	ok	4	0	1	Sorted	Sorted	0.002	0.048	0.05	337	0	0.0	0	0.0	0	0.0	0	0.0	19.5	60.5	228.2	15.5	0.0	25.1	
A1-Q2	A1	Q2	df-16919-partial-12-depth-4	256m	original	8	ok	2	1	0	Linear	Linear	0.002	0.067	0.07	250	0	0.0	0	0.0	0	0.0	0	0.0	19.5	87.1	29.8	47.2	16.6	28.9	
A1-Q2	A1	Q2	df-16919-partial-12-depth-4	256m	accept-groups	8	ok	4	0	1	Sorted	Sorted	0.002	0.060	0.06	290	0	0.0	0	0.0	0	0.0	0	0.0	19.5	60.5	150.6	21.0	0.0	30.3	
A1-Q2	A1	Q2	df-16919-partial-12-depth-4	256m	original	9	ok	2	1	0	Linear	Linear	0.002	0.060	0.06	246	0	0.0	0	0.0	0	0.0	0	0.0	19.5	87.1	26.3	47.2	16.6	28.9	
A1-Q2	A1	Q2	df-16919-partial-12-depth-4	256m	accept-groups	9	ok	4	0	1	Sorted	Sorted	0.002	0.061	0.07	313	0	0.0	0	0.0	0	0.0	0	0.0	19.5	60.5	150.6	21.0	0.0	30.3	
A1-Q2	A1	Q2	df-16919-partial-12-depth-4	256m	original-target	9	ok	4	0	1	Sorted	Sorted	0.002	0.056	0.06	306	0	0.0	0	0.0	0	0.0	0	0.0	19.5	60.5	228.2	15.5	0.0	25.1	
A1-Q2	A1	Q2	df-16919-partial-12-depth-4	256m	accept-groups	10	ok	4	0	1	Sorted	Sorted	0.002	0.068	0.08	303	0	0.0	0	0.0	0	0.0	0	0.0	19.5	60.5	150.6	21.0	0.0	30.3	
A1-Q2	A1	Q2	df-16919-partial-12-depth-4	256m	original-target	10	ok	4	0	1	Sorted	Sorted	0.002	0.056	0.06	322	0	0.0	0	0.0	0	0.0	0	0.0	19.5	60.5	228.2	15.5	0.0	25.1	
A1-Q2	A1	Q2	df-16919-partial-12-depth-4	256m	original	10	ok	2	1	0	Linear	Linear	0.002	0.057	0.06	235	0	0.0	0	0.0	0	0.0	0	0.0	19.5	87.1	29.1	47.2	16.6	28.9	
A1-Q4	A1	Q4	df-16919-partial-12-depth-4	256m	accept-groups	1	ok	2	0	0	Linear	Linear	0.002	0.019	0.02	214	0	0.0	0	0.0	0	0.0	0	0.0	39.1	170.1	14.6	54.0	0.0	0.0	
A1-Q4	A1	Q4	df-16919-partial-12-depth-4	256m	original-target	1	ok	4	0	0	Linear	Linear	0.002	0.015	0.02	270	0	0.0	0	0.0	0	0.0	0	0.0	39.1	255.4	18.0	27.0	0.0	0.0	
A1-Q4	A1	Q4	df-16919-partial-12-depth-4	256m	original	1	ok	2	0	0	Linear	Linear	0.002	0.019	0.02	222	0	0.0	0	0.0	0	0.0	0	0.0	39.1	170.4	15.2	47.2	0.0	0.0	
A1-Q4	A1	Q4	df-16919-partial-12-depth-4	256m	original-target	2	ok	4	0	0	Linear	Linear	0.002	0.012	0.02	256	0	0.0	0	0.0	0	0.0	0	0.0	39.1	255.4	18.0	24.8	0.0	0.0	
A1-Q4	A1	Q4	df-16919-partial-12-depth-4	256m	original	2	ok	2	0	0	Linear	Linear	0.002	0.017	0.02	201	0	0.0	0	0.0	0	0.0	0	0.0	39.1	170.4	15.2	47.2	0.0	0.0	
A1-Q4	A1	Q4	df-16919-partial-12-depth-4	256m	accept-groups	2	ok	2	0	0	Linear	Linear	0.002	0.019	0.02	219	0	0.0	0	0.0	0	0.0	0	0.0	39.1	170.1	15.2	54.0	0.0	0.0	
A1-Q4	A1	Q4	df-16919-partial-12-depth-4	256m	original	3	ok	2	0	0	Linear	Linear	0.002	0.015	0.02	223	0	0.0	0	0.0	0	0.0	0	0.0	39.1	170.4	15.2	47.2	0.0	0.0	
A1-Q4	A1	Q4	df-16919-partial-12-depth-4	256m	accept-groups	3	ok	2	0	0	Linear	Linear	0.002	0.014	0.02	216	0	0.0	0	0.0	0	0.0	0	0.0	39.1	170.1	14.6	54.0	0.0	0.0	
A1-Q4	A1	Q4	df-16919-partial-12-depth-4	256m	original-target	3	ok	4	0	0	Linear	Linear	0.002	0.021	0.03	278	0	0.0	0	0.0	0	0.0	0	0.0	39.1	255.4	18.0	27.0	0.0	0.0	
A1-Q4	A1	Q4	df-16919-partial-12-depth-4	256m	accept-groups	4	ok	2	0	0	Linear	Linear	0.002	0.021	0.02	215	0	0.0	0	0.0	0	0.0	0	0.0	39.1	170.1	14.6	54.0	0.0	0.0	
A1-Q4	A1	Q4	df-16919-partial-12-depth-4	256m	original-target	4	ok	4	0	0	Linear	Linear	0.002	0.019	0.02	279	0	0.0	0	0.0	0	0.0	0	0.0	39.1	255.4	18.0	27.0	0.0	0.0	
A1-Q4	A1	Q4	df-16919-partial-12-depth-4	256m	original	4	ok	2	0	0	Linear	Linear	0.002	0.022	0.03	209	0	0.0	0	0.0	0	0.0	0	0.0	39.1	170.4	15.2	47.2	0.0	0.0	
A1-Q4	A1	Q4	df-16919-partial-12-depth-4	256m	original-target	5	ok	4	0	0	Linear	Linear	0.002	0.015	0.02	273	0	0.0	0	0.0	0	0.0	0	0.0	39.1	255.4	18.0	23.9	0.0	0.0	
A1-Q4	A1	Q4	df-16919-partial-12-depth-4	256m	original	5	ok	2	0	0	Linear	Linear	0.002	0.017	0.02	214	0	0.0	0	0.0	0	0.0	0	0.0	39.1	170.4	14.6	47.2	0.0	0.0	
A1-Q4	A1	Q4	df-16919-partial-12-depth-4	256m	accept-groups	5	ok	2	0	0	Linear	Linear	0.002	0.017	0.02	196	0	0.0	0	0.0	0	0.0	0	0.0	39.1	170.1	14.6	54.0	0.0	0.0	
A1-Q4	A1	Q4	df-16919-partial-12-depth-4	256m	original	6	ok	2	0	0	Linear	Linear	0.002	0.018	0.02	206	0	0.0	0	0.0	0	0.0	0	0.0	39.1	170.4	14.6	47.2	0.0	0.0	
A1-Q4	A1	Q4	df-16919-partial-12-depth-4	256m	accept-groups	6	ok	2	0	0	Linear	Linear	0.002	0.021	0.03	207	0	0.0	0	0.0	0	0.0	0	0.0	39.1	170.1	14.6	54.0	0.0	0.0	
A1-Q4	A1	Q4	df-16919-partial-12-depth-4	256m	original-target	6	ok	4	0	0	Linear	Linear	0.002	0.019	0.02	282	0	0.0	0	0.0	0	0.0	0	0.0	39.1	255.4	18.0	27.0	0.0	0.0	
A1-Q4	A1	Q4	df-16919-partial-12-depth-4	256m	accept-groups	7	ok	2	0	0	Linear	Linear	0.002	0.018	0.02	226	0	0.0	0	0.0	0	0.0	0	0.0	39.1	170.1	14.6	54.0	0.0	0.0	
A1-Q4	A1	Q4	df-16919-partial-12-depth-4	256m	original-target	7	ok	4	0	0	Linear	Linear	0.002	0.015	0.02	277	0	0.0	0	0.0	0	0.0	0	0.0	39.1	255.4	18.0	27.0	0.0	0.0	
A1-Q4	A1	Q4	df-16919-partial-12-depth-4	256m	original	7	ok	2	0	0	Linear	Linear	0.002	0.017	0.02	227	0	0.0	0	0.0	0	0.0	0	0.0	39.1	170.4	15.2	47.2	0.0	0.0	
A1-Q4	A1	Q4	df-16919-partial-12-depth-4	256m	original-target	8	ok	4	0	0	Linear	Linear	0.002	0.019	0.02	276	0	0.0	0	0.0	0	0.0	0	0.0	39.1	255.4	18.0	27.0	0.0	0.0	
A1-Q4	A1	Q4	df-16919-partial-12-depth-4	256m	original	8	ok	2	0	0	Linear	Linear	0.003	0.021	0.03	224	0	0.0	0	0.0	0	0.0	0	0.0	39.1	170.4	15.2	47.2	0.0	0.0	
A1-Q4	A1	Q4	df-16919-partial-12-depth-4	256m	accept-groups	8	ok	2	0	0	Linear	Linear	0.002	0.015	0.02	226	0	0.0	0	0.0	0	0.0	0	0.0	39.1	170.1	14.6	54.0	0.0	0.0	
A1-Q4	A1	Q4	df-16919-partial-12-depth-4	256m	original	9	ok	2	0	0	Linear	Linear	0.002	0.017	0.02	220	0	0.0	0	0.0	0	0.0	0	0.0	39.1	170.4	15.2	47.2	0.0	0.0	
A1-Q4	A1	Q4	df-16919-partial-12-depth-4	256m	accept-groups	9	ok	2	0	0	Linear	Linear	0.002	0.020	0.02	208	0	0.0	0	0.0	0	0.0	0	0.0	39.1	170.1	14.6	54.0	0.0	0.0	
A1-Q4	A1	Q4	df-16919-partial-12-depth-4	256m	original-target	9	ok	4	0	0	Linear	Linear	0.002	0.016	0.02	274	0	0.0	0	0.0	0	0.0	0	0.0	39.1	255.4	18.0	27.0	0.0	0.0	
A1-Q4	A1	Q4	df-16919-partial-12-depth-4	256m	accept-groups	10	ok	2	0	0	Linear	Linear	0.002	0.016	0.02	211	0	0.0	0	0.0	0	0.0	0	0.0	39.1	170.1	14.6	54.0	0.0	0.0	
A1-Q4	A1	Q4	df-16919-partial-12-depth-4	256m	original-target	10	ok	4	0	0	Linear	Linear	0.002	0.017	0.02	272	0	0.0	0	0.0	0	0.0	0	0.0	39.1	255.4	18.0	27.0	0.0	0.0	
A1-Q4	A1	Q4	df-16919-partial-12-depth-4	256m	original	10	ok	2	0	0	Linear	Linear	0.002	0.022	0.03	216	0	0.0	0	0.0	0	0.0	0	0.0	39.1	170.4	15.2	47.2	0.0	0.0	
A2-depth-1	A2	Q3	df-16919-partial-12-depth-1	256m	accept-groups	1	ok	2	0	1	PartiallySorted([0, 1])	PartiallySorted([0, 1])	0.003	0.495	0.50	345	0	0.0	0	0.0	0	0.0	0	0.0	68.4	247.4	319.5	274.2	0.0	309.5	
A2-depth-1	A2	Q3	df-16919-partial-12-depth-1	256m	original	1	ok	2	0	1	PartiallySorted([0, 1])	PartiallySorted([0, 1])	0.002	0.504	0.51	308	0	0.0	0	0.0	0	0.0	0	0.0	68.4	247.4	319.5	274.2	0.0	309.5	
A2-depth-1	A2	Q3	df-16919-partial-12-depth-1	256m	original	2	ok	2	0	1	PartiallySorted([0, 1])	PartiallySorted([0, 1])	0.002	0.483	0.49	310	0	0.0	0	0.0	0	0.0	0	0.0	68.4	247.4	319.5	274.2	0.0	309.5	
A2-depth-1	A2	Q3	df-16919-partial-12-depth-1	256m	accept-groups	2	ok	2	0	1	PartiallySorted([0, 1])	PartiallySorted([0, 1])	0.002	0.507	0.51	339	0	0.0	0	0.0	0	0.0	0	0.0	68.4	247.4	319.5	274.2	0.0	309.5	
A2-depth-1	A2	Q3	df-16919-partial-12-depth-1	256m	accept-groups	3	ok	2	0	1	PartiallySorted([0, 1])	PartiallySorted([0, 1])	0.002	0.523	0.53	314	0	0.0	0	0.0	0	0.0	0	0.0	68.4	247.4	319.5	274.2	0.0	309.5	
A2-depth-1	A2	Q3	df-16919-partial-12-depth-1	256m	original	3	ok	2	0	1	PartiallySorted([0, 1])	PartiallySorted([0, 1])	0.002	0.491	0.50	303	0	0.0	0	0.0	0	0.0	0	0.0	68.4	247.4	319.5	274.2	0.0	309.5	
A2-depth-1	A2	Q3	df-16919-partial-12-depth-1	256m	original	4	ok	2	0	1	PartiallySorted([0, 1])	PartiallySorted([0, 1])	0.002	0.537	0.54	326	0	0.0	0	0.0	0	0.0	0	0.0	68.4	247.4	319.5	274.2	0.0	309.5	
A2-depth-1	A2	Q3	df-16919-partial-12-depth-1	256m	accept-groups	4	ok	2	0	1	PartiallySorted([0, 1])	PartiallySorted([0, 1])	0.002	0.549	0.55	327	0	0.0	0	0.0	0	0.0	0	0.0	68.4	247.4	319.5	274.2	0.0	309.5	
A2-depth-1	A2	Q3	df-16919-partial-12-depth-1	256m	accept-groups	5	ok	2	0	1	PartiallySorted([0, 1])	PartiallySorted([0, 1])	0.002	0.501	0.51	319	0	0.0	0	0.0	0	0.0	0	0.0	68.4	247.4	319.5	274.2	0.0	309.5	
A2-depth-1	A2	Q3	df-16919-partial-12-depth-1	256m	original	5	ok	2	0	1	PartiallySorted([0, 1])	PartiallySorted([0, 1])	0.001	0.547	0.55	331	0	0.0	0	0.0	0	0.0	0	0.0	68.4	247.4	319.5	274.2	0.0	309.5	
A2-depth-1	A2	Q3	df-16919-partial-12-depth-1	256m	original	6	ok	2	0	1	PartiallySorted([0, 1])	PartiallySorted([0, 1])	0.002	0.518	0.52	339	0	0.0	0	0.0	0	0.0	0	0.0	68.4	247.4	319.5	274.2	0.0	309.5	
A2-depth-1	A2	Q3	df-16919-partial-12-depth-1	256m	accept-groups	6	ok	2	0	1	PartiallySorted([0, 1])	PartiallySorted([0, 1])	0.002	0.540	0.54	318	0	0.0	0	0.0	0	0.0	0	0.0	68.4	247.4	319.5	274.2	0.0	309.5	
A2-depth-1	A2	Q3	df-16919-partial-12-depth-1	256m	accept-groups	7	ok	2	0	1	PartiallySorted([0, 1])	PartiallySorted([0, 1])	0.002	0.488	0.49	331	0	0.0	0	0.0	0	0.0	0	0.0	68.4	247.4	319.5	274.2	0.0	309.5	
A2-depth-1	A2	Q3	df-16919-partial-12-depth-1	256m	original	7	ok	2	0	1	PartiallySorted([0, 1])	PartiallySorted([0, 1])	0.002	0.508	0.51	306	0	0.0	0	0.0	0	0.0	0	0.0	68.4	247.4	319.5	274.2	0.0	309.5	
A2-depth-1	A2	Q3	df-16919-partial-12-depth-1	256m	original	8	ok	2	0	1	PartiallySorted([0, 1])	PartiallySorted([0, 1])	0.002	0.506	0.51	330	0	0.0	0	0.0	0	0.0	0	0.0	68.4	247.4	319.5	274.2	0.0	309.5	
A2-depth-1	A2	Q3	df-16919-partial-12-depth-1	256m	accept-groups	8	ok	2	0	1	PartiallySorted([0, 1])	PartiallySorted([0, 1])	0.002	0.489	0.49	334	0	0.0	0	0.0	0	0.0	0	0.0	68.4	247.4	319.5	274.2	0.0	309.5	
A2-depth-1	A2	Q3	df-16919-partial-12-depth-1	256m	accept-groups	9	ok	2	0	1	PartiallySorted([0, 1])	PartiallySorted([0, 1])	0.002	0.517	0.52	327	0	0.0	0	0.0	0	0.0	0	0.0	68.4	247.4	319.5	274.2	0.0	309.5	
A2-depth-1	A2	Q3	df-16919-partial-12-depth-1	256m	original	9	ok	2	0	1	PartiallySorted([0, 1])	PartiallySorted([0, 1])	0.002	0.541	0.55	315	0	0.0	0	0.0	0	0.0	0	0.0	68.4	247.4	319.5	274.2	0.0	309.5	
A2-depth-1	A2	Q3	df-16919-partial-12-depth-1	256m	original	10	ok	2	0	1	PartiallySorted([0, 1])	PartiallySorted([0, 1])	0.002	0.509	0.52	329	0	0.0	0	0.0	0	0.0	0	0.0	68.4	247.4	319.5	274.2	0.0	309.5	
A2-depth-1	A2	Q3	df-16919-partial-12-depth-1	256m	accept-groups	10	ok	2	0	1	PartiallySorted([0, 1])	PartiallySorted([0, 1])	0.002	0.493	0.50	342	0	0.0	0	0.0	0	0.0	0	0.0	68.4	247.4	319.5	274.2	0.0	309.5	
A2-depth-2	A2	Q3	df-16919-partial-12-depth-2	256m	accept-groups	1	ok	2	0	1	PartiallySorted([0, 1])	PartiallySorted([0, 1])	0.002	0.456	0.46	323	0	0.0	0	0.0	0	0.0	0	0.0	70.2	266.6	386.6	264.8	0.0	307.8	
A2-depth-2	A2	Q3	df-16919-partial-12-depth-2	256m	original	1	ok	2	0	1	PartiallySorted([0, 1])	PartiallySorted([0, 1])	0.002	0.451	0.46	350	0	0.0	0	0.0	0	0.0	0	0.0	70.2	266.6	386.6	264.8	0.0	307.8	
A2-depth-2	A2	Q3	df-16919-partial-12-depth-2	256m	original	2	ok	2	0	1	PartiallySorted([0, 1])	PartiallySorted([0, 1])	0.003	0.413	0.42	339	0	0.0	0	0.0	0	0.0	0	0.0	70.2	266.6	386.6	264.8	0.0	307.8	
A2-depth-2	A2	Q3	df-16919-partial-12-depth-2	256m	accept-groups	2	ok	2	0	1	PartiallySorted([0, 1])	PartiallySorted([0, 1])	0.002	0.422	0.43	315	0	0.0	0	0.0	0	0.0	0	0.0	70.2	266.6	386.6	264.8	0.0	307.8	
A2-depth-2	A2	Q3	df-16919-partial-12-depth-2	256m	accept-groups	3	ok	2	0	1	PartiallySorted([0, 1])	PartiallySorted([0, 1])	0.002	0.407	0.41	337	0	0.0	0	0.0	0	0.0	0	0.0	70.2	266.6	386.6	264.8	0.0	307.8	
A2-depth-2	A2	Q3	df-16919-partial-12-depth-2	256m	original	3	ok	2	0	1	PartiallySorted([0, 1])	PartiallySorted([0, 1])	0.002	0.408	0.41	314	0	0.0	0	0.0	0	0.0	0	0.0	70.2	266.6	386.6	264.8	0.0	307.8	
A2-depth-2	A2	Q3	df-16919-partial-12-depth-2	256m	original	4	ok	2	0	1	PartiallySorted([0, 1])	PartiallySorted([0, 1])	0.002	0.462	0.47	340	0	0.0	0	0.0	0	0.0	0	0.0	70.2	266.6	386.6	264.8	0.0	307.8	
A2-depth-2	A2	Q3	df-16919-partial-12-depth-2	256m	accept-groups	4	ok	2	0	1	PartiallySorted([0, 1])	PartiallySorted([0, 1])	0.002	0.409	0.41	335	0	0.0	0	0.0	0	0.0	0	0.0	70.2	266.6	386.6	264.8	0.0	307.8	
A2-depth-2	A2	Q3	df-16919-partial-12-depth-2	256m	accept-groups	5	ok	2	0	1	PartiallySorted([0, 1])	PartiallySorted([0, 1])	0.002	0.405	0.41	342	0	0.0	0	0.0	0	0.0	0	0.0	70.2	266.6	386.6	264.8	0.0	307.8	
A2-depth-2	A2	Q3	df-16919-partial-12-depth-2	256m	original	5	ok	2	0	1	PartiallySorted([0, 1])	PartiallySorted([0, 1])	0.002	0.453	0.46	336	0	0.0	0	0.0	0	0.0	0	0.0	70.2	266.6	386.6	264.8	0.0	307.8	
A2-depth-2	A2	Q3	df-16919-partial-12-depth-2	256m	original	6	ok	2	0	1	PartiallySorted([0, 1])	PartiallySorted([0, 1])	0.002	0.440	0.45	337	0	0.0	0	0.0	0	0.0	0	0.0	70.2	266.6	386.6	264.8	0.0	307.8	
A2-depth-2	A2	Q3	df-16919-partial-12-depth-2	256m	accept-groups	6	ok	2	0	1	PartiallySorted([0, 1])	PartiallySorted([0, 1])	0.002	0.416	0.42	384	0	0.0	0	0.0	0	0.0	0	0.0	70.2	266.6	386.6	264.8	0.0	307.8	
A2-depth-2	A2	Q3	df-16919-partial-12-depth-2	256m	accept-groups	7	ok	2	0	1	PartiallySorted([0, 1])	PartiallySorted([0, 1])	0.002	0.435	0.44	319	0	0.0	0	0.0	0	0.0	0	0.0	70.2	266.6	386.6	264.8	0.0	307.8	
A2-depth-2	A2	Q3	df-16919-partial-12-depth-2	256m	original	7	ok	2	0	1	PartiallySorted([0, 1])	PartiallySorted([0, 1])	0.002	0.416	0.42	326	0	0.0	0	0.0	0	0.0	0	0.0	70.2	266.6	386.6	264.8	0.0	307.8	
A2-depth-2	A2	Q3	df-16919-partial-12-depth-2	256m	original	8	ok	2	0	1	PartiallySorted([0, 1])	PartiallySorted([0, 1])	0.002	0.427	0.43	307	0	0.0	0	0.0	0	0.0	0	0.0	70.2	266.6	386.6	264.8	0.0	307.8	
A2-depth-2	A2	Q3	df-16919-partial-12-depth-2	256m	accept-groups	8	ok	2	0	1	PartiallySorted([0, 1])	PartiallySorted([0, 1])	0.002	0.464	0.47	328	0	0.0	0	0.0	0	0.0	0	0.0	70.2	266.6	386.6	264.8	0.0	307.8	
A2-depth-2	A2	Q3	df-16919-partial-12-depth-2	256m	accept-groups	9	ok	2	0	1	PartiallySorted([0, 1])	PartiallySorted([0, 1])	0.002	0.435	0.44	333	0	0.0	0	0.0	0	0.0	0	0.0	70.2	266.6	386.6	264.8	0.0	307.8	
A2-depth-2	A2	Q3	df-16919-partial-12-depth-2	256m	original	9	ok	2	0	1	PartiallySorted([0, 1])	PartiallySorted([0, 1])	0.003	0.439	0.44	305	0	0.0	0	0.0	0	0.0	0	0.0	70.2	266.6	386.6	264.8	0.0	307.8	
A2-depth-2	A2	Q3	df-16919-partial-12-depth-2	256m	original	10	ok	2	0	1	PartiallySorted([0, 1])	PartiallySorted([0, 1])	0.002	0.446	0.45	318	0	0.0	0	0.0	0	0.0	0	0.0	70.2	266.6	386.6	264.8	0.0	307.8	
A2-depth-2	A2	Q3	df-16919-partial-12-depth-2	256m	accept-groups	10	ok	2	0	1	PartiallySorted([0, 1])	PartiallySorted([0, 1])	0.002	0.404	0.41	353	0	0.0	0	0.0	0	0.0	0	0.0	70.2	266.6	386.6	264.8	0.0	307.8	
A2-depth-12	A2	Q3	df-16919-partial-12-depth-12	256m	accept-groups	1	ok	12	0	1	PartiallySorted([0, 1])	PartiallySorted([0, 1])	0.002	0.351	0.36	585	0	0.0	0	0.0	0	0.0	16	20.3	69.3	178.3	317.5	251.5	0.0	310.0	
A2-depth-12	A2	Q3	df-16919-partial-12-depth-12	256m	original-target	1	ok	12	0	1	PartiallySorted([0, 1])	PartiallySorted([0, 1])	0.002	0.335	0.34	802	0	0.0	0	0.0	26	46.7	141	44.1	69.3	161.0	218.6	138.3	0.0	400.6	
A2-depth-12	A2	Q3	df-16919-partial-12-depth-12	256m	original	1	ok	2	1	0	Linear	Linear	0.002	0.649	0.66	562	8	72.7	0	0.0	10	73.0	0	0.0	69.3	1068.1	201.0	193.4	181.7	280.6	
A2-depth-12	A2	Q3	df-16919-partial-12-depth-12	256m	original-target	2	ok	12	0	1	PartiallySorted([0, 1])	PartiallySorted([0, 1])	0.002	0.384	0.39	872	0	0.0	0	0.0	66	133.8	138	36.4	69.3	143.5	241.5	147.8	0.0	430.0	
A2-depth-12	A2	Q3	df-16919-partial-12-depth-12	256m	original	2	ok	2	1	0	Linear	Linear	0.002	0.589	0.60	500	7	72.7	0	0.0	10	73.0	0	0.0	69.3	1068.1	206.3	193.4	181.7	279.6	
A2-depth-12	A2	Q3	df-16919-partial-12-depth-12	256m	accept-groups	2	ok	12	0	1	PartiallySorted([0, 1])	PartiallySorted([0, 1])	0.003	0.362	0.37	598	0	0.0	0	0.0	0	0.0	20	17.0	69.3	178.3	327.1	251.5	0.0	310.0	
A2-depth-12	A2	Q3	df-16919-partial-12-depth-12	256m	original	3	ok	2	1	0	Linear	Linear	0.002	0.608	0.62	536	8	72.7	0	0.0	10	73.0	0	0.0	69.3	1068.1	204.5	193.4	181.7	280.6	
A2-depth-12	A2	Q3	df-16919-partial-12-depth-12	256m	accept-groups	3	ok	12	0	1	PartiallySorted([0, 1])	PartiallySorted([0, 1])	0.002	0.369	0.38	576	0	0.0	0	0.0	0	0.0	15	20.1	69.3	178.3	321.1	251.5	0.0	310.0	
A2-depth-12	A2	Q3	df-16919-partial-12-depth-12	256m	original-target	3	ok	12	0	1	PartiallySorted([0, 1])	PartiallySorted([0, 1])	0.002	0.345	0.35	891	0	0.0	0	0.0	71	144.9	139	37.0	69.3	141.1	244.5	151.9	0.0	452.2	
A2-depth-12	A2	Q3	df-16919-partial-12-depth-12	256m	accept-groups	4	ok	12	0	1	PartiallySorted([0, 1])	PartiallySorted([0, 1])	0.002	0.384	0.39	579	0	0.0	0	0.0	0	0.0	18	20.0	69.3	178.3	318.7	251.5	0.0	310.0	
A2-depth-12	A2	Q3	df-16919-partial-12-depth-12	256m	original-target	4	ok	12	0	1	PartiallySorted([0, 1])	PartiallySorted([0, 1])	0.003	0.378	0.39	924	0	0.0	0	0.0	70	142.0	138	40.1	69.3	144.9	223.2	150.5	0.0	444.9	
A2-depth-12	A2	Q3	df-16919-partial-12-depth-12	256m	original	4	ok	2	1	0	Linear	Linear	0.003	0.671	0.68	498	7	72.7	0	0.0	10	73.0	0	0.0	69.3	1068.1	198.6	193.4	181.7	280.6	
A2-depth-12	A2	Q3	df-16919-partial-12-depth-12	256m	original-target	5	ok	12	0	1	PartiallySorted([0, 1])	PartiallySorted([0, 1])	0.002	0.399	0.41	876	0	0.0	0	0.0	70	138.8	142	35.7	69.3	142.7	229.2	149.2	0.0	437.6	
A2-depth-12	A2	Q3	df-16919-partial-12-depth-12	256m	original	5	ok	2	1	0	Linear	Linear	0.004	0.619	0.63	537	7	72.7	0	0.0	10	73.0	0	0.0	69.3	1068.1	202.3	192.0	181.7	279.6	
A2-depth-12	A2	Q3	df-16919-partial-12-depth-12	256m	accept-groups	5	ok	12	0	1	PartiallySorted([0, 1])	PartiallySorted([0, 1])	0.002	0.363	0.37	601	0	0.0	0	0.0	0	0.0	18	19.0	69.3	178.3	317.8	251.5	0.0	310.0	
A2-depth-12	A2	Q3	df-16919-partial-12-depth-12	256m	original	6	ok	2	1	0	Linear	Linear	0.002	0.599	0.61	507	7	72.7	0	0.0	10	73.0	0	0.0	69.3	1068.1	200.9	193.4	181.7	280.6	
A2-depth-12	A2	Q3	df-16919-partial-12-depth-12	256m	accept-groups	6	ok	12	0	1	PartiallySorted([0, 1])	PartiallySorted([0, 1])	0.002	0.358	0.36	574	0	0.0	0	0.0	0	0.0	18	20.6	69.3	178.3	322.3	251.5	0.0	310.0	
A2-depth-12	A2	Q3	df-16919-partial-12-depth-12	256m	original-target	6	ok	12	0	1	PartiallySorted([0, 1])	PartiallySorted([0, 1])	0.002	0.378	0.38	873	0	0.0	0	0.0	68	137.9	138	37.9	69.3	139.4	221.3	149.2	0.0	437.6	
A2-depth-12	A2	Q3	df-16919-partial-12-depth-12	256m	accept-groups	7	ok	12	0	1	PartiallySorted([0, 1])	PartiallySorted([0, 1])	0.002	0.362	0.37	579	0	0.0	0	0.0	0	0.0	18	20.1	69.3	178.3	319.8	251.5	0.0	310.0	
A2-depth-12	A2	Q3	df-16919-partial-12-depth-12	256m	original-target	7	ok	12	0	1	PartiallySorted([0, 1])	PartiallySorted([0, 1])	0.002	0.374	0.38	850	0	0.0	0	0.0	72	146.1	141	33.2	69.3	139.2	228.3	151.9	0.0	452.2	
A2-depth-12	A2	Q3	df-16919-partial-12-depth-12	256m	original	7	ok	2	1	0	Linear	Linear	0.002	0.605	0.61	512	7	72.7	0	0.0	10	73.0	0	0.0	69.3	1068.1	205.5	193.4	181.7	280.6	
A2-depth-12	A2	Q3	df-16919-partial-12-depth-12	256m	original-target	8	ok	12	0	1	PartiallySorted([0, 1])	PartiallySorted([0, 1])	0.002	0.395	0.40	938	0	0.0	0	0.0	72	146.1	135	34.4	69.3	137.8	246.1	151.9	0.0	452.2	
A2-depth-12	A2	Q3	df-16919-partial-12-depth-12	256m	original	8	ok	2	1	0	Linear	Linear	0.002	0.616	0.62	551	8	72.7	0	0.0	10	73.0	0	0.0	69.3	1068.1	205.4	192.7	181.7	280.6	
A2-depth-12	A2	Q3	df-16919-partial-12-depth-12	256m	accept-groups	8	ok	12	0	1	PartiallySorted([0, 1])	PartiallySorted([0, 1])	0.002	0.356	0.36	601	0	0.0	0	0.0	0	0.0	20	19.0	69.3	178.3	321.6	251.5	0.0	310.0	
A2-depth-12	A2	Q3	df-16919-partial-12-depth-12	256m	original	9	ok	2	1	0	Linear	Linear	0.002	0.594	0.60	532	8	72.7	0	0.0	10	73.0	0	0.0	69.3	1068.1	196.2	193.4	181.7	280.6	
A2-depth-12	A2	Q3	df-16919-partial-12-depth-12	256m	accept-groups	9	ok	12	0	1	PartiallySorted([0, 1])	PartiallySorted([0, 1])	0.002	0.367	0.37	599	0	0.0	0	0.0	0	0.0	16	23.5	69.3	178.3	319.9	251.5	0.0	310.0	
A2-depth-12	A2	Q3	df-16919-partial-12-depth-12	256m	original-target	9	ok	12	0	1	PartiallySorted([0, 1])	PartiallySorted([0, 1])	0.002	0.414	0.42	937	0	0.0	0	0.0	72	146.1	143	33.1	69.3	141.5	249.2	151.9	0.0	452.2	
A2-depth-12	A2	Q3	df-16919-partial-12-depth-12	256m	accept-groups	10	ok	12	0	1	PartiallySorted([0, 1])	PartiallySorted([0, 1])	0.002	0.377	0.38	595	0	0.0	0	0.0	0	0.0	16	20.9	69.3	178.3	314.1	251.5	0.0	310.0	
A2-depth-12	A2	Q3	df-16919-partial-12-depth-12	256m	original-target	10	ok	12	0	1	PartiallySorted([0, 1])	PartiallySorted([0, 1])	0.002	0.359	0.37	860	0	0.0	0	0.0	69	142.8	143	36.9	69.3	138.1	241.8	151.9	0.0	452.2	
A2-depth-12	A2	Q3	df-16919-partial-12-depth-12	256m	original	10	ok	2	1	0	Linear	Linear	0.002	0.646	0.65	530	8	72.7	0	0.0	10	73.0	0	0.0	69.3	1068.1	200.8	192.7	181.7	279.6	
A3	A3	Q3	df-16919-partial-12-depth-4	128m	accept-groups	1	ok	4	0	1	PartiallySorted([0, 1])	PartiallySorted([0, 1])	0.002	0.379	0.38	389	0	0.0	0	0.0	0	0.0	7	4.0	68.4	247.6	457.8	252.0	0.0	308.5	
A3	A3	Q3	df-16919-partial-12-depth-4	128m	original-target	1	ok	4	0	1	PartiallySorted([0, 1])	PartiallySorted([0, 1])	0.002	0.408	0.41	439	0	0.0	0	0.0	6	14.2	16	26.2	68.4	212.3	326.6	231.1	0.0	431.6	
A3	A3	Q3	df-16919-partial-12-depth-4	128m	original	1	ok	2	1	0	Linear	Linear	0.002	0.666	0.67	501	15	72.7	0	0.0	22	140.3	0	0.0	68.4	585.5	173.4	194.1	193.6	280.6	
A3	A3	Q3	df-16919-partial-12-depth-4	128m	original-target	2	ok	4	0	1	PartiallySorted([0, 1])	PartiallySorted([0, 1])	0.003	0.386	0.39	488	0	0.0	0	0.0	23	63.7	16	18.6	68.4	207.1	329.4	189.7	0.0	327.5	
A3	A3	Q3	df-16919-partial-12-depth-4	128m	original	2	ok	2	1	0	Linear	Linear	0.002	0.665	0.67	449	15	72.7	0	0.0	22	137.3	0	0.0	68.4	585.5	169.0	194.1	193.6	279.6	
A3	A3	Q3	df-16919-partial-12-depth-4	128m	accept-groups	2	ok	4	0	1	PartiallySorted([0, 1])	PartiallySorted([0, 1])	0.002	0.391	0.40	379	0	0.0	0	0.0	0	0.0	7	3.5	68.4	247.6	459.9	252.0	0.0	308.5	
A3	A3	Q3	df-16919-partial-12-depth-4	128m	original	3	ok	2	1	0	Linear	Linear	0.002	0.695	0.70	459	15	72.7	0	0.0	22	140.4	0	0.0	68.4	585.5	172.2	194.1	193.6	278.6	
A3	A3	Q3	df-16919-partial-12-depth-4	128m	accept-groups	3	ok	4	0	1	PartiallySorted([0, 1])	PartiallySorted([0, 1])	0.002	0.403	0.41	416	0	0.0	0	0.0	0	0.0	7	4.5	68.4	247.6	457.1	252.0	0.0	308.5	
A3	A3	Q3	df-16919-partial-12-depth-4	128m	original-target	3	ok	4	0	1	PartiallySorted([0, 1])	PartiallySorted([0, 1])	0.002	0.412	0.42	449	0	0.0	0	0.0	5	14.3	16	24.6	68.4	204.3	309.3	234.0	0.0	427.8	
A3	A3	Q3	df-16919-partial-12-depth-4	128m	accept-groups	4	ok	4	0	1	PartiallySorted([0, 1])	PartiallySorted([0, 1])	0.002	0.382	0.39	420	0	0.0	0	0.0	0	0.0	7	4.4	68.4	247.6	455.6	252.0	0.0	308.5	
A3	A3	Q3	df-16919-partial-12-depth-4	128m	original-target	4	ok	4	0	1	PartiallySorted([0, 1])	PartiallySorted([0, 1])	0.002	0.414	0.42	478	0	0.0	0	0.0	5	14.3	16	24.9	68.4	213.0	325.1	234.0	0.0	427.8	
A3	A3	Q3	df-16919-partial-12-depth-4	128m	original	4	ok	2	1	0	Linear	Linear	0.002	0.627	0.63	471	15	72.7	0	0.0	22	139.8	0	0.0	68.4	585.5	172.7	194.1	193.6	280.6	
A3	A3	Q3	df-16919-partial-12-depth-4	128m	original-target	5	ok	4	0	1	PartiallySorted([0, 1])	PartiallySorted([0, 1])	0.002	0.399	0.41	465	0	0.0	0	0.0	6	15.2	16	27.4	68.4	213.9	319.1	228.4	0.0	431.5	
A3	A3	Q3	df-16919-partial-12-depth-4	128m	original	5	ok	2	1	0	Linear	Linear	0.002	0.690	0.70	445	15	72.7	0	0.0	22	140.4	0	0.0	68.4	585.5	173.8	193.4	193.6	278.6	
A3	A3	Q3	df-16919-partial-12-depth-4	128m	accept-groups	5	ok	4	0	1	PartiallySorted([0, 1])	PartiallySorted([0, 1])	0.002	0.399	0.40	414	0	0.0	0	0.0	0	0.0	7	6.5	68.4	247.6	449.1	252.0	0.0	308.5	
A3	A3	Q3	df-16919-partial-12-depth-4	128m	original	6	ok	2	1	0	Linear	Linear	0.002	0.714	0.72	454	15	72.7	0	0.0	22	136.9	0	0.0	68.4	585.5	167.5	194.8	193.6	278.6	
A3	A3	Q3	df-16919-partial-12-depth-4	128m	accept-groups	6	ok	4	0	1	PartiallySorted([0, 1])	PartiallySorted([0, 1])	0.002	0.382	0.39	414	0	0.0	0	0.0	0	0.0	6	3.5	68.4	247.6	459.5	252.0	0.0	308.5	
A3	A3	Q3	df-16919-partial-12-depth-4	128m	original-target	6	ok	4	0	1	PartiallySorted([0, 1])	PartiallySorted([0, 1])	0.002	0.386	0.39	475	0	0.0	0	0.0	5	14.3	16	27.0	68.4	213.3	345.4	234.0	0.0	427.8	
A3	A3	Q3	df-16919-partial-12-depth-4	128m	accept-groups	7	ok	4	0	1	PartiallySorted([0, 1])	PartiallySorted([0, 1])	0.002	0.381	0.39	409	0	0.0	0	0.0	0	0.0	7	4.0	68.4	247.6	459.3	252.0	0.0	308.5	
A3	A3	Q3	df-16919-partial-12-depth-4	128m	original-target	7	ok	4	0	1	PartiallySorted([0, 1])	PartiallySorted([0, 1])	0.002	0.374	0.38	479	0	0.0	0	0.0	6	14.2	16	26.5	68.4	206.2	328.4	231.1	0.0	431.6	
A3	A3	Q3	df-16919-partial-12-depth-4	128m	original	7	ok	2	1	0	Linear	Linear	0.002	0.660	0.67	459	16	72.7	0	0.0	22	140.6	0	0.0	68.4	585.5	173.9	193.4	193.6	279.6	
A3	A3	Q3	df-16919-partial-12-depth-4	128m	original-target	8	ok	4	0	1	PartiallySorted([0, 1])	PartiallySorted([0, 1])	0.002	0.412	0.42	490	0	0.0	0	0.0	6	14.2	16	27.6	68.4	206.3	323.5	231.1	0.0	431.6	
A3	A3	Q3	df-16919-partial-12-depth-4	128m	original	8	ok	2	1	0	Linear	Linear	0.002	0.693	0.70	456	15	72.7	0	0.0	22	137.3	0	0.0	68.4	585.5	168.7	194.8	193.6	279.6	
A3	A3	Q3	df-16919-partial-12-depth-4	128m	accept-groups	8	ok	4	0	1	PartiallySorted([0, 1])	PartiallySorted([0, 1])	0.002	0.396	0.40	413	0	0.0	0	0.0	0	0.0	7	4.5	68.4	247.6	455.4	252.0	0.0	308.5	
A3	A3	Q3	df-16919-partial-12-depth-4	128m	original	9	ok	2	1	0	Linear	Linear	0.002	0.719	0.72	422	15	72.7	0	0.0	22	139.9	0	0.0	68.4	585.5	174.3	194.1	193.6	279.6	
A3	A3	Q3	df-16919-partial-12-depth-4	128m	accept-groups	9	ok	4	0	1	PartiallySorted([0, 1])	PartiallySorted([0, 1])	0.002	0.392	0.40	399	0	0.0	0	0.0	0	0.0	7	4.5	68.4	247.6	451.4	252.0	0.0	308.5	
A3	A3	Q3	df-16919-partial-12-depth-4	128m	original-target	9	ok	4	0	1	PartiallySorted([0, 1])	PartiallySorted([0, 1])	0.002	0.382	0.39	463	0	0.0	0	0.0	5	14.3	16	25.2	68.4	213.3	323.5	234.0	0.0	427.8	
A3	A3	Q3	df-16919-partial-12-depth-4	128m	accept-groups	10	ok	4	0	1	PartiallySorted([0, 1])	PartiallySorted([0, 1])	0.002	0.390	0.39	389	0	0.0	0	0.0	0	0.0	7	5.0	68.4	247.6	451.7	252.0	0.0	308.5	
A3	A3	Q3	df-16919-partial-12-depth-4	128m	original-target	10	ok	4	0	1	PartiallySorted([0, 1])	PartiallySorted([0, 1])	0.002	0.434	0.44	479	0	0.0	0	0.0	7	20.5	16	27.4	68.4	212.9	322.9	230.3	0.0	430.9	
A3	A3	Q3	df-16919-partial-12-depth-4	128m	original	10	ok	2	1	0	Linear	Linear	0.002	0.676	0.68	446	16	72.7	0	0.0	22	140.6	0	0.0	68.4	585.5	173.8	192.7	193.6	279.6	
A3	A3	Q3	df-16919-partial-12-depth-4	512m	accept-groups	1	ok	4	0	1	PartiallySorted([0, 1])	PartiallySorted([0, 1])	0.002	0.383	0.39	375	0	0.0	0	0.0	0	0.0	0	0.0	68.4	247.6	470.9	252.0	0.0	308.5	
A3	A3	Q3	df-16919-partial-12-depth-4	512m	original-target	1	ok	4	0	1	PartiallySorted([0, 1])	PartiallySorted([0, 1])	0.002	0.310	0.31	423	0	0.0	0	0.0	0	0.0	0	0.0	68.4	247.6	635.8	251.4	0.0	479.6	
A3	A3	Q3	df-16919-partial-12-depth-4	512m	original	1	ok	2	1	0	Linear	Linear	0.002	0.680	0.69	518	4	72.7	0	0.0	6	73.0	0	0.0	68.4	470.8	129.7	198.9	153.9	280.6	
A3	A3	Q3	df-16919-partial-12-depth-4	512m	original-target	2	ok	4	0	1	PartiallySorted([0, 1])	PartiallySorted([0, 1])	0.002	0.313	0.32	432	0	0.0	0	0.0	0	0.0	0	0.0	68.4	247.6	635.8	251.4	0.0	479.6	
A3	A3	Q3	df-16919-partial-12-depth-4	512m	original	2	ok	2	1	0	Linear	Linear	0.002	0.686	0.69	564	4	72.7	0	0.0	6	73.0	0	0.0	68.4	470.8	131.2	198.2	154.9	280.6	
A3	A3	Q3	df-16919-partial-12-depth-4	512m	accept-groups	2	ok	4	0	1	PartiallySorted([0, 1])	PartiallySorted([0, 1])	0.002	0.356	0.36	359	0	0.0	0	0.0	0	0.0	0	0.0	68.4	247.6	470.9	252.0	0.0	308.5	
A3	A3	Q3	df-16919-partial-12-depth-4	512m	original	3	ok	2	1	0	Linear	Linear	0.002	0.685	0.69	551	4	72.7	0	0.0	6	73.0	0	0.0	68.4	470.8	130.3	198.9	154.9	280.6	
A3	A3	Q3	df-16919-partial-12-depth-4	512m	accept-groups	3	ok	4	0	1	PartiallySorted([0, 1])	PartiallySorted([0, 1])	0.003	0.391	0.40	383	0	0.0	0	0.0	0	0.0	0	0.0	68.4	247.6	470.9	252.0	0.0	308.5	
A3	A3	Q3	df-16919-partial-12-depth-4	512m	original-target	3	ok	4	0	1	PartiallySorted([0, 1])	PartiallySorted([0, 1])	0.002	0.305	0.31	422	0	0.0	0	0.0	0	0.0	0	0.0	68.4	247.6	635.8	251.4	0.0	479.6	
A3	A3	Q3	df-16919-partial-12-depth-4	512m	accept-groups	4	ok	4	0	1	PartiallySorted([0, 1])	PartiallySorted([0, 1])	0.002	0.380	0.39	405	0	0.0	0	0.0	0	0.0	0	0.0	68.4	247.6	470.9	252.0	0.0	308.5	
A3	A3	Q3	df-16919-partial-12-depth-4	512m	original-target	4	ok	4	0	1	PartiallySorted([0, 1])	PartiallySorted([0, 1])	0.002	0.276	0.28	444	0	0.0	0	0.0	0	0.0	0	0.0	68.4	247.6	635.8	251.4	0.0	479.6	
A3	A3	Q3	df-16919-partial-12-depth-4	512m	original	4	ok	2	1	0	Linear	Linear	0.002	0.637	0.64	576	4	72.7	0	0.0	6	73.0	0	0.0	68.4	470.8	122.9	198.2	153.9	280.6	
A3	A3	Q3	df-16919-partial-12-depth-4	512m	original-target	5	ok	4	0	1	PartiallySorted([0, 1])	PartiallySorted([0, 1])	0.002	0.290	0.30	436	0	0.0	0	0.0	0	0.0	0	0.0	68.4	247.6	635.8	251.4	0.0	479.6	
A3	A3	Q3	df-16919-partial-12-depth-4	512m	original	5	ok	2	1	0	Linear	Linear	0.002	0.643	0.65	584	4	72.7	0	0.0	6	73.0	0	0.0	68.4	470.8	128.5	198.2	153.9	280.6	
A3	A3	Q3	df-16919-partial-12-depth-4	512m	accept-groups	5	ok	4	0	1	PartiallySorted([0, 1])	PartiallySorted([0, 1])	0.002	0.364	0.37	332	0	0.0	0	0.0	0	0.0	0	0.0	68.4	247.6	470.9	252.0	0.0	308.5	
A3	A3	Q3	df-16919-partial-12-depth-4	512m	original	6	ok	2	1	0	Linear	Linear	0.002	0.624	0.63	565	4	72.7	0	0.0	6	73.0	0	0.0	68.4	470.8	140.3	200.3	153.9	280.6	
A3	A3	Q3	df-16919-partial-12-depth-4	512m	accept-groups	6	ok	4	0	1	PartiallySorted([0, 1])	PartiallySorted([0, 1])	0.002	0.387	0.39	359	0	0.0	0	0.0	0	0.0	0	0.0	68.4	247.6	470.9	252.0	0.0	308.5	
A3	A3	Q3	df-16919-partial-12-depth-4	512m	original-target	6	ok	4	0	1	PartiallySorted([0, 1])	PartiallySorted([0, 1])	0.002	0.306	0.31	437	0	0.0	0	0.0	0	0.0	0	0.0	68.4	247.6	635.8	251.4	0.0	479.6	
A3	A3	Q3	df-16919-partial-12-depth-4	512m	accept-groups	7	ok	4	0	1	PartiallySorted([0, 1])	PartiallySorted([0, 1])	0.002	0.393	0.40	373	0	0.0	0	0.0	0	0.0	0	0.0	68.4	247.6	470.9	252.0	0.0	308.5	
A3	A3	Q3	df-16919-partial-12-depth-4	512m	original-target	7	ok	4	0	1	PartiallySorted([0, 1])	PartiallySorted([0, 1])	0.002	0.295	0.30	437	0	0.0	0	0.0	0	0.0	0	0.0	68.4	247.6	635.8	251.4	0.0	479.6	
A3	A3	Q3	df-16919-partial-12-depth-4	512m	original	7	ok	2	1	0	Linear	Linear	0.002	0.618	0.62	580	4	72.7	0	0.0	6	73.0	0	0.0	68.4	470.8	131.7	200.3	153.9	280.6	
A3	A3	Q3	df-16919-partial-12-depth-4	512m	original-target	8	ok	4	0	1	PartiallySorted([0, 1])	PartiallySorted([0, 1])	0.002	0.287	0.29	442	0	0.0	0	0.0	0	0.0	0	0.0	68.4	247.6	635.8	251.4	0.0	479.6	
A3	A3	Q3	df-16919-partial-12-depth-4	512m	original	8	ok	2	1	0	Linear	Linear	0.002	0.641	0.65	576	4	72.7	0	0.0	6	73.0	0	0.0	68.4	470.8	127.7	198.9	153.9	280.6	
A3	A3	Q3	df-16919-partial-12-depth-4	512m	accept-groups	8	ok	4	0	1	PartiallySorted([0, 1])	PartiallySorted([0, 1])	0.002	0.365	0.37	411	0	0.0	0	0.0	0	0.0	0	0.0	68.4	247.6	470.9	252.0	0.0	308.5	
A3	A3	Q3	df-16919-partial-12-depth-4	512m	original	9	ok	2	1	0	Linear	Linear	0.002	0.652	0.66	562	4	72.7	0	0.0	6	73.0	0	0.0	68.4	470.8	129.3	198.2	153.9	280.6	
A3	A3	Q3	df-16919-partial-12-depth-4	512m	accept-groups	9	ok	4	0	1	PartiallySorted([0, 1])	PartiallySorted([0, 1])	0.002	0.397	0.40	365	0	0.0	0	0.0	0	0.0	0	0.0	68.4	247.6	470.9	252.0	0.0	308.5	
A3	A3	Q3	df-16919-partial-12-depth-4	512m	original-target	9	ok	4	0	1	PartiallySorted([0, 1])	PartiallySorted([0, 1])	0.002	0.293	0.30	445	0	0.0	0	0.0	0	0.0	0	0.0	68.4	247.6	635.8	251.4	0.0	479.6	
A3	A3	Q3	df-16919-partial-12-depth-4	512m	accept-groups	10	ok	4	0	1	PartiallySorted([0, 1])	PartiallySorted([0, 1])	0.002	0.374	0.38	382	0	0.0	0	0.0	0	0.0	0	0.0	68.4	247.6	470.9	252.0	0.0	308.5	
A3	A3	Q3	df-16919-partial-12-depth-4	512m	original-target	10	ok	4	0	1	PartiallySorted([0, 1])	PartiallySorted([0, 1])	0.002	0.289	0.30	441	0	0.0	0	0.0	0	0.0	0	0.0	68.4	247.6	635.8	251.4	0.0	479.6	
A3	A3	Q3	df-16919-partial-12-depth-4	512m	original	10	ok	2	1	0	Linear	Linear	0.002	0.674	0.68	548	4	72.7	0	0.0	6	73.0	0	0.0	68.4	470.8	133.6	198.2	153.9	280.6	
A4-S0	A4	Q3	df-16919-partial-12-depth-4-S0	128m	accept-groups	1	ok	4	0	1	PartiallySorted([0, 1])	PartiallySorted([0, 1])	0.002	0.352	0.36	280	0	0.0	0	0.0	0	0.0	0	0.0	68.4	135.9	64.3	141.3	0.0	64.2	
A4-S0	A4	Q3	df-16919-partial-12-depth-4-S0	128m	original-target	1	ok	4	0	1	PartiallySorted([0, 1])	PartiallySorted([0, 1])	0.002	0.290	0.30	328	0	0.0	0	0.0	0	0.0	2	0.4	68.4	135.9	64.3	139.9	0.0	64.2	
A4-S0	A4	Q3	df-16919-partial-12-depth-4-S0	128m	original	1	ok	2	1	0	Linear	Linear	0.002	0.639	0.65	410	8	64.7	0	0.0	21	122.5	0	0.0	68.4	520.7	87.8	105.4	64.2	64.2	
A4-S0	A4	Q3	df-16919-partial-12-depth-4-S0	128m	original-target	2	ok	4	0	1	PartiallySorted([0, 1])	PartiallySorted([0, 1])	0.002	0.312	0.32	328	0	0.0	0	0.0	0	0.0	3	0.7	68.4	135.9	64.3	139.9	0.0	64.2	
A4-S0	A4	Q3	df-16919-partial-12-depth-4-S0	128m	original	2	ok	2	1	0	Linear	Linear	0.002	0.659	0.66	442	8	64.7	0	0.0	22	127.5	0	0.0	68.4	520.7	84.3	106.8	64.2	64.2	
A4-S0	A4	Q3	df-16919-partial-12-depth-4-S0	128m	accept-groups	2	ok	4	0	1	PartiallySorted([0, 1])	PartiallySorted([0, 1])	0.002	0.359	0.36	286	0	0.0	0	0.0	0	0.0	0	0.0	68.4	135.9	64.3	141.3	0.0	64.2	
A4-S0	A4	Q3	df-16919-partial-12-depth-4-S0	128m	original	3	ok	2	1	0	Linear	Linear	0.002	0.659	0.66	424	8	64.7	0	0.0	22	126.7	0	0.0	68.4	520.7	86.9	105.4	64.2	64.2	
A4-S0	A4	Q3	df-16919-partial-12-depth-4-S0	128m	accept-groups	3	ok	4	0	1	PartiallySorted([0, 1])	PartiallySorted([0, 1])	0.002	0.384	0.39	285	0	0.0	0	0.0	0	0.0	0	0.0	68.4	135.9	64.3	141.3	0.0	64.2	
A4-S0	A4	Q3	df-16919-partial-12-depth-4-S0	128m	original-target	3	ok	4	0	1	PartiallySorted([0, 1])	PartiallySorted([0, 1])	0.002	0.296	0.30	359	0	0.0	0	0.0	0	0.0	3	0.6	68.4	135.9	64.3	139.9	0.0	64.2	
A4-S0	A4	Q3	df-16919-partial-12-depth-4-S0	128m	accept-groups	4	ok	4	0	1	PartiallySorted([0, 1])	PartiallySorted([0, 1])	0.002	0.353	0.36	291	0	0.0	0	0.0	0	0.0	0	0.0	68.4	135.9	64.3	141.3	0.0	64.2	
A4-S0	A4	Q3	df-16919-partial-12-depth-4-S0	128m	original-target	4	ok	4	0	1	PartiallySorted([0, 1])	PartiallySorted([0, 1])	0.002	0.276	0.28	327	0	0.0	0	0.0	0	0.0	3	0.6	68.4	135.9	64.3	139.9	0.0	64.2	
A4-S0	A4	Q3	df-16919-partial-12-depth-4-S0	128m	original	4	ok	2	1	0	Linear	Linear	0.002	0.667	0.67	437	8	64.7	0	0.0	22	126.7	0	0.0	68.4	520.7	86.0	106.8	64.2	64.2	
A4-S0	A4	Q3	df-16919-partial-12-depth-4-S0	128m	original-target	5	ok	4	0	1	PartiallySorted([0, 1])	PartiallySorted([0, 1])	0.002	0.326	0.33	316	0	0.0	0	0.0	0	0.0	3	0.6	68.4	135.9	64.3	139.9	0.0	64.2	
A4-S0	A4	Q3	df-16919-partial-12-depth-4-S0	128m	original	5	ok	2	1	0	Linear	Linear	0.002	0.641	0.65	451	8	64.7	0	0.0	22	126.7	0	0.0	68.4	520.7	86.9	105.4	64.2	64.2	
A4-S0	A4	Q3	df-16919-partial-12-depth-4-S0	128m	accept-groups	5	ok	4	0	1	PartiallySorted([0, 1])	PartiallySorted([0, 1])	0.002	0.380	0.39	299	0	0.0	0	0.0	0	0.0	0	0.0	68.4	135.9	64.3	141.3	0.0	64.2	
A4-S0	A4	Q3	df-16919-partial-12-depth-4-S0	128m	original	6	ok	2	1	0	Linear	Linear	0.002	0.618	0.62	408	8	64.7	0	0.0	22	123.5	0	0.0	68.4	520.7	86.0	105.4	64.2	64.2	
A4-S0	A4	Q3	df-16919-partial-12-depth-4-S0	128m	accept-groups	6	ok	4	0	1	PartiallySorted([0, 1])	PartiallySorted([0, 1])	0.002	0.364	0.37	301	0	0.0	0	0.0	0	0.0	0	0.0	68.4	135.9	64.3	141.3	0.0	64.2	
A4-S0	A4	Q3	df-16919-partial-12-depth-4-S0	128m	original-target	6	ok	4	0	1	PartiallySorted([0, 1])	PartiallySorted([0, 1])	0.002	0.312	0.32	340	0	0.0	0	0.0	0	0.0	4	1.1	68.4	135.9	64.3	139.9	0.0	64.2	
A4-S0	A4	Q3	df-16919-partial-12-depth-4-S0	128m	accept-groups	7	ok	4	0	1	PartiallySorted([0, 1])	PartiallySorted([0, 1])	0.002	0.321	0.33	307	0	0.0	0	0.0	0	0.0	0	0.0	68.4	135.9	64.3	141.3	0.0	64.2	
A4-S0	A4	Q3	df-16919-partial-12-depth-4-S0	128m	original-target	7	ok	4	0	1	PartiallySorted([0, 1])	PartiallySorted([0, 1])	0.002	0.295	0.30	324	0	0.0	0	0.0	0	0.0	2	0.4	68.4	135.9	64.3	139.9	0.0	64.2	
A4-S0	A4	Q3	df-16919-partial-12-depth-4-S0	128m	original	7	ok	2	1	0	Linear	Linear	0.002	0.649	0.65	405	8	64.7	0	0.0	22	127.5	0	0.0	68.4	520.7	84.3	106.1	64.2	64.2	
A4-S0	A4	Q3	df-16919-partial-12-depth-4-S0	128m	original-target	8	ok	4	0	1	PartiallySorted([0, 1])	PartiallySorted([0, 1])	0.002	0.331	0.34	356	0	0.0	0	0.0	0	0.0	4	0.9	68.4	135.9	64.3	139.9	0.0	64.2	
A4-S0	A4	Q3	df-16919-partial-12-depth-4-S0	128m	original	8	ok	2	1	0	Linear	Linear	0.002	0.666	0.67	425	8	64.7	0	0.0	22	126.7	0	0.0	68.4	520.7	86.9	105.4	64.2	64.2	
A4-S0	A4	Q3	df-16919-partial-12-depth-4-S0	128m	accept-groups	8	ok	4	0	1	PartiallySorted([0, 1])	PartiallySorted([0, 1])	0.002	0.356	0.36	300	0	0.0	0	0.0	0	0.0	0	0.0	68.4	135.9	64.3	141.3	0.0	64.2	
A4-S0	A4	Q3	df-16919-partial-12-depth-4-S0	128m	original	9	ok	2	1	0	Linear	Linear	0.002	0.652	0.66	404	8	64.7	0	0.0	22	127.1	0	0.0	68.4	520.7	89.5	104.7	64.2	64.2	
A4-S0	A4	Q3	df-16919-partial-12-depth-4-S0	128m	accept-groups	9	ok	4	0	1	PartiallySorted([0, 1])	PartiallySorted([0, 1])	0.002	0.353	0.36	284	0	0.0	0	0.0	0	0.0	0	0.0	68.4	135.9	64.3	141.3	0.0	64.2	
A4-S0	A4	Q3	df-16919-partial-12-depth-4-S0	128m	original-target	9	ok	4	0	1	PartiallySorted([0, 1])	PartiallySorted([0, 1])	0.002	0.297	0.30	361	0	0.0	0	0.0	0	0.0	4	0.9	68.4	135.9	64.3	139.9	0.0	64.2	
A4-S0	A4	Q3	df-16919-partial-12-depth-4-S0	128m	accept-groups	10	ok	4	0	1	PartiallySorted([0, 1])	PartiallySorted([0, 1])	0.002	0.374	0.38	304	0	0.0	0	0.0	0	0.0	0	0.0	68.4	135.9	64.3	141.3	0.0	64.2	
A4-S0	A4	Q3	df-16919-partial-12-depth-4-S0	128m	original-target	10	ok	4	0	1	PartiallySorted([0, 1])	PartiallySorted([0, 1])	0.002	0.304	0.31	339	0	0.0	0	0.0	0	0.0	2	0.4	68.4	135.9	64.3	139.9	0.0	64.2	
A4-S0	A4	Q3	df-16919-partial-12-depth-4-S0	128m	original	10	ok	2	1	0	Linear	Linear	0.002	0.684	0.69	425	8	64.7	0	0.0	22	126.7	0	0.0	68.4	520.7	86.0	105.4	64.2	64.2	
A4-S0	A4	Q3	df-16919-partial-12-depth-4-S0	256m	accept-groups	1	ok	4	0	1	PartiallySorted([0, 1])	PartiallySorted([0, 1])	0.002	0.387	0.39	267	0	0.0	0	0.0	0	0.0	0	0.0	68.4	135.9	64.3	141.3	0.0	64.2	
A4-S0	A4	Q3	df-16919-partial-12-depth-4-S0	256m	original-target	1	ok	4	0	1	PartiallySorted([0, 1])	PartiallySorted([0, 1])	0.002	0.308	0.31	316	0	0.0	0	0.0	0	0.0	0	0.0	68.4	135.9	64.3	139.9	0.0	64.2	
A4-S0	A4	Q3	df-16919-partial-12-depth-4-S0	256m	original	1	ok	2	1	0	Linear	Linear	0.002	0.625	0.63	453	4	64.7	0	0.0	10	65.0	0	0.0	68.4	975.1	85.2	109.5	64.2	64.2	
A4-S0	A4	Q3	df-16919-partial-12-depth-4-S0	256m	original-target	2	ok	4	0	1	PartiallySorted([0, 1])	PartiallySorted([0, 1])	0.002	0.279	0.28	324	0	0.0	0	0.0	0	0.0	0	0.0	68.4	135.9	64.3	139.9	0.0	64.2	
A4-S0	A4	Q3	df-16919-partial-12-depth-4-S0	256m	original	2	ok	2	1	0	Linear	Linear	0.002	0.602	0.61	452	4	64.7	0	0.0	10	65.0	0	0.0	68.4	975.1	85.2	108.1	64.2	64.2	
A4-S0	A4	Q3	df-16919-partial-12-depth-4-S0	256m	accept-groups	2	ok	4	0	1	PartiallySorted([0, 1])	PartiallySorted([0, 1])	0.002	0.348	0.35	266	0	0.0	0	0.0	0	0.0	0	0.0	68.4	135.9	64.3	141.3	0.0	64.2	
A4-S0	A4	Q3	df-16919-partial-12-depth-4-S0	256m	original	3	ok	2	1	0	Linear	Linear	0.002	0.612	0.62	481	4	64.7	0	0.0	10	65.0	0	0.0	68.4	975.1	86.9	108.1	64.2	64.2	
A4-S0	A4	Q3	df-16919-partial-12-depth-4-S0	256m	accept-groups	3	ok	4	0	1	PartiallySorted([0, 1])	PartiallySorted([0, 1])	0.002	0.358	0.36	280	0	0.0	0	0.0	0	0.0	0	0.0	68.4	135.9	64.3	141.3	0.0	64.2	
A4-S0	A4	Q3	df-16919-partial-12-depth-4-S0	256m	original-target	3	ok	4	0	1	PartiallySorted([0, 1])	PartiallySorted([0, 1])	0.002	0.301	0.31	346	0	0.0	0	0.0	0	0.0	0	0.0	68.4	135.9	64.3	139.9	0.0	64.2	
A4-S0	A4	Q3	df-16919-partial-12-depth-4-S0	256m	accept-groups	4	ok	4	0	1	PartiallySorted([0, 1])	PartiallySorted([0, 1])	0.002	0.318	0.32	312	0	0.0	0	0.0	0	0.0	0	0.0	68.4	135.9	64.3	141.3	0.0	64.2	
A4-S0	A4	Q3	df-16919-partial-12-depth-4-S0	256m	original-target	4	ok	4	0	1	PartiallySorted([0, 1])	PartiallySorted([0, 1])	0.002	0.293	0.30	330	0	0.0	0	0.0	0	0.0	0	0.0	68.4	135.9	64.3	139.9	0.0	64.2	
A4-S0	A4	Q3	df-16919-partial-12-depth-4-S0	256m	original	4	ok	2	1	0	Linear	Linear	0.002	0.607	0.61	450	4	64.7	0	0.0	10	65.0	0	0.0	68.4	975.1	84.3	109.5	64.2	64.2	
A4-S0	A4	Q3	df-16919-partial-12-depth-4-S0	256m	original-target	5	ok	4	0	1	PartiallySorted([0, 1])	PartiallySorted([0, 1])	0.002	0.286	0.29	334	0	0.0	0	0.0	0	0.0	0	0.0	68.4	135.9	64.3	139.9	0.0	64.2	
A4-S0	A4	Q3	df-16919-partial-12-depth-4-S0	256m	original	5	ok	2	1	0	Linear	Linear	0.002	0.618	0.62	502	4	64.7	0	0.0	10	65.0	0	0.0	68.4	975.1	87.8	107.4	64.2	64.2	
A4-S0	A4	Q3	df-16919-partial-12-depth-4-S0	256m	accept-groups	5	ok	4	0	1	PartiallySorted([0, 1])	PartiallySorted([0, 1])	0.002	0.380	0.39	286	0	0.0	0	0.0	0	0.0	0	0.0	68.4	135.9	64.3	141.3	0.0	64.2	
A4-S0	A4	Q3	df-16919-partial-12-depth-4-S0	256m	original	6	ok	2	1	0	Linear	Linear	0.002	0.612	0.62	519	4	64.7	0	0.0	10	65.0	0	0.0	68.4	975.1	85.2	107.4	64.2	64.2	
A4-S0	A4	Q3	df-16919-partial-12-depth-4-S0	256m	accept-groups	6	ok	4	0	1	PartiallySorted([0, 1])	PartiallySorted([0, 1])	0.002	0.355	0.36	277	0	0.0	0	0.0	0	0.0	0	0.0	68.4	135.9	64.3	141.3	0.0	64.2	
A4-S0	A4	Q3	df-16919-partial-12-depth-4-S0	256m	original-target	6	ok	4	0	1	PartiallySorted([0, 1])	PartiallySorted([0, 1])	0.002	0.286	0.29	332	0	0.0	0	0.0	0	0.0	0	0.0	68.4	135.9	64.3	139.9	0.0	64.2	
A4-S0	A4	Q3	df-16919-partial-12-depth-4-S0	256m	accept-groups	7	ok	4	0	1	PartiallySorted([0, 1])	PartiallySorted([0, 1])	0.002	0.352	0.36	277	0	0.0	0	0.0	0	0.0	0	0.0	68.4	135.9	64.3	141.3	0.0	64.2	
A4-S0	A4	Q3	df-16919-partial-12-depth-4-S0	256m	original-target	7	ok	4	0	1	PartiallySorted([0, 1])	PartiallySorted([0, 1])	0.002	0.296	0.30	327	0	0.0	0	0.0	0	0.0	0	0.0	68.4	135.9	64.3	139.9	0.0	64.2	
A4-S0	A4	Q3	df-16919-partial-12-depth-4-S0	256m	original	7	ok	2	1	0	Linear	Linear	0.002	0.642	0.65	474	4	64.7	0	0.0	10	65.0	0	0.0	68.4	975.1	84.3	109.5	64.2	64.2	
A4-S0	A4	Q3	df-16919-partial-12-depth-4-S0	256m	original-target	8	ok	4	0	1	PartiallySorted([0, 1])	PartiallySorted([0, 1])	0.002	0.322	0.33	329	0	0.0	0	0.0	0	0.0	0	0.0	68.4	135.9	64.3	139.9	0.0	64.2	
A4-S0	A4	Q3	df-16919-partial-12-depth-4-S0	256m	original	8	ok	2	1	0	Linear	Linear	0.002	0.626	0.63	459	4	64.7	0	0.0	10	65.0	0	0.0	68.4	975.1	86.9	107.4	64.2	64.2	
A4-S0	A4	Q3	df-16919-partial-12-depth-4-S0	256m	accept-groups	8	ok	4	0	1	PartiallySorted([0, 1])	PartiallySorted([0, 1])	0.002	0.345	0.35	299	0	0.0	0	0.0	0	0.0	0	0.0	68.4	135.9	64.3	141.3	0.0	64.2	
A4-S0	A4	Q3	df-16919-partial-12-depth-4-S0	256m	original	9	ok	2	1	0	Linear	Linear	0.002	0.643	0.65	470	4	64.7	0	0.0	10	65.0	0	0.0	68.4	975.1	87.8	109.5	64.2	64.2	
A4-S0	A4	Q3	df-16919-partial-12-depth-4-S0	256m	accept-groups	9	ok	4	0	1	PartiallySorted([0, 1])	PartiallySorted([0, 1])	0.002	0.343	0.35	302	0	0.0	0	0.0	0	0.0	0	0.0	68.4	135.9	64.3	141.3	0.0	64.2	
A4-S0	A4	Q3	df-16919-partial-12-depth-4-S0	256m	original-target	9	ok	4	0	1	PartiallySorted([0, 1])	PartiallySorted([0, 1])	0.003	0.305	0.31	336	0	0.0	0	0.0	0	0.0	0	0.0	68.4	135.9	64.3	139.9	0.0	64.2	
A4-S0	A4	Q3	df-16919-partial-12-depth-4-S0	256m	accept-groups	10	ok	4	0	1	PartiallySorted([0, 1])	PartiallySorted([0, 1])	0.002	0.357	0.36	315	0	0.0	0	0.0	0	0.0	0	0.0	68.4	135.9	64.3	141.3	0.0	64.2	
A4-S0	A4	Q3	df-16919-partial-12-depth-4-S0	256m	original-target	10	ok	4	0	1	PartiallySorted([0, 1])	PartiallySorted([0, 1])	0.002	0.288	0.29	334	0	0.0	0	0.0	0	0.0	0	0.0	68.4	135.9	64.3	139.9	0.0	64.2	
A4-S0	A4	Q3	df-16919-partial-12-depth-4-S0	256m	original	10	ok	2	1	0	Linear	Linear	0.002	0.648	0.65	458	4	64.7	0	0.0	10	65.0	0	0.0	68.4	975.1	86.9	107.4	64.2	64.2	
A4-S0	A4	Q3	df-16919-partial-12-depth-4-S0	512m	accept-groups	1	ok	4	0	1	PartiallySorted([0, 1])	PartiallySorted([0, 1])	0.002	0.351	0.36	285	0	0.0	0	0.0	0	0.0	0	0.0	68.4	135.9	64.3	141.3	0.0	64.2	
A4-S0	A4	Q3	df-16919-partial-12-depth-4-S0	512m	original-target	1	ok	4	0	1	PartiallySorted([0, 1])	PartiallySorted([0, 1])	0.002	0.286	0.29	311	0	0.0	0	0.0	0	0.0	0	0.0	68.4	135.9	64.3	139.9	0.0	64.2	
A4-S0	A4	Q3	df-16919-partial-12-depth-4-S0	512m	original	1	ok	2	1	0	Linear	Linear	0.002	0.605	0.61	503	0	0.0	0	0.0	6	65.0	0	0.0	68.4	423.5	84.3	110.9	64.2	64.2	
A4-S0	A4	Q3	df-16919-partial-12-depth-4-S0	512m	original-target	2	ok	4	0	1	PartiallySorted([0, 1])	PartiallySorted([0, 1])	0.002	0.275	0.28	339	0	0.0	0	0.0	0	0.0	0	0.0	68.4	135.9	64.3	139.9	0.0	64.2	
A4-S0	A4	Q3	df-16919-partial-12-depth-4-S0	512m	original	2	ok	2	1	0	Linear	Linear	0.002	0.586	0.59	524	0	0.0	0	0.0	6	65.0	0	0.0	68.4	423.5	87.8	110.2	64.2	64.2	
A4-S0	A4	Q3	df-16919-partial-12-depth-4-S0	512m	accept-groups	2	ok	4	0	1	PartiallySorted([0, 1])	PartiallySorted([0, 1])	0.002	0.343	0.35	289	0	0.0	0	0.0	0	0.0	0	0.0	68.4	135.9	64.3	141.3	0.0	64.2	
A4-S0	A4	Q3	df-16919-partial-12-depth-4-S0	512m	original	3	ok	2	1	0	Linear	Linear	0.002	0.631	0.64	520	0	0.0	0	0.0	6	65.0	0	0.0	68.4	423.5	85.2	110.2	64.2	64.2	
A4-S0	A4	Q3	df-16919-partial-12-depth-4-S0	512m	accept-groups	3	ok	4	0	1	PartiallySorted([0, 1])	PartiallySorted([0, 1])	0.002	0.347	0.35	298	0	0.0	0	0.0	0	0.0	0	0.0	68.4	135.9	64.3	141.3	0.0	64.2	
A4-S0	A4	Q3	df-16919-partial-12-depth-4-S0	512m	original-target	3	ok	4	0	1	PartiallySorted([0, 1])	PartiallySorted([0, 1])	0.002	0.305	0.31	362	0	0.0	0	0.0	0	0.0	0	0.0	68.4	135.9	64.3	139.9	0.0	64.2	
A4-S0	A4	Q3	df-16919-partial-12-depth-4-S0	512m	accept-groups	4	ok	4	0	1	PartiallySorted([0, 1])	PartiallySorted([0, 1])	0.002	0.336	0.34	292	0	0.0	0	0.0	0	0.0	0	0.0	68.4	135.9	64.3	141.3	0.0	64.2	
A4-S0	A4	Q3	df-16919-partial-12-depth-4-S0	512m	original-target	4	ok	4	0	1	PartiallySorted([0, 1])	PartiallySorted([0, 1])	0.002	0.280	0.29	350	0	0.0	0	0.0	0	0.0	0	0.0	68.4	135.9	64.3	139.9	0.0	64.2	
A4-S0	A4	Q3	df-16919-partial-12-depth-4-S0	512m	original	4	ok	2	1	0	Linear	Linear	0.002	0.588	0.59	488	0	0.0	0	0.0	6	65.0	0	0.0	68.4	423.5	88.7	110.9	64.2	64.2	
A4-S0	A4	Q3	df-16919-partial-12-depth-4-S0	512m	original-target	5	ok	4	0	1	PartiallySorted([0, 1])	PartiallySorted([0, 1])	0.002	0.281	0.29	319	0	0.0	0	0.0	0	0.0	0	0.0	68.4	135.9	64.3	139.9	0.0	64.2	
A4-S0	A4	Q3	df-16919-partial-12-depth-4-S0	512m	original	5	ok	2	1	0	Linear	Linear	0.002	0.587	0.59	481	0	0.0	0	0.0	6	65.0	0	0.0	68.4	423.5	85.2	110.2	64.2	64.2	
A4-S0	A4	Q3	df-16919-partial-12-depth-4-S0	512m	accept-groups	5	ok	4	0	1	PartiallySorted([0, 1])	PartiallySorted([0, 1])	0.002	0.358	0.36	286	0	0.0	0	0.0	0	0.0	0	0.0	68.4	135.9	64.3	141.3	0.0	64.2	
A4-S0	A4	Q3	df-16919-partial-12-depth-4-S0	512m	original	6	ok	2	1	0	Linear	Linear	0.002	0.619	0.62	442	0	0.0	0	0.0	6	65.0	0	0.0	68.4	423.5	88.7	110.2	64.2	64.2	
A4-S0	A4	Q3	df-16919-partial-12-depth-4-S0	512m	accept-groups	6	ok	4	0	1	PartiallySorted([0, 1])	PartiallySorted([0, 1])	0.002	0.362	0.37	282	0	0.0	0	0.0	0	0.0	0	0.0	68.4	135.9	64.3	141.3	0.0	64.2	
A4-S0	A4	Q3	df-16919-partial-12-depth-4-S0	512m	original-target	6	ok	4	0	1	PartiallySorted([0, 1])	PartiallySorted([0, 1])	0.002	0.272	0.28	318	0	0.0	0	0.0	0	0.0	0	0.0	68.4	135.9	64.3	139.9	0.0	64.2	
A4-S0	A4	Q3	df-16919-partial-12-depth-4-S0	512m	accept-groups	7	ok	4	0	1	PartiallySorted([0, 1])	PartiallySorted([0, 1])	0.002	0.341	0.35	272	0	0.0	0	0.0	0	0.0	0	0.0	68.4	135.9	64.3	141.3	0.0	64.2	
A4-S0	A4	Q3	df-16919-partial-12-depth-4-S0	512m	original-target	7	ok	4	0	1	PartiallySorted([0, 1])	PartiallySorted([0, 1])	0.002	0.302	0.31	342	0	0.0	0	0.0	0	0.0	0	0.0	68.4	135.9	64.3	139.9	0.0	64.2	
A4-S0	A4	Q3	df-16919-partial-12-depth-4-S0	512m	original	7	ok	2	1	0	Linear	Linear	0.002	0.598	0.60	523	0	0.0	0	0.0	6	65.0	0	0.0	68.4	423.5	89.6	110.9	64.2	64.2	
A4-S0	A4	Q3	df-16919-partial-12-depth-4-S0	512m	original-target	8	ok	4	0	1	PartiallySorted([0, 1])	PartiallySorted([0, 1])	0.002	0.294	0.30	317	0	0.0	0	0.0	0	0.0	0	0.0	68.4	135.9	64.3	139.9	0.0	64.2	
A4-S0	A4	Q3	df-16919-partial-12-depth-4-S0	512m	original	8	ok	2	1	0	Linear	Linear	0.002	0.599	0.60	514	0	0.0	0	0.0	6	65.0	0	0.0	68.4	423.5	84.3	110.9	64.2	64.2	
A4-S0	A4	Q3	df-16919-partial-12-depth-4-S0	512m	accept-groups	8	ok	4	0	1	PartiallySorted([0, 1])	PartiallySorted([0, 1])	0.002	0.396	0.40	271	0	0.0	0	0.0	0	0.0	0	0.0	68.4	135.9	64.3	141.3	0.0	64.2	
A4-S0	A4	Q3	df-16919-partial-12-depth-4-S0	512m	original	9	ok	2	1	0	Linear	Linear	0.002	0.638	0.64	516	0	0.0	0	0.0	6	65.0	0	0.0	68.4	423.5	81.7	109.5	64.2	64.2	
A4-S0	A4	Q3	df-16919-partial-12-depth-4-S0	512m	accept-groups	9	ok	4	0	1	PartiallySorted([0, 1])	PartiallySorted([0, 1])	0.002	0.382	0.39	285	0	0.0	0	0.0	0	0.0	0	0.0	68.4	135.9	64.3	141.3	0.0	64.2	
A4-S0	A4	Q3	df-16919-partial-12-depth-4-S0	512m	original-target	9	ok	4	0	1	PartiallySorted([0, 1])	PartiallySorted([0, 1])	0.002	0.315	0.32	332	0	0.0	0	0.0	0	0.0	0	0.0	68.4	135.9	64.3	139.9	0.0	64.2	
A4-S0	A4	Q3	df-16919-partial-12-depth-4-S0	512m	accept-groups	10	ok	4	0	1	PartiallySorted([0, 1])	PartiallySorted([0, 1])	0.002	0.351	0.36	312	0	0.0	0	0.0	0	0.0	0	0.0	68.4	135.9	64.3	141.3	0.0	64.2	
A4-S0	A4	Q3	df-16919-partial-12-depth-4-S0	512m	original-target	10	ok	4	0	1	PartiallySorted([0, 1])	PartiallySorted([0, 1])	0.002	0.276	0.28	327	0	0.0	0	0.0	0	0.0	0	0.0	68.4	135.9	64.3	139.9	0.0	64.2	
A4-S0	A4	Q3	df-16919-partial-12-depth-4-S0	512m	original	10	ok	2	1	0	Linear	Linear	0.002	0.601	0.61	455	0	0.0	0	0.0	6	65.0	0	0.0	68.4	423.5	86.1	110.2	64.2	64.2	
A4-S2	A4	Q3	df-16919-partial-12-depth-4-S2	128m	accept-groups	1	ok	4	0	1	PartiallySorted([0, 1])	PartiallySorted([0, 1])	0.002	0.703	0.71	399	0	0.0	0	0.0	14	92.4	8	41.9	68.5	367.1	595.1	418.1	0.0	724.0	
A4-S2	A4	Q3	df-16919-partial-12-depth-4-S2	128m	original-target	1	ok	4	0	1	PartiallySorted([0, 1])	PartiallySorted([0, 1])	0.002	0.501	0.51	539	0	0.0	0	0.0	38	157.8	16	38.7	68.5	299.1	480.4	351.4	0.0	1043.7	
A4-S2	A4	Q3	df-16919-partial-12-depth-4-S2	128m	original	1	ok	2	1	0	Linear	Linear	0.002	0.739	0.74	502	33	124.9	0	0.0	28	244.4	0	0.0	68.5	518.2	326.5	359.8	209.4	338.5	
A4-S2	A4	Q3	df-16919-partial-12-depth-4-S2	128m	original-target	2	ok	4	0	1	PartiallySorted([0, 1])	PartiallySorted([0, 1])	0.002	0.461	0.47	511	0	0.0	0	0.0	42	170.1	16	37.0	68.5	277.4	465.0	360.9	0.0	1079.0	
A4-S2	A4	Q3	df-16919-partial-12-depth-4-S2	128m	original	2	ok	2	1	0	Linear	Linear	0.002	0.742	0.75	555	34	121.1	0	0.0	28	223.9	1	1.3	68.5	564.6	317.9	360.5	213.2	338.5	
A4-S2	A4	Q3	df-16919-partial-12-depth-4-S2	128m	accept-groups	2	ok	4	0	1	PartiallySorted([0, 1])	PartiallySorted([0, 1])	0.002	0.659	0.67	477	0	0.0	0	0.0	12	67.1	8	40.3	68.5	405.5	625.0	410.0	0.0	715.8	
A4-S2	A4	Q3	df-16919-partial-12-depth-4-S2	128m	original	3	ok	2	1	0	Linear	Linear	0.002	0.728	0.73	511	33	124.9	0	0.0	28	224.8	2	2.6	68.5	564.6	331.7	359.8	209.4	338.5	
A4-S2	A4	Q3	df-16919-partial-12-depth-4-S2	128m	accept-groups	3	ok	4	0	1	PartiallySorted([0, 1])	PartiallySorted([0, 1])	0.002	0.656	0.66	455	0	0.0	0	0.0	23	123.6	8	23.0	68.5	371.4	673.3	349.4	0.0	678.9	
A4-S2	A4	Q3	df-16919-partial-12-depth-4-S2	128m	original-target	3	ok	4	0	1	PartiallySorted([0, 1])	PartiallySorted([0, 1])	0.002	0.441	0.45	563	0	0.0	0	0.0	49	203.9	16	28.9	68.5	292.1	535.9	326.4	0.0	996.4	
A4-S2	A4	Q3	df-16919-partial-12-depth-4-S2	128m	accept-groups	4	ok	4	0	1	PartiallySorted([0, 1])	PartiallySorted([0, 1])	0.002	0.645	0.65	442	0	0.0	0	0.0	23	123.6	8	27.9	68.5	370.6	670.1	349.4	0.0	678.9	
A4-S2	A4	Q3	df-16919-partial-12-depth-4-S2	128m	original-target	4	ok	4	0	1	PartiallySorted([0, 1])	PartiallySorted([0, 1])	0.002	0.475	0.48	568	0	0.0	0	0.0	50	200.1	16	25.6	68.5	286.3	530.6	326.4	0.0	996.4	
A4-S2	A4	Q3	df-16919-partial-12-depth-4-S2	128m	original	4	ok	2	1	0	Linear	Linear	0.002	0.792	0.80	532	33	123.6	0	0.0	26	213.8	0	0.0	68.5	564.6	328.5	360.5	210.7	338.5	
A4-S2	A4	Q3	df-16919-partial-12-depth-4-S2	128m	original-target	5	ok	4	0	1	PartiallySorted([0, 1])	PartiallySorted([0, 1])	0.002	0.521	0.53	513	0	0.0	0	0.0	24	85.2	16	48.0	68.5	284.5	406.9	377.3	0.0	1063.7	
A4-S2	A4	Q3	df-16919-partial-12-depth-4-S2	128m	original	5	ok	2	1	0	Linear	Linear	0.002	0.735	0.74	542	34	168.9	0	0.0	26	194.4	1	0.6	68.5	543.2	334.8	359.8	171.7	338.5	
A4-S2	A4	Q3	df-16919-partial-12-depth-4-S2	128m	accept-groups	5	ok	4	0	1	PartiallySorted([0, 1])	PartiallySorted([0, 1])	0.002	0.650	0.66	440	0	0.0	0	0.0	22	123.6	8	28.2	68.5	389.1	673.1	349.4	0.0	678.9	
A4-S2	A4	Q3	df-16919-partial-12-depth-4-S2	128m	original	6	ok	2	1	0	Linear	Linear	0.002	0.805	0.81	502	33	123.6	0	0.0	27	239.7	0	0.0	68.5	564.6	328.8	359.8	210.7	338.5	
A4-S2	A4	Q3	df-16919-partial-12-depth-4-S2	128m	accept-groups	6	ok	4	0	1	PartiallySorted([0, 1])	PartiallySorted([0, 1])	0.002	0.627	0.63	434	0	0.0	0	0.0	14	92.4	8	38.1	68.5	369.3	594.8	418.1	0.0	724.0	
A4-S2	A4	Q3	df-16919-partial-12-depth-4-S2	128m	original-target	6	ok	4	0	1	PartiallySorted([0, 1])	PartiallySorted([0, 1])	0.002	0.504	0.51	558	0	0.0	0	0.0	24	85.2	16	48.9	68.5	281.1	409.4	377.3	0.0	1063.7	
A4-S2	A4	Q3	df-16919-partial-12-depth-4-S2	128m	accept-groups	7	ok	4	0	1	PartiallySorted([0, 1])	PartiallySorted([0, 1])	0.002	0.693	0.70	431	0	0.0	0	0.0	14	92.4	8	40.9	68.5	367.1	600.0	418.1	0.0	724.0	
A4-S2	A4	Q3	df-16919-partial-12-depth-4-S2	128m	original-target	7	ok	4	0	1	PartiallySorted([0, 1])	PartiallySorted([0, 1])	0.002	0.522	0.53	484	0	0.0	0	0.0	20	74.4	15	57.6	68.5	308.7	389.3	350.8	0.0	1042.0	
A4-S2	A4	Q3	df-16919-partial-12-depth-4-S2	128m	original	7	ok	2	1	0	Linear	Linear	0.001	0.757	0.76	514	34	123.6	0	0.0	29	248.2	1	0.6	68.5	518.2	321.0	359.8	210.7	338.5	
A4-S2	A4	Q3	df-16919-partial-12-depth-4-S2	128m	original-target	8	ok	4	0	1	PartiallySorted([0, 1])	PartiallySorted([0, 1])	0.002	0.522	0.53	505	0	0.0	0	0.0	24	91.5	16	48.6	68.5	276.1	393.4	377.3	0.0	1063.7	
A4-S2	A4	Q3	df-16919-partial-12-depth-4-S2	128m	original	8	ok	2	1	0	Linear	Linear	0.002	0.803	0.81	518	33	124.9	0	0.0	28	243.1	0	0.0	68.5	518.2	330.3	359.8	209.4	338.5	
A4-S2	A4	Q3	df-16919-partial-12-depth-4-S2	128m	accept-groups	8	ok	4	0	1	PartiallySorted([0, 1])	PartiallySorted([0, 1])	0.002	0.665	0.67	473	0	0.0	0	0.0	14	92.4	8	41.1	68.5	367.1	593.6	418.1	0.0	724.0	
A4-S2	A4	Q3	df-16919-partial-12-depth-4-S2	128m	original	9	ok	2	1	0	Linear	Linear	0.002	0.737	0.74	531	32	123.6	0	0.0	28	225.1	1	1.3	68.5	518.2	319.0	359.1	210.7	338.5	
A4-S2	A4	Q3	df-16919-partial-12-depth-4-S2	128m	accept-groups	9	ok	4	0	1	PartiallySorted([0, 1])	PartiallySorted([0, 1])	0.002	0.632	0.64	468	0	0.0	0	0.0	22	123.6	8	24.6	68.5	371.4	673.6	349.4	0.0	678.9	
A4-S2	A4	Q3	df-16919-partial-12-depth-4-S2	128m	original-target	9	ok	4	0	1	PartiallySorted([0, 1])	PartiallySorted([0, 1])	0.002	0.489	0.50	559	0	0.0	0	0.0	42	170.1	16	38.4	68.5	277.4	469.5	360.9	0.0	1079.0	
A4-S2	A4	Q3	df-16919-partial-12-depth-4-S2	128m	accept-groups	10	ok	4	0	1	PartiallySorted([0, 1])	PartiallySorted([0, 1])	0.002	0.650	0.66	450	0	0.0	0	0.0	18	88.7	8	21.8	68.5	375.4	728.4	363.8	0.0	709.6	
A4-S2	A4	Q3	df-16919-partial-12-depth-4-S2	128m	original-target	10	ok	4	0	1	PartiallySorted([0, 1])	PartiallySorted([0, 1])	0.003	0.563	0.57	517	0	0.0	0	0.0	24	85.2	16	50.2	68.5	291.7	418.3	377.3	0.0	1063.7	
A4-S2	A4	Q3	df-16919-partial-12-depth-4-S2	128m	original	10	ok	2	1	0	Linear	Linear	0.002	0.837	0.84	553	34	123.6	0	0.0	28	223.6	1	0.6	68.5	564.6	327.7	361.2	210.7	338.5	
A4-S2	A4	Q3	df-16919-partial-12-depth-4-S2	256m	accept-groups	1	ok	4	0	1	PartiallySorted([0, 1])	PartiallySorted([0, 1])	0.002	0.451	0.46	474	0	0.0	0	0.0	0	0.0	8	7.8	68.5	453.3	1145.3	473.1	0.0	763.6	
A4-S2	A4	Q3	df-16919-partial-12-depth-4-S2	256m	original-target	1	ok	4	0	1	PartiallySorted([0, 1])	PartiallySorted([0, 1])	0.002	0.342	0.35	579	0	0.0	0	0.0	0	0.0	16	23.5	68.5	473.0	1150.3	462.4	0.0	1193.2	
A4-S2	A4	Q3	df-16919-partial-12-depth-4-S2	256m	original	1	ok	2	1	0	Linear	Linear	0.002	0.629	0.63	562	14	92.2	0	0.0	10	92.5	1	2.5	68.5	1020.3	361.8	361.2	225.8	338.5	
A4-S2	A4	Q3	df-16919-partial-12-depth-4-S2	256m	original-target	2	ok	4	0	1	PartiallySorted([0, 1])	PartiallySorted([0, 1])	0.002	0.368	0.37	579	0	0.0	0	0.0	6	12.5	16	23.8	68.5	476.6	1181.7	392.9	0.0	1063.9	
A4-S2	A4	Q3	df-16919-partial-12-depth-4-S2	256m	original	2	ok	2	1	0	Linear	Linear	0.002	0.648	0.65	544	13	92.2	0	0.0	10	92.5	0	0.0	68.5	1020.3	406.2	361.2	225.8	338.5	
A4-S2	A4	Q3	df-16919-partial-12-depth-4-S2	256m	accept-groups	2	ok	4	0	1	PartiallySorted([0, 1])	PartiallySorted([0, 1])	0.002	0.405	0.41	473	0	0.0	0	0.0	0	0.0	8	6.9	68.5	453.3	1178.1	473.1	0.0	763.6	
A4-S2	A4	Q3	df-16919-partial-12-depth-4-S2	256m	original	3	ok	2	1	0	Linear	Linear	0.002	0.636	0.64	558	14	92.2	0	0.0	10	92.5	0	0.0	68.5	1020.3	399.3	361.2	225.8	338.5	
A4-S2	A4	Q3	df-16919-partial-12-depth-4-S2	256m	accept-groups	3	ok	4	0	1	PartiallySorted([0, 1])	PartiallySorted([0, 1])	0.002	0.414	0.42	509	0	0.0	0	0.0	0	0.0	7	7.8	68.5	453.3	1157.4	473.1	0.0	763.6	
A4-S2	A4	Q3	df-16919-partial-12-depth-4-S2	256m	original-target	3	ok	4	0	1	PartiallySorted([0, 1])	PartiallySorted([0, 1])	0.002	0.340	0.35	599	0	0.0	0	0.0	0	0.0	16	21.0	68.5	449.1	1177.5	462.4	0.0	1193.2	
A4-S2	A4	Q3	df-16919-partial-12-depth-4-S2	256m	accept-groups	4	ok	4	0	1	PartiallySorted([0, 1])	PartiallySorted([0, 1])	0.002	0.419	0.42	438	0	0.0	0	0.0	0	0.0	7	7.5	68.5	453.3	1163.0	473.1	0.0	763.6	
A4-S2	A4	Q3	df-16919-partial-12-depth-4-S2	256m	original-target	4	ok	4	0	1	PartiallySorted([0, 1])	PartiallySorted([0, 1])	0.002	0.342	0.35	593	0	0.0	0	0.0	0	0.0	16	22.2	68.5	459.9	1191.5	462.4	0.0	1193.2	
A4-S2	A4	Q3	df-16919-partial-12-depth-4-S2	256m	original	4	ok	2	1	0	Linear	Linear	0.002	0.660	0.67	503	13	92.2	0	0.0	10	92.5	1	1.9	68.5	1020.3	399.4	361.9	225.8	338.5	
A4-S2	A4	Q3	df-16919-partial-12-depth-4-S2	256m	original-target	5	ok	4	0	1	PartiallySorted([0, 1])	PartiallySorted([0, 1])	0.002	0.340	0.35	593	0	0.0	0	0.0	0	0.0	16	24.4	68.5	473.0	1152.3	455.4	0.0	1193.2	
A4-S2	A4	Q3	df-16919-partial-12-depth-4-S2	256m	original	5	ok	2	1	0	Linear	Linear	0.002	0.677	0.68	527	13	92.2	0	0.0	10	92.5	0	0.0	68.5	1020.3	402.3	364.0	225.8	338.5	
A4-S2	A4	Q3	df-16919-partial-12-depth-4-S2	256m	accept-groups	5	ok	4	0	1	PartiallySorted([0, 1])	PartiallySorted([0, 1])	0.002	0.421	0.43	451	0	0.0	0	0.0	0	0.0	7	8.2	68.5	453.3	1158.9	473.1	0.0	763.6	
A4-S2	A4	Q3	df-16919-partial-12-depth-4-S2	256m	original	6	ok	2	1	0	Linear	Linear	0.002	0.636	0.64	562	14	92.2	0	0.0	10	92.5	0	0.0	68.5	1020.3	399.9	363.3	225.8	338.5	
A4-S2	A4	Q3	df-16919-partial-12-depth-4-S2	256m	accept-groups	6	ok	4	0	1	PartiallySorted([0, 1])	PartiallySorted([0, 1])	0.002	0.402	0.41	486	0	0.0	0	0.0	0	0.0	7	10.7	68.5	453.3	1138.0	473.1	0.0	763.6	
A4-S2	A4	Q3	df-16919-partial-12-depth-4-S2	256m	original-target	6	ok	4	0	1	PartiallySorted([0, 1])	PartiallySorted([0, 1])	0.002	0.322	0.33	576	0	0.0	0	0.0	0	0.0	16	23.1	68.5	466.6	1159.9	462.4	0.0	1193.2	
A4-S2	A4	Q3	df-16919-partial-12-depth-4-S2	256m	accept-groups	7	ok	4	0	1	PartiallySorted([0, 1])	PartiallySorted([0, 1])	0.002	0.417	0.42	434	0	0.0	0	0.0	0	0.0	7	8.2	68.5	453.3	1158.9	473.1	0.0	763.6	
A4-S2	A4	Q3	df-16919-partial-12-depth-4-S2	256m	original-target	7	ok	4	0	1	PartiallySorted([0, 1])	PartiallySorted([0, 1])	0.002	0.334	0.34	594	0	0.0	0	0.0	0	0.0	16	24.7	68.5	466.2	1144.2	462.4	0.0	1193.2	
A4-S2	A4	Q3	df-16919-partial-12-depth-4-S2	256m	original	7	ok	2	1	0	Linear	Linear	0.002	0.686	0.69	525	13	92.2	0	0.0	10	92.5	0	0.0	68.5	1020.3	416.0	361.9	225.8	338.5	
A4-S2	A4	Q3	df-16919-partial-12-depth-4-S2	256m	original-target	8	ok	4	0	1	PartiallySorted([0, 1])	PartiallySorted([0, 1])	0.002	0.347	0.35	592	0	0.0	0	0.0	0	0.0	16	25.0	68.5	463.4	1136.3	462.4	0.0	1193.2	
A4-S2	A4	Q3	df-16919-partial-12-depth-4-S2	256m	original	8	ok	2	1	0	Linear	Linear	0.002	0.659	0.66	515	14	92.2	0	0.0	10	92.5	2	1.3	68.5	1020.3	400.3	361.2	225.8	338.5	
A4-S2	A4	Q3	df-16919-partial-12-depth-4-S2	256m	accept-groups	8	ok	4	0	1	PartiallySorted([0, 1])	PartiallySorted([0, 1])	0.002	0.394	0.40	458	0	0.0	0	0.0	0	0.0	6	8.6	68.5	453.3	1155.4	473.1	0.0	763.6	
A4-S2	A4	Q3	df-16919-partial-12-depth-4-S2	256m	original	9	ok	2	1	0	Linear	Linear	0.002	0.659	0.67	515	13	92.2	0	0.0	10	92.5	1	1.3	68.5	1020.3	398.8	361.9	225.8	338.5	
A4-S2	A4	Q3	df-16919-partial-12-depth-4-S2	256m	accept-groups	9	ok	4	0	1	PartiallySorted([0, 1])	PartiallySorted([0, 1])	0.002	0.386	0.39	441	0	0.0	0	0.0	0	0.0	7	7.2	68.5	453.3	1167.7	473.1	0.0	763.6	
A4-S2	A4	Q3	df-16919-partial-12-depth-4-S2	256m	original-target	9	ok	4	0	1	PartiallySorted([0, 1])	PartiallySorted([0, 1])	0.002	0.324	0.33	596	0	0.0	0	0.0	0	0.0	16	24.1	68.5	466.2	1177.6	462.4	0.0	1193.2	
A4-S2	A4	Q3	df-16919-partial-12-depth-4-S2	256m	accept-groups	10	ok	4	0	1	PartiallySorted([0, 1])	PartiallySorted([0, 1])	0.002	0.413	0.42	448	0	0.0	0	0.0	0	0.0	5	10.0	68.5	453.3	1149.9	473.1	0.0	763.6	
A4-S2	A4	Q3	df-16919-partial-12-depth-4-S2	256m	original-target	10	ok	4	0	1	PartiallySorted([0, 1])	PartiallySorted([0, 1])	0.002	0.332	0.34	565	0	0.0	0	0.0	0	0.0	16	24.0	68.5	473.0	1177.2	462.4	0.0	1193.2	
A4-S2	A4	Q3	df-16919-partial-12-depth-4-S2	256m	original	10	ok	2	1	0	Linear	Linear	0.002	0.706	0.71	539	13	92.2	0	0.0	10	92.5	1	1.3	68.5	1170.6	452.4	362.6	225.8	338.5	
A4-S2	A4	Q3	df-16919-partial-12-depth-4-S2	512m	accept-groups	1	ok	4	0	1	PartiallySorted([0, 1])	PartiallySorted([0, 1])	0.002	0.388	0.39	425	0	0.0	0	0.0	0	0.0	0	0.0	68.5	453.3	1270.5	473.1	0.0	763.6	
A4-S2	A4	Q3	df-16919-partial-12-depth-4-S2	512m	original-target	1	ok	4	0	1	PartiallySorted([0, 1])	PartiallySorted([0, 1])	0.002	0.359	0.36	575	0	0.0	0	0.0	0	0.0	12	3.5	68.5	453.3	1667.2	462.4	0.0	1193.2	
A4-S2	A4	Q3	df-16919-partial-12-depth-4-S2	512m	original	1	ok	2	1	0	Linear	Linear	0.002	0.677	0.68	604	6	92.2	0	0.0	6	92.5	0	0.0	68.5	585.6	242.6	364.7	213.2	338.5	
A4-S2	A4	Q3	df-16919-partial-12-depth-4-S2	512m	original-target	2	ok	4	0	1	PartiallySorted([0, 1])	PartiallySorted([0, 1])	0.002	0.346	0.35	563	0	0.0	0	0.0	0	0.0	10	3.2	68.5	453.3	1666.8	462.4	0.0	1193.2	
A4-S2	A4	Q3	df-16919-partial-12-depth-4-S2	512m	original	2	ok	2	1	0	Linear	Linear	0.002	0.647	0.65	626	6	92.2	0	0.0	6	92.5	0	0.0	68.5	585.6	253.7	364.0	213.2	338.5	
A4-S2	A4	Q3	df-16919-partial-12-depth-4-S2	512m	accept-groups	2	ok	4	0	1	PartiallySorted([0, 1])	PartiallySorted([0, 1])	0.002	0.422	0.43	394	0	0.0	0	0.0	0	0.0	0	0.0	68.5	453.3	1270.5	473.1	0.0	763.6	
A4-S2	A4	Q3	df-16919-partial-12-depth-4-S2	512m	original	3	ok	2	1	0	Linear	Linear	0.002	0.657	0.66	606	6	92.2	0	0.0	6	92.5	0	0.0	68.5	585.6	251.2	364.7	213.2	338.5	
A4-S2	A4	Q3	df-16919-partial-12-depth-4-S2	512m	accept-groups	3	ok	4	0	1	PartiallySorted([0, 1])	PartiallySorted([0, 1])	0.002	0.420	0.43	478	0	0.0	0	0.0	0	0.0	0	0.0	68.5	453.3	1270.5	473.1	0.0	763.6	
A4-S2	A4	Q3	df-16919-partial-12-depth-4-S2	512m	original-target	3	ok	4	0	1	PartiallySorted([0, 1])	PartiallySorted([0, 1])	0.002	0.330	0.34	573	0	0.0	0	0.0	0	0.0	12	4.1	68.5	453.3	1650.9	462.4	0.0	1193.2	
A4-S2	A4	Q3	df-16919-partial-12-depth-4-S2	512m	accept-groups	4	ok	4	0	1	PartiallySorted([0, 1])	PartiallySorted([0, 1])	0.002	0.418	0.42	423	0	0.0	0	0.0	0	0.0	0	0.0	68.5	453.3	1270.5	473.1	0.0	763.6	
A4-S2	A4	Q3	df-16919-partial-12-depth-4-S2	512m	original-target	4	ok	4	0	1	PartiallySorted([0, 1])	PartiallySorted([0, 1])	0.002	0.337	0.34	570	0	0.0	0	0.0	0	0.0	10	3.4	68.5	453.3	1655.6	462.4	0.0	1193.2	
A4-S2	A4	Q3	df-16919-partial-12-depth-4-S2	512m	original	4	ok	2	1	0	Linear	Linear	0.002	0.698	0.70	535	6	92.2	0	0.0	6	92.5	0	0.0	68.5	585.6	239.6	365.3	213.2	338.5	
A4-S2	A4	Q3	df-16919-partial-12-depth-4-S2	512m	original-target	5	ok	4	0	1	PartiallySorted([0, 1])	PartiallySorted([0, 1])	0.002	0.329	0.34	556	0	0.0	0	0.0	0	0.0	9	4.1	68.5	453.3	1650.3	462.4	0.0	1193.2	
A4-S2	A4	Q3	df-16919-partial-12-depth-4-S2	512m	original	5	ok	2	1	0	Linear	Linear	0.002	0.690	0.70	588	6	92.2	0	0.0	6	92.5	0	0.0	68.5	585.6	245.9	364.0	213.2	338.5	
A4-S2	A4	Q3	df-16919-partial-12-depth-4-S2	512m	accept-groups	5	ok	4	0	1	PartiallySorted([0, 1])	PartiallySorted([0, 1])	0.002	0.400	0.41	449	0	0.0	0	0.0	0	0.0	0	0.0	68.5	453.3	1270.5	473.1	0.0	763.6	
A4-S2	A4	Q3	df-16919-partial-12-depth-4-S2	512m	original	6	ok	2	1	0	Linear	Linear	0.002	0.633	0.64	588	6	92.2	0	0.0	6	92.5	0	0.0	68.5	585.6	252.8	365.3	213.2	338.5	
A4-S2	A4	Q3	df-16919-partial-12-depth-4-S2	512m	accept-groups	6	ok	4	0	1	PartiallySorted([0, 1])	PartiallySorted([0, 1])	0.002	0.406	0.41	477	0	0.0	0	0.0	0	0.0	0	0.0	68.5	453.3	1270.5	473.1	0.0	763.6	
A4-S2	A4	Q3	df-16919-partial-12-depth-4-S2	512m	original-target	6	ok	4	0	1	PartiallySorted([0, 1])	PartiallySorted([0, 1])	0.002	0.348	0.35	554	0	0.0	0	0.0	0	0.0	8	3.5	68.5	453.3	1663.9	462.4	0.0	1193.2	
A4-S2	A4	Q3	df-16919-partial-12-depth-4-S2	512m	accept-groups	7	ok	4	0	1	PartiallySorted([0, 1])	PartiallySorted([0, 1])	0.002	0.425	0.43	431	0	0.0	0	0.0	0	0.0	0	0.0	68.5	453.3	1270.5	473.1	0.0	763.6	
A4-S2	A4	Q3	df-16919-partial-12-depth-4-S2	512m	original-target	7	ok	4	0	1	PartiallySorted([0, 1])	PartiallySorted([0, 1])	0.002	0.335	0.34	579	0	0.0	0	0.0	0	0.0	9	3.2	68.5	453.3	1668.4	462.4	0.0	1193.2	
A4-S2	A4	Q3	df-16919-partial-12-depth-4-S2	512m	original	7	ok	2	1	0	Linear	Linear	0.002	0.653	0.66	592	6	92.2	0	0.0	6	92.5	0	0.0	68.5	585.6	233.6	364.7	213.2	338.5	
A4-S2	A4	Q3	df-16919-partial-12-depth-4-S2	512m	original-target	8	ok	4	0	1	PartiallySorted([0, 1])	PartiallySorted([0, 1])	0.002	0.350	0.36	567	0	0.0	0	0.0	0	0.0	11	3.1	68.5	453.3	1675.0	462.4	0.0	1193.2	
A4-S2	A4	Q3	df-16919-partial-12-depth-4-S2	512m	original	8	ok	2	1	0	Linear	Linear	0.002	0.639	0.64	606	6	92.2	0	0.0	6	92.5	0	0.0	68.5	585.6	240.4	363.3	213.2	338.5	
A4-S2	A4	Q3	df-16919-partial-12-depth-4-S2	512m	accept-groups	8	ok	4	0	1	PartiallySorted([0, 1])	PartiallySorted([0, 1])	0.003	0.417	0.42	436	0	0.0	0	0.0	0	0.0	0	0.0	68.5	453.3	1270.5	473.1	0.0	763.6	
A4-S2	A4	Q3	df-16919-partial-12-depth-4-S2	512m	original	9	ok	2	1	0	Linear	Linear	0.002	0.707	0.71	578	6	92.2	0	0.0	6	92.5	0	0.0	68.5	585.6	236.6	364.0	213.2	338.5	
A4-S2	A4	Q3	df-16919-partial-12-depth-4-S2	512m	accept-groups	9	ok	4	0	1	PartiallySorted([0, 1])	PartiallySorted([0, 1])	0.002	0.410	0.42	464	0	0.0	0	0.0	0	0.0	0	0.0	68.5	453.3	1270.5	473.1	0.0	763.6	
A4-S2	A4	Q3	df-16919-partial-12-depth-4-S2	512m	original-target	9	ok	4	0	1	PartiallySorted([0, 1])	PartiallySorted([0, 1])	0.002	0.338	0.34	572	0	0.0	0	0.0	0	0.0	9	3.5	68.5	453.3	1669.1	462.4	0.0	1193.2	
A4-S2	A4	Q3	df-16919-partial-12-depth-4-S2	512m	accept-groups	10	ok	4	0	1	PartiallySorted([0, 1])	PartiallySorted([0, 1])	0.002	0.388	0.39	416	0	0.0	0	0.0	0	0.0	0	0.0	68.5	453.3	1270.5	473.1	0.0	763.6	
A4-S2	A4	Q3	df-16919-partial-12-depth-4-S2	512m	original-target	10	ok	4	0	1	PartiallySorted([0, 1])	PartiallySorted([0, 1])	0.002	0.339	0.35	579	0	0.0	0	0.0	0	0.0	10	3.5	68.5	453.3	1666.2	462.4	0.0	1193.2	
A4-S2	A4	Q3	df-16919-partial-12-depth-4-S2	512m	original	10	ok	2	1	0	Linear	Linear	0.002	0.652	0.66	608	6	92.2	0	0.0	6	92.5	0	0.0	68.5	585.6	243.4	364.7	213.2	338.5	
A5-120-depth-4	A5	Q3	df-16919-partial-120-depth-4-entity-rank	256m	accept-groups	1	ok	4	0	1	PartiallySorted([0, 1])	PartiallySorted([0, 1])	0.007	0.328	0.34	472	0	0.0	0	0.0	0	0.0	0	0.0	66.2	202.8	534.1	268.1	0.0	307.8	
A5-120-depth-4	A5	Q3	df-16919-partial-120-depth-4-entity-rank	256m	original	1	ok	2	1	0	Linear	Linear	0.006	0.658	0.67	553	8	72.7	0	0.0	10	73.0	0	0.0	66.2	953.1	206.2	201.6	181.7	280.6	
A5-120-depth-4	A5	Q3	df-16919-partial-120-depth-4-entity-rank	256m	original	2	ok	2	1	0	Linear	Linear	0.006	0.700	0.71	599	8	72.7	0	0.0	10	73.0	0	0.0	66.2	953.1	204.7	201.6	181.7	280.6	
A5-120-depth-4	A5	Q3	df-16919-partial-120-depth-4-entity-rank	256m	accept-groups	2	ok	4	0	1	PartiallySorted([0, 1])	PartiallySorted([0, 1])	0.006	0.352	0.36	441	0	0.0	0	0.0	0	0.0	0	0.0	66.2	202.8	534.1	268.1	0.0	307.8	
A5-120-depth-4	A5	Q3	df-16919-partial-120-depth-4-entity-rank	256m	accept-groups	3	ok	4	0	1	PartiallySorted([0, 1])	PartiallySorted([0, 1])	0.006	0.357	0.37	443	0	0.0	0	0.0	0	0.0	0	0.0	66.2	202.8	534.1	268.1	0.0	307.8	
A5-120-depth-4	A5	Q3	df-16919-partial-120-depth-4-entity-rank	256m	original	3	ok	2	1	0	Linear	Linear	0.006	0.724	0.73	561	7	72.7	0	0.0	10	73.0	0	0.0	66.2	953.1	211.3	201.6	182.7	280.6	
A5-120-depth-4	A5	Q3	df-16919-partial-120-depth-4-entity-rank	256m	original	4	ok	2	1	0	Linear	Linear	0.006	0.665	0.68	625	8	72.7	0	0.0	10	73.0	0	0.0	66.2	953.1	206.0	201.0	181.7	280.6	
A5-120-depth-4	A5	Q3	df-16919-partial-120-depth-4-entity-rank	256m	accept-groups	4	ok	4	0	1	PartiallySorted([0, 1])	PartiallySorted([0, 1])	0.007	0.364	0.38	460	0	0.0	0	0.0	0	0.0	0	0.0	66.2	202.8	534.1	268.1	0.0	307.8	
A5-120-depth-4	A5	Q3	df-16919-partial-120-depth-4-entity-rank	256m	accept-groups	5	ok	4	0	1	PartiallySorted([0, 1])	PartiallySorted([0, 1])	0.007	0.332	0.34	455	0	0.0	0	0.0	0	0.0	0	0.0	66.2	202.8	534.1	268.1	0.0	307.8	
A5-120-depth-4	A5	Q3	df-16919-partial-120-depth-4-entity-rank	256m	original	5	ok	2	1	0	Linear	Linear	0.005	0.723	0.73	548	7	72.7	0	0.0	10	73.0	0	0.0	66.2	953.1	210.5	201.6	181.7	280.6	
A5-120-depth-4	A5	Q3	df-16919-partial-120-depth-4-entity-rank	256m	original	6	ok	2	1	0	Linear	Linear	0.006	0.655	0.67	600	7	72.7	0	0.0	10	73.0	0	0.0	66.2	953.1	208.0	201.0	181.7	280.6	
A5-120-depth-4	A5	Q3	df-16919-partial-120-depth-4-entity-rank	256m	accept-groups	6	ok	4	0	1	PartiallySorted([0, 1])	PartiallySorted([0, 1])	0.006	0.353	0.36	434	0	0.0	0	0.0	0	0.0	0	0.0	66.2	202.8	534.1	268.1	0.0	307.8	
A5-120-depth-4	A5	Q3	df-16919-partial-120-depth-4-entity-rank	256m	accept-groups	7	ok	4	0	1	PartiallySorted([0, 1])	PartiallySorted([0, 1])	0.007	0.314	0.33	475	0	0.0	0	0.0	0	0.0	0	0.0	66.2	202.8	534.1	268.1	0.0	307.8	
A5-120-depth-4	A5	Q3	df-16919-partial-120-depth-4-entity-rank	256m	original	7	ok	2	1	0	Linear	Linear	0.006	0.638	0.65	585	8	72.7	0	0.0	10	73.0	0	0.0	66.2	953.1	204.5	201.6	181.7	280.6	
A5-120-depth-4	A5	Q3	df-16919-partial-120-depth-4-entity-rank	256m	original	8	ok	2	1	0	Linear	Linear	0.006	0.663	0.67	609	8	72.7	0	0.0	10	73.0	0	0.0	66.2	953.1	210.5	201.6	181.7	280.6	
A5-120-depth-4	A5	Q3	df-16919-partial-120-depth-4-entity-rank	256m	accept-groups	8	ok	4	0	1	PartiallySorted([0, 1])	PartiallySorted([0, 1])	0.007	0.341	0.35	443	0	0.0	0	0.0	0	0.0	0	0.0	66.2	202.8	534.1	268.1	0.0	307.8	
A5-120-depth-4	A5	Q3	df-16919-partial-120-depth-4-entity-rank	256m	accept-groups	9	ok	4	0	1	PartiallySorted([0, 1])	PartiallySorted([0, 1])	0.006	0.354	0.36	407	0	0.0	0	0.0	0	0.0	0	0.0	66.2	202.8	534.1	268.1	0.0	307.8	
A5-120-depth-4	A5	Q3	df-16919-partial-120-depth-4-entity-rank	256m	original	9	ok	2	1	0	Linear	Linear	0.007	0.705	0.72	616	7	72.7	0	0.0	10	73.0	0	0.0	66.2	953.1	208.5	201.6	182.7	280.6	
A5-120-depth-4	A5	Q3	df-16919-partial-120-depth-4-entity-rank	256m	original	10	ok	2	1	0	Linear	Linear	0.006	0.746	0.76	572	7	72.7	0	0.0	10	73.0	0	0.0	66.2	953.1	206.2	201.0	181.7	280.6	
A5-120-depth-4	A5	Q3	df-16919-partial-120-depth-4-entity-rank	256m	accept-groups	10	ok	4	0	1	PartiallySorted([0, 1])	PartiallySorted([0, 1])	0.007	0.366	0.38	460	0	0.0	0	0.0	0	0.0	0	0.0	66.2	202.8	534.1	268.1	0.0	307.8	
A5-1200-depth-4	A5	Q3	df-16919-partial-1200-depth-4-entity-rank	256m	accept-groups	1	ok	5	0	1	PartiallySorted([0, 1])	PartiallySorted([0, 1])	0.028	0.468	0.50	527	0	0.0	0	0.0	0	0.0	10	5.3	84.6	1050.9	2017.9	256.4	0.0	310.0	
A5-1200-depth-4	A5	Q3	df-16919-partial-1200-depth-4-entity-rank	256m	original	1	ok	2	1	0	Linear	Linear	0.033	0.835	0.88	636	7	72.7	0	0.0	10	73.0	0	0.0	84.6	928.3	186.2	201.6	182.7	280.6	
A5-1200-depth-4	A5	Q3	df-16919-partial-1200-depth-4-entity-rank	256m	original	2	ok	2	1	0	Linear	Linear	0.028	0.784	0.82	664	8	72.7	0	0.0	10	73.0	0	0.0	84.6	928.3	183.4	201.6	182.7	280.6	
A5-1200-depth-4	A5	Q3	df-16919-partial-1200-depth-4-entity-rank	256m	accept-groups	2	ok	5	0	1	PartiallySorted([0, 1])	PartiallySorted([0, 1])	0.030	0.470	0.51	528	0	0.0	0	0.0	0	0.0	10	5.2	84.6	1050.9	2024.7	256.4	0.0	310.0	
A5-1200-depth-4	A5	Q3	df-16919-partial-1200-depth-4-entity-rank	256m	accept-groups	3	ok	5	0	1	PartiallySorted([0, 1])	PartiallySorted([0, 1])	0.029	0.478	0.51	483	0	0.0	0	0.0	0	0.0	10	5.4	84.6	1050.9	2019.6	256.4	0.0	310.0	
A5-1200-depth-4	A5	Q3	df-16919-partial-1200-depth-4-entity-rank	256m	original	3	ok	2	1	0	Linear	Linear	0.032	0.738	0.78	600	8	72.7	0	0.0	10	73.0	0	0.0	84.6	928.3	183.7	201.6	181.7	280.6	
A5-1200-depth-4	A5	Q3	df-16919-partial-1200-depth-4-entity-rank	256m	original	4	ok	2	1	0	Linear	Linear	0.030	0.776	0.81	582	8	72.7	0	0.0	10	73.0	0	0.0	84.6	928.3	185.3	201.6	181.7	280.6	
A5-1200-depth-4	A5	Q3	df-16919-partial-1200-depth-4-entity-rank	256m	accept-groups	4	ok	5	0	1	PartiallySorted([0, 1])	PartiallySorted([0, 1])	0.028	0.468	0.50	529	0	0.0	0	0.0	0	0.0	10	5.3	84.6	1050.9	2021.7	256.4	0.0	310.0	
A5-1200-depth-4	A5	Q3	df-16919-partial-1200-depth-4-entity-rank	256m	accept-groups	5	ok	5	0	1	PartiallySorted([0, 1])	PartiallySorted([0, 1])	0.030	0.472	0.51	493	0	0.0	0	0.0	0	0.0	10	5.2	84.6	1050.9	2032.8	256.4	0.0	310.0	
A5-1200-depth-4	A5	Q3	df-16919-partial-1200-depth-4-entity-rank	256m	original	5	ok	2	1	0	Linear	Linear	0.028	0.724	0.76	579	7	72.7	0	0.0	10	73.0	0	0.0	84.6	928.3	184.3	201.6	182.7	280.6	
A5-1200-depth-4	A5	Q3	df-16919-partial-1200-depth-4-entity-rank	256m	original	6	ok	2	1	0	Linear	Linear	0.027	0.797	0.83	610	7	72.7	0	0.0	10	73.0	0	0.0	84.6	928.3	188.4	201.6	182.7	280.6	
A5-1200-depth-4	A5	Q3	df-16919-partial-1200-depth-4-entity-rank	256m	accept-groups	6	ok	5	0	1	PartiallySorted([0, 1])	PartiallySorted([0, 1])	0.029	0.456	0.49	537	0	0.0	0	0.0	0	0.0	10	5.0	84.6	1050.9	2042.6	256.4	0.0	310.0	
A5-1200-depth-4	A5	Q3	df-16919-partial-1200-depth-4-entity-rank	256m	accept-groups	7	ok	5	0	1	PartiallySorted([0, 1])	PartiallySorted([0, 1])	0.029	0.468	0.51	523	0	0.0	0	0.0	0	0.0	10	4.9	84.6	1050.9	2043.4	256.4	0.0	310.0	
A5-1200-depth-4	A5	Q3	df-16919-partial-1200-depth-4-entity-rank	256m	original	7	ok	2	1	0	Linear	Linear	0.029	0.751	0.79	653	8	72.7	0	0.0	10	73.0	0	0.0	84.6	928.3	185.0	201.0	181.7	280.6	
A5-1200-depth-4	A5	Q3	df-16919-partial-1200-depth-4-entity-rank	256m	original	8	ok	2	1	0	Linear	Linear	0.030	0.781	0.82	624	8	72.7	0	0.0	10	73.0	0	0.0	84.6	928.3	179.8	201.0	181.7	280.6	
A5-1200-depth-4	A5	Q3	df-16919-partial-1200-depth-4-entity-rank	256m	accept-groups	8	ok	5	0	1	PartiallySorted([0, 1])	PartiallySorted([0, 1])	0.030	0.477	0.52	558	0	0.0	0	0.0	0	0.0	10	5.3	84.6	1050.9	2022.4	256.4	0.0	310.0	
A5-1200-depth-4	A5	Q3	df-16919-partial-1200-depth-4-entity-rank	256m	accept-groups	9	ok	5	0	1	PartiallySorted([0, 1])	PartiallySorted([0, 1])	0.029	0.469	0.51	491	0	0.0	0	0.0	0	0.0	10	5.2	84.6	1050.9	2027.4	256.4	0.0	310.0	
A5-1200-depth-4	A5	Q3	df-16919-partial-1200-depth-4-entity-rank	256m	original	9	ok	2	1	0	Linear	Linear	0.033	0.758	0.80	661	8	72.7	0	0.0	10	73.0	0	0.0	84.6	928.3	187.8	201.6	181.7	280.6	
A5-1200-depth-4	A5	Q3	df-16919-partial-1200-depth-4-entity-rank	256m	original	10	ok	2	1	0	Linear	Linear	0.027	0.734	0.77	615	7	72.7	0	0.0	10	73.0	0	0.0	84.6	928.3	183.7	201.6	182.7	280.6	
A5-1200-depth-4	A5	Q3	df-16919-partial-1200-depth-4-entity-rank	256m	accept-groups	10	ok	5	0	1	PartiallySorted([0, 1])	PartiallySorted([0, 1])	0.028	0.459	0.50	495	0	0.0	0	0.0	0	0.0	10	5.2	84.6	1050.9	2027.8	256.4	0.0	310.0	
A5-120-depth-120	A5	Q3	df-16919-partial-120-depth-120-rank	256m	accept-groups	1	ok	120	0	1	PartiallySorted([0, 1])	PartiallySorted([0, 1])	0.009	0.421	0.44	1031	0	0.0	0	0.0	0	0.0	123	41.2	70.9	99.0	954.7	250.0	0.0	308.5	
A5-120-depth-120	A5	Q3	df-16919-partial-120-depth-120-rank	256m	original	1	ok	2	1	0	Linear	Linear	0.009	0.640	0.65	667	7	72.7	0	0.0	10	73.0	0	0.0	70.9	915.8	193.7	192.7	181.7	279.6	
A5-120-depth-120	A5	Q3	df-16919-partial-120-depth-120-rank	256m	original	2	ok	2	1	0	Linear	Linear	0.008	0.675	0.69	693	7	72.7	0	0.0	10	73.0	0	0.0	70.9	915.8	193.7	192.7	181.7	279.6	
A5-120-depth-120	A5	Q3	df-16919-partial-120-depth-120-rank	256m	accept-groups	2	ok	120	0	1	PartiallySorted([0, 1])	PartiallySorted([0, 1])	0.009	0.445	0.46	1176	0	0.0	0	0.0	0	0.0	189	54.7	70.9	100.8	1159.0	250.0	0.0	308.5	
A5-120-depth-120	A5	Q3	df-16919-partial-120-depth-120-rank	256m	accept-groups	3	ok	120	0	1	PartiallySorted([0, 1])	PartiallySorted([0, 1])	0.009	0.384	0.40	1029	0	0.0	0	0.0	0	0.0	105	30.0	70.9	101.0	811.9	250.0	0.0	308.5	
A5-120-depth-120	A5	Q3	df-16919-partial-120-depth-120-rank	256m	original	3	ok	2	1	0	Linear	Linear	0.008	0.672	0.69	698	7	72.7	0	0.0	10	73.0	0	0.0	70.9	915.8	192.4	193.4	181.7	280.6	
A5-120-depth-120	A5	Q3	df-16919-partial-120-depth-120-rank	256m	original	4	ok	2	1	0	Linear	Linear	0.009	0.696	0.71	731	8	72.7	0	0.0	10	73.0	0	0.0	70.9	915.8	195.8	193.4	182.7	280.6	
A5-120-depth-120	A5	Q3	df-16919-partial-120-depth-120-rank	256m	accept-groups	4	ok	120	0	1	PartiallySorted([0, 1])	PartiallySorted([0, 1])	0.007	0.415	0.43	1108	0	0.0	0	0.0	0	0.0	139	41.9	70.9	98.2	985.2	250.0	0.0	308.5	
A5-120-depth-120	A5	Q3	df-16919-partial-120-depth-120-rank	256m	accept-groups	5	ok	120	0	1	PartiallySorted([0, 1])	PartiallySorted([0, 1])	0.008	0.420	0.44	1054	0	0.0	0	0.0	0	0.0	188	56.4	70.9	99.0	1175.0	250.0	0.0	308.5	
A5-120-depth-120	A5	Q3	df-16919-partial-120-depth-120-rank	256m	original	5	ok	2	1	0	Linear	Linear	0.009	0.648	0.66	725	8	72.7	0	0.0	10	73.0	0	0.0	70.9	915.8	200.7	192.7	181.7	279.6	
A5-120-depth-120	A5	Q3	df-16919-partial-120-depth-120-rank	256m	original	6	ok	2	1	0	Linear	Linear	0.008	0.664	0.68	666	7	72.7	0	0.0	10	73.0	0	0.0	70.9	915.8	189.4	194.1	181.7	280.6	
A5-120-depth-120	A5	Q3	df-16919-partial-120-depth-120-rank	256m	accept-groups	6	ok	120	0	1	PartiallySorted([0, 1])	PartiallySorted([0, 1])	0.008	0.409	0.42	1023	0	0.0	0	0.0	0	0.0	155	50.7	70.9	99.5	1083.4	250.0	0.0	308.5	
A5-120-depth-120	A5	Q3	df-16919-partial-120-depth-120-rank	256m	accept-groups	7	ok	120	0	1	PartiallySorted([0, 1])	PartiallySorted([0, 1])	0.009	0.383	0.40	1028	0	0.0	0	0.0	0	0.0	129	38.4	70.9	99.6	934.6	250.0	0.0	308.5	
A5-120-depth-120	A5	Q3	df-16919-partial-120-depth-120-rank	256m	original	7	ok	2	1	0	Linear	Linear	0.009	0.635	0.65	626	7	72.7	0	0.0	10	73.0	0	0.0	70.9	915.8	199.8	192.7	181.7	279.6	
A5-120-depth-120	A5	Q3	df-16919-partial-120-depth-120-rank	256m	original	8	ok	2	1	0	Linear	Linear	0.008	0.624	0.64	719	8	72.7	0	0.0	10	73.0	0	0.0	70.9	915.8	194.5	192.7	181.7	279.6	
A5-120-depth-120	A5	Q3	df-16919-partial-120-depth-120-rank	256m	accept-groups	8	ok	120	0	1	PartiallySorted([0, 1])	PartiallySorted([0, 1])	0.008	0.414	0.43	1049	0	0.0	0	0.0	0	0.0	173	55.0	70.9	98.9	1153.7	250.0	0.0	308.5	
A5-120-depth-120	A5	Q3	df-16919-partial-120-depth-120-rank	256m	accept-groups	9	ok	120	0	1	PartiallySorted([0, 1])	PartiallySorted([0, 1])	0.010	0.412	0.43	1029	0	0.0	0	0.0	0	0.0	135	39.9	70.9	99.0	958.1	250.0	0.0	308.5	
A5-120-depth-120	A5	Q3	df-16919-partial-120-depth-120-rank	256m	original	9	ok	2	1	0	Linear	Linear	0.009	0.631	0.65	695	7	72.7	0	0.0	10	73.0	0	0.0	70.9	915.8	200.5	193.4	181.7	280.6	
A5-120-depth-120	A5	Q3	df-16919-partial-120-depth-120-rank	256m	original	10	ok	2	1	0	Linear	Linear	0.008	0.647	0.66	687	7	72.7	0	0.0	10	73.0	0	0.0	70.9	915.8	200.9	192.7	181.7	279.6	
A5-120-depth-120	A5	Q3	df-16919-partial-120-depth-120-rank	256m	accept-groups	10	ok	120	0	1	PartiallySorted([0, 1])	PartiallySorted([0, 1])	0.007	0.388	0.40	1062	0	0.0	0	0.0	0	0.0	135	44.4	70.9	98.4	1002.1	250.0	0.0	308.5	
A5-1200-depth-1200	A5	Q3	df-16919-partial-1200-depth-1200-rank	128m	accept-groups	1	ok	1196	0	1	PartiallySorted([0, 1])	PartiallySorted([0, 1])	0.031	0.863	0.92	2153	0	0.0	0	0.0	27	94.0	2	78.3	66.2	103.9	1486.2	193.6	0.0	282.0	
A5-1200-depth-1200	A5	Q3	df-16919-partial-1200-depth-1200-rank	128m	original	1	ok	2	1	0	Linear	Linear	0.031	0.757	0.80	573	16	72.7	0	0.0	22	140.3	0	0.0	66.2	461.8	161.6	191.3	193.6	278.6	
A5-1200-depth-1200	A5	Q3	df-16919-partial-1200-depth-1200-rank	128m	original	2	ok	2	1	0	Linear	Linear	0.030	0.723	0.76	557	15	72.7	0	0.0	22	138.2	0	0.0	66.2	461.8	170.1	191.3	193.6	279.6	
A5-1200-depth-1200	A5	Q3	df-16919-partial-1200-depth-1200-rank	128m	accept-groups	2	ok	1196	0	1	PartiallySorted([0, 1])	PartiallySorted([0, 1])	0.029	0.832	0.88	1736	0	0.0	0	0.0	28	96.9	2	76.9	66.2	104.2	1469.9	196.4	0.0	298.2	
A5-1200-depth-1200	A5	Q3	df-16919-partial-1200-depth-1200-rank	128m	accept-groups	3	ok	1196	0	1	PartiallySorted([0, 1])	PartiallySorted([0, 1])	0.030	0.834	0.89	2221	0	0.0	0	0.0	24	88.0	2	78.5	66.2	103.8	1491.1	189.0	0.0	264.2	
A5-1200-depth-1200	A5	Q3	df-16919-partial-1200-depth-1200-rank	128m	original	3	ok	2	1	0	Linear	Linear	0.031	0.718	0.76	571	16	72.7	0	0.0	22	139.3	0	0.0	66.2	449.7	164.7	191.3	193.6	278.6	
A5-1200-depth-1200	A5	Q3	df-16919-partial-1200-depth-1200-rank	128m	original	4	ok	2	1	0	Linear	Linear	0.029	0.716	0.75	597	15	72.7	0	0.0	22	140.0	0	0.0	66.2	449.7	162.1	192.0	193.6	279.6	
A5-1200-depth-1200	A5	Q3	df-16919-partial-1200-depth-1200-rank	128m	accept-groups	4	ok	1196	0	1	PartiallySorted([0, 1])	PartiallySorted([0, 1])	0.029	0.869	0.92	2186	0	0.0	0	0.0	28	96.9	2	77.7	66.2	103.9	1478.6	196.4	0.0	298.2	
A5-1200-depth-1200	A5	Q3	df-16919-partial-1200-depth-1200-rank	128m	accept-groups	5	ok	1196	0	1	PartiallySorted([0, 1])	PartiallySorted([0, 1])	0.030	0.845	0.90	2137	0	0.0	0	0.0	27	94.0	2	77.8	66.2	103.9	1479.7	193.6	0.0	282.0	
A5-1200-depth-1200	A5	Q3	df-16919-partial-1200-depth-1200-rank	128m	original	5	ok	2	1	0	Linear	Linear	0.033	0.775	0.82	566	15	72.7	0	0.0	22	140.8	0	0.0	66.2	449.7	165.8	191.3	193.6	278.6	
A5-1200-depth-1200	A5	Q3	df-16919-partial-1200-depth-1200-rank	128m	original	6	ok	2	1	0	Linear	Linear	0.033	0.776	0.82	607	15	72.7	0	0.0	22	139.6	0	0.0	66.2	461.8	165.1	192.7	193.6	279.6	
A5-1200-depth-1200	A5	Q3	df-16919-partial-1200-depth-1200-rank	128m	accept-groups	6	ok	1196	0	1	PartiallySorted([0, 1])	PartiallySorted([0, 1])	0.030	0.830	0.87	1425	0	0.0	0	0.0	28	96.9	2	78.3	66.2	103.8	1489.5	196.4	0.0	298.2	
A5-1200-depth-1200	A5	Q3	df-16919-partial-1200-depth-1200-rank	128m	accept-groups	7	ok	1196	0	1	PartiallySorted([0, 1])	PartiallySorted([0, 1])	0.033	0.825	0.88	1706	0	0.0	0	0.0	24	88.0	2	79.1	66.2	104.1	1497.5	189.0	0.0	264.2	
A5-1200-depth-1200	A5	Q3	df-16919-partial-1200-depth-1200-rank	128m	original	7	ok	2	1	0	Linear	Linear	0.030	0.754	0.79	534	15	72.7	0	0.0	22	140.7	0	0.0	66.2	449.7	156.1	190.6	193.6	279.6	
A5-1200-depth-1200	A5	Q3	df-16919-partial-1200-depth-1200-rank	128m	original	8	ok	2	1	0	Linear	Linear	0.030	0.701	0.75	539	16	72.7	0	0.0	22	140.7	0	0.0	66.2	449.7	160.8	190.6	193.6	278.6	
A5-1200-depth-1200	A5	Q3	df-16919-partial-1200-depth-1200-rank	128m	accept-groups	8	ok	1196	0	1	PartiallySorted([0, 1])	PartiallySorted([0, 1])	0.033	0.856	0.92	2165	0	0.0	0	0.0	24	88.0	2	79.1	66.2	103.9	1497.1	189.0	0.0	264.2	
A5-1200-depth-1200	A5	Q3	df-16919-partial-1200-depth-1200-rank	128m	accept-groups	9	ok	1196	0	1	PartiallySorted([0, 1])	PartiallySorted([0, 1])	0.030	0.817	0.87	2134	0	0.0	0	0.0	24	88.0	2	78.8	66.2	103.9	1497.4	189.0	0.0	264.2	
A5-1200-depth-1200	A5	Q3	df-16919-partial-1200-depth-1200-rank	128m	original	9	ok	2	1	0	Linear	Linear	0.033	0.756	0.80	636	16	72.7	0	0.0	22	139.3	0	0.0	66.2	449.7	158.6	192.7	193.6	279.6	
A5-1200-depth-1200	A5	Q3	df-16919-partial-1200-depth-1200-rank	128m	original	10	ok	2	1	0	Linear	Linear	0.032	0.769	0.81	575	15	72.7	0	0.0	22	138.7	0	0.0	66.2	449.7	165.4	190.6	193.6	278.6	
A5-1200-depth-1200	A5	Q3	df-16919-partial-1200-depth-1200-rank	128m	accept-groups	10	ok	1196	0	1	PartiallySorted([0, 1])	PartiallySorted([0, 1])	0.032	0.818	0.87	1676	0	0.0	0	0.0	26	94.0	2	76.8	66.2	103.7	1471.4	193.6	0.0	282.0	
A5-1200-depth-1200	A5	Q3	df-16919-partial-1200-depth-1200-rank	256m	accept-groups	1	ok	1196	0	1	PartiallySorted([0, 1])	PartiallySorted([0, 1])	0.030	0.648	0.70	2157	0	0.0	0	0.0	0	0.0	2	80.0	66.2	106.1	1485.1	249.3	0.0	308.5	
A5-1200-depth-1200	A5	Q3	df-16919-partial-1200-depth-1200-rank	256m	original	1	ok	2	1	0	Linear	Linear	0.032	0.728	0.77	615	8	72.7	0	0.0	10	73.0	0	0.0	66.2	834.5	191.5	194.1	181.7	280.6	
A5-1200-depth-1200	A5	Q3	df-16919-partial-1200-depth-1200-rank	256m	original	2	ok	2	1	0	Linear	Linear	0.031	0.732	0.77	628	7	72.7	0	0.0	10	73.0	0	0.0	66.2	834.5	191.5	194.1	181.7	280.6	
A5-1200-depth-1200	A5	Q3	df-16919-partial-1200-depth-1200-rank	256m	accept-groups	2	ok	1196	0	1	PartiallySorted([0, 1])	PartiallySorted([0, 1])	0.031	0.644	0.70	2080	0	0.0	0	0.0	0	0.0	2	78.9	66.2	106.4	1470.3	249.3	0.0	308.5	
A5-1200-depth-1200	A5	Q3	df-16919-partial-1200-depth-1200-rank	256m	accept-groups	3	ok	1196	0	1	PartiallySorted([0, 1])	PartiallySorted([0, 1])	0.030	0.661	0.72	2174	0	0.0	0	0.0	0	0.0	2	80.3	66.2	106.7	1490.5	249.3	0.0	308.5	
A5-1200-depth-1200	A5	Q3	df-16919-partial-1200-depth-1200-rank	256m	original	3	ok	2	1	0	Linear	Linear	0.034	0.733	0.78	666	8	72.7	0	0.0	10	73.0	0	0.0	66.2	834.5	189.8	193.4	181.7	280.6	
A5-1200-depth-1200	A5	Q3	df-16919-partial-1200-depth-1200-rank	256m	original	4	ok	2	1	0	Linear	Linear	0.031	0.708	0.75	671	8	72.7	0	0.0	10	73.0	0	0.0	66.2	834.5	188.3	192.7	181.7	280.6	
A5-1200-depth-1200	A5	Q3	df-16919-partial-1200-depth-1200-rank	256m	accept-groups	4	ok	1196	0	1	PartiallySorted([0, 1])	PartiallySorted([0, 1])	0.030	0.651	0.70	1904	0	0.0	0	0.0	0	0.0	2	78.6	66.2	106.9	1468.3	249.3	0.0	308.5	
A5-1200-depth-1200	A5	Q3	df-16919-partial-1200-depth-1200-rank	256m	accept-groups	5	ok	1196	0	1	PartiallySorted([0, 1])	PartiallySorted([0, 1])	0.031	0.631	0.68	1765	0	0.0	0	0.0	0	0.0	2	79.2	66.2	106.6	1481.5	249.3	0.0	308.5	
A5-1200-depth-1200	A5	Q3	df-16919-partial-1200-depth-1200-rank	256m	original	5	ok	2	1	0	Linear	Linear	0.030	0.722	0.76	678	8	72.7	0	0.0	10	73.0	0	0.0	66.2	834.5	189.8	192.7	181.7	280.6	
A5-1200-depth-1200	A5	Q3	df-16919-partial-1200-depth-1200-rank	256m	original	6	ok	2	1	0	Linear	Linear	0.032	0.771	0.81	673	7	72.7	0	0.0	10	73.0	0	0.0	66.2	834.5	189.7	193.4	181.7	280.6	
A5-1200-depth-1200	A5	Q3	df-16919-partial-1200-depth-1200-rank	256m	accept-groups	6	ok	1196	0	1	PartiallySorted([0, 1])	PartiallySorted([0, 1])	0.033	0.653	0.71	1924	0	0.0	0	0.0	0	0.0	2	78.7	66.2	106.9	1473.6	249.3	0.0	308.5	
A5-1200-depth-1200	A5	Q3	df-16919-partial-1200-depth-1200-rank	256m	accept-groups	7	ok	1196	0	1	PartiallySorted([0, 1])	PartiallySorted([0, 1])	0.035	0.638	0.70	2090	0	0.0	0	0.0	0	0.0	2	78.6	66.2	107.2	1467.9	249.3	0.0	308.5	
A5-1200-depth-1200	A5	Q3	df-16919-partial-1200-depth-1200-rank	256m	original	7	ok	2	1	0	Linear	Linear	0.033	0.730	0.77	688	8	72.7	0	0.0	10	73.0	0	0.0	66.2	834.5	189.8	192.7	181.7	280.6	
A5-1200-depth-1200	A5	Q3	df-16919-partial-1200-depth-1200-rank	256m	original	8	ok	2	1	0	Linear	Linear	0.034	0.757	0.80	629	7	72.7	0	0.0	10	73.0	0	0.0	66.2	834.5	188.9	194.1	181.7	280.6	
A5-1200-depth-1200	A5	Q3	df-16919-partial-1200-depth-1200-rank	256m	accept-groups	8	ok	1196	0	1	PartiallySorted([0, 1])	PartiallySorted([0, 1])	0.029	0.634	0.68	1764	0	0.0	0	0.0	0	0.0	2	79.4	66.2	106.0	1475.4	249.3	0.0	308.5	
A5-1200-depth-1200	A5	Q3	df-16919-partial-1200-depth-1200-rank	256m	accept-groups	9	ok	1196	0	1	PartiallySorted([0, 1])	PartiallySorted([0, 1])	0.031	0.682	0.74	2169	0	0.0	0	0.0	0	0.0	2	79.0	66.2	106.8	1472.9	249.3	0.0	308.5	
A5-1200-depth-1200	A5	Q3	df-16919-partial-1200-depth-1200-rank	256m	original	9	ok	2	1	0	Linear	Linear	0.030	0.733	0.77	660	8	72.7	0	0.0	10	73.0	0	0.0	66.2	834.5	191.5	194.1	181.7	280.6	
A5-1200-depth-1200	A5	Q3	df-16919-partial-1200-depth-1200-rank	256m	original	10	ok	2	1	0	Linear	Linear	0.030	0.722	0.76	645	8	72.7	0	0.0	10	73.0	0	0.0	66.2	834.5	188.9	194.1	181.7	280.6	
A5-1200-depth-1200	A5	Q3	df-16919-partial-1200-depth-1200-rank	256m	accept-groups	10	ok	1196	0	1	PartiallySorted([0, 1])	PartiallySorted([0, 1])	0.030	0.660	0.71	1994	0	0.0	0	0.0	0	0.0	2	81.5	66.2	107.2	1503.8	249.3	0.0	308.5	
A5-1200-depth-1200	A5	Q3	df-16919-partial-1200-depth-1200-rank	512m	accept-groups	1	ok	1196	0	1	PartiallySorted([0, 1])	PartiallySorted([0, 1])	0.030	0.646	0.69	1465	0	0.0	0	0.0	0	0.0	2	74.1	66.2	109.1	1396.5	249.3	0.0	308.5	
A5-1200-depth-1200	A5	Q3	df-16919-partial-1200-depth-1200-rank	512m	original	1	ok	2	1	0	Linear	Linear	0.033	0.746	0.79	662	4	72.7	0	0.0	6	73.0	0	0.0	66.2	500.5	132.7	196.1	153.9	280.6	
A5-1200-depth-1200	A5	Q3	df-16919-partial-1200-depth-1200-rank	512m	original	2	ok	2	1	0	Linear	Linear	0.030	0.711	0.75	683	4	72.7	0	0.0	6	73.0	0	0.0	66.2	500.5	134.7	194.8	153.9	280.6	
A5-1200-depth-1200	A5	Q3	df-16919-partial-1200-depth-1200-rank	512m	accept-groups	2	ok	1196	0	1	PartiallySorted([0, 1])	PartiallySorted([0, 1])	0.030	0.685	0.74	2181	0	0.0	0	0.0	0	0.0	2	79.9	66.2	109.2	1480.7	249.3	0.0	308.5	
A5-1200-depth-1200	A5	Q3	df-16919-partial-1200-depth-1200-rank	512m	accept-groups	3	ok	1196	0	1	PartiallySorted([0, 1])	PartiallySorted([0, 1])	0.029	0.672	0.73	2133	0	0.0	0	0.0	0	0.0	2	75.5	66.2	109.1	1417.7	249.3	0.0	308.5	
A5-1200-depth-1200	A5	Q3	df-16919-partial-1200-depth-1200-rank	512m	original	3	ok	2	1	0	Linear	Linear	0.032	0.732	0.77	654	4	72.7	0	0.0	6	73.0	0	0.0	66.2	500.5	133.7	195.5	153.9	280.6	
A5-1200-depth-1200	A5	Q3	df-16919-partial-1200-depth-1200-rank	512m	original	4	ok	2	1	0	Linear	Linear	0.030	0.694	0.73	677	4	72.7	0	0.0	6	73.0	0	0.0	66.2	500.5	128.8	196.1	153.9	280.6	
A5-1200-depth-1200	A5	Q3	df-16919-partial-1200-depth-1200-rank	512m	accept-groups	4	ok	1196	0	1	PartiallySorted([0, 1])	PartiallySorted([0, 1])	0.029	0.643	0.70	2140	0	0.0	0	0.0	0	0.0	2	78.4	66.2	108.9	1452.7	249.3	0.0	308.5	
A5-1200-depth-1200	A5	Q3	df-16919-partial-1200-depth-1200-rank	512m	accept-groups	5	ok	1196	0	1	PartiallySorted([0, 1])	PartiallySorted([0, 1])	0.030	0.686	0.74	2204	0	0.0	0	0.0	0	0.0	2	82.3	66.2	109.3	1505.4	249.3	0.0	308.5	
A5-1200-depth-1200	A5	Q3	df-16919-partial-1200-depth-1200-rank	512m	original	5	ok	2	1	0	Linear	Linear	0.031	0.702	0.74	664	4	72.7	0	0.0	6	73.0	0	0.0	66.2	500.5	126.2	195.5	153.9	280.6	
A5-1200-depth-1200	A5	Q3	df-16919-partial-1200-depth-1200-rank	512m	original	6	ok	2	1	0	Linear	Linear	0.031	0.727	0.77	649	4	72.7	0	0.0	6	73.0	0	0.0	66.2	500.5	135.8	195.5	153.9	280.6	
A5-1200-depth-1200	A5	Q3	df-16919-partial-1200-depth-1200-rank	512m	accept-groups	6	ok	1196	0	1	PartiallySorted([0, 1])	PartiallySorted([0, 1])	0.033	0.652	0.71	1804	0	0.0	0	0.0	0	0.0	2	77.1	66.2	109.3	1437.7	249.3	0.0	308.5	
A5-1200-depth-1200	A5	Q3	df-16919-partial-1200-depth-1200-rank	512m	accept-groups	7	ok	1196	0	1	PartiallySorted([0, 1])	PartiallySorted([0, 1])	0.030	0.696	0.75	2174	0	0.0	0	0.0	0	0.0	2	80.3	66.2	108.9	1483.8	249.3	0.0	308.5	
A5-1200-depth-1200	A5	Q3	df-16919-partial-1200-depth-1200-rank	512m	original	7	ok	2	1	0	Linear	Linear	0.033	0.679	0.72	665	4	72.7	0	0.0	6	73.0	0	0.0	66.2	500.5	126.8	194.8	153.9	280.6	
A5-1200-depth-1200	A5	Q3	df-16919-partial-1200-depth-1200-rank	512m	original	8	ok	2	1	0	Linear	Linear	0.030	0.677	0.71	647	4	72.7	0	0.0	6	73.0	0	0.0	66.2	500.5	128.1	195.5	153.9	280.6	
A5-1200-depth-1200	A5	Q3	df-16919-partial-1200-depth-1200-rank	512m	accept-groups	8	ok	1196	0	1	PartiallySorted([0, 1])	PartiallySorted([0, 1])	0.029	0.661	0.71	2018	0	0.0	0	0.0	0	0.0	2	76.6	66.2	109.0	1431.7	249.3	0.0	308.5	
A5-1200-depth-1200	A5	Q3	df-16919-partial-1200-depth-1200-rank	512m	accept-groups	9	ok	1196	0	1	PartiallySorted([0, 1])	PartiallySorted([0, 1])	0.031	0.692	0.75	2118	0	0.0	0	0.0	0	0.0	2	77.2	66.2	109.1	1437.4	249.3	0.0	308.5	
A5-1200-depth-1200	A5	Q3	df-16919-partial-1200-depth-1200-rank	512m	original	9	ok	2	1	0	Linear	Linear	0.034	0.711	0.75	715	4	72.7	0	0.0	6	73.0	0	0.0	66.2	500.5	131.4	194.8	153.9	280.6	
A5-1200-depth-1200	A5	Q3	df-16919-partial-1200-depth-1200-rank	512m	original	10	ok	2	1	0	Linear	Linear	0.034	0.751	0.79	678	4	72.7	0	0.0	6	73.0	0	0.0	66.2	500.5	136.7	194.1	153.9	280.6	
A5-1200-depth-1200	A5	Q3	df-16919-partial-1200-depth-1200-rank	512m	accept-groups	10	ok	1196	0	1	PartiallySorted([0, 1])	PartiallySorted([0, 1])	0.034	0.717	0.77	2083	0	0.0	0	0.0	0	0.0	2	78.0	66.2	109.2	1448.3	249.3	0.0	308.5	
A6-dup-0.5	A6	Q3	df-16919-partial-12-depth-4-dup0.5	256m	accept-groups	1	ok	4	0	1	PartiallySorted([0, 1])	PartiallySorted([0, 1])	0.002	0.188	0.19	334	0	0.0	0	0.0	0	0.0	0	0.0	68.4	135.0	336.3	113.9	0.0	178.9	
A6-dup-0.5	A6	Q3	df-16919-partial-12-depth-4-dup0.5	256m	original-target	1	ok	4	0	1	PartiallySorted([0, 1])	PartiallySorted([0, 1])	0.002	0.180	0.18	405	0	0.0	0	0.0	0	0.0	0	0.0	68.4	135.0	464.0	87.9	0.0	149.0	
A6-dup-0.5	A6	Q3	df-16919-partial-12-depth-4-dup0.5	256m	original	1	ok	2	1	0	Linear	Linear	0.002	0.392	0.40	464	4	36.4	0	0.0	6	46.1	0	0.0	68.4	602.3	115.9	103.2	78.1	138.8	
A6-dup-0.5	A6	Q3	df-16919-partial-12-depth-4-dup0.5	256m	original-target	2	ok	4	0	1	PartiallySorted([0, 1])	PartiallySorted([0, 1])	0.002	0.195	0.20	395	0	0.0	0	0.0	0	0.0	0	0.0	68.4	135.0	464.0	87.9	0.0	149.0	
A6-dup-0.5	A6	Q3	df-16919-partial-12-depth-4-dup0.5	256m	original	2	ok	2	1	0	Linear	Linear	0.002	0.398	0.40	458	4	36.4	0	0.0	6	45.7	0	0.0	68.4	602.3	116.7	98.7	78.2	138.8	
A6-dup-0.5	A6	Q3	df-16919-partial-12-depth-4-dup0.5	256m	accept-groups	2	ok	4	0	1	PartiallySorted([0, 1])	PartiallySorted([0, 1])	0.002	0.190	0.19	371	0	0.0	0	0.0	0	0.0	0	0.0	68.4	135.0	336.3	113.9	0.0	178.9	
A6-dup-0.5	A6	Q3	df-16919-partial-12-depth-4-dup0.5	256m	original	3	ok	2	1	0	Linear	Linear	0.002	0.425	0.43	488	4	36.4	0	0.0	6	46.2	0	0.0	68.4	602.3	114.1	100.8	78.2	138.8	
A6-dup-0.5	A6	Q3	df-16919-partial-12-depth-4-dup0.5	256m	accept-groups	3	ok	4	0	1	PartiallySorted([0, 1])	PartiallySorted([0, 1])	0.002	0.198	0.20	351	0	0.0	0	0.0	0	0.0	0	0.0	68.4	135.0	336.3	113.9	0.0	178.9	
A6-dup-0.5	A6	Q3	df-16919-partial-12-depth-4-dup0.5	256m	original-target	3	ok	4	0	1	PartiallySorted([0, 1])	PartiallySorted([0, 1])	0.002	0.174	0.18	384	0	0.0	0	0.0	0	0.0	0	0.0	68.4	135.0	464.0	87.9	0.0	149.0	
A6-dup-0.5	A6	Q3	df-16919-partial-12-depth-4-dup0.5	256m	accept-groups	4	ok	4	0	1	PartiallySorted([0, 1])	PartiallySorted([0, 1])	0.002	0.196	0.20	384	0	0.0	0	0.0	0	0.0	0	0.0	68.4	135.0	336.3	113.9	0.0	178.9	
A6-dup-0.5	A6	Q3	df-16919-partial-12-depth-4-dup0.5	256m	original-target	4	ok	4	0	1	PartiallySorted([0, 1])	PartiallySorted([0, 1])	0.002	0.187	0.19	416	0	0.0	0	0.0	0	0.0	0	0.0	68.4	135.0	464.0	87.9	0.0	149.0	
A6-dup-0.5	A6	Q3	df-16919-partial-12-depth-4-dup0.5	256m	original	4	ok	2	1	0	Linear	Linear	0.002	0.412	0.42	536	4	36.4	0	0.0	6	46.2	0	0.0	68.4	602.3	117.6	100.8	78.2	138.8	
A6-dup-0.5	A6	Q3	df-16919-partial-12-depth-4-dup0.5	256m	original-target	5	ok	4	0	1	PartiallySorted([0, 1])	PartiallySorted([0, 1])	0.002	0.170	0.18	386	0	0.0	0	0.0	0	0.0	0	0.0	68.4	135.0	464.0	87.9	0.0	149.0	
A6-dup-0.5	A6	Q3	df-16919-partial-12-depth-4-dup0.5	256m	original	5	ok	2	1	0	Linear	Linear	0.002	0.378	0.38	494	4	36.4	0	0.0	6	45.7	0	0.0	68.4	602.3	115.2	98.7	78.2	138.8	
A6-dup-0.5	A6	Q3	df-16919-partial-12-depth-4-dup0.5	256m	accept-groups	5	ok	4	0	1	PartiallySorted([0, 1])	PartiallySorted([0, 1])	0.002	0.188	0.19	384	0	0.0	0	0.0	0	0.0	0	0.0	68.4	135.0	336.3	113.9	0.0	178.9	
A6-dup-0.5	A6	Q3	df-16919-partial-12-depth-4-dup0.5	256m	original	6	ok	2	1	0	Linear	Linear	0.002	0.382	0.39	507	4	36.4	0	0.0	6	46.3	0	0.0	68.4	602.3	115.9	102.9	78.3	139.1	
A6-dup-0.5	A6	Q3	df-16919-partial-12-depth-4-dup0.5	256m	accept-groups	6	ok	4	0	1	PartiallySorted([0, 1])	PartiallySorted([0, 1])	0.002	0.189	0.19	353	0	0.0	0	0.0	0	0.0	0	0.0	68.4	135.0	336.3	113.9	0.0	178.9	
A6-dup-0.5	A6	Q3	df-16919-partial-12-depth-4-dup0.5	256m	original-target	6	ok	4	0	1	PartiallySorted([0, 1])	PartiallySorted([0, 1])	0.002	0.179	0.19	425	0	0.0	0	0.0	0	0.0	0	0.0	68.4	135.0	464.0	87.9	0.0	149.0	
A6-dup-0.5	A6	Q3	df-16919-partial-12-depth-4-dup0.5	256m	accept-groups	7	ok	4	0	1	PartiallySorted([0, 1])	PartiallySorted([0, 1])	0.002	0.196	0.20	352	0	0.0	0	0.0	0	0.0	0	0.0	68.4	135.0	336.3	113.9	0.0	178.9	
A6-dup-0.5	A6	Q3	df-16919-partial-12-depth-4-dup0.5	256m	original-target	7	ok	4	0	1	PartiallySorted([0, 1])	PartiallySorted([0, 1])	0.003	0.200	0.21	395	0	0.0	0	0.0	0	0.0	0	0.0	68.4	135.0	464.0	87.9	0.0	149.0	
A6-dup-0.5	A6	Q3	df-16919-partial-12-depth-4-dup0.5	256m	original	7	ok	2	1	0	Linear	Linear	0.002	0.397	0.40	512	4	36.4	0	0.0	6	44.6	0	0.0	68.4	614.5	114.7	100.9	78.2	138.9	
A6-dup-0.5	A6	Q3	df-16919-partial-12-depth-4-dup0.5	256m	original-target	8	ok	4	0	1	PartiallySorted([0, 1])	PartiallySorted([0, 1])	0.002	0.188	0.19	388	0	0.0	0	0.0	0	0.0	0	0.0	68.4	135.0	464.0	87.9	0.0	149.0	
A6-dup-0.5	A6	Q3	df-16919-partial-12-depth-4-dup0.5	256m	original	8	ok	2	1	0	Linear	Linear	0.002	0.408	0.41	505	4	36.4	0	0.0	6	45.8	0	0.0	68.4	602.3	115.1	98.6	78.2	139.0	
A6-dup-0.5	A6	Q3	df-16919-partial-12-depth-4-dup0.5	256m	accept-groups	8	ok	4	0	1	PartiallySorted([0, 1])	PartiallySorted([0, 1])	0.002	0.214	0.22	369	0	0.0	0	0.0	0	0.0	0	0.0	68.4	135.0	336.3	113.9	0.0	178.9	
A6-dup-0.5	A6	Q3	df-16919-partial-12-depth-4-dup0.5	256m	original	9	ok	2	1	0	Linear	Linear	0.002	0.420	0.43	528	4	36.4	0	0.0	6	46.6	0	0.0	68.4	602.3	115.7	103.1	78.3	139.1	
A6-dup-0.5	A6	Q3	df-16919-partial-12-depth-4-dup0.5	256m	accept-groups	9	ok	4	0	1	PartiallySorted([0, 1])	PartiallySorted([0, 1])	0.002	0.190	0.20	345	0	0.0	0	0.0	0	0.0	0	0.0	68.4	135.0	336.3	113.9	0.0	178.9	
A6-dup-0.5	A6	Q3	df-16919-partial-12-depth-4-dup0.5	256m	original-target	9	ok	4	0	1	PartiallySorted([0, 1])	PartiallySorted([0, 1])	0.002	0.183	0.19	367	0	0.0	0	0.0	0	0.0	0	0.0	68.4	135.0	464.0	87.9	0.0	149.0	
A6-dup-0.5	A6	Q3	df-16919-partial-12-depth-4-dup0.5	256m	accept-groups	10	ok	4	0	1	PartiallySorted([0, 1])	PartiallySorted([0, 1])	0.002	0.200	0.21	322	0	0.0	0	0.0	0	0.0	0	0.0	68.4	135.0	336.3	113.9	0.0	178.9	
A6-dup-0.5	A6	Q3	df-16919-partial-12-depth-4-dup0.5	256m	original-target	10	ok	4	0	1	PartiallySorted([0, 1])	PartiallySorted([0, 1])	0.002	0.191	0.20	399	0	0.0	0	0.0	0	0.0	0	0.0	68.4	135.0	464.0	87.9	0.0	149.0	
A6-dup-0.5	A6	Q3	df-16919-partial-12-depth-4-dup0.5	256m	original	10	ok	2	1	0	Linear	Linear	0.002	0.416	0.42	446	4	36.4	0	0.0	7	45.5	0	0.0	68.4	602.3	116.6	100.5	78.0	138.4	
